Regime,N_days,Err_Model,Err_Roll,Win%_Err,Sharpe_Model,Sharpe_Roll,Win%_Sharpe,Var_Model,Var_Roll,Win%_Var,Turnover_Model,Turnover_Roll,Win%_Turnover
0,196,0.02196804898514143,0.022310317430357152,52.04081632653062,0.9298984524339228,0.7280909632027783,57.009345794392516,0.00011168032472448859,9.507620952003829e-05,55.140186915887845,0.5390546559230622,0.21429085466661513,6.122448979591836
1,178,0.029189149137185913,0.02973824642344919,50.0,1.3201004772457585,1.4590520161525247,40.69767441860465,7.991494593713698e-05,7.130889556507467e-05,47.674418604651166,0.6046918425153416,0.25342783540341923,7.303370786516854
2,134,0.028156744444427135,0.028146596466799793,49.25373134328358,2.603327536206825,1.995212529396579,50.0,0.00012775934748943612,0.00010885611375104187,42.5531914893617,0.6210045984586487,0.25030317995961243,9.701492537313433
3,154,0.03438681268759672,0.03559033962997183,51.94805194805194,0.9397693976285106,-0.10560931796183963,52.4390243902439,8.376460363467037e-05,7.130814725607305e-05,41.46341463414634,0.6749639810915025,0.2711459456061815,9.803921568627452
