Regime,N_days,Err_Model,Err_Roll,Win%,Sharpe_Model,Sharpe_Roll
0,190,0.025410102656186484,0.027749781112919782,63.1578947368421,1.1651542818544192,1.0118880277324973
1,186,0.023901168281551657,0.026809037254115757,67.74193548387096,0.585765246437467,0.48227895438911894
2,136,0.029249957665382395,0.030740361817918314,75.0,1.860526635672657,1.8068474007661468
3,150,0.027112174397830202,0.02986105174222409,65.33333333333333,1.0774613633945362,0.9908372678121783
