Regime,N_days,Err_Model,Err_Roll,Win%,Sharpe_Model,Sharpe_Roll
0,181,0.024412253170134686,0.026880667555678413,64.64088397790056,0.9635888786597612,0.7100555285048856
1,197,0.0275584820659645,0.02956074024396967,68.02030456852792,-0.47698857774948866,-1.0861846616519613
2,135,0.02744422406326782,0.027990168185086223,58.51851851851851,2.2932463300268444,2.145757160838724
3,149,0.026367484354502216,0.029874140595062656,69.79865771812081,1.5366135508689058,1.4196780492540424
