date,raw_anchor,method,split,embedder,pca_k,k_neighbors,aggregation,eta,raw_frob,raw_logeuc,raw_corr_frob,cond_stein,cond_kl,nll,gmvp_var,var_regret,pred_var,leverage_l1,max_abs_w,hhi
2013-01-04,1390,D2_pca8_hmm3,select,pca_only,8,20,log_euclidean,0.01,0.00013331101543334676,2130.1328682270578,6116.5353683744925,82883.025657852,41441.51282892602,40641.77003243843,2.3614777541319e-05,2.361234935645658e-05,2.4479778777615616e-08,2.3525545070121274,0.10595190470759186,0.09973740562010375
2013-01-04,1390,rolling,select,pca_only,8,20,log_euclidean,0.01,157.60244604751983,5141.846753289603,1017.0580494276583,424.94969457723914,212.47484728862995,-223.65577949410832,3.093981002637384e-05,3.093738184151142e-05,5.463334462268999e-05,1.2580308614710567,0.04337219450684788,0.02373513798693967
2013-01-04,1390,ledoit_wolf,select,pca_only,8,20,log_euclidean,0.01,41.21827647607785,20228.095893001497,784.2306215019028,779.8513085165956,389.9256542582976,-46.08270867197727,2.680553932123459e-05,2.6803111136372167e-05,0.0006675368815607304,1.0005829277280731,0.011419811548814142,0.010423155178882901
2013-01-04,1390,persistence,select,pca_only,8,20,log_euclidean,0.01,1048.185659849201,3866.664012765962,1499.1978287147608,503.6512443356801,251.8256221678493,-184.20554311627532,2.7722124097121966e-05,2.7719695912259544e-05,7.461318299805089e-05,1.0243382934924339,0.024342740715824377,0.013311026691960676
2013-01-11,1395,D2_pca8_hmm3,select,pca_only,8,20,log_euclidean,0.01,0.0001862576931285034,2541.2623202259997,5338.393056373996,19110.01930711139,9555.009653555691,8933.027582789995,3.289962807557142e-05,3.289732476445705e-05,9.337879324622218e-08,2.3376305097573398,0.08970741489606333,0.08624658984740168
2013-01-11,1395,rolling,select,pca_only,8,20,log_euclidean,0.01,157.60231720932418,5102.6128638146065,961.9062294295677,420.8023367399926,210.4011683700062,-223.03731983223943,3.194281749105047e-05,3.19405141799361e-05,5.127742966219435e-05,1.1978997276422187,0.040718287806856976,0.021807412866107913
2013-01-11,1395,ledoit_wolf,select,pca_only,8,20,log_euclidean,0.01,41.21677724370422,20218.648835403492,787.3241344300695,774.5103491408723,387.2551745704361,-46.09071676632353,3.0210895603658903e-05,3.0208592292544528e-05,0.0006630443560621216,1.0005906033554604,0.011463977852844823,0.010422049549035955
2013-01-11,1395,persistence,select,pca_only,8,20,log_euclidean,0.01,1048.1853082253238,3845.797508640663,1433.758737476338,498.82354472033705,249.4117723601736,-183.94040040422254,2.827326150955352e-05,2.8270958198439144e-05,7.791992365380306e-05,1.0250580058726726,0.0240404240427188,0.013353680131857098
2013-01-18,1400,D2_pca8_hmm3,select,pca_only,8,20,log_euclidean,0.01,0.0012877372590476654,2555.0643330453972,6955.302395404897,8612.368651401128,4306.18432570056,3854.0081757723333,4.2150197930451496e-05,4.2148087193886345e-05,3.0080271720084607e-07,2.126294062247152,0.08136082074881922,0.0717657980519483
2013-01-18,1400,rolling,select,pca_only,8,20,log_euclidean,0.01,157.60167732495023,5010.874010994139,950.7702562722116,411.410290615851,205.70514530793594,-221.0732587584379,3.5604454185053824e-05,3.560234344848867e-05,5.0132675281143375e-05,1.1856797920084718,0.03982968664469581,0.021394458719708232
2013-01-18,1400,ledoit_wolf,select,pca_only,8,20,log_euclidean,0.01,41.21567762092627,20203.38636794321,728.6212014316598,761.2692049617451,380.63460248087256,-46.09896486970386,2.9449617431480945e-05,2.9447506694915793e-05,0.0006600983046674846,1.0005928149768324,0.011027743005491362,0.01041996040351245
2013-01-18,1400,persistence,select,pca_only,8,20,log_euclidean,0.01,1048.18176798803,3844.967562214905,1332.526925408517,487.07584278802835,243.53792139401193,-183.2053531501012,2.6377520748781453e-05,2.63754100122163e-05,6.540213665879078e-05,1.0208178089365034,0.02184805895571465,0.01251413976603523
2013-01-28,1405,D2_pca8_hmm3,select,pca_only,8,20,log_euclidean,0.01,0.00014234471358497342,2160.658523826236,4668.628106170307,65129.06653992176,32564.53326996087,31520.491666140275,3.604742618255712e-05,3.6045948185272084e-05,3.481090492002681e-08,2.3936427930153052,0.10632057637175471,0.09885237934478618
2013-01-28,1405,rolling,select,pca_only,8,20,log_euclidean,0.01,157.59890923645912,5088.667670423963,769.2229758764495,417.0628622276877,208.53143111386294,-223.6448733316919,4.9142178391898135e-05,4.9140700394613096e-05,4.327835953067725e-05,1.075868955900093,0.034379699637651,0.016882769086708816
2013-01-28,1405,ledoit_wolf,select,pca_only,8,20,log_euclidean,0.01,41.21319706509922,20217.201659419232,1392.686845394349,771.6193097910003,385.8096548955004,-46.12593243336029,6.974625166139109e-05,6.974477366410605e-05,0.0006516155816327666,1.0003726184087687,0.010884342324527506,0.010418204720972338
2013-01-28,1405,persistence,select,pca_only,8,20,log_euclidean,0.01,0.0002087916489894542,3372.8068753128355,841.2118312208547,6039.270298538727,3019.635149269361,2494.96102963928,4.8660254304421425e-05,4.8658776307136386e-05,4.097595108459827e-07,2.937049196778385,0.1270820638785524,0.12601033113734186
2013-02-04,1410,D2_pca8_hmm3,select,pca_only,8,20,log_euclidean,0.01,0.00014812218904549905,2252.753656236146,4320.570497065966,11476.986252328868,5738.4931261644315,5246.844587653616,2.1235833926533326e-05,2.1234258170901067e-05,1.8796479125439312e-07,2.4853936110281554,0.11356324292146786,0.10334633324628278
2013-02-04,1410,rolling,select,pca_only,8,20,log_euclidean,0.01,157.59637673692367,5064.753794490138,963.8659712918907,427.7263396993252,213.8631698496975,-225.17715353777248,5.929120339293988e-05,5.928962763730762e-05,3.625727887592423e-05,1.049779049691135,0.028803657242069753,0.015235249125784694
2013-02-04,1410,ledoit_wolf,select,pca_only,8,20,log_euclidean,0.01,41.212608495812106,20242.085255533388,1655.2560702108412,785.7272305088063,392.8636152544031,-46.16264217715043,7.394422733510061e-05,7.394265157946835e-05,0.0006466132706656857,1.0003167265223734,0.010812391231192367,0.010417761951273693
2013-02-04,1410,persistence,select,pca_only,8,20,log_euclidean,0.01,0.00019609825378089253,3442.5579457331196,1247.9561536553745,4859.755969281048,2429.8779846405077,1960.521467955147,3.118898588259335e-05,3.118741012696109e-05,2.149888371735378e-07,2.0429659667139526,0.07531663127664735,0.06655513204330556
2013-02-11,1415,D2_pca8_hmm3,select,pca_only,8,20,log_euclidean,0.01,8.33093045460014e-05,2168.5736810468657,4388.681998333308,15749.715749654099,7874.8578748270465,7352.883718346653,1.80311294401634e-05,1.8029437465946006e-05,9.528181451079014e-08,2.2198449936185045,0.08853062929136254,0.08393861031315336
2013-02-11,1415,rolling,select,pca_only,8,20,log_euclidean,0.01,157.5970560744288,5065.086157784813,829.166724026127,436.7291986773191,218.36459933867383,-226.38608825075488,5.2455875874595845e-05,5.245418390037845e-05,3.97693573788573e-05,1.076517933196734,0.03159350174800831,0.016048675395995016
2013-02-11,1415,ledoit_wolf,select,pca_only,8,20,log_euclidean,0.01,41.21327597893091,20261.157710275773,1551.399444774628,797.0367961556491,398.51839807782454,-46.18989921536261,6.630334498634211e-05,6.630165301212472e-05,0.0006491527029643117,1.0003873530086316,0.010843628486794323,0.010417850407962493
2013-02-11,1415,persistence,select,pca_only,8,20,log_euclidean,0.01,0.0001864375393971171,3411.2056557435653,1138.1174663187694,3946.2017266548232,1973.100863327405,1491.432886472975,2.795248510071108e-05,2.7950793126493685e-05,2.1130276069298386e-07,2.0695136917450605,0.062405169051307774,0.06191098376895438
2013-02-19,1420,D2_pca8_hmm3,select,pca_only,8,20,log_euclidean,0.01,2.7497541908568628e-05,1852.855113439502,4036.072857629012,16759.997336003315,8379.998668001654,7949.08531975721,1.9331490255389408e-05,1.9330315502383103e-05,6.63245888343447e-08,2.2435086614343325,0.10205130390303756,0.09402243994043985
2013-02-19,1420,rolling,select,pca_only,8,20,log_euclidean,0.01,157.59654057684457,5062.4899977758705,950.0971080267134,455.1614892233629,227.58074461171225,-228.37044277713625,5.682441351286101e-05,5.68232387598547e-05,3.727008903870698e-05,1.086524211494713,0.029606946593399505,0.016138335993889058
2013-02-19,1420,ledoit_wolf,select,pca_only,8,20,log_euclidean,0.01,41.213754275010785,20285.890473102983,1839.3955191617802,819.4877055976999,409.74385279885064,-46.23365686580068,7.10257702977962e-05,7.102459554478989e-05,0.0006480143050636915,1.0003903693118343,0.010824194362375479,0.010417976913685446
2013-02-19,1420,persistence,select,pca_only,8,20,log_euclidean,0.01,0.00022408043168861398,3458.6656797863266,1330.6731441276067,2856.2689364657567,1428.1344682328777,972.6609391839868,3.635649957342869e-05,3.6355324820422384e-05,2.1507362142530846e-07,1.9170871052916876,0.05637860202044511,0.05470051463978073
2013-02-26,1425,D2_pca8_hmm3,select,pca_only,8,20,log_euclidean,0.01,0.0005145735385007706,1958.0147104989753,5995.345544568699,4452.30626453273,2226.1531322663686,1726.6642259491168,1.5656378691488355e-05,1.565573925202509e-05,2.6917525402297473e-07,2.344323523661126,0.10368741537372354,0.09469452595790129
2013-02-26,1425,rolling,select,pca_only,8,20,log_euclidean,0.01,157.5961686867197,5009.960796335543,791.1368004705258,473.0639128268426,236.53195641342987,-229.11919298015655,2.3738813140376655e-05,2.373817370091339e-05,4.738253034399343e-05,1.1818960342339773,0.03763503560767174,0.02052351950283864
2013-02-26,1425,ledoit_wolf,select,pca_only,8,20,log_euclidean,0.01,41.21502882023127,20287.75209662308,1126.9151376788225,838.8366000191163,419.4183000095576,-46.25464275014004,3.212975888492901e-05,3.212911944546574e-05,0.0006576390294362614,1.000308211938651,0.010983584891136019,0.010419426724837543
2013-02-26,1425,persistence,select,pca_only,8,20,log_euclidean,0.01,0.00014628556967761708,3468.108785283682,943.374518905907,2998.498812129671,1499.2494060648314,1023.3303597353873,2.7430368087024754e-05,2.742972864756149e-05,2.3089387657848626e-07,2.04762694925899,0.06578935055439863,0.06555628079909082
2013-03-05,1430,D2_pca8_hmm3,select,pca_only,8,20,log_euclidean,0.01,0.00023660900020414932,2207.125228133924,6191.098276563765,7300.9856545032,3650.492827251595,3144.7977930695492,1.749436584107965e-05,1.749371999042497e-05,1.651087846370477e-07,2.2755390906313733,0.09136600915280779,0.08690935774360638
2013-03-05,1430,rolling,select,pca_only,8,20,log_euclidean,0.01,157.59819321143513,4989.84780482719,833.2795391181235,461.8570064207372,230.9285032103927,-228.3961389628395,1.8885007624703257e-05,1.8884361774048575e-05,4.693601525551914e-05,1.1431635540223624,0.03728210605557008,0.01953570496832893
2013-03-05,1430,ledoit_wolf,select,pca_only,8,20,log_euclidean,0.01,41.21562269221742,20267.378511374947,1037.6848992849643,825.9953832439106,412.9976916219543,-46.243085601379036,3.267464711768147e-05,3.2674001267026786e-05,0.0006560993287570608,1.0002158304591393,0.010958382168062768,0.010418884338097421
2013-03-05,1430,persistence,select,pca_only,8,20,log_euclidean,0.01,0.00011214931550299538,3463.6797026716886,1139.8656101577214,3944.11402531166,1972.0570126558162,1483.2324976984783,2.195415297468247e-05,2.1953507124027787e-05,2.250399213810486e-07,2.12671929947289,0.0733961892463411,0.07312287184223809
2013-03-12,1435,D2_pca8_hmm3,select,pca_only,8,20,log_euclidean,0.01,4.548723091718749e-05,2205.8187700313897,5467.305238149422,23585.842175522303,11792.921087761139,11102.449075590415,2.8856080601635005e-05,2.885494334093298e-05,6.069685020258849e-08,2.3102298703302377,0.10173163833168053,0.09622919625522816
2013-03-12,1435,rolling,select,pca_only,8,20,log_euclidean,0.01,6.961710547330272e-05,4703.3852668955205,666.4302669095182,2610.026178994771,1305.0130894973834,832.324903954569,2.963332802708971e-05,2.9632190766387682e-05,9.062888355803915e-07,3.738908991480927,0.3012458189858124,0.2805191170455053
2013-03-12,1435,ledoit_wolf,select,pca_only,8,20,log_euclidean,0.01,4.6779816666128014e-05,7833.114853084148,679.8189937620388,329.4739715319209,164.73698576596004,-286.1137474187439,1.3920015044874643e-05,1.3918877784172615e-05,1.2225530179016512e-05,1.811059114584789,0.10176094825948379,0.05572823010816691
2013-03-12,1435,persistence,select,pca_only,8,20,log_euclidean,0.01,9.803345277863952e-05,3361.4434421717347,887.1255835678793,4903.414587853155,2451.7072939265863,1970.313910950124,1.759691628134033e-05,1.7595779020638304e-05,2.095808892854903e-07,2.161205723020479,0.07688318819682238,0.07617849371939305
2013-03-19,1440,D2_pca8_hmm3,select,pca_only,8,20,log_euclidean,0.01,0.00010384493850044933,1988.3409111473395,3488.508546120387,34402.12169827254,17201.060849136262,16734.843541429178,3.941454542888878e-05,3.9412256293844906e-05,4.118070070314736e-08,2.1910785457371826,0.09167393213997899,0.08749498484107854
2013-03-19,1440,rolling,select,pca_only,8,20,log_euclidean,0.01,0.0001262208041951104,4730.014558007566,925.9838285303915,3132.051170228471,1566.0255851142374,1118.2962448735536,3.6108922212852864e-05,3.610663307780899e-05,3.9134946976530634e-07,2.6658956087114527,0.13911255110083684,0.13463877223013873
2013-03-19,1440,ledoit_wolf,select,pca_only,8,20,log_euclidean,0.01,0.0001344610705417594,7952.55779629893,1557.6037760877261,317.53544749229803,158.7677237461492,-279.10110607374975,4.7913993628597695e-05,4.791170449355382e-05,8.693012452492769e-06,1.547693245272926,0.06248763244343166,0.03845671401318296
2013-03-19,1440,persistence,select,pca_only,8,20,log_euclidean,0.01,8.058127464954438e-05,3258.9727387961148,745.9989586616173,6766.584558631573,3383.292279315794,2903.4070815371565,3.96312123493284e-05,3.962892321428453e-05,1.5477491936160213e-07,2.0632669526374063,0.0806390679480281,0.07153125242364668
2013-03-26,1445,D2_pca8_hmm3,select,pca_only,8,20,log_euclidean,0.01,0.00019169291071650078,1927.0173733082447,3827.0392471493897,48170.41758083875,24085.208790419376,23237.65371916569,5.28917055384412e-05,5.288990129093531e-05,3.7294032386310704e-08,2.336570217928078,0.10763140676044913,0.09774925477774106
2013-03-26,1445,rolling,select,pca_only,8,20,log_euclidean,0.01,0.0001697082253731981,4687.231908153275,823.3035792477598,3439.1574707922373,1719.578735396121,1256.8113520300635,3.0176530183273698e-05,3.0174725935767806e-05,3.96965332282471e-07,2.6410615931015067,0.14120803774163213,0.13540805451573004
2013-03-26,1445,ledoit_wolf,select,pca_only,8,20,log_euclidean,0.01,0.00019428491440377015,7907.429264870536,1368.917278890887,318.1288057094847,159.06440285474218,-269.28102872657394,4.6579412366957884e-05,4.6577608119451996e-05,8.443422078449367e-06,1.570446173875126,0.06332778891958876,0.04050927223756742
2013-03-26,1445,persistence,select,pca_only,8,20,log_euclidean,0.01,0.00019207613693877603,3382.400650936246,1106.4106641870717,11257.122281057093,5628.56114052855,5086.555802326034,6.91965470098972e-05,6.919474276239131e-05,7.971143418439566e-08,1.6460579583073074,0.07762261621873266,0.04625348027858115
2013-04-03,1450,D2_pca8_hmm3,select,pca_only,8,20,log_euclidean,0.01,0.0001653155584956748,2173.2697762830076,3829.8021524491523,35575.92908677002,17787.964543385,17113.817115510956,4.1066115885619375e-05,4.1064184671124826e-05,5.585150571720619e-08,2.248859982794769,0.09600010278931448,0.08826787467849732
2013-04-03,1450,rolling,select,pca_only,8,20,log_euclidean,0.01,0.00017206965354675616,4717.05285807042,774.3522077104174,3786.5092025174226,1893.2546012587118,1411.062331447779,4.628665231593687e-05,4.6284721101442324e-05,4.3471556157012195e-07,2.7613727589164743,0.1507924454078192,0.14455914471681094
2013-04-03,1450,ledoit_wolf,select,pca_only,8,20,log_euclidean,0.01,0.00019753095177049896,7931.910952666156,1310.4632388685475,322.5029254559327,161.25146272796576,-263.6236193345392,5.5731011966383355e-05,5.5729080751888806e-05,8.867747725986408e-06,1.5605394819178642,0.06577645897132813,0.04160051143121638
2013-04-03,1450,persistence,select,pca_only,8,20,log_euclidean,0.01,0.0002036597086490093,3548.2442200877713,1271.6082944875604,11239.14680321313,5619.573401606565,5128.076732599344,8.083826957965285e-05,8.083633836515829e-05,8.521857178915977e-08,1.7043148350902386,0.06099070088909888,0.043469294678561005
2013-04-10,1455,D2_pca8_hmm3,select,pca_only,8,20,log_euclidean,0.01,0.00019779831233636457,1937.5865336454399,4008.851368038323,49918.08610884422,24959.043054422105,24020.20330802353,3.556596998390887e-05,3.5563910116606805e-05,3.36671526715321e-08,2.1813090658659258,0.09226536821666644,0.08451201710244406
2013-04-10,1455,rolling,select,pca_only,8,20,log_euclidean,0.01,0.00017503155199453458,4762.495866367943,743.2190571452196,4111.671306061056,2055.8356530305305,1550.706217399517,5.561138346606361e-05,5.5609323598761545e-05,4.262317830682947e-07,2.809124213914199,0.1631392320860031,0.15696409578687803
2013-04-10,1455,ledoit_wolf,select,pca_only,8,20,log_euclidean,0.01,0.00020177358370891517,7712.297028634722,1122.8272795015346,332.8419879583064,166.4209939791535,-259.67475949799024,5.023522313981543e-05,5.0233163272513367e-05,8.191648835332311e-06,1.693073610612355,0.07610413589905973,0.049145296354341214
2013-04-10,1455,persistence,select,pca_only,8,20,log_euclidean,0.01,0.00018715018763066081,3539.6904559936356,1073.592107583634,8620.970344605583,4310.485172302792,3790.9041768923103,6.497267276746446e-05,6.49706129001624e-05,1.4037957619765618e-07,1.9246930212137179,0.06936027920317905,0.05913818922190322
2013-04-17,1460,D2_pca8_hmm3,select,pca_only,8,20,log_euclidean,0.01,8.10853330700579e-05,2067.924345321563,5989.856521073898,37207.170233740326,18603.58511687017,18089.412475529447,2.6670067687874766e-05,2.6669080174656378e-05,4.078107294461049e-08,2.0747749953054195,0.08318918421154696,0.07766060085155568
2013-04-17,1460,rolling,select,pca_only,8,20,log_euclidean,0.01,8.772535597987933e-05,4771.087048891488,818.8836679371633,3650.118389050054,1825.0591945250246,1359.9304308821838,2.0596695994493928e-05,2.059570848127554e-05,5.160860163995759e-07,3.022299107603301,0.18748556995989102,0.18159530047067557
2013-04-17,1460,ledoit_wolf,select,pca_only,8,20,log_euclidean,0.01,7.499378593482062e-05,7472.114867444091,583.4346016648594,357.54091466804374,178.77045733402133,-256.76148555686234,1.4947461677544103e-05,1.4946474164325717e-05,8.762638488851114e-06,2.1195463656091222,0.1091992674110068,0.07744215468792098
2013-04-17,1460,persistence,select,pca_only,8,20,log_euclidean,0.01,0.00013857891409065092,3569.469195629168,1291.3234555463002,5939.403320262402,2969.701660131211,2519.396792871377,2.360948106132528e-05,2.3608493548106892e-05,3.13569624260255e-07,2.5452714327280517,0.10004451113133554,0.09963454741364211
2013-04-24,1465,D2_pca8_hmm3,select,pca_only,8,20,log_euclidean,0.01,6.449276814721622e-05,2037.1057736325963,5574.924028189732,39614.09962968431,19807.049814842147,19010.452425613115,2.7883463726293636e-05,2.7882144626979438e-05,3.977307821776506e-08,2.3938582380109543,0.09540839348790536,0.09031311438244566
2013-04-24,1465,rolling,select,pca_only,8,20,log_euclidean,0.01,7.960337788267826e-05,4799.270153841356,747.5320775152137,3148.097571918669,1574.0487859593254,1108.4241136122696,2.4193571722056308e-05,2.419225262274211e-05,4.936132561978392e-07,2.9340925036621672,0.1692585685698282,0.16539793591042512
2013-04-24,1465,ledoit_wolf,select,pca_only,8,20,log_euclidean,0.01,6.161453756779639e-05,7486.175279896326,584.0723585897885,350.9472168379551,175.4736084189778,-266.8534224754919,1.9403535226166126e-05,1.9402216126851928e-05,8.853313860117913e-06,2.1982105991722274,0.10987751410507546,0.08124360473111394
2013-04-24,1465,persistence,select,pca_only,8,20,log_euclidean,0.01,0.00017850043148473697,3544.6433905555327,1008.6499623683725,4174.694445189878,2087.34722259495,1614.7928874814188,2.7453125632493696e-05,2.74518065331795e-05,3.1840215318265283e-07,2.378206936358839,0.08170064763089528,0.08144792321049546
2013-05-01,1470,D2_pca8_hmm3,select,pca_only,8,20,log_euclidean,0.01,5.310637394272558e-05,2056.322202237976,5854.330780279783,30267.85282769266,15133.926413846333,14374.631974391674,3.1004889932585804e-05,3.100394767749148e-05,4.8395962044076114e-08,2.269349744550603,0.09817508264215316,0.08836522375944038
2013-05-01,1470,rolling,select,pca_only,8,20,log_euclidean,0.01,7.213464596690533e-05,4676.736039787528,770.6584863401076,2585.2664676873164,1292.6332338436596,829.7958484278048,2.9454694081233375e-05,2.945375182613905e-05,4.942492987301686e-07,3.0449115322081752,0.17104727471944026,0.1673657753364423
2013-05-01,1470,ledoit_wolf,select,pca_only,8,20,log_euclidean,0.01,5.3445746669807134e-05,7318.4629974440795,642.5280672407328,343.16585700493386,171.58292850246687,-276.323596167152,2.4088678077804708e-05,2.408773582271038e-05,8.064692507016784e-06,2.338254706819505,0.11874554955179027,0.09010910623477252
2013-05-01,1470,persistence,select,pca_only,8,20,log_euclidean,0.01,0.0001898667297478738,3360.588153341515,1014.062813116364,3149.2131095798304,1574.606554789922,1116.2667691562635,3.879938898118753e-05,3.879844672609321e-05,3.30433165524044e-07,2.310200279232513,0.08001336831358363,0.07974055285840329
2013-05-08,1475,D2_pca8_hmm3,select,pca_only,8,20,log_euclidean,0.01,5.41046683207607e-05,2061.635450560764,5138.679236194843,25419.659303666554,12709.829651833299,12000.08638153501,4.2407350967595226e-05,4.240603731325878e-05,5.971226522002653e-08,2.388864704382377,0.1036393531178977,0.09747983304673465
2013-05-08,1475,rolling,select,pca_only,8,20,log_euclidean,0.01,6.142070364243339e-05,4639.28912949147,695.201998175866,2368.535985759,1184.2679928795028,704.4343472689109,3.514413764683736e-05,3.5142823992500916e-05,4.5708082541806655e-07,3.1324105724398894,0.16038535544172627,0.15635818326308137
2013-05-08,1475,ledoit_wolf,select,pca_only,8,20,log_euclidean,0.01,5.0411291038858516e-05,7481.863235534943,794.3516551851476,324.2686836660059,162.13434183300302,-286.13458464547614,2.9010029875097806e-05,2.900871622076136e-05,8.194202754984968e-06,2.1432564360773414,0.09945151908129231,0.07167200672295519
2013-05-08,1475,persistence,select,pca_only,8,20,log_euclidean,0.01,0.00017951354890971013,3293.226246681518,869.1958540329908,3048.0683121090387,1524.0341560545348,1037.4347307481924,3.996616802390793e-05,3.996485436957148e-05,3.344388982093133e-07,2.2852181535336826,0.08190577437632476,0.0816030239346454
2013-05-15,1480,D2_pca8_hmm3,select,pca_only,8,20,log_euclidean,0.01,7.74541423103717e-05,2064.046701883135,3914.7710245189664,42390.77588770869,21195.387943854348,20486.556867378466,4.0839100222977574e-05,4.0837264864255686e-05,4.0822758555124605e-08,2.5284689310674886,0.12344343727188205,0.11560009658329064
2013-05-15,1480,rolling,select,pca_only,8,20,log_euclidean,0.01,5.6165709875263256e-05,4666.15019395456,648.0310677168774,2339.2802824797864,1169.6401412398886,702.4582562291318,3.118538083603709e-05,3.11835454773152e-05,4.2874257142543296e-07,3.0075822883944383,0.1478930623034007,0.14447540594327116
2013-05-15,1480,ledoit_wolf,select,pca_only,8,20,log_euclidean,0.01,5.599647665889237e-05,7501.399446048557,902.3779140504412,320.3505954969275,160.17529774846383,-285.16152949648915,3.079653276682212e-05,3.0794697408100234e-05,7.916568930785885e-06,2.1392089870970303,0.09634122295045201,0.07161568015208804
2013-05-15,1480,persistence,select,pca_only,8,20,log_euclidean,0.01,0.00011067353084252497,3399.0614614307897,1057.0031423985533,4193.424362571605,2096.712181285813,1616.3632127926246,5.036135001577125e-05,5.035951465704936e-05,1.5685902059260456e-07,1.810979992459848,0.04914559404378082,0.048990560382548426
2013-05-22,1485,D2_pca8_hmm3,select,pca_only,8,20,log_euclidean,0.01,0.0001265798576010866,1892.815839940954,2528.1691497879992,31821.54427861707,15910.772139308547,15343.148610914537,8.507716126835006e-05,8.50748298196833e-05,4.296197251653345e-08,2.6036572770036868,0.11956590429162696,0.11406596660184573
2013-05-22,1485,rolling,select,pca_only,8,20,log_euclidean,0.01,7.767888154206828e-05,4736.698503931282,821.1511925327875,2123.4316758321343,1061.7158379160678,607.0538083630499,5.180105090450733e-05,5.179871945584056e-05,4.807149863824674e-07,2.9591877464246767,0.1591068000847073,0.15489732941732112
2013-05-22,1485,ledoit_wolf,select,pca_only,8,20,log_euclidean,0.01,9.117120356090297e-05,7542.695571848369,1279.029191589816,310.9383076623951,155.4691538311975,-288.6553678761217,4.9810404087937196e-05,4.980807263927043e-05,8.284860579379267e-06,2.1416728934399702,0.09979745893338879,0.07260969925329394
2013-05-22,1485,persistence,select,pca_only,8,20,log_euclidean,0.01,0.00013075360554159506,3506.2844399394,1266.8741828327854,4615.727140679362,2307.863570339685,1853.5620236146242,7.266688049217465e-05,7.266454904350789e-05,1.7454718758322586e-07,2.0037807815781967,0.06163762298964958,0.06139026811839708
2013-05-30,1490,D2_pca8_hmm3,select,pca_only,8,20,log_euclidean,0.01,0.00012067752935762713,2454.4164426425987,1297.573831121733,15216.110471345484,7608.055235672745,6939.075534443504,7.14782702725286e-05,7.147556984221302e-05,6.729955895704216e-08,2.2462292114244398,0.08606486477670604,0.08287664604303846
2013-05-30,1490,rolling,select,pca_only,8,20,log_euclidean,0.01,0.00010082797408341273,4831.0729969758995,952.8092377937883,2017.420657780885,1008.7103288904368,536.6760407950745,5.4122504995755304e-05,5.411980456543974e-05,5.498805499587743e-07,3.173526784977075,0.1753084274368529,0.1699789781500496
2013-05-30,1490,ledoit_wolf,select,pca_only,8,20,log_euclidean,0.01,0.000123744024588818,7587.509382391545,1442.2093870341619,304.89246093196783,152.44623046598352,-291.54874099027836,4.996579852481246e-05,4.99630980944969e-05,9.038003865147657e-06,2.1740402881991705,0.10651415301450351,0.07621350720988736
2013-05-30,1490,persistence,select,pca_only,8,20,log_euclidean,0.01,0.00016951413363022847,3455.6390964361044,1566.2646273584246,5113.637452703901,2556.8187263519367,2045.2288866972576,8.217069170177556e-05,8.216799127145999e-05,1.294400914844413e-07,1.7435196691790442,0.06693684774054304,0.05117939179807555
2013-06-06,1495,D2_pca8_hmm3,select,pca_only,8,20,log_euclidean,0.01,0.001867289154628008,2076.22105331868,4806.0682531203365,85287.47270137264,42643.73635068632,40263.66892092171,7.609522229895638e-05,7.608631658821153e-05,4.413879349962257e-08,2.393533718350262,0.09588839800778168,0.0904503902069977
2013-06-06,1495,rolling,select,pca_only,8,20,log_euclidean,0.01,0.0017829187480001177,4868.158322875905,1332.2816035424976,6317.207772600141,3158.60388630007,2597.460624810431,0.0001663949348137344,0.00016638602910298955,7.073807379830026e-07,3.509732983336692,0.22225086330860241,0.214595105742096
2013-06-06,1495,ledoit_wolf,select,pca_only,8,20,log_euclidean,0.01,0.0018015868468111082,7541.949439784318,1334.2057192723908,500.051765100138,250.02588255006927,-165.72706427480153,0.00010299250377396622,0.00010298359806322137,9.972865986237911e-06,2.348185275580687,0.12753434224216015,0.08609560253864981
2013-06-06,1495,persistence,select,pca_only,8,20,log_euclidean,0.01,0.0018260457147874088,3419.11506342716,1703.6687810063358,14385.196979443088,7192.598489721555,6445.743273652804,9.107479513285543e-05,9.106588942211058e-05,1.7371252236934734e-07,2.0410256599341317,0.07656597446952977,0.06773453281910852
2013-06-13,1500,D2_pca8_hmm3,select,pca_only,8,20,log_euclidean,0.01,0.0018375643613695145,2175.0713586323564,5226.348502233885,102201.3866437565,51100.69332187826,48027.56702750287,9.946650402546894e-05,9.945642563979018e-05,4.489834689629963e-08,2.5509263624935414,0.11681647732545218,0.11222710561276425
2013-06-13,1500,rolling,select,pca_only,8,20,log_euclidean,0.01,0.001763025551407562,4854.671621416092,1453.7667977042422,6343.115618210414,3171.557809105207,2586.902488886991,0.0001189295983435689,0.00011891951995789014,6.762877809099849e-07,3.417459675614922,0.20959317610475267,0.202770830626309
2013-06-13,1500,ledoit_wolf,select,pca_only,8,20,log_euclidean,0.01,0.0017669979971841258,7432.019919838622,1302.431285010348,533.0949874139201,266.5474937069598,-151.88191842019884,8.098653613773119e-05,8.097645775205243e-05,9.217190562262649e-06,2.4133944441694575,0.13191874337438003,0.09421094552151944
2013-06-13,1500,persistence,select,pca_only,8,20,log_euclidean,0.01,0.0017893862325611457,3388.4820932610774,1784.547874614073,14591.57202763091,7295.786013815448,6505.069011915516,0.00010589885036062735,0.00010588877197494859,2.446640894312395e-07,2.2610679714433464,0.0896649647447855,0.0893217479154592
2013-06-20,1505,D2_pca8_hmm3,select,pca_only,8,20,log_euclidean,0.01,0.0017840610312656725,2834.362955270344,2877.2348316551142,55389.248931512,27694.624465755955,25922.684133777653,3.869299778545115e-05,3.868661356195328e-05,3.04289286000413e-08,1.7236603032660611,0.05206737608096894,0.04485741831624946
2013-06-20,1505,rolling,select,pca_only,8,20,log_euclidean,0.01,0.0017883145725527546,4788.168667812236,2076.6289075359014,6684.486427801271,3342.2432139006332,2755.695600655641,6.031702110521091e-05,6.031063688171304e-05,6.706602793264843e-07,3.5056647530903096,0.21236654118798548,0.20613971658040778
2013-06-20,1505,ledoit_wolf,select,pca_only,8,20,log_euclidean,0.01,0.0017650615452572023,7279.690217439064,1635.0601424840224,600.5346833849428,300.2673416924723,-121.2782964667703,5.3594568845015284e-05,5.358818462151742e-05,8.625503040805466e-06,2.5873018178400526,0.14441815327660643,0.10707979286952192
2013-06-20,1505,persistence,select,pca_only,8,20,log_euclidean,0.01,0.0018443688504402695,3371.644867830792,2898.375574805204,14294.17582173165,7147.087910865841,6368.356579468507,4.6464005745868646e-05,4.645762152237078e-05,3.3127923786214674e-07,2.689629173442268,0.11562327542426883,0.11521423256419647
2013-06-27,1510,D2_pca8_hmm3,select,pca_only,8,20,log_euclidean,0.01,0.0018858371565254458,2046.371011645576,9217.727419975978,99202.67773565053,49601.338867825245,47312.24378549549,6.308921353751762e-05,6.308365967670407e-05,5.5877120675440526e-08,2.4674973312231767,0.11464526907478072,0.10421229401282694
2013-06-27,1510,rolling,select,pca_only,8,20,log_euclidean,0.01,0.0018959261776076083,4764.4228444786695,2413.3705763516405,7547.831587687522,3773.915793843757,3195.7808472165975,8.143813092428242e-05,8.143257706346887e-05,6.928623130269842e-07,3.6076050499443446,0.22397772495779752,0.21821078903019697
2013-06-27,1510,ledoit_wolf,select,pca_only,8,20,log_euclidean,0.01,0.001868638818786112,7279.609878164516,1869.025336888838,678.1578093843267,339.07890469216255,-74.00436599535637,7.542814316753646e-05,7.542258930672291e-05,9.353806924182641e-06,2.705114296618724,0.1587909957421196,0.11990234290600728
2013-06-27,1510,persistence,select,pca_only,8,20,log_euclidean,0.01,0.002015597421161886,3539.301890037377,3575.246579094931,17705.979574718716,8852.989787359345,8087.855026263011,7.222821842058491e-05,7.222266455977136e-05,3.692131898019983e-07,2.775872055612031,0.12429516950420148,0.1238065762176314
2013-07-05,1515,D2_pca8_hmm3,select,pca_only,8,20,log_euclidean,0.01,0.00014503481281866312,2060.4640548167554,7260.782818321433,61596.46873861393,30798.234369306967,30328.804789529495,5.1235029806352604e-05,5.123324270433466e-05,4.760010972282741e-08,2.468931515606851,0.11584784853200987,0.105704293268245
2013-07-05,1515,rolling,select,pca_only,8,20,log_euclidean,0.01,0.00023256747008636844,4791.635045985501,1085.227121630407,3444.109303597363,1722.0546517986813,1259.5308249938712,3.2573416219948963e-05,3.257162911793102e-05,7.257910302256341e-07,3.43871400574191,0.20358455830823935,0.19784128047058422
2013-07-05,1515,ledoit_wolf,select,pca_only,8,20,log_euclidean,0.01,0.00014871461896239836,8267.859546481097,633.4777684265478,344.59602112134303,172.2980105606713,-260.20707209852065,1.3377025186076414e-05,1.3375238084058468e-05,1.5674054132524702e-05,1.8325725161850546,0.091538988228784,0.054954002965384253
2013-07-05,1515,persistence,select,pca_only,8,20,log_euclidean,0.01,0.001993698110048809,3555.3724247026958,1968.69291505861,3558.043262610244,1779.0216313051371,1338.1814956041942,2.254502525696888e-05,2.2543238154950937e-05,7.718021197518446e-07,2.6937976724786283,0.11273330656644186,0.11161542301856778
2013-07-12,1520,D2_pca8_hmm3,select,pca_only,8,20,log_euclidean,0.01,0.00017143199902773689,3511.873775133783,1255.8154573030297,10280.389200812599,5140.194600406299,4685.861010857609,5.415584707321739e-05,5.415486350417403e-05,1.284887038074787e-07,1.9429143718351742,0.05609737593175849,0.05587657628963476
2013-07-12,1520,rolling,select,pca_only,8,20,log_euclidean,0.01,0.00044108754031577655,4752.46474225987,1274.3443571384116,2825.851416472184,1412.9257082360907,956.6593602275007,2.6666182490807363e-05,2.6665198921764002e-05,1.1080474747012775e-06,3.516872972256193,0.2583308033862595,0.24589285771813707
2013-07-12,1520,ledoit_wolf,select,pca_only,8,20,log_euclidean,0.01,0.00022854875745753563,8292.308619137348,765.8048699933345,347.7269338741278,173.863466937064,-261.8090546594535,1.2911453769492009e-05,1.291047020044865e-05,1.7692685075546265e-05,1.909994251296346,0.10433042686334137,0.06133436397158776
2013-07-12,1520,persistence,select,pca_only,8,20,log_euclidean,0.01,0.001947877036507339,3527.0071527586115,1949.100757432342,3247.8735120029874,1623.9367560014723,1174.4384677010094,3.0540822522067955e-05,3.05398389530246e-05,7.480307311283259e-07,2.668884874761141,0.111568131981318,0.11024616739537199
2013-07-19,1525,D2_pca8_hmm3,select,pca_only,8,20,log_euclidean,0.01,0.0017794157482672085,3963.8494212471314,1437.983883610787,2499.6165068675978,1249.8082534338064,806.7161575613025,4.706281240644059e-05,4.706170411703853e-05,5.086916732901624e-07,1.8059669123827744,0.06005408918723416,0.05493240880174987
2013-07-19,1525,rolling,select,pca_only,8,20,log_euclidean,0.01,0.0004279511543869199,4765.656076841892,1134.5179001990216,3053.5858948643217,1526.7929474321527,1067.4107499312472,5.238542284076999e-05,5.238431455136792e-05,9.772648771097809e-07,3.555088295297889,0.23779132479671317,0.22756364577856641
2013-07-19,1525,ledoit_wolf,select,pca_only,8,20,log_euclidean,0.01,0.00022299565325896296,8266.11254134662,808.5498401061584,348.57305304570207,174.2865265228508,-261.2284425179806,2.938230635430378e-05,2.9381198064901715e-05,1.661573129091857e-05,1.8455559752456505,0.09886563156369353,0.0573892241997518
2013-07-19,1525,persistence,select,pca_only,8,20,log_euclidean,0.01,0.001892928963998334,3568.0317263417446,1993.761159235246,3341.566974086837,1670.783487043423,1229.4504092466195,3.206102676909393e-05,3.2059918479691865e-05,4.04584057549664e-07,2.031436693965608,0.0637727075530623,0.06287753804644543
2013-07-26,1530,D2_pca8_hmm3,select,pca_only,8,20,log_euclidean,0.01,7.758092092654718e-05,2720.8019030089736,3205.436447587057,14321.235004742306,7160.6175023711485,6675.853783524045,2.6472694412806706e-05,2.6471579276831924e-05,8.907696893982171e-08,2.3163520327424614,0.08225163987012458,0.08118283087686524
2013-07-26,1530,rolling,select,pca_only,8,20,log_euclidean,0.01,0.0003463528235663842,4653.323169857229,1052.0120152181362,1746.0144066776174,873.0072033388161,419.04405829907347,1.106982628607603e-05,1.1068711150101246e-05,9.71886832258217e-07,3.443428688854383,0.2192120459904066,0.21052493740995207
2013-07-26,1530,ledoit_wolf,select,pca_only,8,20,log_euclidean,0.01,0.00013724082556558395,8432.666781444683,973.9079578133008,332.1052342612814,166.05261713064058,-280.2065199807035,2.321268494004578e-05,2.3211569804070997e-05,1.6918936191198013e-05,1.7589208781790582,0.08720095556507977,0.04968329906700462
2013-07-26,1530,persistence,select,pca_only,8,20,log_euclidean,0.01,0.0019028559919090492,3585.564502004108,2341.9764446214144,2039.5213164647025,1019.7606582323546,567.8767116250308,3.165408795490426e-05,3.165297281892947e-05,3.331272578196967e-07,1.658603080491576,0.054110668391790066,0.04406529584520694
2013-08-02,1535,D2_pca8_hmm3,select,pca_only,8,20,log_euclidean,0.01,0.0002519297300485813,3607.052602411101,1099.5467397732114,3172.9690146202174,1586.4845073100946,1105.53908601166,5.681729522107404e-05,5.681626424363601e-05,2.383881611147818e-07,1.831947127835017,0.05592826155559492,0.05090742985551384
2013-08-02,1535,rolling,select,pca_only,8,20,log_euclidean,0.01,0.0003398891863564093,4643.78117606567,1087.435686292817,1549.299022294936,774.6495111474808,310.05791811673777,2.321580599144231e-05,2.321477501400428e-05,1.0022539570015917e-06,3.3532844659888,0.21685099832299312,0.20665610283119237
2013-08-02,1535,ledoit_wolf,select,pca_only,8,20,log_euclidean,0.01,0.000136233692079774,8510.146004236092,1129.057279561181,329.8536646202783,164.92683231013896,-283.4333739855873,3.0207520400594976e-05,3.0206489423156945e-05,1.7221633678728254e-05,1.736422177208137,0.08381906277202111,0.04865492886854867
2013-08-02,1535,persistence,select,pca_only,8,20,log_euclidean,0.01,0.0001797807644320196,3387.7628302786634,1347.011567576576,3920.3118955283985,1960.155947764207,1491.854041766548,4.6254117503244285e-05,4.6253086525806254e-05,1.6098393067087036e-07,1.7247131521917427,0.059799004817118515,0.04540279689720442
2013-08-09,1540,D2_pca8_hmm3,select,pca_only,8,20,log_euclidean,0.01,6.581900449421322e-05,1912.942911281284,4423.80656612104,19505.5642533259,9752.782126662943,9072.973786527331,4.0891568747489634e-05,4.08902764160028e-05,9.206781514399606e-08,2.56094744627687,0.12275901407640706,0.10893560896452446
2013-08-09,1540,rolling,select,pca_only,8,20,log_euclidean,0.01,0.0003348386640637766,4606.083634906401,1177.8332739751622,1632.5612493645526,816.2806246822811,346.9205816377605,1.4504659671836748e-05,1.4503367340349912e-05,1.0963874688528716e-06,3.5758639583737186,0.24145544087368104,0.22812665297190593
2013-08-09,1540,ledoit_wolf,select,pca_only,8,20,log_euclidean,0.01,0.00014281945863805587,8477.7554485159,1342.2256064700514,324.2499459210278,162.12497296051382,-283.40519793859204,3.194215525242128e-05,3.1940862920934445e-05,1.715656600453193e-05,1.7318160848450632,0.08468068883716286,0.04753369928145474
2013-08-09,1540,persistence,select,pca_only,8,20,log_euclidean,0.01,0.0001839474616823555,3274.101406296577,1472.2470988969367,3945.4171324847694,1972.7085662423788,1487.1916357348873,3.5974064357114735e-05,3.59727720256279e-05,1.234142136160353e-07,1.501936553910328,0.05240928853051907,0.036870955741150374
2013-08-16,1545,D2_pca8_hmm3,select,pca_only,8,20,log_euclidean,0.01,9.64701583467716e-05,3509.1094994283803,1213.31252979108,6011.537301127634,3005.76865056382,2507.7416592481477,3.376586244035932e-05,3.376485010149989e-05,1.1448559529817713e-07,1.7809099031662528,0.04814616770885891,0.04795354477790269
2013-08-16,1545,rolling,select,pca_only,8,20,log_euclidean,0.01,0.00033586485600085723,4584.069660871045,1147.513509833674,1478.5089888969594,739.2544944484814,269.4978717243437,2.1911381503137116e-05,2.1910369164277688e-05,9.199036259850449e-07,3.318792621126149,0.2025475896683743,0.1930972457605046
2013-08-16,1545,ledoit_wolf,select,pca_only,8,20,log_euclidean,0.01,0.00013676580776768503,8506.909694614475,1187.8446258969934,328.011707579678,164.00585378983882,-284.2091370480565,2.368408159855065e-05,2.368306925969122e-05,1.6552467417673448e-05,1.722701194618623,0.07978389028675612,0.0454385109779822
2013-08-16,1545,persistence,select,pca_only,8,20,log_euclidean,0.01,0.00018501775796807233,3356.9916375261428,1148.682538603442,4139.336244557849,2069.668122278921,1596.602698268945,5.2029569096061847e-05,5.202855675720242e-05,1.483418225820893e-07,1.695902254483375,0.046208068796062506,0.044239554235130533
2013-08-23,1550,D2_pca8_hmm3,select,pca_only,8,20,log_euclidean,0.01,4.477432567754412e-05,1919.7363816074974,4162.102834734411,30974.468802977757,15487.234401488884,14909.136961191802,2.397758340133599e-05,2.3976139450779593e-05,3.9169104430228864e-08,2.486623798485417,0.10730666954409711,0.09889735748420957
2013-08-23,1550,rolling,select,pca_only,8,20,log_euclidean,0.01,0.0002910555814310469,4494.694991022827,1144.0781207203554,1158.3687483208237,579.1843741604107,110.23458151257555,2.1991800694667632e-05,2.1990356744111236e-05,9.672135584429502e-07,3.3069729233938236,0.2092042113338632,0.199646339743972
2013-08-23,1550,ledoit_wolf,select,pca_only,8,20,log_euclidean,0.01,0.00010240307739997623,8547.945713632658,1301.2146598043296,330.49813299841765,165.24906649920885,-290.1259686071348,2.0134665769404742e-05,2.0133221818848346e-05,1.6434121256264902e-05,1.6088537754768983,0.07513051248981463,0.04048309381007546
2013-08-23,1550,persistence,select,pca_only,8,20,log_euclidean,0.01,7.386367985894335e-05,3268.450238855944,963.4830703509255,4234.552097376239,2117.2760486881234,1630.5790482795194,3.2112162854948196e-05,3.21107189043918e-05,1.5516421816741465e-07,1.9102195295804971,0.059585427690524176,0.05938656235774847
2013-08-30,1555,D2_pca8_hmm3,select,pca_only,8,20,log_euclidean,0.01,0.0006496138154851735,1915.1488675262588,5114.322964393541,130986.47247194382,65493.23623597192,64343.27929538065,2.8063394271285588e-05,2.806086586609283e-05,2.978760132431394e-08,2.6867087154788667,0.1259750803563923,0.1177795715694248
2013-08-30,1555,rolling,select,pca_only,8,20,log_euclidean,0.01,0.0008998395944749767,4607.845557498946,1014.4365274344063,4165.916387261924,2082.9581936309573,1615.6555944209413,3.3249100081953785e-05,3.324657167676103e-05,1.0245211846383878e-06,3.3006255450221578,0.2206600655931476,0.20719566036725956
2013-08-30,1555,ledoit_wolf,select,pca_only,8,20,log_euclidean,0.01,0.0006905786305014794,8583.79721326433,897.2103113016215,364.2778499521633,182.13892497608148,-244.31030805066084,1.964126184067988e-05,1.9638733435487122e-05,1.6185848112497388e-05,1.562478919852377,0.07337342386979484,0.03904279947354148
2013-08-30,1555,persistence,select,pca_only,8,20,log_euclidean,0.01,0.0006742496434258333,3277.834899784375,976.69366511781,11666.075103037265,5833.037551518632,5351.949299238713,2.7287929864710785e-05,2.7285401459518028e-05,1.5073859361221582e-07,2.030131325789259,0.05895641197054975,0.05875228727909117
2013-09-09,1560,D2_pca8_hmm3,select,pca_only,8,20,log_euclidean,0.01,0.0006371530884423586,1949.5871565899406,4794.984851355797,110166.31614110128,55083.15807055065,53742.19961575365,3.254407678706273e-05,3.253973725731311e-05,2.79753009923569e-08,2.326051998227136,0.09743217105153987,0.08721674836150665
2013-09-09,1560,rolling,select,pca_only,8,20,log_euclidean,0.01,0.0008798662890346395,4589.626471341663,1261.6974083187874,4560.64467196107,2280.3223359805324,1800.129737496202,2.53004737013658e-05,2.529613417161618e-05,7.402399041025641e-07,3.08915981530971,0.16823330266006398,0.15863926358593206
2013-09-09,1560,ledoit_wolf,select,pca_only,8,20,log_euclidean,0.01,0.0006762726499253924,8558.838821016576,1182.0150156347454,365.6828054273565,182.84140271367812,-243.93933281893632,2.491253749674701e-05,2.490819796699739e-05,1.1538315366208817e-05,1.3475396066143495,0.05262571654992302,0.028975840031824584
2013-09-09,1560,persistence,select,pca_only,8,20,log_euclidean,0.01,0.0006646994544685115,3284.0911219633135,987.8691764207492,10287.861098182644,5143.930549091319,4606.715898108968,2.92969729148689e-05,2.929263338511928e-05,1.801285714389146e-07,2.124134775245175,0.06607782505420032,0.06584707270054548
2013-09-16,1565,D2_pca8_hmm3,select,pca_only,8,20,log_euclidean,0.01,0.0006541368102613004,1963.0861142595495,3858.1223314265944,52231.93064825863,26115.96532412932,25485.73889350242,4.739932585701751e-05,4.739535905371858e-05,6.454549803230623e-08,2.403149551584774,0.10101852140707186,0.09513014203550427
2013-09-16,1565,rolling,select,pca_only,8,20,log_euclidean,0.01,0.0007183964226692273,4569.4633464199,1318.3104568061187,5110.942794092747,2555.4713970463727,2092.5695362727884,3.125949210953385e-05,3.125552530623492e-05,6.729627422140993e-07,3.204053471428585,0.18463359400433674,0.17138039289967769
2013-09-16,1565,ledoit_wolf,select,pca_only,8,20,log_euclidean,0.01,0.000676967170304721,8688.773491394255,1917.2379015638576,352.7010481694033,176.35052408470187,-244.44375821123177,4.5974646785286845e-05,4.5970679981987914e-05,9.268061543402509e-06,1.1333871703533496,0.03453199876058199,0.018295105660644503
2013-09-16,1565,persistence,select,pca_only,8,20,log_euclidean,0.01,0.0006765167446982889,3276.986874373485,999.9135236286156,12182.559281242558,6091.279640621289,5588.080698183317,4.691449621844254e-05,4.691052941514361e-05,1.392421449489314e-07,1.9073764856755497,0.06760692296199973,0.05395681180584572
2013-09-23,1570,D2_pca8_hmm3,select,pca_only,8,20,log_euclidean,0.01,0.0007039218151784466,2007.5118596611003,3763.5322467134356,130385.17196244882,65192.58598122441,63868.29111912439,4.973314926253863e-05,4.973010604506627e-05,2.9281863681771886e-08,2.4557874109083055,0.11137501811660057,0.10141186202241846
2013-09-23,1570,rolling,select,pca_only,8,20,log_euclidean,0.01,0.0006865695265583519,4646.989309770091,961.298076575301,7351.505625787383,3675.7528128936906,3204.687373224181,3.628993244858096e-05,3.62868892311086e-05,5.229332736324357e-07,3.1440804259021586,0.1868102843405434,0.17457086271471547
2013-09-23,1570,ledoit_wolf,select,pca_only,8,20,log_euclidean,0.01,0.0006897111179579909,7972.512669421414,1512.8779567709034,396.6353932819818,198.31769664099073,-221.2458825782033,3.420308631534128e-05,3.420004309786892e-05,8.873309996898747e-06,1.4783914746643387,0.06159403086700052,0.035599214405213284
2013-09-23,1570,persistence,select,pca_only,8,20,log_euclidean,0.01,0.0006756381979986172,3329.8860040882464,1003.5993787008515,15136.811353222583,7568.405676611296,7044.011125701963,8.18381155031289e-05,8.183507228565654e-05,1.6136331546947036e-07,2.1578799257431323,0.0735134946411604,0.07319208883629202
2013-09-30,1575,D2_pca8_hmm3,select,pca_only,8,20,log_euclidean,0.01,8.253667726517707e-05,1968.415798182859,4607.07111124226,32532.31099632763,16266.155498163818,15614.620273863413,3.974120682722835e-05,3.973994831061321e-05,5.604065963096432e-08,2.2806576389444717,0.10702322352538862,0.09798846797504798
2013-09-30,1575,rolling,select,pca_only,8,20,log_euclidean,0.01,0.00017644728130877802,4775.186510145716,854.9101956450477,2441.2028487460775,1220.601424373046,773.5875550979457,3.152752519917949e-05,3.152626668256435e-05,6.573381989684189e-07,2.9182433561729435,0.17304116278807924,0.16125513354910592
2013-09-30,1575,ledoit_wolf,select,pca_only,8,20,log_euclidean,0.01,0.00011075577167147239,8814.703418971741,1620.7032917754655,331.91346627651217,165.95673313825642,-273.2153110555807,4.6660845230862464e-05,4.6659586714247324e-05,8.990894397748048e-06,1.079985937426549,0.03040787354964811,0.015918571389841676
2013-09-30,1575,persistence,select,pca_only,8,20,log_euclidean,0.01,0.0006860307583792164,3453.6128316386566,1096.0628658473747,3736.966217770288,1868.4831088851392,1416.3164046860277,4.253253670497073e-05,4.253127818835559e-05,2.3724399290543913e-07,1.8427465171428306,0.05469143557832667,0.054238799435793336
2013-10-07,1580,D2_pca8_hmm3,select,pca_only,8,20,log_euclidean,0.01,8.380201490969054e-05,1937.1812977549725,5315.047288967054,47310.9648658181,23655.482432909055,22986.84980281091,2.2767970055218905e-05,2.276617967580246e-05,4.358768149042997e-08,2.4587628469473626,0.116227924535479,0.10829626594326476
2013-10-07,1580,rolling,select,pca_only,8,20,log_euclidean,0.01,0.00016261722298855803,4744.737132079178,739.4342552424418,2994.836039448123,1497.4180197240653,1046.7426111358661,3.53847516931387e-05,3.538296131372226e-05,5.655583373793447e-07,2.9027446376069093,0.16629195334488384,0.15976564208172653
2013-10-07,1580,ledoit_wolf,select,pca_only,8,20,log_euclidean,0.01,9.578949526835518e-05,8593.538242075821,1251.6287814526527,327.4881665472664,163.74408327363335,-271.6928105059227,3.527409684519117e-05,3.5272306465774725e-05,9.340342028720444e-06,1.1660694040722008,0.03673595210130061,0.018729516889745865
2013-10-07,1580,persistence,select,pca_only,8,20,log_euclidean,0.01,0.0006671685159996006,3579.1558825951715,1035.4415856403994,4129.686506688276,2064.8432533441387,1603.545627180748,1.9457514128812806e-05,1.945572374939636e-05,3.406139043491599e-07,2.1384785325364026,0.08807042337475357,0.07724258038179677
2013-10-14,1585,D2_pca8_hmm3,select,pca_only,8,20,log_euclidean,0.01,5.809192695162403e-05,1958.0094073325536,5701.530622753193,45387.33200849771,22693.666004248855,21941.550493227303,4.4308439784371514e-05,4.430560355204366e-05,4.7173300733983025e-08,2.5687630355020104,0.12957380537769567,0.11539892991270678
2013-10-14,1585,rolling,select,pca_only,8,20,log_euclidean,0.01,0.00015015277061914434,4671.872478727151,711.9698492875433,2872.299583797857,1436.1497918989335,971.4298882188443,5.806181732138385e-05,5.8058981089055996e-05,5.124494759716783e-07,2.785297251982003,0.15206122707345268,0.146042193241274
2013-10-14,1585,ledoit_wolf,select,pca_only,8,20,log_euclidean,0.01,6.292638515231376e-05,8449.153683722767,825.426801316254,330.48314801074196,165.2415740053715,-274.78913822831635,3.345184272025049e-05,3.344900648792264e-05,1.0841235574511656e-05,1.3368067532473626,0.048710266816866916,0.027936865738883612
2013-10-14,1585,persistence,select,pca_only,8,20,log_euclidean,0.01,0.000662080965864086,3483.1050701620597,1088.6603863750083,3433.850240546948,1716.9251202734629,1255.1331717349344,3.6027543338167656e-05,3.60247071058398e-05,3.8311031780742757e-07,2.1741511365167665,0.10868772710759794,0.07822593827894132
2013-10-21,1590,D2_pca8_hmm3,select,pca_only,8,20,log_euclidean,0.01,5.1291166124644566e-05,2014.5589258517587,5556.905984842271,41907.893180731226,20953.946590365616,20289.125112176254,4.045337676159649e-05,4.045194289087595e-05,4.855011464489174e-08,2.7497382165522226,0.12694976089610815,0.12107459081682972
2013-10-21,1590,rolling,select,pca_only,8,20,log_euclidean,0.01,0.00014928962074820402,4577.684243874376,705.4835649931257,2395.5534319214134,1197.7767159607026,730.049270596988,6.018730632469217e-05,6.018587245397163e-05,6.62683137552296e-07,3.1038884667990754,0.18992643363873676,0.1815980821295992
2013-10-21,1590,ledoit_wolf,select,pca_only,8,20,log_euclidean,0.01,5.6787443858113286e-05,8486.218745804983,787.9920246007352,330.7001408353401,165.35007041767017,-278.1184330070902,3.362706856413665e-05,3.362563469341611e-05,1.2047335088616558e-05,1.3397098148084619,0.05317819427723098,0.028758115303196757
2013-10-21,1590,persistence,select,pca_only,8,20,log_euclidean,0.01,0.000680692019273209,3496.122597549397,1080.9359265756264,3170.991405331737,1585.495702665875,1122.0275220249482,4.692867334085096e-05,4.692723947013042e-05,3.3359370996295885e-07,2.109711025414089,0.07709046710292651,0.06630999245016697
2013-10-28,1595,D2_pca8_hmm3,select,pca_only,8,20,log_euclidean,0.01,4.952992794595996e-05,2105.2984404744157,5077.5062646000315,22512.240757901563,11256.120378950802,10730.011194575362,3.790003206083889e-05,3.7898807671646484e-05,6.217277678911531e-08,2.2052311796048922,0.10483147775195235,0.08974702446986724
2013-10-28,1595,rolling,select,pca_only,8,20,log_euclidean,0.01,0.00015178304069287537,4740.606460483995,683.4662857258963,2154.9375866961323,1077.4687933480627,601.2075647794651,7.426828295877089e-05,7.42670585695785e-05,6.24607238232671e-07,3.004245362295026,0.17479442726069322,0.16728343582609237
2013-10-28,1595,ledoit_wolf,select,pca_only,8,20,log_euclidean,0.01,5.7054354138782684e-05,8575.262033251254,985.2875398587269,335.9027211892644,167.9513605946325,-281.5273722309685,3.5124485809141204e-05,3.51232614199488e-05,1.1380158506816257e-05,1.3119897842600499,0.047665749496803786,0.026188772324498167
2013-10-28,1595,persistence,select,pca_only,8,20,log_euclidean,0.01,8.876787616805118e-05,3572.848526524458,963.2636620428344,4688.65794490914,2344.3289724545807,1887.8022287129486,5.261581639130823e-05,5.261459200211583e-05,1.9027134405509394e-07,2.0194924411158044,0.06886774132172238,0.06290818252101536
2013-11-04,1600,D2_pca8_hmm3,select,pca_only,8,20,log_euclidean,0.01,7.419807250691064e-05,1962.7074808558375,5965.758635772129,74766.61553843938,37383.3077692197,35968.59850297678,3.2484870664120305e-05,3.248357635694928e-05,3.26016396733126e-08,2.6589483964905796,0.14995026898101585,0.12817669596534423
2013-11-04,1600,rolling,select,pca_only,8,20,log_euclidean,0.01,0.00017032556521985,4800.6096500365875,803.2128223630231,2799.104181023436,1399.5520905117232,916.7998030501622,7.048461926409077e-05,7.048332495691975e-05,6.34293424356566e-07,3.0356648989416564,0.182806707582275,0.1741641921016336
2013-11-04,1600,ledoit_wolf,select,pca_only,8,20,log_euclidean,0.01,7.65236173461192e-05,8545.758903530012,910.0750533158409,336.29611035952144,168.14805517976063,-276.68770284080136,3.3606561070903906e-05,3.360526676373288e-05,1.096244190668706e-05,1.2862912408479539,0.04669550025067292,0.02491158208219762
2013-11-04,1600,persistence,select,pca_only,8,20,log_euclidean,0.01,0.00011256329462639316,3625.7046960247862,1069.8772390858785,5205.45797877094,2602.728989385455,2083.1505141467687,5.826663678019385e-05,5.8265342473022826e-05,2.1011102145196986e-07,2.0911204487698,0.06599083489625251,0.06563734578787887
2013-11-11,1605,D2_pca8_hmm3,select,pca_only,8,20,log_euclidean,0.01,6.333978044898177e-05,2095.4431874043494,7180.039020064886,44654.95589399672,22327.477946998337,21230.078916237027,4.1102817391410485e-05,4.11021361993888e-05,4.0626249725267394e-08,2.382125192801082,0.10232366717764707,0.09343068468006722
2013-11-11,1605,rolling,select,pca_only,8,20,log_euclidean,0.01,0.00017827621341651357,4852.343761737131,977.7026373039332,2803.289378309469,1401.6446891547344,925.0223310698291,9.741160672577671e-05,9.741092553375501e-05,6.710259427030207e-07,2.9564862804262875,0.19200222792264435,0.18571737354481863
2013-11-11,1605,ledoit_wolf,select,pca_only,8,20,log_euclidean,0.01,6.473221240252245e-05,8580.979174859545,725.6853676511105,342.2513267959912,171.12566339799562,-276.24400527347973,2.375333330838865e-05,2.3752652116366958e-05,1.1208762328024493e-05,1.2306333893836243,0.05094201052963824,0.023266973521423994
2013-11-11,1605,persistence,select,pca_only,8,20,log_euclidean,0.01,9.930059574919992e-05,3621.9294581951604,1092.3476338115483,5866.994361999481,2933.4971809997396,2416.5157686761213,8.539776549261332e-05,8.539708430059162e-05,2.796206275715378e-07,2.414750914312673,0.09680448732147764,0.09615902806306088
2013-11-18,1610,D2_pca8_hmm3,select,pca_only,8,20,log_euclidean,0.01,5.9196704088169157e-05,2665.32746497248,4190.018418649404,44264.78821146015,22132.394105730073,21271.175740303304,3.864358012145355e-05,3.864287983650448e-05,2.9049734867454773e-08,2.188812252000486,0.07463873158704017,0.0743522923694822
2013-11-18,1610,rolling,select,pca_only,8,20,log_euclidean,0.01,0.00017907535777590529,4858.5897784840645,1037.891580453228,2774.7052878381196,1387.3526439190582,906.8981603136857,8.444259608528611e-05,8.444189580033704e-05,7.169249887057061e-07,3.1175969274064723,0.20325461800864492,0.1956205414258861
2013-11-18,1610,ledoit_wolf,select,pca_only,8,20,log_euclidean,0.01,6.346112017190725e-05,8614.447040013394,770.5307673537577,344.8795175797367,172.43975878986825,-277.23040069556066,3.005709419065977e-05,3.00563939057107e-05,1.1315011437079036e-05,1.1861956476228057,0.050313958847295906,0.02210799438537656
2013-11-18,1610,persistence,select,pca_only,8,20,log_euclidean,0.01,9.69641029937184e-05,3563.529023075751,1160.5412910505784,6071.446046810597,3035.7230234053027,2519.4368628101547,4.843248175576386e-05,4.8431781470814794e-05,1.7483496902500892e-07,2.0707242038732603,0.07225053881748886,0.06430012506486033
2013-11-25,1615,D2_pca8_hmm3,select,pca_only,8,20,log_euclidean,0.01,0.009783768113247689,2548.940384682086,5985.844562570415,247523.72822109394,123761.86411054697,122009.62592845436,2.993611349618775e-05,2.992939334558678e-05,4.4259637158895295e-08,2.447721578370669,0.10548846473089897,0.10407600755409989
2013-11-25,1615,rolling,select,pca_only,8,20,log_euclidean,0.01,0.009880757565216405,5121.620865993603,1048.884008911834,19083.347851359424,9541.673925679714,9037.473746173328,0.00012127404432455084,0.00012126732417394987,7.840685439835776e-07,3.263117393221227,0.22186698161258422,0.21195533638486866
2013-11-25,1615,ledoit_wolf,select,pca_only,8,20,log_euclidean,0.01,0.009735303412591607,8649.676299441595,772.3930630057207,578.8939556043217,289.4469778021611,-93.4531498269833,4.0306043907791645e-05,4.0299323757190675e-05,1.1593425798983199e-05,1.2014367613894863,0.05106346553671774,0.022906309048194545
2013-11-25,1615,persistence,select,pca_only,8,20,log_euclidean,0.01,0.00979963317815305,3789.0474501074023,1318.334672595274,43301.1286197035,21650.564309851758,20973.10834739876,8.661228790447229e-05,8.660556775387132e-05,1.5176031317231832e-07,2.019598549504231,0.07011192894305328,0.062178248379677815
2013-12-03,1620,D2_pca8_hmm3,select,pca_only,8,20,log_euclidean,0.01,0.009741936311861018,2399.2405953604966,5693.069281939352,204398.29743225142,102199.14871612571,100560.90479134582,3.9142438578428e-05,3.9126756736173484e-05,5.053957314396614e-08,2.4323270206413024,0.09796884361164819,0.09315229125978997
2013-12-03,1620,rolling,select,pca_only,8,20,log_euclidean,0.01,0.009839815595992564,5143.728689215642,996.3474903078009,18132.92501373595,9066.462506867976,8568.687596962689,0.0001304741344857728,0.00013045845264351828,7.068073957265619e-07,3.2377623280807497,0.19162088621493442,0.18414862575763952
2013-12-03,1620,ledoit_wolf,select,pca_only,8,20,log_euclidean,0.01,0.009689930515502161,8742.724704045642,939.9106117309041,547.804314241414,273.9021571207069,-113.74826436780843,3.516917695760961e-05,3.5153495115355094e-05,1.0544680196244635e-05,1.18884443262844,0.04300201451606175,0.020245843114620087
2013-12-03,1620,persistence,select,pca_only,8,20,log_euclidean,0.01,0.009767425701873191,3720.6561687338217,1329.4510343434108,36393.093115081014,18196.54655754051,17594.569195733067,8.165516663075804e-05,8.163948478850353e-05,1.60979549560143e-07,1.9041979115639356,0.08887520944858661,0.058974312871910725
2013-12-10,1625,D2_pca8_hmm3,select,pca_only,8,20,log_euclidean,0.01,0.014483782098171506,2663.2608564084794,5458.272517325198,14443.96474622862,7221.982373114307,6745.472469598967,3.443897180207237e-05,3.441721933124526e-05,6.025881594950565e-07,2.174105920336106,0.08240994837616933,0.07756103131836009
2013-12-10,1625,rolling,select,pca_only,8,20,log_euclidean,0.01,0.009760796890246871,5010.822018555553,989.4268014677154,23572.47545213876,11786.23772606938,11204.035012244723,0.000201246308486818,0.00020122455601599088,5.340268875005985e-07,3.188831561252138,0.19609538151943195,0.1898149027414399
2013-12-10,1625,ledoit_wolf,select,pca_only,8,20,log_euclidean,0.01,0.009730027885240817,7728.477716961267,807.6721396313787,975.9956012020909,487.9978006010452,95.2324320358563,4.108900672166348e-05,4.106725425083637e-05,9.145581261752043e-06,1.7396873118305007,0.09383621055808067,0.05669044126250799
2013-12-10,1625,persistence,select,pca_only,8,20,log_euclidean,0.01,0.009779786602762039,3687.212647692184,1256.907341059693,39913.36498668484,19956.68249334242,19286.632131240076,4.412189804714765e-05,4.4100145576320544e-05,1.0153761007571874e-07,1.626987949876358,0.05356791795463154,0.03997954041440884
2013-12-17,1630,D2_pca8_hmm3,select,pca_only,8,20,log_euclidean,0.01,0.009696737088437773,2081.5898533481086,5838.673119121562,318773.4144434192,159386.70722170957,157293.03944134107,0.00020052226308523715,0.00020050711646255298,3.256348023655606e-08,2.2984767383788145,0.10119477191908735,0.09204111259336063
2013-12-17,1630,rolling,select,pca_only,8,20,log_euclidean,0.01,0.009683095126525728,4998.0233295067355,914.4269265528262,22334.279023533756,11167.13951176688,10673.15771429321,0.00018262055465090917,0.000182605408028225,7.640326258961525e-07,3.4603872468476933,0.27837923442029633,0.26829369612940557
2013-12-17,1630,ledoit_wolf,select,pca_only,8,20,log_euclidean,0.01,0.009660312480677695,7773.26466737866,852.0578336625579,941.6567306067443,470.82836530337204,82.9084026771172,2.9398260775260583e-05,2.9383114152576422e-05,1.1326494671720462e-05,1.6733325997340307,0.11053315620590415,0.05669739576203282
2013-12-17,1630,persistence,select,pca_only,8,20,log_euclidean,0.01,0.009711789482663493,3680.0831909308345,1326.292457827682,41352.2340226658,20676.117011332914,20123.62313768693,8.492364630305642e-05,8.490849968037225e-05,1.0172058211851712e-07,1.6295865270697107,0.05969743538114122,0.042042795529670426
2013-12-24,1635,D2_pca8_hmm3,select,pca_only,8,20,log_euclidean,0.01,0.0689883246463327,2018.6437875939766,5085.535830567782,460440.9357180079,230220.46785900395,228051.26261493508,0.00018091289462631731,0.00018085618947686035,5.853520413464224e-08,2.3658460142094984,0.11174524107942543,0.10624057423335524
2013-12-24,1635,rolling,select,pca_only,8,20,log_euclidean,0.01,0.07051499510262085,5055.374281808285,991.7710048141528,29398.596121042774,14699.298060521389,14280.551655548785,0.0016858113750937635,0.0016857546699443064,1.610464980310002e-06,3.3337936910443937,0.24879301320781866,0.22712516201287597
2013-12-24,1635,ledoit_wolf,select,pca_only,8,20,log_euclidean,0.01,0.0687474949525493,9921.165421457898,1564.3930534423282,611.2899726223432,305.6449863111717,-42.80938644214612,8.663021013793037e-05,8.657350498847341e-05,7.924013844576074e-06,1.0,0.013200801719093814,0.010168707924784161
2013-12-24,1635,persistence,select,pca_only,8,20,log_euclidean,0.01,0.0786745904096528,3772.262784273039,1380.6617949104616,19832.763686940925,9916.381843470459,9509.830108276805,0.0006737863439937715,0.0006737296388443146,4.93162467604838e-07,1.517086959589608,0.053883014191930034,0.03969572053294978
2014-01-02,1640,D2_pca8_hmm3,select,pca_only,8,20,log_euclidean,0.01,0.06882510667088869,2127.663256012887,4644.730520639869,729560.5232486485,364780.26162432425,363419.5331581434,6.07469643034558e-05,6.068095123516754e-05,4.110195022123044e-08,2.3737081626148613,0.11359052629193557,0.10417102102536983
2014-01-02,1640,rolling,select,pca_only,8,20,log_euclidean,0.01,0.07032128419762415,4995.046276031697,1014.7976627977424,30485.719528587404,15242.859764293704,14866.311954161516,0.0024400671022643573,0.002440001089196069,1.1467937179602433e-06,3.019333185614788,0.18118127105444742,0.1656287297842139
2014-01-02,1640,ledoit_wolf,select,pca_only,8,20,log_euclidean,0.01,0.06857431699561219,9885.708226940655,1637.9820788817265,624.4694969859552,312.2347484929778,-31.599691737660827,0.00010714113683876675,0.00010707512377047849,7.4896394535012564e-06,0.9999999999999999,0.012744659169951381,0.010152915253283708
2014-01-02,1640,persistence,select,pca_only,8,20,log_euclidean,0.01,0.07850105195538194,3881.6895176785683,1287.599668350862,21821.255000733847,10910.627500366923,10550.640551177084,0.001056041923617637,0.0010559759105493488,5.787976735657329e-07,1.7199298416457296,0.05786664493284911,0.04842494255041291
2014-01-09,1645,D2_pca8_hmm3,select,pca_only,8,20,log_euclidean,0.01,0.06901095330746704,2184.4561437903094,3182.8149069705596,1212508.9866081288,606254.4933040644,604755.9461597565,8.727268136215123e-05,8.72339500620981e-05,3.4444079796066746e-08,2.7770741822148453,0.15803509400193105,0.1390485347904294
2014-01-09,1645,rolling,select,pca_only,8,20,log_euclidean,0.01,0.0704540402370865,5092.188126137205,1352.1038827098023,31883.347846742014,15941.673923371009,15632.08159340678,0.0026652748644752423,0.0026652361331751893,1.0917669041471767e-06,2.9491277691788866,0.1770576546803985,0.1633620732118238
2014-01-09,1645,ledoit_wolf,select,pca_only,8,20,log_euclidean,0.01,0.06875349381656694,9844.758350450391,2301.5691173125037,643.3272471386877,321.6636235693438,-19.375779463528676,0.00016716545340416907,0.00016712672210411592,7.34149711222513e-06,0.9999999999999997,0.012822710806045828,0.010148036056252217
2014-01-09,1645,persistence,select,pca_only,8,20,log_euclidean,0.01,0.07864857677871258,3869.629148793223,1584.2403703128534,22183.504027092713,11091.752013546355,10749.7746575307,0.0010116364234966997,0.0010115976921966465,5.769132817331271e-07,1.7306621403416491,0.05563908438119873,0.04791071223306569
2014-01-16,1650,D2_pca8_hmm3,select,pca_only,8,20,log_euclidean,0.01,0.06911783386633422,2472.5013581695066,3049.0293058983743,777202.2042398668,388601.1021199334,387525.7844842538,6.298598164329548e-05,6.292424908822568e-05,3.749281570032839e-08,2.4623357724136388,0.11540595720001971,0.10784747267357453
2014-01-16,1650,rolling,select,pca_only,8,20,log_euclidean,0.01,0.07055215946233852,5061.3921644339825,1076.5372931030179,27518.99046872031,13759.495234360154,13421.925625484844,0.0009386763215819981,0.0009386145890269283,1.1842177623306925e-06,3.161717815713269,0.19082100946901812,0.17586787889370092
2014-01-16,1650,ledoit_wolf,select,pca_only,8,20,log_euclidean,0.01,0.0688743512710149,9843.753571113371,2092.4760907322593,637.5227601167442,318.76138005837214,-22.948657007365803,0.00015104413598560833,0.0001509824034305385,7.820139324467344e-06,1.0,0.013633896628981509,0.010226369352855194
2014-01-16,1650,persistence,select,pca_only,8,20,log_euclidean,0.01,0.07863789099663086,3888.964863225536,1291.4847783757314,22277.144566536397,11138.5722832682,10758.803945346617,0.00021680710078431624,0.00021674536822924642,5.535975532329824e-07,1.714875290205633,0.05440474243013882,0.04550719947304197
2014-01-24,1655,D2_pca8_hmm3,select,pca_only,8,20,log_euclidean,0.01,0.0001715091180797689,3119.3898666224263,1901.3732244800958,11282.547388521716,5641.273694260854,5240.0752927873755,9.956523260672036e-05,9.956341105252319e-05,1.4503402046179346e-07,2.232678289024968,0.08030286497246604,0.07942888422374766
2014-01-24,1655,rolling,select,pca_only,8,20,log_euclidean,0.01,0.012705542240031125,4954.6579153844095,1085.6470721522398,798.9646602713204,399.4823301356628,-34.952378381082404,5.4999445646424006e-05,5.499762409222684e-05,2.2789946105425257e-06,2.5322150562381944,0.13677806639048162,0.11351196836491448
2014-01-24,1655,ledoit_wolf,select,pca_only,8,20,log_euclidean,0.01,0.00037141877159217957,11655.372057247743,1895.1330135545782,425.90281728072034,212.9514086403606,-219.08307302483726,9.879427239539875e-05,9.879245084120158e-05,1.7125728783539697e-05,0.9999999999999999,0.011690551192657255,0.010086749353936341
2014-01-24,1655,persistence,select,pca_only,8,20,log_euclidean,0.01,0.06887351763807992,3655.891150923511,1140.9579360313555,754.0259246150686,377.01296230752655,-58.176297639355354,6.70652981852232e-05,6.706347663102603e-05,1.4179513505390303e-06,1.6562349705006103,0.08570082847884633,0.047702157313349876
2014-01-31,1660,D2_pca8_hmm3,select,pca_only,8,20,log_euclidean,0.01,6.286263576739376e-05,1999.2075428235114,4043.4699689257313,28859.34600417319,14429.673002086585,13645.686420734735,5.2270901972947286e-05,5.226949653295433e-05,6.044716144674749e-08,2.4620835345702137,0.11975528726034168,0.11216188134689543
2014-01-31,1660,rolling,select,pca_only,8,20,log_euclidean,0.01,0.012702092589753366,4978.86075973119,846.262429590993,617.2919027718942,308.64595138594575,-140.56417677670578,3.755034319836661e-05,3.754893775837365e-05,2.467570213577378e-06,2.565692614520525,0.14523015311243392,0.11881059455283853
2014-01-31,1660,ledoit_wolf,select,pca_only,8,20,log_euclidean,0.01,0.0003274352637422349,11697.255458354886,1754.9732539213155,450.3978006976871,225.19890034884344,-221.17313354055113,7.785778109110493e-05,7.785637565111198e-05,1.8091215238598995e-05,1.0,0.011830866055878934,0.010110109567832084
2014-01-31,1660,persistence,select,pca_only,8,20,log_euclidean,0.01,0.06876361832548755,3765.615512207979,970.6754134800484,604.7828778557486,302.39143892787365,-149.00057353487978,4.561383673069929e-05,4.561243129070634e-05,1.6095894682822669e-06,1.834018065129593,0.07217550555227563,0.05258222119495767
2014-02-07,1665,D2_pca8_hmm3,select,pca_only,8,20,log_euclidean,0.01,0.0007035554429449755,2259.08471673453,4778.280035260115,110682.7873110522,55341.393655526095,54022.72703103209,4.240981916695559e-05,4.2407678220797295e-05,3.019997098453854e-08,2.478198694412099,0.10394776554529866,0.10277287737003468
2014-02-07,1665,rolling,select,pca_only,8,20,log_euclidean,0.01,0.013364627909660635,5101.590229479509,790.861140819118,1389.2801405928303,694.6400702964154,254.65999567531293,4.470009526348046e-05,4.469795431732217e-05,2.547050224401782e-06,2.68071223489711,0.147167569393143,0.12540849190060882
2014-02-07,1665,ledoit_wolf,select,pca_only,8,20,log_euclidean,0.01,0.0008904929551083454,11739.429077832654,883.361310188789,425.4385085837937,212.71925429189702,-215.5909602227429,3.2271615023576104e-05,3.226947407741781e-05,1.9110815142995805e-05,1.0000000000000002,0.012149729964014927,0.010126564155377995
2014-02-07,1665,persistence,select,pca_only,8,20,log_euclidean,0.01,0.06961376351929288,3795.408799297124,1582.52507838304,1112.6586959107037,556.3293479553536,118.4085331663332,3.18214565874641e-05,3.1819315641305805e-05,2.037941105248102e-06,2.072283706735349,0.06704493167686347,0.06582348279387168
2014-02-14,1670,D2_pca8_hmm3,select,pca_only,8,20,log_euclidean,0.01,0.0006923450825995283,2258.1009116385194,4709.986504658799,65953.58562076456,32976.792810382285,32091.857842539284,3.123597196701929e-05,3.12327465443547e-05,5.398800979362522e-08,2.649010040879426,0.11487433976816772,0.1114798273749374
2014-02-14,1670,rolling,select,pca_only,8,20,log_euclidean,0.01,0.013348672341151965,5039.111396961114,709.2510863640834,1363.4634539428203,681.7317269714167,243.23832518529517,4.229463264556952e-05,4.229140722290493e-05,2.9487446502016597e-06,2.8523010935432205,0.17140192581394031,0.14455765686583297
2014-02-14,1670,ledoit_wolf,select,pca_only,8,20,log_euclidean,0.01,0.0008836319959471444,11734.580020851794,1197.5107803797232,425.51720947584056,212.75860473792028,-215.79220922243226,4.4727670910257845e-05,4.4724445487593254e-05,1.9346848583541845e-05,1.0,0.012231496453646047,0.010140162186815172
2014-02-14,1670,persistence,select,pca_only,8,20,log_euclidean,0.01,0.06968804143834856,3699.372760521709,1114.7678014708558,1072.0964814840802,536.0482407420423,98.17202479994651,3.388501812768997e-05,3.3881792705025376e-05,2.4123555204137942e-06,2.2475902356238895,0.08003713309077926,0.07805231694167365
2014-02-24,1675,D2_pca8_hmm3,select,pca_only,8,20,log_euclidean,0.01,0.0006832810238581229,1957.6353957254855,4945.28155147726,114433.05427407516,57216.52713703757,56454.47469411696,2.9948290680443642e-05,2.9945003572636926e-05,3.090982503033812e-08,2.500032382179597,0.11860586441700925,0.10972714581769266
2014-02-24,1675,rolling,select,pca_only,8,20,log_euclidean,0.01,0.013321834182711866,5066.642295607904,754.2240157169541,1456.9585590098568,728.4792795049252,297.98658271639357,3.0823497606654e-05,3.082021049884729e-05,3.406700233778537e-06,2.9089847970210188,0.19845056975906195,0.15997488121955492
2014-02-24,1675,ledoit_wolf,select,pca_only,8,20,log_euclidean,0.01,0.0008681814900195676,11727.42877470551,1203.4081842307783,423.2591853855399,211.6295926927699,-215.46117944287212,4.54244368071705e-05,4.542114969936379e-05,1.9348691714336056e-05,0.9999999999999999,0.012226413625696696,0.010145735965793616
2014-02-24,1675,persistence,select,pca_only,8,20,log_euclidean,0.01,0.0007637276926748352,3542.865678763609,994.7175214273615,8493.838500805708,4246.91925040285,3778.829064617084,4.0737014329931955e-05,4.073372722212524e-05,2.83418976815042e-07,2.25449999292724,0.08120823802239545,0.08091966586898108
2014-03-03,1680,D2_pca8_hmm3,select,pca_only,8,20,log_euclidean,0.01,0.00071814799705398,1988.2793676173806,4527.240567652372,117907.70940171825,58953.85470085913,58406.36908439947,5.4010691263695136e-05,5.4007901487317636e-05,3.1847966790774466e-08,2.495934024529093,0.11926846939137549,0.11266012945829071
2014-03-03,1680,rolling,select,pca_only,8,20,log_euclidean,0.01,0.013312179729747816,4987.458674450812,729.7239143536822,1462.6205537603396,731.3102768801675,305.59174135150056,2.7899415916710467e-05,2.7896626140332967e-05,2.6585178870340078e-06,2.5920099961773064,0.15516935546794297,0.12928247918299876
2014-03-03,1680,ledoit_wolf,select,pca_only,8,20,log_euclidean,0.01,0.000896163975545515,11721.412685612162,1392.4268058542998,418.3853255969482,209.19266279847412,-214.86696201487152,5.438732555040549e-05,5.438453577402799e-05,1.914000675029228e-05,1.0,0.012440838562042008,0.010149664507924261
2014-03-03,1680,persistence,select,pca_only,8,20,log_euclidean,0.01,0.0007302680205510379,3447.0916366537504,883.8395867242762,11379.52470669196,5689.762353345992,5219.426675273643,4.316952662967022e-05,4.316673685329272e-05,2.0126056936352218e-07,2.131756643127823,0.07913065346491553,0.07675852513057815
2014-03-10,1685,D2_pca8_hmm3,select,pca_only,8,20,log_euclidean,0.01,0.0013422904666495102,2039.328675047654,4706.865221871709,133985.99384866355,66992.99692433178,66492.61294551489,5.046461991108956e-05,5.0460652855168155e-05,4.499485520032405e-08,2.497755951026738,0.11002620551962518,0.10494098220287201
2014-03-10,1685,rolling,select,pca_only,8,20,log_euclidean,0.01,0.012366857503235823,4907.622175595196,799.961784644488,2897.2339954433583,1448.6169977216812,1031.5280092649145,3.6913627138582836e-05,3.690966008266143e-05,2.1746355294473832e-06,2.9573604578116917,0.16496255965318324,0.14524575082076951
2014-03-10,1685,ledoit_wolf,select,pca_only,8,20,log_euclidean,0.01,0.0013983923221420028,11198.289654866348,1586.8430791935261,378.9939728877002,189.49698644385035,-213.88565397751054,6.523608668209009e-05,6.523211962616869e-05,1.575164939189893e-05,1.0,0.013945726055439641,0.01021915140555773
2014-03-10,1685,persistence,select,pca_only,8,20,log_euclidean,0.01,0.0020031434556079925,3571.989510207337,1273.6837117795571,13167.940296000283,6583.970148000142,6151.9937096539825,5.661652722494406e-05,5.661256016902266e-05,2.011390628169086e-07,1.6299171002390431,0.08276896652066094,0.04816469621268561
2014-03-17,1690,D2_pca8_hmm3,select,pca_only,8,20,log_euclidean,0.01,0.07228840827023064,4072.438150177528,1102.4512323294975,1818.6716123778106,909.3358061889061,505.79670545577653,7.967177674803619e-05,7.966358135270068e-05,2.2083848879202427e-06,2.071717459863219,0.0757937528765334,0.06772410720567537
2014-03-17,1690,rolling,select,pca_only,8,20,log_euclidean,0.01,0.012457993417886093,5061.855593967735,919.9715144981049,2777.732511675942,1388.866255837967,972.3342421398444,7.434319835013096e-05,7.433500295479545e-05,2.436741884414192e-06,2.908389463975152,0.17134063294351637,0.1504541214221957
2014-03-17,1690,ledoit_wolf,select,pca_only,8,20,log_euclidean,0.01,0.001512105948356979,11344.662150457954,2094.144869787573,379.42480788648174,189.712403943241,-210.80511849909004,9.490749480238456e-05,9.489929940704905e-05,1.705222320480903e-05,1.0,0.01349508658270369,0.01023141732207079
2014-03-17,1690,persistence,select,pca_only,8,20,log_euclidean,0.01,0.0020492515273589753,3537.495873611405,1164.3542306326326,12820.38935237858,6410.194676189298,5956.60144858203,6.927444338140611e-05,6.92662479860706e-05,2.605888416528719e-07,1.8816007918707005,0.08060876700283454,0.06138156679638014
2014-03-24,1695,D2_pca8_hmm3,select,pca_only,8,20,log_euclidean,0.01,0.0020499055712934755,3185.2615395562925,2235.1804765977636,32430.634519539817,16215.317259769921,15621.847901856974,0.00012295537607852962,0.0001229418943756384,1.8369948016247215e-07,2.2832254696344507,0.08106934929787458,0.08019325693888567
2014-03-24,1695,rolling,select,pca_only,8,20,log_euclidean,0.01,0.012981216401291174,5066.831440480423,943.0287124233565,3265.779331104816,1632.8896655524047,1226.4026423351365,6.187455099190684e-05,6.186106928901564e-05,2.353712581588023e-06,2.904358019589053,0.16489166755590123,0.146388595749757
2014-03-24,1695,ledoit_wolf,select,pca_only,8,20,log_euclidean,0.01,0.002036851327912689,11360.79820245344,2198.7043532281123,371.2613997466243,185.63069987331215,-202.7750129042938,0.00010046134258429249,0.00010044786088140129,1.7239618970851132e-05,0.9999999999999999,0.013654636907031219,0.010245220674414295
2014-03-24,1695,persistence,select,pca_only,8,20,log_euclidean,0.01,0.002590621932402215,3578.3683701349196,1163.2816535514476,16103.712453100752,8051.856226550377,7579.945590638619,6.912359588309601e-05,6.911011418020481e-05,2.9466285672305454e-07,2.0492885683495783,0.07111127300272965,0.06806979134318936
2014-03-31,1700,D2_pca8_hmm3,select,pca_only,8,20,log_euclidean,0.01,0.0020874616866455808,2825.6139603673637,3178.9684277436554,42582.034051364855,21291.017025682424,20844.053560281165,8.265852226855063e-05,8.264552509103807e-05,1.3588177591602085e-07,2.069325736882842,0.07507292014668149,0.071333236241578
2014-03-31,1700,rolling,select,pca_only,8,20,log_euclidean,0.01,0.012998773941580843,5170.016523967119,945.1325578008224,3484.8656146813582,1742.4328073406793,1335.2214822429835,7.53799424713629e-05,7.536694529385034e-05,2.320285915372501e-06,2.8968915067649146,0.16374359582179213,0.14466887915761578
2014-03-31,1700,ledoit_wolf,select,pca_only,8,20,log_euclidean,0.01,0.002084558182865122,11349.436860324875,1922.3532759208924,368.00585943339786,184.00292971669847,-201.09929330753903,0.00010259478951391975,0.00010258179233640719,1.685985838924822e-05,1.0,0.012834205981500407,0.010210282949358456
2014-03-31,1700,persistence,select,pca_only,8,20,log_euclidean,0.01,0.0026471147194552756,3687.436738384584,1058.3287488906994,15975.811612758556,7987.905806379279,7514.842287420257,0.00010768349569932006,0.0001076704985218075,3.006009582867623e-07,2.034465037331111,0.08824757774655526,0.06576863788110769
2014-04-07,1705,D2_pca8_hmm3,select,pca_only,8,20,log_euclidean,0.01,0.0007044761476824653,2099.0097501382993,4815.174838305765,84126.59613639528,42063.29806819766,41006.0523973491,5.010271159119053e-05,5.00983492563643e-05,4.2299584601687314e-08,2.294237166112343,0.1224498008768286,0.10334146067039236
2014-04-07,1705,rolling,select,pca_only,8,20,log_euclidean,0.01,0.0008648275515165617,4888.708878196099,665.3691259216591,2411.178309219935,1205.589154609965,749.2033533357479,6.826093949211023e-05,6.8256577157284e-05,9.777511761847814e-07,3.1317005039597667,0.17273738324053942,0.16512539535242274
2014-04-07,1705,ledoit_wolf,select,pca_only,8,20,log_euclidean,0.01,0.0006869853620761494,9452.408265479866,1391.402383401824,334.72056940236587,167.36028470118265,-248.66865826649897,4.196881087302921e-05,4.1964448538202985e-05,1.5630906942313813e-05,1.147617660590574,0.03051060099650943,0.018013493823219647
2014-04-07,1705,persistence,select,pca_only,8,20,log_euclidean,0.01,0.0018315694240810287,3424.5520773563658,807.5383639470333,3877.110821496016,1938.555410748002,1483.0660703814453,8.703672706550261e-05,8.703236473067638e-05,4.6052825739827684e-07,2.1478684611507437,0.06275264901599638,0.06457413532837142
2014-04-14,1710,D2_pca8_hmm3,select,pca_only,8,20,log_euclidean,0.01,0.0006281691254729354,2142.477446806659,6305.72387571506,76731.51281963428,38365.75640981715,37550.67262052537,7.092488666972396e-05,7.092286582549018e-05,4.2163497274014624e-08,2.482389351799263,0.11419631973624221,0.1114236395604902
2014-04-14,1710,rolling,select,pca_only,8,20,log_euclidean,0.01,0.0008895451492778638,4771.206211430729,880.708288517915,2694.9823540278544,1347.4911770139233,908.1695759683741,9.772120652714607e-05,9.77191856829123e-05,1.797615910101549e-06,4.1090122550712005,0.1514023699594316,0.28446197656703986
2014-04-14,1710,ledoit_wolf,select,pca_only,8,20,log_euclidean,0.01,0.000618415531251242,9371.815727671848,805.5192765764433,346.8630151218071,173.43150756090336,-246.41769553001782,1.7908800459761898e-05,1.7906779615528125e-05,1.7075200111025784e-05,1.1867272228587877,0.030491089381527805,0.01959753667648944
2014-04-14,1710,persistence,select,pca_only,8,20,log_euclidean,0.01,0.0018615933126677128,3400.1331130741546,1319.6057894275066,3394.500098449821,1697.250049224907,1262.4323190486916,8.217923089037682e-05,8.217721004614305e-05,6.628089696556101e-07,2.4401714432951658,0.07561574757292032,0.08671086677183859
2014-04-22,1715,D2_pca8_hmm3,select,pca_only,8,20,log_euclidean,0.01,9.032090482510483e-05,1955.3832755904982,5733.04373065234,65136.79675829407,32568.39837914704,31234.39364018633,4.272088084558725e-05,4.271932473550203e-05,2.674183961771125e-08,2.811175157698436,0.1388714339341859,0.12833612225543645
2014-04-22,1715,rolling,select,pca_only,8,20,log_euclidean,0.01,0.00043822373235149787,4749.524120078708,828.4700559419159,1358.7824908293799,679.3912454146899,215.882322925211,5.7005319252235935e-05,5.700376314215071e-05,1.4612491793201101e-06,3.5453510406659636,0.12765411446475713,0.2167362744363849
2014-04-22,1715,ledoit_wolf,select,pca_only,8,20,log_euclidean,0.01,0.00010188959406255876,9618.251116400475,1008.2125848286912,360.7686648560639,180.38433242803228,-264.3207826385402,2.5665556661744805e-05,2.5664000551659586e-05,1.3341622784230499e-05,1.053670071494226,0.022493127502932673,0.014470693504557815
2014-04-22,1715,persistence,select,pca_only,8,20,log_euclidean,0.01,0.0019040012831308155,3562.799086995408,1346.3884457862025,1476.8297006320056,738.4148503160129,268.514921128136,3.788424734793734e-05,3.7882691237852114e-05,8.646902355495808e-07,2.430878492891556,0.06488753649836551,0.08640289168219126
2014-04-29,1720,D2_pca8_hmm3,select,pca_only,8,20,log_euclidean,0.01,0.0001547782959394598,2820.1807389237943,3061.824273071329,5546.079080389722,2773.039540194872,2238.90830138809,3.799914821303002e-05,3.799775328278813e-05,1.876223195899941e-07,2.467362487850336,0.09492141865378687,0.09405825302684706
2014-04-29,1720,rolling,select,pca_only,8,20,log_euclidean,0.01,0.0004307394067527072,4709.666949079994,657.1074324003481,1039.8534668736297,519.926733436816,46.03156505785158,3.4132930752083076e-05,3.413153582184119e-05,1.411276975586001e-06,3.521225149871288,0.1235515501485272,0.20361832159659307
2014-04-29,1720,ledoit_wolf,select,pca_only,8,20,log_euclidean,0.01,6.327642495802478e-05,9639.062324288894,1138.4700544413245,380.2698830873126,190.1349415436564,-268.7749806577982,2.6849746541462458e-05,2.684835161122057e-05,1.3182767609693877e-05,1.0553131248776324,0.02261286514658056,0.01463620510010557
2014-04-29,1720,persistence,select,pca_only,8,20,log_euclidean,0.01,0.0019757143283313837,3585.2747260437445,1011.6649219894415,1118.6477977206985,559.3238988603415,81.86222420275622,3.476583708889734e-05,3.4764442158655455e-05,8.208442862039227e-07,2.30391266079501,0.06857722938133863,0.07833869016038682
2014-05-06,1725,D2_pca8_hmm3,select,pca_only,8,20,log_euclidean,0.01,0.00022037370810294748,1947.5043520776478,5916.658673964181,6899.983189807839,3449.9915949039028,2900.890627462236,3.6467519021586155e-05,3.6466464967232725e-05,1.7857230688820245e-07,2.3571725088166677,0.10187087330522378,0.09492988397888578
2014-05-06,1725,rolling,select,pca_only,8,20,log_euclidean,0.01,0.00044415053569136847,4736.575517035089,690.066902477244,990.9621524291645,495.4810762145797,17.43176020104546,2.8413553554916647e-05,2.8412499500563217e-05,1.3406230211458162e-06,3.372648130477912,0.1348171118685388,0.19411016883080115
2014-05-06,1725,ledoit_wolf,select,pca_only,8,20,log_euclidean,0.01,5.729403109105326e-05,9644.308022031579,1069.0184880211473,388.8796346559025,194.4398173279513,-269.79293495061984,2.2949130226440322e-05,2.2948076172086892e-05,1.3062209249693837e-05,1.0504370048250369,0.023454555132424816,0.014720745768827417
2014-05-06,1725,persistence,select,pca_only,8,20,log_euclidean,0.01,0.0006536965684699983,3411.967107101341,969.2950704681421,1920.0322635348225,960.0161317674183,466.6035871580772,3.089744247001342e-05,3.089638841565999e-05,3.942989426778246e-07,2.250858211248104,0.07209561664911841,0.0734972469266695
2014-05-13,1730,D2_pca8_hmm3,select,pca_only,8,20,log_euclidean,0.01,0.035328351717907505,2163.6605778274024,5775.088589787001,133051.35626479267,66525.67813239634,65437.798676418,0.00012727483645099067,0.00012723104038342938,1.4921118946933733e-07,2.3241597438001853,0.10128702879357704,0.09299063574234402
2014-05-13,1730,rolling,select,pca_only,8,20,log_euclidean,0.01,0.03560174106448032,4865.412386936288,723.4118816585585,17117.2315744671,8558.61578723355,8081.129531893954,0.00038048843075047046,0.00038044463468290917,1.777419033797284e-06,3.826522258620285,0.1531441004644598,0.246870825902477
2014-05-13,1730,ledoit_wolf,select,pca_only,8,20,log_euclidean,0.01,0.03507070765203834,9666.488412420567,1035.5860950766528,551.9409743052254,275.9704871526126,-89.96877912761309,0.00010026569264462361,0.00010022189657706231,1.4334490930392215e-05,1.067119734008449,0.025368666780278184,0.015758924732021687
2014-05-13,1730,persistence,select,pca_only,8,20,log_euclidean,0.01,0.03566451160352584,3518.4238710129353,941.2562588903075,29037.518181894528,14518.759090947264,13933.064736221753,7.165617639807699e-05,7.161238033051569e-05,2.1709044254741048e-07,1.7037624164939613,0.06120878639208649,0.04477429965797605
2014-05-20,1735,D2_pca8_hmm3,select,pca_only,8,20,log_euclidean,0.01,0.03510919634151205,2314.6315731851523,5834.407087875553,245000.7130990948,122500.3565495474,121239.71596573996,0.00035285634949652723,0.0003528171550153845,6.718826720692308e-08,2.4096403233237758,0.10132430847154444,0.09832609300019271
2014-05-20,1735,rolling,select,pca_only,8,20,log_euclidean,0.01,0.03548640203686011,4902.330602504238,823.4643327614169,16166.967867146619,8083.483933573309,7637.528553434144,0.0011940792919993865,0.0011940400975182436,1.4634557534903183e-06,3.6744694412135233,0.12264053504026191,0.20465078921273
2014-05-20,1735,ledoit_wolf,select,pca_only,8,20,log_euclidean,0.01,0.034939408033899874,9690.601858375932,798.5917520089474,547.0169801277233,273.50849006386153,-93.65110146699041,9.121635859304217e-05,9.117716411189942e-05,1.4319181118238974e-05,1.0638305911585995,0.024728631341238528,0.01569828952786015
2014-05-20,1735,persistence,select,pca_only,8,20,log_euclidean,0.01,0.03501103470895404,3414.2673274191843,1014.6408560624719,52289.14191061521,26144.570955307605,25471.301142936598,9.596722535347175e-05,9.592803087232899e-05,1.618390808148272e-07,1.9435560966371983,0.06349813390900676,0.05915634456626175
2014-05-28,1740,D2_pca8_hmm3,select,pca_only,8,20,log_euclidean,0.01,0.034938784738610375,2586.8928672867073,5728.638766466542,152660.5190424716,76330.2595212358,75540.6278691252,0.00011819918511772493,0.00011815949785967764,1.1786735930335226e-07,2.3230983597669375,0.09595798997302617,0.09224399185349072
2014-05-28,1740,rolling,select,pca_only,8,20,log_euclidean,0.01,0.03517085413594398,4904.734324441158,799.4671553660819,19114.636557003505,9557.318278501753,9125.8550286503,0.0009580554531920094,0.0009580157659339621,1.2536873886750043e-06,3.5932402382312163,0.13357913653957096,0.2098178769897799
2014-05-28,1740,ledoit_wolf,select,pca_only,8,20,log_euclidean,0.01,0.03475466237903213,9306.684744493246,730.8850375681418,618.60561253817,309.30280626908495,-56.77358904447823,0.00010508601036920165,0.00010504632311115437,1.3971363975254456e-05,1.1457542185287402,0.0279547243349861,0.018991119774299438
2014-05-28,1740,persistence,select,pca_only,8,20,log_euclidean,0.01,0.034883781319527754,3448.991334063082,994.1003160486525,90108.60450271472,45054.30225135737,44418.74455960529,0.00023695759533937628,0.000236917908081329,1.4970235242190571e-07,2.1271248105277505,0.0708858347016294,0.07383010531322069
2014-06-04,1745,D2_pca8_hmm3,select,pca_only,8,20,log_euclidean,0.01,0.03493966598791873,2576.1883001458446,5522.143252371796,152383.26010387062,76191.63005193531,75387.51728377107,0.00011141452027577059,0.00011134370891116394,1.1786735930335282e-07,2.3230983597669743,0.09595798997302434,0.092243991853491
2014-06-04,1745,rolling,select,pca_only,8,20,log_euclidean,0.01,0.035159006049490266,4799.594097659516,758.0002644304639,19433.55992461069,9716.779962305347,9288.70097825632,0.001671267695709332,0.0016711968843447255,1.2858122232705517e-06,3.5441839996234323,0.12707559001357938,0.21998486079765978
2014-06-04,1745,ledoit_wolf,select,pca_only,8,20,log_euclidean,0.01,0.03475510010210323,9295.13565274009,799.0036415211441,618.5374052148965,309.2687026074478,-57.249288506458775,8.370455032775773e-05,8.363373896315108e-05,1.3045463567126225e-05,1.1239547135456955,0.031745392961006286,0.01803493287031774
2014-06-04,1745,persistence,select,pca_only,8,20,log_euclidean,0.01,0.03487477084939816,3444.4820881829037,967.0771304862112,97896.93558127459,48948.467790637296,48369.472509962805,0.00024038225021034304,0.00024031143884573639,1.1266226434400025e-07,1.959660959628793,0.07250092214864652,0.062181356332062475
2014-06-11,1750,D2_pca8_hmm3,select,pca_only,8,20,log_euclidean,0.01,0.0015432073312714742,2000.4645602914661,8495.386938600903,99203.18136841773,49601.590684208866,46594.72487082319,2.9964961707131472e-05,2.9960161971328214e-05,5.5690099797445256e-08,2.932026432519326,0.14536044807470744,0.13637301199109572
2014-06-11,1750,rolling,select,pca_only,8,20,log_euclidean,0.01,0.00750497766830593,4852.889216712696,2228.3617978358807,2127.5904787999502,1063.7952393999776,590.5677749086849,2.8422114005399014e-05,2.8417314269595755e-05,2.1613293559523406e-06,3.100227953965764,0.11186913131681328,0.14732360489416554
2014-06-11,1750,ledoit_wolf,select,pca_only,8,20,log_euclidean,0.01,0.001597137925045576,11139.22123166651,1859.864540457958,396.5729281526736,198.28646407633715,-222.73535313879378,3.057079584746373e-05,3.056599611166047e-05,1.5183762888416092e-05,1.0,0.012793737453028222,0.010342365005081122
2014-06-11,1750,persistence,select,pca_only,8,20,log_euclidean,0.01,0.03671390488675573,3424.077518227671,2333.0990671598415,1877.3689504485938,938.6844752242931,471.1660480023872,1.2555695516186762e-05,1.2550895780383503e-05,1.2174865651908669e-06,1.859128342611861,0.06929263851168083,0.05780364432638141
2014-06-18,1755,D2_pca8_hmm3,select,pca_only,8,20,log_euclidean,0.01,0.0051370689580515026,2244.9701519304863,9212.481401744619,7283.914900964246,3641.957450482168,3040.7267056784485,0.00012597906855026862,0.00012597467395500075,5.256654757596768e-07,2.172211537403145,0.08330003011295015,0.07616535698183954
2014-06-18,1755,rolling,select,pca_only,8,20,log_euclidean,0.01,0.007276401358439376,4673.4732305921625,2218.5938020773447,2471.128231362756,1235.5641156813779,754.4070935837807,2.079126653157709e-05,2.0786871936309224e-05,1.7681469839446346e-06,3.0540244064904045,0.11705895962810448,0.14683830939533488
2014-06-18,1755,ledoit_wolf,select,pca_only,8,20,log_euclidean,0.01,0.001575029121260227,10793.729959184457,1817.667050938547,386.07383821730053,193.03691910864984,-227.46951917275584,3.128247595911965e-05,3.127808136385178e-05,1.2891862204048697e-05,1.0,0.012723828954073285,0.010324355342052125
2014-06-18,1755,persistence,select,pca_only,8,20,log_euclidean,0.01,0.0366008744049608,3405.452614983212,2257.170093650779,2076.420647768241,1038.2103238841191,568.2903469100564,2.343555299863276e-05,2.3431158403364894e-05,9.073912057822412e-07,1.693924438421188,0.0633530095801168,0.043580985546463384
2014-06-25,1760,D2_pca8_hmm3,select,pca_only,8,20,log_euclidean,0.01,0.005159282985649608,2272.5169301054398,9033.47259515797,7770.477013652543,3885.2385068263097,3280.956029988008,0.00014493182322969586,0.00014492764031884183,5.256654757596451e-07,2.17221153740319,0.08330003011294526,0.07616535698183627
2014-06-25,1760,rolling,select,pca_only,8,20,log_euclidean,0.01,0.007258411586810579,4600.234117800183,1974.7235090936506,2540.4411532776344,1270.2205766388188,788.6492186373595,2.5628334547138723e-05,2.562415163628469e-05,1.4602496800657933e-06,2.8994464618716793,0.08721158651915417,0.12596824163385006
2014-06-25,1760,ledoit_wolf,select,pca_only,8,20,log_euclidean,0.01,0.0015854439590130016,10755.146530007423,1809.2586178527126,381.0690856263716,190.53454281318548,-226.28632887012918,3.3305500987848456e-05,3.330131807699442e-05,1.1546816338815625e-05,0.9999999999999998,0.011878961510712665,0.010186212488275764
2014-06-25,1760,persistence,select,pca_only,8,20,log_euclidean,0.01,0.03639792408042698,3483.2701818656233,2251.603443977154,2330.827539277051,1165.4137696385264,693.0273474617732,7.246632240557884e-05,7.246213949472481e-05,9.407537897711603e-07,1.7046699189240178,0.06532577265110828,0.04500865966406289
2014-07-02,1765,D2_pca8_hmm3,select,pca_only,8,20,log_euclidean,0.01,0.0015832292499208618,2187.068032230133,6869.303391118961,101625.25569113833,50812.62784556918,47983.70084855967,5.346859587704185e-05,5.3463853213945784e-05,5.767176638562398e-08,2.71333046892953,0.13943591809180655,0.12828303548411502
2014-07-02,1765,rolling,select,pca_only,8,20,log_euclidean,0.01,0.0071952402652497565,4604.968994704901,1886.8338003034905,3047.0328269479996,1523.516413474001,1041.5527281511527,5.318612700584967e-05,5.3181384342753605e-05,1.2752664983590345e-06,2.6894260934265226,0.11298305672131755,0.11904734245917845
2014-07-02,1765,ledoit_wolf,select,pca_only,8,20,log_euclidean,0.01,0.0015994847623472782,10566.034270092576,1928.446314162669,373.15470741230774,186.57735370615384,-226.51688199171767,5.241469936591905e-05,5.240995670282298e-05,1.0565044955982863e-05,1.0000000000000002,0.012281133698188042,0.010213954653213326
2014-07-02,1765,persistence,select,pca_only,8,20,log_euclidean,0.01,0.03639878112833176,3550.3147437768553,2190.8341836357217,2412.779256526766,1206.3896282633843,739.1497950845849,5.004477358628659e-05,5.0040030923190524e-05,1.0471400355530316e-06,1.796637681853701,0.06422542017986074,0.04887120538656645
2014-07-10,1770,D2_pca8_hmm3,select,pca_only,8,20,log_euclidean,0.01,0.0004260330068028676,3812.926189183773,1262.773268644191,2356.504376709126,1178.2521883545655,703.2741058986419,8.482505700843655e-05,8.482398344262303e-05,3.168381587486143e-07,1.7948330112634472,0.05932517231635342,0.04952644838663688
2014-07-10,1770,rolling,select,pca_only,8,20,log_euclidean,0.01,0.005863500528391582,4649.866372073557,1753.4380866120841,881.2007975876012,440.6003987938009,-15.455386693409602,3.741737659558296e-05,3.7416303029769445e-05,1.555560462077572e-06,2.8408864677673384,0.0989718855949571,0.12229192853271835
2014-07-10,1770,ledoit_wolf,select,pca_only,8,20,log_euclidean,0.01,0.00015222834634759635,10766.981779776253,1396.180931507925,417.7716069765264,208.88580348826355,-241.7620470471158,4.850034707856328e-05,4.849927351274976e-05,1.1729362714272116e-05,0.9999999999999999,0.012457483233525978,0.010203549415994814
2014-07-10,1770,persistence,select,pca_only,8,20,log_euclidean,0.01,0.0015592561578756975,3333.0285672548725,2454.8474878607904,2538.651846778455,1269.3259233892022,797.714904830643,3.560596233342612e-05,3.56048887676126e-05,2.959540900558487e-07,1.9033270562088418,0.06155555919837368,0.05493444986827794
2014-07-17,1775,D2_pca8_hmm3,select,pca_only,8,20,log_euclidean,0.01,5.565066881752625e-05,1912.221319138754,4542.515916281449,43337.90776950914,21668.953884754574,20658.824702285598,5.63678778586112e-05,5.6366409832755876e-05,3.43207018021858e-08,2.595966449486144,0.13069626793407785,0.12081692450651899
2014-07-17,1775,rolling,select,pca_only,8,20,log_euclidean,0.01,0.005862195751489433,4600.394920317238,1857.654476259051,878.2733658211077,439.1366829105566,-24.691994609201313,5.097314010926043e-05,5.097167208340511e-05,1.4987972295618115e-06,2.84049378068762,0.09212858323696402,0.1215514772854974
2014-07-17,1775,ledoit_wolf,select,pca_only,8,20,log_euclidean,0.01,0.00015447162101275543,10757.099574998521,1600.3315684736444,419.7943580506185,209.89717902530975,-242.35204234105225,5.318242556245823e-05,5.318095753660291e-05,1.1729681392814091e-05,1.0000000000000002,0.012529832523121235,0.01019904561739284
2014-07-17,1775,persistence,select,pca_only,8,20,log_euclidean,0.01,0.0015614685235642053,3172.760522906486,2609.1192183284456,2332.985665399194,1166.492832699611,681.8204635390709,4.041756451995791e-05,4.0416096494102585e-05,2.854923437585824e-07,1.8764263675309456,0.0555466987462861,0.05243486534362019
2014-07-24,1780,D2_pca8_hmm3,select,pca_only,8,20,log_euclidean,0.01,2.939140380169866e-05,2072.282764478479,3814.5878197009647,19975.66406000328,9987.832030001637,9268.12451311619,5.4546215125076934e-05,5.454390250732154e-05,5.5082755805608565e-08,2.5602025436711533,0.11201716172217784,0.10652334620779995
2014-07-24,1780,rolling,select,pca_only,8,20,log_euclidean,0.01,0.005864065581991978,4548.374637434234,1898.3943572669318,693.1524534820974,346.5762267410456,-123.43621018341632,4.467298719387525e-05,4.4670674576119855e-05,1.4329971900951098e-06,2.680327313249078,0.13271897627582857,0.11761816234242353
2014-07-24,1780,ledoit_wolf,select,pca_only,8,20,log_euclidean,0.01,0.00014493939855143173,10771.90620367007,1748.6973220351317,437.9631977694571,218.98159888472884,-244.42270721031213,5.425226144448549e-05,5.424994882673009e-05,1.1713073805414823e-05,0.9999999999999999,0.01304525605344078,0.010181977560009735
2014-07-24,1780,persistence,select,pca_only,8,20,log_euclidean,0.01,0.0015731165460267267,3263.3151445970534,2607.542001241547,1768.8500963722886,884.4250481861427,397.3856903180026,4.266321592931747e-05,4.2660903311562074e-05,2.869400498783892e-07,1.826976682256861,0.04766424673519033,0.04953536510295596
2014-07-31,1785,D2_pca8_hmm3,select,pca_only,8,20,log_euclidean,0.01,7.870388048219365e-05,2235.3586740878554,5256.203670105298,7199.459842164147,3599.7299210820815,3100.2849208503703,2.2560994704680912e-05,2.25599570863494e-05,1.0560811619021087e-07,2.2425090030964125,0.10546268691039908,0.09223537430303834
2014-07-31,1785,rolling,select,pca_only,8,20,log_euclidean,0.01,0.005854044002040093,4467.121557963999,1638.0215080375533,588.0743118659796,294.0371559329946,-188.6330857173554,2.736436361555036e-05,2.736332599721885e-05,1.4877701997405784e-06,2.7511244559258254,0.12122595558286997,0.12035222013202691
2014-07-31,1785,ledoit_wolf,select,pca_only,8,20,log_euclidean,0.01,0.00012248402355829425,10771.545067442354,1213.8942801524086,463.7798333508541,231.88991667542712,-246.63259091273045,2.5854493732485702e-05,2.5853456114154192e-05,1.1455764999668706e-05,1.0,0.013020560472801482,0.010169390673077499
2014-07-31,1785,persistence,select,pca_only,8,20,log_euclidean,0.01,0.0015770915513536965,3248.1355198011706,2111.6348958646013,1349.8863244604029,674.9431622302195,195.11694025827586,2.137173399115593e-05,2.137069637282442e-05,3.780042482141724e-07,1.9788439622515523,0.06327397368530159,0.06163968431652334
2014-08-07,1790,D2_pca8_hmm3,select,pca_only,8,20,log_euclidean,0.01,1.0591710601150551e-05,1981.3194713849523,5081.889829867943,26509.89379944003,13254.946899719984,12591.574291124514,1.9489498646612865e-05,1.9488674267017532e-05,4.2406568276151175e-08,3.078640608097924,0.09856691790733522,0.15279664856213243
2014-08-07,1790,rolling,select,pca_only,8,20,log_euclidean,0.01,0.00583018022323357,4532.125797415378,1495.762495489908,555.7550482116237,277.87752410581606,-208.8373511989367,1.7376277914389328e-05,1.7375453534793995e-05,1.8349757748682583e-06,3.085535435219711,0.10450995123105795,0.14262464097079353
2014-08-07,1790,ledoit_wolf,select,pca_only,8,20,log_euclidean,0.01,0.00012070036204751944,10792.96352969494,911.9965169136844,478.4537882079983,239.22689410399923,-246.94371570488215,1.5169501119867375e-05,1.516867674027204e-05,1.2026240271311724e-05,1.0,0.01248311932753236,0.01017808124510435
2014-08-07,1790,persistence,select,pca_only,8,20,log_euclidean,0.01,6.223829040217786e-05,3278.7767367216275,1090.0337518587548,3074.021160334165,1537.010580167066,1070.1540880370892,1.988854035326756e-05,1.9887715973672227e-05,1.3940837174654903e-07,1.9275983845189457,0.06943338764261518,0.058148395512126166
2014-08-14,1795,D2_pca8_hmm3,select,pca_only,8,20,log_euclidean,0.01,1.0100096072178487e-05,1696.8760481106901,6611.694576395781,24332.21603783628,12166.108018918143,11393.475880519747,2.661207624802216e-05,2.6610903535175614e-05,4.167003561165891e-08,2.8978130144832708,0.13578602461647893,0.1399393254742026
2014-08-14,1795,rolling,select,pca_only,8,20,log_euclidean,0.01,0.005825593116151995,4484.956307340158,1453.1208438436588,526.6532995534599,263.32664977673164,-229.48119804410584,2.431843260842914e-05,2.4317259895582595e-05,1.8966359232934539e-06,3.12421720619081,0.08974279749590061,0.14528912199480978
2014-08-14,1795,ledoit_wolf,select,pca_only,8,20,log_euclidean,0.01,0.00012125998884181243,10798.132749623404,922.2310233166318,482.26456372566156,241.13228186283155,-247.3275713252734,1.6068152423167047e-05,1.60669797103205e-05,1.2335412024595479e-05,1.0,0.0126847992896499,0.010187107070326587
2014-08-14,1795,persistence,select,pca_only,8,20,log_euclidean,0.01,6.037656170097857e-05,3221.8732399206597,1181.8120455684107,2905.8464932281486,1452.9232466140788,933.6601214258268,1.9234748375152463e-05,1.9233575662305917e-05,1.7384392943137258e-07,2.1466718244851224,0.07064036011681783,0.07436725632585524
2014-08-21,1800,D2_pca8_hmm3,select,pca_only,8,20,log_euclidean,0.01,1.7470010494250963e-05,1793.1944099720702,6875.775918382666,14456.517465605406,7228.258732802702,6622.138819002148,3.483344216426326e-05,3.483271659029137e-05,5.3738696782994885e-08,2.5727705724102723,0.11701566533016332,0.11424837026917758
2014-08-21,1800,rolling,select,pca_only,8,20,log_euclidean,0.01,0.0002519794082396285,4287.567613639634,1448.7480391632284,1106.527410050235,553.2637050251174,55.47449595528733,2.231972574803931e-05,2.2319000174067416e-05,8.567915861484788e-07,4.007787069537833,0.11205677459415268,0.2343295733461419
2014-08-21,1800,ledoit_wolf,select,pca_only,8,20,log_euclidean,0.01,7.341304242659095e-05,8005.5525920916225,972.5450513259501,355.80558875250676,177.90279437625324,-310.3861374709618,1.10928509011327e-05,1.1092125327160808e-05,1.0595270166579042e-05,1.5228939976141358,0.04857129057154328,0.0357038642332164
2014-08-21,1800,persistence,select,pca_only,8,20,log_euclidean,0.01,3.968107468638712e-05,2995.242763170123,1282.78294433554,3363.291967853531,1681.6459839267663,1172.8523054864286,1.1812411949417161e-05,1.181168637544527e-05,1.9766617738084833e-07,2.5079343711379747,0.10135131531792547,0.10595399740736464
2014-08-28,1805,D2_pca8_hmm3,select,pca_only,8,20,log_euclidean,0.01,2.1605703280952904e-05,1800.4424215312692,3901.217416797769,26941.446219622816,13470.7231098114,12796.35153883953,5.51987318533391e-05,5.519627870000075e-05,3.459424678884622e-08,2.620288539230403,0.12726131837844046,0.12431027127405238
2014-08-28,1805,rolling,select,pca_only,8,20,log_euclidean,0.01,0.00024827848575162116,4286.919471918758,1765.5152386674542,1207.418277283827,603.70913864191,116.63400136469504,2.832369087774111e-05,2.832123772440276e-05,8.445586991309074e-07,3.8613829299750653,0.14364122772201207,0.23695753274272566
2014-08-28,1805,ledoit_wolf,select,pca_only,8,20,log_euclidean,0.01,8.28966582136164e-05,7996.623405041604,1728.9728181391333,333.88028177816085,166.9401408890798,-307.4453578551943,2.7590876186300223e-05,2.758842303296187e-05,1.0251892782846922e-05,1.4686785863639138,0.04993012416369956,0.03336965493963371
2014-08-28,1805,persistence,select,pca_only,8,20,log_euclidean,0.01,2.7585135686461877e-05,3005.404274927847,1111.7900439589387,5492.645341319262,2746.3226706596297,2254.9764485517708,3.495295178491915e-05,3.49504986315808e-05,8.998753243384606e-08,1.9797545572988384,0.09489601692318592,0.06651761678075081
2014-09-05,1810,D2_pca8_hmm3,select,pca_only,8,20,log_euclidean,0.01,4.1665067221300725e-05,1876.3103094407966,2411.1586222771875,27018.666481103613,13509.33324055181,12836.384600089716,3.3258636219367526e-05,3.325526587710449e-05,2.847158325728223e-08,2.8252647482570175,0.07934590089740098,0.11447047210606086
2014-09-05,1810,rolling,select,pca_only,8,20,log_euclidean,0.01,0.000261313583870496,4344.043770171149,2102.9656931811605,1344.2820619801323,672.1410309900682,193.77296441130056,2.4644152894565247e-05,2.4640782552302216e-05,7.165527259545612e-07,3.573061428802831,0.15077792284043695,0.20691016336876863
2014-09-05,1810,ledoit_wolf,select,pca_only,8,20,log_euclidean,0.01,0.000103268023013327,7949.52028532294,2152.0698788426807,323.98836681272485,161.99418340636225,-306.7783899146302,4.026505190563712e-05,4.0261681563374084e-05,9.348365838444532e-06,1.4623172788960455,0.048055860615119066,0.03268270140921247
2014-09-05,1810,persistence,select,pca_only,8,20,log_euclidean,0.01,5.352894023129175e-05,2970.903235184759,1542.3562271667358,6719.287293939256,3359.643646969626,2885.149267524662,5.141326910404831e-05,5.140989876178527e-05,6.33342095307969e-08,1.9065778016125075,0.05243412439838347,0.05518385318804851
2014-09-12,1815,D2_pca8_hmm3,select,pca_only,8,20,log_euclidean,0.01,9.566830018573957e-05,2070.7961550247155,1812.19540367053,14891.615839022774,7445.8079195113905,6964.405310195395,8.828635713825083e-05,8.827598231041495e-05,1.0551012249563878e-07,3.013939932319611,0.1527577229405611,0.1532690456473204
2014-09-12,1815,rolling,select,pca_only,8,20,log_euclidean,0.01,0.00036137214466469916,4338.836619252837,2781.9578872616657,1754.7898437284834,877.3949218642465,413.332016739925,9.233287813316529e-05,9.232250330532941e-05,6.144297697887487e-07,3.292846488463339,0.13882603362004603,0.1841086389972497
2014-09-12,1815,ledoit_wolf,select,pca_only,8,20,log_euclidean,0.01,0.0002233278314265154,7933.924865927785,3060.848852819694,305.813972580999,152.9069862904998,-296.2514560345288,0.0001030535855202728,0.00010304321069243692,9.180115033593808e-06,1.4959840781531446,0.05282103051324419,0.03336215289457189
2014-09-12,1815,persistence,select,pca_only,8,20,log_euclidean,0.01,0.00017415170395673884,3011.73878821593,2118.796092719854,9198.559347211258,4599.279673605631,4178.669055028369,0.00010346559793444649,0.00010345522310661061,8.256823117068581e-08,2.1030776124313033,0.08644928623198302,0.07490102027706996
2014-09-19,1820,D2_pca8_hmm3,select,pca_only,8,20,log_euclidean,0.01,0.0001317394955720728,2431.2150814786005,2128.198899852878,16114.356935219073,8057.178467609528,7502.173229408666,9.675043346952207e-05,9.674225435870514e-05,8.723122137493281e-08,2.30378763435663,0.08603724285886656,0.08804926403859507
2014-09-19,1820,rolling,select,pca_only,8,20,log_euclidean,0.01,0.0002040619613605959,4338.659254471899,1135.87341010103,4801.169208668006,2400.584604334009,1937.4038786866872,0.0001473570322108645,0.00014734885310004755,3.222147510259325e-07,3.503362979815372,0.12453515073998107,0.18755562672789391
2014-09-19,1820,ledoit_wolf,select,pca_only,8,20,log_euclidean,0.01,0.00023197195427224876,6919.901177832327,1699.8426106927172,351.0577348970693,175.52886744853436,-259.41138859768705,0.0001284068012872314,0.00012839862217641447,6.0094712779085704e-06,2.0438050008745776,0.07851864398985106,0.06292408064809223
2014-09-19,1820,persistence,select,pca_only,8,20,log_euclidean,0.01,0.00024644503959943005,3199.3850538460297,1903.6406042676501,15355.862993824736,7677.931496912356,7232.976231919504,0.00012538645752699338,0.00012537827841617644,5.74778799474786e-08,1.8127265510090855,0.06302244113445644,0.052019306501311646
2014-09-26,1825,D2_pca8_hmm3,select,pca_only,8,20,log_euclidean,0.01,0.00025690330472046783,2623.118241360601,1273.6512299284568,21516.40229372579,10758.201146862886,10167.47544797373,0.00011922120544940235,0.00011921174957650802,1.1923468082782295e-07,3.0545834202458892,0.15170964578836227,0.1516903165186572
2014-09-26,1825,rolling,select,pca_only,8,20,log_euclidean,0.01,0.0002912481887112167,4303.088462556247,855.857078358059,4826.225139579266,2413.1125697896364,1920.0104295998512,0.0001562379198080296,0.00015622846393513527,5.148484749943735e-07,4.305700173008834,0.13033505502383735,0.28449457527070854
2014-09-26,1825,ledoit_wolf,select,pca_only,8,20,log_euclidean,0.01,0.0003256310785387301,6738.951207743149,1277.2151126170606,385.3956195894191,192.69780979470966,-236.04462250076577,0.00012915526548365407,0.00012914580961075975,7.5006822573945805e-06,2.556661644420179,0.08815758790532592,0.09886455771311851
2014-09-26,1825,persistence,select,pca_only,8,20,log_euclidean,0.01,0.0002799878849676304,3312.8394646147026,831.3811342714066,12019.086873152808,6009.54343657641,5467.198608185266,0.0001418515389767034,0.0001418420831038091,1.977970182469578e-07,2.8286519552481466,0.11151163667060632,0.130911501877748
2014-10-03,1830,D2_pca8_hmm3,select,pca_only,8,20,log_euclidean,0.01,0.0003439843049843557,2832.7855977447866,2323.898074731046,7078.222447011797,3539.1112235059118,3083.3698416091574,0.00015889905648131306,0.0001588889887691302,3.077237353715196e-07,2.4283065024824357,0.09722025057667447,0.09433398705422563
2014-10-03,1830,rolling,select,pca_only,8,20,log_euclidean,0.01,0.0003146820597288333,4418.983750936535,617.2956314634407,6941.140571268022,3470.5702856340104,2921.9194033037943,0.00016796423275708075,0.00016795416504489789,5.301624388448128e-07,4.321201376256518,0.16833225669923293,0.30941412849550165
2014-10-03,1830,ledoit_wolf,select,pca_only,8,20,log_euclidean,0.01,0.0003465728947580269,6569.031337345892,866.6237136377861,512.4087667455465,256.20438337277346,-167.18333199003922,0.00012960683495459482,0.00012959676724241196,7.049086538972345e-06,2.7603060780090303,0.10041261420511381,0.122601599688657
2014-10-03,1830,persistence,select,pca_only,8,20,log_euclidean,0.01,0.00026225716603471083,3436.2317499541377,629.0299464957768,13140.16836180282,6570.084180901404,6053.195577252844,0.00013087921961066278,0.00013086915189847992,2.6552450516407636e-07,3.17695687011103,0.13612156416558677,0.154782688264641
2014-10-10,1835,D2_pca8_hmm3,select,pca_only,8,20,log_euclidean,0.01,0.0001479028505016379,3409.4537015979568,998.7027519076205,13213.352303149539,6606.676151574771,6216.989102150848,7.74033102765552e-05,7.740000239606193e-05,8.735015679171241e-08,1.8686202006000006,0.05209561477839693,0.05191491788752833
2014-10-10,1835,rolling,select,pca_only,8,20,log_euclidean,0.01,0.00010648389591017012,4418.1020168505165,755.5590991306598,6033.584866374254,3016.7924331871263,2509.930657588415,0.00020344704262162007,0.00020344373474112678,1.1882713928348686e-06,6.174460865058378,0.19478983334722821,0.6008051477242838
2014-10-10,1835,ledoit_wolf,select,pca_only,8,20,log_euclidean,0.01,0.00011217598940316561,6386.48776337408,529.137406615586,581.3773343912708,290.6886671956352,-140.22490848396365,9.967754440863154e-05,9.967423652813827e-05,1.031583418609133e-05,3.7617534626592524,0.11655095155119578,0.212773528829063
2014-10-10,1835,persistence,select,pca_only,8,20,log_euclidean,0.01,0.00013937352132780453,3476.5606140758878,1349.7098553690244,8217.665354201761,4108.832677100872,3641.745123874898,6.977844965910712e-05,6.977514177861385e-05,6.623005560705654e-07,4.069363242841566,0.13420190025707357,0.25225582528782065
2014-10-17,1840,D2_pca8_hmm3,select,pca_only,8,20,log_euclidean,0.01,9.520389692434909e-05,2709.731284373056,2212.2219056194263,45681.40296852167,22840.70148426083,22518.03837930735,6.550025443306416e-05,6.549877475382554e-05,2.8172664654673448e-08,2.1163010867766032,0.08169936789142987,0.06919123707664696
2014-10-17,1840,rolling,select,pca_only,8,20,log_euclidean,0.01,7.553484351840909e-05,4450.562124331198,888.8791603853922,4342.330480090184,2171.1652400450853,1708.1711668122048,0.00011952499949579777,0.00011952351981655916,1.5757107766923022e-06,6.84067107290171,0.23734150508232318,0.6933958271407635
2014-10-17,1840,ledoit_wolf,select,pca_only,8,20,log_euclidean,0.01,7.096473857242152e-05,6652.747437999846,589.6933285711716,444.30505215643757,222.152526078219,-218.61993671182796,3.077435359704123e-05,3.0772873917802615e-05,1.357401483670865e-05,3.5816098535224294,0.09309762036341075,0.18583043442729708
2014-10-17,1840,persistence,select,pca_only,8,20,log_euclidean,0.01,0.00019655516584133516,3543.3231468508448,1442.5087921361105,4970.6197148395295,2485.3098574197684,2020.1660435723975,4.457549956208042e-05,4.457401988284181e-05,7.476028276686859e-07,3.479216902620031,0.13412197371214066,0.210967426073387
2014-10-24,1845,D2_pca8_hmm3,select,pca_only,8,20,log_euclidean,0.01,5.9873968712236086e-05,2222.402893409907,5338.313388219063,55004.63527643256,27502.317638216286,26988.01218261565,4.258166949047178e-05,4.258126056535254e-05,3.642947595928667e-08,3.032705154642176,0.11312611912257244,0.1471044198906915
2014-10-24,1845,rolling,select,pca_only,8,20,log_euclidean,0.01,0.00011102779254484115,4522.901731207676,1564.7352888042105,3281.6522204620683,1640.8261102310398,1170.2282446533775,6.506471908953255e-05,6.50643101644133e-05,1.6803333914250015e-06,6.402616882590346,0.19976879558079802,0.6465710597286378
2014-10-24,1845,ledoit_wolf,select,pca_only,8,20,log_euclidean,0.01,8.580477688145646e-05,6736.5408597753485,1054.7889139598296,418.15581724526135,209.07790862263155,-242.67371435449576,2.5373833915841948e-05,2.537342499072271e-05,1.4275579822342035e-05,3.5796703238965035,0.1281722860989,0.2028165565311737
2014-10-24,1845,persistence,select,pca_only,8,20,log_euclidean,0.01,0.0003848395544771815,3550.9584936871156,2228.298015064005,3623.905737936341,1811.9528689681656,1354.8099801080978,9.138372280123167e-05,9.138331387611243e-05,8.382819815876043e-07,3.2978531160293314,0.1231168307065109,0.20096842667907017
2014-10-31,1850,D2_pca8_hmm3,select,pca_only,8,20,log_euclidean,0.01,0.001005409307829694,3637.264953188006,1736.3670271985784,13710.350998241382,6855.1754991206835,6159.617008598909,7.969016897091738e-05,7.96891434770958e-05,1.4498497743096715e-07,1.9269108737106238,0.0551505685891235,0.05492332590237027
2014-10-31,1850,rolling,select,pca_only,8,20,log_euclidean,0.01,0.0010018431028259206,4476.917332035737,2283.610414040233,6035.731699177249,3017.865849588625,2452.8298064910405,9.301273140208435e-05,9.301170590826276e-05,1.6874069928152416e-06,6.16111892935158,0.2300497246726525,0.5802320779857831
2014-10-31,1850,ledoit_wolf,select,pca_only,8,20,log_euclidean,0.01,0.000969228077020872,6995.917037739938,1601.1468831101608,582.7885043032888,291.3942521516443,-141.8340667336754,4.573123617415274e-05,4.573021068033115e-05,1.5436385907168525e-05,3.2258182819893495,0.12766107358927622,0.16634000871700766
2014-10-31,1850,persistence,select,pca_only,8,20,log_euclidean,0.01,0.0012725219867457495,3484.048793191354,2760.5212466281337,6151.378226722867,3075.689113361371,2519.524487671021,6.652569493616463e-05,6.652466944234305e-05,9.203748867766796e-07,3.383483783717955,0.13454984925340893,0.19240809038007578
2014-11-07,1855,D2_pca8_hmm3,select,pca_only,8,20,log_euclidean,0.01,0.0009718543611378719,2147.318614814136,8518.301963264226,59895.606825553856,29947.80341277694,28458.434831147268,5.727229172828087e-05,5.727167820003044e-05,5.748453590925085e-08,2.607382020732801,0.11362793182625515,0.10933854549052714
2014-11-07,1855,rolling,select,pca_only,8,20,log_euclidean,0.01,0.000999636425255951,4543.447507365162,2055.7363249641394,6069.464026896916,3034.7320134484485,2478.9511263364598,0.00011990390548810045,0.00011990329195985002,1.8778718405279454e-06,6.0302780097039035,0.2306991712853966,0.5991611863213784
2014-11-07,1855,ledoit_wolf,select,pca_only,8,20,log_euclidean,0.01,0.0009690734791587287,7053.749342326808,1465.271897630048,575.0978444030069,287.5489222015033,-145.37371495936958,5.894349763616263e-05,5.89428841079122e-05,1.5734916260042338e-05,3.1412871035769916,0.12204505658320457,0.16426745115888733
2014-11-07,1855,persistence,select,pca_only,8,20,log_euclidean,0.01,0.0010136843482851444,3447.9494857863606,1715.6022728229855,7181.802966838035,3590.901483418941,3013.2539503856033,2.4970535667045822e-05,2.4969922138795388e-05,3.749916659810238e-07,2.3997560597632526,0.07987258014263598,0.09673142501361785
2014-11-14,1860,D2_pca8_hmm3,select,pca_only,8,20,log_euclidean,0.01,0.0010075593147970616,3140.5454565920845,2184.586154192424,14986.321124797723,7493.160562398858,6824.745666997388,9.251077187939483e-05,9.250790616825889e-05,1.495755369373817e-07,2.22759329996333,0.07482257264775971,0.07476396087220197
2014-11-14,1860,rolling,select,pca_only,8,20,log_euclidean,0.01,0.000957547626367274,4547.388046178271,1229.2973905221202,6567.644146504611,3283.8220732523096,2718.8006241852813,6.865484861702997e-05,6.865198290589404e-05,1.7499035852556694e-06,5.636832447007282,0.21931182402728996,0.5537252392159432
2014-11-14,1860,ledoit_wolf,select,pca_only,8,20,log_euclidean,0.01,0.0009408363243726306,7063.253463922699,950.2975784043758,578.4034376303905,289.2017188151965,-140.55925874869723,6.765390194052517e-05,6.765103622938923e-05,1.5177213820771878e-05,3.0111111847720693,0.12044041329892109,0.16063618986232284
2014-11-14,1860,persistence,select,pca_only,8,20,log_euclidean,0.01,0.0009451506679365264,3408.365306105914,1131.7974045463166,9680.81921606525,4840.4096080325935,4220.158648547099,3.776781751019072e-05,3.7764951799054786e-05,1.870584511713665e-07,1.9875015663882198,0.06168630353674382,0.062448677628031156
2014-11-21,1865,D2_pca8_hmm3,select,pca_only,8,20,log_euclidean,0.01,0.0011499003773350117,3834.1408246591113,1283.0201957806103,7527.847953378636,3763.923976689329,3200.26960370731,0.0001330414770708063,0.00013302394003803511,2.3728826645637753e-07,1.8324805201507246,0.05594858117093449,0.05093879570733312
2014-11-21,1865,rolling,select,pca_only,8,20,log_euclidean,0.01,0.0009761829709959219,4562.4272409064215,823.1228287730163,6079.050033360792,3039.525016680396,2470.078267396776,5.5127617112392385e-05,5.511008007962118e-05,1.5983779376062674e-06,5.490751242933989,0.18148615515281746,0.5020767527358244
2014-11-21,1865,ledoit_wolf,select,pca_only,8,20,log_euclidean,0.01,0.0009865506365919429,7104.491897260768,804.8257920910803,553.9927354991802,276.99636774959015,-145.00827826979167,6.43472442380542e-05,6.432970720528301e-05,1.4748332626364728e-05,3.010128501934881,0.11572274225487715,0.15526492175185047
2014-11-21,1865,persistence,select,pca_only,8,20,log_euclidean,0.01,0.001054376077114569,3338.9801800698715,1646.7043601765047,14925.574403401182,7462.787201700572,6700.430669226899,9.426027380182981e-05,9.424273676905861e-05,6.50118883629588e-08,1.3422248456641968,0.052220384720562577,0.027685128447817453
2014-12-01,1870,D2_pca8_hmm3,select,pca_only,8,20,log_euclidean,0.01,0.0029701057928301147,3663.2078110380994,1257.1543848052734,1974.6019491312209,987.3009745656284,510.87094277353907,7.674583745689615e-05,7.673741325986372e-05,7.001444746283289e-07,2.0905614712185856,0.06897232486953746,0.06869840053769993
2014-12-01,1870,rolling,select,pca_only,8,20,log_euclidean,0.01,0.00019127865546863872,4579.653701828975,685.9155608475104,2701.92159958298,1350.9607997915,850.9707498930954,7.190968693302372e-05,7.190126273599129e-05,1.5150594132619834e-06,4.901535847600676,0.19187949743329002,0.40226629353122667
2014-12-01,1870,ledoit_wolf,select,pca_only,8,20,log_euclidean,0.01,0.00018264238158169862,7956.4436948453795,1049.098794391583,326.21294620956274,163.10647310478157,-271.14355311159903,5.92309729730385e-05,5.922254877600607e-05,2.0349199652693274e-05,2.112834966421215,0.0765037059603339,0.07640680213583978
2014-12-01,1870,persistence,select,pca_only,8,20,log_euclidean,0.01,0.0011212610426432224,3340.0412228671726,2535.550576884919,4385.203018482172,2192.601509241098,1665.0187203270875,9.091560684441495e-05,9.090718264738252e-05,1.2037209076204115e-07,1.3433753757692588,0.03430471361049006,0.025406365799802728
2014-12-08,1875,D2_pca8_hmm3,select,pca_only,8,20,log_euclidean,0.01,0.0003277641721639573,2065.607439562874,2252.7107720901195,98761.41350569853,49380.706752849255,46734.25173580936,0.0001332053413667745,0.00013319583892183008,1.811816304706107e-08,2.3519907685455967,0.08149216829544755,0.0881393783238967
2014-12-08,1875,rolling,select,pca_only,8,20,log_euclidean,0.01,0.00032148456303743994,4509.669763733155,955.9278487917077,2256.144719200746,1128.072359600376,645.8982748586483,0.00010611784561352716,0.00010610834316858271,1.583516203546525e-06,4.651252813993674,0.15730754950783168,0.365874463360545
2014-12-08,1875,ledoit_wolf,select,pca_only,8,20,log_euclidean,0.01,0.00027308310807747603,8172.371135190119,1570.7760635823588,317.8469770925758,158.92348854628796,-272.35564290362856,0.000109605043118222,0.00010959554067327755,1.961553415532864e-05,1.9047815521608717,0.06755279241436016,0.058187981465161936
2014-12-08,1875,persistence,select,pca_only,8,20,log_euclidean,0.01,0.001179305906020698,3203.25256782003,2794.1668094198094,4491.351736590137,2245.6758682950967,1719.0573228997193,0.0001248889320741747,0.00012487942962923027,1.0849674701165878e-07,1.3042895631469213,0.03306616481887007,0.023005930881121184
2014-12-15,1880,D2_pca8_hmm3,select,pca_only,8,20,log_euclidean,0.01,0.00027777645631054835,2115.327803505042,2353.013351117008,63412.787454869875,31706.393727434952,29964.18000155497,0.00014980146220617218,0.00014979100146192734,3.3278082893128555e-08,2.710896475966501,0.11015138653096161,0.11117627203891099
2014-12-15,1880,rolling,select,pca_only,8,20,log_euclidean,0.01,0.00029559852137518716,4556.4036785420285,921.240127930209,2176.165635035331,1088.082817517662,616.1647036265616,0.00010939265841845676,0.00010938219767421191,1.6459870690783082e-06,4.967876017919588,0.17512336332555953,0.3678421249963006
2014-12-15,1880,ledoit_wolf,select,pca_only,8,20,log_euclidean,0.01,0.00024066326027207184,8145.2271003896885,1488.8290172886395,317.81266097750705,158.90633048875367,-273.2494544892637,9.49320924005763e-05,9.492163165633146e-05,2.0583649877893466e-05,2.051706171709377,0.07457068765415287,0.06592082122581955
2014-12-15,1880,persistence,select,pca_only,8,20,log_euclidean,0.01,0.0010800564662027832,3202.6508902884925,1775.1151007674914,3597.0293733607796,1798.5146866803575,1292.3060496192563,0.00010791077893887362,0.00010790031819462877,3.12580177331801e-07,2.056219447377838,0.05325252833153732,0.06164439961540357
2014-12-22,1885,D2_pca8_hmm3,select,pca_only,8,20,log_euclidean,0.01,0.0002247079571717507,1942.3055824272108,3956.3356746204227,68113.87791012743,34056.938955063706,32488.475270072708,0.00014201495519370426,0.0001420078864124849,7.362043622478681e-08,3.8436988800527137,0.13774091573792233,0.23383340629178323
2014-12-22,1885,rolling,select,pca_only,8,20,log_euclidean,0.01,0.00029979684084255564,4688.882030585522,960.4979688957999,2303.5903263446194,1151.7951631723145,678.5524403629007,8.947599385985042e-05,8.946892507863107e-05,1.1838860659968821e-06,4.104791595555627,0.1459055253546433,0.263325680153999
2014-12-22,1885,ledoit_wolf,select,pca_only,8,20,log_euclidean,0.01,0.00021997535831359746,8225.960352197542,1342.201884906563,324.9031778514626,162.45158892573107,-270.3103177547007,7.517363621228685e-05,7.51665674310675e-05,1.8572437559548535e-05,2.0224511508577065,0.06674469379829054,0.06380313540898513
2014-12-22,1885,persistence,select,pca_only,8,20,log_euclidean,0.01,0.0010745465731651143,3322.194088269557,1247.7358674778625,2994.435708547031,1497.217854273508,1022.4673699920262,6.216934312661753e-05,6.216227434539817e-05,9.767389090768537e-07,3.213553033029159,0.11141079714945797,0.15987872804074305
2014-12-30,1890,D2_pca8_hmm3,select,pca_only,8,20,log_euclidean,0.01,0.00019829683528204756,2243.113190394486,2967.065361922345,45717.70992514733,22858.854962573663,22508.08748604937,7.525382942028361e-05,7.524780252968686e-05,4.277739300000219e-08,2.4747842411837753,0.09709021037962647,0.09837570325139564
2014-12-30,1890,rolling,select,pca_only,8,20,log_euclidean,0.01,0.0002518078201041579,4739.926058108329,1027.9685016143262,2388.766502759213,1194.383251379608,755.4681377567991,0.00012429907175544493,0.00012429304486484818,9.610064549725733e-07,3.784956544716669,0.12217863391910251,0.2186580894561406
2014-12-30,1890,ledoit_wolf,select,pca_only,8,20,log_euclidean,0.01,0.00019512414932561087,8275.857555618082,1548.1444701635232,310.29015312868745,155.14507656434358,-272.51249916915066,9.769268253808571e-05,9.768665564748896e-05,1.5964067891651507e-05,1.8112735171840744,0.06114796784679914,0.05122012784800337
2014-12-30,1890,persistence,select,pca_only,8,20,log_euclidean,0.01,0.0002208576098788052,3333.363842720523,972.7207580645108,4561.1357160722055,2280.567858036103,1849.0194770220187,0.00011425511560908926,0.00011424908871849251,6.430162051445948e-07,3.366037800908089,0.11018191423896329,0.16916618176554343
2015-01-07,1895,D2_pca8_hmm3,select,pca_only,8,20,log_euclidean,0.01,0.0002354054108935452,2101.117694029535,4255.955688704966,67778.89275973797,33889.446379868976,32945.19634368948,9.60514436615438e-05,9.604894051551066e-05,3.9052972642388275e-08,2.6126645966477464,0.12173038966471555,0.11547595992639359
2015-01-07,1895,rolling,select,pca_only,8,20,log_euclidean,0.01,0.0002726321500287614,4707.082214745693,900.6185109751744,2951.9674802747195,1475.9837401373425,1022.4729402138464,0.00020278233171573361,0.00020277982856970047,1.2058741444266126e-06,4.099342398520247,0.12066393007258076,0.278711500269159
2015-01-07,1895,ledoit_wolf,select,pca_only,8,20,log_euclidean,0.01,0.00021209374904058778,8203.40523245488,1223.4050157520023,318.60857370957973,159.30428685479,-262.16012096986833,9.264742615318659e-05,9.264492300715344e-05,1.602598877397792e-05,1.7958806845624398,0.05878045372299046,0.05068393616383674
2015-01-07,1895,persistence,select,pca_only,8,20,log_euclidean,0.01,0.000266452819187527,3398.691610396607,1091.107858744423,5167.428208430756,2583.7141042153808,2129.9387265863006,0.00022094754220574394,0.0002209450390597108,8.515135797495765e-07,3.6493231044363448,0.1428408827214904,0.21103287689624936
2015-01-14,1900,D2_pca8_hmm3,select,pca_only,8,20,log_euclidean,0.01,0.000948451407782874,2946.35245512494,4416.018215986342,5927.452788835667,2963.72639441782,2498.481481936429,0.00012177488433944017,0.00012177083837966404,6.015459544507522e-07,2.7955504746630444,0.1404906470576985,0.14431073636521738
2015-01-14,1900,rolling,select,pca_only,8,20,log_euclidean,0.01,0.0002586911223048675,4674.007092002519,808.127612198632,3409.3415863119667,1704.670793155975,1244.7758375310161,0.00028507964860862095,0.0002850756026488448,1.269780209121496e-06,4.387070355154335,0.1385789453965424,0.3080104781622882
2015-01-14,1900,ledoit_wolf,select,pca_only,8,20,log_euclidean,0.01,0.00018895178912202635,8110.563733481683,902.722043703754,332.8224233448749,166.41121167243733,-254.17227084100608,9.459995777200642e-05,9.459591181223029e-05,1.8553913384740533e-05,2.023466484967525,0.07121591224574121,0.06268024419709357
2015-01-14,1900,persistence,select,pca_only,8,20,log_euclidean,0.01,0.00026319786276055533,3478.2249465931354,1205.8094558225228,5974.179564271545,2987.0897821357667,2538.3023187697904,0.0002259191027522809,0.0002259150567925048,8.648707954426101e-07,3.674632107432995,0.1401242225335071,0.2196924796219422
2015-01-22,1905,D2_pca8_hmm3,select,pca_only,8,20,log_euclidean,0.01,0.0005723789623813237,3644.7803687172154,1402.1502794143607,4903.367495814682,2451.6837479073465,1967.8270733043846,6.226302817567639e-05,6.226095510306772e-05,3.3936705142136437e-07,2.1603248476056103,0.07405681925075508,0.07375800892298896
2015-01-22,1905,rolling,select,pca_only,8,20,log_euclidean,0.01,0.0002454130657527304,4662.863000507914,838.2868792267296,2891.537107065577,1445.7685535327978,982.0838663320001,0.0002821349281233944,0.00028213285505078575,1.4866198924067285e-06,4.604626140956715,0.14297813882607296,0.343172951855881
2015-01-22,1905,ledoit_wolf,select,pca_only,8,20,log_euclidean,0.01,0.00015319530263924256,8141.463983119144,826.6401277161835,331.31984588679825,165.65992294339958,-263.73139376134816,0.00010250201197988002,0.00010249993890727136,1.975378288267876e-05,2.039904774474815,0.07007398569389785,0.06540179049643545
2015-01-22,1905,persistence,select,pca_only,8,20,log_euclidean,0.01,0.00025853050397354983,3499.0126470626265,1234.9907920728847,5574.469188978382,2787.234594489195,2318.943587737933,0.0001725970286759657,0.00017259495560335706,5.466665912127014e-07,2.8909520751037414,0.13564079372770343,0.14293045077398153
2015-01-29,1910,D2_pca8_hmm3,select,pca_only,8,20,log_euclidean,0.01,7.494855027263407e-05,2175.529013347839,6374.423189210433,44508.21284953492,22254.106424767473,21405.792057451534,5.731066185056533e-05,5.730937882097565e-05,4.392814616173e-08,2.4351466813372813,0.10914386842987862,0.10099598243734886
2015-01-29,1910,rolling,select,pca_only,8,20,log_euclidean,0.01,0.0002708632844692624,4736.222569266977,1066.7913972480223,2156.6080258875127,1078.3040129437404,607.1152564795638,0.0001755543586951604,0.0001755530756655707,2.1932785315796166e-06,5.457534913969026,0.1694943992555851,0.4468254398529914
2015-01-29,1910,ledoit_wolf,select,pca_only,8,20,log_euclidean,0.01,0.00013556859270002163,8213.930768265152,757.7194214188758,333.90469465668406,166.95234732834194,-274.79333161281573,7.796451109049671e-05,7.796322806090703e-05,2.285476312920154e-05,2.214380427748041,0.06782389676914541,0.07288799577634843
2015-01-29,1910,persistence,select,pca_only,8,20,log_euclidean,0.01,0.00021397977118318458,3525.673895157379,1521.6452800515126,4289.35599840559,2144.6779992027914,1676.351679141672,0.00013074897922146845,0.00013074769619187876,5.553348986586102e-07,3.00447839411623,0.13252166828237047,0.1404191107608785
2015-02-05,1915,D2_pca8_hmm3,select,pca_only,8,20,log_euclidean,0.01,0.0003707085549506492,3660.2170117831956,1869.3598303105464,3474.1544241920737,1737.077212096008,1273.7897064285573,3.558967144343273e-05,3.5587946062412516e-05,3.386387204950861e-07,2.43940322168102,0.08403285036998989,0.08373072714832981
2015-02-05,1915,rolling,select,pca_only,8,20,log_euclidean,0.01,0.00029711679125846375,4708.646914806592,999.1938921222352,1482.5704600092872,741.2852300046495,275.2108473837578,0.00014765110091288102,0.0001476493755318608,2.2838186848566252e-06,5.356414079575563,0.19613010903151898,0.4271389271563213
2015-02-05,1915,ledoit_wolf,select,pca_only,8,20,log_euclidean,0.01,0.00013624768237575658,8279.509786771807,676.0698086594782,338.2697300403935,169.13486502019686,-286.3201647922949,7.203625906387055e-05,7.203453368285034e-05,2.4050953701687205e-05,2.274022827930161,0.06674571615821176,0.07840032765008817
2015-02-05,1915,persistence,select,pca_only,8,20,log_euclidean,0.01,0.00022932313885711073,3514.5233821199386,1286.662976187894,2874.0821464053074,1437.0410732026717,968.7580901847093,7.242363570702815e-05,7.242191032600794e-05,3.7266410736936415e-07,2.3673067312215825,0.07863229769541208,0.08397519687979942
2015-02-12,1920,D2_pca8_hmm3,select,pca_only,8,20,log_euclidean,0.01,5.817818099643845e-05,2425.3406342482667,4146.503056686137,10669.8161351744,5334.908067587203,4778.173568575365,5.8356934644277414e-05,5.835465097610976e-05,8.510270349790656e-08,2.1615764873439702,0.08098009423926156,0.0767752983691452
2015-02-12,1920,rolling,select,pca_only,8,20,log_euclidean,0.01,0.00015757359880972565,4668.045040720847,801.2594419327297,1302.6932076085945,651.3466038042965,177.0939622474641,7.608137947297624e-05,7.607909580480859e-05,2.909449571897678e-06,5.9670988139626955,0.2601377614622162,0.5974484288816593
2015-02-12,1920,ledoit_wolf,select,pca_only,8,20,log_euclidean,0.01,7.369708818375775e-05,8054.290388191823,719.9025087014281,329.0080290085121,164.5040145042559,-296.8314744042856,4.798079051447646e-05,4.7978506846308806e-05,2.589799542149914e-05,2.4053147690842125,0.07770819216570073,0.09101717346597432
2015-02-12,1920,persistence,select,pca_only,8,20,log_euclidean,0.01,0.00018913321105074602,3557.461247456437,1080.224932521043,2428.6788324056383,1214.3394162028221,738.6430668332513,8.987600385604415e-05,8.98737201878765e-05,4.171880871771697e-07,2.375602416365391,0.10657411111958204,0.09215704146902139
2015-02-20,1925,D2_pca8_hmm3,select,pca_only,8,20,log_euclidean,0.01,0.009624871497109303,3056.0399798277267,2397.1776083650175,55059.330102878885,27529.665051439442,26947.940516255796,0.0004887154818087793,0.0004886811014311548,1.6904685917546513e-07,2.2769888914538945,0.08820070526703457,0.08597569635664756
2015-02-20,1925,rolling,select,pca_only,8,20,log_euclidean,0.01,0.00957738082158717,4804.70140155868,771.9349011890597,18827.560385855682,9413.780192927847,9018.156291206253,0.0002707070088975143,0.00027067262851988985,2.4808770889471354e-06,6.204066829276167,0.26425356953919565,0.5860580481391079
2015-02-20,1925,ledoit_wolf,select,pca_only,8,20,log_euclidean,0.01,0.009529707812516513,7601.847789139051,761.0370872812058,1145.5372708749403,572.76863543747,186.4782121804459,6.016732361130023e-05,6.0132943233675735e-05,2.2065430915380892e-05,3.09358431150537,0.10370033389589352,0.14309328178530753
2015-02-20,1925,persistence,select,pca_only,8,20,log_euclidean,0.01,0.009601444855448402,3677.9478805268727,1147.0093009432994,24797.49073423947,12398.745367119735,11960.69978425944,9.849725845329569e-05,9.84628780756712e-05,2.4879901624302443e-07,2.093075064695628,0.0659936454382094,0.06545274938235439
2015-02-27,1930,D2_pca8_hmm3,select,pca_only,8,20,log_euclidean,0.01,0.00959624918963843,2724.8629030958245,2901.8761930755595,56162.06497645129,28081.03248822564,27471.745118400024,0.0002007963162362637,0.0002007534484745794,1.5888303746189724e-07,2.2240458229971702,0.08900021075797442,0.08609625530987289
2015-02-27,1930,rolling,select,pca_only,8,20,log_euclidean,0.01,0.009532376644497092,4739.304179637915,740.8652541108939,19815.347132432697,9907.673566216346,9481.153309344225,0.0001380351421225327,0.00013799227436084841,1.8392256021193268e-06,5.383445533062218,0.20155145121995735,0.46813065456616554
2015-02-27,1930,ledoit_wolf,select,pca_only,8,20,log_euclidean,0.01,0.009498162164975142,7701.130847878395,924.5370235853488,1041.5187061126705,520.7593530563357,133.4651154688634,9.397959257962936e-05,9.393672481794505e-05,1.9986408331610157e-05,2.8136033628491575,0.08108837451295055,0.1159753482590377
2015-02-27,1930,persistence,select,pca_only,8,20,log_euclidean,0.01,0.009556277846863161,3640.7211037820352,1425.987462448308,33510.34839775251,16755.174198876262,16256.771605769474,0.00014326436407285586,0.00014322149631117157,1.5035798510106196e-07,1.865780358179785,0.06236227414704196,0.05203252284900251
2015-03-06,1935,D2_pca8_hmm3,select,pca_only,8,20,log_euclidean,0.01,0.011401451955678248,3699.6746412294865,1426.5024597373913,12023.44752425491,6011.723762127454,5581.123029344273,0.00012781640004866935,0.00012768491707680388,6.567028777215058e-07,2.2847378651028736,0.08269697281944129,0.08238203918413793
2015-03-06,1935,rolling,select,pca_only,8,20,log_euclidean,0.01,0.009537569582006303,4717.918363273744,783.5489835293288,21688.674277428865,10844.337138714436,10398.017180954339,0.00015743499795388565,0.00015730351498202018,1.592637335086582e-06,5.267871298505802,0.16602245126838683,0.42750521175194284
2015-03-06,1935,ledoit_wolf,select,pca_only,8,20,log_euclidean,0.01,0.009511903328318744,7746.780551251904,1038.5965344627718,965.0752188971192,482.53760944855964,95.37393259276377,9.588754826824763e-05,9.575606529638216e-05,1.5131221727964553e-05,2.231739246900262,0.0705355826138428,0.07471461135864266
2015-03-06,1935,persistence,select,pca_only,8,20,log_euclidean,0.01,0.009552216284136626,3439.592605319701,1190.533134380221,46781.61193207053,23390.805966035266,22811.534491616134,0.00010348628185835303,0.00010335479888648756,1.6730051970025286e-07,2.1449106017780326,0.08796796169148323,0.07818978586106605
2015-03-13,1940,D2_pca8_hmm3,select,pca_only,8,20,log_euclidean,0.01,0.00956208142918351,2185.0957908792966,3452.2070135472513,435308.2271400067,217654.11357000336,215864.21439853418,4.18540381258608e-05,4.179760762460672e-05,1.941656765910037e-08,2.4281087244708437,0.08381793995148046,0.08697365714653639
2015-03-13,1940,rolling,select,pca_only,8,20,log_euclidean,0.01,0.009544903539323012,4664.2084308504345,648.1306234353549,24341.529939614702,12170.764969807353,11683.070829760241,0.00015339646876448543,0.00015334003826323136,1.978032864433382e-06,6.157849149704459,0.21919670209260825,0.5686319861637097
2015-03-13,1940,ledoit_wolf,select,pca_only,8,20,log_euclidean,0.01,0.009518304885546574,7452.649244565837,642.559859500083,1218.1027031485107,609.0513515742552,219.43607366389833,4.166483719057679e-05,4.1608406689322706e-05,1.8316117785697637e-05,3.019614148174612,0.07715093631355333,0.12620604457128143
2015-03-13,1940,persistence,select,pca_only,8,20,log_euclidean,0.01,0.009538603043374736,3404.092769360337,915.7254851441292,52267.50136172025,26133.75068086013,25542.05445004801,0.00011131685207544403,0.00011126042157418995,2.0659769615950596e-07,2.59356887181915,0.08058905873364215,0.10787397022281357
2015-03-20,1945,D2_pca8_hmm3,select,pca_only,8,20,log_euclidean,0.01,0.00023602938016607908,3208.7402940769525,990.4097960083656,2839.404618393377,1419.702309196683,950.5333974006417,4.036684411741815e-05,4.036406885702067e-05,2.683080609525148e-07,2.182417466151438,0.07123780393126154,0.07193538433909148
2015-03-20,1945,rolling,select,pca_only,8,20,log_euclidean,0.01,0.0015865574182628277,4588.769689441056,649.876953904774,793.1466140404524,396.5733070202237,-71.29653699454396,8.08773855816497e-05,8.087461032125223e-05,2.8991060532220282e-06,4.9538178454939334,0.16543418087838146,0.37712093738360963
2015-03-20,1945,ledoit_wolf,select,pca_only,8,20,log_euclidean,0.01,8.253959428896972e-05,9975.195023917022,1503.9768059636403,392.91188999078474,196.4559449953923,-260.4978386001523,4.943756426631387e-05,4.9434789005916396e-05,1.2041467197407584e-05,1.0000000000000002,0.015401219892873174,0.010674390943987876
2015-03-20,1945,persistence,select,pca_only,8,20,log_euclidean,0.01,0.009556137219436135,3399.8055466147066,968.6798421509507,999.7913337042648,499.8956668521339,33.55031808982962,7.088753849371178e-05,7.088476323331431e-05,1.3599799242966175e-06,2.6890150593078226,0.09024461940686924,0.11301317549817637
2015-03-27,1950,D2_pca8_hmm3,select,pca_only,8,20,log_euclidean,0.01,5.0879811000636695e-05,2518.6324785731385,4385.719654877301,14714.389058921679,7357.194529460842,6848.6222456354135,4.462664495103185e-05,4.46250583279297e-05,1.0525395688630438e-07,2.8248884954817237,0.0794762022474122,0.12259595534133666
2015-03-27,1950,rolling,select,pca_only,8,20,log_euclidean,0.01,0.0015928827584788825,4772.486230168761,720.0472316798439,1046.602602059174,523.3013010295836,57.598064927378026,6.71213253536743e-05,6.711973873057215e-05,2.5549528348829597e-06,4.839863471254509,0.1494879125604672,0.3404235100977678
2015-03-27,1950,ledoit_wolf,select,pca_only,8,20,log_euclidean,0.01,7.098154348487332e-05,9975.251300924323,1031.2798680371554,391.97633347606006,195.98816673803026,-259.3956264444487,3.596434396156406e-05,3.5962757338461914e-05,1.1488449645520596e-05,1.0,0.0167344380939199,0.010615535496293618
2015-03-27,1950,persistence,select,pca_only,8,20,log_euclidean,0.01,0.009532859895285453,3431.6082834448725,1178.9000679820792,1123.7945803909245,561.8972901954631,100.2944414762053,6.971766026355621e-05,6.971607364045407e-05,1.548661847783187e-06,2.78284467502533,0.09226460221480462,0.12618755926748243
2015-04-06,1955,D2_pca8_hmm3,select,pca_only,8,20,log_euclidean,0.01,7.714585873589612e-05,2304.081704770552,5647.997025470802,14311.178199973589,7155.589099986797,6618.4114843709785,3.299680202615486e-05,3.299560664169737e-05,1.1839976375876722e-07,2.5234695195583234,0.10980635283225831,0.11049420732336626
2015-04-06,1955,rolling,select,pca_only,8,20,log_euclidean,0.01,0.0015923522844322091,4856.50152700252,752.6655631011754,1288.1414826502673,644.0707413251346,183.7967647826783,5.4418731991393314e-05,5.4417536606935824e-05,3.025033357658936e-06,5.171226031337565,0.14319063013318997,0.3997682568845459
2015-04-06,1955,ledoit_wolf,select,pca_only,8,20,log_euclidean,0.01,8.07998838405405e-05,9920.950444310482,1004.6825778797839,381.9493875957917,190.97469379789632,-258.32930102312906,3.8661349472763656e-05,3.866015408830617e-05,1.088274790532968e-05,1.0,0.015914500457880978,0.010537831949633493
2015-04-06,1955,persistence,select,pca_only,8,20,log_euclidean,0.01,0.009548198667816915,3483.717555958342,1123.3509543118957,1260.216248438646,630.1081242193219,173.2832229462919,7.067265511388917e-05,7.067145972943168e-05,2.536953544473331e-06,3.6379214796968946,0.11659840201340904,0.20249011374215545
2015-04-13,1960,D2_pca8_hmm3,select,pca_only,8,20,log_euclidean,0.01,6.138003397924727e-05,2123.7226896494262,4629.560369392613,38217.33879704674,19108.66939852337,18319.478208481654,2.8298631419771645e-05,2.8297006847803612e-05,5.267839224852213e-08,2.8203297148675768,0.08894892597825509,0.1281849649995081
2015-04-13,1960,rolling,select,pca_only,8,20,log_euclidean,0.01,0.0015796712985136942,4662.506695349525,702.01010426404,1391.3699460919242,695.6849730459631,239.122721851713,0.00011075975298543192,0.00011075812841346389,2.3126032030142267e-06,4.497808192792236,0.15111419217531155,0.3313501586634038
2015-04-13,1960,ledoit_wolf,select,pca_only,8,20,log_euclidean,0.01,9.329655186234129e-05,9816.46346864025,1309.195067566442,369.83581220048933,184.91790610024455,-257.85801411918527,5.145958842044462e-05,5.145796384847659e-05,9.426501358289044e-06,1.0,0.014386121669421248,0.01039973289914836
2015-04-13,1960,persistence,select,pca_only,8,20,log_euclidean,0.01,0.009534142621784113,3179.0693964307325,832.3609706906389,1238.2324083520443,619.1162041760269,167.37457186063494,5.85042416395067e-05,5.8502617067538664e-05,1.4213490683562313e-06,2.7797942495562036,0.07843658394953147,0.11679352546236853
2015-04-20,1965,D2_pca8_hmm3,select,pca_only,8,20,log_euclidean,0.01,0.0006295691127869428,3807.3830562522157,1339.6080368592586,2711.549130691289,1355.7745653456495,880.1247750177563,3.118804152819077e-05,3.118710704388709e-05,4.622347307774569e-07,2.170164211862928,0.07721603515522237,0.07701700317924186
2015-04-20,1965,rolling,select,pca_only,8,20,log_euclidean,0.01,0.0015583129807299951,4585.887874503194,683.7315393215267,1419.096504644767,709.548252322378,245.45345529927778,5.185340938057184e-05,5.185247489626816e-05,2.5518822333916463e-06,4.7961704307839215,0.16445660452739344,0.374895979511984
2015-04-20,1965,ledoit_wolf,select,pca_only,8,20,log_euclidean,0.01,7.781444048954588e-05,9748.070700989214,1140.0357866169443,373.2616642174365,186.63083210871818,-260.5835980574758,3.9517020668606584e-05,3.9516086184302905e-05,8.55033839288667e-06,1.0,0.01392297481798104,0.010305065895574093
2015-04-20,1965,persistence,select,pca_only,8,20,log_euclidean,0.01,6.200685487691725e-05,3128.583554604779,936.196253404795,6191.899449543191,3095.9497247715963,2593.0863156709424,3.674992818274713e-05,3.674899369844345e-05,2.4127100262644553e-07,2.853555655042413,0.08217161675830358,0.11336122926551591
2015-04-27,1970,D2_pca8_hmm3,select,pca_only,8,20,log_euclidean,0.01,6.078885853298864e-05,2041.2740324189763,4122.127233589769,99837.50690773445,49918.753453867226,48491.44679187451,5.174932258766351e-05,5.174774130780718e-05,1.4555447117927354e-08,2.6132123752392236,0.09849116264435064,0.10868666777332228
2015-04-27,1970,rolling,select,pca_only,8,20,log_euclidean,0.01,0.0015608838987398522,4574.9960645538795,637.8566489665297,1270.4136882012929,635.2068441006493,170.00101789245235,4.993455222889366e-05,4.9932970949037326e-05,2.55827073512487e-06,5.055876619639479,0.13928620231983238,0.3759288193182635
2015-04-27,1970,ledoit_wolf,select,pca_only,8,20,log_euclidean,0.01,7.760302685314542e-05,9746.49107965491,1430.361750204901,375.97732497648724,187.98866248824353,-261.56305968547224,4.4490303005027627e-05,4.448872172517129e-05,8.368929919338285e-06,1.0,0.013329450359211247,0.010255725111688808
2015-04-27,1970,persistence,select,pca_only,8,20,log_euclidean,0.01,6.947631186059278e-05,3493.640823157569,1072.0980612208832,6898.834513004333,3449.417256502172,2913.7103829679995,7.707633364078331e-05,7.707475236092698e-05,1.669194410258865e-07,2.2538423740060245,0.09711633880689159,0.07740136744335117
2015-05-04,1975,D2_pca8_hmm3,select,pca_only,8,20,log_euclidean,0.01,3.231150881310914e-05,2601.6839191464865,1518.6210415435266,14074.379336193999,7037.189668096993,6379.442281318529,5.489014446150575e-05,5.488848749744754e-05,1.107185499986392e-07,3.0699179311425917,0.09457717635175214,0.1419882350574381
2015-05-04,1975,rolling,select,pca_only,8,20,log_euclidean,0.01,0.0015552070323728586,4554.80915449706,651.7007519783618,1085.3256440370167,542.6628220185097,66.69121129977516,5.295516337932003e-05,5.295350641526182e-05,2.4974831680993237e-06,4.9331831948138944,0.15781422745111717,0.36130582336139866
2015-05-04,1975,ledoit_wolf,select,pca_only,8,20,log_euclidean,0.01,6.158658040473072e-05,9767.261061446578,1439.613467553607,388.37798849921717,194.1889942496087,-264.53438636543194,3.4911444188888814e-05,3.4909787224830605e-05,8.826424360607203e-06,1.0,0.013486057632924873,0.010287563130092795
2015-05-04,1975,persistence,select,pca_only,8,20,log_euclidean,0.01,7.069484195513877e-05,3499.691626867663,1091.3112136360662,5418.463512159954,2709.23175608,2155.2318257317775,3.784020876675284e-05,3.783855180269463e-05,1.4593946318588022e-07,2.0357352106730877,0.05663407551136254,0.05971018975482854
2015-05-11,1980,D2_pca8_hmm3,select,pca_only,8,20,log_euclidean,0.01,2.9996065157912047e-05,2794.67292541437,1481.011107259389,13963.819319702454,6981.909659851228,6328.319494329975,2.779556772782459e-05,2.7794128471880986e-05,3.8076891370423634e-08,1.7266464793492309,0.0449909092070702,0.045593766745783984
2015-05-11,1980,rolling,select,pca_only,8,20,log_euclidean,0.01,0.0015687987195154274,4548.615976777515,719.6044050341454,1042.2083627035595,521.1041813517818,45.651265854842485,6.42358190163214e-05,6.423437976037779e-05,2.4582960590618173e-06,4.788399251300661,0.16058666882945866,0.35173855248402514
2015-05-11,1980,ledoit_wolf,select,pca_only,8,20,log_euclidean,0.01,5.207778587913985e-05,9786.737107066554,1157.880461622222,397.9831487525123,198.99157437625624,-266.01653594660036,2.5972769706743046e-05,2.597133045079944e-05,9.401246711255014e-06,0.9999999999999999,0.01353967284320732,0.010384688537473022
2015-05-11,1980,persistence,select,pca_only,8,20,log_euclidean,0.01,7.483618257195236e-05,3339.42425619593,1010.9148016005546,3881.065113899513,1940.5325569497563,1430.1270801447286,2.374059761328996e-05,2.3739158357346354e-05,1.984266177739706e-07,2.124681107417306,0.07837826330562532,0.07102090241599819
2015-05-18,1985,D2_pca8_hmm3,select,pca_only,8,20,log_euclidean,0.01,0.002421495062815581,3662.8166423496004,2119.22940381431,4509.280409046874,2254.6402045234395,1804.6704158480231,6.393663505385734e-05,6.392703272532981e-05,7.035402232964661e-07,2.3507005594837422,0.09869374102975537,0.0982126358434449
2015-05-18,1985,rolling,select,pca_only,8,20,log_euclidean,0.01,0.002180860448311797,4756.594302925464,675.4225708594133,3837.1438124438237,1918.5719062219107,1471.957314016871,0.0001470917935063929,0.00014708219117786538,2.4229074776818116e-06,4.628179741608794,0.17144003969665392,0.35006707992549785
2015-05-18,1985,ledoit_wolf,select,pca_only,8,20,log_euclidean,0.01,0.0006546979128591884,9806.596841792049,1466.0955715110085,368.00332751094095,184.0016637554706,-245.82049616705822,4.130543726636607e-05,4.1295834937838537e-05,9.338935231903105e-06,0.9999999999999999,0.014397071475133002,0.01037091712997676
2015-05-18,1985,persistence,select,pca_only,8,20,log_euclidean,0.01,0.0006780794364233351,3536.6094915329577,1009.6175093576819,12365.882330908495,6182.941165454253,5703.653812848659,2.983232588305003e-05,2.9822723554522494e-05,1.2951305044314408e-07,1.848030857510078,0.050964585281672754,0.05069024229782639
2015-05-26,1990,D2_pca8_hmm3,select,pca_only,8,20,log_euclidean,0.01,0.017052358368307798,2389.234564610348,4455.2131078722905,142973.64046671358,71486.82023335679,70031.75444492881,6.240328807319284e-05,6.227241894077495e-05,8.560466045084209e-08,2.3278523141766723,0.09751687457311622,0.0945919350915013
2015-05-26,1990,rolling,select,pca_only,8,20,log_euclidean,0.01,0.018538589632736198,4811.0240870007165,750.7355643732482,13210.906341666101,6605.4531708330505,6183.980016762535,0.0006385328619535268,0.0006384019928211089,1.572617040657935e-06,3.881549798509404,0.1101220079663816,0.22621313529141904
2015-05-26,1990,ledoit_wolf,select,pca_only,8,20,log_euclidean,0.01,0.016903026111991643,9825.752742679037,1633.4343736674728,469.69843512641773,234.84921756320887,-137.4498089066235,3.914993811482424e-05,3.9019068982406356e-05,8.135629428526516e-06,0.9999999999999999,0.01344643175460615,0.010286383533875551
2015-05-26,1990,persistence,select,pca_only,8,20,log_euclidean,0.01,0.017034172162009455,3488.033082118717,944.310802095141,54541.28041032366,27270.640205161824,26692.044125705383,2.4777020908476593e-05,2.464615177605871e-05,1.7691768109066776e-07,2.1631675053616313,0.09428359518195506,0.07202790711724043
2015-06-02,1995,D2_pca8_hmm3,select,pca_only,8,20,log_euclidean,0.01,0.017123439474150293,2179.5664043910956,2713.801588066144,413502.29554318223,206751.14777159112,204287.05628839103,8.221522909406328e-05,8.203540025289369e-05,5.624399098928733e-08,3.14667960651267,0.12669349516690315,0.16225261963426166
2015-06-02,1995,rolling,select,pca_only,8,20,log_euclidean,0.01,0.017087563081986563,4638.326707563499,913.5254636949933,34554.25267912583,17277.126339562914,16776.801003170465,0.00019988239916852123,0.00019970257032735162,7.981110058065714e-07,4.465947057967482,0.1542973223373134,0.32660807646025775
2015-06-02,1995,ledoit_wolf,select,pca_only,8,20,log_euclidean,0.01,0.017078250750654743,7360.386208831172,1378.036858059582,1505.5685857232686,752.7842928616344,376.8069824738049,8.115495539132947e-05,8.097512655015988e-05,9.30985609506281e-06,2.0639109959347532,0.0736197394414318,0.06562246114589465
2015-06-02,1995,persistence,select,pca_only,8,20,log_euclidean,0.01,0.01710712954536783,3426.21475045613,1058.5169301760807,65893.48232484514,32946.74116242257,32254.837396658968,5.9261863500909394e-05,5.9082034659739794e-05,1.6753491145875095e-07,2.2924027510722254,0.10511668590979008,0.08229963857426864
2015-06-09,2000,D2_pca8_hmm3,select,pca_only,8,20,log_euclidean,0.01,0.017049877905614463,2087.017809574957,2774.9743743189547,378211.00413370604,189105.50206685302,186019.90836707788,9.329765218472609e-05,9.312986478979641e-05,4.8596287292095794e-08,2.9786198313454317,0.11312951293845296,0.14182320324134287
2015-06-09,2000,rolling,select,pca_only,8,20,log_euclidean,0.01,0.01700733531761036,4603.373375968987,1114.9024240642789,37631.871270434975,18815.935635217487,18347.078660475127,0.00021417782416531249,0.0002140100367703828,7.595859177764939e-07,4.59337564862713,0.1575456593823576,0.33707981879887294
2015-06-09,2000,ledoit_wolf,select,pca_only,8,20,log_euclidean,0.01,0.017006569783174868,7355.987832036837,1739.3746494116535,1526.7952735913555,763.3976367956775,389.1479017088265,4.109418284315058e-05,4.0926395448220896e-05,9.614097803940255e-06,1.9838533052595189,0.06191477833060553,0.059700190860365765
2015-06-09,2000,persistence,select,pca_only,8,20,log_euclidean,0.01,0.01704104066925902,3389.0078488361196,1332.8533281324208,83386.70885795848,41693.35442897924,41054.752442113044,6.772213777831995e-05,6.755435038339027e-05,1.3732353192548896e-07,2.3356809000238337,0.07891204893723532,0.07740878776998501
2015-06-16,2005,D2_pca8_hmm3,select,pca_only,8,20,log_euclidean,0.01,0.05572802396317355,3851.229323397557,1285.392344239736,23580.543686733712,11790.271843366858,11300.86529991838,0.0002810286073078267,0.0002806688235415506,5.616909664866926e-07,1.8453708364915355,0.06309291114707022,0.056508419843881455
2015-06-16,2005,rolling,select,pca_only,8,20,log_euclidean,0.01,0.054670622346195415,4556.524019118257,1054.5215966317928,31533.28724562879,15766.643622814398,15085.346545209317,9.248530905637655e-05,9.212552529010044e-05,6.475965880972255e-07,3.491845547549596,0.11645975928296631,0.20384550096937393
2015-06-16,2005,ledoit_wolf,select,pca_only,8,20,log_euclidean,0.01,0.05471331885845851,8550.228236029528,2406.5555087980965,1147.3542470714483,573.6771235357237,228.0547371323891,0.00011302196016096716,0.00011266217639469105,7.5461619279156175e-06,1.0433147534018985,0.02576244437496048,0.014153989059354858
2015-06-16,2005,persistence,select,pca_only,8,20,log_euclidean,0.01,0.05541900372022556,3551.243306297454,1059.4849165108349,66908.2474215981,33454.12371079905,32823.46626286019,8.702139961660202e-05,8.666161585032591e-05,4.732765781599707e-07,2.6800387861500354,0.08931656939837089,0.11374269233182317
2015-06-23,2010,D2_pca8_hmm3,select,pca_only,8,20,log_euclidean,0.01,0.03942687559235708,2054.561603455906,2833.941822020245,326409.1742190727,163204.58710953634,160808.3344488349,6.000044756398167e-05,5.9806082054200494e-05,3.025311666103677e-08,2.953391152590189,0.08759620354291961,0.13918587230139468
2015-06-23,2010,rolling,select,pca_only,8,20,log_euclidean,0.01,0.041799582231776364,4475.305342413445,856.3282152912182,3530.537828236744,1765.2689141183719,1334.0415923870316,0.00010561232697551035,0.00010541796146572917,1.8995187679255044e-06,3.4752216663382165,0.142107715140977,0.19669829087538712
2015-06-23,2010,ledoit_wolf,select,pca_only,8,20,log_euclidean,0.01,0.039185283696845305,10327.586289097297,2126.6495138074188,465.0498632071849,232.5249316035923,-127.17587573434739,0.00010396117877873142,0.00010376681326895024,9.416299428690863e-06,0.9999999999999999,0.01235888434750421,0.010121393488801223
2015-06-23,2010,persistence,select,pca_only,8,20,log_euclidean,0.01,0.056155847269400275,3399.8365243303706,976.0213466726974,9534.63139915301,4767.315699576507,4335.245164936374,7.823651634793541e-05,7.804215083815423e-05,1.6667834308877597e-06,2.413928116523107,0.08747632501870682,0.09298235514943198
2015-06-30,2015,D2_pca8_hmm3,select,pca_only,8,20,log_euclidean,0.01,0.03948792697482236,2218.1922801692376,4066.2983611002383,454500.5542622967,227250.27713114835,222780.63566100603,0.0004677966131586187,0.00046768475663199236,4.677998292665019e-08,3.0413124357329204,0.10268383576862017,0.146438278493488
2015-06-30,2015,rolling,select,pca_only,8,20,log_euclidean,0.01,0.042078955787779614,4697.816979781017,782.2071325913229,9217.599421898763,4608.799710949381,4150.375442856685,0.0008548857749101404,0.0008547739183835141,2.5973512539328416e-06,3.9773739538865907,0.13802241832432638,0.2622647639088748
2015-06-30,2015,ledoit_wolf,select,pca_only,8,20,log_euclidean,0.01,0.03926059695779073,10321.684632988145,1562.738846462937,476.6512020442781,238.3256010221392,-118.26984397787257,9.982560007795624e-05,9.97137435513299e-05,9.822614264262334e-06,1.0,0.012750514602065032,0.010150172471799383
2015-06-30,2015,persistence,select,pca_only,8,20,log_euclidean,0.01,0.056271424590991256,3544.9435030987697,1171.006126531635,9015.063597043452,4507.531798521725,4082.502428188207,0.0001927811773827444,0.00019266932085611806,2.5597015938621482e-06,2.943591571654495,0.10759561447875189,0.14157069631141114
2015-07-08,2020,D2_pca8_hmm3,select,pca_only,8,20,log_euclidean,0.01,0.04027481917799618,2122.7390505159096,6317.378300409653,255575.68084418823,127787.84042209412,124213.37698419225,0.00025082772986259936,0.00025073804149017325,4.8784384604836805e-08,3.080766246371532,0.15618224133519493,0.16345048998250974
2015-07-08,2020,rolling,select,pca_only,8,20,log_euclidean,0.01,0.042883254634577,4633.27163040899,1036.8047707885084,9267.238322342671,4633.619161171337,4175.920967789085,0.0012285539681693557,0.0012284642797969296,2.4315604264748212e-06,3.859168977346073,0.14294159551608507,0.24897273333994463
2015-07-08,2020,ledoit_wolf,select,pca_only,8,20,log_euclidean,0.01,0.040041997237273634,10307.361691303586,1037.7073869015658,477.5420931315939,238.771046565797,-116.5168402473121,8.064620469598546e-05,8.055651632355934e-05,9.775412782954696e-06,0.9999999999999999,0.01353945452269352,0.010150833026307161
2015-07-08,2020,persistence,select,pca_only,8,20,log_euclidean,0.01,0.057014855116992086,3476.023465737192,1797.6255935634222,9138.56977520462,4569.284887602313,4139.271371502958,0.0001221858785029891,0.000122096190130563,2.441284449946737e-06,2.7880981818636177,0.13304299150700036,0.13294293748939162
2015-07-15,2025,D2_pca8_hmm3,select,pca_only,8,20,log_euclidean,0.01,0.00014781764850957732,1968.0491605965358,6491.400107779593,85530.45537167833,42765.22768583916,41705.801679368866,9.262342783434163e-05,9.262149600039689e-05,4.6610606735637004e-08,2.9912618087864207,0.15325958214376953,0.16097348699739436
2015-07-15,2025,rolling,select,pca_only,8,20,log_euclidean,0.01,0.0027171201658347088,4445.383935024194,1125.320913811473,1631.5929916656555,815.7964958328268,373.9307091090862,5.784655673475844e-05,5.78446249008137e-05,2.5275311340067864e-06,4.155246153632573,0.14141090086901875,0.2627469512827331
2015-07-15,2025,ledoit_wolf,select,pca_only,8,20,log_euclidean,0.01,0.00016579212233046566,10250.662245148313,1002.7548906073202,364.92531439626106,182.46265719813013,-242.2082074042799,4.7268936251178766e-05,4.726700441723403e-05,1.0157050940486856e-05,1.0,0.014321826688113439,0.010201528713867914
2015-07-15,2025,persistence,select,pca_only,8,20,log_euclidean,0.01,0.053813103903137184,3174.399919223132,1695.278882385228,703.2182451854226,351.60912259271015,-74.6077659399817,9.507022523408257e-05,9.506829340013784e-05,3.909461344752027e-06,2.5360633412397533,0.1038940461776211,0.10416422715638671
2015-07-22,2030,D2_pca8_hmm3,select,pca_only,8,20,log_euclidean,0.01,0.00012383614903256694,2034.4564249392718,6312.158093007034,66593.08693838496,33296.54346919248,32427.151265396667,3.6027769614336696e-05,3.602640822353605e-05,4.808726290686858e-08,2.9314860230152737,0.13803456725138452,0.1480470329546828
2015-07-22,2030,rolling,select,pca_only,8,20,log_euclidean,0.01,0.008974577458831127,4475.124254742299,885.8512012864128,797.3781840705262,398.68909203526454,-32.61959831428074,5.30901654449009e-05,5.308880405410025e-05,4.480517961240862e-06,3.6438651352252847,0.1317099473887673,0.21823560375445325
2015-07-22,2030,ledoit_wolf,select,pca_only,8,20,log_euclidean,0.01,0.0002984766084269583,11545.586571942029,1086.7650104008335,418.8042064353958,209.40210321769771,-221.16508227320446,5.354917473822787e-05,5.3547813347427224e-05,1.739598335839561e-05,1.0,0.012067615593839454,0.010132337231667631
2015-07-22,2030,persistence,select,pca_only,8,20,log_euclidean,0.01,0.039242470009391336,3219.931098004119,1264.3360812610072,883.3840057010412,441.6920028505224,8.788319711918922,7.66329294858676e-05,7.663156809506695e-05,2.9624504797618346e-06,2.7867343448398167,0.08833704560557601,0.12452023891867725
2015-07-29,2035,D2_pca8_hmm3,select,pca_only,8,20,log_euclidean,0.01,0.000391916728050967,2721.5295512669627,1059.5213186665237,10613.702133102046,5306.851066551017,4826.101639690633,0.00028414391647856745,0.00028412952090016094,1.7434329543540532e-07,2.308885317895792,0.10515279752176543,0.09431885514109994
2015-07-29,2035,rolling,select,pca_only,8,20,log_euclidean,0.01,0.00917893114110991,4482.023461834218,1342.3285140775226,648.713825007364,324.35691250368217,-88.85853461086072,0.0002083551510345234,0.00020834075545611685,4.588886437220246e-06,3.690090406432579,0.13342582117912463,0.2204815125798292
2015-07-29,2035,ledoit_wolf,select,pca_only,8,20,log_euclidean,0.01,0.000963296200710496,11577.790418531999,3752.9909396724506,394.88956933099035,197.44478466549498,-215.86761083587385,0.0002595844913213765,0.00025957009574296996,1.793880221477771e-05,0.9999999999999999,0.01197411764127232,0.010139927248901802
2015-07-29,2035,persistence,select,pca_only,8,20,log_euclidean,0.01,0.03911204448382527,3338.7679795863314,1622.9626622083729,829.0215716205214,414.51078581025894,-2.0471594561187003,0.00023371204718945925,0.0002336976516110527,2.07376085639131e-06,2.211655210356032,0.10296863879275193,0.0855179296294491
2015-08-05,2040,D2_pca8_hmm3,select,pca_only,8,20,log_euclidean,0.01,0.0013980654920386084,1945.4123194231101,1150.5619011315412,58256.06345525735,29128.031727628677,27945.374304207635,0.00026319180144656067,0.00026317501376615416,5.755249609672364e-08,3.2504618539164545,0.15342975986583918,0.186101065833021
2015-08-05,2040,rolling,select,pca_only,8,20,log_euclidean,0.01,0.009741665098462072,4515.567022037094,1805.1450242504693,568.197703597104,284.0988517985517,-133.82131989123607,0.00023602636841399532,0.00023600958073358882,4.74330808938186e-06,3.9564082644006393,0.12193088514189626,0.23394007223224447
2015-08-05,2040,ledoit_wolf,select,pca_only,8,20,log_euclidean,0.01,0.001622792575841205,11601.73173965011,4736.473038486458,392.91038280387795,196.45519140193858,-214.17391802061766,0.0003544455018533449,0.0003544287141729384,1.8346801790666663e-05,1.0,0.012125183720833748,0.010154671055015036
2015-08-05,2040,persistence,select,pca_only,8,20,log_euclidean,0.01,0.04045530922949757,3407.90456241607,3007.3329038714737,815.101871409054,407.5509357045228,-10.411509246844824,0.00028020686232763326,0.00028019007464722675,1.5898732001606851e-06,2.0298551556342814,0.07095235527232656,0.06482791518038092
2015-08-12,2045,D2_pca8_hmm3,select,pca_only,8,20,log_euclidean,0.01,0.0015531006525473438,2175.3349522535545,589.1079015811717,31662.79406569463,15831.397032847313,14965.854784506562,0.0003777828650852769,0.0003777480319676838,9.342119871760123e-08,3.4776555437802945,0.10371445418537867,0.1953791380096019
2015-08-12,2045,rolling,select,pca_only,8,20,log_euclidean,0.01,0.010036041715177923,4645.969363625516,2320.219038241872,529.1265516695078,264.5632758347534,-154.02345246962264,0.0003108362147085873,0.0003108013815909942,4.540546815842745e-06,3.5754247126682643,0.12401904216579698,0.21674991679992248
2015-08-12,2045,ledoit_wolf,select,pca_only,8,20,log_euclidean,0.01,0.0019072412432326468,11630.12450280219,5355.513965617148,396.9279259966712,198.46396299833526,-214.15290881475966,0.0003951230166742173,0.00039508818355662415,1.867293895069494e-05,1.0,0.01196419745153349,0.01016874440180833
2015-08-12,2045,persistence,select,pca_only,8,20,log_euclidean,0.01,0.0015404631443712699,3467.664366307678,3576.7288862240257,4392.562289703883,2196.2811448519537,1726.7564604752508,0.0003283339749844588,0.0003282991418668657,2.2544839261949553e-07,1.887267208861827,0.07401155797642937,0.056366404956000336
2015-08-19,2050,D2_pca8_hmm3,select,pca_only,8,20,log_euclidean,0.01,0.0018340477111465135,1919.9235744488674,568.3782735662296,49182.2163004628,24591.108150231397,23046.580873549283,0.0002464075437887967,0.00024637502344839656,5.40693921358205e-08,3.440734779906327,0.13012370499830825,0.1891857116881188
2015-08-19,2050,rolling,select,pca_only,8,20,log_euclidean,0.01,0.010189680929866997,4534.124213535608,2423.866389755697,518.1190617617519,259.05953088087665,-163.2232731143295,0.00030865972383114495,0.00030862720349074483,4.53733151439982e-06,3.6422797842922443,0.12092573519783885,0.21212043859631413
2015-08-19,2050,ledoit_wolf,select,pca_only,8,20,log_euclidean,0.01,0.002075698916640148,11632.443187613027,5442.003571367942,394.2184238597772,197.1092119298883,-213.5476220945528,0.00041370107917430084,0.0004136685588339007,1.8701841195015943e-05,1.0,0.011822068410029894,0.010172253819480049
2015-08-19,2050,persistence,select,pca_only,8,20,log_euclidean,0.01,0.0016421241495343903,3325.6710549343643,3391.70020571027,5428.169933565215,2714.0849667826074,2187.5580271699937,0.0003897944092511558,0.0003897618889107557,1.9379268640508625e-07,1.880074555044513,0.06676716398999388,0.054421927192719766
2015-08-26,2055,D2_pca8_hmm3,select,pca_only,8,20,log_euclidean,0.01,0.0004637655254670287,1839.6220413498531,1159.3803613444766,31963.10643263578,15981.553216317894,15178.886736390097,0.00014103229566840876,0.00014101846492931556,8.974701737455352e-08,3.898834959106525,0.15375231013631552,0.2510152671231168
2015-08-26,2055,rolling,select,pca_only,8,20,log_euclidean,0.01,0.008932168395156096,4441.550558233494,727.1567703935107,435.74916977344776,217.8745848867249,-218.08500033335173,0.00012068719793971047,0.00012067336720061727,9.192611372279509e-06,5.247472454946775,0.16788261358908527,0.432585981422446
2015-08-26,2055,ledoit_wolf,select,pca_only,8,20,log_euclidean,0.01,0.0007027615588399795,11568.294715026663,4003.3975351456606,414.85583318980514,207.42791659490263,-221.63662211073787,0.00020919397006629524,0.00020918013932720204,2.3603545739115944e-05,1.0,0.012920427568559665,0.010305454789978257
2015-08-26,2055,persistence,select,pca_only,8,20,log_euclidean,0.01,0.00021957413030606747,3203.502552942167,402.39104660546656,2048.2817958329583,1024.1408979164858,558.268211051551,0.0001649692630031145,0.0001649554322640213,1.446802181594496e-06,4.114339783990779,0.11521650677362417,0.2670494820460414
2015-09-02,2060,D2_pca8_hmm3,select,pca_only,8,20,log_euclidean,0.01,0.000346550830127484,1934.5499166700756,2069.944267201159,36417.25284475365,18208.62642237682,17543.316041490925,0.000113838172689429,0.00011382638875870293,7.199886148895568e-08,3.200050510733475,0.16361469287742314,0.16700742366602878
2015-09-02,2060,rolling,select,pca_only,8,20,log_euclidean,0.01,0.006351365556075604,4474.96927569594,375.25563611554117,683.6269182597987,341.8134591299006,-92.47789274998088,0.00017420482757138627,0.0001741930436406602,7.30873442098996e-06,5.39817297688731,0.21478278898148326,0.4956267014826479
2015-09-02,2060,ledoit_wolf,select,pca_only,8,20,log_euclidean,0.01,0.000517189255007889,10877.76347611777,3087.10775524307,379.37684479324594,189.68842239662288,-236.3811579550088,0.0001667170764759912,0.00016670529254526515,3.021157495473596e-05,1.003830139386195,0.019090386150663934,0.011913291194254405
2015-09-02,2060,persistence,select,pca_only,8,20,log_euclidean,0.01,0.0005471931979802785,3244.4556388202495,590.3597311429826,2284.6588321906956,1142.3294160953494,693.1904445763004,0.00016325983696181308,0.00016324805303108702,1.6984505148285483e-06,4.232185724529271,0.16276175964041728,0.2783177938584846
2015-09-10,2065,D2_pca8_hmm3,select,pca_only,8,20,log_euclidean,0.01,0.0005479636192538538,2048.5011011542774,2338.406173827054,106780.86796353913,53390.433981769565,51905.60577992478,0.00011858540659119344,0.00011857321397615552,2.1452313937621397e-08,2.569316184769251,0.1028120921531854,0.10603982167860616
2015-09-10,2065,rolling,select,pca_only,8,20,log_euclidean,0.01,0.006438524487118231,4521.3056522904935,509.0872991154822,918.7579039253956,459.3789519626999,31.37517851647824,0.00021615379436833802,0.00021614160175330012,9.580914908926492e-06,6.222710381381342,0.23086515257538345,0.5951985642795743
2015-09-10,2065,ledoit_wolf,select,pca_only,8,20,log_euclidean,0.01,0.0006294171447453526,10890.511755930067,2597.766682067539,364.9588356704679,182.47941783523407,-232.07990120822737,0.00016792122664209227,0.00016790903402705436,3.368207669003217e-05,1.0040448419448527,0.020327414082149633,0.012299556740278971
2015-09-10,2065,persistence,select,pca_only,8,20,log_euclidean,0.01,0.0007602234693847743,3269.414926942704,984.1745278279568,3225.229094809064,1612.6145474045288,1174.7786236328013,0.00023566525578728813,0.00023565306317225023,2.385382136927729e-06,5.012050086890921,0.15843414877110273,0.3906185978862842
2015-09-17,2070,D2_pca8_hmm3,select,pca_only,8,20,log_euclidean,0.01,0.0006166650484012655,3883.6020543754175,1217.0194596773022,3835.152301614001,1917.5761508070007,1471.8468427466714,0.00013777834552269967,0.0001377692106090292,3.861622785342449e-07,1.8716344250127326,0.05668883776370865,0.056508341792501804
2015-09-17,2070,rolling,select,pca_only,8,20,log_euclidean,0.01,0.006429705588108922,4633.258566584242,546.3505979148142,999.2514829289387,499.62574146446826,75.61440207757066,0.0002202686958001324,0.00022025956088646194,8.846609631380059e-06,6.167723907914933,0.18068392572427966,0.5628137541712441
2015-09-17,2070,ledoit_wolf,select,pca_only,8,20,log_euclidean,0.01,0.0005989110930696375,10889.714654156303,2415.3624933771107,361.86396048716347,180.9319802435811,-231.1569603207197,0.00015930570281629054,0.00015929656790262007,3.516212807387407e-05,1.0072006184495426,0.021452312805372617,0.012612188630006247
2015-09-17,2070,persistence,select,pca_only,8,20,log_euclidean,0.01,0.0008793209239872091,3245.8076488570428,1135.3982899440025,3167.2301860215885,1583.6150930107913,1154.7356095981725,0.00021311249882040388,0.0002131033639067334,2.36279422303655e-06,4.906596488848777,0.15386351766801026,0.36881362454470223
2015-09-24,2075,D2_pca8_hmm3,select,pca_only,8,20,log_euclidean,0.01,0.0007270639114148677,3765.9403384474217,753.1757291769943,4367.186103162518,2183.593051581249,1730.9520196692636,0.00019896215214101274,0.00019895618730794674,4.1649168644640634e-07,2.0070976050435556,0.06299581190710998,0.06326375019909296
2015-09-24,2075,rolling,select,pca_only,8,20,log_euclidean,0.01,0.006415654850803777,4695.115502201125,613.7964534832684,1047.9158430655648,523.9579215327824,102.61559450039076,0.00023695795892895736,0.00023695199409589135,8.553220915546016e-06,6.341697488926206,0.20253273275002925,0.5919204273630272
2015-09-24,2075,ledoit_wolf,select,pca_only,8,20,log_euclidean,0.01,0.0004953383629162017,10905.982932195482,1970.081866672006,364.5192737643095,182.25963688215512,-230.61817681255584,0.00013373938465838312,0.00013373341982531712,3.52375356690249e-05,1.0041545860740027,0.02047749440321987,0.012284741137367978
2015-09-24,2075,persistence,select,pca_only,8,20,log_euclidean,0.01,0.00022567639901043706,3183.236420254714,926.365720347251,5099.446790774094,2549.723395387055,2090.5752523831547,0.00021303942469963903,0.00021303345986657302,1.2365435995869051e-06,4.458677912924945,0.13424597157088702,0.30093465250803325
2015-10-01,2080,D2_pca8_hmm3,select,pca_only,8,20,log_euclidean,0.01,0.0007288308542177675,3498.8359792386327,2914.5305781231114,7842.206620823383,3921.103310411697,3432.8428532849307,0.0001390028907213026,0.0001389987265945618,4.6530971582533233e-07,2.5093219507604347,0.10742215741684001,0.10703534070593201
2015-10-01,2080,rolling,select,pca_only,8,20,log_euclidean,0.01,0.00046716812515605654,4698.824043320121,1489.4689683704623,3092.571128561505,1546.2855642807554,1091.694000740407,0.0004128316812674115,0.0004128275171406707,3.4384502403977905e-06,6.710848793980014,0.21530620451520022,0.6646194087528341
2015-10-01,2080,ledoit_wolf,select,pca_only,8,20,log_euclidean,0.01,0.0003776609523455102,7243.628344403425,1045.922596465477,468.70662215367247,234.35331107683652,-179.95044409654776,0.00025552377868967075,0.00025551961456292996,2.584252954623286e-05,4.937383490658149,0.15351603998044788,0.33839601075376174
2015-10-01,2080,persistence,select,pca_only,8,20,log_euclidean,0.01,0.0003980631674875685,3369.0869038599126,1610.0265661616634,6663.241224727129,3331.6206123635575,2826.945604984039,0.00018696311121478207,0.00018695894708804127,1.0218328789678594e-06,3.7844024969344403,0.15676862993215337,0.2432946061218086
2015-10-08,2085,D2_pca8_hmm3,select,pca_only,8,20,log_euclidean,0.01,0.0007478835929314522,3486.210655250792,1303.5046975855107,37564.728745553635,18782.364372776814,18232.79992396202,6.192164259202666e-05,6.19183835339068e-05,6.88979012870947e-08,1.8412498034106461,0.05128157981481894,0.051576548382525345
2015-10-08,2085,rolling,select,pca_only,8,20,log_euclidean,0.01,0.0011486200943068756,4733.8150317229865,2215.517658850844,4615.568101382263,2307.784050691133,1849.7266854552024,0.00047493742543589515,0.00047493416637777526,4.721532518440912e-06,7.400746973026142,0.2629087596621031,0.8536149871683538
2015-10-08,2085,ledoit_wolf,select,pca_only,8,20,log_euclidean,0.01,0.0010200722353580515,7288.727448528789,1609.109972699213,657.2441520110709,328.62207600553563,-77.96260663283562,0.0002062344183717371,0.00020623115931361723,3.272716677020793e-05,5.132217897262234,0.18520912200002015,0.40671024325963046
2015-10-08,2085,persistence,select,pca_only,8,20,log_euclidean,0.01,0.0010900613397761515,3463.2227972319843,1948.7189301694614,7852.793879596408,3926.396939798187,3493.4380088998755,0.00010912247349882515,0.00010911921444070529,1.0294857855291377e-06,3.477105358488655,0.12700379070905624,0.19628999871705838
2015-10-15,2090,D2_pca8_hmm3,select,pca_only,8,20,log_euclidean,0.01,0.0007571207871338791,2472.6484570666603,6129.057525478975,71691.53658652381,35845.7682932619,35252.88287101704,0.00012835426735498235,0.0001283508196228937,6.786324845188943e-08,2.5151940416412955,0.09473778428140012,0.09942103483855284
2015-10-15,2090,rolling,select,pca_only,8,20,log_euclidean,0.01,0.0011328457261601062,4694.724564529379,2118.076952945545,4705.745835567221,2352.872917783608,1904.9211354383092,0.00044160648227900296,0.0004416030345469143,5.449511407414165e-06,7.743903003519133,0.2813266623730226,0.9793104561468479
2015-10-15,2090,ledoit_wolf,select,pca_only,8,20,log_euclidean,0.01,0.001012596210702606,7236.81178894816,1544.652485238346,683.9155483975574,341.9577741987782,-62.08787717478666,0.00022125549736895896,0.0002212520496368703,3.47278078398989e-05,5.149678133756461,0.1806285737658321,0.43312284117992833
2015-10-15,2090,persistence,select,pca_only,8,20,log_euclidean,0.01,0.0010590241055194551,3747.4537369704185,1731.9555451234364,8681.835877632404,4340.91793881621,3879.6242007645487,0.00012158867601368069,0.00012158522828159203,9.74749508304608e-07,3.3573477982369577,0.11077012428194619,0.17809986845471634
2015-10-22,2095,D2_pca8_hmm3,select,pca_only,8,20,log_euclidean,0.01,0.0008863419901980229,2907.7695133555017,4867.870088677133,25777.317872298034,12888.658936148988,12374.3669620595,7.899702011400896e-05,7.899305321856728e-05,1.8515166086653072e-07,2.3503621287864016,0.09258886738277797,0.09496303223362657
2015-10-22,2095,rolling,select,pca_only,8,20,log_euclidean,0.01,0.001064436411800851,4767.934124000743,1795.2950576780554,5033.957764815952,2516.978882407976,2067.6626285496695,0.0003284364455213273,0.0003284324786258856,5.3219935242876285e-06,7.510165288582637,0.27688812652964645,0.9612587647037218
2015-10-22,2095,ledoit_wolf,select,pca_only,8,20,log_euclidean,0.01,0.0009570633378601386,7277.004097858232,1269.8408968846393,699.5043378003118,349.75216890015577,-51.5175553935925,0.0001717863117739719,0.00017178234487853024,3.484218755587591e-05,4.945753620258398,0.1880926755030954,0.4166438961967641
2015-10-22,2095,persistence,select,pca_only,8,20,log_euclidean,0.01,0.0009523784456835548,3708.5420460230243,1257.5460547397356,9246.027239208139,4623.013619604057,4205.0093943392485,0.00012650001837850758,0.00012649605148306591,7.186628491638727e-07,2.9464424098528585,0.08955302638805958,0.13650058290868478
2015-10-29,2100,D2_pca8_hmm3,select,pca_only,8,20,log_euclidean,0.01,1990.601469867858,4328.256677646117,1580.8705227945497,3937356.5780168413,1968678.2890084207,1948132.3346823938,0.0018672832057768096,0.0018197888654200025,5.88013269164474e-07,2.131944304528355,0.07001367691414848,0.06972789816148282
2015-10-29,2100,rolling,select,pca_only,8,20,log_euclidean,0.01,1990.6653377222551,5019.744384706168,2247.8023662116734,2732883.121817453,1366441.5609087264,1345762.3123182321,0.3638191696238956,0.3637716752835388,5.113172885314536e-06,7.429908428295932,0.22678339338546774,0.8668310610936084
2015-10-29,2100,ledoit_wolf,select,pca_only,8,20,log_euclidean,0.01,1990.6975885685301,7559.526323005515,1709.7852954681725,358350.09991162515,179175.0499558126,176790.83071277424,0.15472049854234743,0.15467300420199062,3.5773497023261745e-05,5.008646821194288,0.15597906439544185,0.3996213508299735
2015-10-29,2100,persistence,select,pca_only,8,20,log_euclidean,0.01,1990.7940309393339,4049.783393168466,1433.0617166784236,6114671.496199384,3057335.748099692,3025066.027180808,0.027136367102233282,0.027088872761876475,4.819664609770441e-07,2.36490816488867,0.08792080291321107,0.08865491999868598
2015-11-05,2105,D2_pca8_hmm3,select,pca_only,8,20,log_euclidean,0.01,8824.641696638007,3420.9713429814456,2459.4157907823096,88450594.68662968,44225297.34331484,41572268.97332931,0.14169036451804665,0.1415858071309188,4.9021355956175184e-08,2.0249083640616288,0.06286456245970479,0.0627589762633776
2015-11-05,2105,rolling,select,pca_only,8,20,log_euclidean,0.01,8824.218149220138,4939.2148875690455,1616.7231659039721,5856187.112861988,2928093.556430994,2742091.4230430243,0.006625497147184746,0.006520939760056924,4.528846066438156e-06,6.589909447557633,0.28101068347689856,0.7203210849333556
2015-11-05,2105,ledoit_wolf,select,pca_only,8,20,log_euclidean,0.01,8824.340472707896,8618.571973465168,1143.8321257019302,328142.26729426184,164071.13364713092,153977.9307873859,0.0017832722436950232,0.0016787148565672015,4.934469558948199e-05,2.7954803222203397,0.09664773705473283,0.12565669395413046
2015-11-05,2105,persistence,select,pca_only,8,20,log_euclidean,0.01,8824.445269515996,3835.483570798353,1671.4595355060258,9452843.067135256,4726421.533567628,4437554.591155946,0.0312463749671232,0.03114181757999538,3.276427600661039e-07,1.7011123855103614,0.06591628910435472,0.04893091182558474
2015-11-12,2110,D2_pca8_hmm3,select,pca_only,8,20,log_euclidean,0.01,8823.597143697225,4003.9099083097167,3363.9940219420578,8203236.481603106,4101618.240801553,3857455.9953710153,0.028352171149147905,0.028235620125829867,8.802230981197196e-07,2.364728463746319,0.09854069249717701,0.09799420449334201
2015-11-12,2110,rolling,select,pca_only,8,20,log_euclidean,0.01,8824.370508222015,4962.918503959843,1348.6630107097822,6215440.2447682535,3107720.1223841268,2910665.0708164508,0.0016417714031105486,0.0015252203797925122,4.040031950162756e-06,6.370328408524427,0.22295555948034232,0.6638265100957302
2015-11-12,2110,ledoit_wolf,select,pca_only,8,20,log_euclidean,0.01,8824.510485679235,8948.836060303309,1353.9547273276498,251762.0262437147,125881.01312185734,118102.22465784196,0.0023588732325651486,0.0022423222092471124,3.663660501545441e-05,1.8440214539155366,0.06385491956864991,0.0557302168940578
2015-11-12,2110,persistence,select,pca_only,8,20,log_euclidean,0.01,8824.527454110023,3767.881632423173,1712.2202614258124,9376464.52259715,4688232.261298575,4403682.211813669,0.1041216119502999,0.10400506092698186,3.828407017458309e-07,1.8678648897140058,0.06106730179775177,0.05436680302098049
2015-11-19,2115,D2_pca8_hmm3,select,pca_only,8,20,log_euclidean,0.01,8824.314779321669,4271.77232074443,1984.9189500528978,7210274.28669216,3605137.14334608,3389393.740691206,0.021935241043861763,0.021813243261416947,5.591964425129606e-07,1.8443609145313156,0.06312852187026759,0.05645928133715132
2015-11-19,2115,rolling,select,pca_only,8,20,log_euclidean,0.01,8824.471613228969,5037.551375313927,1326.1750987024357,6713921.816102534,3356960.908051267,3148530.9550827597,0.3110894485446905,0.3109674507622457,2.8805957858098205e-06,5.431448818191222,0.22989191309738125,0.47796425190627756
2015-11-19,2115,ledoit_wolf,select,pca_only,8,20,log_euclidean,0.01,8824.596251610737,9058.845899028149,1456.8794110220194,235661.96212388415,117830.98106194208,110553.15127082584,0.04214404434400286,0.042022046561558044,3.3001411444474267e-05,1.712115117272821,0.06928833194234035,0.049926583586756355
2015-11-19,2115,persistence,select,pca_only,8,20,log_euclidean,0.01,8824.656289037437,3841.1916092012643,1587.0630108872338,9894590.260723723,4947295.130361862,4652459.158834086,0.4655398736690798,0.46541787588663497,4.749660842901857e-07,1.8671087720650354,0.08164945453562798,0.06385288424517448
2015-11-27,2120,D2_pca8_hmm3,select,pca_only,8,20,log_euclidean,0.01,5187.329938242455,2760.436380188421,5914.36940602441,187480069.2062721,93740034.60313605,90364833.21581689,0.0013702806171861552,0.0012365230553708108,8.295463420319911e-08,3.1601252054429585,0.1382938657756019,0.16988035264714565
2015-11-27,2120,rolling,select,pca_only,8,20,log_euclidean,0.01,5187.126144468831,5530.650695272727,1266.689782254249,7277330.9072562875,3638665.4536281438,3505264.953584154,0.1431846372478093,0.14305087968599395,2.8577642488273656e-06,5.398851050463604,0.18694697138189997,0.461363953230507
2015-11-27,2120,ledoit_wolf,select,pca_only,8,20,log_euclidean,0.01,5187.20753924973,9287.101344350935,1422.7032874208621,234796.6290840398,117398.3145420199,112969.21090165278,0.059930322812923056,0.059796565251107714,3.111095427826743e-05,1.6820680915449395,0.0635470478733971,0.04592824243917526
2015-11-27,2120,persistence,select,pca_only,8,20,log_euclidean,0.01,2518.0119045573165,3868.332721328033,1076.0099548310072,9519.09156123258,4759.545780616291,4339.988603735837,0.022296983173176715,0.02216322561136137,7.363526879005397e-05,1.0432065996346196,0.018743871870414673,0.012734523709853195
2015-12-04,2125,D2_pca8_hmm3,select,pca_only,8,20,log_euclidean,0.01,2518.8557024132356,2973.586072178766,3887.288069923715,46163679.05911307,23081839.529556535,21720778.623631407,0.16378292479691614,0.1636966827571443,9.587392688107876e-08,2.474289822993314,0.10851392240544218,0.10629512919706222
2015-12-04,2125,rolling,select,pca_only,8,20,log_euclidean,0.01,3289.0464009256584,5452.245925435467,1608.2679661312384,11613.64475706928,5806.822378534624,5336.472642574784,0.016772011190469022,0.016685769150697187,9.297456873025124e-05,1.0807396265130653,0.01952993023368055,0.01431703154965749
2015-12-04,2125,ledoit_wolf,select,pca_only,8,20,log_euclidean,0.01,2567.991755714707,23151.257943503184,2184.274797269176,496.20396122969703,248.10198061484778,123.46829505680105,0.007887801196621209,0.007801559156849373,0.001996738647290047,1.0033995032563088,0.012138100594314371,0.011207073992276762
2015-12-04,2125,persistence,select,pca_only,8,20,log_euclidean,0.01,9907.901478093552,3945.5949130054328,1903.9978293851098,4542.001789602404,2271.000894800995,2016.001590809376,0.011885901477744702,0.011799659437972867,0.00012913611075675866,1.0143640109063616,0.01322396414013352,0.011371298907800297
2015-12-11,2130,D2_pca8_hmm3,select,pca_only,8,20,log_euclidean,0.01,2518.800533709005,2643.4535738586246,5050.190510961287,16509814.234387064,8254907.117193532,7769554.105349511,0.01878162882279514,0.018694162380554116,2.421288044774614e-07,2.2241724865997337,0.08550245885027566,0.0805879852364365
2015-12-11,2130,rolling,select,pca_only,8,20,log_euclidean,0.01,3289.0635741902765,5523.308485107166,1730.4710518176923,11644.890804251692,5822.445402125992,5351.980064732121,0.021173579347095843,0.02108611290485482,8.013669659262716e-05,1.052184061054203,0.017869490528141116,0.012975215856138301
2015-12-11,2130,ledoit_wolf,select,pca_only,8,20,log_euclidean,0.01,2568.017288109546,23126.766914389515,2306.1690847567234,496.01035659599984,248.0051782980021,123.50657008372043,0.007992523973752982,0.007905057531511961,0.00198729326382341,1.0030336896944174,0.01211728149034324,0.011206554904954823
2015-12-11,2130,persistence,select,pca_only,8,20,log_euclidean,0.01,9907.960292746022,3978.7873189729644,1938.6843458651015,4542.163651695018,2271.0818258480035,2016.4087515532847,0.013855060858043928,0.013767594415802907,0.00013892425525910946,1.018397005324776,0.013522368935957334,0.011404156857576123
2015-12-18,2135,D2_pca8_hmm3,select,pca_only,8,20,log_euclidean,0.01,2518.8230543701484,2653.327971642213,5202.23707217851,19078096.398827177,9539048.199413588,8979747.258897956,0.024848006405116682,0.024763265632032003,2.354936641750983e-07,2.202289496753598,0.09538442358443515,0.0865581761740889
2015-12-18,2135,rolling,select,pca_only,8,20,log_euclidean,0.01,3289.0264554735204,5428.386579807857,1687.0068513149386,11651.727967932613,5825.863983966264,5355.710572065697,0.02488748072602925,0.02480273995294457,8.764631926450438e-05,1.0512909382883924,0.01904334947984244,0.013227675534676244
2015-12-18,2135,ledoit_wolf,select,pca_only,8,20,log_euclidean,0.01,2567.998549061902,23109.697098843462,2339.746437764985,495.7886998509848,247.89434992549005,123.52617388589105,0.008029827228319967,0.00794508645523529,0.0019913984270340116,1.002899472103019,0.012119389444522321,0.011206593299755208
2015-12-18,2135,persistence,select,pca_only,8,20,log_euclidean,0.01,9907.914372983443,3929.9759641395626,1915.5140884632503,4537.141131402355,2268.5705657010917,2014.3264286127796,0.010390540210974578,0.0103057994378899,0.00014371504934265392,1.0158198991909382,0.014529672544445956,0.011429303127472507
2015-12-28,2140,D2_pca8_hmm3,select,pca_only,8,20,log_euclidean,0.01,0.00041090764735687325,2121.184818533124,3235.1724361433344,18776.223264270033,9388.111632135016,8766.873021588466,0.00011753511109696589,0.00011751820669538585,1.7477884381460526e-07,2.436325080691721,0.10511716769684844,0.09755177097496608
2015-12-28,2140,rolling,select,pca_only,8,20,log_euclidean,0.01,1523.1923016469718,5416.735608635786,1810.7005006008287,486.15317342900323,243.0765867145601,-163.0289112736578,0.00018138734080222078,0.00018137043640064073,9.968659586013747e-05,1.0584814176370072,0.01767261158182258,0.012819961929367081
2015-12-28,2140,ledoit_wolf,select,pca_only,8,20,log_euclidean,0.01,410.7805320606011,23848.930025893424,2791.7985761001064,850.8429660382747,425.42148301913636,19.269789235399553,0.00021612112208290016,0.0002161042176813201,0.0025143423270852843,1.0255705975413922,0.012442971107425219,0.01136153723157732
2015-12-28,2140,persistence,select,pca_only,8,20,log_euclidean,0.01,5186.929013598689,3976.589562032143,1782.2035401156193,554.1593349503278,277.0796674751577,-129.04092214076258,0.00019400597754588346,0.0001939890731443034,0.00016356246448235814,1.0494262590416024,0.01543102906358856,0.012000479483207468
2016-01-05,2145,D2_pca8_hmm3,select,pca_only,8,20,log_euclidean,0.01,0.0012422784161953862,2410.334877008482,3332.0805112302737,8986.055556256257,4493.0277781281275,3989.4395178043296,0.00015935562297249994,0.00015934428307385422,4.0635996505128025e-07,2.181691554782199,0.07985778128436226,0.07627533762444363
2016-01-05,2145,rolling,select,pca_only,8,20,log_euclidean,0.01,1921.0219072321074,5564.29609069077,1703.4724254043904,474.5016102483072,237.2508051241638,-152.5942201209374,0.00024901830299553057,0.00024900696309688487,0.00011063308704737385,1.0429292475679108,0.016836729849135045,0.012199035609703538
2016-01-05,2145,ledoit_wolf,select,pca_only,8,20,log_euclidean,0.01,617.7499381398455,24054.248491127248,2502.1630661176464,827.6106164836145,413.80530824180727,24.050691767607486,0.0002862055092214155,0.0002861941693227698,0.00275277258266903,1.0268983282818875,0.012496945013181038,0.011377742042366053
2016-01-05,2145,persistence,select,pca_only,8,20,log_euclidean,0.01,2518.7032887997143,3821.8332269436783,1417.0589965974737,457.45477551829435,228.72738775917006,-161.13272589191337,0.00021703100826120508,0.00021701966836255935,0.00011683178521657311,1.085205626702103,0.02024288220429684,0.014003309429129052
2016-01-12,2150,D2_pca8_hmm3,select,pca_only,8,20,log_euclidean,0.01,0.0014980590137558393,2516.7588686698964,4029.6051077371076,26619.409433863857,13309.70471693193,12652.708544484314,0.00025820141920800447,0.00025819337408401554,2.9788645783967365e-07,2.356146848619316,0.10419035071861128,0.09619413223082868
2016-01-12,2150,rolling,select,pca_only,8,20,log_euclidean,0.01,1921.0141676003627,5648.328195852791,1410.6187159802453,451.3314407524846,225.66572037619784,-150.19119829425688,0.00021077474894591098,0.00021076670382192206,0.00012167941064910685,1.057448158223165,0.018396144594132316,0.012796999452605854
2016-01-12,2150,ledoit_wolf,select,pca_only,8,20,log_euclidean,0.01,617.7327125271172,24016.46159330394,2021.9147200133593,799.6290791568482,399.81453957842353,24.11010015640776,0.00026291688878573373,0.0002629088436617448,0.0027608642389215336,1.026912586900509,0.012377280869975249,0.01137800557970308
2016-01-12,2150,persistence,select,pca_only,8,20,log_euclidean,0.01,2518.7274978112137,4045.5833775878136,1307.537569532652,435.16688228284545,217.58344114140112,-158.29287427718924,0.00019299142790758515,0.00019298338278359622,0.00013305545909629752,1.1551207337213503,0.02380715544282845,0.01615789936226809
2016-01-20,2155,D2_pca8_hmm3,select,pca_only,8,20,log_euclidean,0.01,0.0018510810953634494,2429.733823542085,4005.035444643669,70172.47805736284,35086.23902868142,33798.120592681116,0.00020073998446083627,0.00020073600061494025,1.0113712148332767e-07,2.3460812328618,0.09944525829930626,0.0929107077651642
2016-01-20,2155,rolling,select,pca_only,8,20,log_euclidean,0.01,1921.0932614524263,5726.345457040403,1373.6211464650205,448.73826293458944,224.36913146729026,-150.39914336955493,0.00021877322718097131,0.0002187692433350753,0.00014123259035003218,1.0720138678579845,0.019614933570672136,0.013425765989900338
2016-01-20,2155,ledoit_wolf,select,pca_only,8,20,log_euclidean,0.01,617.7815954158867,24015.708743363368,1965.1690408572558,797.3107737780765,398.6553868890379,24.098143681872614,0.0002841395390138713,0.00028413555516797526,0.0027738503473014216,1.026907910217514,0.01234641379733798,0.011378254620117191
2016-01-20,2155,persistence,select,pca_only,8,20,log_euclidean,0.01,2518.73131789129,4117.4290828310895,1396.2623529834432,433.3174099543768,216.65870497719848,-158.12225382092197,0.0002005133637364801,0.00020050937989058408,0.00013730655234735385,1.1438381065495826,0.034949570691968156,0.016936650789126654
2016-01-27,2160,D2_pca8_hmm3,select,pca_only,8,20,log_euclidean,0.01,0.001342198612633877,2472.3584154481196,4305.192235252037,22400.698254356877,11200.349127178437,10474.253897885219,0.000184456434865824,0.0001844499073342644,2.9031078202915094e-07,2.2507692248947917,0.09137659806748753,0.08657961436654552
2016-01-27,2160,rolling,select,pca_only,8,20,log_euclidean,0.01,1921.2061132397596,5687.633075549668,1315.064436531622,457.4337784799519,228.7168892399473,-151.1097327466428,0.00017956902284693862,0.00017956249531537902,0.00015261269234732178,1.1262297716511072,0.021880217065464416,0.014875161537825763
2016-01-27,2160,ledoit_wolf,select,pca_only,8,20,log_euclidean,0.01,617.8599312638054,24043.081408872444,1899.8752175861825,807.3924747599833,403.6962373799912,24.08379480766463,0.0002560121661175083,0.00025600563858594873,0.0027870298816134796,1.0268989960120123,0.012350674747882628,0.011378848779317418
2016-01-27,2160,persistence,select,pca_only,8,20,log_euclidean,0.01,0.0013128330785937127,3772.1174158787016,1011.3832819706397,9222.786428965434,4611.393214482701,4084.922894903719,0.0001371603138543784,0.0001371537863228188,1.0700554704863352e-06,3.293599569107054,0.12109578450997126,0.170924409861367
2016-02-03,2165,D2_pca8_hmm3,select,pca_only,8,20,log_euclidean,0.01,0.0012167028054848204,2394.595478064681,4414.124212064046,20241.069122922803,10120.534561461403,9424.840781257068,0.0001078137323002443,0.00010780572669037944,2.7760999745755687e-07,2.213863286530712,0.09042599376416441,0.08576053481673826
2016-02-03,2165,rolling,select,pca_only,8,20,log_euclidean,0.01,1921.3069414244994,5688.997991207187,1348.7833837852218,472.14037104650015,236.07018552323723,-152.12326014854426,0.0001574898591143323,0.00015748185350446744,0.0001556237202420254,1.1387430901891111,0.021627104009881024,0.015574006812409107
2016-02-03,2165,ledoit_wolf,select,pca_only,8,20,log_euclidean,0.01,617.929736017877,24088.747375227715,2143.604101966753,824.19227781536,412.09613890767986,24.06443524464284,0.00022451995328001087,0.00022451194767014602,0.0027920949016938296,1.0270247008400935,0.012286299839307568,0.011379437621799993
2016-02-03,2165,persistence,select,pca_only,8,20,log_euclidean,0.01,0.0014313527366284077,3816.7539253835057,978.2989093681274,5972.606185732398,2986.303092866202,2496.670150475059,7.4124324580163e-05,7.411631897029814e-05,1.1248901371510346e-06,2.869537536849626,0.11746106687183534,0.13268883300283849
2016-02-10,2170,D2_pca8_hmm3,select,pca_only,8,20,log_euclidean,0.01,0.00044211616458437564,2429.6818253962037,3213.8959391692024,53050.87092803439,26525.4354640172,25497.63801608602,3.8425971462685454e-05,3.8422399670010295e-05,3.8344606127825944e-08,2.1333995480182955,0.08921962148565644,0.08524325112830977
2016-02-10,2170,rolling,select,pca_only,8,20,log_euclidean,0.01,1921.4328414291504,5622.087801377304,1273.2818371120607,519.3463013660161,259.67315068305777,-155.16021891344786,0.00011000477520391278,0.00011000120341123762,0.00016124903616506874,1.1453722997646836,0.022726996219450558,0.016532883876006273
2016-02-10,2170,ledoit_wolf,select,pca_only,8,20,log_euclidean,0.01,618.030424215314,24137.256478669915,2115.3940343203553,877.6068476810002,438.8034238404996,23.999220377447408,0.00016906867510085242,0.00016906510330817726,0.0028007547474336167,1.026991974049662,0.012223900294235968,0.011380222761809005
2016-02-10,2170,persistence,select,pca_only,8,20,log_euclidean,0.01,0.001436188081967199,3635.182585664338,800.6066343573026,1733.8780624327742,866.9390312163868,433.51681600328965,7.183228890600651e-05,7.182871711333135e-05,1.0974627418616903e-06,2.3474726811484246,0.10422491858390906,0.0972903293046641
2016-02-18,2175,D2_pca8_hmm3,select,pca_only,8,20,log_euclidean,0.01,0.0007400207044303037,2311.0412336058134,4744.1630895730805,6069.174875119818,3034.5874375599133,2558.0968867126385,8.423860068539672e-05,8.423625715085207e-05,3.78668684080601e-07,2.4056178893952276,0.10123629123342394,0.09711370275544465
2016-02-18,2175,rolling,select,pca_only,8,20,log_euclidean,0.01,378.73692282225045,5430.175098878051,878.8443223831309,440.645348771591,220.32267438579703,-205.7368732338827,4.41672939581892e-05,4.416495042364455e-05,0.00011587213887002146,1.5203607267336947,0.053659107829798706,0.03457324793198797
2016-02-18,2175,ledoit_wolf,select,pca_only,8,20,log_euclidean,0.01,99.12945901861116,21404.543119020156,1810.5998851076397,803.530079116309,401.76503955815474,-24.175176902850847,0.00011500293447445487,0.00011500059093991022,0.0011007959952643307,1.0014275640410635,0.01146616288962594,0.010607996383638236
2016-02-18,2175,persistence,select,pca_only,8,20,log_euclidean,0.01,0.0015906046482449079,3775.2919503585204,756.669294521519,1452.5247268043993,726.2623634021987,279.21274736657847,4.225494382604188e-05,4.225260029149723e-05,8.235628559436284e-07,2.0830283097165005,0.09558402606584024,0.07133262144964271
2016-02-25,2180,D2_pca8_hmm3,select,pca_only,8,20,log_euclidean,0.01,0.0002451849841030001,2054.475994551187,5219.04089478487,10363.11886150001,5181.559430750005,4650.992835686773,4.203576272471994e-05,4.203222509412618e-05,1.802189278259857e-07,2.259458475006937,0.08448633096185201,0.08299744114217437
2016-02-25,2180,rolling,select,pca_only,8,20,log_euclidean,0.01,378.74500627394906,5279.160433822329,923.6962803582113,445.2234046766173,222.61170233829247,-206.04714071989466,3.6330712823051134e-05,3.6327175192457376e-05,0.00010606765403685015,1.5206809269086181,0.05914251977351475,0.03449027592105685
2016-02-25,2180,ledoit_wolf,select,pca_only,8,20,log_euclidean,0.01,99.13359742148974,21405.04852849918,1640.234619958443,808.6368894458682,404.31844472293443,-24.18879226551503,9.70306084483217e-05,9.702707081772793e-05,0.0011017068879399098,1.0016770583690053,0.011689116525854961,0.010612248091161049
2016-02-25,2180,persistence,select,pca_only,8,20,log_euclidean,0.01,0.0014591025731930396,3729.925610911257,765.4606508324405,1553.331372759666,776.665686379836,328.3993674783437,2.2791230764728248e-05,2.2787693134134487e-05,7.964418874758966e-07,2.220927781684399,0.08351359981312455,0.07499092246543931
2016-03-03,2185,D2_pca8_hmm3,select,pca_only,8,20,log_euclidean,0.01,0.00026231442207647363,2845.501802369757,3831.9833056442185,10194.44537082965,5097.222685414817,4495.340933444216,4.5964099921976776e-05,4.596242480943469e-05,1.640455431850306e-07,2.295523815850664,0.09009478195651292,0.08807557079890199
2016-03-03,2185,rolling,select,pca_only,8,20,log_euclidean,0.01,378.7483796297552,5263.364640843955,1154.5446843844616,459.6830340718599,229.84151703594063,-206.4418073477089,2.2025149248489608e-05,2.2023474135947523e-05,0.0001054226581880986,1.4769732289689967,0.06909879301362024,0.03412736298207676
2016-03-03,2185,ledoit_wolf,select,pca_only,8,20,log_euclidean,0.01,99.13578985162229,21423.714192554173,1269.0918393178222,823.8271069834457,411.91355349172306,-24.220810017587553,6.369795707083554e-05,6.369628195829346e-05,0.0010998013437939769,1.0015960623249949,0.011991946811747919,0.010611501820756533
2016-03-03,2185,persistence,select,pca_only,8,20,log_euclidean,0.01,0.0013918548508355917,3652.259233737697,1185.9646510772168,1759.5007948549423,879.750397427459,418.1117755545024,4.7330098662600865e-05,4.732842355005878e-05,7.808331442774672e-07,2.4184808771611737,0.09171906744635797,0.08542044916377409
2016-03-10,2190,D2_pca8_hmm3,select,pca_only,8,20,log_euclidean,0.01,0.0010289801097943235,2042.5981696438864,5143.989901336025,16467.871968440737,8233.93598422037,7722.870722070735,6.416980787116844e-05,6.416146275851179e-05,2.523790732515761e-07,2.342897863262345,0.09430112107013112,0.09407049388598746
2016-03-10,2190,rolling,select,pca_only,8,20,log_euclidean,0.01,90.9621537659547,5253.8908647817225,917.884755134638,376.8930623726718,188.44653118635642,-225.29154889346282,3.51740627849186e-05,3.516571767226194e-05,6.808844538171399e-05,1.7183200511158379,0.09068698313682765,0.048710270121161844
2016-03-10,2190,ledoit_wolf,select,pca_only,8,20,log_euclidean,0.01,1.096170818622867,21200.572983939142,1509.5194514886787,771.8503019668312,385.92515098341534,-27.56501199221491,7.940559790039689e-05,7.939725278774024e-05,0.0009512459436580426,0.9999999999999999,0.010891822185318962,0.010422549132415367
2016-03-10,2190,persistence,select,pca_only,8,20,log_euclidean,0.01,0.000929139986322018,3430.913510593192,973.526770537246,6312.234568901287,3156.117284450649,2707.134642866395,5.482262167072185e-05,5.481427655806519e-05,4.444425690658095e-07,2.4198466696448326,0.09012713748591082,0.08755021831083612
2016-03-17,2195,D2_pca8_hmm3,select,pca_only,8,20,log_euclidean,0.01,0.04459214388423162,2948.151558721888,3380.4434956078567,1763.949686710576,881.974843355288,461.31762648066194,7.454510206295528e-05,7.453826771563912e-05,1.4544551366982047e-06,1.9765272637335793,0.0640400629666196,0.061342333322860335
2016-03-17,2195,rolling,select,pca_only,8,20,log_euclidean,0.01,0.0012862805503681932,4992.952151291807,834.4159464210242,1741.9655866588312,870.9827933294168,442.8861108779115,6.945095065072742e-05,6.944411630341126e-05,2.9318235079570188e-06,4.791943658497677,0.14071318432419488,0.34639406795341926
2016-03-17,2195,ledoit_wolf,select,pca_only,8,20,log_euclidean,0.01,0.000986993991068146,8600.151761328689,581.5893226265009,332.57628867492775,166.28814433746342,-248.84134908152365,4.1954643807948845e-05,4.1947809460632695e-05,2.6158008337105494e-05,2.338411781480924,0.11058711268314114,0.08848249664933658
2016-03-17,2195,persistence,select,pca_only,8,20,log_euclidean,0.01,0.0008763065635591553,3465.870999932695,924.3145467507293,8362.025799082354,4181.012899541166,3758.3072673898787,4.7418462810909495e-05,4.7411628463593345e-05,3.1393522692186117e-07,2.189703697294588,0.08639595487793271,0.0768323436044426
2016-03-24,2200,D2_pca8_hmm3,select,pca_only,8,20,log_euclidean,0.01,0.0016970145205821366,2568.051687165867,5971.271126541555,14956.805179720639,7478.402589860333,6935.576367620374,0.00016507707230732716,0.0001650673585887318,4.6067633368066594e-07,2.6658199906089126,0.13278898308450154,0.12635624016520836
2016-03-24,2200,rolling,select,pca_only,8,20,log_euclidean,0.01,0.0013295422286491703,4963.368546830867,954.485367024239,2462.508325783101,1231.254162891549,791.0573495063288,0.00010763894949579376,0.00010762923577719839,2.56082861717312e-06,4.686280013678422,0.1503040040040494,0.3204839267341989
2016-03-24,2200,ledoit_wolf,select,pca_only,8,20,log_euclidean,0.01,0.0010571263956942831,8650.342955319311,653.5202538770159,345.9355337486385,172.96776687431932,-231.80380171959033,5.254979479756792e-05,5.254008107897255e-05,2.5327189780915548e-05,2.206913654083566,0.09263095615332013,0.08004463811439183
2016-03-24,2200,persistence,select,pca_only,8,20,log_euclidean,0.01,0.0009839898374659156,3333.8432140989644,1033.2740335155008,10632.73068910379,5316.365344551913,4808.237615291179,9.622709075799976e-05,9.62173770394044e-05,3.37973140459239e-07,2.372845337600786,0.08775219809412327,0.08752190859245146
2016-04-01,2205,D2_pca8_hmm3,select,pca_only,8,20,log_euclidean,0.01,0.0009972931463022225,2377.939276115677,5969.452500237079,43906.68942339675,21953.34471169838,21177.238115523636,6.622220744808543e-05,6.621751698573018e-05,1.3653496928738038e-07,2.708556549345144,0.09992706591157585,0.11627313177563178
2016-04-01,2205,rolling,select,pca_only,8,20,log_euclidean,0.01,0.0012000516873616207,4865.484385833959,855.5201655761252,2791.5136433894572,1395.7568216947323,976.8079562931622,0.00010483915810827082,0.00010483446764591557,1.717431521549404e-06,3.969429195924537,0.10404331641452798,0.2432692828250627
2016-04-01,2205,ledoit_wolf,select,pca_only,8,20,log_euclidean,0.01,0.000992461976594857,8713.494598741168,663.0234947826178,342.4165851580286,171.20829257901448,-228.4936456546997,5.1808227731773776e-05,5.180353726941852e-05,2.2448389062562128e-05,2.0278322330278136,0.07646271583132765,0.06589896045208547
2016-04-01,2205,persistence,select,pca_only,8,20,log_euclidean,0.01,0.0009608859977566959,3400.9377528380637,1102.0559576180012,13230.129146586094,6615.064573293044,6145.656887890806,7.247671300427312e-05,7.247202254191787e-05,1.9232988136410367e-07,1.9876671409765057,0.07140599934258864,0.058657795089244444
2016-04-08,2210,D2_pca8_hmm3,select,pca_only,8,20,log_euclidean,0.01,0.0003235550101345831,1911.7470987751985,6743.758757276537,82975.70193993274,41487.85096996636,40639.926622020124,0.00016940290497337074,0.00016940033617556904,8.268144369043296e-08,3.889779723129234,0.20287357816125606,0.2769811875226012
2016-04-08,2210,rolling,select,pca_only,8,20,log_euclidean,0.01,0.0005527718439659643,4829.565342578458,922.9251279249481,1883.2573273020562,941.6286636510233,518.3883182321131,8.118302964301895e-05,8.118046084521726e-05,1.4574950661006043e-06,3.858934483242125,0.1120390895045178,0.21905275746641223
2016-04-08,2210,ledoit_wolf,select,pca_only,8,20,log_euclidean,0.01,0.00034824611114020254,8732.766526381247,664.657547587423,321.6522516810721,160.8261258405358,-256.82066837686835,5.125432896557495e-05,5.125176016777325e-05,2.148885716350772e-05,2.0337077666604833,0.05912296525409036,0.06268011691077748
2016-04-08,2210,persistence,select,pca_only,8,20,log_euclidean,0.01,0.0008753546066215846,3296.3351132385255,1133.4255902730856,4210.431073915912,2105.2155369579586,1669.8772546399366,6.190084414813253e-05,6.189827535033083e-05,5.513037176968984e-07,2.5057138029284265,0.09500071420940108,0.09915754538897237
2016-04-15,2215,D2_pca8_hmm3,select,pca_only,8,20,log_euclidean,0.01,0.0003186522391614009,2836.688045332621,3843.1210967797197,23732.127306640676,11866.063653320327,11393.172747245606,8.908491426503834e-05,8.90826864709172e-05,1.0481492791085488e-07,2.3318226234595927,0.08115072479274922,0.07828217058135892
2016-04-15,2215,rolling,select,pca_only,8,20,log_euclidean,0.01,0.0005704734302356504,4727.8422554215995,832.6806068538594,1871.9093821610384,935.9546910805219,511.31153705749284,9.09438226123204e-05,9.094159481819926e-05,1.5838336325443788e-06,3.678656765146703,0.11815902633290391,0.22232795502413072
2016-04-15,2215,ledoit_wolf,select,pca_only,8,20,log_euclidean,0.01,0.00031424650820238275,9217.91589782407,737.3229761398075,324.4621953782188,162.23109768910942,-251.6533649408322,4.467992099824582e-05,4.467769320412469e-05,2.2290934427799323e-05,1.5189441215686237,0.05009296766993883,0.038110969726008165
2016-04-15,2215,persistence,select,pca_only,8,20,log_euclidean,0.01,0.0009118779063335121,3246.0133064019565,947.0132615985266,5022.162120429859,2511.081060214895,2082.5618438173437,5.390712956007181e-05,5.390490176595068e-05,4.650635992357393e-07,2.29844946882824,0.07273064704615807,0.08547426216018279
2016-04-22,2220,D2_pca8_hmm3,select,pca_only,8,20,log_euclidean,0.01,0.005040564528178862,4200.494817021652,1186.0802559707731,1718.0231797392487,859.0115898696135,421.0484584522307,4.828449071536409e-05,4.8281895539485546e-05,6.230024796245729e-07,1.6741213595421973,0.05606105746654202,0.040809471550170104
2016-04-22,2220,rolling,select,pca_only,8,20,log_euclidean,0.01,0.00035190416244147585,4691.256747986954,627.1561747522298,1766.268393371196,883.1341966856015,444.5226118407819,0.00010403638523505922,0.00010403379005918067,1.6177357004361346e-06,3.93321330428098,0.13655043734562217,0.24795460057469748
2016-04-22,2220,ledoit_wolf,select,pca_only,8,20,log_euclidean,0.01,0.00013935473390736588,9246.86969656131,853.8304402502823,327.4782568156948,163.73912840784718,-261.22842284299384,5.5605049919932995e-05,5.560245474405445e-05,2.0283529223336895e-05,1.3350539355400592,0.04550018399541924,0.028668305130779684
2016-04-22,2220,persistence,select,pca_only,8,20,log_euclidean,0.01,0.0009020289375671277,3185.6578084774446,922.1452294035505,2808.6653997942626,1404.3326998971224,960.071609132199,5.132108065147486e-05,5.1318485475596314e-05,5.703078080591297e-07,2.2376167084887335,0.07475367294381835,0.08272172729191242
2016-04-29,2225,D2_pca8_hmm3,select,pca_only,8,20,log_euclidean,0.01,0.00010622713149327715,2583.8564278010026,2351.575134430721,42677.48485598512,21338.742427992558,20846.48305625644,6.386110758148862e-05,6.385867124221746e-05,2.7732377836466857e-08,2.038573544143367,0.06140233830709566,0.061556498576040744
2016-04-29,2225,rolling,select,pca_only,8,20,log_euclidean,0.01,0.0002462167360439832,4672.530817041874,635.2013722053247,1886.6752128447306,943.3376064223603,487.63248596702044,7.755498930916275e-05,7.755255296989159e-05,1.1733312612648827e-06,3.6023647751932497,0.15143586791156505,0.22130093252086855
2016-04-29,2225,ledoit_wolf,select,pca_only,8,20,log_euclidean,0.01,0.00011608564983041722,8776.394735354605,1013.5985652003992,324.9466876960638,162.47334384803221,-270.6806501405687,5.9761716804757964e-05,5.97592804654868e-05,1.6260205055728457e-05,1.3932262830141564,0.04584838760109165,0.03247059325115826
2016-04-29,2225,persistence,select,pca_only,8,20,log_euclidean,0.01,0.0009760857619438456,3384.637369761147,1094.8626349377073,2411.123130720383,1205.5615653601212,758.6039015957112,4.7939595037734624e-05,4.793715869846346e-05,4.038732702126347e-07,1.8847759729811109,0.05698442028931541,0.054537472758766366
2016-05-06,2230,D2_pca8_hmm3,select,pca_only,8,20,log_euclidean,0.01,0.00010392951668638625,2648.4148499680205,4220.409903329837,18272.002051490144,9136.001025745072,8566.507476302682,4.9920495302444834e-05,4.99180342672093e-05,1.1340237005062358e-07,2.6586957971694334,0.08364533369472646,0.10948080122068295
2016-05-06,2230,rolling,select,pca_only,8,20,log_euclidean,0.01,0.0002587155510062215,4601.235410071504,729.777479691765,1750.8685275053988,875.4342637526993,411.8008516333831,7.440824784933143e-05,7.44057868140959e-05,1.1107574458477882e-06,3.4492546949401324,0.13171716214188978,0.20972027461782491
2016-05-06,2230,ledoit_wolf,select,pca_only,8,20,log_euclidean,0.01,0.00011240780528634802,8801.34334544781,1030.65715997321,331.0001859562514,165.5000929781254,-272.1854085898725,4.8998551958121374e-05,4.899609092288584e-05,1.6464796713088914e-05,1.442913094887537,0.040235866361844244,0.03212010591514912
2016-05-06,2230,persistence,select,pca_only,8,20,log_euclidean,0.01,0.00032786391937603175,3237.6886639181143,1169.4868246566691,3265.728387953939,1632.864193976971,1175.4835182582099,4.23327595130578e-05,4.233029847782227e-05,2.633684362367896e-07,1.6949226559857042,0.06213168563956618,0.05391569675537157
2016-05-13,2235,D2_pca8_hmm3,select,pca_only,8,20,log_euclidean,0.01,0.0012918506050857783,2816.7511099591084,5054.297430102384,3687.094352565213,1843.547176282618,1350.2258512887322,8.060293070431143e-05,8.059870917513573e-05,4.5531887433063653e-07,2.422501048124805,0.10418763018850483,0.10035122487761766
2016-05-13,2235,rolling,select,pca_only,8,20,log_euclidean,0.01,0.0002132640399352115,4617.946968811117,728.9687705907172,1402.6641980859479,701.332099042977,239.71420898996024,5.371491825208951e-05,5.371069672291381e-05,1.0193189711562647e-06,3.432416311210043,0.12123477227932816,0.1897249438763908
2016-05-13,2235,ledoit_wolf,select,pca_only,8,20,log_euclidean,0.01,7.87042541767161e-05,8841.961056051605,1055.3701637364159,333.8878199543591,166.94390997717971,-278.78530122776823,3.811329929168983e-05,3.810907776251413e-05,1.3973880422610865e-05,1.3559598584366856,0.040201627777715125,0.027105913534304086
2016-05-13,2235,persistence,select,pca_only,8,20,log_euclidean,0.01,0.00028958225165306956,3239.250133500443,1083.6239605358971,2584.9428833223983,1292.4714416611996,819.1055580201495,2.6505703838542778e-05,2.650148230936708e-05,2.8082986590007653e-07,1.7480004168089682,0.07204777511730821,0.05393542624869976
2016-05-20,2240,D2_pca8_hmm3,select,pca_only,8,20,log_euclidean,0.01,0.0002644425400968767,3165.0720596268757,1567.3514502220705,3217.0578779356224,1608.5289389678114,1158.4456957628931,9.117279350356764e-05,9.117008906310491e-05,8.106352137643461e-07,3.700756275392992,0.15306407679783915,0.21649529881947085
2016-05-20,2240,rolling,select,pca_only,8,20,log_euclidean,0.01,0.00018630975457041283,4559.91331312682,646.7971948642023,1168.5655839289616,584.2827919644844,115.2241566801094,6.32850803821236e-05,6.328237594166087e-05,1.3524496141589452e-06,4.111063314703685,0.16613287438528176,0.25707544210822586
2016-05-20,2240,ledoit_wolf,select,pca_only,8,20,log_euclidean,0.01,5.8471655080384e-05,8912.942893465242,1014.4117333192593,343.8160229239994,171.9080114619988,-281.8898445952777,2.0830307548349294e-05,2.082760310788657e-05,1.5482220524929106e-05,1.30928144498519,0.03876153730897653,0.02397985370368096
2016-05-20,2240,persistence,select,pca_only,8,20,log_euclidean,0.01,0.0001260669370411547,3115.764523236868,862.9705852884026,2600.5930553114877,1300.296527655757,821.2386312556486,2.9941705886282762e-05,2.993900144582004e-05,3.116680182731131e-07,2.279609204247446,0.08323810285009964,0.07720092618365115
2016-05-27,2245,D2_pca8_hmm3,select,pca_only,8,20,log_euclidean,0.01,0.00022548848566535432,2416.519085726973,3694.5852025153818,6781.953928071683,3390.9769640358436,2966.154095376336,7.956756515940997e-05,7.956199746546357e-05,3.3252689353264887e-07,2.812738552324985,0.12862928194867845,0.14317361117944152
2016-05-27,2245,rolling,select,pca_only,8,20,log_euclidean,0.01,0.0005120024049820029,4540.770631738532,1574.523129633746,1378.4892731929228,689.2446365964552,237.01973235301665,9.697608019545287e-05,9.697051250150647e-05,1.4314238703209716e-06,4.2706222587363545,0.1698177578845829,0.26692812444749103
2016-05-27,2245,ledoit_wolf,select,pca_only,8,20,log_euclidean,0.01,0.0005289418458079393,8980.65648457332,2572.497937999343,309.9409973351748,154.97049866758775,-273.98380993568946,8.334774094913488e-05,8.334217325518848e-05,1.4332445086650205e-05,1.2125134765420047,0.03385852058120807,0.020967159214956434
2016-05-27,2245,persistence,select,pca_only,8,20,log_euclidean,0.01,0.00042056631594133834,3187.9936922947527,1445.3846465278853,3898.1687159807575,1949.0843579903603,1484.6491570976918,7.299798712818626e-05,7.299241943423986e-05,2.8983276349921804e-07,2.3525385669255074,0.0777671649222844,0.08393127668069401
2016-06-06,2250,D2_pca8_hmm3,select,pca_only,8,20,log_euclidean,0.01,0.0009599334432085381,1865.044114574056,2660.496476753795,72368.21523293643,36184.107616468216,34930.818022737774,3.843634355817211e-05,3.8431412150555965e-05,4.561660236702069e-08,3.592411354965296,0.14149312277460632,0.22124510702724645
2016-06-06,2250,rolling,select,pca_only,8,20,log_euclidean,0.01,0.0008538795573852481,4652.37923048128,1883.7133178292959,1575.1518125352065,787.5759062676121,329.7074669114947,0.00018485214531799155,0.00018484721391037542,1.4048723261014975e-06,3.9904945410716968,0.15938954967413355,0.265498780991783
2016-06-06,2250,ledoit_wolf,select,pca_only,8,20,log_euclidean,0.01,0.000926429687220563,8979.011734714888,3114.835779098166,302.06042708335116,151.0302135416755,-271.3149624222211,0.0001364981884110787,0.00013649325700346257,1.3322025573636259e-05,1.185904334520634,0.03197738277238155,0.019415602109569618
2016-06-06,2250,persistence,select,pca_only,8,20,log_euclidean,0.01,0.000804051910348269,3281.2089927453785,1842.2496680403099,5031.8013651788215,2515.900682589418,2013.2726110992303,0.00022655407360832073,0.0002265491422007046,2.494328717589349e-07,2.2072294445130884,0.08845180061361346,0.07829509030835131
2016-06-13,2255,D2_pca8_hmm3,select,pca_only,8,20,log_euclidean,0.01,0.0010884516856219525,1816.0687706052604,3099.423847221647,52148.4070046062,26074.20350230311,24667.22253144924,5.9317912575784276e-05,5.930702457911619e-05,3.7042822763331844e-08,2.6121478817437955,0.13018588078478266,0.1274157006428009
2016-06-13,2255,rolling,select,pca_only,8,20,log_euclidean,0.01,0.0009644700444674656,4507.903403098891,1854.3355903320505,1367.6558727973159,683.8279363986542,220.02653651182845,0.00016952230069418672,0.00016951141269751864,1.211873546320154e-06,3.838246468092089,0.16078596422603886,0.22704733705547167
2016-06-13,2255,ledoit_wolf,select,pca_only,8,20,log_euclidean,0.01,0.0010693231187903585,8962.971204300851,3148.2874202897547,295.33211844563886,147.66605922281948,-273.7507570060325,0.00012921146777746927,0.0001292005797808012,1.3493473121799904e-05,1.241301045056962,0.03645238187255714,0.02153041821192027
2016-06-13,2255,persistence,select,pca_only,8,20,log_euclidean,0.01,0.0008967667088816355,3131.3467664921286,1694.0935580895089,5077.579641902193,2538.7898209510995,2010.673303145973,0.00018020573107690427,0.0001801948430802362,3.2058096686019344e-07,2.895216012635194,0.09894102602368357,0.11860805479074396
2016-06-20,2260,D2_pca8_hmm3,select,pca_only,8,20,log_euclidean,0.01,0.0011561568322031744,1763.9588575228545,2671.5478417855243,88795.5704247171,44397.785212358554,41814.76116684425,6.668505341945208e-05,6.667539184718028e-05,3.666308608431544e-08,3.875488168997198,0.12265754349791713,0.2386275184418989
2016-06-20,2260,rolling,select,pca_only,8,20,log_euclidean,0.01,0.0010054011436244844,4544.2024375548835,2102.9275903318066,1470.709375068751,735.3546875343777,275.1184363883487,0.000129218217183982,0.0001292085556117102,1.1697444238002228e-06,3.688619689173788,0.16038536325883068,0.22725781824749547
2016-06-20,2260,ledoit_wolf,select,pca_only,8,20,log_euclidean,0.01,0.00108898835730237,8932.32370123145,3374.2745317311483,297.2843945008073,148.64219725040385,-273.1351178339609,0.00013221802370610804,0.00013220836213383624,1.1621940150771686e-05,1.1527755936886965,0.03531289868759272,0.01917852577579253
2016-06-20,2260,persistence,select,pca_only,8,20,log_euclidean,0.01,0.0009127692134149509,3113.996081623379,1750.2502627930774,5660.641582189725,2830.3207910948668,2283.189407678227,9.606205235705496e-05,9.605239078478316e-05,2.0436536207159547e-07,2.492962520866363,0.06745650608775314,0.08935935030580912
2016-06-27,2265,D2_pca8_hmm3,select,pca_only,8,20,log_euclidean,0.01,0.00011114651213048614,1850.407412153329,4493.383098893119,48093.31541418411,24046.657707092054,23437.42166675918,0.00011895195205539922,0.00011894696690859144,6.444354881866806e-08,3.781649290815704,0.1254429023878901,0.2361836972399454
2016-06-27,2265,rolling,select,pca_only,8,20,log_euclidean,0.01,8.084237017617438e-05,4357.331469061241,590.0014824859836,1338.3204318422738,669.160215921139,223.6240551352987,3.9276124969757776e-05,3.927113982294999e-05,1.1423187872362575e-06,3.9658501499323866,0.15182564811479649,0.25933312921588286
2016-06-27,2265,ledoit_wolf,select,pca_only,8,20,log_euclidean,0.01,5.9467343478233965e-05,8051.535998772435,895.2916271318261,301.4718276303032,150.7359138151516,-293.8534901904808,3.601150343260768e-05,3.600651828579989e-05,1.3623585997430218e-05,1.826741872390109,0.06852959697021051,0.05217481992803776
2016-06-27,2265,persistence,select,pca_only,8,20,log_euclidean,0.01,0.0002766389276266765,2978.847408651093,829.5566995083507,2535.079671688277,1267.5398358441344,817.3731728762139,3.255523696622628e-05,3.255025181941849e-05,4.059764889085173e-07,2.387495101304762,0.09920641402171858,0.09817463506018367
2016-07-05,2270,D2_pca8_hmm3,select,pca_only,8,20,log_euclidean,0.01,8.785525530162003e-05,2040.9015250292982,5999.1409549583805,33533.5941961273,16766.797098063635,15922.793440223808,5.6056218954904155e-05,5.605403136755255e-05,5.788111919418697e-08,2.698889723861227,0.09007604814107992,0.11958185519073797
2016-07-05,2270,rolling,select,pca_only,8,20,log_euclidean,0.01,0.00017113391915744215,4296.3723986567675,893.9380836126488,1479.2582829930109,739.629141496507,312.62116125807466,5.341932569011455e-05,5.341713810276295e-05,1.311126735531277e-06,4.192474993266073,0.14978808040828706,0.28449464001539365
2016-07-05,2270,ledoit_wolf,select,pca_only,8,20,log_euclidean,0.01,9.769631337701777e-05,7684.29178480355,592.4949658393901,306.75546947426733,153.37773473713364,-287.49181031525376,2.9926999691891725e-05,2.9924812104540123e-05,1.4355088827576475e-05,2.3318934838679937,0.08247086759751752,0.08428494551846061
2016-07-05,2270,persistence,select,pca_only,8,20,log_euclidean,0.01,0.0007175688198371361,3126.383335036493,1854.1537852647743,2828.5841763329404,1414.2920881664775,972.6434393266569,4.2560368087458163e-05,4.255818050010656e-05,4.665843941189487e-07,2.407189979685115,0.07624088853649531,0.0953101237679251
2016-07-12,2275,D2_pca8_hmm3,select,pca_only,8,20,log_euclidean,0.01,0.00018770485404636351,3069.1287824203964,3207.8884468850674,8003.951452342831,4001.9757261714158,3514.3633315801903,1.1354350308786687e-05,1.1353730611647156e-05,1.742805842069958e-07,2.2403001141597896,0.07397834090543937,0.08162483033157876
2016-07-12,2275,rolling,select,pca_only,8,20,log_euclidean,0.01,0.00023192802690678358,4435.937967982776,1435.0405721536363,1805.9741576464864,902.9870788232406,468.4798750515709,6.42745104002133e-05,6.427389070307377e-05,1.5204090289728724e-06,4.561644784136238,0.18919299733079528,0.36397047250177256
2016-07-12,2275,ledoit_wolf,select,pca_only,8,20,log_euclidean,0.01,0.0001488260307129644,7381.417585622194,898.2057574402354,328.6531448096891,164.32657240484446,-279.9506118334546,2.642234843967874e-05,2.642172874253921e-05,1.403420284462834e-05,2.5376778444665504,0.10139807906643974,0.10820467583267551
2016-07-12,2275,persistence,select,pca_only,8,20,log_euclidean,0.01,0.0010116123659326408,3132.5502111612186,2693.0896494060053,2806.640959079164,1403.3204795396032,957.629457541632,3.6404859919911224e-05,3.6404240222771694e-05,6.137168395455203e-07,2.763262203065466,0.09049974845825078,0.11976263244298671
2016-07-19,2280,D2_pca8_hmm3,select,pca_only,8,20,log_euclidean,0.01,0.0001045215954771828,2461.016143244993,4124.1471910261125,16759.13425596243,8379.567127981205,7898.348105377028,2.8549283958487028e-05,2.8547875720019455e-05,8.255731414690523e-08,2.142540127801539,0.08767626235852667,0.07956678330268532
2016-07-19,2280,rolling,select,pca_only,8,20,log_euclidean,0.01,0.00021218796081814428,4308.379787176974,1342.4747082286653,1880.3318712251867,940.165935612586,516.9421583022199,8.816852612652952e-05,8.816711788806195e-05,1.5604872648016073e-06,4.829827677480225,0.20190933312347453,0.3935907805783771
2016-07-19,2280,ledoit_wolf,select,pca_only,8,20,log_euclidean,0.01,0.00013966468008252302,7299.890610824804,810.9112315415948,320.46849129425357,160.2342456471267,-278.9270148646682,3.104883375438079e-05,3.104742551591321e-05,1.4148052033587013e-05,2.4931485585176696,0.1121840559886652,0.10643388412144036
2016-07-19,2280,persistence,select,pca_only,8,20,log_euclidean,0.01,0.000977353356069456,3141.706431674651,2608.2455586374344,3073.0707614282983,1536.535380714151,1091.2640922953028,3.758249410440497e-05,3.758108586593739e-05,5.881459971917934e-07,2.8284193435047476,0.09285887217739408,0.11597607873172112
2016-07-26,2285,D2_pca8_hmm3,select,pca_only,8,20,log_euclidean,0.01,0.0001022560554471548,2169.1380305008347,5711.1503449859665,49896.02869336251,24948.014346681255,24038.12083847914,3.2764151732570376e-05,3.276275478286884e-05,4.426785248415181e-08,2.9208932476410707,0.10075654585754457,0.13898931140438572
2016-07-26,2285,rolling,select,pca_only,8,20,log_euclidean,0.01,0.00022109796529242706,4460.345636041822,1531.6915200797146,2215.6760247881593,1107.8380123940833,674.7188052397804,0.00011279937074976212,0.00011279797380006058,1.3815072308499228e-06,4.589683300167887,0.22582774052013693,0.369261061913258
2016-07-26,2285,ledoit_wolf,select,pca_only,8,20,log_euclidean,0.01,0.00014789702328416038,7313.099599913809,930.7054214298098,342.95851297300953,171.47925648650505,-268.946200264345,3.653360915908689e-05,3.6532212209385354e-05,1.3592766487708244e-05,2.491596094637266,0.11272388354650137,0.10670569322546933
2016-07-26,2285,persistence,select,pca_only,8,20,log_euclidean,0.01,0.00013401749158266097,3265.7959261286405,1423.7947102857206,5813.9581629335435,2906.9790814667685,2438.022802651852,3.788614433445088e-05,3.788474738474934e-05,3.4840643671822324e-07,2.84556161442672,0.10520253439439589,0.12498021235875015
2016-08-02,2290,D2_pca8_hmm3,select,pca_only,8,20,log_euclidean,0.01,5.06928774931365e-05,1852.2672764511512,6894.141713260568,49613.23578381495,24806.617891907474,24971.47916799714,6.076691298836376e-05,6.076576458103098e-05,3.387654152071755e-08,2.9951629986337878,0.1143769804586409,0.13738959640832932
2016-08-02,2290,rolling,select,pca_only,8,20,log_euclidean,0.01,0.00021038495720433433,4385.006434747107,1270.580345195588,1758.0528863762959,879.0264431881362,418.0945972652473,5.388630021288075e-05,5.3885151805547973e-05,1.27992829034993e-06,4.549102998982436,0.16932001664073681,0.33534375294450364
2016-08-02,2290,ledoit_wolf,select,pca_only,8,20,log_euclidean,0.01,0.00012931150020202467,7282.142382182113,787.5340565061189,332.67066057729204,166.33533028864636,-288.68746194295767,3.307752396353483e-05,3.307637555620205e-05,1.0500966021622217e-05,2.1181860769796175,0.08283905577153858,0.07720411654320536
2016-08-02,2290,persistence,select,pca_only,8,20,log_euclidean,0.01,9.575951091578389e-05,3199.13697645929,1024.501822601339,3989.473776972782,1994.736888486389,1526.0801184252741,2.2063436733104188e-05,2.206228832577141e-05,1.8500867144903616e-07,2.0119009774373513,0.06967851012859669,0.06284384034826196
2016-08-09,2295,D2_pca8_hmm3,select,pca_only,8,20,log_euclidean,0.01,5.733333308277338e-05,2246.0014364891285,6107.763418755949,28322.00358433863,14161.001792169325,13391.623929911648,7.809608218886359e-05,7.809527214377264e-05,6.384455247134373e-08,3.0642743705762894,0.09331122314845092,0.1343114105547503
2016-08-09,2295,rolling,select,pca_only,8,20,log_euclidean,0.01,0.00024057801642394917,4430.559065555952,1513.2576672979794,1821.4358045263873,910.7179022631931,433.37145167958715,3.0774641611155915e-05,3.077383156606496e-05,1.056354504759464e-06,3.987211921635763,0.16911785993145734,0.276567184432334
2016-08-09,2295,ledoit_wolf,select,pca_only,8,20,log_euclidean,0.01,0.00015393491068832384,7269.8157445007255,993.1510232839137,337.4571008519535,168.728550425977,-287.2159343925355,3.257491465592918e-05,3.2574104610838225e-05,9.613315584846984e-06,2.157054825574479,0.08115504165668451,0.07995286900857931
2016-08-09,2295,persistence,select,pca_only,8,20,log_euclidean,0.01,8.836345459287375e-05,3346.662230120146,1158.5694740196839,4794.609179591589,2397.304589795786,1877.9221125163754,2.5750796660667294e-05,2.574998661557634e-05,7.836634980545621e-08,1.4438462287598712,0.042728197623844395,0.028943981533867433
2016-08-16,2300,D2_pca8_hmm3,select,pca_only,8,20,log_euclidean,0.01,9.923392986535093e-05,2143.6857627214467,3463.6433113797757,10457.816440629527,5228.908220314772,4609.987553777738,9.485523310670284e-05,9.485205527355862e-05,2.546470248550094e-07,3.430060515071463,0.10699126979049749,0.1855935977540977
2016-08-16,2300,rolling,select,pca_only,8,20,log_euclidean,0.01,0.0002046574235381948,4409.494837082513,1021.2386399252712,1885.1657569454014,942.5828784727044,464.96623275766825,4.751483113982894e-05,4.751165330668471e-05,1.0602601390283267e-06,3.972408448956024,0.17565911456686856,0.2675699960364462
2016-08-16,2300,ledoit_wolf,select,pca_only,8,20,log_euclidean,0.01,0.0001375026008346263,7289.517413968269,1033.1359512098104,330.15483935350574,165.077419676753,-281.14541166210626,7.220726352143064e-05,7.220408568828641e-05,9.45326936860431e-06,2.0927758275122765,0.08189821713386986,0.0774586387765879
2016-08-16,2300,persistence,select,pca_only,8,20,log_euclidean,0.01,0.00015185995928407563,3238.1119589357177,1696.352616656085,4661.981529318309,2330.9907646591632,1819.3318228400062,7.311647946681575e-05,7.311330163367152e-05,1.3295500556895196e-07,1.7008276738071169,0.053482507258640115,0.044422459425588
2016-08-23,2305,D2_pca8_hmm3,select,pca_only,8,20,log_euclidean,0.01,0.00010348392119969335,1933.0390293475944,2910.232274841632,33824.133155075346,16912.066577537676,16146.46463341881,0.00013818281166632458,0.00013817864341348615,4.949387298455119e-08,2.9456753360080894,0.08845901640285708,0.12373724743928628
2016-08-23,2305,rolling,select,pca_only,8,20,log_euclidean,0.01,0.00018490665549943374,4345.96919891758,1118.0262783133699,1594.6086943946982,797.3043471973546,323.60903604973294,4.909622306557546e-05,4.909205481273702e-05,1.0042574662780089e-06,4.071349627823919,0.1622413572701904,0.2637910341535935
2016-08-23,2305,ledoit_wolf,select,pca_only,8,20,log_euclidean,0.01,0.00012791398677571372,7331.3063423068315,1262.5044376021006,311.0589644847892,155.52948224239435,-293.1643264683172,7.369873854026802e-05,7.369457028742959e-05,9.930123742216098e-06,2.1090870536560176,0.07489227632822198,0.07573676851465813
2016-08-23,2305,persistence,select,pca_only,8,20,log_euclidean,0.01,0.00017515039122641658,3288.990870874653,2227.7176932721973,4488.084103913524,2244.042051956779,1767.8453769927582,9.312931962747258e-05,9.312515137463415e-05,1.2116025125304767e-07,1.6682655781809594,0.0518823702061534,0.04082205395659639
2016-08-30,2310,D2_pca8_hmm3,select,pca_only,8,20,log_euclidean,0.01,0.00012987058625216766,1816.4633592232592,3051.4845145752456,50035.0414554605,25017.520727730247,24433.284927522276,0.00011722725948406085,0.00011722083017040926,6.815101394560534e-08,3.8424914114510678,0.15963594680529294,0.24241199788545512
2016-08-30,2310,rolling,select,pca_only,8,20,log_euclidean,0.01,0.00017003527923834146,4471.651268731586,1008.5810465721922,1752.8663049483425,876.4331524741801,410.06687144512927,5.572120351898941e-05,5.571477420533783e-05,1.2218829966827012e-06,4.455965987778627,0.1600731219843368,0.3186406597653358
2016-08-30,2310,ledoit_wolf,select,pca_only,8,20,log_euclidean,0.01,0.0001198435002968636,7363.959543793371,1161.757172550744,309.94554272767994,154.97277136383968,-290.47825688260036,6.113838082451218e-05,6.113195151086059e-05,1.0969231788759218e-05,2.159275721842209,0.07847856219762761,0.07756859771923527
2016-08-30,2310,persistence,select,pca_only,8,20,log_euclidean,0.01,0.00014093162430710168,3212.3964014897388,1799.9794865957906,5956.756197064766,2978.378098532455,2517.355597207998,8.149128531659706e-05,8.148485600294547e-05,1.0795410856419877e-07,1.7798660113720424,0.05719724124031561,0.048676373032904646
2016-09-07,2315,D2_pca8_hmm3,select,pca_only,8,20,log_euclidean,0.01,0.00012440844075948182,1857.82225760886,3022.367388800284,35103.987566989876,17551.99378349494,16961.074337433696,7.280734701868918e-05,7.280046004094924e-05,4.85789552633377e-08,2.780276175665552,0.11243372330134116,0.12065955126707979
2016-09-07,2315,rolling,select,pca_only,8,20,log_euclidean,0.01,0.00012052357385663654,4514.725060739815,1251.3564759242986,2134.0028186638538,1067.001409331934,600.0362579063301,5.321852362011053e-05,5.32116366423706e-05,8.399261823769908e-07,3.779806683581496,0.1778452934954966,0.2658945368395289
2016-09-07,2315,ledoit_wolf,select,pca_only,8,20,log_euclidean,0.01,0.00011177367458573904,7282.204962639669,1542.5925635261674,314.5650787014135,157.2825393507066,-286.35588675629117,5.212677532008256e-05,5.2119888342342626e-05,8.941722642251629e-06,1.9978401392041283,0.08761928069150486,0.07047458912368473
2016-09-07,2315,persistence,select,pca_only,8,20,log_euclidean,0.01,0.00015998986959671636,3297.9138313789845,2081.474871051558,6299.600901086528,3149.8004505432477,2663.98744880117,7.757276025932e-05,7.756587328158006e-05,8.508524491028416e-08,1.6392033491054403,0.055545449613239206,0.03802411040334349
2016-09-14,2320,D2_pca8_hmm3,select,pca_only,8,20,log_euclidean,0.01,8.926037420378205e-05,2600.733638740987,1988.2999454295982,14531.351334485098,7265.675667242552,6670.9767175500365,6.043466718967538e-05,6.043223330634921e-05,9.363810777420336e-08,2.5310722590699473,0.07781632185316707,0.09045198622702466
2016-09-14,2320,rolling,select,pca_only,8,20,log_euclidean,0.01,8.864433352219078e-05,4459.32185931715,719.4978829838687,2392.1851998012467,1196.0925999006145,723.8586824798372,5.6260554952120675e-05,5.6258121068794505e-05,6.26004559517195e-07,3.4257549077922307,0.12661372370979207,0.21082690417250352
2016-09-14,2320,ledoit_wolf,select,pca_only,8,20,log_euclidean,0.01,7.482132074003401e-05,7360.693752088073,825.3595567344337,328.40660223996133,164.20330111998044,-284.44548855908073,3.81038762752414e-05,3.810144239191523e-05,9.123697966321135e-06,2.176543790838861,0.07560391524564658,0.0756443021904851
2016-09-14,2320,persistence,select,pca_only,8,20,log_euclidean,0.01,0.00010903662382897221,3230.9766998238097,925.1993432148106,4928.052990419095,2464.0264952095545,1970.186803115011,7.673452922883482e-05,7.673209534550865e-05,2.9654580445612504e-07,2.5372290780771034,0.08178464045012648,0.1054653613035742
2016-09-21,2325,D2_pca8_hmm3,select,pca_only,8,20,log_euclidean,0.01,8.181605718458085e-05,2625.732735423213,3271.4248921231238,18607.842610712964,9303.921305356467,8681.977377027393,4.5640508820056594e-05,4.5638702126073515e-05,1.1431227885651932e-07,2.94474848813911,0.10168875606813285,0.13926559341618844
2016-09-21,2325,rolling,select,pca_only,8,20,log_euclidean,0.01,8.233427209661194e-05,4405.5322958334855,668.676422200264,2597.365830873761,1298.6829154368747,830.9621874872207,3.826292573032851e-05,3.826111903634543e-05,6.124416116430857e-07,3.416811577546378,0.1258528250903285,0.2171873901718936
2016-09-21,2325,ledoit_wolf,select,pca_only,8,20,log_euclidean,0.01,7.13489888430725e-05,7460.344617882819,737.5231236343778,326.3355651646207,163.16778258231022,-284.4260412052315,2.507519961873976e-05,2.507339292475668e-05,9.624734567189298e-06,2.007233983494617,0.06595135702239344,0.06352016113043701
2016-09-21,2325,persistence,select,pca_only,8,20,log_euclidean,0.01,0.0001299623355217911,3225.5719522753893,1241.1199781167625,5524.272321088045,2762.1361605440225,2265.3520214614923,6.348349552268597e-05,6.348168882870288e-05,3.6617490375633795e-07,3.064646456725004,0.0945941543955378,0.13655673800053889
2016-09-28,2330,D2_pca8_hmm3,select,pca_only,8,20,log_euclidean,0.01,8.438724204695108e-05,2118.039910146841,5054.727408774251,56268.328015445666,28134.16400772283,27582.331719947844,5.1944999002944214e-05,5.194424717018027e-05,4.02189573120023e-08,2.8131808006788037,0.1471921360387867,0.1364822266494708
2016-09-28,2330,rolling,select,pca_only,8,20,log_euclidean,0.01,9.165538813525023e-05,4540.9833943861595,745.8668766926144,3297.9235605811773,1648.9617802905868,1168.8084927683474,6.0493311707866575e-05,6.049255987510263e-05,8.487655417233665e-07,4.220422434959264,0.1682933026683029,0.3003784578472779
2016-09-28,2330,ledoit_wolf,select,pca_only,8,20,log_euclidean,0.01,7.748771813558949e-05,7419.46097717585,638.6757124149112,346.40449938570106,173.20224969285047,-270.21997013489573,2.220342057605148e-05,2.2202668743287534e-05,1.1065411130704728e-05,2.1632105308888976,0.07936390201685191,0.07235178307677971
2016-09-28,2330,persistence,select,pca_only,8,20,log_euclidean,0.01,0.0001593280042726966,3394.898991064336,1465.3240583146157,6245.023915736079,3122.511957868019,2657.0365897706247,4.571734588011464e-05,4.571659404735069e-05,4.816652663240341e-07,3.204655008290559,0.1406953868085825,0.16982912952125326
2016-10-05,2335,D2_pca8_hmm3,select,pca_only,8,20,log_euclidean,0.01,0.0001411826982029625,2299.8900258454064,6769.502202762369,36325.67331942461,18162.8366597123,17386.791049123865,3.603918245685084e-05,3.603827024036843e-05,1.375896205455326e-07,3.555097581646065,0.1586855117878927,0.20355814357557134
2016-10-05,2335,rolling,select,pca_only,8,20,log_euclidean,0.01,0.00015580008523712372,4747.60156080408,845.6984277787391,5254.1762602161,2627.0881301080485,2160.3238849940444,7.254845981881098e-05,7.254754760232856e-05,1.0861913144418775e-06,4.683697724154607,0.18478990888377395,0.373703777880471
2016-10-05,2335,ledoit_wolf,select,pca_only,8,20,log_euclidean,0.01,0.00013638749029950515,7463.0162324286575,575.7679306623177,412.8791401833704,206.43957009168543,-227.58777441476613,2.1942117322337806e-05,2.194120510585539e-05,1.1591174017035002e-05,2.244572496770237,0.06644289518685208,0.07365877737209967
2016-10-05,2335,persistence,select,pca_only,8,20,log_euclidean,0.01,0.00023386304205015782,3591.393563299309,1859.930336490731,8025.830932603926,4012.91546630198,3528.0010955096063,4.5099593665340096e-05,4.5098681448857684e-05,5.360078146532005e-07,3.419709361671894,0.1083070261464216,0.18169282303748557
2016-10-12,2340,D2_pca8_hmm3,select,pca_only,8,20,log_euclidean,0.01,0.00018307020316213598,2212.0915866052774,5801.943648321745,77063.27517146783,38531.63758573391,37575.79036566254,9.21046196696788e-05,9.21020138776603e-05,5.6347298908641357e-08,3.0008210699450584,0.1278772452923259,0.16317903320775873
2016-10-12,2340,rolling,select,pca_only,8,20,log_euclidean,0.01,0.00018004739841877678,4814.612670413158,891.1833300880323,5548.228753175124,2774.1143765875563,2331.380042410762,9.778178749250007e-05,9.777918170048158e-05,1.0259964844355492e-06,4.517286034117218,0.16733342255152106,0.34700331004102813
2016-10-12,2340,ledoit_wolf,select,pca_only,8,20,log_euclidean,0.01,0.00016977373610427857,7502.676221587427,688.4806010042482,414.59543659835265,207.29771829917618,-217.69031584279702,6.021813305483489e-05,6.0215527262816394e-05,1.1623954053251732e-05,2.2231632504425747,0.06755333397147406,0.07372002068531457
2016-10-12,2340,persistence,select,pca_only,8,20,log_euclidean,0.01,0.00022406072531566318,3583.210069456065,1134.149287777664,9963.354591860092,4981.677295930051,4480.831740900621,9.326520939985453e-05,9.326260360783604e-05,2.1587709248312598e-07,2.365329507738273,0.06711781315302155,0.08300123887111983
2016-10-19,2345,D2_pca8_hmm3,select,pca_only,8,20,log_euclidean,0.01,0.0003877464742533852,2345.533470615688,6414.136230295293,180636.15455781843,90318.07727890922,89127.2541565364,0.00010111446162033098,0.00010111196467284164,2.925449267943528e-08,3.005873088713765,0.09112871843210757,0.13816540482944126
2016-10-19,2345,rolling,select,pca_only,8,20,log_euclidean,0.01,0.0003570016193406356,4765.957943246421,1156.2990318616548,7090.504875110342,3545.252437555162,3130.8714329994796,0.00010002895349184013,0.00010002645654435078,9.083094370466517e-07,4.583847790974424,0.13410453514329138,0.325939236087762
2016-10-19,2345,ledoit_wolf,select,pca_only,8,20,log_euclidean,0.01,0.00035167996280364197,7497.436653400694,787.6724045630426,470.6113382011365,235.3056691005683,-172.8051018429872,5.560868628843287e-05,5.560618934094353e-05,1.1006618312061236e-05,2.166910049272763,0.060988381068415434,0.06834368568730081
2016-10-19,2345,persistence,select,pca_only,8,20,log_euclidean,0.01,0.00040191091205471003,3666.9748139506655,1280.4323507430854,13179.598901112122,6589.799450556065,6126.1482364711965,9.427341771218127e-05,9.427092076469193e-05,1.7044773202641395e-07,2.0825129610583857,0.06912934590354404,0.06464767004872606
2016-10-26,2350,D2_pca8_hmm3,select,pca_only,8,20,log_euclidean,0.01,0.00037711969175799787,2588.8193312644894,6767.433884433041,77175.46621100727,38587.733105503634,37380.52085575421,0.00018842013919232053,0.00018841802888680843,8.466286146127444e-08,2.956525154926785,0.09685823933527377,0.13825146274201097
2016-10-26,2350,rolling,select,pca_only,8,20,log_euclidean,0.01,0.0003581059976190233,4639.097227018609,1099.3258240448945,7094.948262308427,3547.474131154201,3082.758352890604,0.00018078003440382312,0.00018077792409831102,9.870882786303065e-07,4.954875852050964,0.188956338332322,0.3580285776846182
2016-10-26,2350,ledoit_wolf,select,pca_only,8,20,log_euclidean,0.01,0.00035525202260713537,7460.852696353524,766.757214129844,468.5135530977718,234.25677654888625,-173.64970092931333,6.0017862830233813e-05,6.001575252472171e-05,1.093959447857928e-05,2.1652546987711374,0.06260743991666928,0.06785340095508018
2016-10-26,2350,persistence,select,pca_only,8,20,log_euclidean,0.01,0.0004027432384249037,3612.5809444241368,1162.1573680584315,12173.824644073062,6086.912322036545,5577.751103590089,8.965108715665272e-05,8.964897685114062e-05,1.0777669805592594e-07,1.45579512853057,0.06458163193498206,0.03821149090859595
2016-11-02,2355,D2_pca8_hmm3,select,pca_only,8,20,log_euclidean,0.01,845.7592297373888,2711.9570708818596,8200.67082057388,34663206.09511241,17331603.047556207,16310262.740009945,0.004431873005839405,0.004406034055330688,7.72598832105283e-08,2.659438145485521,0.10205919020586093,0.10694347350540687
2016-11-02,2355,rolling,select,pca_only,8,20,log_euclidean,0.01,845.7403564427582,5009.468657367464,1362.1209381956478,5961132.469193861,2980566.2345969304,2808604.6155940657,0.17785722341775378,0.17783138446724506,1.20712950782661e-06,4.956250722110543,0.20726918491543975,0.37949062422033847
2016-11-02,2355,ledoit_wolf,select,pca_only,8,20,log_euclidean,0.01,845.7473511424589,8010.927475146251,925.9793041532639,189183.7525093563,94591.87625467815,88938.48608850784,0.00039849759793201016,0.0003726586474232933,1.2483229490135878e-05,1.8799651643918758,0.04861374528987816,0.0494256375021771
2016-11-02,2355,persistence,select,pca_only,8,20,log_euclidean,0.01,845.7598668368339,4046.542242769338,1384.5643359415403,7582260.412244652,3791130.206122326,3572438.3711234666,0.005558723886093161,0.005532884935584444,1.1972047471029257e-07,1.5235253893645289,0.048719767737362134,0.03445089401016888
2016-11-09,2360,D2_pca8_hmm3,select,pca_only,8,20,log_euclidean,0.01,845.7564465041021,3222.0300837998966,6314.51902941397,21512918.153184306,10756459.076592153,10125397.81478454,0.045283017455004765,0.04526650970264632,8.317702147203442e-08,2.170724510217688,0.0835731484128122,0.0761993660476179
2016-11-09,2360,rolling,select,pca_only,8,20,log_euclidean,0.01,845.7247689813663,5055.772348040407,1764.6438421359053,4912051.356428062,2456025.678214031,2312159.683155665,0.03174517784204301,0.031728670089684566,1.1156644771915874e-06,4.703739445095604,0.14754866642068623,0.32651913580136144
2016-11-09,2360,ledoit_wolf,select,pca_only,8,20,log_euclidean,0.01,845.7327469123356,8039.016195866065,1086.8401049497447,185709.00476254252,92854.50238127126,87280.99228994819,0.002992052083936071,0.0029755443315776266,1.4209439549249207e-05,2.077182300418691,0.05847993730653577,0.06601709125684507
2016-11-09,2360,persistence,select,pca_only,8,20,log_euclidean,0.01,845.7367021785406,4150.508798036048,1584.510682226707,6093003.930415371,3046501.9652076857,2869717.9061734797,0.0007553747130062626,0.0007388669606478182,2.831516230300094e-07,2.0761785070769094,0.07477368494127301,0.0681918619233014
2016-11-16,2365,D2_pca8_hmm3,select,pca_only,8,20,log_euclidean,0.01,845.7488285662475,2594.806285579264,7080.430720974186,53694030.591434315,26847015.295717157,25259124.645387907,0.01083345261194987,0.010812469111624286,5.978486168625291e-08,2.851952583021018,0.10384580353921807,0.13523340410329876
2016-11-16,2365,rolling,select,pca_only,8,20,log_euclidean,0.01,845.721663251313,5012.112746170417,1270.9924354240857,3900101.2703178455,1950050.6351589228,1835801.3800321347,0.021902156504853002,0.02188117300452742,1.2857087929485915e-06,4.3581182896230235,0.13347344478409126,0.29194184896148545
2016-11-16,2365,ledoit_wolf,select,pca_only,8,20,log_euclidean,0.01,845.7294675698787,8600.643927992318,886.2277084206075,119942.20352713378,59971.10176356689,56305.95204250431,0.0011104074768029124,0.0010894239764773293,1.7183188753052862e-05,1.828250680121738,0.04763790812447163,0.0456111624710594
2016-11-16,2365,persistence,select,pca_only,8,20,log_euclidean,0.01,845.7301884233145,4046.488949850027,1442.3381198855027,4241141.890619661,2120570.9453098304,1996688.7556653402,0.0003449713583800569,0.0003239878580544738,3.2832327800741074e-07,1.9001188568058474,0.07075384287488977,0.056387386885560255
2016-11-23,2370,D2_pca8_hmm3,select,pca_only,8,20,log_euclidean,0.01,845.7417436661852,3140.5476573786227,4109.37556002923,29031514.095018588,14515757.047509294,13655600.969719093,0.001715281421089437,0.0016969735201815572,4.975849023548067e-08,2.1329442191318773,0.06349012896463478,0.06503214757266479
2016-11-23,2370,rolling,select,pca_only,8,20,log_euclidean,0.01,845.7236975490232,4880.450677674717,1156.004826768591,3611641.0930173243,1805820.5465086622,1697579.8106988692,0.005685707174002956,0.005667399273095076,7.951555873255421e-07,3.5855422127469865,0.14659140955098557,0.19439109383482076
2016-11-23,2370,ledoit_wolf,select,pca_only,8,20,log_euclidean,0.01,845.729079812764,8712.332800694474,969.8185836852949,104195.87004921855,52097.93502460927,48877.15464334524,0.00023824024248639297,0.00021993234157851327,1.1924744058056487e-05,1.3879375296051846,0.03491552348695283,0.026867496767182305
2016-11-23,2370,persistence,select,pca_only,8,20,log_euclidean,0.01,845.718321132902,3839.615213675687,1417.5360809998203,3944786.1381061506,1972393.0690530753,1856044.6882264141,0.0008364394454249808,0.000818131544517101,3.003836529981085e-07,1.8100871230502251,0.0616543397058811,0.05040744999920796
2016-12-01,2375,D2_pca8_hmm3,select,pca_only,8,20,log_euclidean,0.01,5.391624317538519e-05,1822.0884310069985,6394.406939307248,34137.62752671223,17068.813763356113,16336.936485451515,3.933724292184492e-05,3.9336058589828035e-05,4.5024838764968374e-08,2.359335922330585,0.13034412130092007,0.10829223915334793
2016-12-01,2375,rolling,select,pca_only,8,20,log_euclidean,0.01,127.16417934039404,4921.7658403683145,1098.179706424503,443.4253739549828,221.7126869774727,-230.94518208698977,4.1776373315300244e-05,4.177518898328336e-05,3.28704085778914e-05,1.1933516889111715,0.03114693540101979,0.01834190155079267
2016-12-01,2375,ledoit_wolf,select,pca_only,8,20,log_euclidean,0.01,33.30561631633471,19977.52227040931,1196.1225671497716,802.0402586163935,401.02012930819717,-51.52401937466699,3.873251137891602e-05,3.873132704689914e-05,0.0005836851401762896,1.002718110961203,0.010903384296305692,0.010405899660167696
2016-12-01,2375,persistence,select,pca_only,8,20,log_euclidean,0.01,845.7527550006207,3590.4337238573316,1582.727960787528,525.3247603622951,262.66238018113097,-189.92627323877636,3.936575150122361e-05,3.9364567169206726e-05,4.762643491381893e-05,1.041112365102006,0.018456846215385004,0.012535415437268651
2016-12-08,2380,D2_pca8_hmm3,select,pca_only,8,20,log_euclidean,0.01,0.00013089953336322782,3399.577372267764,1238.960202256225,4823.980221175779,2411.9901105878794,1968.0477803727458,3.8972559319304304e-05,3.897105525269845e-05,1.5744812482180497e-07,1.8789001361310282,0.06208469533734041,0.05390737349527123
2016-12-08,2380,rolling,select,pca_only,8,20,log_euclidean,0.01,127.16304601693426,5003.724982014257,982.5033038331985,445.97296609357113,222.9864830467863,-231.35787688486394,3.11713636641376e-05,3.1169859597531745e-05,3.192880628394566e-05,1.1925550427814506,0.026346654616483355,0.01805441968340475
2016-12-08,2380,ledoit_wolf,select,pca_only,8,20,log_euclidean,0.01,33.30481335432788,19990.48973879526,1108.8515461405295,805.7995341229887,402.89976706149525,-51.511811525626854,3.639279802862852e-05,3.639129396202266e-05,0.0005833388724326464,1.002842450339463,0.01080456828732994,0.010406085316862806
2016-12-08,2380,persistence,select,pca_only,8,20,log_euclidean,0.01,845.7418710481179,3654.7703767902563,1638.1811823505254,527.960813303351,263.9804066516776,-190.41750308850067,3.590643427609423e-05,3.5904930209488376e-05,3.469530529788442e-05,1.0077629264778742,0.01711663977917329,0.010827051890732733
2016-12-15,2385,D2_pca8_hmm3,select,pca_only,8,20,log_euclidean,0.01,8.599423182521177e-05,1997.499852476859,6671.247504500031,15721.585486192751,7860.79274309638,7303.491344173982,2.7762765351152594e-05,2.7761781290856742e-05,9.097198392850745e-08,2.4270273737416685,0.10578654095139348,0.10185326636917622
2016-12-15,2385,rolling,select,pca_only,8,20,log_euclidean,0.01,127.16236795501106,4904.5687517196475,932.1338179780378,445.95898244725515,222.979491223702,-231.51356184234731,2.0717600005100656e-05,2.0716615944804804e-05,3.239031218060059e-05,1.186397685018176,0.02571311248973886,0.01767639162288261
2016-12-15,2385,ledoit_wolf,select,pca_only,8,20,log_euclidean,0.01,33.304572064242436,19992.313404985125,1004.1040341737867,805.8307516561607,402.915375828081,-51.51534508392516,2.965616497316623e-05,2.9655180912870378e-05,0.0005829539319116958,1.0029112551148651,0.010748255786295012,0.01040561739234946
2016-12-15,2385,persistence,select,pca_only,8,20,log_euclidean,0.01,845.7419926794801,3497.3070700356784,1428.9076447420996,526.7021788807837,263.3510894403629,-191.11733772205045,2.639943619009844e-05,2.639845212980259e-05,3.849454805368437e-05,1.0071605963084673,0.02098163970504193,0.01121110125560459
2016-12-22,2390,D2_pca8_hmm3,select,pca_only,8,20,log_euclidean,0.01,6.629130146237777e-05,1889.2566442075554,6495.026960044253,15159.23048271684,7579.615241358437,7038.846504573639,2.46641799803405e-05,2.4663077207534204e-05,1.0721350953623106e-07,2.7419394972517734,0.12204686570089589,0.12306582694449249
2016-12-22,2390,rolling,select,pca_only,8,20,log_euclidean,0.01,127.16255176827141,4972.928108911557,1000.7348261010901,450.5672614903966,225.2836307451704,-231.94196875908887,2.2961165187012126e-05,2.296006241420583e-05,2.9724129136670075e-05,1.1367066059904054,0.02605617892810078,0.016412359917425068
2016-12-22,2390,ledoit_wolf,select,pca_only,8,20,log_euclidean,0.01,33.30481236663634,20001.234839589306,1050.3011769325317,811.3027474186667,405.65137370933337,-51.54291292503592,3.277018611411601e-05,3.276908334130971e-05,0.0005800918734613233,1.002905657160523,0.010759826724092026,0.010405142083669263
2016-12-22,2390,persistence,select,pca_only,8,20,log_euclidean,0.01,845.7372633925559,3436.3255853420796,1497.2367994538668,531.5610443059372,265.78052215303484,-191.43994588657011,2.6545897180362552e-05,2.6544794407556256e-05,3.9627461530720975e-05,1.0131642934384093,0.02107604149962604,0.01165166578172973
2016-12-30,2395,D2_pca8_hmm3,select,pca_only,8,20,log_euclidean,0.01,0.0010385975712069238,3878.3436032477903,1878.3001019724802,2641.938807316354,1320.9694036581786,867.7017251879164,2.8639629279961074e-05,2.863897370493081e-05,5.451308232685838e-07,2.143935695931566,0.0738195044824541,0.07427618974610851
2016-12-30,2395,rolling,select,pca_only,8,20,log_euclidean,0.01,127.16478665948199,4988.28131900193,943.4193322169076,423.97228723465,211.9861436173464,-228.75574558323288,2.4301151296468677e-05,2.4300495721438414e-05,3.0030568030624116e-05,1.144831191284409,0.02441734555403148,0.016421993987195113
2016-12-30,2395,ledoit_wolf,select,pca_only,8,20,log_euclidean,0.01,33.305324015376215,19937.914569247914,834.7391143580046,778.3717943256365,389.18589716281843,-51.475601950854205,3.2515741589652645e-05,3.251508601462238e-05,0.0005805113041253702,1.0030151054600491,0.01073940678628088,0.010405347647596184
2016-12-30,2395,persistence,select,pca_only,8,20,log_euclidean,0.01,8.564188208326428e-05,3054.30155551205,1014.6796636556472,6151.031510949791,3075.5157554748907,2599.3802093588856,3.768177959462271e-05,3.768112401959245e-05,1.3578963214318689e-07,1.8891896493293392,0.06705909930912365,0.058263677225831194
