date,raw_anchor,method,split,embedder,pca_k,k_neighbors,aggregation,eta,raw_frob,raw_logeuc,raw_corr_frob,cond_stein,cond_kl,nll,gmvp_var,var_regret,pred_var,leverage_l1,max_abs_w,hhi
2013-01-04,1390,D0_pca8,select,pca_only,8,20,log_euclidean,0.01,0.00013554165027406467,1969.2139795078374,7036.902155114285,45905.060004579565,22952.53000228978,22172.839958695717,3.198660102018217e-05,3.198417283531975e-05,4.267341353213598e-08,2.247573374305497,0.10178903744006662,0.08993857273129098
2013-01-04,1390,rolling,select,pca_only,8,20,log_euclidean,0.01,0.0003245335148430688,4853.6062976243775,973.5826190586022,2030.1442717534987,1015.0721358767524,561.6456573310428,6.282379064745477e-05,6.282136246259234e-05,1.2152662934188866e-06,3.473506352914975,0.24394508982056543,0.22832763177826648
2013-01-04,1390,ledoit_wolf,select,pca_only,8,20,log_euclidean,0.01,0.00013838427335039752,9063.182666501556,631.4461779353496,339.85765561592757,169.9288278079638,-266.534305773021,2.8796577786644484e-05,2.8794149601782062e-05,1.834290874336943e-05,1.3481819214380037,0.05778753957937165,0.028473789381099006
2013-01-04,1390,persistence,select,pca_only,8,20,log_euclidean,0.01,0.0010564147902667603,3524.6684823877886,1453.2649604805106,3756.184427717163,1878.0922138585688,1428.5511938135267,5.533164084792245e-05,5.5329212663060025e-05,7.119741823222734e-07,2.746281064237266,0.12888482284973465,0.12702016959294435
2013-01-11,1395,D0_pca8,select,pca_only,8,20,log_euclidean,0.01,0.00014474033788298773,1940.2538740005575,6888.460566087976,47291.43522595661,23645.71761297832,23073.86503417092,4.087941009353578e-05,4.087710678242142e-05,4.5706289508492244e-08,2.340703190311523,0.10336255016777338,0.09307742479801685
2013-01-11,1395,rolling,select,pca_only,8,20,log_euclidean,0.01,0.00031896184795301844,4807.27157802759,916.9654652083702,2240.009297643325,1120.0046488216617,666.6128361471058,7.163717869089467e-05,7.163487537978031e-05,1.2951574767169168e-06,3.612596939580889,0.2777193823598334,0.25961953778371183
2013-01-11,1395,ledoit_wolf,select,pca_only,8,20,log_euclidean,0.01,0.0001451580576140017,9018.850176239652,646.4480484471289,338.9437807250673,169.47189036253326,-264.238299993788,2.749124514052872e-05,2.7488941829414356e-05,1.648165632558916e-05,1.2399969630815502,0.05226699121394171,0.024279606335046888
2013-01-11,1395,persistence,select,pca_only,8,20,log_euclidean,0.01,0.0010596661125764476,3512.139525830175,1402.9628864233903,3895.826265689278,1947.913132844631,1499.9231146825443,5.056977445167076e-05,5.05674711405564e-05,7.624529328235034e-07,2.8517193254162723,0.13832822595450267,0.13670994022132285
2013-01-18,1400,D0_pca8,select,pca_only,8,20,log_euclidean,0.01,0.0001976321715335752,1975.0756864574344,6893.395748711584,93426.11934801211,46713.05967400604,45346.77267868076,3.4501242209574114e-05,3.449913147300896e-05,2.746650580646669e-08,2.50911527972378,0.10990269349032938,0.10420589104165066
2013-01-18,1400,rolling,select,pca_only,8,20,log_euclidean,0.01,0.00034582167891243,4706.380450997887,912.6218244549971,3122.532348271623,1561.266174135808,1108.0521040622389,5.0807808057772994e-05,5.080569732120784e-05,1.2273500173573888e-06,3.61483108449924,0.3054735850782168,0.28344091776283037
2013-01-18,1400,ledoit_wolf,select,pca_only,8,20,log_euclidean,0.01,0.00019310389183787986,8808.788408379369,592.2599947469929,340.5416544803639,170.27082724018206,-256.92994944671284,2.5525723818274347e-05,2.55236130817092e-05,1.5129551211110246e-05,1.2309935061057289,0.054212064261237314,0.02408042800969415
2013-01-18,1400,persistence,select,pca_only,8,20,log_euclidean,0.01,0.001083286628508267,3512.8450443860897,1290.7634352211073,4430.127417977423,2215.0637089887277,1769.2051589088976,4.3875495526204985e-05,4.387338478963983e-05,7.432182755425355e-07,2.965738151430378,0.13622834886265955,0.13433763488389397
2013-01-28,1405,D0_pca8,select,pca_only,8,20,log_euclidean,0.01,0.00013241535296508136,1992.6447175319886,5003.414895206277,50379.06758630208,25189.533793151044,24262.506968128575,4.9394052250541765e-05,4.9392574253256726e-05,4.652770971522761e-08,2.3816197347516073,0.10678396454207356,0.09763853647979345
2013-01-28,1405,rolling,select,pca_only,8,20,log_euclidean,0.01,0.00028131809548988175,4781.60476657927,663.4725621018749,2534.3776638802256,1267.188831940121,800.7144252038643,3.646177959010957e-05,3.646030159282453e-05,1.1221214540788953e-06,3.558701178529093,0.26872617821646866,0.2545314887346476
2013-01-28,1405,ledoit_wolf,select,pca_only,8,20,log_euclidean,0.01,0.00015629892189244034,8973.344575138059,1227.4350795603466,337.6747891740091,168.83739458700444,-264.0049572344668,4.5677482680062155e-05,4.5676004682777116e-05,1.1898665375830016e-05,1.043790399611762,0.037212542139671616,0.015645468943717815
2013-01-28,1405,persistence,select,pca_only,8,20,log_euclidean,0.01,0.00020879164898945452,3372.806875311415,841.2118312208555,6039.2702985387,3019.635149269356,2494.9610296392298,4.866025430441603e-05,4.865877630713099e-05,4.09759510845976e-07,2.9370491967783767,0.12708206387855153,0.12601033113734164
2013-02-04,1410,D0_pca8,select,pca_only,8,20,log_euclidean,0.01,9.495021295026593e-05,1959.7966303245564,4414.63175861569,42747.06299106082,21373.531495530406,20740.171612020764,3.149173588061969e-05,3.1490160124987446e-05,4.745783183187151e-08,2.4718579752690584,0.12139710707268259,0.11085193651898387
2013-02-04,1410,rolling,select,pca_only,8,20,log_euclidean,0.01,0.000246793004603322,4776.486887030188,854.9786672277306,2040.597876883272,1020.2989384416319,576.1941153737134,3.651670615678207e-05,3.6515130401149824e-05,1.0045204857056004e-06,3.437245066282794,0.24412978453119752,0.23163246778487656
2013-02-04,1410,ledoit_wolf,select,pca_only,8,20,log_euclidean,0.01,0.00012502196904791814,8984.683124118044,1526.8380764674532,339.0079132018096,169.5039566009048,-269.6186247446374,5.696748530594925e-05,5.6965909550317e-05,9.61835235330279e-06,1.0143891705166668,0.02930199673956476,0.013354020659164308
2013-02-04,1410,persistence,select,pca_only,8,20,log_euclidean,0.01,0.00019609825378089215,3442.557945740132,1247.9561536553736,4859.75596928104,2429.877984640513,1960.521467954947,3.1188985882594224e-05,3.118741012696198e-05,2.1498883717353594e-07,2.0429659667139424,0.07531663127665007,0.0665551320433055
2013-02-11,1415,D0_pca8,select,pca_only,8,20,log_euclidean,0.01,7.122270749379008e-05,1913.991152557045,4426.224563688614,30762.749282483986,15381.374641241995,14836.10493959552,1.5085381386969143e-05,1.5083689412751751e-05,5.1347130324553265e-08,2.2827841293621747,0.09732663010671448,0.0889676457707221
2013-02-11,1415,rolling,select,pca_only,8,20,log_euclidean,0.01,0.0002303996028878337,4787.792843816797,708.1017562191113,1731.226219286947,865.6131096434783,407.3247095766102,4.66508906883035e-05,4.6649198714086113e-05,1.0800396664868683e-06,3.5054464003438386,0.26190231307787365,0.24972211824780696
2013-02-11,1415,ledoit_wolf,select,pca_only,8,20,log_euclidean,0.01,0.00010483815388780223,8960.362976011607,1396.1910860719693,341.5890621442213,170.79453107211066,-274.12980348676194,4.9116405693185055e-05,4.9114713718967666e-05,1.0828681001421364e-05,1.0460728042760776,0.033686398669780654,0.014402132096205073
2013-02-11,1415,persistence,select,pca_only,8,20,log_euclidean,0.01,0.00018643753939711702,3411.2056557352253,1138.1174663187687,3946.2017266548232,1973.1008633274198,1491.4328864729846,2.795248510071148e-05,2.795079312649409e-05,2.1130276069298118e-07,2.0695136917450627,0.06240516905130782,0.0619109837689543
2013-02-19,1420,D0_pca8,select,pca_only,8,20,log_euclidean,0.01,2.9477006109528474e-05,1824.0733562283076,4104.063094581514,18149.530255122332,9074.76512756117,8644.54258958536,1.83228306296605e-05,1.8321655876654202e-05,6.824473735235226e-08,2.367806719009303,0.11464147075383135,0.10397658681138267
2013-02-19,1420,rolling,select,pca_only,8,20,log_euclidean,0.01,0.00020692767157903628,4773.607511987447,819.4809598514585,1406.1504972932257,703.0752486466095,242.2580462542178,4.8801582371283504e-05,4.8800407618277206e-05,1.0092337402250427e-06,3.5028141802127535,0.24198293415437314,0.22986912548949856
2013-02-19,1420,ledoit_wolf,select,pca_only,8,20,log_euclidean,0.01,7.818386907172709e-05,8987.396935668712,1687.318754701543,351.21090885850623,175.60545442925306,-280.29895840509516,5.392878198878356e-05,5.392760723577726e-05,1.0016148058728015e-05,1.0305586994261753,0.030215658169258683,0.01376288026218257
2013-02-19,1420,persistence,select,pca_only,8,20,log_euclidean,0.01,0.00022408043168861417,3458.665679787592,1330.6731441276092,2856.268936465746,1428.1344682328725,972.6609391838927,3.635649957342822e-05,3.635532482042192e-05,2.1507362142530958e-07,1.917087105291694,0.05637860202044335,0.0547005146397807
2013-02-26,1425,D0_pca8,select,pca_only,8,20,log_euclidean,0.01,2.1963143957455317e-05,1841.1446521384753,5880.661829943547,20372.29730982598,10186.148654912986,9599.950262592312,1.2330475957813727e-05,1.2329836518350459e-05,5.102895545021347e-08,2.262919952790205,0.1002376470552138,0.09123938560363437
2013-02-26,1425,rolling,select,pca_only,8,20,log_euclidean,0.01,0.0001913702450558395,4727.164746905372,720.2200560600957,1324.42137038717,662.2106851935847,186.52063960097558,5.505240355665579e-05,5.5051764117192526e-05,1.0121940400837538e-06,3.3155545886315188,0.23310675805100195,0.21882504046847198
2013-02-26,1425,ledoit_wolf,select,pca_only,8,20,log_euclidean,0.01,3.471014873781018e-05,8924.354522500817,943.9384028745333,362.6905044287303,181.3452522143649,-284.3025891139236,2.245017073969541e-05,2.2449531300232143e-05,1.3966190073530064e-05,1.2089124623523237,0.044934868517367055,0.021067860129288497
2013-02-26,1425,persistence,select,pca_only,8,20,log_euclidean,0.01,0.0001462855696776175,3468.108785295656,943.374518905908,2998.4988121296637,1499.2494060648369,1023.3303597353967,2.74303680870247e-05,2.7429728647561434e-05,2.308938765784854e-07,2.047626949258991,0.06578935055439872,0.06555628079909086
2013-03-05,1430,D0_pca8,select,pca_only,8,20,log_euclidean,0.01,2.846942172445105e-05,1881.462766893346,6397.088409864617,33580.52945441266,16790.264727206326,16043.387998388285,1.6677725579830166e-05,1.6677079729175484e-05,3.901196219584167e-08,2.3508511918008703,0.10869892103830801,0.10055552483529585
2013-03-05,1430,rolling,select,pca_only,8,20,log_euclidean,0.01,0.00019080995487269047,4709.873310275789,791.7970215426014,1530.1841735646346,765.0920867823208,288.8741053970019,2.273374426118871e-05,2.273309841053403e-05,1.2339596256696074e-06,3.6578988029207276,0.28806029341735984,0.26380141938568713
2013-03-05,1430,ledoit_wolf,select,pca_only,8,20,log_euclidean,0.01,3.9337630669093364e-05,8930.541349523623,882.4514073594189,355.92975091713856,177.96487545856917,-281.56363264861386,1.621999996136658e-05,1.62193541107119e-05,1.3526167517716752e-05,1.137423411422631,0.043039288829375584,0.01916090599100338
2013-03-05,1430,persistence,select,pca_only,8,20,log_euclidean,0.01,0.0001121493155029952,3463.679702674153,1139.8656101577226,3944.114025311661,1972.057012655825,1483.232497698559,2.1954152974681815e-05,2.1953507124027133e-05,2.2503992138104795e-07,2.126719299472879,0.07339618924634025,0.07312287184223817
2013-03-12,1435,D0_pca8,select,pca_only,8,20,log_euclidean,0.01,4.6139417465395816e-05,1905.5410628868522,5668.683292529932,46597.03649933881,23298.5182496694,22436.564117278715,2.4890406737302737e-05,2.4889269476600714e-05,2.8588439421927988e-08,2.3254242284992803,0.1037980721090112,0.09298376834351543
2013-03-12,1435,rolling,select,pca_only,8,20,log_euclidean,0.01,6.961710547330296e-05,4703.3852668956815,666.4302669095185,2610.026178994758,1305.0130894973777,832.3249039545223,2.963332802708873e-05,2.9632190766386707e-05,9.062888355803954e-07,3.738908991480912,0.30124581898581276,0.2805191170455044
2013-03-12,1435,ledoit_wolf,select,pca_only,8,20,log_euclidean,0.01,4.677981666612811e-05,7833.114853085783,679.8189937620393,329.4739715319207,164.7369857659604,-286.1137474187439,1.3920015044874574e-05,1.391887778417255e-05,1.2225530179016499e-05,1.8110591145847899,0.10176094825948456,0.05572823010816705
2013-03-12,1435,persistence,select,pca_only,8,20,log_euclidean,0.01,9.803345277863945e-05,3361.443442167883,887.125583567878,4903.414587853173,2451.707293926598,1970.3139109501622,1.7596916281341165e-05,1.759577902063914e-05,2.0958088928548933e-07,2.16120572302049,0.07688318819681769,0.07617849371939309
2013-03-19,1440,D0_pca8,select,pca_only,8,20,log_euclidean,0.01,0.00011773759212892238,1890.2040774161226,3650.079442894642,41750.369884405794,20875.184942202897,20407.04825099114,3.396476205268122e-05,3.396247291763732e-05,3.460746971162865e-08,2.2230106873637845,0.10111737157298341,0.09034594809379895
2013-03-19,1440,rolling,select,pca_only,8,20,log_euclidean,0.01,0.0001262208041951103,4730.01455800867,925.9838285303922,3132.0511702284944,1566.0255851142372,1118.2962448735761,3.610892221285323e-05,3.610663307780933e-05,3.9134946976530565e-07,2.665895608711446,0.13911255110083745,0.13463877223013887
2013-03-19,1440,ledoit_wolf,select,pca_only,8,20,log_euclidean,0.01,0.00013446107054175925,7952.557796295071,1557.603776087725,317.53544749229803,158.76772374614904,-279.1011060737497,4.7913993628597614e-05,4.791170449355371e-05,8.693012452492774e-06,1.5476932452729255,0.06248763244343204,0.03845671401318302
2013-03-19,1440,persistence,select,pca_only,8,20,log_euclidean,0.01,8.058127464954424e-05,3258.972738796097,745.9989586616168,6766.584558631553,3383.292279315771,2903.407081537007,3.9631212349330306e-05,3.9628923214286405e-05,1.5477491936159898e-07,2.0632669526373912,0.08063906794803172,0.07153125242364676
2013-03-26,1445,D0_pca8,select,pca_only,8,20,log_euclidean,0.01,0.00018359194239181802,1927.0713493841167,3754.4329261070284,42148.866340851906,21074.433170425946,20374.70011403971,3.867490875087052e-05,3.867310450336462e-05,3.8453014891539266e-08,2.271232758675249,0.09785932865764713,0.08997696062734484
2013-03-26,1445,rolling,select,pca_only,8,20,log_euclidean,0.01,0.0001697082253731983,4687.2319081543665,823.30357924776,3439.157470792239,1719.5787353961296,1256.8113520300017,3.0176530183272966e-05,3.0174725935767064e-05,3.969653322824692e-07,2.6410615931015147,0.1412080377416324,0.13540805451573004
2013-03-26,1445,ledoit_wolf,select,pca_only,8,20,log_euclidean,0.01,0.00019428491440377045,7907.429264881408,1368.9172788908882,318.12880570948516,159.06440285474247,-269.2810287265738,4.657941236695791e-05,4.657760811945201e-05,8.443422078449366e-06,1.5704461738751252,0.06332778891958889,0.04050927223756741
2013-03-26,1445,persistence,select,pca_only,8,20,log_euclidean,0.01,0.00019207613693877633,3382.4006509399105,1106.4106641870726,11257.122281057204,5628.561140528613,5086.555802326088,6.91965470098969e-05,6.9194742762391e-05,7.971143418439716e-08,1.6460579583073,0.07762261621872951,0.04625348027858115
2013-04-03,1450,D0_pca8,select,pca_only,8,20,log_euclidean,0.01,0.0002125083981392946,1918.017349699799,3805.1863903554677,63976.54272717681,31988.271363588403,31245.511560331546,3.5480418255967105e-05,3.547848704147256e-05,3.157253580320079e-08,2.3686603505240282,0.11749131439311528,0.10328366347924997
2013-04-03,1450,rolling,select,pca_only,8,20,log_euclidean,0.01,0.0001720696535467563,4717.052858068829,774.352207710418,3786.5092025174117,1893.2546012587097,1411.0623314476654,4.628665231593649e-05,4.628472110144195e-05,4.347155615701242e-07,2.7613727589164685,0.15079244540782025,0.14455914471681097
2013-04-03,1450,ledoit_wolf,select,pca_only,8,20,log_euclidean,0.01,0.00019753095177049907,7931.910952660148,1310.463238868548,322.50292545593186,161.25146272796604,-263.62361933453934,5.573101196638336e-05,5.572908075188882e-05,8.867747725986408e-06,1.5605394819178653,0.0657764589713281,0.04160051143121642
2013-04-03,1450,persistence,select,pca_only,8,20,log_euclidean,0.01,0.00020365970864900942,3548.244220090125,1271.6082944875616,11239.14680321319,5619.57340160661,5128.076732599471,8.083826957965352e-05,8.083633836515898e-05,8.521857178916136e-08,1.7043148350902344,0.060990700889096826,0.04346929467856108
2013-04-10,1455,D0_pca8,select,pca_only,8,20,log_euclidean,0.01,0.00020023710676290537,1973.9349941543946,4016.7524329928847,52189.46239203366,26094.731196016823,25125.107471692725,3.801087016548489e-05,3.800881029818282e-05,3.675061585614497e-08,2.3076304066101874,0.10144032673460823,0.0909619304692359
2013-04-10,1455,rolling,select,pca_only,8,20,log_euclidean,0.01,0.0001750315519945349,4762.495866357137,743.2190571452202,4111.671306061064,2055.835653030529,1550.7062173995423,5.561138346606289e-05,5.560932359876082e-05,4.2623178306829233e-07,2.80912421391418,0.1631392320860044,0.15696409578687714
2013-04-10,1455,ledoit_wolf,select,pca_only,8,20,log_euclidean,0.01,0.00020177358370891538,7712.297028616711,1122.827279501534,332.8419879583065,166.42099397915348,-259.6747594979903,5.023522313981548e-05,5.023316327251341e-05,8.191648835332315e-06,1.6930736106123538,0.07610413589905958,0.04914529635434121
2013-04-10,1455,persistence,select,pca_only,8,20,log_euclidean,0.01,0.00018715018763066108,3539.6904559946033,1073.5921075836336,8620.97034460556,4310.4851723027805,3790.9041768922057,6.497267276746503e-05,6.497061290016296e-05,1.4037957619765595e-07,1.924693021213707,0.06936027920317903,0.05913818922190331
2013-04-17,1460,D0_pca8,select,pca_only,8,20,log_euclidean,0.01,7.949443644257427e-05,2027.1758768818797,6211.391859374731,39232.1939356513,19616.09696782565,18869.442002190823,4.053169388521304e-05,4.053070637199465e-05,5.877094250038867e-08,2.5331012437254654,0.12942169868908462,0.12017275716007145
2013-04-17,1460,rolling,select,pca_only,8,20,log_euclidean,0.01,8.772535597987923e-05,4771.087048893177,818.8836679371638,3650.1183890500356,1825.0591945250171,1359.9304308822232,2.059669599449342e-05,2.0595708481275025e-05,5.160860163995751e-07,3.0222991076032995,0.18748556995989155,0.18159530047067582
2013-04-17,1460,ledoit_wolf,select,pca_only,8,20,log_euclidean,0.01,7.49937859348205e-05,7472.114867437966,583.4346016648597,357.54091466804255,178.7704573340215,-256.7614855568622,1.4947461677544123e-05,1.494647416432573e-05,8.76263848885111e-06,2.1195463656091222,0.10919926741100652,0.07744215468792094
2013-04-17,1460,persistence,select,pca_only,8,20,log_euclidean,0.01,0.0001385789140906508,3569.4691956272286,1291.3234555463014,5939.403320262424,2969.70166013122,2519.3967928712627,2.360948106132587e-05,2.3608493548107475e-05,3.1356962426025445e-07,2.545271432728056,0.10004451113133599,0.09963454741364208
2013-04-24,1465,D0_pca8,select,pca_only,8,20,log_euclidean,0.01,6.488996528564584e-05,1987.8687107366845,5613.212811584167,35986.76197551657,17993.380987758308,17221.124074062987,2.7308748768954236e-05,2.7307429669640035e-05,3.9979790324391434e-08,2.2770340352305927,0.09375291569495277,0.08514162540778705
2013-04-24,1465,rolling,select,pca_only,8,20,log_euclidean,0.01,7.960337788267829e-05,4799.270153838383,747.532077515214,3148.097571918659,1574.048785959321,1108.4241136122314,2.4193571722055745e-05,2.4192252622741544e-05,4.936132561978409e-07,2.9340925036621397,0.16925856856983068,0.16539793591042593
2013-04-24,1465,ledoit_wolf,select,pca_only,8,20,log_euclidean,0.01,6.161453756779647e-05,7486.175279896021,584.0723585897891,350.94721683795564,175.47360841897756,-266.8534224754919,1.9403535226166065e-05,1.9402216126851863e-05,8.85331386011794e-06,2.1982105991722256,0.1098775141050758,0.08124360473111393
2013-04-24,1465,persistence,select,pca_only,8,20,log_euclidean,0.01,0.00017850043148473767,3544.6433905506037,1008.6499623683726,4174.694445189884,2087.347222594947,1614.7928874814893,2.7453125632494675e-05,2.7451806533180474e-05,3.184021531826504e-07,2.37820693635887,0.08170064763089585,0.08144792321049549
2013-05-01,1470,D0_pca8,select,pca_only,8,20,log_euclidean,0.01,5.52495268917717e-05,1918.0361272895273,5995.512859602724,41828.532994197354,20914.26649709868,20120.938769422664,3.860177119114494e-05,3.8600828936050616e-05,4.865077095636518e-08,2.585889448886714,0.13985931430094167,0.1254469876626586
2013-05-01,1470,rolling,select,pca_only,8,20,log_euclidean,0.01,7.213464596690537e-05,4676.736039792028,770.6584863401081,2585.2664676873196,1292.6332338436605,829.7958484278012,2.9454694081233378e-05,2.9453751826139055e-05,4.942492987301688e-07,3.0449115322081712,0.1710472747194412,0.1673657753364422
2013-05-01,1470,ledoit_wolf,select,pca_only,8,20,log_euclidean,0.01,5.344574666980707e-05,7318.4629974447,642.5280672407324,343.16585700493295,171.5829285024668,-276.32359616715195,2.4088678077804874e-05,2.408773582271055e-05,8.064692507016787e-06,2.338254706819506,0.11874554955179024,0.09010910623477252
2013-05-01,1470,persistence,select,pca_only,8,20,log_euclidean,0.01,0.0001898667297478737,3360.588153346543,1014.0628131163647,3149.213109579835,1574.6065547899157,1116.2667691562244,3.879938898118924e-05,3.8798446726094915e-05,3.304331655240411e-07,2.3102002792325256,0.08001336831358198,0.07974055285840341
2013-05-08,1475,D0_pca8,select,pca_only,8,20,log_euclidean,0.01,5.849450226582585e-05,2005.8376123334926,5198.180051287119,35625.752187911145,17812.87609395558,17022.180130111126,3.5986036705450546e-05,3.5984723051114085e-05,3.524622223271105e-08,2.2151302626603053,0.09141346816619088,0.08164859377194263
2013-05-08,1475,rolling,select,pca_only,8,20,log_euclidean,0.01,6.142070364243337e-05,4639.2891294958645,695.2019981758658,2368.5359857590124,1184.2679928795014,704.4343472688967,3.514413764683665e-05,3.514282399250019e-05,4.5708082541806803e-07,3.132410572439898,0.16038535544172555,0.15635818326308154
2013-05-08,1475,ledoit_wolf,select,pca_only,8,20,log_euclidean,0.01,5.0411291038858434e-05,7481.863235541687,794.3516551851477,324.268683666006,162.13434183300294,-286.13458464547614,2.901002987509778e-05,2.900871622076132e-05,8.194202754984951e-06,2.143256436077344,0.09945151908129257,0.07167200672295528
2013-05-08,1475,persistence,select,pca_only,8,20,log_euclidean,0.01,0.00017951354890971045,3293.2262466874286,869.1958540329906,3048.068312109055,1524.0341560545457,1037.434730748207,3.996616802391043e-05,3.996485436957397e-05,3.344388982093138e-07,2.2852181535336893,0.08190577437632493,0.08160302393464534
2013-05-15,1480,D0_pca8,select,pca_only,8,20,log_euclidean,0.01,7.809089988096135e-05,1915.7782474265198,4239.673785727707,43976.327030543514,21988.163515271754,21096.14022976898,4.477068351121173e-05,4.476884815248984e-05,4.753024328741024e-08,2.6259035144511307,0.1518213473409131,0.13222898537757352
2013-05-15,1480,rolling,select,pca_only,8,20,log_euclidean,0.01,5.616570987526325e-05,4666.150193960296,648.0310677168775,2339.2802824797755,1169.6401412398889,702.4582562291489,3.1185380836037064e-05,3.1183545477315175e-05,4.287425714254326e-07,3.0075822883944596,0.1478930623034024,0.14447540594327124
2013-05-15,1480,ledoit_wolf,select,pca_only,8,20,log_euclidean,0.01,5.599647665889238e-05,7501.399446054128,902.377914050442,320.3505954969281,160.17529774846412,-285.1615294964892,3.0796532766822156e-05,3.079469740810027e-05,7.916568930785888e-06,2.1392089870970317,0.09634122295045124,0.07161568015208794
2013-05-15,1480,persistence,select,pca_only,8,20,log_euclidean,0.01,0.00011067353084252493,3399.061461431569,1057.0031423985545,4193.424362571607,2096.7121812858204,1616.363212792695,5.036135001577065e-05,5.035951465704876e-05,1.5685902059260567e-07,1.8109799924598442,0.049145594043781396,0.048990560382548405
2013-05-22,1485,D0_pca8,select,pca_only,8,20,log_euclidean,0.01,9.973250876545828e-05,1928.1085052056421,2687.7939776881108,23845.304207363562,11922.652103681785,11422.868245594922,6.113112463714198e-05,6.11287931884752e-05,5.279366227750045e-08,2.3004187827046274,0.09678299296949391,0.08977553711100997
2013-05-22,1485,rolling,select,pca_only,8,20,log_euclidean,0.01,7.767888154206834e-05,4736.6985039300735,821.1511925327886,2123.4316758321283,1061.7158379160653,607.053808363064,5.180105090450754e-05,5.179871945584077e-05,4.807149863824693e-07,2.959187746424685,0.15910680008470532,0.1548973294173218
2013-05-22,1485,ledoit_wolf,select,pca_only,8,20,log_euclidean,0.01,9.1171203560903e-05,7542.695571845585,1279.0291915898163,310.93830766239535,155.4691538311975,-288.6553678761217,4.981040408793715e-05,4.980807263927038e-05,8.284860579379252e-06,2.1416728934399702,0.09979745893338876,0.072609699253294
2013-05-22,1485,persistence,select,pca_only,8,20,log_euclidean,0.01,0.00013075360554159506,3506.2844399367877,1266.8741828327845,4615.7271406793525,2307.8635703396785,1853.5620236146265,7.266688049217532e-05,7.266454904350854e-05,1.745471875832266e-07,2.0037807815781834,0.06163762298965072,0.06139026811839709
2013-05-30,1490,D0_pca8,select,pca_only,8,20,log_euclidean,0.01,0.00018576334350084894,1835.6125020589132,2285.8646833372427,40101.64267080892,20050.821335404464,18969.159884816137,6.465702835124018e-05,6.465432792092462e-05,3.510358099203073e-08,2.4820858301038387,0.1264387173618832,0.114868726102891
2013-05-30,1490,rolling,select,pca_only,8,20,log_euclidean,0.01,0.0001008279740834127,4831.072996978769,952.8092377937891,2017.4206577808827,1008.7103288904384,536.676040795075,5.412250499575467e-05,5.411980456543911e-05,5.498805499587732e-07,3.173526784977053,0.1753084274368537,0.16997897815004925
2013-05-30,1490,ledoit_wolf,select,pca_only,8,20,log_euclidean,0.01,0.00012374402458881803,7587.509382400465,1442.2093870341623,304.89246093196823,152.44623046598358,-291.5487409902785,4.9965798524812246e-05,4.996309809449669e-05,9.038003865147669e-06,2.1740402881991723,0.10651415301450314,0.07621350720988736
2013-05-30,1490,persistence,select,pca_only,8,20,log_euclidean,0.01,0.00016951413363022855,3455.639096438587,1566.2646273584255,5113.637452703912,2556.818726351966,2045.2288866972067,8.217069170177573e-05,8.216799127146017e-05,1.2944009148443928e-07,1.7435196691790438,0.0669368477405433,0.051179391798075624
2013-06-06,1495,D0_pca8,select,pca_only,8,20,log_euclidean,0.01,0.0018374516321185874,1894.7472006769804,5166.307036211398,59772.52752603514,29886.26376301756,28079.15953739812,5.3972187717952034e-05,5.3963282007207196e-05,6.028964768491408e-08,2.2562766270668773,0.09313357157966903,0.08730296565203063
2013-06-06,1495,rolling,select,pca_only,8,20,log_euclidean,0.01,0.001782918748000119,4868.15832289714,1332.2816035424992,6317.207772600031,3158.603886300037,2597.4606248104524,0.00016639493481373257,0.00016638602910298774,7.073807379829974e-07,3.5097329833366833,0.22225086330860527,0.21459510574209573
2013-06-06,1495,ledoit_wolf,select,pca_only,8,20,log_euclidean,0.01,0.0018015868468111097,7541.949439836248,1334.2057192723935,500.0517651001388,250.02588255006924,-165.72706427480145,0.00010299250377396709,0.00010298359806322225,9.972865986237901e-06,2.3481852755806885,0.12753434224216018,0.08609560253864992
2013-06-06,1495,persistence,select,pca_only,8,20,log_euclidean,0.01,0.0018260457147874103,3419.115063425665,1703.6687810063377,14385.19697944315,7192.598489721617,6445.743273652774,9.107479513285556e-05,9.106588942211072e-05,1.7371252236934594e-07,2.0410256599341254,0.07656597446953062,0.06773453281910845
2013-06-13,1500,D0_pca8,select,pca_only,8,20,log_euclidean,0.01,0.0018401697509183557,1988.7034945073215,5658.611587983827,108047.17280185438,54023.58640092719,50754.66707959172,8.674761194355829e-05,8.673753355787938e-05,4.691763978476313e-08,2.6302762664036767,0.13130005495824326,0.11921524011744333
2013-06-13,1500,rolling,select,pca_only,8,20,log_euclidean,0.01,0.001763025551407564,4854.671621463502,1453.766797704243,6343.115618210438,3171.557809105219,2586.9024888870604,0.0001189295983435711,0.00011891951995789219,6.762877809099904e-07,3.41745967561491,0.20959317610475164,0.20277083062630888
2013-06-13,1500,ledoit_wolf,select,pca_only,8,20,log_euclidean,0.01,0.0017669979971841278,7432.019919914049,1302.4312850103488,533.0949874139195,266.54749370695936,-151.88191842019916,8.098653613773169e-05,8.097645775205278e-05,9.217190562262647e-06,2.413394444169461,0.1319187433743794,0.0942109455215195
2013-06-13,1500,persistence,select,pca_only,8,20,log_euclidean,0.01,0.0017893862325611479,3388.4820932812736,1784.547874614075,14591.572027630858,7295.786013815437,6505.069011915586,0.00010589885036061728,0.00010588877197493837,2.4466408943124145e-07,2.2610679714433335,0.08966496474478712,0.08932174791545913
2013-06-20,1505,D0_pca8,select,pca_only,8,20,log_euclidean,0.01,0.0017882116040886882,2029.8826898173525,7659.425445846724,139822.96472457002,69911.48236228497,65983.08123085255,3.1804567048370135e-05,3.179818282487231e-05,2.774626422304069e-08,2.5238482043732904,0.1149033778688961,0.11040113147965121
2013-06-20,1505,rolling,select,pca_only,8,20,log_euclidean,0.01,0.0017883145725527561,4788.168667757442,2076.6289075359027,6684.486427801361,3342.243213900666,2755.695600655409,6.0317021105216836e-05,6.031063688171901e-05,6.706602793264948e-07,3.505664753090301,0.21236654118798723,0.20613971658040747
2013-06-20,1505,ledoit_wolf,select,pca_only,8,20,log_euclidean,0.01,0.001765061545257204,7279.690217343733,1635.0601424840245,600.5346833849443,300.2673416924714,-121.27829646677085,5.359456884501583e-05,5.358818462151801e-05,8.625503040805482e-06,2.5873018178400558,0.1444181532766052,0.1070797928695218
2013-06-20,1505,persistence,select,pca_only,8,20,log_euclidean,0.01,0.0018443688504402706,3371.6448678032507,2898.375574805205,14294.175821731656,7147.0879108658155,6368.356579469227,4.646400574586659e-05,4.645762152236877e-05,3.3127923786214314e-07,2.6896291734422904,0.11562327542426964,0.1152142325641964
2013-06-27,1510,D0_pca8,select,pca_only,8,20,log_euclidean,0.01,0.0018843665250947636,2179.652327813571,8348.594299845812,123012.13113031624,61506.06556515811,58842.872089913384,8.423176082187864e-05,8.422620696106512e-05,3.2646129491580684e-08,2.296280916626005,0.0911038416923093,0.08527754609420679
2013-06-27,1510,rolling,select,pca_only,8,20,log_euclidean,0.01,0.001895926177607608,4764.4228444648315,2413.370576351644,7547.831587687554,3773.9157938437734,3195.7808472166344,8.14381309242849e-05,8.143257706347138e-05,6.928623130269909e-07,3.6076050499443126,0.22397772495780197,0.21821078903019764
2013-06-27,1510,ledoit_wolf,select,pca_only,8,20,log_euclidean,0.01,0.0018686388187861107,7279.6098781463315,1869.0253368888402,678.1578093843252,339.0789046921628,-74.00436599535612,7.542814316753513e-05,7.542258930672161e-05,9.353806924182644e-06,2.705114296618726,0.15879099574212,0.11990234290600732
2013-06-27,1510,persistence,select,pca_only,8,20,log_euclidean,0.01,0.0020155974211618845,3539.3018900306456,3575.2465790949304,17705.97957471856,8852.989787359267,8087.855026262048,7.222821842060605e-05,7.222266455979253e-05,3.6921318980200275e-07,2.775872055612015,0.12429516950420123,0.12380657621763119
2013-07-05,1515,D0_pca8,select,pca_only,8,20,log_euclidean,0.01,0.00014397222317197046,2037.9983694147973,7195.540443649147,85588.67803968114,42794.33901984056,42162.81916706312,3.5984229849752105e-05,3.598244274773416e-05,3.973490699154064e-08,2.788572130010677,0.1415127902682809,0.12630833248444107
2013-07-05,1515,rolling,select,pca_only,8,20,log_euclidean,0.01,0.00023256747008636858,4791.635045987989,1085.2271216304073,3444.1093035973454,1722.0546517986857,1259.5308249939021,3.2573416219948225e-05,3.257162911793028e-05,7.257910302256345e-07,3.438714005741901,0.2035845583082385,0.19784128047058364
2013-07-05,1515,ledoit_wolf,select,pca_only,8,20,log_euclidean,0.01,0.00014871461896239838,8267.8595464864,633.4777684265481,344.5960211213429,172.29801056067163,-260.2070720985206,1.3377025186076465e-05,1.3375238084058519e-05,1.5674054132524712e-05,1.8325725161850537,0.0915389882287841,0.05495400296538428
2013-07-05,1515,persistence,select,pca_only,8,20,log_euclidean,0.01,0.0019936981100488072,3555.372424692565,1968.6929150586152,3558.0432626101406,1779.0216313051203,1338.1814956041178,2.2545025256968038e-05,2.2543238154950094e-05,7.718021197518523e-07,2.6937976724786594,0.11273330656644057,0.11161542301856792
2013-07-12,1520,D0_pca8,select,pca_only,8,20,log_euclidean,0.01,0.00014131719555598456,1999.6432324220668,7200.73055220115,60372.83820564739,30186.419102823682,29492.56668305041,7.766439873234413e-05,7.766341516330078e-05,4.346443855833693e-08,2.4809358418838268,0.11581849396411575,0.10485572011434419
2013-07-12,1520,rolling,select,pca_only,8,20,log_euclidean,0.01,0.0004410875403157751,4752.4647422727685,1274.3443571384119,2825.851416472203,1412.925708236105,956.6593602274464,2.6666182490807935e-05,2.666519892176458e-05,1.1080474747012462e-06,3.516872972256163,0.2583308033862601,0.2458928577181327
2013-07-12,1520,ledoit_wolf,select,pca_only,8,20,log_euclidean,0.01,0.00022854875745753554,8292.308619164174,765.8048699933354,347.72693387412806,173.86346693706432,-261.8090546594534,1.2911453769492032e-05,1.2910470200448677e-05,1.7692685075546255e-05,1.9099942512963461,0.1043304268633404,0.061334363971587647
2013-07-12,1520,persistence,select,pca_only,8,20,log_euclidean,0.01,0.001947877036507339,3527.00715277146,1949.1007574323448,3247.8735120030183,1623.9367560014944,1174.438467701373,3.0540822522069385e-05,3.053983895302603e-05,7.480307311283285e-07,2.6688848747611895,0.1115681319813177,0.11024616739537167
2013-07-19,1525,D0_pca8,select,pca_only,8,20,log_euclidean,0.01,0.00014527832615663738,1975.0636213539397,6207.23888239323,91961.9867192146,45980.99335960732,44969.096402221534,7.648578402028833e-05,7.648467573088627e-05,4.075264766578184e-08,2.954209480085569,0.1790334541546669,0.1582621303934441
2013-07-19,1525,rolling,select,pca_only,8,20,log_euclidean,0.01,0.0004279511543869192,4765.656076831466,1134.51790019902,3053.585894864368,1526.7929474321518,1067.4107499313639,5.2385422840770265e-05,5.238431455136819e-05,9.772648771097635e-07,3.555088295297835,0.2377913247967194,0.22756364577856214
2013-07-19,1525,ledoit_wolf,select,pca_only,8,20,log_euclidean,0.01,0.00022299565325896326,8266.112541334987,808.5498401061591,348.5730530457004,174.28652652285075,-261.2284425179807,2.9382306354303705e-05,2.9381198064901637e-05,1.6615731290918594e-05,1.8455559752456507,0.0988656315636935,0.0573892241997518
2013-07-19,1525,persistence,select,pca_only,8,20,log_euclidean,0.01,0.001892928963998336,3568.0317263148927,1993.761159235249,3341.5669740868134,1670.7834870434222,1229.450409246698,3.20610267690972e-05,3.205991847969513e-05,4.0458405754966995e-07,2.0314366939655977,0.06377270755306298,0.06287753804644543
2013-07-26,1530,D0_pca8,select,pca_only,8,20,log_euclidean,0.01,6.34914155138336e-05,1979.514104578381,5429.321954168292,31966.289702359016,15983.144851179512,15407.992024077404,4.326923279631153e-05,4.3268117660336735e-05,5.3685660353843937e-08,2.3464256924269993,0.1044221575440811,0.09606490110500278
2013-07-26,1530,rolling,select,pca_only,8,20,log_euclidean,0.01,0.0003463528235663845,4653.323169862517,1052.0120152181364,1746.0144066776434,873.0072033388242,419.04405829908046,1.1069826286076697e-05,1.1068711150101909e-05,9.718868322582168e-07,3.4434286888544174,0.2192120459904002,0.2105249374099532
2013-07-26,1530,ledoit_wolf,select,pca_only,8,20,log_euclidean,0.01,0.0001372408255655838,8432.666781458369,973.9079578132996,332.1052342612824,166.05261713064058,-280.2065199807035,2.32126849400458e-05,2.321156980407101e-05,1.6918936191197976e-05,1.7589208781790586,0.08720095556507983,0.04968329906700459
2013-07-26,1530,persistence,select,pca_only,8,20,log_euclidean,0.01,0.0019028559919090455,3585.5645019956028,2341.9764446214135,2039.5213164647748,1019.7606582323646,567.8767116249563,3.165408795490403e-05,3.165297281892924e-05,3.3312725781969376e-07,1.6586030804915561,0.05411066839179311,0.044065295845206714
2013-08-02,1535,D0_pca8,select,pca_only,8,20,log_euclidean,0.01,6.606003438418925e-05,1905.3389755921544,4835.304148246307,39640.7581907565,19820.37909537825,18902.680460292413,6.183177345928207e-05,6.183074248184404e-05,5.471449468309806e-08,2.7332401995895803,0.1501413332134141,0.1399471492853847
2013-08-02,1535,rolling,select,pca_only,8,20,log_euclidean,0.01,0.0003398891863564096,4643.781176059181,1087.435686292818,1549.299022294976,774.6495111474718,310.0579181167819,2.3215805991443265e-05,2.3214775014005234e-05,1.0022539570015912e-06,3.353284465988772,0.2168509983229941,0.20665610283119185
2013-08-02,1535,ledoit_wolf,select,pca_only,8,20,log_euclidean,0.01,0.0001362336920797741,8510.146004222623,1129.0572795611822,329.8536646202784,164.92683231013893,-283.43337398558714,3.0207520400595135e-05,3.0206489423157104e-05,1.7221633678728275e-05,1.7364221772081365,0.08381906277202048,0.048654928868548566
2013-08-02,1535,persistence,select,pca_only,8,20,log_euclidean,0.01,0.00017978076443201984,3387.7628302768953,1347.0115675765767,3920.3118955284267,1960.1559477642013,1491.8540417665013,4.625411750324372e-05,4.625308652580569e-05,1.6098393067087065e-07,1.7247131521917396,0.05979900481711153,0.0454027968972043
2013-08-09,1540,D0_pca8,select,pca_only,8,20,log_euclidean,0.01,6.635044611419493e-05,1882.7568054872313,4434.272162742942,24326.343428766955,12163.17171438348,11384.19614550714,2.96991801843455e-05,2.9697887852858647e-05,7.335915476940057e-08,2.511546814896487,0.12186712358194894,0.10784283820163276
2013-08-09,1540,rolling,select,pca_only,8,20,log_euclidean,0.01,0.00033483866406377745,4606.0836349102565,1177.8332739751634,1632.5612493645192,816.2806246822853,346.92058163778495,1.4504659671837197e-05,1.4503367340350344e-05,1.0963874688528826e-06,3.575863958373727,0.24145544087368237,0.22812665297190635
2013-08-09,1540,ledoit_wolf,select,pca_only,8,20,log_euclidean,0.01,0.0001428194586380559,8477.755448524482,1342.2256064700518,324.24994592102803,162.12497296051367,-283.4051979385921,3.19421552524213e-05,3.1940862920934445e-05,1.7156566004531933e-05,1.731816084845061,0.08468068883716309,0.04753369928145472
2013-08-09,1540,persistence,select,pca_only,8,20,log_euclidean,0.01,0.0001839474616823557,3274.10140630788,1472.2470988969376,3945.417132484719,1972.7085662423715,1487.1916357348248,3.597406435711537e-05,3.597277202562852e-05,1.234142136160341e-07,1.5019365539103253,0.05240928853051922,0.036870955741150326
2013-08-16,1545,D0_pca8,select,pca_only,8,20,log_euclidean,0.01,7.479713211294982e-05,1838.981428597,4803.5816913198305,46489.66516780663,23244.832583903317,22312.208581725863,3.272392648997291e-05,3.272291415111348e-05,3.851601490542074e-08,2.626179576627987,0.14012134074475166,0.12289418493505704
2013-08-16,1545,rolling,select,pca_only,8,20,log_euclidean,0.01,0.0003358648560008575,4584.069660872448,1147.5135098336732,1478.5089888969621,739.2544944484827,269.49787172436316,2.191138150313757e-05,2.1910369164278142e-05,9.199036259850523e-07,3.318792621126163,0.20254758966837302,0.19309724576050627
2013-08-16,1545,ledoit_wolf,select,pca_only,8,20,log_euclidean,0.01,0.00013676580776768497,8506.909694624333,1187.8446258969948,328.0117075796781,164.00585378983882,-284.20913704805645,2.3684081598550727e-05,2.3683069259691298e-05,1.6552467417673424e-05,1.7227011946186246,0.07978389028675595,0.04543851097798218
2013-08-16,1545,persistence,select,pca_only,8,20,log_euclidean,0.01,0.00018501775796807255,3356.991637523646,1148.6825386034434,4139.336244557854,2069.668122278925,1596.6026982688034,5.202956909606258e-05,5.202855675720315e-05,1.4834182258208984e-07,1.6959022544833715,0.046208068796063005,0.044239554235130506
2013-08-23,1550,D0_pca8,select,pca_only,8,20,log_euclidean,0.01,3.303907999927672e-05,1828.421523635617,4502.440656773966,17746.72930860978,8873.364654304893,8374.37788794329,2.501378278855214e-05,2.5012338837995738e-05,8.238568228694847e-08,2.506877541419777,0.12214616707280343,0.11107810181351213
2013-08-23,1550,rolling,select,pca_only,8,20,log_euclidean,0.01,0.00029105558143104727,4494.694991024543,1144.0781207203574,1158.368748320794,579.1843741604084,110.23458151262328,2.1991800694667792e-05,2.199035674411139e-05,9.672135584429568e-07,3.3069729233938463,0.20920421133386652,0.19964633974397214
2013-08-23,1550,ledoit_wolf,select,pca_only,8,20,log_euclidean,0.01,0.00010240307739997617,8547.945713637262,1301.2146598043307,330.4981329984179,165.2490664992089,-290.12596860713484,2.0134665769404783e-05,2.013322181884838e-05,1.6434121256264895e-05,1.6088537754768972,0.07513051248981488,0.04048309381007539
2013-08-23,1550,persistence,select,pca_only,8,20,log_euclidean,0.01,7.386367985894316e-05,3268.450238861503,963.4830703509269,4234.552097376253,2117.2760486881343,1630.5790482795594,3.211216285494802e-05,3.211071890439161e-05,1.5516421816741354e-07,1.9102195295804976,0.05958542769052436,0.059386562357748425
2013-08-30,1555,D0_pca8,select,pca_only,8,20,log_euclidean,0.01,0.0006448517801004254,1900.888983287558,5484.3851496764155,88768.59018398885,44384.29509199444,43433.28996622434,3.3248001923555015e-05,3.3245473518362275e-05,4.984489749828468e-08,2.6541288746156164,0.13777256363706666,0.12184439515696874
2013-08-30,1555,rolling,select,pca_only,8,20,log_euclidean,0.01,0.000899839594474978,4607.8455574841655,1014.4365274344073,4165.916387261913,2082.9581936309596,1615.6555944211855,3.324910008195665e-05,3.324657167676391e-05,1.0245211846383614e-06,3.3006255450221618,0.22066006559314896,0.20719566036725823
2013-08-30,1555,ledoit_wolf,select,pca_only,8,20,log_euclidean,0.01,0.0006905786305014817,8583.797213183454,897.210311301624,364.27784995216365,182.13892497608177,-244.31030805066075,1.96412618406798e-05,1.9638733435487057e-05,1.6185848112497364e-05,1.5624789198523763,0.07337342386979483,0.03904279947354143
2013-08-30,1555,persistence,select,pca_only,8,20,log_euclidean,0.01,0.0006742496434258355,3277.834899776575,976.69366511781,11666.075103037218,5833.03755151861,5351.949299238363,2.7287929864710958e-05,2.7285401459518214e-05,1.50738593612217e-07,2.03013132578926,0.05895641197054854,0.058752287279091195
2013-09-09,1560,D0_pca8,select,pca_only,8,20,log_euclidean,0.01,0.0006341233064365045,1975.8491354121277,4949.956120846264,79565.24329935893,39782.621649679466,38673.69530088257,3.143284761078097e-05,3.142850808103133e-05,4.893286258615829e-08,2.4909382098236788,0.12131666409322078,0.10602613129017643
2013-09-09,1560,rolling,select,pca_only,8,20,log_euclidean,0.01,0.0008798662890346385,4589.626471356033,1261.6974083187886,4560.6446719610385,2280.3223359805233,1800.1297374961791,2.530047370136605e-05,2.5296134171616413e-05,7.402399041025679e-07,3.0891598153097766,0.16823330266005684,0.1586392635859337
2013-09-09,1560,ledoit_wolf,select,pca_only,8,20,log_euclidean,0.01,0.0006762726499253922,8558.838821024394,1182.0150156347459,365.6828054273566,182.84140271367852,-243.93933281893615,2.4912537496746907e-05,2.490819796699727e-05,1.1538315366208823e-05,1.3475396066143488,0.05262571654992312,0.028975840031824556
2013-09-09,1560,persistence,select,pca_only,8,20,log_euclidean,0.01,0.000664699454468511,3284.0911219662066,987.8691764207501,10287.861098182588,5143.930549091292,4606.715898108827,2.9296972914868395e-05,2.9292633385118757e-05,1.801285714389158e-07,2.124134775245192,0.06607782505420044,0.0658470727005455
2013-09-16,1565,D0_pca8,select,pca_only,8,20,log_euclidean,0.01,0.0006636796569238243,1945.7699375043774,3763.291017519604,68094.56372113293,34047.28186056646,33369.45108404353,4.052989470663357e-05,4.0525927903334616e-05,4.929847303599206e-08,2.434012862956733,0.10695292367649509,0.10012794230512156
2013-09-16,1565,rolling,select,pca_only,8,20,log_euclidean,0.01,0.0007183964226692299,4569.463346456624,1318.310456806125,5110.942794092769,2555.471397046382,2092.5695362727693,3.125949210953402e-05,3.1255525306235066e-05,6.729627422141002e-07,3.204053471428597,0.18463359400433596,0.17138039289967824
2013-09-16,1565,ledoit_wolf,select,pca_only,8,20,log_euclidean,0.01,0.0006769671703047234,8688.77349144618,1917.2379015638671,352.7010481694035,176.3505240847019,-244.44375821123185,4.597464678528689e-05,4.597067998198794e-05,9.268061543402505e-06,1.1333871703533493,0.034531998760581946,0.01829510566064449
2013-09-16,1565,persistence,select,pca_only,8,20,log_euclidean,0.01,0.0006765167446982916,3276.986874393272,999.9135236286189,12182.559281242478,6091.279640621237,5588.08069818312,4.6914496218438876e-05,4.6910529415139924e-05,1.3924214494893097e-07,1.907376485675562,0.06760692296199818,0.05395681180584576
2013-09-23,1570,D0_pca8,select,pca_only,8,20,log_euclidean,0.01,0.0006870050241098053,1992.8907098673214,4061.804216930867,72968.41781139505,36484.20890569752,35563.50043375846,8.138946612969898e-05,8.138642291222664e-05,5.693124714991371e-08,2.491445655818259,0.11965235303898243,0.11183976167980161
2013-09-23,1570,rolling,select,pca_only,8,20,log_euclidean,0.01,0.0006865695265583525,4646.989309800071,961.2980765753028,7351.50562578739,3675.7528128936956,3204.6873732241324,3.62899324485837e-05,3.6286889231111364e-05,5.229332736324413e-07,3.1440804259021955,0.18681028434054012,0.17457086271471728
2013-09-23,1570,ledoit_wolf,select,pca_only,8,20,log_euclidean,0.01,0.0006897111179579917,7972.512669477457,1512.8779567709066,396.6353932819817,198.31769664099068,-221.2458825782036,3.420308631534136e-05,3.420004309786902e-05,8.873309996898763e-06,1.4783914746643365,0.061594030867000514,0.03559921440521322
2013-09-23,1570,persistence,select,pca_only,8,20,log_euclidean,0.01,0.0006756381979986183,3329.8860040920945,1003.5993787008531,15136.811353222882,7568.405676611439,7044.011125701912,8.183811550313353e-05,8.183507228566119e-05,1.6136331546946808e-07,2.1578799257431207,0.07351349464115964,0.07319208883629208
2013-09-30,1575,D0_pca8,select,pca_only,8,20,log_euclidean,0.01,8.265692963310841e-05,1913.3388726472363,4494.720541167613,30412.122933246897,15206.061466623458,14549.600673396058,3.7376337279301814e-05,3.7375078762686674e-05,5.096223570669033e-08,2.3462305830201644,0.0960066613233689,0.08929754802189993
2013-09-30,1575,rolling,select,pca_only,8,20,log_euclidean,0.01,0.00017644728130877796,4775.186510146172,854.9101956450486,2441.2028487460884,1220.601424373046,773.5875550978301,3.1527525199181005e-05,3.1526266682565865e-05,6.573381989684174e-07,2.9182433561729524,0.17304116278807888,0.1612551335491055
2013-09-30,1575,ledoit_wolf,select,pca_only,8,20,log_euclidean,0.01,0.00011075577167147241,8814.703418972622,1620.7032917754673,331.91346627651205,165.95673313825623,-273.2153110555807,4.666084523086239e-05,4.665958671424725e-05,8.990894397748065e-06,1.0799859374265497,0.030407873549648173,0.015918571389841714
2013-09-30,1575,persistence,select,pca_only,8,20,log_euclidean,0.01,0.0006860307583792192,3453.6128316472586,1096.0628658473754,3736.966217770271,1868.4831088851374,1416.3164046859588,4.253253670497116e-05,4.253127818835602e-05,2.3724399290544066e-07,1.842746517142845,0.054691435578325766,0.054238799435793426
2013-10-07,1580,D0_pca8,select,pca_only,8,20,log_euclidean,0.01,8.673291299556328e-05,1963.3823956812626,5183.074423383617,52218.40436850738,26109.202184253703,25534.927096436855,2.4596449087017586e-05,2.4594658707601135e-05,4.8291176733246434e-08,2.7174914949449276,0.15006828255832974,0.1325850117505304
2013-10-07,1580,rolling,select,pca_only,8,20,log_euclidean,0.01,0.00016261722298855814,4744.7371320829325,739.4342552424425,2994.8360394481483,1497.4180197240717,1046.7426111358006,3.538475169313873e-05,3.538296131372228e-05,5.655583373793478e-07,2.9027446376069075,0.1662919533448846,0.1597656420817269
2013-10-07,1580,ledoit_wolf,select,pca_only,8,20,log_euclidean,0.01,9.578949526835523e-05,8593.538242073686,1251.6287814526534,327.48816654726625,163.74408327363307,-271.6928105059227,3.5274096845191244e-05,3.527230646577479e-05,9.340342028720437e-06,1.1660694040722,0.0367359521013001,0.018729516889745817
2013-10-07,1580,persistence,select,pca_only,8,20,log_euclidean,0.01,0.0006671685159996025,3579.1558825832426,1035.4415856404005,4129.686506688287,2064.8432533441473,1603.5456271805592,1.945751412881334e-05,1.945572374939689e-05,3.4061390434915953e-07,2.1384785325364004,0.08807042337475335,0.07724258038179678
2013-10-14,1585,D0_pca8,select,pca_only,8,20,log_euclidean,0.01,5.640080146691782e-05,1964.5654226962424,5776.657270669851,34439.483693575334,17219.741846787663,16537.448952867308,4.110536039194451e-05,4.1102524159616665e-05,5.2467494182789394e-08,2.3562388110346237,0.10430067894262586,0.09452833841478701
2013-10-14,1585,rolling,select,pca_only,8,20,log_euclidean,0.01,0.0001501527706191444,4671.872478722194,711.9698492875433,2872.2995837978524,1436.1497918989285,971.4298882188107,5.806181732138305e-05,5.80589810890552e-05,5.124494759716835e-07,2.7852972519819867,0.1520612270734546,0.14604219324127407
2013-10-14,1585,ledoit_wolf,select,pca_only,8,20,log_euclidean,0.01,6.292638515231376e-05,8449.153683708042,825.4268013162534,330.483148010743,165.24157400537135,-274.78913822831623,3.345184272025045e-05,3.34490064879226e-05,1.0841235574511643e-05,1.336806753247363,0.04871026681686692,0.02793686573888363
2013-10-14,1585,persistence,select,pca_only,8,20,log_euclidean,0.01,0.0006620809658640909,3483.10507017397,1088.6603863750156,3433.8502405469208,1716.9251202734636,1255.1331717349042,3.60275433381676e-05,3.6024707105839755e-05,3.831103178074291e-07,2.1741511365167487,0.10868772710759883,0.07822593827894139
2013-10-21,1590,D0_pca8,select,pca_only,8,20,log_euclidean,0.01,5.115666751609153e-05,1910.1253445758985,5990.144400760226,42735.27832092743,21367.63916046372,20651.88647220168,3.620360087079156e-05,3.620216700007101e-05,5.507593056578892e-08,2.8123610552464218,0.14883260499237128,0.13598763295154528
2013-10-21,1590,rolling,select,pca_only,8,20,log_euclidean,0.01,0.00014928962074820405,4577.684243877295,705.4835649931262,2395.553431921416,1197.7767159607029,730.0492705969629,6.018730632469451e-05,6.018587245397396e-05,6.62683137552298e-07,3.1038884667990634,0.1899264336387365,0.18159808212959944
2013-10-21,1590,ledoit_wolf,select,pca_only,8,20,log_euclidean,0.01,5.6787443858113265e-05,8486.218745809872,787.9920246007355,330.7001408353404,165.3500704176705,-278.1184330070902,3.362706856413665e-05,3.36256346934161e-05,1.2047335088616554e-05,1.339709814808461,0.05317819427723093,0.028758115303196725
2013-10-21,1590,persistence,select,pca_only,8,20,log_euclidean,0.01,0.0006806920192732107,3496.1225975533716,1080.935926575627,3170.9914053317552,1585.4957026658735,1122.0275220250385,4.6928673340851475e-05,4.6927239470130926e-05,3.335937099629548e-07,2.1097110254140823,0.07709046710292741,0.06630999245016714
2013-10-28,1595,D0_pca8,select,pca_only,8,20,log_euclidean,0.01,4.923795193491493e-05,1988.2430288295845,5211.9230137522445,44923.35645831242,22461.67822915621,21672.71048238463,3.732051403219652e-05,3.7319289643004134e-05,3.417799671140953e-08,2.337195613731152,0.10849090031002644,0.09585590697467052
2013-10-28,1595,rolling,select,pca_only,8,20,log_euclidean,0.01,0.00015178304069287575,4740.606460484427,683.4662857258968,2154.9375866961163,1077.46879334806,601.2075647794715,7.426828295877059e-05,7.426705856957821e-05,6.246072382326768e-07,3.0042453622950176,0.17479442726069333,0.16728343582609334
2013-10-28,1595,ledoit_wolf,select,pca_only,8,20,log_euclidean,0.01,5.705435413878279e-05,8575.262033255287,985.2875398587285,335.9027211892648,167.95136059463275,-281.5273722309686,3.512448580914124e-05,3.512326141994885e-05,1.138015850681626e-05,1.3119897842600508,0.04766574949680382,0.0261887723244982
2013-10-28,1595,persistence,select,pca_only,8,20,log_euclidean,0.01,8.876787616805136e-05,3572.8485265298136,963.2636620428351,4688.657944909156,2344.3289724545875,1887.8022287129238,5.2615816391308475e-05,5.2614592002116086e-05,1.902713440550936e-07,2.0194924411158,0.06886774132172452,0.06290818252101538
2013-11-04,1600,D0_pca8,select,pca_only,8,20,log_euclidean,0.01,7.109711168096129e-05,1972.1876825805662,6181.756126662462,59782.342944777796,29891.171472388898,28654.667174062477,5.0139833732297694e-05,5.013853942512668e-05,4.899619730518573e-08,2.824033966786734,0.16828718810554538,0.14972214707432652
2013-11-04,1600,rolling,select,pca_only,8,20,log_euclidean,0.01,0.0001703255652198502,4800.609650037702,803.2128223630232,2799.104181023439,1399.552090511719,916.7998030502324,7.048461926409162e-05,7.048332495692061e-05,6.342934243565599e-07,3.0356648989416497,0.1828067075822767,0.17416419210163234
2013-11-04,1600,ledoit_wolf,select,pca_only,8,20,log_euclidean,0.01,7.652361734611925e-05,8545.758903531378,910.0750533158418,336.2961103595212,168.14805517976066,-276.6877028408014,3.3606561070903953e-05,3.360526676373294e-05,1.0962441906687061e-05,1.2862912408479532,0.04669550025067308,0.024911582082197604
2013-11-04,1600,persistence,select,pca_only,8,20,log_euclidean,0.01,0.00011256329462639332,3625.7046960239195,1069.8772390858792,5205.457978770937,2602.7289893854777,2083.150514146726,5.8266636780194046e-05,5.826534247302303e-05,2.1011102145196968e-07,2.091120448769793,0.06599083489625254,0.06563734578787893
2013-11-11,1605,D0_pca8,select,pca_only,8,20,log_euclidean,0.01,7.168252070166402e-05,2160.9247526883933,7227.175379787042,33371.4925679541,16685.74628397703,15809.08577487688,4.8858252272080374e-05,4.8857571080058686e-05,5.1646381751041976e-08,2.231733283666278,0.09057122582285351,0.085029829708035
2013-11-11,1605,rolling,select,pca_only,8,20,log_euclidean,0.01,0.00017827621341651352,4852.343761742218,977.7026373039326,2803.2893783094746,1401.6446891547328,925.0223310699141,9.741160672577912e-05,9.741092553375743e-05,6.710259427030266e-07,2.956486280426316,0.19200222792264451,0.18571737354482057
2013-11-11,1605,ledoit_wolf,select,pca_only,8,20,log_euclidean,0.01,6.473221240252243e-05,8580.979174864286,725.6853676511103,342.2513267959911,171.12566339799588,-276.24400527347973,2.375333330838865e-05,2.375265211636696e-05,1.12087623280245e-05,1.2306333893836234,0.05094201052963821,0.023266973521423973
2013-11-11,1605,persistence,select,pca_only,8,20,log_euclidean,0.01,9.930059574919985e-05,3621.9294581995414,1092.3476338115477,5866.994361999496,2933.497180999748,2416.5157686761063,8.539776549261478e-05,8.539708430059309e-05,2.7962062757153846e-07,2.414750914312681,0.09680448732147762,0.09615902806306094
2013-11-18,1610,D0_pca8,select,pca_only,8,20,log_euclidean,0.01,5.852864937628757e-05,2045.1311633201312,7351.515041069432,48886.437617249525,24443.218808624762,23466.054194258362,4.2507412132184755e-05,4.250671184723569e-05,5.80730248826735e-08,2.7584695500313576,0.1625822658765667,0.14807009773759422
2013-11-18,1610,rolling,select,pca_only,8,20,log_euclidean,0.01,0.00017907535777590577,4858.589778492065,1037.8915804532287,2774.705287838084,1387.3526439190482,906.8981603137156,8.444259608528872e-05,8.444189580033965e-05,7.169249887057079e-07,3.1175969274064745,0.20325461800864683,0.1956205414258857
2013-11-18,1610,ledoit_wolf,select,pca_only,8,20,log_euclidean,0.01,6.346112017190724e-05,8614.447040029178,770.5307673537579,344.8795175797371,172.43975878986868,-277.23040069556066,3.0057094190659823e-05,3.0056393905710758e-05,1.1315011437079037e-05,1.1861956476228064,0.05031395884729594,0.022107994385376563
2013-11-18,1610,persistence,select,pca_only,8,20,log_euclidean,0.01,9.696410299371839e-05,3563.529023071974,1160.541291050579,6071.446046810613,3035.7230234053113,2519.4368628100287,4.8432481755764695e-05,4.843178147081563e-05,1.748349690250085e-07,2.070724203873271,0.07225053881748875,0.06430012506486035
2013-11-25,1615,D0_pca8,select,pca_only,8,20,log_euclidean,0.01,0.009788626737646345,2249.594456467121,7059.450614629755,209443.03445912982,104721.51722956491,102894.8175508901,8.743097858038547e-05,8.742425842978451e-05,4.944950451288355e-08,2.241801726540994,0.0940203404688195,0.0855908087673845
2013-11-25,1615,rolling,select,pca_only,8,20,log_euclidean,0.01,0.00988075756521638,5121.620866132434,1048.8840089118412,19083.347851359453,9541.673925679728,9037.47374617286,0.00012127404432455231,0.00012126732417395134,7.840685439835659e-07,3.263117393221136,0.22186698161259125,0.21195533638486563
2013-11-25,1615,ledoit_wolf,select,pca_only,8,20,log_euclidean,0.01,0.00973530341259158,8649.676299617162,772.3930630057321,578.8939556043204,289.44697780216006,-93.45314982698326,4.030604390779144e-05,4.0299323757190485e-05,1.1593425798983182e-05,1.2014367613894856,0.051063465536717645,0.02290630904819453
2013-11-25,1615,persistence,select,pca_only,8,20,log_euclidean,0.01,0.009799633178153019,3789.0474501969884,1318.3346725952838,43301.12861970323,21650.564309851616,20973.108347400343,8.661228790447747e-05,8.660556775387651e-05,1.5176031317231922e-07,2.019598549504223,0.07011192894305303,0.062178248379677704
2013-12-03,1620,D0_pca8,select,pca_only,8,20,log_euclidean,0.01,0.009737449964629495,2009.141538415826,6613.663773039983,371534.43475197256,185767.21737598628,183145.74591791065,4.590475433928848e-05,4.5889072497033944e-05,3.463962427928666e-08,2.44217312277848,0.12152405490977099,0.10426029755726492
2013-12-03,1620,rolling,select,pca_only,8,20,log_euclidean,0.01,0.009839815595992571,5143.728689323223,996.3474903077981,18132.925013736127,9066.462506868065,8568.68759696312,0.00013047413448578817,0.00013045845264353365,7.068073957265535e-07,3.2377623280807084,0.19162088621493492,0.18414862575763818
2013-12-03,1620,ledoit_wolf,select,pca_only,8,20,log_euclidean,0.01,0.009689930515502165,8742.724704240203,939.9106117309025,547.8043142414137,273.9021571207069,-113.74826436780897,3.5169176957609564e-05,3.5153495115355026e-05,1.0544680196244628e-05,1.18884443262844,0.04300201451606171,0.020245843114620108
2013-12-03,1620,persistence,select,pca_only,8,20,log_euclidean,0.01,0.009767425701873195,3720.6561688241745,1329.4510343434083,36393.09311507998,18196.54655753999,17594.56919573231,8.165516663077018e-05,8.163948478851564e-05,1.609795495601432e-07,1.904197911563945,0.08887520944858827,0.05897431287191071
2013-12-10,1625,D0_pca8,select,pca_only,8,20,log_euclidean,0.01,0.009763882805706435,2064.7354864077442,6337.151383786459,178571.8169104904,89285.9084552452,87775.97694636778,3.65062745421007e-05,3.648452207127356e-05,5.04436288249105e-08,2.2511155998269654,0.0879963634538165,0.08440049359676499
2013-12-10,1625,rolling,select,pca_only,8,20,log_euclidean,0.01,0.009760796890246871,5010.82201866999,989.4268014677494,23572.475452139424,11786.237726069707,11204.035012245055,0.00020124630848681436,0.00020122455601598722,5.340268875006002e-07,3.1888315612521594,0.19609538151943084,0.1898149027414405
2013-12-10,1625,ledoit_wolf,select,pca_only,8,20,log_euclidean,0.01,0.009730027885240813,7728.477717197318,807.6721396314204,975.9956012020896,487.9978006010447,95.23243203585636,4.1089006721663224e-05,4.106725425083608e-05,9.145581261752043e-06,1.7396873118304994,0.0938362105580804,0.05669044126250791
2013-12-10,1625,persistence,select,pca_only,8,20,log_euclidean,0.01,0.009779786602762032,3687.212647766444,1256.9073410597384,39913.36498668532,19956.682493342658,19286.632131241524,4.412189804714381e-05,4.410014557631667e-05,1.0153761007571831e-07,1.6269879498763482,0.05356791795463217,0.039979540414408835
2013-12-17,1630,D0_pca8,select,pca_only,8,20,log_euclidean,0.01,0.00969496296215015,2031.2307170804336,6116.4748218725435,241668.8966853943,120834.44834269716,119318.90325963711,0.0001224341593925202,0.00012241901276983605,4.964001833142613e-08,2.4897730933191626,0.11335161330185732,0.10638121076778642
2013-12-17,1630,rolling,select,pca_only,8,20,log_euclidean,0.01,0.009683095126525744,4998.023329516695,914.4269265528219,22334.27902353388,11167.139511766942,10673.157714292782,0.00018262055465092776,0.00018260540802824362,7.640326258961506e-07,3.460387246847665,0.27837923442029827,0.26829369612940396
2013-12-17,1630,ledoit_wolf,select,pca_only,8,20,log_euclidean,0.01,0.009660312480677717,7773.2646673574445,852.0578336625531,941.6567306067461,470.82836530337283,82.90840267711721,2.9398260775260532e-05,2.9383114152576395e-05,1.1326494671720472e-05,1.6733325997340311,0.11053315620590397,0.056697395762032775
2013-12-17,1630,persistence,select,pca_only,8,20,log_euclidean,0.01,0.00971178948266351,3680.0831909020208,1326.292457827676,41352.23402266582,20676.117011332906,20123.62313768673,8.492364630304752e-05,8.490849968036339e-05,1.0172058211851596e-07,1.6295865270697165,0.059697435381139995,0.04204279552967042
2013-12-24,1635,D0_pca8,select,pca_only,8,20,log_euclidean,0.01,0.069010292839423,1951.5291894375016,5220.558576947821,706561.8709684164,353280.9354842082,350991.2716217175,3.9944938840213785e-05,3.988823369075692e-05,4.3708538814795055e-08,2.4835202429989587,0.12221732630839241,0.11110868211803014
2013-12-24,1635,rolling,select,pca_only,8,20,log_euclidean,0.01,0.07051499510262095,5055.374282040732,991.7710048141539,29398.596121042803,14699.298060521403,14280.55165554834,0.0016858113750935991,0.0016857546699441423,1.610464980309975e-06,3.3337936910443875,0.24879301320782243,0.22712516201287314
2013-12-24,1635,ledoit_wolf,select,pca_only,8,20,log_euclidean,0.01,0.06874749495254938,9921.165421784945,1564.3930534423275,611.2899726223422,305.6449863111712,-42.80938644214678,8.663021013793029e-05,8.657350498847343e-05,7.924013844576053e-06,0.9999999999999999,0.01320080171909381,0.010168707924784158
2013-12-24,1635,persistence,select,pca_only,8,20,log_euclidean,0.01,0.07867459040965288,3772.262784312328,1380.6617949104693,19832.76368694092,9916.381843470459,9509.83010827961,0.0006737863439937772,0.0006737296388443203,4.931624676048358e-07,1.5170869595896062,0.053883014191929465,0.03969572053294977
2014-01-02,1640,D0_pca8,select,pca_only,8,20,log_euclidean,0.01,0.06882228138812337,2070.256795706454,4828.017183144533,699247.6967411423,349623.84837057116,348801.19353282667,4.396714961428268e-05,4.3901136545994365e-05,5.136559109293952e-08,2.67086369197441,0.13217340925090149,0.12303368816195429
2014-01-02,1640,rolling,select,pca_only,8,20,log_euclidean,0.01,0.07032128419762398,4995.046276184218,1014.7976627977453,30485.719528587502,15242.859764293753,14866.31195416384,0.002440067102264272,0.0024400010891959837,1.1467937179602198e-06,3.0193331856147676,0.18118127105444923,0.1656287297842119
2014-01-02,1640,ledoit_wolf,select,pca_only,8,20,log_euclidean,0.01,0.06857431699561205,9885.708227369369,1637.9820788817337,624.469496985956,312.23474849297816,-31.599691737660216,0.00010714113683876663,0.00010707512377047832,7.4896394535012674e-06,0.9999999999999999,0.012744659169951407,0.010152915253283714
2014-01-02,1640,persistence,select,pca_only,8,20,log_euclidean,0.01,0.07850105195538179,3881.6895176871108,1287.599668350866,21821.25500073382,10910.62750036691,10550.640551178098,0.0010560419236176639,0.0010559759105493755,5.787976735657364e-07,1.7199298416457371,0.05786664493284996,0.048424942550413214
2014-01-09,1645,D0_pca8,select,pca_only,8,20,log_euclidean,0.01,0.06894459427192451,2187.0576272722383,3626.749179856804,576852.9281264787,288426.46406323934,287381.9983787878,8.539835522572603e-05,8.53596239256729e-05,5.384073516916882e-08,2.3766789166821303,0.11459601095620525,0.10132390864412559
2014-01-09,1645,rolling,select,pca_only,8,20,log_euclidean,0.01,0.07045404023708661,5092.188126256294,1352.1038827098328,31883.347846741854,15941.673923370927,15632.081593409579,0.002665274864475236,0.002665236133175183,1.0917669041471515e-06,2.9491277691788342,0.17705765468039983,0.1633620732118216
2014-01-09,1645,ledoit_wolf,select,pca_only,8,20,log_euclidean,0.01,0.06875349381656708,9844.758350851622,2301.569117312542,643.3272471386877,321.6636235693439,-19.375779463528435,0.00016716545340416904,0.0001671267221041159,7.3414971122251325e-06,0.9999999999999998,0.012822710806045854,0.010148036056252219
2014-01-09,1645,persistence,select,pca_only,8,20,log_euclidean,0.01,0.07864857677871268,3869.629148828265,1584.2403703128784,22183.50402709282,11091.75201354641,10749.77465752626,0.0010116364234966878,0.0010115976921966346,5.769132817331174e-07,1.7306621403416396,0.05563908438119831,0.04791071223306503
2014-01-16,1650,D0_pca8,select,pca_only,8,20,log_euclidean,0.01,0.06913393846594561,2197.4399766150545,3739.376176078713,1178228.2669832637,589114.1334916318,586845.5464471217,0.00014030932317261565,0.00014024759061754635,3.3346794952759674e-08,2.664800992440091,0.14517868549327081,0.12764517753566326
2014-01-16,1650,rolling,select,pca_only,8,20,log_euclidean,0.01,0.07055215946233863,5061.392164302684,1076.5372931030204,27518.990468720902,13759.495234360451,13421.925625486256,0.0009386763215821487,0.0009386145890270793,1.1842177623306754e-06,3.1617178157132293,0.19082100946901712,0.17586787889369898
2014-01-16,1650,ledoit_wolf,select,pca_only,8,20,log_euclidean,0.01,0.06887435127101504,9843.753571221318,2092.476090732258,637.5227601167447,318.76138005837225,-22.948657007364872,0.00015104413598560846,0.00015098240343053916,7.820139324467343e-06,1.0000000000000002,0.01363389662898151,0.010226369352855194
2014-01-16,1650,persistence,select,pca_only,8,20,log_euclidean,0.01,0.07863789099663106,3888.964863116441,1291.484778375745,22277.144566536423,11138.572283268211,10758.803945348494,0.00021680710078430694,0.00021674536822923764,5.535975532329799e-07,1.7148752902056252,0.0544047424301389,0.045507199473041625
2014-01-24,1655,D0_pca8,select,pca_only,8,20,log_euclidean,0.01,0.00015900434560672564,2049.8392925103044,3924.278506161325,73257.2285577984,36628.61427889921,36050.95556821505,8.15962085659354e-05,8.159438701173825e-05,2.8426701216759097e-08,2.4274481606181926,0.10820988923026847,0.09968752832090165
2014-01-24,1655,rolling,select,pca_only,8,20,log_euclidean,0.01,0.012705542240031144,4954.657915368011,1085.6470721522426,798.9646602713193,399.4823301356635,-34.9523783810895,5.4999445646425496e-05,5.4997624092228345e-05,2.2789946105425194e-06,2.532215056238226,0.13677806639048393,0.11351196836491415
2014-01-24,1655,ledoit_wolf,select,pca_only,8,20,log_euclidean,0.01,0.0003714187715921802,11655.372057263708,1895.1330135545816,425.90281728072046,212.95140864036063,-219.08307302483726,9.879427239539894e-05,9.879245084120179e-05,1.712572878353968e-05,0.9999999999999999,0.011690551192657229,0.010086749353936345
2014-01-24,1655,persistence,select,pca_only,8,20,log_euclidean,0.01,0.06887351763807999,3655.8911509507097,1140.957936031357,754.0259246150524,377.01296230752433,-58.176297639321966,6.706529818522304e-05,6.706347663102588e-05,1.4179513505390117e-06,1.656234970500596,0.08570082847884415,0.04770215731334931
2014-01-31,1660,D0_pca8,select,pca_only,8,20,log_euclidean,0.01,8.628488888585025e-05,1903.1774623330998,3958.4633689321186,56023.943174978245,28011.971587489123,26989.27732520243,4.66937429349859e-05,4.669233749499294e-05,3.353752991726364e-08,2.6642485540358307,0.1485651008580478,0.1334973159510972
2014-01-31,1660,rolling,select,pca_only,8,20,log_euclidean,0.01,0.012702092589753342,4978.86075974616,846.2624295909943,617.2919027719057,308.6459513859469,-140.5641767767178,3.755034319836943e-05,3.7548937758376465e-05,2.4675702135775004e-06,2.5656926145205317,0.14523015311242515,0.11881059455284097
2014-01-31,1660,ledoit_wolf,select,pca_only,8,20,log_euclidean,0.01,0.00032743526374223524,11697.255458359698,1754.973253921315,450.3978006976864,225.19890034884332,-221.1731335405512,7.785778109110493e-05,7.785637565111196e-05,1.809121523859898e-05,1.0,0.011830866055878936,0.010110109567832084
2014-01-31,1660,persistence,select,pca_only,8,20,log_euclidean,0.01,0.06876361832548765,3765.615512275487,970.6754134800497,604.7828778557482,302.39143892787354,-149.00057353487216,4.5613836730700547e-05,4.5612431290707585e-05,1.6095894682823105e-06,1.8340180651296238,0.07217550555227838,0.052582221194958804
2014-02-07,1665,D0_pca8,select,pca_only,8,20,log_euclidean,0.01,0.0007136013067995404,1956.2939708891754,6572.48250622876,51453.9907933513,25726.99539667566,24789.39345305878,3.511690899496257e-05,3.511476804880429e-05,5.8588507321672065e-08,2.2535724825909123,0.09061034817767313,0.08679537945321779
2014-02-07,1665,rolling,select,pca_only,8,20,log_euclidean,0.01,0.013364627909660648,5101.590229552954,790.8611408191225,1389.2801405928094,694.6400702964102,254.6599956753164,4.4700095263494544e-05,4.4697954317336264e-05,2.547050224401801e-06,2.680712234897109,0.14716756939313805,0.12540849190060957
2014-02-07,1665,ledoit_wolf,select,pca_only,8,20,log_euclidean,0.01,0.0008904929551083456,11739.42907788141,883.361310188797,425.4385085837936,212.71925429189713,-215.5909602227429,3.227161502357616e-05,3.226947407741788e-05,1.911081514299581e-05,1.0000000000000002,0.012149729964014928,0.010126564155378001
2014-02-07,1665,persistence,select,pca_only,8,20,log_euclidean,0.01,0.06961376351929296,3795.408799302374,1582.5250783830584,1112.6586959107105,556.3293479553545,118.40853316629332,3.1821456587464654e-05,3.1819315641306374e-05,2.037941105248103e-06,2.0722837067353526,0.06704493167686207,0.0658234827938717
2014-02-14,1670,D0_pca8,select,pca_only,8,20,log_euclidean,0.01,0.0006945041348102018,1859.9708161624637,5478.096569584032,125793.82441051857,62896.91220525929,61558.07918520316,3.6262174539819995e-05,3.625894911715536e-05,3.971786823085592e-08,2.683804917536701,0.1558886561139639,0.13677048334294306
2014-02-14,1670,rolling,select,pca_only,8,20,log_euclidean,0.01,0.01334867234115198,5039.111397008659,709.2510863640849,1363.4634539428237,681.7317269714126,243.23832518524995,4.229463264557985e-05,4.229140722291522e-05,2.9487446502017414e-06,2.852301093543249,0.1714019258139371,0.14455765686583355
2014-02-14,1670,ledoit_wolf,select,pca_only,8,20,log_euclidean,0.01,0.0008836319959471457,11734.58002093295,1197.5107803797282,425.51720947584045,212.75860473792017,-215.7922092224323,4.472767091025796e-05,4.472444548759333e-05,1.9346848583541835e-05,1.0000000000000002,0.012231496453646051,0.010140162186815174
2014-02-14,1670,persistence,select,pca_only,8,20,log_euclidean,0.01,0.0696880414383488,3699.372760580072,1114.7678014708595,1072.0964814840697,536.048240742041,98.17202479995152,3.3885018127689025e-05,3.3881792705024394e-05,2.412355520413818e-06,2.247590235623912,0.08003713309077667,0.0780523169416739
2014-02-24,1675,D0_pca8,select,pca_only,8,20,log_euclidean,0.01,0.0006771551190879757,1844.6438593136331,5514.425564986457,76434.6170718676,38217.30853593379,37617.4996815177,3.1206508582560586e-05,3.120322147475392e-05,5.6557014729118e-08,2.551387923459301,0.13289353101223134,0.11939023861863414
2014-02-24,1675,rolling,select,pca_only,8,20,log_euclidean,0.01,0.013321834182711849,5066.642295615513,754.2240157169574,1456.9585590098516,728.4792795049237,297.986582716337,3.082349760665242e-05,3.082021049884576e-05,3.406700233778416e-06,2.9089847970209286,0.19845056975907183,0.1599748812195529
2014-02-24,1675,ledoit_wolf,select,pca_only,8,20,log_euclidean,0.01,0.0008681814900195678,11727.428774743694,1203.4081842307835,423.2591853855397,211.6295926927698,-215.46117944287212,4.542443680717047e-05,4.5421149699363804e-05,1.9348691714336073e-05,0.9999999999999999,0.012226413625696729,0.010145735965793616
2014-02-24,1675,persistence,select,pca_only,8,20,log_euclidean,0.01,0.0007637276926748357,3542.8656787763057,994.7175214273652,8493.8385008057,4246.91925040286,3778.8290646172964,4.0737014329928e-05,4.073372722212133e-05,2.83418976815047e-07,2.254499992927197,0.08120823802239728,0.08091966586898108
2014-03-03,1680,D0_pca8,select,pca_only,8,20,log_euclidean,0.01,0.000717520339801417,1840.8260916625409,4870.3342059773,131981.94711406284,65990.97355703142,65063.96115654978,2.2657461213416898e-05,2.265467143703941e-05,2.8598367965472496e-08,2.439759959072939,0.11746579227794621,0.10176252936458687
2014-03-03,1680,rolling,select,pca_only,8,20,log_euclidean,0.01,0.013312179729747811,4987.458674472054,729.7239143536804,1462.620553760326,731.3102768801652,305.5917413514933,2.7899415916709613e-05,2.7896626140332127e-05,2.658517887033954e-06,2.5920099961773295,0.15516935546794988,0.12928247918299585
2014-03-03,1680,ledoit_wolf,select,pca_only,8,20,log_euclidean,0.01,0.0008961639755455149,11721.412685642039,1392.4268058542984,418.3853255969484,209.1926627984741,-214.86696201487152,5.438732555040549e-05,5.4384535774028e-05,1.9140006750292267e-05,0.9999999999999999,0.012440838562041987,0.01014966450792426
2014-03-03,1680,persistence,select,pca_only,8,20,log_euclidean,0.01,0.0007302680205510383,3447.0916366489782,883.8395867242771,11379.52470669198,5689.762353345989,5219.426675273235,4.3169526629671674e-05,4.316673685329419e-05,2.0126056936352337e-07,2.13175664312785,0.07913065346491106,0.07675852513057808
2014-03-10,1685,D0_pca8,select,pca_only,8,20,log_euclidean,0.01,0.0013509118373825793,2007.3249411109541,4681.965961101667,188585.54435838212,94292.77217919106,93428.56105237799,0.0001121478860128521,0.0001121439189569307,4.479584975571553e-08,2.760180167345052,0.158531479713942,0.14048481407805127
2014-03-10,1685,rolling,select,pca_only,8,20,log_euclidean,0.01,0.012366857503235795,4907.622175618089,799.961784644489,2897.2339954433583,1448.61699772168,1031.5280092649914,3.6913627138582524e-05,3.690966008266113e-05,2.174635529447332e-06,2.9573604578117036,0.16496255965319137,0.14524575082076843
2014-03-10,1685,ledoit_wolf,select,pca_only,8,20,log_euclidean,0.01,0.0013983923221419989,11198.28965490595,1586.8430791935257,378.9939728877005,189.49698644385026,-213.88565397751057,6.523608668209002e-05,6.523211962616863e-05,1.5751649391898933e-05,0.9999999999999999,0.013945726055439662,0.01021915140555773
2014-03-10,1685,persistence,select,pca_only,8,20,log_euclidean,0.01,0.00200314345560799,3571.9895102464866,1273.6837117795556,13167.940296000208,6583.970148000103,6151.99370965225,5.661652722494419e-05,5.66125601690228e-05,2.0113906281690832e-07,1.629917100239052,0.08276896652066104,0.04816469621268562
2014-03-17,1690,D0_pca8,select,pca_only,8,20,log_euclidean,0.01,0.001430755480915666,1981.460041846504,3900.4193491791702,121125.99300671136,60562.99650335569,59981.80664321751,0.00013557607243140505,0.00013556787703606954,6.714688236818552e-08,2.8465394877106833,0.15186888660287515,0.14087909786913372
2014-03-17,1690,rolling,select,pca_only,8,20,log_euclidean,0.01,0.012457993417886093,5061.855593962448,919.9715144979853,2777.7325116759016,1388.8662558379524,972.3342421399278,7.434319835013572e-05,7.433500295480022e-05,2.436741884414279e-06,2.9083894639752517,0.17134063294350796,0.15045412142220074
2014-03-17,1690,ledoit_wolf,select,pca_only,8,20,log_euclidean,0.01,0.0015121059483569768,11344.662150451382,2094.144869787571,379.4248078864817,189.712403943241,-210.80511849909004,9.490749480238447e-05,9.489929940704897e-05,1.705222320480902e-05,1.0,0.013495086582703639,0.010231417322070786
2014-03-17,1690,persistence,select,pca_only,8,20,log_euclidean,0.01,0.0020492515273589727,3537.4958736173116,1164.3542306326945,12820.389352378645,6410.194676189323,5956.601448581819,6.927444338140546e-05,6.926624798606996e-05,2.605888416528708e-07,1.881600791870693,0.08060876700283423,0.06138156679638002
2014-03-24,1695,D0_pca8,select,pca_only,8,20,log_euclidean,0.01,0.00203822726238643,2056.6920152262555,3719.0579187179683,248273.2929756213,124136.64648781065,122953.10630837714,6.270953326220143e-05,6.269605155931024e-05,3.6363497991327196e-08,2.639045863450355,0.12808863021767505,0.11847598874805544
2014-03-24,1695,rolling,select,pca_only,8,20,log_euclidean,0.01,0.012981216401291212,5066.831440417557,943.0287124233955,3265.779331104832,1632.8896655524163,1226.402642335346,6.187455099190694e-05,6.186106928901575e-05,2.353712581587932e-06,2.9043580195889587,0.16489166755590082,0.1463885957497529
2014-03-24,1695,ledoit_wolf,select,pca_only,8,20,log_euclidean,0.01,0.0020368513279126936,11360.798202436163,2198.7043532281214,371.2613997466243,185.6306998733122,-202.77501290429385,0.00010046134258429241,0.00010044786088140122,1.7239618970851156e-05,1.0,0.013654636907031255,0.010245220674414298
2014-03-24,1695,persistence,select,pca_only,8,20,log_euclidean,0.01,0.002590621932402219,3578.3683701388527,1163.2816535514858,16103.712453100838,8051.856226550415,7579.945590637782,6.912359588309805e-05,6.911011418020687e-05,2.946628567230541e-07,2.0492885683495827,0.07111127300272795,0.06806979134318936
2014-03-31,1700,D0_pca8,select,pca_only,8,20,log_euclidean,0.01,0.002075503376672901,2081.316057528647,4424.071433257412,189968.51363146916,94984.25681573458,94043.04638463256,7.561634100892347e-05,7.560334383141092e-05,5.2620751348414074e-08,2.69848297813648,0.13785167111950614,0.12463072606166818
2014-03-31,1700,rolling,select,pca_only,8,20,log_euclidean,0.01,0.012998773941580844,5170.016523895363,945.1325578007829,3484.8656146813682,1742.4328073406832,1335.2214822427904,7.537994247135417e-05,7.536694529384163e-05,2.3202859153724026e-06,2.8968915067648755,0.1637435958218002,0.14466887915761034
2014-03-31,1700,ledoit_wolf,select,pca_only,8,20,log_euclidean,0.01,0.002084558182865123,11349.43686024849,1922.3532759208954,368.0058594333981,184.00292971669873,-201.09929330753909,0.00010259478951391982,0.00010258179233640727,1.685985838924823e-05,1.0000000000000002,0.012834205981500415,0.010210282949358463
2014-03-31,1700,persistence,select,pca_only,8,20,log_euclidean,0.01,0.0026471147194552756,3687.4367384112475,1058.3287488907447,15975.811612758594,7987.905806379297,7514.842287427076,0.00010768349569932036,0.00010767049852180781,3.006009582867597e-07,2.034465037331114,0.0882475777465562,0.06576863788110773
2014-04-07,1705,D0_pca8,select,pca_only,8,20,log_euclidean,0.01,0.000698534770009386,2018.1434589635917,4628.265248118476,82019.15595578584,41009.577977892935,39982.089824032846,7.086214542157515e-05,7.085778308674892e-05,3.733909947086349e-08,2.2841648318477255,0.0933462132395222,0.08668171387655316
2014-04-07,1705,rolling,select,pca_only,8,20,log_euclidean,0.01,0.0008648275515165602,4888.708878201009,665.3691259216432,2411.1783092199034,1205.5891546099551,749.2033533357975,6.82609394921093e-05,6.825657715728307e-05,9.777511761847833e-07,3.131700503959759,0.1727373832405397,0.16512539535242232
2014-04-07,1705,ledoit_wolf,select,pca_only,8,20,log_euclidean,0.01,0.0006869853620761473,9452.408265500133,1391.4023834018203,334.72056940236615,167.36028470118248,-248.66865826649897,4.196881087302913e-05,4.1964448538202904e-05,1.563090694231384e-05,1.147617660590575,0.03051060099650947,0.018013493823219675
2014-04-07,1705,persistence,select,pca_only,8,20,log_euclidean,0.01,0.0018315694240810215,3424.552077354366,807.538363947034,3877.110821495998,1938.5554107479902,1483.0660703814833,8.703672706549993e-05,8.70323647306737e-05,4.605282573982758e-07,2.1478684611507504,0.06275264901599498,0.06457413532837132
2014-04-14,1710,D0_pca8,select,pca_only,8,20,log_euclidean,0.01,0.000633958286649071,1931.0189077673222,6594.120846150385,121371.78929839033,60685.89464919517,59549.42720116415,4.5214850436404185e-05,4.5212829592170425e-05,3.69542093082003e-08,2.9534953247760507,0.17872395627507395,0.15466044916753763
2014-04-14,1710,rolling,select,pca_only,8,20,log_euclidean,0.01,0.0008895451492778599,4771.206211387203,880.7082885179199,2694.9823540278467,1347.4911770139245,908.1695759683174,9.772120652714389e-05,9.771918568291013e-05,1.7976159101015494e-06,4.109012255071187,0.15140236995942993,0.2844619765670395
2014-04-14,1710,ledoit_wolf,select,pca_only,8,20,log_euclidean,0.01,0.0006184155312512379,9371.815727616726,805.519276576449,346.86301512180734,173.43150756090364,-246.41769553001782,1.7908800459761915e-05,1.7906779615528152e-05,1.7075200111025767e-05,1.1867272228587875,0.03049108938152774,0.019597536676489426
2014-04-14,1710,persistence,select,pca_only,8,20,log_euclidean,0.01,0.001861593312667711,3400.133113066967,1319.6057894275068,3394.5000984498092,1697.2500492248969,1262.432319048736,8.217923089038533e-05,8.217721004615157e-05,6.6280896965561e-07,2.440171443295163,0.07561574757292046,0.08671086677183854
2014-04-22,1715,D0_pca8,select,pca_only,8,20,log_euclidean,0.01,7.685793306202107e-05,1871.057687473369,6482.416632825623,30699.159344471856,15349.579672235945,14381.338011134902,3.0984465440966584e-05,3.0982909330881375e-05,6.051965695609766e-08,2.4637921370068043,0.12152728355670105,0.10761713332751362
2014-04-22,1715,rolling,select,pca_only,8,20,log_euclidean,0.01,0.00043822373235149787,4749.524120075342,828.470055941916,1358.782490829388,679.39124541469,215.88232292517893,5.700531925223588e-05,5.700376314215067e-05,1.4612491793201197e-06,3.5453510406659277,0.12765411446476072,0.21673627443638552
2014-04-22,1715,ledoit_wolf,select,pca_only,8,20,log_euclidean,0.01,0.00010188959406255886,9618.251116399091,1008.2125848286914,360.76866485606473,180.3843324280322,-264.3207826385402,2.5665556661744822e-05,2.566400055165961e-05,1.3341622784230514e-05,1.0536700714942258,0.02249312750293269,0.014470693504557808
2014-04-22,1715,persistence,select,pca_only,8,20,log_euclidean,0.01,0.0019040012831308226,3562.799086992751,1346.3884457862023,1476.8297006320245,738.4148503160111,268.5149211281019,3.788424734793753e-05,3.788269123785232e-05,8.646902355495831e-07,2.430878492891553,0.06488753649836518,0.08640289168219123
2014-04-29,1720,D0_pca8,select,pca_only,8,20,log_euclidean,0.01,3.8906578528885323e-05,1792.244989573196,5596.889230645021,45144.4179982167,22572.208999108338,21350.68549628762,3.287839901534183e-05,3.2877004085099945e-05,4.438434069461649e-08,2.950088683954625,0.19768213941651858,0.16941289243769575
2014-04-29,1720,rolling,select,pca_only,8,20,log_euclidean,0.01,0.0004307394067527066,4709.666949077328,657.1074324003482,1039.8534668736283,519.9267334368168,46.03156505786084,3.413293075208386e-05,3.4131535821841976e-05,1.4112769755860083e-06,3.521225149871254,0.12355155014852674,0.20361832159659274
2014-04-29,1720,ledoit_wolf,select,pca_only,8,20,log_euclidean,0.01,6.327642495802468e-05,9639.062324284072,1138.4700544413236,380.2698830873133,190.13494154365637,-268.77498065779815,2.6849746541462438e-05,2.684835161122055e-05,1.3182767609693865e-05,1.0553131248776324,0.022612865146580504,0.014636205100105557
2014-04-29,1720,persistence,select,pca_only,8,20,log_euclidean,0.01,0.0019757143283313868,3585.2747260396727,1011.6649219894443,1118.6477977206862,559.323898860342,81.86222420274953,3.4765837088897185e-05,3.47644421586553e-05,8.208442862039213e-07,2.3039126607950005,0.0685772293813384,0.07833869016038666
2014-05-06,1725,D0_pca8,select,pca_only,8,20,log_euclidean,0.01,0.0010648294413003927,2051.035785883746,5928.950709608177,3424.291115696017,1712.1455578480281,1212.1313478667803,3.3759492607778367e-05,3.375843855342494e-05,3.256431945504041e-07,2.2313386248371305,0.0903248648717184,0.08347542286783219
2014-05-06,1725,rolling,select,pca_only,8,20,log_euclidean,0.01,0.0004441505356913696,4736.575517034411,690.0669024772445,990.9621524291701,495.4810762145799,17.431760201051933,2.8413553554916403e-05,2.8412499500562977e-05,1.3406230211458291e-06,3.3726481304779194,0.13481711186853926,0.19411016883080204
2014-05-06,1725,ledoit_wolf,select,pca_only,8,20,log_euclidean,0.01,5.729403109105335e-05,9644.308022027806,1069.0184880211493,388.8796346559024,194.43981732795095,-269.79293495061984,2.2949130226440386e-05,2.294807617208696e-05,1.3062209249693812e-05,1.0504370048250362,0.02345455513242475,0.014720745768827396
2014-05-06,1725,persistence,select,pca_only,8,20,log_euclidean,0.01,0.0006536965684699958,3411.9671071147704,969.2950704681436,1920.0322635348375,960.0161317674155,466.60358715809224,3.0897442470013895e-05,3.0896388415660465e-05,3.9429894267782393e-07,2.2508582112481053,0.07209561664911736,0.0734972469266695
2014-05-13,1730,D0_pca8,select,pca_only,8,20,log_euclidean,0.01,0.0366228072495077,2308.1686692295907,5806.885826219477,47015.73665231784,23507.86832615892,22889.591420669167,0.0001882904464994206,0.00018824665043185932,3.6961717407020354e-07,2.1876439870926747,0.08829370938021071,0.08137661334339298
2014-05-13,1730,rolling,select,pca_only,8,20,log_euclidean,0.01,0.03560174106448031,4865.412386953069,723.411881658559,17117.231574467638,8558.615787233819,8081.129531888645,0.00038048843075050423,0.00038044463468294294,1.7774190337972874e-06,3.8265222586202934,0.15314410046445795,0.2468708259024773
2014-05-13,1730,ledoit_wolf,select,pca_only,8,20,log_euclidean,0.01,0.03507070765203832,9666.48841241173,1035.586095076653,551.9409743052252,275.9704871526126,-89.96877912761332,0.00010026569264462329,0.00010022189657706198,1.4334490930392208e-05,1.067119734008449,0.02536866678027818,0.015758924732021683
2014-05-13,1730,persistence,select,pca_only,8,20,log_euclidean,0.01,0.03566451160352582,3518.423871017298,941.2562588903094,29037.51818189492,14518.759090947462,13933.064736221311,7.165617639807661e-05,7.161238033051531e-05,2.170904425474096e-07,1.7037624164939666,0.061208786392085955,0.04477429965797609
2014-05-20,1735,D0_pca8,select,pca_only,8,20,log_euclidean,0.01,0.03509107320189222,1952.1154339402851,6786.924387431684,549022.686153309,274511.3430766545,271718.72045641305,0.0005498147489918691,0.0005497755545107264,5.66305747212712e-08,2.6571113291807906,0.16918208545454844,0.14424411001509163
2014-05-20,1735,rolling,select,pca_only,8,20,log_euclidean,0.01,0.03548640203686013,4902.330602493705,823.4643327614167,16166.967867146497,8083.483933573248,7637.528553435889,0.0011940792919993947,0.0011940400975182519,1.4634557534903092e-06,3.6744694412135197,0.1226405350402601,0.20465078921272942
2014-05-20,1735,ledoit_wolf,select,pca_only,8,20,log_euclidean,0.01,0.03493940803389987,9690.601858373098,798.5917520089477,547.0169801277241,273.5084900638621,-93.65110146698991,9.121635859304229e-05,9.117716411189954e-05,1.4319181118238962e-05,1.0638305911585995,0.024728631341238535,0.01569828952786016
2014-05-20,1735,persistence,select,pca_only,8,20,log_euclidean,0.01,0.03501103470895403,3414.267327422105,1014.6408560624723,52289.14191061563,26144.570955307816,25471.30114291923,9.596722535348858e-05,9.592803087234582e-05,1.6183908081482393e-07,1.9435560966372045,0.0634981339090069,0.05915634456626173
2014-05-28,1740,D0_pca8,select,pca_only,8,20,log_euclidean,0.01,0.03551385851495979,2217.0002209432437,6782.773862686995,68737.23720312116,34368.61860156058,33783.83004634848,0.00016313062254083121,0.00016309093528278393,2.669416221132592e-07,2.259965400932845,0.09390733411789151,0.08634052350415236
2014-05-28,1740,rolling,select,pca_only,8,20,log_euclidean,0.01,0.03517085413594397,4904.734324444307,799.4671553660814,19114.636557003218,9557.318278501609,9125.855028642789,0.0009580554531919833,0.000958015765933936,1.253687388675e-06,3.593240238231224,0.13357913653957032,0.20981787698978027
2014-05-28,1740,ledoit_wolf,select,pca_only,8,20,log_euclidean,0.01,0.03475466237903213,9306.684744495085,730.8850375681418,618.6056125381704,309.30280626908507,-56.77358904447779,0.00010508601036920149,0.0001050463231111542,1.3971363975254439e-05,1.1457542185287397,0.02795472433498606,0.018991119774299438
2014-05-28,1740,persistence,select,pca_only,8,20,log_euclidean,0.01,0.03488378131952774,3448.9913340726434,994.1003160486513,90108.60450271523,45054.302251357614,44418.74455960533,0.00023695759533938094,0.00023691790808133366,1.4970235242190733e-07,2.1271248105277616,0.0708858347016256,0.0738301053132207
2014-06-04,1745,D0_pca8,select,pca_only,8,20,log_euclidean,0.01,0.035508240225833196,2220.769129481287,6551.059322258603,68673.46985587846,34336.73492793923,33742.48589140014,0.00015156309324697103,0.00015149228188236438,2.669416221132541e-07,2.2599654009328294,0.09390733411789608,0.08634052350415208
2014-06-04,1745,rolling,select,pca_only,8,20,log_euclidean,0.01,0.03515900604949026,4799.594097651149,758.0002644304641,19433.55992461141,9716.779962305707,9288.700978255329,0.0016712676957093286,0.001671196884344722,1.2858122232705616e-06,3.54418399962343,0.12707559001357868,0.2199848607976615
2014-06-04,1745,ledoit_wolf,select,pca_only,8,20,log_euclidean,0.01,0.034755100102103226,9295.135652737747,799.0036415211443,618.5374052148952,309.26870260744715,-57.249288506458505,8.370455032775704e-05,8.363373896315039e-05,1.3045463567126254e-05,1.123954713545696,0.03174539296100631,0.018034932870317766
2014-06-04,1745,persistence,select,pca_only,8,20,log_euclidean,0.01,0.03487477084939816,3444.482088182626,967.0771304862119,97896.93558127509,48948.467790637544,48369.47250985143,0.00024038225021032544,0.0002403114388457188,1.126622643440009e-07,1.959660959628785,0.07250092214864827,0.06218135633206249
2014-06-11,1750,D0_pca8,select,pca_only,8,20,log_euclidean,0.01,0.0015449925621389693,1817.8387646471451,8769.00277553272,176999.30690523735,88499.65345261869,83455.11639018753,1.8894055649460167e-05,1.8889255913656933e-05,3.379442085507711e-08,2.780471340729392,0.15269374392272883,0.13551155432757367
2014-06-11,1750,rolling,select,pca_only,8,20,log_euclidean,0.01,0.0075049776683059274,4852.889216729375,2228.3617978358834,2127.590478799967,1063.7952393999792,590.567774908685,2.8422114005400277e-05,2.8417314269597043e-05,2.1613293559523253e-06,3.100227953965764,0.11186913131681277,0.14732360489416552
2014-06-11,1750,ledoit_wolf,select,pca_only,8,20,log_euclidean,0.01,0.0015971379250455742,11139.221231684414,1859.8645404579597,396.572928152674,198.28646407633713,-222.73535313879384,3.057079584746368e-05,3.0565996111660444e-05,1.5183762888416066e-05,1.0,0.012793737453028184,0.010342365005081119
2014-06-11,1750,persistence,select,pca_only,8,20,log_euclidean,0.01,0.03671390488675571,3424.0775182399034,2333.0990671598443,1877.368950448586,938.6844752242929,471.1660480023891,1.2555695516186762e-05,1.2550895780383526e-05,1.2174865651908667e-06,1.8591283426118606,0.06929263851168052,0.05780364432638141
2014-06-18,1755,D0_pca8,select,pca_only,8,20,log_euclidean,0.01,0.0039056581318030886,2209.2485010118244,9215.40132013073,9187.202793473532,4593.601396736843,3947.0610919235733,0.00013902762872808932,0.00013902323413282145,3.732661744331927e-07,2.1076899761231846,0.07224508596179467,0.0690617919957094
2014-06-18,1755,rolling,select,pca_only,8,20,log_euclidean,0.01,0.007276401358439382,4673.473230606243,2218.5938020773483,2471.128231362761,1235.5641156813829,754.4070935837766,2.0791266531576203e-05,2.078687193630834e-05,1.7681469839446282e-06,3.0540244064903925,0.11705895962810373,0.14683830939533477
2014-06-18,1755,ledoit_wolf,select,pca_only,8,20,log_euclidean,0.01,0.0015750291212602312,10793.729959224642,1817.6670509385497,386.07383821730025,193.03691910864984,-227.46951917275584,3.1282475959119613e-05,3.127808136385175e-05,1.28918622040487e-05,0.9999999999999999,0.01272382895407331,0.010324355342052125
2014-06-18,1755,persistence,select,pca_only,8,20,log_euclidean,0.01,0.036600874404960786,3405.452614984031,2257.1700936507823,2076.4206477682405,1038.210323884121,568.2903469100575,2.3435552998632754e-05,2.343115840336489e-05,9.073912057822405e-07,1.6939244384211878,0.06335300958011685,0.0435809855464634
2014-06-25,1760,D0_pca8,select,pca_only,8,20,log_euclidean,0.01,0.003928207445507559,2214.9336942831264,9036.635293513671,9770.353273205012,4885.176636602422,4234.438024571484,0.0001549657415384812,0.00015496155862762716,3.732661744332004e-07,2.107689976123231,0.07224508596179573,0.06906179199570993
2014-06-25,1760,rolling,select,pca_only,8,20,log_euclidean,0.01,0.007258411586810578,4600.23411784507,1974.7235090936529,2540.4411532776344,1270.2205766388167,788.6492186373578,2.5628334547138774e-05,2.5624151636284747e-05,1.4602496800657954e-06,2.899446461871683,0.0872115865191542,0.1259682416338502
2014-06-25,1760,ledoit_wolf,select,pca_only,8,20,log_euclidean,0.01,0.0015854439590130011,10755.14653008784,1809.2586178527154,381.0690856263701,190.53454281318557,-226.28632887012918,3.3305500987848395e-05,3.330131807699437e-05,1.1546816338815628e-05,0.9999999999999998,0.011878961510712672,0.010186212488275762
2014-06-25,1760,persistence,select,pca_only,8,20,log_euclidean,0.01,0.036397924080427,3483.270181905499,2251.6034439771556,2330.8275392770515,1165.4137696385253,693.0273474617709,7.246632240557882e-05,7.24621394947248e-05,9.407537897711611e-07,1.704669918924018,0.06532577265110838,0.045008659664062894
2014-07-02,1765,D0_pca8,select,pca_only,8,20,log_euclidean,0.01,0.0015919577540336963,1949.0677325662978,7793.936153527467,157327.91584706603,78663.95792353306,74551.7309664927,0.00011441048567591681,0.00011440574301282074,2.964576765745349e-08,2.494624708546258,0.120531784435641,0.11350515615924196
2014-07-02,1765,rolling,select,pca_only,8,20,log_euclidean,0.01,0.007195240265249752,4604.9689947078405,1886.8338003034905,3047.032826947996,1523.516413473998,1041.5527281511108,5.318612700584994e-05,5.318138434275386e-05,1.2752664983590343e-06,2.68942609342652,0.11298305672131714,0.11904734245917833
2014-07-02,1765,ledoit_wolf,select,pca_only,8,20,log_euclidean,0.01,0.0015994847623472747,10566.034270120987,1928.4463141626693,373.15470741230666,186.5773537061538,-226.51688199171764,5.2414699365918974e-05,5.24099567028229e-05,1.056504495598287e-05,1.0,0.012281133698188038,0.010213954653213321
2014-07-02,1765,persistence,select,pca_only,8,20,log_euclidean,0.01,0.036398781128331746,3550.3147437795865,2190.834183635722,2412.7792565267628,1206.3896282633818,739.1497950845876,5.004477358628644e-05,5.004003092319037e-05,1.0471400355530299e-06,1.796637681853702,0.0642254201798607,0.048871205386566426
2014-07-10,1770,D0_pca8,select,pca_only,8,20,log_euclidean,0.01,5.1461465188506857e-05,1863.2251270832066,5283.586777415239,39020.12213169131,19510.061065845654,18556.85427922314,4.410131967587146e-05,4.410024611005794e-05,5.188382689749759e-08,2.8987395602609523,0.15064569975864042,0.1470650699655579
2014-07-10,1770,rolling,select,pca_only,8,20,log_euclidean,0.01,0.005863500528391585,4649.866372080562,1753.438086612084,881.2007975876147,440.6003987938017,-15.455386693407174,3.741737659558217e-05,3.741630302976865e-05,1.5555604620775765e-06,2.840886467767334,0.09897188559495639,0.12229192853271811
2014-07-10,1770,ledoit_wolf,select,pca_only,8,20,log_euclidean,0.01,0.00015222834634759646,10766.98177978567,1396.1809315079258,417.771606976527,208.88580348826358,-241.7620470471158,4.850034707856331e-05,4.849927351274979e-05,1.1729362714272123e-05,1.0,0.012457483233525996,0.01020354941599482
2014-07-10,1770,persistence,select,pca_only,8,20,log_euclidean,0.01,0.0015592561578756945,3333.028567252565,2454.8474878607904,2538.65184677835,1269.325923389194,797.7149048305456,3.560596233342524e-05,3.5604888767611725e-05,2.9595409005584643e-07,1.9033270562088533,0.06155555919837896,0.054934449868277724
2014-07-17,1775,D0_pca8,select,pca_only,8,20,log_euclidean,0.01,5.1316628691446845e-05,1803.151163670841,4848.776457960918,32972.457623163355,16486.22881158167,15673.68623810374,4.8584957081061086e-05,4.858348905520577e-05,4.956101731330251e-08,2.5295972320017253,0.12237857250418298,0.11428548663638952
2014-07-17,1775,rolling,select,pca_only,8,20,log_euclidean,0.01,0.0058621957514894355,4600.394920311084,1857.654476259051,878.2733658211205,439.13668291055546,-24.691994609200986,5.097314010926021e-05,5.097167208340489e-05,1.498797229561804e-06,2.840493780687621,0.0921285832369658,0.12155147728549688
2014-07-17,1775,ledoit_wolf,select,pca_only,8,20,log_euclidean,0.01,0.00015447162101275545,10757.099574982823,1600.3315684736444,419.7943580506187,209.89717902530955,-242.35204234105225,5.318242556245821e-05,5.3180957536602894e-05,1.1729681392814111e-05,1.0,0.012529832523121245,0.01019904561739284
2014-07-17,1775,persistence,select,pca_only,8,20,log_euclidean,0.01,0.00156146852356421,3172.760522906565,2609.119218328447,2332.985665399145,1166.4928326996032,681.8204635390148,4.0417564519958004e-05,4.041609649410269e-05,2.8549234375858394e-07,1.8764263675309323,0.05554669874628403,0.0524348653436201
2014-07-24,1780,D0_pca8,select,pca_only,8,20,log_euclidean,0.01,3.431882755248367e-05,1805.6111614140073,4450.373861390574,37989.41798697871,18994.70899348937,18063.618722296385,5.536493154566241e-05,5.536261892790702e-05,3.9589204321929645e-08,2.79906985340836,0.1543939606087123,0.14173629433372187
2014-07-24,1780,rolling,select,pca_only,8,20,log_euclidean,0.01,0.005864065581991978,4548.374637432361,1898.3943572669316,693.1524534820912,346.57622674104533,-123.43621018341621,4.4672987193874405e-05,4.4670674576119015e-05,1.432997190095118e-06,2.680327313249087,0.132718976275829,0.1176181623424234
2014-07-24,1780,ledoit_wolf,select,pca_only,8,20,log_euclidean,0.01,0.00014493939855143135,10771.906203663717,1748.6973220351304,437.96319776945677,218.98159888472838,-244.42270721031213,5.42522614444854e-05,5.424994882673001e-05,1.1713073805414814e-05,0.9999999999999999,0.013045256053440764,0.010181977560009731
2014-07-24,1780,persistence,select,pca_only,8,20,log_euclidean,0.01,0.001573116546026724,3263.3151446020897,2607.542001241548,1768.850096372169,884.4250481861449,397.38569031800176,4.2663215929319436e-05,4.2660903311564046e-05,2.8694004987838547e-07,1.8269766822568652,0.04766424673518659,0.04953536510295577
2014-07-31,1785,D0_pca8,select,pca_only,8,20,log_euclidean,0.01,1.4597299597913524e-05,1788.3209693321546,5585.452295659366,26455.987677010373,13227.993838505172,12523.838628930296,2.748405251518049e-05,2.748301489684898e-05,3.800220118667986e-08,2.6134105459273016,0.12862084084749265,0.11724772228888926
2014-07-31,1785,rolling,select,pca_only,8,20,log_euclidean,0.01,0.0058540440020400895,4467.121557965362,1638.0215080375535,588.0743118659825,294.03715593299455,-188.63308571735848,2.7364363615550265e-05,2.7363325997218754e-05,1.4877701997405677e-06,2.7511244559258254,0.1212259555828694,0.1203522201320267
2014-07-31,1785,ledoit_wolf,select,pca_only,8,20,log_euclidean,0.01,0.00012248402355829398,10771.545067447663,1213.8942801524079,463.7798333508546,231.889916675427,-246.63259091273045,2.5854493732485655e-05,2.5853456114154144e-05,1.1455764999668714e-05,1.0,0.013020560472801462,0.0101693906730775
2014-07-31,1785,persistence,select,pca_only,8,20,log_euclidean,0.01,0.0015770915513536902,3248.135519783562,2111.6348958645995,1349.886324460415,674.9431622302224,195.11694025827717,2.1371733991156658e-05,2.1370696372825147e-05,3.780042482141667e-07,1.978843962251569,0.06327397368530525,0.06163968431652345
2014-08-07,1790,D0_pca8,select,pca_only,8,20,log_euclidean,0.01,1.1447653095690842e-05,1744.3202066463323,6698.509046010928,27511.939953658595,13755.969976829309,13167.657719707979,2.8808288896344977e-05,2.880746451674964e-05,4.0392048396241865e-08,2.8761409851116513,0.15952166649528668,0.14785531289250245
2014-08-07,1790,rolling,select,pca_only,8,20,log_euclidean,0.01,0.0058301802232335696,4532.125797413137,1495.7624954899075,555.7550482116319,277.8775241058145,-208.83735119893245,1.7376277914389043e-05,1.7375453534793707e-05,1.8349757748682664e-06,3.0855354352197093,0.10450995123105676,0.1426246409707942
2014-08-07,1790,ledoit_wolf,select,pca_only,8,20,log_euclidean,0.01,0.00012070036204751952,10792.963529692437,911.9965169136835,478.4537882079982,239.226894103999,-246.94371570488215,1.5169501119867348e-05,1.5168676740272012e-05,1.2026240271311727e-05,1.0000000000000002,0.012483119327532434,0.010178081245104355
2014-08-07,1790,persistence,select,pca_only,8,20,log_euclidean,0.01,6.223829040217804e-05,3278.776736720445,1090.0337518587553,3074.0211603341186,1537.0105801670697,1070.1540880370583,1.988854035326715e-05,1.9887715973671814e-05,1.3940837174654739e-07,1.9275983845189344,0.06943338764261622,0.05814839551212601
2014-08-14,1795,D0_pca8,select,pca_only,8,20,log_euclidean,0.01,9.289075087008157e-06,1707.2036128386703,6490.98591312136,31623.608161386866,15811.80408069343,14988.853420983438,3.445837434718881e-05,3.445720163434226e-05,3.723397289012e-08,3.2312654462523365,0.18032707313838328,0.17832255583650283
2014-08-14,1795,rolling,select,pca_only,8,20,log_euclidean,0.01,0.005825593116152001,4484.95630734546,1453.1208438436593,526.6532995534615,263.3266497767323,-229.481198044104,2.4318432608429084e-05,2.4317259895582538e-05,1.8966359232934653e-06,3.1242172061908104,0.08974279749590104,0.14528912199480984
2014-08-14,1795,ledoit_wolf,select,pca_only,8,20,log_euclidean,0.01,0.00012125998884181264,10798.132749632852,922.2310233166321,482.26456372566224,241.13228186283166,-247.32757132527337,1.6068152423167047e-05,1.60669797103205e-05,1.2335412024595472e-05,1.0000000000000002,0.01268479928964991,0.010187107070326589
2014-08-14,1795,persistence,select,pca_only,8,20,log_euclidean,0.01,6.0376561700978515e-05,3221.873239920649,1181.8120455684118,2905.846493228162,1452.9232466140788,933.6601214258153,1.9234748375152456e-05,1.923357566230591e-05,1.7384392943137216e-07,2.146671824485103,0.07064036011681857,0.07436725632585521
2014-08-21,1800,D0_pca8,select,pca_only,8,20,log_euclidean,0.01,1.0171186623472145e-05,1719.4782116150786,6849.091678103388,23190.495989075123,11595.247994537542,10885.773314986582,3.653784461047766e-05,3.653711903650577e-05,3.670075961145554e-08,2.6308025804317103,0.12840750489484995,0.126490786164695
2014-08-21,1800,rolling,select,pca_only,8,20,log_euclidean,0.01,0.000251979408239629,4287.567613636219,1448.7480391632303,1106.5274100502813,553.263705025121,55.47449595526946,2.231972574803788e-05,2.2319000174065987e-05,8.567915861484701e-07,4.0077870695378515,0.11205677459414642,0.23432957334614044
2014-08-21,1800,ledoit_wolf,select,pca_only,8,20,log_euclidean,0.01,7.341304242659095e-05,8005.5525920875525,972.5450513259501,355.8055887525065,177.90279437625335,-310.3861374709617,1.1092850901132716e-05,1.1092125327160825e-05,1.0595270166579061e-05,1.5228939976141374,0.048571290571543274,0.03570386423321647
2014-08-21,1800,persistence,select,pca_only,8,20,log_euclidean,0.01,3.968107468638698e-05,2995.2427631704522,1282.7829443355376,3363.2919678535677,1681.6459839267732,1172.8523054864313,1.1812411949417712e-05,1.181168637544582e-05,1.976661773808474e-07,2.5079343711379845,0.1013513153179262,0.10595399740736462
2014-08-28,1805,D0_pca8,select,pca_only,8,20,log_euclidean,0.01,1.9438968621490907e-05,1799.7073737365472,3831.921456337916,25286.393669548248,12643.196834774111,12007.21764340334,5.382601979430635e-05,5.3823566640967996e-05,4.4118189588342913e-08,2.8767652832963244,0.15448516543762755,0.14140815464177756
2014-08-28,1805,rolling,select,pca_only,8,20,log_euclidean,0.01,0.00024827848575162187,4286.919471923289,1765.5152386674538,1207.4182772838233,603.709138641913,116.63400136471064,2.8323690877740352e-05,2.8321237724402e-05,8.445586991308972e-07,3.861382929975021,0.14364122772201726,0.2369575327427235
2014-08-28,1805,ledoit_wolf,select,pca_only,8,20,log_euclidean,0.01,8.289665821361634e-05,7996.623405048322,1728.9728181391329,333.8802817781604,166.94014088908006,-307.4453578551944,2.759087618630019e-05,2.7588423032961838e-05,1.0251892782846943e-05,1.4686785863639138,0.04993012416369904,0.033369654939633696
2014-08-28,1805,persistence,select,pca_only,8,20,log_euclidean,0.01,2.7585135686461898e-05,3005.4042749298633,1111.79004395894,5492.645341319243,2746.3226706596324,2254.9764485518253,3.4952951784918796e-05,3.4950498631580445e-05,8.99875324338471e-08,1.9797545572988393,0.09489601692318586,0.06651761678075077
2014-09-05,1810,D0_pca8,select,pca_only,8,20,log_euclidean,0.01,3.677102882848733e-05,1845.1017816499632,2901.605433808363,22462.645314479927,11231.32265723997,10561.688693239294,4.942233276436213e-05,4.9418962422099094e-05,3.438033126761173e-08,2.4791962459210013,0.09320961496469767,0.10073570772104537
2014-09-05,1810,rolling,select,pca_only,8,20,log_euclidean,0.01,0.0002613135838704954,4344.043770172598,2102.9656931811573,1344.282061980159,672.1410309900682,193.7729644113386,2.4644152894566362e-05,2.4640782552303327e-05,7.165527259545808e-07,3.5730614288029154,0.15077792284043948,0.2069101633687723
2014-09-05,1810,ledoit_wolf,select,pca_only,8,20,log_euclidean,0.01,0.00010326802301332685,7949.52028532237,2152.069878842678,323.98836681272434,161.99418340636203,-306.77838991463034,4.026505190563702e-05,4.026168156337398e-05,9.348365838444537e-06,1.4623172788960475,0.048055860615119114,0.032682701409212575
2014-09-05,1810,persistence,select,pca_only,8,20,log_euclidean,0.01,5.3528940231291567e-05,2970.9032351851642,1542.3562271667354,6719.287293939266,3359.6436469696364,2885.1492675245263,5.141326910404773e-05,5.14098987617847e-05,6.333420953079609e-08,1.9065778016124966,0.05243412439838667,0.05518385318804848
2014-09-12,1815,D0_pca8,select,pca_only,8,20,log_euclidean,0.01,0.00016839326194917928,1748.0508624887443,2032.1030770009907,43873.94231938857,21936.97115969428,21403.213986848663,5.57939516504145e-05,5.57835768225786e-05,3.5847519101567496e-08,3.140215049010724,0.15542372611214794,0.166668200330799
2014-09-12,1815,rolling,select,pca_only,8,20,log_euclidean,0.01,0.00036137214466469916,4338.8366192663825,2781.9578872616685,1754.789843728496,877.3949218642398,413.3320167399453,9.233287813316363e-05,9.232250330532773e-05,6.144297697887467e-07,3.2928464884633573,0.1388260336200382,0.18410863899724897
2014-09-12,1815,ledoit_wolf,select,pca_only,8,20,log_euclidean,0.01,0.00022332783142651542,7933.924865943942,3060.848852819697,305.8139725809996,152.90698629049933,-296.25145603452876,0.00010305358552027288,0.00010304321069243698,9.180115033593799e-06,1.4959840781531444,0.05282103051324435,0.03336215289457185
2014-09-12,1815,persistence,select,pca_only,8,20,log_euclidean,0.01,0.00017415170395673881,3011.7387882212934,2118.796092719855,9198.559347211261,4599.279673605631,4178.669055028429,0.00010346559793444662,0.00010345522310661072,8.256823117068513e-08,2.103077612431289,0.08644928623198408,0.07490102027706994
2014-09-19,1820,D0_pca8,select,pca_only,8,20,log_euclidean,0.01,0.00019949266534592374,1920.2411418825554,2557.1204016026845,33412.28124738224,16706.140623691128,15932.841876825845,0.00010997152412737556,0.00010996334501655862,4.2944786367857234e-08,2.3557133040216436,0.10141243963549794,0.09562202986753754
2014-09-19,1820,rolling,select,pca_only,8,20,log_euclidean,0.01,0.00020406196136059617,4338.659254476266,1135.873410101032,4801.169208668002,2400.5846043340034,1937.4038786866943,0.00014735703221086327,0.00014734885310004633,3.22214751025928e-07,3.5033629798153805,0.12453515073998213,0.18755562672789391
2014-09-19,1820,ledoit_wolf,select,pca_only,8,20,log_euclidean,0.01,0.00023197195427224904,6919.9011778430395,1699.84261069272,351.05773489706826,175.52886744853419,-259.411388597687,0.00012840680128723154,0.0001283986221764146,6.009471277908572e-06,2.0438050008745767,0.07851864398985084,0.06292408064809213
2014-09-19,1820,persistence,select,pca_only,8,20,log_euclidean,0.01,0.00024644503959943037,3199.3850538468414,1903.6406042676545,15355.862993824727,7677.931496912371,7232.976231919469,0.00012538645752699246,0.00012537827841617552,5.74778799474784e-08,1.8127265510090906,0.06302244113445343,0.052019306501311625
2014-09-26,1825,D0_pca8,select,pca_only,8,20,log_euclidean,0.01,0.000363528267689205,1915.816801823291,2681.6202826164445,64050.18174805156,32025.09087402578,30996.262326705513,8.856327305183074e-05,8.855381717893641e-05,3.469450003834897e-08,2.727555377527168,0.1447152604158244,0.125081120620131
2014-09-26,1825,rolling,select,pca_only,8,20,log_euclidean,0.01,0.00029124818871121704,4303.088462565473,855.8570783580599,4826.225139579267,2413.112569789633,1920.010429599882,0.00015623791980802918,0.00015622846393513487,5.148484749943689e-07,4.305700173008822,0.13033505502382994,0.2844945752707071
2014-09-26,1825,ledoit_wolf,select,pca_only,8,20,log_euclidean,0.01,0.00032563107853873037,6738.95120775927,1277.215112617061,385.39561958941965,192.69780979471008,-236.04462250076548,0.00012915526548365385,0.00012914580961075953,7.500682257394594e-06,2.5566616444201764,0.08815758790532624,0.09886455771311846
2014-09-26,1825,persistence,select,pca_only,8,20,log_euclidean,0.01,0.0002799878849676307,3312.8394646162337,831.3811342714073,12019.086873152914,6009.543436576463,5467.198608185597,0.0001418515389767037,0.00014184208310380939,1.9779701824695862e-07,2.82865195524816,0.11151163667060852,0.1309115018777481
2014-10-03,1830,D0_pca8,select,pca_only,8,20,log_euclidean,0.01,0.000402736898745568,1871.1605834840561,3030.872819221995,75677.21595513404,37838.60797756702,36977.25608215395,0.0001244431796357811,0.0001244331119235982,3.700140660081283e-08,2.8770372766020413,0.13009366017926266,0.13823388432709627
2014-10-03,1830,rolling,select,pca_only,8,20,log_euclidean,0.01,0.0003146820597288336,4418.98375091735,617.2956314634405,6941.140571268004,3470.570285633999,2921.9194033037306,0.0001679642327570793,0.00016795416504489642,5.301624388448143e-07,4.32120137625652,0.16833225669922952,0.30941412849550226
2014-10-03,1830,ledoit_wolf,select,pca_only,8,20,log_euclidean,0.01,0.0003465728947580273,6569.031337319395,866.6237136377856,512.4087667455469,256.2043833727737,-167.18333199003905,0.00012960683495459504,0.00012959676724241215,7.049086538972333e-06,2.7603060780090285,0.10041261420511453,0.12260159968865698
2014-10-03,1830,persistence,select,pca_only,8,20,log_euclidean,0.01,0.00026225716603471127,3436.2317499431147,629.0299464957767,13140.168361802862,6570.084180901425,6053.195577252723,0.00013087921961066318,0.0001308691518984803,2.6552450516407726e-07,3.176956870111039,0.13612156416558394,0.15478268826464125
2014-10-10,1835,D0_pca8,select,pca_only,8,20,log_euclidean,0.01,0.0001528156384789733,1940.6433688829484,5269.70981156619,63009.13312286478,31504.56656143238,30376.541561999173,6.373117962371876e-05,6.372787174322552e-05,4.952138029233534e-08,2.8601444636341067,0.1461122820918644,0.14219214976945418
2014-10-10,1835,rolling,select,pca_only,8,20,log_euclidean,0.01,0.00010648389591016988,4418.102016844722,755.5590991306614,6033.584866374284,3016.7924331871454,2509.9306575884752,0.00020344704262162703,0.00020344373474113378,1.188271392834848e-06,6.174460865058424,0.1947898333472254,0.6008051477242845
2014-10-10,1835,ledoit_wolf,select,pca_only,8,20,log_euclidean,0.01,0.0001121759894031653,6386.487763363293,529.1374066155861,581.3773343912708,290.68866719563516,-140.22490848396342,9.96775444086318e-05,9.967423652813855e-05,1.0315834186091333e-05,3.7617534626592497,0.11655095155119477,0.21277352882906297
2014-10-10,1835,persistence,select,pca_only,8,20,log_euclidean,0.01,0.0001393735213278044,3476.5606140839145,1349.7098553690284,8217.665354201768,4108.832677100896,3641.7451238751464,6.977844965910583e-05,6.977514177861259e-05,6.623005560705522e-07,4.06936324284155,0.13420190025707557,0.2522558252878211
2014-10-17,1840,D0_pca8,select,pca_only,8,20,log_euclidean,0.01,9.945688128283748e-05,1926.9196503846338,5547.224504360443,80610.24628870418,40305.123144352096,39131.05973109384,4.840380787507016e-05,4.840232819583154e-05,3.3266198582177416e-08,3.020853957752495,0.1947790752103504,0.16307899030393644
2014-10-17,1840,rolling,select,pca_only,8,20,log_euclidean,0.01,7.553484351840908e-05,4450.562124333851,888.8791603853931,4342.3304800901615,2171.1652400450753,1708.171166812212,0.00011952499949579123,0.00011952351981655261,1.5757107766923236e-06,6.840671072901749,0.23734150508232912,0.6933958271407693
2014-10-17,1840,ledoit_wolf,select,pca_only,8,20,log_euclidean,0.01,7.096473857242146e-05,6652.747438000537,589.6933285711716,444.30505215643825,222.15252607821876,-218.619936711828,3.077435359704136e-05,3.077287391780274e-05,1.3574014836708655e-05,3.5816098535224254,0.0930976203634103,0.1858304344272965
2014-10-17,1840,persistence,select,pca_only,8,20,log_euclidean,0.01,0.00019655516584133546,3543.323146854165,1442.508792136112,4970.619714839547,2485.3098574197625,2020.166043572429,4.457549956207907e-05,4.457401988284045e-05,7.476028276686823e-07,3.4792169026200255,0.13412197371213752,0.21096742607338692
2014-10-24,1845,D0_pca8,select,pca_only,8,20,log_euclidean,0.01,6.0857103808128784e-05,1921.1943201072668,7553.6206901858195,44550.277673236815,22275.13883661841,21627.938721390914,2.9213634484156152e-05,2.9213225559036912e-05,2.9498575675662977e-08,2.2804485029378143,0.09237509249328904,0.08971285252342737
2014-10-24,1845,rolling,select,pca_only,8,20,log_euclidean,0.01,0.00011102779254484119,4522.901731211138,1564.7352888042135,3281.652220462083,1640.826110231043,1170.228244653392,6.506471908952847e-05,6.506431016440922e-05,1.6803333914250148e-06,6.4026168825904115,0.19976879558079985,0.6465710597286414
2014-10-24,1845,ledoit_wolf,select,pca_only,8,20,log_euclidean,0.01,8.580477688145642e-05,6736.540859779516,1054.78891395983,418.15581724526226,209.07790862263155,-242.67371435449567,2.537383391584164e-05,2.53734249907224e-05,1.4275579822342062e-05,3.5796703238965186,0.1281722860988998,0.20281655653117422
2014-10-24,1845,persistence,select,pca_only,8,20,log_euclidean,0.01,0.00038483955447718166,3550.9584936856636,2228.298015064006,3623.905737936331,1811.9528689681601,1354.8099801082305,9.138372280122899e-05,9.138331387610974e-05,8.382819815876013e-07,3.297853116029337,0.12311683070651391,0.20096842667907028
2014-10-31,1850,D0_pca8,select,pca_only,8,20,log_euclidean,0.01,0.0009543016051531339,1974.8045451734702,9014.835453278807,101707.54230325676,50853.77115162842,48453.421275038294,1.466035501647437e-05,1.4659329522652793e-05,5.15648118435945e-08,3.0724732452017807,0.1935086116270795,0.174790832080995
2014-10-31,1850,rolling,select,pca_only,8,20,log_euclidean,0.01,0.0010018431028259223,4476.917332042407,2283.610414040227,6035.731699177269,3017.8658495886525,2452.829806490976,9.301273140208616e-05,9.301170590826459e-05,1.6874069928152223e-06,6.161118929351586,0.23004972467265447,0.5802320779857824
2014-10-31,1850,ledoit_wolf,select,pca_only,8,20,log_euclidean,0.01,0.0009692280770208745,6995.917037747277,1601.1468831101627,582.7885043032899,291.39425215164476,-141.8340667336749,4.573123617415364e-05,4.5730210680332064e-05,1.543638590716854e-05,3.225818281989349,0.12766107358927622,0.16634000871700752
2014-10-31,1850,persistence,select,pca_only,8,20,log_euclidean,0.01,0.0012725219867457528,3484.0487931943107,2760.5212466281337,6151.378226722853,3075.689113361378,2519.5244876709066,6.652569493616446e-05,6.652466944234288e-05,9.203748867766816e-07,3.3834837837179714,0.134549849253409,0.192408090380076
2014-11-07,1855,D0_pca8,select,pca_only,8,20,log_euclidean,0.01,0.0009664912666093981,2004.8288696492946,9050.260461875332,71593.23232978507,35796.61616489253,33985.11397615437,5.827605232451529e-05,5.827543879626485e-05,5.706377820154164e-08,2.571779811296675,0.10771407530597964,0.11065985553253395
2014-11-07,1855,rolling,select,pca_only,8,20,log_euclidean,0.01,0.0009996364252559515,4543.447507376431,2055.73632496414,6069.4640268970525,3034.7320134485226,2478.951126336632,0.00011990390548808734,0.0001199032919598369,1.8778718405279679e-06,6.030278009703888,0.2306991712853944,0.5991611863213794
2014-11-07,1855,ledoit_wolf,select,pca_only,8,20,log_euclidean,0.01,0.0009690734791587291,7053.7493423294845,1465.2718976300487,575.0978444030102,287.54892220150384,-145.3737149593696,5.894349763616267e-05,5.894288410791223e-05,1.573491626004231e-05,3.1412871035769867,0.12204505658320493,0.16426745115888738
2014-11-07,1855,persistence,select,pca_only,8,20,log_euclidean,0.01,0.0010136843482851442,3447.9494857921923,1715.6022728229827,7181.802966838214,3590.9014834189743,3013.2539503854077,2.4970535667049335e-05,2.4969922138798898e-05,3.749916659810223e-07,2.3997560597632472,0.07987258014263514,0.0967314250136178
2014-11-14,1860,D0_pca8,select,pca_only,8,20,log_euclidean,0.01,0.0009720200308163856,1926.6832770729293,6619.526849853904,96432.03131226945,48216.015656134725,45964.041769754105,0.00015653087903304055,0.00015652801332190458,5.004376254110723e-08,2.6590243329802554,0.1523367896914847,0.13416826055343048
2014-11-14,1860,rolling,select,pca_only,8,20,log_euclidean,0.01,0.0009575476263672746,4547.388046182481,1229.2973905221206,6567.64414650457,3283.822073252294,2718.800624185408,6.865484861703118e-05,6.865198290589522e-05,1.7499035852556904e-06,5.6368324470072455,0.21931182402729898,0.5537252392159465
2014-11-14,1860,ledoit_wolf,select,pca_only,8,20,log_euclidean,0.01,0.0009408363243726314,7063.253463915774,950.2975784043764,578.4034376303932,289.20171881519633,-140.5592587486969,6.765390194052488e-05,6.765103622938892e-05,1.5177213820771858e-05,3.0111111847720706,0.12044041329892018,0.1606361898623229
2014-11-14,1860,persistence,select,pca_only,8,20,log_euclidean,0.01,0.0009451506679365271,3408.3653061003265,1131.7974045463166,9680.819216065287,4840.40960803264,4220.158648547199,3.776781751019037e-05,3.776495179905441e-05,1.870584511713676e-07,1.9875015663882114,0.061686303536748206,0.06244867762803118
2014-11-21,1865,D0_pca8,select,pca_only,8,20,log_euclidean,0.01,0.001071900726276076,2044.621697334646,4605.533556600705,74994.26621615625,37497.133108078124,35419.171180485166,9.560881247692565e-05,9.55912754441544e-05,5.089502970823751e-08,2.305861385164335,0.10808064195022435,0.09960009999867839
2014-11-21,1865,rolling,select,pca_only,8,20,log_euclidean,0.01,0.0009761829709959199,4562.427240920573,823.122828773016,6079.050033360798,3039.5250166804035,2470.0782673968665,5.5127617112394134e-05,5.5110080079622884e-05,1.5983779376062703e-06,5.490751242934018,0.1814861551528197,0.5020767527358251
2014-11-21,1865,ledoit_wolf,select,pca_only,8,20,log_euclidean,0.01,0.0009865506365919405,7104.491897278807,804.8257920910795,553.9927354991837,276.9963677495897,-145.0082782697918,6.434724423805484e-05,6.432970720528359e-05,1.4748332626364718e-05,3.010128501934877,0.11572274225487729,0.15526492175185033
2014-11-21,1865,persistence,select,pca_only,8,20,log_euclidean,0.01,0.0010543760771145663,3338.9801800751625,1646.7043601765022,14925.574403401366,7462.78720170074,6700.430669227169,9.426027380183019e-05,9.424273676905894e-05,6.501188836295786e-08,1.3422248456641876,0.05222038472056419,0.02768512844781745
2014-12-01,1870,D0_pca8,select,pca_only,8,20,log_euclidean,0.01,0.00024892129880626536,1938.3773953411662,3840.1784845494926,89248.33089051998,44624.16544525999,42189.67358025411,0.00010977197113847411,0.00010976354694144167,3.6656703988561244e-08,2.8840023626761946,0.16063122574492408,0.14754742977261406
2014-12-01,1870,rolling,select,pca_only,8,20,log_euclidean,0.01,0.00019127865546863875,4579.653701827471,685.9155608475106,2701.9215995829795,1350.9607997914982,850.9707498930371,7.190968693301907e-05,7.190126273598663e-05,1.515059413261987e-06,4.901535847600649,0.1918794974332915,0.4022662935312263
2014-12-01,1870,ledoit_wolf,select,pca_only,8,20,log_euclidean,0.01,0.00018264238158169834,7956.443694849922,1049.0987943915825,326.2129462095636,163.10647310478123,-271.1435531115991,5.923097297303846e-05,5.922254877600602e-05,2.0349199652693268e-05,2.1128349664212136,0.07650370596033376,0.07640680213583967
2014-12-01,1870,persistence,select,pca_only,8,20,log_euclidean,0.01,0.0011212610426432224,3340.041222882219,2535.5505768849193,4385.203018482027,2192.6015092410807,1665.0187203270768,9.091560684441548e-05,9.090718264738303e-05,1.2037209076204216e-07,1.3433753757692652,0.0343047136104876,0.025406365799802717
2014-12-08,1875,D0_pca8,select,pca_only,8,20,log_euclidean,0.01,0.00032604371038145704,1891.5028607021047,3100.1709985330217,102150.61954990745,51075.309774953734,48337.47749398892,0.00010729754663216859,0.00010728804418722421,2.829894208270123e-08,2.8667991654287497,0.14420494703897724,0.14011705305783334
2014-12-08,1875,rolling,select,pca_only,8,20,log_euclidean,0.01,0.0003214845630374396,4509.66976374665,955.9278487917072,2256.144719200734,1128.072359600374,645.8982748585738,0.00010611784561352561,0.00010610834316858123,1.5835162035465302e-06,4.651252813993689,0.1573075495078309,0.3658744633605449
2014-12-08,1875,ledoit_wolf,select,pca_only,8,20,log_euclidean,0.01,0.00027308310807747587,8172.371135218817,1570.7760635823602,317.84697709257614,158.923488546288,-272.35564290362856,0.000109605043118222,0.00010959554067327762,1.961553415532865e-05,1.9047815521608706,0.0675527924143602,0.05818798146516191
2014-12-08,1875,persistence,select,pca_only,8,20,log_euclidean,0.01,0.0011793059060206993,3203.2525678430065,2794.1668094198135,4491.351736590146,2245.675868295107,1719.0573228997405,0.00012488893207417373,0.00012487942962922935,1.0849674701166082e-07,1.304289563146923,0.03306616481886966,0.023005930881121166
2014-12-15,1880,D0_pca8,select,pca_only,8,20,log_euclidean,0.01,0.00026575090845442587,1873.5676335420203,3393.560504222338,62270.79733550686,31135.398667753423,29402.740262018942,0.00012106653921926974,0.00012105607847502483,5.5473142236958415e-08,2.9899672848702137,0.14882761199628486,0.1569792609234419
2014-12-15,1880,rolling,select,pca_only,8,20,log_euclidean,0.01,0.00029559852137518646,4556.403678540972,921.2401279302107,2176.1656350353574,1088.0828175176644,616.1647036266237,0.00010939265841845443,0.00010938219767420952,1.6459870690783203e-06,4.967876017919557,0.17512336332556314,0.36784212499630037
2014-12-15,1880,ledoit_wolf,select,pca_only,8,20,log_euclidean,0.01,0.0002406632602720714,8145.227100382458,1488.8290172886389,317.8126609775064,158.90633048875333,-273.2494544892637,9.493209240057597e-05,9.492163165633106e-05,2.0583649877893452e-05,2.0517061717093723,0.07457068765415263,0.06592082122581926
2014-12-15,1880,persistence,select,pca_only,8,20,log_euclidean,0.01,0.0010800564662027834,3202.6508902892133,1775.1151007674896,3597.029373360738,1798.5146866803598,1292.3060496192206,0.00010791077893887435,0.00010790031819462945,3.1258017733180114e-07,2.05621944737785,0.05325252833153775,0.06164439961540355
2014-12-22,1885,D0_pca8,select,pca_only,8,20,log_euclidean,0.01,0.00023350861173431257,1842.9096374607254,4147.979342091739,77925.1964014798,38962.59820073989,37154.41865218316,8.232752924970629e-05,8.232046046848699e-05,4.099163090319308e-08,2.876757869751495,0.15041661315613716,0.15536948131155318
2014-12-22,1885,rolling,select,pca_only,8,20,log_euclidean,0.01,0.0002997968408425548,4688.882030586325,960.4979688958003,2303.590326344645,1151.7951631723183,678.552440362859,8.947599385984907e-05,8.946892507862977e-05,1.183886065996879e-06,4.104791595555633,0.14590552535464238,0.263325680153998
2014-12-22,1885,ledoit_wolf,select,pca_only,8,20,log_euclidean,0.01,0.00021997535831359718,8225.960352196562,1342.2018849065644,324.9031778514629,162.45158892573147,-270.3103177547008,7.517363621228684e-05,7.516656743106754e-05,1.8572437559548525e-05,2.022451150857704,0.06674469379829077,0.06380313540898509
2014-12-22,1885,persistence,select,pca_only,8,20,log_euclidean,0.01,0.0010745465731651104,3322.194088283274,1247.7358674778634,2994.435708546944,1497.2178542735114,1022.4673699920462,6.216934312662274e-05,6.216227434540344e-05,9.767389090768656e-07,3.21355303302916,0.11141079714946753,0.15987872804074324
2014-12-30,1890,D0_pca8,select,pca_only,8,20,log_euclidean,0.01,0.0002294371830122553,1836.2052771929775,3690.6981818879667,74194.3423209546,37097.1711604773,36448.190274393404,8.221554217973844e-05,8.220951528914164e-05,4.788839191441681e-08,3.3015015431371215,0.1531194389134242,0.1826524931841593
2014-12-30,1890,rolling,select,pca_only,8,20,log_euclidean,0.01,0.0002518078201041579,4739.92605810179,1027.9685016143274,2388.76650275923,1194.3832513796115,755.4681377569193,0.0001242990717554415,0.0001242930448648447,9.610064549725712e-07,3.78495654471666,0.12217863391909778,0.21865808945614026
2014-12-30,1890,ledoit_wolf,select,pca_only,8,20,log_euclidean,0.01,0.00019512414932561115,8275.857555607497,1548.1444701635246,310.2901531286874,155.14507656434375,-272.5124991691505,9.76926825380857e-05,9.76866556474889e-05,1.596406789165152e-05,1.8112735171840746,0.06114796784679924,0.051220127848003415
2014-12-30,1890,persistence,select,pca_only,8,20,log_euclidean,0.01,0.00022085760987880526,3333.363842719231,972.720758064511,4561.135716072253,2280.567858036112,1849.0194770219482,0.00011425511560908625,0.00011424908871848945,6.430162051446047e-07,3.366037800908089,0.1101819142389676,0.16916618176554343
2015-01-07,1895,D0_pca8,select,pca_only,8,20,log_euclidean,0.01,0.00024906495173996333,2033.8884682582598,4226.834693288648,91055.8402263514,45527.9201131757,44313.39236755418,0.00011420759112284359,0.00011420508797681046,3.6053322734283904e-08,2.8624322528668396,0.16041001729947035,0.15173071701234414
2015-01-07,1895,rolling,select,pca_only,8,20,log_euclidean,0.01,0.0002726321500287611,4707.082214745933,900.6185109751734,2951.9674802746786,1475.9837401373466,1022.4729402138225,0.0002027823317157504,0.00020277982856971728,1.2058741444265958e-06,4.099342398520205,0.12066393007258572,0.2787115002691594
2015-01-07,1895,ledoit_wolf,select,pca_only,8,20,log_euclidean,0.01,0.00021209374904058718,8203.405232464622,1223.405015752,318.6085737095803,159.3042868547901,-262.16012096986844,9.264742615318637e-05,9.264492300715324e-05,1.602598877397794e-05,1.7958806845624415,0.058780453722990546,0.05068393616383685
2015-01-07,1895,persistence,select,pca_only,8,20,log_euclidean,0.01,0.00026645281918752665,3398.6916104109055,1091.1078587444254,5167.428208430696,2583.7141042153503,2129.9387265863725,0.00022094754220574185,0.00022094503905970873,8.515135797495689e-07,3.6493231044363488,0.14284088272148923,0.21103287689624933
2015-01-14,1900,D0_pca8,select,pca_only,8,20,log_euclidean,0.01,0.00021836487525847336,2066.138992879108,4878.50704033778,96461.34774612829,48230.67387306415,46879.106744207034,0.00011864806686151613,0.00011864402090174,2.8444885919105542e-08,2.626465777315148,0.117772870962067,0.12005611862803357
2015-01-14,1900,rolling,select,pca_only,8,20,log_euclidean,0.01,0.00025869112230486764,4674.0070920070675,808.1276121986324,3409.3415863119844,1704.6707931559818,1244.7758375309327,0.0002850796486086312,0.00028507560264885506,1.2697802091214914e-06,4.387070355154301,0.138578945396543,0.3080104781622877
2015-01-14,1900,ledoit_wolf,select,pca_only,8,20,log_euclidean,0.01,0.00018895178912202695,8110.563733480218,902.7220437037549,332.82242334487427,166.41121167243756,-254.17227084100614,9.459995777200647e-05,9.459591181223035e-05,1.855391338474053e-05,2.0234664849675243,0.07121591224574092,0.06268024419709355
2015-01-14,1900,persistence,select,pca_only,8,20,log_euclidean,0.01,0.0002631978627605546,3478.224946601849,1205.8094558225207,5974.179564271572,2987.089782135794,2538.3023187697668,0.00022591910275229004,0.00022591505679251392,8.648707954426041e-07,3.6746321074330086,0.14012422253351078,0.21969247962194227
2015-01-22,1905,D0_pca8,select,pca_only,8,20,log_euclidean,0.01,0.00015936103717215458,2132.0062796217035,5190.308371488211,97138.5788441003,48569.289422050155,47070.364327839576,7.78244157392587e-05,7.782234266665005e-05,3.646980709701837e-08,2.878863513646497,0.18404783047571047,0.1635259061847351
2015-01-22,1905,rolling,select,pca_only,8,20,log_euclidean,0.01,0.0002454130657527305,4662.863000505938,838.2868792267298,2891.537107065599,1445.7685535328064,982.0838663319697,0.00028213492812340015,0.0002821328550507915,1.4866198924067126e-06,4.604626140956718,0.14297813882606986,0.3431729518558802
2015-01-22,1905,ledoit_wolf,select,pca_only,8,20,log_euclidean,0.01,0.00015319530263924265,8141.463983116944,826.6401277161843,331.3198458867979,165.65992294339884,-263.7313937613483,0.00010250201197988029,0.00010249993890727164,1.9753782882678775e-05,2.0399047744748167,0.07007398569389768,0.0654017904964355
2015-01-22,1905,persistence,select,pca_only,8,20,log_euclidean,0.01,0.0002585305039735505,3499.012647056822,1234.9907920728858,5574.46918897834,2787.234594489172,2318.943587737752,0.00017259702867597384,0.0001725949556033652,5.466665912127078e-07,2.8909520751037605,0.13564079372771307,0.14293045077398153
2015-01-29,1910,D0_pca8,select,pca_only,8,20,log_euclidean,0.01,7.722331368193453e-05,2042.7149045538938,6662.021374887769,53704.548963237154,26852.274481618584,25996.842909059364,6.559576435335406e-05,6.559448132376438e-05,3.993981752876262e-08,2.52442172189225,0.10592964836017209,0.11238017251778769
2015-01-29,1910,rolling,select,pca_only,8,20,log_euclidean,0.01,0.0002708632844692622,4736.222569270281,1066.7913972480223,2156.6080258874795,1078.3040129437418,607.1152564795605,0.00017555435869515511,0.00017555307566556542,2.193278531579595e-06,5.457534913969064,0.1694943992555884,0.44682543985299167
2015-01-29,1910,ledoit_wolf,select,pca_only,8,20,log_euclidean,0.01,0.00013556859270002163,8213.930768276205,757.7194214188758,333.9046946566847,166.95234732834209,-274.7933316128156,7.796451109049684e-05,7.796322806090717e-05,2.2854763129201536e-05,2.2143804277480434,0.0678238967691454,0.07288799577634857
2015-01-29,1910,persistence,select,pca_only,8,20,log_euclidean,0.01,0.00021397977118318517,3525.6738951655343,1521.6452800515144,4289.355998405588,2144.677999202796,1676.3516791415932,0.00013074897922146566,0.00013074769619187597,5.553348986586221e-07,3.0044783941162123,0.1325216682823714,0.14041911076087854
2015-02-05,1915,D0_pca8,select,pca_only,8,20,log_euclidean,0.01,3.9738649724213685e-05,1894.133360542396,6175.650430898698,71326.68615816638,35663.3430790832,34547.17754042369,9.132370147932773e-05,9.132197609830753e-05,3.367189309410697e-08,3.065673082742937,0.18998731424055884,0.1717084558482727
2015-02-05,1915,rolling,select,pca_only,8,20,log_euclidean,0.01,0.00029711679125846423,4708.64691480793,999.1938921222356,1482.5704600093236,741.2852300046492,275.2108473837532,0.00014765110091288127,0.00014764937553186106,2.2838186848566413e-06,5.356414079575512,0.19613010903152772,0.4271389271563186
2015-02-05,1915,ledoit_wolf,select,pca_only,8,20,log_euclidean,0.01,0.00013624768237575658,8279.509786775096,676.0698086594787,338.2697300403934,169.13486502019683,-286.3201647922949,7.203625906387059e-05,7.203453368285039e-05,2.4050953701687222e-05,2.274022827930162,0.06674571615821187,0.07840032765008823
2015-02-05,1915,persistence,select,pca_only,8,20,log_euclidean,0.01,0.00022932313885711014,3514.5233821245856,1286.6629761878926,2874.0821464053597,1437.0410732026858,968.7580901846532,7.242363570702876e-05,7.242191032600856e-05,3.7266410736936176e-07,2.3673067312216,0.07863229769541046,0.08397519687979951
2015-02-12,1920,D0_pca8,select,pca_only,8,20,log_euclidean,0.01,2.589057597992947e-05,1819.3469780461562,5477.744272910411,27280.91915310898,13640.459576554475,12837.339246662847,5.778433464896261e-05,5.778205098079496e-05,4.2423072782289956e-08,2.424868842883711,0.0946915092389588,0.09911601537862137
2015-02-12,1920,rolling,select,pca_only,8,20,log_euclidean,0.01,0.00015757359880972548,4668.045040720561,801.2594419327295,1302.6932076086096,651.3466038042973,177.0939622474663,7.608137947297204e-05,7.607909580480439e-05,2.909449571897633e-06,5.967098813962643,0.2601377614622198,0.5974484288816568
2015-02-12,1920,ledoit_wolf,select,pca_only,8,20,log_euclidean,0.01,7.369708818375774e-05,8054.290388187565,719.9025087014284,329.00802900851176,164.50401450425588,-296.8314744042856,4.798079051447655e-05,4.79785068463089e-05,2.5897995421499147e-05,2.4053147690842143,0.07770819216570059,0.0910171734659744
2015-02-12,1920,persistence,select,pca_only,8,20,log_euclidean,0.01,0.0001891332110507465,3557.461247459233,1080.224932521043,2428.678832405645,1214.339416202819,738.6430668332116,8.987600385604542e-05,8.987372018787777e-05,4.1718808717717053e-07,2.3756024163654152,0.10657411111958631,0.09215704146902141
2015-02-20,1925,D0_pca8,select,pca_only,8,20,log_euclidean,0.01,0.009559282258293278,1952.3865163923253,4540.512584959719,595581.0475054678,297790.5237527339,294572.3452632971,0.00024347081236944794,0.00024343643199182345,3.0053883350473155e-08,3.0295421233474626,0.18425505076265788,0.15569942645455198
2015-02-20,1925,rolling,select,pca_only,8,20,log_euclidean,0.01,0.009577380821587187,4804.701401537497,771.9349011890599,18827.560385855813,9413.780192927903,9018.156291206273,0.00027070700889748385,0.0002706726285198594,2.480877088947102e-06,6.204066829276196,0.26425356953919293,0.586058048139106
2015-02-20,1925,ledoit_wolf,select,pca_only,8,20,log_euclidean,0.01,0.009529707812516532,7601.847789090791,761.0370872812064,1145.5372708749348,572.7686354374673,186.47821218044376,6.016732361130016e-05,6.0132943233675674e-05,2.206543091538092e-05,3.093584311505371,0.10370033389589381,0.14309328178530753
2015-02-20,1925,persistence,select,pca_only,8,20,log_euclidean,0.01,0.009601444855448421,3677.9478805128165,1147.0093009433003,24797.49073423942,12398.745367119713,11960.699784258673,9.849725845329712e-05,9.846287807567264e-05,2.4879901624302416e-07,2.0930750646956526,0.06599364543821194,0.06545274938235433
2015-02-27,1930,D0_pca8,select,pca_only,8,20,log_euclidean,0.01,0.009550646647664671,1904.2414338331228,3988.431509677641,479120.26488622976,239560.13244311488,237584.6325237505,0.00026407724230937416,0.0002640343745476899,3.573044019743611e-08,2.825036410312243,0.11913416728373011,0.14037161940039128
2015-02-27,1930,rolling,select,pca_only,8,20,log_euclidean,0.01,0.009532376644497107,4739.304179656881,740.8652541108961,19815.347132432555,9907.673566216276,9481.153309344681,0.00013803514212253125,0.000137992274360847,1.8392256021193127e-06,5.383445533062225,0.20155145121995843,0.4681306545661662
2015-02-27,1930,ledoit_wolf,select,pca_only,8,20,log_euclidean,0.01,0.009498162164975149,7701.130847939272,924.5370235853525,1041.5187061126712,520.7593530563358,133.46511546886276,9.397959257962971e-05,9.393672481794545e-05,1.9986408331610167e-05,2.8136033628491557,0.08108837451295071,0.11597534825903764
2015-02-27,1930,persistence,select,pca_only,8,20,log_euclidean,0.01,0.009556277846863174,3640.721103790753,1425.9874624483145,33510.3483977528,16755.17419887641,16256.771605766198,0.00014326436407286492,0.00014322149631118067,1.503579851010633e-07,1.8657803581797623,0.06236227414704562,0.05203252284900249
2015-03-06,1935,D0_pca8,select,pca_only,8,20,log_euclidean,0.01,0.00956519072761755,1892.3239446409843,3968.1906975316797,483756.8546632249,241878.42733161245,240186.7090385602,7.954863384418335e-05,7.9417150872318e-05,3.776192404234547e-08,3.0430954192164976,0.16000313577571984,0.16483091031920183
2015-03-06,1935,rolling,select,pca_only,8,20,log_euclidean,0.01,0.009537569582006302,4717.918363322446,783.5489835293318,21688.674277429094,10844.337138714549,10398.017180954923,0.00015743499795386925,0.0001573035149820039,1.592637335086552e-06,5.26787129850583,0.1660224512683878,0.4275052117519418
2015-03-06,1935,ledoit_wolf,select,pca_only,8,20,log_euclidean,0.01,0.00951190332831874,7746.78055138924,1038.5965344627773,965.075218897116,482.53760944855804,95.37393259276247,9.588754826824622e-05,9.575606529638087e-05,1.5131221727964554e-05,2.23173924690026,0.07053558261384273,0.07471461135864257
2015-03-06,1935,persistence,select,pca_only,8,20,log_euclidean,0.01,0.009552216284136624,3439.592605356055,1190.5331343802268,46781.611932070155,23390.805966035074,22811.53449161453,0.0001034862818583644,0.00010335479888649905,1.6730051970025415e-07,2.144910601778048,0.08796796169148335,0.07818978586106591
2015-03-13,1940,D0_pca8,select,pca_only,8,20,log_euclidean,0.01,0.009561303157916735,1899.6134001738278,4705.83904776575,502590.65590532887,251295.32795266443,249128.2023385122,6.765081216911697e-05,6.759438166786289e-05,3.8066613340398797e-08,3.0918364146798,0.14248976434071486,0.161496708396758
2015-03-13,1940,rolling,select,pca_only,8,20,log_euclidean,0.01,0.009544903539322993,4664.208430767392,648.1306234353551,24341.529939614647,12170.764969807327,11683.07082975952,0.00015339646876448958,0.00015334003826323548,1.9780328644333875e-06,6.157849149704451,0.21919670209260383,0.5686319861637062
2015-03-13,1940,ledoit_wolf,select,pca_only,8,20,log_euclidean,0.01,0.009518304885546554,7452.649244443224,642.5598595000829,1218.1027031485105,609.051351574255,219.4360736638993,4.166483719057594e-05,4.160840668932185e-05,1.831611778569765e-05,3.019614148174613,0.07715093631355353,0.12620604457128135
2015-03-13,1940,persistence,select,pca_only,8,20,log_euclidean,0.01,0.009538603043374715,3404.092769340409,915.725485144126,52267.50136172079,26133.750680860394,25542.054450048297,0.0001113168520754395,0.00011126042157418542,2.0659769615950545e-07,2.593568871819158,0.08058905873364262,0.10787397022281363
2015-03-20,1945,D0_pca8,select,pca_only,8,20,log_euclidean,0.01,4.7682791328403685e-05,1746.9233090880994,4581.019529724804,54677.02410393525,27338.51205196763,26426.065292195308,5.4776815660070646e-05,5.477404039967318e-05,3.597070508697867e-08,3.340795896730503,0.18862718948905652,0.1884586828634287
2015-03-20,1945,rolling,select,pca_only,8,20,log_euclidean,0.01,0.0015865574182628314,4588.769689449019,649.8769539047736,793.1466140404502,396.573307020224,-71.29653699453358,8.087738558165029e-05,8.087461032125282e-05,2.899106053222033e-06,4.9538178454939565,0.1654341808783807,0.3771209373836113
2015-03-20,1945,ledoit_wolf,select,pca_only,8,20,log_euclidean,0.01,8.253959428896962e-05,9975.195023924582,1503.976805963639,392.91188999078423,196.45594499539243,-260.4978386001523,4.94375642663138e-05,4.943478900591633e-05,1.204146719740756e-05,0.9999999999999998,0.015401219892873162,0.010674390943987868
2015-03-20,1945,persistence,select,pca_only,8,20,log_euclidean,0.01,0.00955613721943613,3399.8055466388187,968.6798421509513,999.7913337042651,499.8956668521346,33.550318089854365,7.088753849371109e-05,7.088476323331362e-05,1.3599799242966073e-06,2.689015059307817,0.0902446194068692,0.11301317549817552
2015-03-27,1950,D0_pca8,select,pca_only,8,20,log_euclidean,0.01,3.55612952835683e-05,1824.1604142291114,5961.8754514381635,31205.924697423477,15602.962348711731,14967.99604338554,4.78458983088556e-05,4.784431168575345e-05,5.4320690196875485e-08,2.6756919760312963,0.11879082469250003,0.1321618224017582
2015-03-27,1950,rolling,select,pca_only,8,20,log_euclidean,0.01,0.0015928827584788868,4772.486230171318,720.0472316798442,1046.6026020591669,523.3013010295808,57.59806492743404,6.712132535367503e-05,6.711973873057288e-05,2.554952834882953e-06,4.839863471254509,0.1494879125604633,0.340423510097767
2015-03-27,1950,ledoit_wolf,select,pca_only,8,20,log_euclidean,0.01,7.098154348487327e-05,9975.251300932658,1031.2798680371543,391.97633347606074,195.98816673803006,-259.3956264444487,3.596434396156402e-05,3.596275733846187e-05,1.1488449645520618e-05,1.0,0.016734438093920022,0.01061553549629362
2015-03-27,1950,persistence,select,pca_only,8,20,log_euclidean,0.01,0.009532859895285475,3431.6082834401086,1178.9000679820892,1123.794580390944,561.8972901954617,100.29444147619192,6.971766026355597e-05,6.971607364045382e-05,1.5486618477831966e-06,2.7828446750253475,0.0922646022148044,0.1261875592674829
2015-04-06,1955,D0_pca8,select,pca_only,8,20,log_euclidean,0.01,5.2154766383001476e-05,1895.9918831910418,6086.234356989571,58307.998429186184,29153.99921459309,28116.12759052423,4.5239849413724936e-05,4.523865402926745e-05,4.5874388052740184e-08,3.124432635746599,0.15407019859625926,0.158388265622136
2015-04-06,1955,rolling,select,pca_only,8,20,log_euclidean,0.01,0.0015923522844322143,4856.50152700875,752.6655631011749,1288.1414826502603,644.0707413251305,183.79676478270596,5.4418731991392365e-05,5.4417536606934876e-05,3.0250333576589633e-06,5.1712260313375955,0.14319063013318742,0.39976825688454776
2015-04-06,1955,ledoit_wolf,select,pca_only,8,20,log_euclidean,0.01,8.079988384054059e-05,9920.950444309097,1004.6825778797845,381.94938759579156,190.9746937978962,-258.329301023129,3.866134947276368e-05,3.866015408830619e-05,1.088274790532967e-05,1.0,0.015914500457880894,0.010537831949633496
2015-04-06,1955,persistence,select,pca_only,8,20,log_euclidean,0.01,0.009548198667816895,3483.717555983145,1123.350954311903,1260.2162484386668,630.1081242193234,173.28322294629422,7.067265511388968e-05,7.067145972943219e-05,2.5369535444733238e-06,3.6379214796968924,0.11659840201340979,0.2024901137421547
2015-04-13,1960,D0_pca8,select,pca_only,8,20,log_euclidean,0.01,6.592450059191997e-05,1900.248887775203,5232.659553039321,54732.54444405549,27366.27222202774,26334.19588046483,5.0354105570380514e-05,5.035248099841249e-05,4.504649086034907e-08,2.9216102394574066,0.1398126984016505,0.1423777439159703
2015-04-13,1960,rolling,select,pca_only,8,20,log_euclidean,0.01,0.001579671298513696,4662.5066953520245,702.0101042640398,1391.3699460919283,695.6849730459583,239.12272185167188,0.00011075975298543072,0.0001107581284134627,2.312603203014232e-06,4.4978081927922196,0.15111419217531144,0.3313501586634042
2015-04-13,1960,ledoit_wolf,select,pca_only,8,20,log_euclidean,0.01,9.329655186234136e-05,9816.463468642814,1309.1950675664452,369.83581220049007,184.9179061002447,-257.8580141191852,5.1459588420444703e-05,5.145796384847668e-05,9.426501358289055e-06,1.0,0.014386121669421268,0.010399732899148363
2015-04-13,1960,persistence,select,pca_only,8,20,log_euclidean,0.01,0.009534142621784083,3179.0693964384495,832.3609706906377,1238.2324083520411,619.116204176025,167.3745718605245,5.8504241639507145e-05,5.850261706753912e-05,1.4213490683562243e-06,2.7797942495561845,0.07843658394953366,0.11679352546236826
2015-04-20,1965,D0_pca8,select,pca_only,8,20,log_euclidean,0.01,5.672749166061092e-05,1917.8152824750198,5931.234524789779,54690.33664066821,27345.168320334094,26264.510298586254,7.951322319231643e-05,7.951228870801274e-05,6.303355891039258e-08,3.1822451839538717,0.1670199235148745,0.18941020179405332
2015-04-20,1965,rolling,select,pca_only,8,20,log_euclidean,0.01,0.0015583129807299988,4585.887874494151,683.7315393215271,1419.0965046447577,709.5482523223742,245.45345529922852,5.18534093805693e-05,5.185247489626562e-05,2.551882233391614e-06,4.79617043078396,0.16445660452739144,0.3748959795119813
2015-04-20,1965,ledoit_wolf,select,pca_only,8,20,log_euclidean,0.01,7.781444048954585e-05,9748.070700983477,1140.035786616944,373.2616642174361,186.63083210871827,-260.58359805747585,3.9517020668606564e-05,3.9516086184302885e-05,8.550338392886657e-06,1.0,0.013922974817981038,0.010305065895574093
2015-04-20,1965,persistence,select,pca_only,8,20,log_euclidean,0.01,6.200685487691722e-05,3128.5835546019625,936.1962534047941,6191.899449543177,3095.9497247715935,2593.086315671023,3.674992818274834e-05,3.674899369844466e-05,2.412710026264446e-07,2.8535556550423773,0.08217161675830317,0.11336122926551587
2015-04-27,1970,D0_pca8,select,pca_only,8,20,log_euclidean,0.01,5.6477679951938505e-05,1875.516380645544,5160.296037902979,70998.35005499226,35499.17502749613,34318.26994309085,5.9260291076841414e-05,5.92587097969851e-05,3.6011992981197675e-08,3.0892035755977325,0.18150626823101068,0.17585874147186542
2015-04-27,1970,rolling,select,pca_only,8,20,log_euclidean,0.01,0.0015608838987398524,4574.996064562994,637.8566489665307,1270.4136882013067,635.2068441006488,170.00101789244016,4.993455222889853e-05,4.993297094904221e-05,2.558270735124963e-06,5.055876619639585,0.13928620231983058,0.3759288193182742
2015-04-27,1970,ledoit_wolf,select,pca_only,8,20,log_euclidean,0.01,7.760302685314556e-05,9746.491079662517,1430.3617502049024,375.97732497648656,187.98866248824382,-261.5630596854723,4.449030300502765e-05,4.448872172517133e-05,8.36892991933831e-06,1.0,0.013329450359211277,0.010255725111688813
2015-04-27,1970,persistence,select,pca_only,8,20,log_euclidean,0.01,6.947631186059278e-05,3493.640823157668,1072.0980612208843,6898.834513004385,3449.417256502192,2913.7103829680223,7.707633364078635e-05,7.707475236093004e-05,1.6691944102588691e-07,2.2538423740060005,0.09711633880689663,0.07740136744335119
2015-05-04,1975,D0_pca8,select,pca_only,8,20,log_euclidean,0.01,3.518086801129088e-05,1817.5847357064986,5181.564248648311,43833.93422001159,21916.967110005793,20855.45825388447,6.818262951585583e-05,6.818097255179763e-05,4.280532731553304e-08,2.9196102448920773,0.1309583652420443,0.1406059000012729
2015-05-04,1975,rolling,select,pca_only,8,20,log_euclidean,0.01,0.0015552070323728625,4554.809154496739,651.7007519783625,1085.325644037011,542.6628220185098,66.69121129978309,5.2955163379321e-05,5.29535064152628e-05,2.4974831680993436e-06,4.933183194813871,0.15781422745112014,0.36130582336139994
2015-05-04,1975,ledoit_wolf,select,pca_only,8,20,log_euclidean,0.01,6.158658040473074e-05,9767.261061453446,1439.6134675536066,388.37798849921774,194.18899424960853,-264.53438636543194,3.491144418888879e-05,3.4909787224830585e-05,8.826424360607197e-06,1.0,0.013486057632924906,0.010287563130092797
2015-05-04,1975,persistence,select,pca_only,8,20,log_euclidean,0.01,7.06948419551388e-05,3499.6916268707655,1091.311213636066,5418.463512159913,2709.231756079978,2155.231825731684,3.784020876675228e-05,3.783855180269408e-05,1.4593946318587816e-07,2.0357352106730833,0.056634075511363284,0.05971018975482854
2015-05-11,1980,D0_pca8,select,pca_only,8,20,log_euclidean,0.01,2.5696733760768297e-05,1839.434906174871,5609.50117519267,61457.830629719596,30728.91531485979,29585.498693389127,6.29508899092448e-05,6.29494506533012e-05,2.7116163809575236e-08,3.0123531772413985,0.1599268337116418,0.16394108404788055
2015-05-11,1980,rolling,select,pca_only,8,20,log_euclidean,0.01,0.0015687987195154227,4548.615976774402,719.6044050341461,1042.2083627035724,521.1041813517849,45.651265854826725,6.423581901632158e-05,6.423437976037798e-05,2.4582960590618106e-06,4.788399251300642,0.16058666882945916,0.3517385524840253
2015-05-11,1980,ledoit_wolf,select,pca_only,8,20,log_euclidean,0.01,5.2077785879139836e-05,9786.737107067906,1157.8804616222205,397.9831487525128,198.99157437625604,-266.01653594660036,2.5972769706743015e-05,2.597133045079941e-05,9.40124671125502e-06,1.0000000000000002,0.013539672843207319,0.010384688537473022
2015-05-11,1980,persistence,select,pca_only,8,20,log_euclidean,0.01,7.483618257195246e-05,3339.4242561982364,1010.9148016005555,3881.0651138995086,1940.5325569497509,1430.1270801446522,2.3740597613289218e-05,2.3739158357345612e-05,1.9842661777397002e-07,2.1246811074172873,0.07837826330562518,0.07102090241599815
2015-05-18,1985,D0_pca8,select,pca_only,8,20,log_euclidean,0.01,0.0006469626921866225,1862.7210015089167,4993.42373932004,126634.88904090971,63317.44452045486,62539.64748907456,7.253928038520334e-05,7.252967805667583e-05,6.39585005673258e-08,3.491797379172592,0.17011540422969607,0.21354543984934207
2015-05-18,1985,rolling,select,pca_only,8,20,log_euclidean,0.01,0.002180860448311793,4756.594302943002,675.4225708594148,3837.143812443846,1918.5719062219205,1471.9573140168618,0.0001470917935063974,0.00014708219117786988,2.4229074776817815e-06,4.6281797416087365,0.1714400396966572,0.3500670799254948
2015-05-18,1985,ledoit_wolf,select,pca_only,8,20,log_euclidean,0.01,0.0006546979128591879,9806.596841812663,1466.095571511013,368.00332751094095,184.00166375547047,-245.82049616705825,4.130543726636603e-05,4.1295834937838516e-05,9.338935231903144e-06,1.0000000000000002,0.014397071475133066,0.01037091712997677
2015-05-18,1985,persistence,select,pca_only,8,20,log_euclidean,0.01,0.0006780794364233343,3536.609491536965,1009.6175093576846,12365.882330908564,6182.941165454278,5703.653812848695,2.9832325883050442e-05,2.9822723554522927e-05,1.295130504431465e-07,1.8480308575100743,0.05096458528167273,0.050690242297826316
2015-05-26,1990,D0_pca8,select,pca_only,8,20,log_euclidean,0.01,0.01704573065468788,1933.7200503216804,4810.578300607507,641849.1669890473,320924.5834945236,317531.969133244,0.000528415415088267,0.0005282845459558492,3.176594342232272e-08,3.1907047697964885,0.17130612500305925,0.18666846886114838
2015-05-26,1990,rolling,select,pca_only,8,20,log_euclidean,0.01,0.018538589632736194,4811.024087122831,750.7355643732711,13210.906341666216,6605.453170833109,6183.9800167625635,0.0006385328619534979,0.00063840199282108,1.5726170406579404e-06,3.881549798509368,0.11012200796637737,0.22621313529141934
2015-05-26,1990,ledoit_wolf,select,pca_only,8,20,log_euclidean,0.01,0.016903026111991654,9825.752742909934,1633.4343736675241,469.6984351264182,234.8492175632093,-137.4498089066236,3.914993811482423e-05,3.90190689824064e-05,8.135629428526516e-06,1.0,0.013446431754606209,0.010286383533875551
2015-05-26,1990,persistence,select,pca_only,8,20,log_euclidean,0.01,0.017034172162009465,3488.0330821654798,944.3108020951622,54541.280410322564,27270.64020516128,26692.044125704,2.477702090847985e-05,2.4646151776062022e-05,1.769176810906653e-07,2.1631675053616113,0.0942835951819581,0.07202790711724047
2015-06-02,1995,D0_pca8,select,pca_only,8,20,log_euclidean,0.01,0.0171289150871672,1931.4661328180564,3701.586562688293,530796.1784515782,265398.0892257891,262704.21337042085,6.748638598244583e-05,6.730655714127613e-05,3.9927921573896284e-08,2.9184402491562356,0.13039765298630043,0.15065337076645205
2015-06-02,1995,rolling,select,pca_only,8,20,log_euclidean,0.01,0.017087563081986546,4638.326707529987,913.5254636949951,34554.252679125406,17277.126339562703,16776.801003171433,0.00019988239916850957,0.00019970257032733986,7.981110058065675e-07,4.465947057967462,0.1542973223373174,0.32660807646025736
2015-06-02,1995,ledoit_wolf,select,pca_only,8,20,log_euclidean,0.01,0.017078250750654722,7360.386208793079,1378.036858059585,1505.568585723264,752.7842928616321,376.8069824738041,8.115495539132904e-05,8.097512655015934e-05,9.309856095062802e-06,2.063910995934756,0.07361973944143176,0.06562246114589478
2015-06-02,1995,persistence,select,pca_only,8,20,log_euclidean,0.01,0.017107129545367805,3426.214750411651,1058.5169301760845,65893.4823248435,32946.74116242175,32254.837396657436,5.926186350091246e-05,5.9082034659742756e-05,1.675349114587496e-07,2.292402751072227,0.10511668590978943,0.08229963857426853
2015-06-09,2000,D0_pca8,select,pca_only,8,20,log_euclidean,0.01,0.017059439757249665,1911.8972990580417,3241.2114024970597,591404.9638418235,295702.48192091176,292015.4941315575,8.692162586227236e-05,8.67538384673425e-05,4.9154995761012325e-08,3.273136921265382,0.15968168066319244,0.1890177040514856
2015-06-09,2000,rolling,select,pca_only,8,20,log_euclidean,0.01,0.017007335317610346,4603.373375879259,1114.9024240642682,37631.8712704339,18815.93563521695,18347.078660474795,0.00021417782416528113,0.00021401003677035127,7.595859177764924e-07,4.593375648627145,0.15754565938235876,0.3370798187988733
2015-06-09,2000,ledoit_wolf,select,pca_only,8,20,log_euclidean,0.01,0.01700656978317485,7355.987831926904,1739.374649411639,1526.7952735913552,763.3976367956773,389.1479017088269,4.1094182843150454e-05,4.09263954482206e-05,9.614097803940255e-06,1.983853305259517,0.06191477833060553,0.059700190860365675
2015-06-09,2000,persistence,select,pca_only,8,20,log_euclidean,0.01,0.017041040669259006,3389.007848818017,1332.853328132411,83386.70885795692,41693.35442897846,41054.75244211378,6.772213777831949e-05,6.755435038338963e-05,1.373235319254899e-07,2.3356809000238394,0.0789120489372352,0.07740878776998492
2015-06-16,2005,D0_pca8,select,pca_only,8,20,log_euclidean,0.01,0.054893248599423225,1881.7154090497816,3404.033108683958,726950.6382241417,363475.31911207084,354327.520919377,0.00035729786457788993,0.00035693808081161397,4.340412045526918e-08,3.1344488139819915,0.1470078448198515,0.16928271916079982
2015-06-16,2005,rolling,select,pca_only,8,20,log_euclidean,0.01,0.05467062234619547,4556.52401902574,1054.5215966317878,31533.287245628908,15766.643622814454,15085.346545209706,9.248530905639587e-05,9.21255252901199e-05,6.475965880972334e-07,3.491845547549627,0.11645975928296252,0.20384550096937493
2015-06-16,2005,ledoit_wolf,select,pca_only,8,20,log_euclidean,0.01,0.05471331885845855,8550.228236126788,2406.555508798102,1147.3542470714483,573.6771235357239,228.05473713238916,0.00011302196016096692,0.00011266217639469095,7.546161927915617e-06,1.0433147534018985,0.02576244437496051,0.014153989059354865
2015-06-16,2005,persistence,select,pca_only,8,20,log_euclidean,0.01,0.05541900372022561,3551.243306252916,1059.4849165108315,66908.24742159816,33454.12371079908,32823.466262855574,8.702139961659701e-05,8.666161585032105e-05,4.732765781599706e-07,2.6800387861500354,0.08931656939837322,0.11374269233182321
2015-06-23,2010,D0_pca8,select,pca_only,8,20,log_euclidean,0.01,0.03943737067785502,1796.897162236714,3744.0767187446154,206786.00269146185,103393.00134573093,98463.37649722067,0.0002723079969139526,0.00027211363140417156,3.4930598615209626e-08,3.1427498325243253,0.18897222173917647,0.18759170991998986
2015-06-23,2010,rolling,select,pca_only,8,20,log_euclidean,0.01,0.04179958223177638,4475.305342379978,856.3282152912177,3530.537828236725,1765.2689141183625,1334.041592387018,0.00010561232697550446,0.00010541796146572341,1.8995187679255137e-06,3.4752216663382165,0.14210771514097742,0.19669829087538693
2015-06-23,2010,ledoit_wolf,select,pca_only,8,20,log_euclidean,0.01,0.039185283696845305,10327.5862889604,2126.6495138074165,465.04986320718467,232.52493160359234,-127.1758757343476,0.00010396117877873142,0.00010376681326895038,9.416299428690876e-06,1.0,0.01235888434750424,0.010121393488801226
2015-06-23,2010,persistence,select,pca_only,8,20,log_euclidean,0.01,0.0561558472694003,3399.836524315704,976.0213466726985,9534.631399153008,4767.315699576504,4335.245164937036,7.823651634793835e-05,7.804215083815731e-05,1.6667834308877548e-06,2.4139281165231052,0.08747632501870667,0.09298235514943172
2015-06-30,2015,D0_pca8,select,pca_only,8,20,log_euclidean,0.01,0.039506680398338496,1928.1761915601146,4723.508508716344,308810.2839199185,154405.14195995926,148396.51294716366,9.860023949551622e-05,9.848838296888979e-05,3.333338033109361e-08,3.371706259058476,0.1337835036909483,0.16426951254189479
2015-06-30,2015,rolling,select,pca_only,8,20,log_euclidean,0.01,0.042078955787779614,4697.8169796955435,782.2071325913223,9217.599421898693,4608.799710949346,4150.375442856817,0.0008548857749100192,0.0008547739183833927,2.5973512539328446e-06,3.977373953886625,0.13802241832433024,0.26226476390887676
2015-06-30,2015,ledoit_wolf,select,pca_only,8,20,log_euclidean,0.01,0.03926059695779073,10321.684632924902,1562.7388464629353,476.6512020442783,238.32560102213932,-118.26984397787248,9.982560007795623e-05,9.97137435513298e-05,9.822614264262343e-06,0.9999999999999998,0.01275051460206506,0.010150172471799383
2015-06-30,2015,persistence,select,pca_only,8,20,log_euclidean,0.01,0.056271424590991215,3544.9435032572655,1171.0061265316747,9015.063597043503,4507.5317985217525,4082.5024281865044,0.00019278117738274851,0.00019266932085612207,2.5597015938621415e-06,2.9435915716544967,0.10759561447875213,0.1415706963114114
2015-07-08,2020,D0_pca8,select,pca_only,8,20,log_euclidean,0.01,0.04029033541495023,1972.791960672326,6408.514575087113,250543.23236247167,125271.61618123583,120914.73839459047,0.0002463213660748483,0.0002462316777024222,3.82883458367614e-08,3.4676358040905444,0.19399905033113712,0.2080352796260395
2015-07-08,2020,rolling,select,pca_only,8,20,log_euclidean,0.01,0.04288325463457699,4633.271630456228,1036.8047707885173,9267.23832234277,4633.619161171383,4175.9209677894405,0.0012285539681693171,0.001228464279796891,2.431560426474853e-06,3.8591689773461617,0.14294159551607974,0.24897273333994646
2015-07-08,2020,ledoit_wolf,select,pca_only,8,20,log_euclidean,0.01,0.04004199723727361,10307.361691321961,1037.7073869015676,477.5420931315937,238.7710465657969,-116.51684024731189,8.064620469598557e-05,8.055651632355945e-05,9.775412782954679e-06,1.0,0.013539454522693516,0.010150833026307163
2015-07-08,2020,persistence,select,pca_only,8,20,log_euclidean,0.01,0.0570148551169921,3476.023465510647,1797.6255935634217,9138.56977520459,4569.2848876022945,4139.271371502501,0.0001221858785029794,0.00012209619013055326,2.441284449946749e-06,2.7880981818636164,0.13304299150700066,0.13294293748939204
2015-07-15,2025,D0_pca8,select,pca_only,8,20,log_euclidean,0.01,0.00015612523165194097,1996.6027810944242,6120.463366661418,142438.98095805215,71219.49047902608,69741.12427562453,7.29298215187963e-05,7.292788968485155e-05,3.31089901009564e-08,3.289970482304176,0.15848811205890784,0.17512696302238615
2015-07-15,2025,rolling,select,pca_only,8,20,log_euclidean,0.01,0.002717120165834702,4445.383935041367,1125.3209138114735,1631.592991665659,815.7964958328268,373.9307091091747,5.7846556734753745e-05,5.7844624900809e-05,2.527531134006824e-06,4.155246153632674,0.14141090086901423,0.2627469512827401
2015-07-15,2025,ledoit_wolf,select,pca_only,8,20,log_euclidean,0.01,0.00016579212233046566,10250.662245149113,1002.75489060732,364.92531439626083,182.46265719813042,-242.20820740427985,4.7268936251178726e-05,4.726700441723398e-05,1.0157050940486876e-05,1.0000000000000002,0.014321826688113498,0.010201528713867918
2015-07-15,2025,persistence,select,pca_only,8,20,log_euclidean,0.01,0.053813103903137316,3174.3999194148746,1695.2788823853014,703.2182451854267,351.6091225927124,-74.60776593994814,9.50702252340838e-05,9.506829340013904e-05,3.909461344752074e-06,2.536063341239763,0.10389404617762199,0.10416422715638748
2015-07-22,2030,D0_pca8,select,pca_only,8,20,log_euclidean,0.01,0.00012791558402513802,1986.1928456694582,6379.721754680423,82331.40840110961,41165.704200554814,40121.91984939386,8.220919436411867e-05,8.220783297331801e-05,5.3200210577887494e-08,3.336664906625145,0.16204210538859098,0.1964854818147206
2015-07-22,2030,rolling,select,pca_only,8,20,log_euclidean,0.01,0.008974577458831144,4475.124254735815,885.8512012864102,797.378184070514,398.6890920352594,-32.61959831427946,5.30901654448982e-05,5.308880405409755e-05,4.480517961240802e-06,3.6438651352252673,0.13170994738876607,0.2182356037544515
2015-07-22,2030,ledoit_wolf,select,pca_only,8,20,log_euclidean,0.01,0.00029847660842695833,11545.586571947033,1086.7650104008344,418.8042064353958,209.40210321769828,-221.16508227320455,5.354917473822791e-05,5.354781334742726e-05,1.739598335839559e-05,1.0,0.012067615593839438,0.010132337231667631
2015-07-22,2030,persistence,select,pca_only,8,20,log_euclidean,0.01,0.03924247000939124,3219.9310980199775,1264.3360812610042,883.3840057010461,441.6920028505232,8.788319711923492,7.663292948586598e-05,7.663156809506533e-05,2.962450479761836e-06,2.7867343448398327,0.08833704560557663,0.1245202389186777
2015-07-29,2035,D0_pca8,select,pca_only,8,20,log_euclidean,0.01,0.0007881798001387635,1992.8707193038292,1709.8755020495048,73852.14228076098,36926.07114038049,35795.98012875349,0.00021559725119958367,0.00021558285562117718,3.619559081861348e-08,3.0521182087363936,0.11858755400719312,0.1456186781843019
2015-07-29,2035,rolling,select,pca_only,8,20,log_euclidean,0.01,0.009178931141109861,4482.023461823482,1342.3285140775247,648.7138250073546,324.35691250367876,-88.85853461088875,0.00020835515103453386,0.00020834075545612737,4.588886437220226e-06,3.690090406432609,0.13342582117912596,0.22048151257982468
2015-07-29,2035,ledoit_wolf,select,pca_only,8,20,log_euclidean,0.01,0.0009632962007104963,11577.79041848996,3752.990939672451,394.8895693309894,197.4447846654952,-215.8676108358739,0.00025958449132137674,0.00025957009574297023,1.7938802214777717e-05,1.0,0.011974117641272305,0.010139927248901805
2015-07-29,2035,persistence,select,pca_only,8,20,log_euclidean,0.01,0.03911204448382535,3338.7679795593403,1622.9626622083895,829.0215716205141,414.51078581026036,-2.0471594561150965,0.00023371204718946093,0.00023369765161105444,2.0737608563913003e-06,2.2116552103560285,0.1029686387927507,0.08551792962944883
2015-08-05,2040,D0_pca8,select,pca_only,8,20,log_euclidean,0.01,0.0014462678974326009,1868.5104354455698,1176.3540370138205,80178.91947126125,40089.45973563062,38699.411460406496,0.00028932810956173164,0.00028931132188132514,3.8246341092744566e-08,3.140878233530338,0.19010597628856862,0.17775883137021056
2015-08-05,2040,rolling,select,pca_only,8,20,log_euclidean,0.01,0.009741665098462061,4515.567022052119,1805.1450242504757,568.1977035971041,284.0988517985506,-133.82131989125298,0.00023602636841399334,0.00023600958073358684,4.743308089381858e-06,3.9564082644006477,0.12193088514189522,0.23394007223224492
2015-08-05,2040,ledoit_wolf,select,pca_only,8,20,log_euclidean,0.01,0.0016227925758412077,11601.731739659952,4736.473038486461,392.9103828038767,196.45519140193846,-214.17391802061766,0.0003544455018533453,0.0003544287141729388,1.834680179066666e-05,0.9999999999999999,0.01212518372083372,0.010154671055015038
2015-08-05,2040,persistence,select,pca_only,8,20,log_euclidean,0.01,0.040455309229497555,3407.904562425624,3007.33290387148,815.1018714090352,407.550935704522,-10.411509246847965,0.0002802068623276344,0.0002801900746472279,1.5898732001606798e-06,2.029855155634274,0.07095235527232725,0.06482791518038085
2015-08-12,2045,D0_pca8,select,pca_only,8,20,log_euclidean,0.01,0.0016526585659350742,1806.1732863893958,852.2311461321701,45741.467770742245,22870.733885371123,21875.436908572774,0.00030318875131808915,0.00030315391820049563,7.93033055958311e-08,3.717504020609607,0.17305414831275573,0.23242870113965697
2015-08-12,2045,rolling,select,pca_only,8,20,log_euclidean,0.01,0.010036041715177897,4645.969363600201,2320.219038241882,529.1265516694972,264.56327583475354,-154.02345246963088,0.0003108362147085855,0.00031080138159099197,4.540546815842746e-06,3.575424712668256,0.12401904216579634,0.21674991679992092
2015-08-12,2045,ledoit_wolf,select,pca_only,8,20,log_euclidean,0.01,0.0019072412432326485,11630.124502760485,5355.5139656171505,396.9279259966712,198.46396299833555,-214.15290881475966,0.00039512301667421744,0.00039508818355662393,1.867293895069494e-05,1.0,0.011964197451533513,0.010168744401808335
2015-08-12,2045,persistence,select,pca_only,8,20,log_euclidean,0.01,0.0015404631443712716,3467.664366303622,3576.728886224028,4392.562289703896,2196.2811448519374,1726.756460475266,0.0003283339749844583,0.00032829914186686477,2.254483926194972e-07,1.887267208861829,0.07401155797643055,0.056366404956000364
2015-08-19,2050,D0_pca8,select,pca_only,8,20,log_euclidean,0.01,0.0018905352674186086,1741.2876653409164,731.0902495250515,64028.72958587452,32014.36479293726,30250.37395818295,0.0003069891816729405,0.00030695666133254026,5.611207574355751e-08,3.8600178504534015,0.20125726047615689,0.25444473465273415
2015-08-19,2050,rolling,select,pca_only,8,20,log_euclidean,0.01,0.010189680929867,4534.124213522118,2423.8663897556976,518.1190617617447,259.059530880876,-163.22327311430394,0.0003086597238311437,0.0003086272034907435,4.537331514399902e-06,3.6422797842922305,0.12092573519783954,0.21212043859631557
2015-08-19,2050,ledoit_wolf,select,pca_only,8,20,log_euclidean,0.01,0.002075698916640146,11632.443187594261,5442.003571367941,394.21842385977664,197.10921192988843,-213.54762209455288,0.00041370107917430046,0.0004136685588339002,1.8701841195015973e-05,0.9999999999999998,0.011822068410029907,0.010172253819480044
2015-08-19,2050,persistence,select,pca_only,8,20,log_euclidean,0.01,0.001642124149534389,3325.6710549244963,3391.7002057102695,5428.169933565173,2714.0849667825987,2187.5580271701606,0.0003897944092511568,0.00038976188891075655,1.9379268640508855e-07,1.880074555044526,0.06676716398999367,0.054421927192719766
2015-08-26,2055,D0_pca8,select,pca_only,8,20,log_euclidean,0.01,0.0005191909876854339,1774.6545304167314,1369.298073924353,65249.01424138951,32624.507120694765,31464.76779099639,0.0001146065713876973,0.00011459274064860397,2.9767997419224678e-08,3.079237547150974,0.1292112988941853,0.1629167487630566
2015-08-26,2055,rolling,select,pca_only,8,20,log_euclidean,0.01,0.008932168395156101,4441.550558236811,727.1567703935094,435.7491697734491,217.87458488672496,-218.08500033335812,0.00012068719793971021,0.00012067336720061689,9.192611372279589e-06,5.247472454946765,0.16788261358908455,0.4325859814224483
2015-08-26,2055,ledoit_wolf,select,pca_only,8,20,log_euclidean,0.01,0.0007027615588399794,11568.29471501811,4003.3975351456597,414.85583318980537,207.42791659490265,-221.63662211073787,0.00020919397006629518,0.00020918013932720185,2.3603545739115984e-05,1.0,0.012920427568559684,0.010305454789978257
2015-08-26,2055,persistence,select,pca_only,8,20,log_euclidean,0.01,0.0002195741303060677,3203.50255293394,402.3910466054663,2048.281795832985,1024.140897916483,558.2682110515399,0.0001649692630031143,0.00016495543226402096,1.4468021815944772e-06,4.114339783990816,0.11521650677362998,0.2670494820460416
2015-09-02,2060,D0_pca8,select,pca_only,8,20,log_euclidean,0.01,0.0003993179766593061,1883.0193509764529,2140.230793399064,63895.056779689214,31947.528389844603,31104.994835355243,0.00012343662380855387,0.00012342483987782792,4.0708227369878595e-08,3.0060921156982876,0.16451537254484136,0.15969910316077165
2015-09-02,2060,rolling,select,pca_only,8,20,log_euclidean,0.01,0.006351365556075584,4474.969275719635,375.2556361155422,683.6269182598023,341.81345912990093,-92.4778927499672,0.00017420482757138733,0.00017419304364066137,7.308734420990131e-06,5.398172976887293,0.2147827889814956,0.49562670148265364
2015-09-02,2060,ledoit_wolf,select,pca_only,8,20,log_euclidean,0.01,0.0005171892550078895,10877.763476169443,3087.107755243073,379.376844793246,189.68842239662294,-236.3811579550089,0.00016671707647599116,0.0001667052925452652,3.0211574954736035e-05,1.003830139386195,0.019090386150664013,0.011913291194254414
2015-09-02,2060,persistence,select,pca_only,8,20,log_euclidean,0.01,0.0005471931979802809,3244.4556388141605,590.3597311429835,2284.6588321906916,1142.329416095351,693.1904445763862,0.00016325983696181994,0.00016324805303109398,1.6984505148286114e-06,4.232185724529195,0.1627617596404199,0.2783177938584852
2015-09-10,2065,D0_pca8,select,pca_only,8,20,log_euclidean,0.01,0.0005137838368620402,1891.2196577407312,2707.191154198823,73246.20171411468,36623.100857057325,35572.66978094983,9.936298332941905e-05,9.935079071438121e-05,4.5829425957947014e-08,2.864731668717057,0.14220727978885905,0.1410813257269035
2015-09-10,2065,rolling,select,pca_only,8,20,log_euclidean,0.01,0.006438524487118245,4521.305652319188,509.0872991154821,918.7579039253926,459.378951962699,31.37517851648091,0.00021615379436832897,0.00021614160175329115,9.580914908926551e-06,6.22271038138135,0.2308651525753847,0.595198564279576
2015-09-10,2065,ledoit_wolf,select,pca_only,8,20,log_euclidean,0.01,0.0006294171447453524,10890.511755962081,2597.7666820675418,364.9588356704683,182.4794178352338,-232.07990120822743,0.00016792122664209238,0.00016790903402705455,3.368207669003211e-05,1.0040448419448527,0.020327414082149615,0.012299556740278956
2015-09-10,2065,persistence,select,pca_only,8,20,log_euclidean,0.01,0.0007602234693847731,3269.4149269509944,984.1745278279543,3225.229094809089,1612.6145474045393,1174.7786236327443,0.0002356652557872837,0.00023565306317224586,2.3853821369277417e-06,5.012050086890927,0.15843414877110554,0.39061859788628234
2015-09-17,2070,D0_pca8,select,pca_only,8,20,log_euclidean,0.01,0.0005195900241034498,1978.571769412807,2940.36720120891,108535.65347137059,54267.82673568529,52454.07208855313,0.00013206340717875306,0.00013205427226508252,3.6755747637944926e-08,3.0447728051395178,0.13063160818812944,0.161506950316521
2015-09-17,2070,rolling,select,pca_only,8,20,log_euclidean,0.01,0.006429705588108921,4633.258566549279,546.3505979148161,999.2514829289339,499.6257414644677,75.61440207760226,0.00022026869580011905,0.0002202595608864485,8.846609631380032e-06,6.167723907914983,0.1806839257242722,0.5628137541712411
2015-09-17,2070,ledoit_wolf,select,pca_only,8,20,log_euclidean,0.01,0.0005989110930696358,10889.714654109062,2415.362493377107,361.86396048716347,180.9319802435813,-231.1569603207197,0.00015930570281629008,0.00015929656790261953,3.516212807387415e-05,1.0072006184495428,0.021452312805372624,0.01261218863000626
2015-09-17,2070,persistence,select,pca_only,8,20,log_euclidean,0.01,0.0008793209239872105,3245.8076488300158,1135.3982899440048,3167.230186021617,1583.6150930108063,1154.7356095981136,0.00021311249882040304,0.0002131033639067325,2.3627942230365346e-06,4.906596488848765,0.1538635176680114,0.36881362454470146
2015-09-24,2075,D0_pca8,select,pca_only,8,20,log_euclidean,0.01,0.0004022179334338421,1974.2131496068407,3498.3914090554067,112591.71134786421,56295.855673932114,54465.35471526338,0.00010819311468542432,0.00010818714985235833,3.7694559907456654e-08,3.1348466692797947,0.11365797596230268,0.15225994152145028
2015-09-24,2075,rolling,select,pca_only,8,20,log_euclidean,0.01,0.006415654850803776,4695.115502205787,613.7964534832693,1047.91584306556,523.9579215327818,102.61559450040129,0.00023695795892895806,0.00023695199409589206,8.553220915545918e-06,6.3416974889261715,0.20253273275002914,0.591920427363023
2015-09-24,2075,ledoit_wolf,select,pca_only,8,20,log_euclidean,0.01,0.0004953383629162017,10905.982932197265,1970.0818666720065,364.5192737643102,182.25963688215475,-230.618176812556,0.00013373938465838304,0.00013373341982531704,3.523753566902501e-05,1.0041545860740029,0.02047749440321993,0.012284741137367999
2015-09-24,2075,persistence,select,pca_only,8,20,log_euclidean,0.01,0.00022567639901043687,3183.236420260282,926.3657203472512,5099.446790774052,2549.723395387031,2090.5752523831843,0.00021303942469963266,0.00021303345986656665,1.2365435995869085e-06,4.458677912924823,0.134245971570888,0.30093465250803264
2015-10-01,2080,D0_pca8,select,pca_only,8,20,log_euclidean,0.01,0.00030794166188018586,2036.177008735152,5846.805908483766,120268.90855227597,60134.45427613798,58334.63646601878,0.00011117722987095117,0.00011117306574421037,3.917239606552356e-08,2.705433572200746,0.16887862256926056,0.15760802654695769
2015-10-01,2080,rolling,select,pca_only,8,20,log_euclidean,0.01,0.00046716812515605664,4698.824043328817,1489.468968370464,3092.57112856152,1546.2855642807622,1091.6940007403591,0.0004128316812674071,0.0004128275171406663,3.4384502403977244e-06,6.710848793979951,0.2153062045152028,0.6646194087528291
2015-10-01,2080,ledoit_wolf,select,pca_only,8,20,log_euclidean,0.01,0.00037766095234551,7243.62834440973,1045.9225964654775,468.70662215367406,234.35331107683652,-179.9504440965472,0.00025552377868967206,0.00025551961456293126,2.5842529546232924e-05,4.9373834906581555,0.15351603998045088,0.3383960107537622
2015-10-01,2080,persistence,select,pca_only,8,20,log_euclidean,0.01,0.0003980631674875692,3369.086903863479,1610.0265661616688,6663.241224727063,3331.6206123635347,2826.945604984113,0.0001869631112147752,0.0001869589470880344,1.02183287896787e-06,3.784402496934473,0.15676862993215265,0.24329460612180862
2015-10-08,2085,D0_pca8,select,pca_only,8,20,log_euclidean,0.01,0.0007519229995632781,2027.6197957905642,7185.930335840079,194987.64935323974,97493.82467661986,95648.99656351763,8.622276957155549e-05,8.621951051343561e-05,3.336887685572396e-08,3.254150908029335,0.16463054751487904,0.1860620275421451
2015-10-08,2085,rolling,select,pca_only,8,20,log_euclidean,0.01,0.0011486200943068745,4733.815031813971,2215.5176588508416,4615.568101382261,2307.784050691131,1849.72668545513,0.0004749374254359169,0.000474934166377797,4.7215325184408426e-06,7.400746973026149,0.2629087596621005,0.8536149871683529
2015-10-08,2085,ledoit_wolf,select,pca_only,8,20,log_euclidean,0.01,0.0010200722353580515,7288.7274486858905,1609.109972699213,657.2441520110693,328.62207600553523,-77.96260663283661,0.00020623441837173436,0.0002062311593136145,3.2727166770207805e-05,5.132217897262223,0.18520912200001838,0.40671024325963095
2015-10-08,2085,persistence,select,pca_only,8,20,log_euclidean,0.01,0.001090061339776151,3463.222797264157,1948.7189301694655,7852.793879596221,3926.3969397981236,3493.438008899996,0.00010912247349881666,0.00010911921444069678,1.02948578552913e-06,3.47710535848867,0.1270037907090533,0.19628999871705835
2015-10-15,2090,D0_pca8,select,pca_only,8,20,log_euclidean,0.01,0.0007831585617500864,2072.236487925974,6750.288685828164,235903.36553958652,117951.68276979327,116478.3631229434,0.00014705532515939804,0.0001470518774273094,4.39265949147537e-08,3.3073132834924666,0.17813127977328838,0.20248749766236568
2015-10-15,2090,rolling,select,pca_only,8,20,log_euclidean,0.01,0.0011328457261601046,4694.7245645341845,2118.076952945542,4705.74583556715,2352.8729177835794,1904.9211354384286,0.0004416064822790007,0.00044160303454691204,5.449511407414165e-06,7.743903003519078,0.28132666237301396,0.979310456146842
2015-10-15,2090,ledoit_wolf,select,pca_only,8,20,log_euclidean,0.01,0.0010125962107026061,7236.811788938636,1544.6524852383454,683.9155483975591,341.9577741987785,-62.08787717478617,0.00022125549736895988,0.00022125204963687123,3.472780783989919e-05,5.149678133756452,0.18062857376583052,0.4331228411799256
2015-10-15,2090,persistence,select,pca_only,8,20,log_euclidean,0.01,0.0010590241055194545,3747.453736970582,1731.955545123432,8681.83587763233,4340.917938816158,3879.624200764642,0.0001215886760136793,0.00012158522828159066,9.747495083046201e-07,3.3573477982369764,0.11077012428194356,0.17809986845471618
2015-10-22,2095,D0_pca8,select,pca_only,8,20,log_euclidean,0.01,0.0008219469243367775,2100.434029134631,6149.776519663108,201740.47314275507,100870.23657137754,99236.33937050491,0.0001708490542582071,0.0001708450873627654,7.633290660008857e-08,3.9028339436155446,0.21668797049154215,0.2764577738737327
2015-10-22,2095,rolling,select,pca_only,8,20,log_euclidean,0.01,0.0010644364118008501,4767.9341240397835,1795.2950576780543,5033.9577648159775,2516.978882407981,2067.662628549681,0.0003284364455213685,0.0003284324786259268,5.32199352428758e-06,7.510165288582721,0.2768881265296454,0.9612587647037236
2015-10-22,2095,ledoit_wolf,select,pca_only,8,20,log_euclidean,0.01,0.0009570633378601382,7277.004097903384,1269.8408968846393,699.5043378003089,349.75216890015514,-51.51755539359308,0.0001717863117739711,0.00017178234487852942,3.4842187555875896e-05,4.945753620258396,0.18809267550309985,0.416643896196765
2015-10-22,2095,persistence,select,pca_only,8,20,log_euclidean,0.01,0.0009523784456835537,3708.542046032849,1257.5460547397352,9246.027239208224,4623.013619604104,4205.009394339022,0.00012650001837850698,0.0001264960514830653,7.18662849163878e-07,2.9464424098528426,0.0895530263880616,0.13650058290868483
2015-10-29,2100,D0_pca8,select,pca_only,8,20,log_euclidean,0.01,0.001989544721459747,2213.230483292775,6531.828237114041,314416.47846672643,157208.2392333632,156306.83963479,9.543828471342195e-05,9.543396594415548e-05,4.509764892474816e-08,2.9399140100693666,0.1661427504830015,0.1652192986848576
2015-10-29,2100,rolling,select,pca_only,8,20,log_euclidean,0.01,0.0023137887315077075,4869.651032286719,1789.8040266049386,5949.495915072567,2974.7479575362886,2575.2780075463515,0.00024273525257282482,0.00024273093380355835,5.1131728853145154e-06,7.429908428295929,0.2267833933854907,0.8668310610936092
2015-10-29,2100,ledoit_wolf,select,pca_only,8,20,log_euclidean,0.01,0.002184154038053188,7435.819498340291,1292.3098050640847,793.4285939634256,396.71429698171227,10.220275552851547,0.00015880740727239223,0.00015880308850312576,3.57734970232616e-05,5.008646821194289,0.15597906439544187,0.3996213508299747
2015-10-29,2100,persistence,select,pca_only,8,20,log_euclidean,0.01,0.002047848578949933,3767.410639700734,1100.8223330931082,11040.577397656798,5520.288698828365,5127.294460265255,0.0001834870219281869,0.00018348270315892042,4.819664609770407e-07,2.3649081648886865,0.08792080291321056,0.08865491999868587
2015-11-05,2105,D0_pca8,select,pca_only,8,20,log_euclidean,0.01,0.005818340564533276,2120.3183684561113,5707.96572507468,329066.07927249494,164533.03963624744,156199.96399408218,0.00015430203041502633,0.00015427277143836534,5.608705261399456e-08,3.11507688485832,0.17447155287711033,0.1774480385486839
2015-11-05,2105,rolling,select,pca_only,8,20,log_euclidean,0.01,0.005810456242765714,4739.080490248813,1133.2191420682843,6315.129406622123,3157.5647033110527,2618.5725544116976,0.00037229756725477495,0.00037226830827811395,4.5288460664382106e-06,6.5899094475576385,0.28101068347690467,0.7203210849333551
2015-11-05,2105,ledoit_wolf,select,pca_only,8,20,log_euclidean,0.01,0.005690333632189333,8485.018284537899,801.4042081675213,455.96907689729517,227.98453844864744,-158.7328971653235,0.00014974711883535853,0.00014971785985869754,4.9344695589481956e-05,2.7954803222203464,0.09664773705473372,0.12565669395413095
2015-11-05,2105,persistence,select,pca_only,8,20,log_euclidean,0.01,0.006208293852930149,3561.350437050738,1352.6914884219111,9503.947539453697,4751.973769726839,4143.822078025384,0.00017695604674581594,0.00017692678776915494,3.2764276006610033e-07,1.7011123855103614,0.06591628910435443,0.04893091182558472
2015-11-12,2110,D0_pca8,select,pca_only,8,20,log_euclidean,0.01,0.0058347702807790775,2063.554979110465,5202.576036854783,295469.7585732292,147734.87928661457,140514.0124109098,0.000104736247108978,0.00010468928520709354,4.629967481951602e-08,2.9486298409960474,0.13544321898369402,0.1537998760497491
2015-11-12,2110,rolling,select,pca_only,8,20,log_euclidean,0.01,0.005718073403070993,4771.320255066604,882.8496364329906,6290.440946024604,3145.2204730122994,2601.494026114463,0.0003898918540370064,0.00038984489213512194,4.040031950162763e-06,6.370328408524423,0.2229555594803422,0.6638265100957308
2015-11-12,2110,ledoit_wolf,select,pca_only,8,20,log_euclidean,0.01,0.005676089736314373,8822.495450880744,1080.7975344659556,403.7433973716711,201.87169868583567,-184.41535853928696,0.0001244638858615457,0.00012441692395966125,3.6636605015454436e-05,1.8440214539155355,0.06385491956864976,0.05573021689405781
2015-11-12,2110,persistence,select,pca_only,8,20,log_euclidean,0.01,0.0061793072918863755,3454.6354369864825,1367.7150264674888,7977.5794680083845,3988.7897340041745,3422.861001924127,0.0001556273122432173,0.00015558035034133285,3.82840701745833e-07,1.8678648897139956,0.061067301797754804,0.05436680302098053
2015-11-19,2115,D0_pca8,select,pca_only,8,20,log_euclidean,0.01,0.005840988903607619,1994.8356633122899,4839.816484946085,338869.3901276023,169434.69506380116,161530.3949163084,0.0001217106153798878,0.00012167203975861319,5.494657888454934e-08,3.5337583376534543,0.15589029396010481,0.21313776147565416
2015-11-19,2115,rolling,select,pca_only,8,20,log_euclidean,0.01,0.00569161948578421,4814.974324545574,881.398490667777,5838.177275951726,2919.088637975876,2381.9046471715565,0.0005669097383335868,0.0005668711627123121,2.8805957858098036e-06,5.431448818191205,0.2298919130973819,0.4779642519062781
2015-11-19,2115,ledoit_wolf,select,pca_only,8,20,log_euclidean,0.01,0.005669268216704169,8931.44675617262,1236.923063073226,390.382297177312,195.1911485886559,-191.27426950390358,8.570430112509676e-05,8.566572550382214e-05,3.300141144447429e-05,1.7121151172728224,0.06928833194234049,0.049926583586756446
2015-11-19,2115,persistence,select,pca_only,8,20,log_euclidean,0.01,0.006158296266424381,3467.010129095216,1258.6909061973047,7251.096955640128,3625.5484778200407,3079.381569872797,0.00011550140330923564,0.00011546282768796102,4.749660842901761e-07,1.8671087720650286,0.08164945453562909,0.06385288424517456
2015-11-27,2120,D0_pca8,select,pca_only,8,20,log_euclidean,0.01,0.006831485410533198,2177.1551214667206,4538.70478365004,455560.8924141991,227780.44620709948,221021.09940306965,0.00033715315163726067,0.0003370749200091229,6.131642643907237e-08,3.398898143121728,0.16091596680549197,0.20462848286897697
2015-11-27,2120,rolling,select,pca_only,8,20,log_euclidean,0.01,0.006633433766770636,5083.923485141581,882.3849902223644,8714.964099694587,4357.482049847306,3851.1028444944764,0.00046534506776742815,0.0004652668361392904,2.8577642488273647e-06,5.398851050463601,0.18694697138189964,0.4613639532305059
2015-11-27,2120,ledoit_wolf,select,pca_only,8,20,log_euclidean,0.01,0.006632313859193267,9050.354096519795,1356.0048061448817,472.4626757813637,236.23133789068171,-134.68007632490537,0.0001058476123955024,0.00010576938076736463,3.11109542782674e-05,1.6820680915449406,0.06354704787339695,0.04592824243917531
2015-11-27,2120,persistence,select,pca_only,8,20,log_euclidean,0.01,0.005538413264291314,3661.414744505256,1142.4298016043088,7933.155432264713,3966.577716132338,3454.60744496948,0.0001349584959778198,0.00013488026434968205,5.13729779376815e-07,1.7281770796022475,0.07248579976263157,0.05329302060287677
2015-12-04,2125,D0_pca8,select,pca_only,8,20,log_euclidean,0.01,0.0048596418117515805,2074.1291253568347,4027.9622449823696,506635.14180252317,253317.5709012616,243549.84970670674,0.0001017197708915464,0.00010166021806422493,4.152974103544013e-08,3.440675775211804,0.16528357280815784,0.2026700061709821
2015-12-04,2125,rolling,select,pca_only,8,20,log_euclidean,0.01,0.005128253086346364,5073.182327476645,1033.3378501013142,4488.035572090306,2244.017786045205,1786.6693737927985,0.00013609260253262225,0.00013603304970530078,3.7233244361814185e-06,4.912718981675486,0.15837746874949124,0.3806735215475476
2015-12-04,2125,ledoit_wolf,select,pca_only,8,20,log_euclidean,0.01,0.004679293548476543,9641.059287293696,1691.8840332421657,373.871825965682,186.93591298284036,-198.93076214771773,8.229305439698124e-05,8.223350156965977e-05,3.3217306119204506e-05,1.4574779395974653,0.04395130640600907,0.033698049882053466
2015-12-04,2125,persistence,select,pca_only,8,20,log_euclidean,0.01,0.009100738811285234,3562.4374557774554,1302.5443316476544,6156.488933035255,3078.244466518015,2589.4582652794443,0.00011374049170154652,0.00011368093887422505,1.3856455310450836e-06,2.5289097218850007,0.14847879228049965,0.11651869836824504
2015-12-11,2130,D0_pca8,select,pca_only,8,20,log_euclidean,0.01,0.005003493302208066,2069.4316161318056,4109.852015992129,298160.8337111741,149080.416855587,143470.46882736465,0.00020472543205198536,0.00020466559443677336,6.007528320867588e-08,3.178651634745578,0.17968603658081245,0.1810132617285319
2015-12-11,2130,rolling,select,pca_only,8,20,log_euclidean,0.01,0.005294021918674372,5094.387746893347,1198.3550162324896,5602.604551344666,2801.3022756723117,2345.0077308241275,0.0002121758921160341,0.00021211605450082208,4.072058818130172e-06,5.161875544108846,0.19647788032456823,0.4327387842036913
2015-12-11,2130,ledoit_wolf,select,pca_only,8,20,log_euclidean,0.01,0.004862727423877276,9629.454831386383,1898.8009757923096,378.1373674049736,189.06868370248827,-192.50581325193923,0.0001395905076380356,0.0001395306700228236,3.14451635407098e-05,1.2788365660878744,0.051944421359553,0.026660551965606696
2015-12-11,2130,persistence,select,pca_only,8,20,log_euclidean,0.01,0.00915635292584412,3581.80339673937,1325.4807031497041,6220.9306367756935,3110.4653183877936,2633.317882948752,0.00014593246174473962,0.00014587262412952762,1.7566994747507105e-06,2.9309069711215234,0.12932649691151643,0.14863432748214936
2015-12-18,2135,D0_pca8,select,pca_only,8,20,log_euclidean,0.01,0.005108301688350002,2062.4819407799414,4208.837973918009,272630.75848903507,136315.37924451753,131203.68987226576,0.00011099481181177725,0.00011095243397263928,6.355958236828095e-08,3.076163946663455,0.16433153683055368,0.1763904202527389
2015-12-18,2135,rolling,select,pca_only,8,20,log_euclidean,0.01,0.005364718902773425,5065.87519330899,1157.7734680022531,5822.596007189013,2911.2980035942524,2450.239023067993,0.00022425472671775028,0.0002242123488786123,3.327850532939672e-06,5.001000077886219,0.1788945483838423,0.37639784683943994
2015-12-18,2135,ledoit_wolf,select,pca_only,8,20,log_euclidean,0.01,0.004959789201498784,9569.218087500192,1895.2140969492555,380.25409773121265,190.12704886560644,-188.7336999985884,0.0001390938816701054,0.00013905150383096743,3.1495758734433716e-05,1.369999985694728,0.06382798371122152,0.03132569753869931
2015-12-18,2135,persistence,select,pca_only,8,20,log_euclidean,0.01,0.009179885315970667,3526.5507288549006,1230.3188797578096,6023.391535249687,3011.695767624767,2551.380626825542,0.00028805946735702457,0.0002880170895178866,1.6923126320123489e-06,3.0092228606615348,0.1577654047387828,0.145548563529051
2015-12-28,2140,D0_pca8,select,pca_only,8,20,log_euclidean,0.01,0.0007647971592318523,1951.0839720739448,2952.1130498896237,109404.15813643487,54702.079068217434,52805.93368853597,0.00012503190840037188,0.00012501500399879188,3.303829263116891e-08,2.804197276344193,0.12193918189789216,0.13690212142905794
2015-12-28,2140,rolling,select,pca_only,8,20,log_euclidean,0.01,0.0018099010880792948,5025.93038956304,1231.4675805960092,1164.6621325065148,582.331066253259,165.58946901124253,0.0002297365467186517,0.0002297196423170717,4.519701373878871e-06,4.876665985150325,0.15466045236686507,0.3783506386837676
2015-12-28,2140,ledoit_wolf,select,pca_only,8,20,log_euclidean,0.01,0.0008547353929664808,10118.385087249617,2362.579005239325,325.0996925686394,162.5498462843197,-243.60971495310278,0.0001443410289032614,0.0001443241245016814,3.3881409086795034e-05,1.2216868832890857,0.048521119361829415,0.02322750549744891
2015-12-28,2140,persistence,select,pca_only,8,20,log_euclidean,0.01,0.006645523776220488,3502.9657268957276,1116.8741782567802,1380.3387856016236,690.1693928008171,276.95463754769446,0.00010149341565119818,0.00010147651124961818,2.448244748048846e-06,3.0328302720023728,0.16023815980725423,0.15655261728781952
2016-01-05,2145,D0_pca8,select,pca_only,8,20,log_euclidean,0.01,0.00148161123892818,2140.01119842585,2913.825974653991,239254.6930454677,119627.34652273385,115127.0710174701,0.00016778782150729147,0.00016777648160864585,3.177298516107809e-08,3.376282670010006,0.18311788993887435,0.19849794480654395
2016-01-05,2145,rolling,select,pca_only,8,20,log_euclidean,0.01,0.002642540413207364,5137.649709467429,1125.4516717532476,1605.2441713730934,802.6220856865361,384.95806287790947,0.0002664353771505709,0.0002664240372519253,5.01825896293451e-06,4.846372500872558,0.1656556178510362,0.3816643263813088
2016-01-05,2145,ledoit_wolf,select,pca_only,8,20,log_euclidean,0.01,0.0015523280403993654,10124.568786052854,2035.6016957131674,312.38329471594926,156.19164735797412,-234.24976770036795,0.00017570785031193942,0.0001756965104132938,3.82451409644883e-05,1.3278011779786896,0.050189931190273075,0.027771556057375555
2016-01-05,2145,persistence,select,pca_only,8,20,log_euclidean,0.01,0.005151595148254683,3591.495213428553,1004.6573843235346,2820.499299769278,1410.2496498846315,983.6613360200301,0.00017416837632507854,0.00017415703642643292,1.9247321927288666e-06,3.3735711830515838,0.10475033989683297,0.1675399670954254
2016-01-12,2150,D0_pca8,select,pca_only,8,20,log_euclidean,0.01,0.0020692724144556894,2258.65060577841,3965.6295951361685,193365.43020880298,96682.7151044015,93936.04233329176,0.0003219308546521983,0.00032192280952820937,5.9483978518281e-08,2.9148773228162974,0.13215699294437597,0.15448972049133708
2016-01-12,2150,rolling,select,pca_only,8,20,log_euclidean,0.01,0.0031260593994414925,5174.18537783954,862.5729627916226,3021.4325964199033,1510.716298209964,1094.1093595296038,0.00038148580840061607,0.00038147776327662714,4.559035436672695e-06,4.602540521505763,0.189564958040762,0.3477237577198137
2016-01-12,2150,ledoit_wolf,select,pca_only,8,20,log_euclidean,0.01,0.0021140545427716624,10136.977311175713,1566.8562548650425,329.58192575319197,164.79096287659598,-212.1534564583625,0.00017033807119462593,0.000170330026070637,3.837193552837887e-05,1.3870068399711024,0.050555858541411286,0.03008186089884932
2016-01-12,2150,persistence,select,pca_only,8,20,log_euclidean,0.01,0.005761678457087425,3806.647257252136,940.6236845697113,4866.341051269661,2433.1705256348328,1997.1919684498384,0.00019626409318738633,0.0001962560480633974,1.734860053134168e-06,2.9329167717950453,0.11277531477955224,0.14026604134116918
2016-01-20,2155,D0_pca8,select,pca_only,8,20,log_euclidean,0.01,0.002244267300061138,2337.0261653049024,3876.6926290336623,305451.70411872456,152725.85205936228,147987.3250464878,0.00019333302195837155,0.00019332903811247553,3.18652143236326e-08,2.8390214431632783,0.1529328419154074,0.13882569582386858
2016-01-20,2155,rolling,select,pca_only,8,20,log_euclidean,0.01,0.0030447449149926657,5204.740792067297,869.0488793220134,3337.151784151403,1668.5758920756957,1244.5551768324751,0.0002495810791153201,0.0002495770952694241,4.936915191127958e-06,5.005320924401147,0.19158203548456937,0.39822904609764725
2016-01-20,2155,ledoit_wolf,select,pca_only,8,20,log_euclidean,0.01,0.002166529235940971,9899.580778686246,1342.6046242630086,332.9850569800567,166.49252849002863,-210.08386773316442,0.00014573796121797303,0.000145733977372077,4.202513565260782e-05,1.5786818478007045,0.0567411785934429,0.04083429936686357
2016-01-20,2155,persistence,select,pca_only,8,20,log_euclidean,0.01,0.005856975901414227,3885.8539406818977,1111.0673533615436,4814.5576913151,2407.278845657546,1954.634472669702,0.0001510410698171266,0.00015103708597123057,1.497357471901041e-06,2.626866409308545,0.10263023685801466,0.11694670801267505
2016-01-27,2160,D0_pca8,select,pca_only,8,20,log_euclidean,0.01,0.0018709298562838042,2266.4150432717465,4282.975383339492,154789.73297288283,77394.86648644142,74876.8920909616,0.0002085243105727357,0.00020851778304117614,5.460180329044947e-08,2.74291696236181,0.1153304003079668,0.12933158120949104
2016-01-27,2160,rolling,select,pca_only,8,20,log_euclidean,0.01,0.002845264722990313,5200.414424552905,819.3361000852735,3194.4280584647686,1597.2140292323907,1170.0896397264555,0.0003591681164124043,0.0003591615888808447,4.804940431461276e-06,4.9044295433906075,0.17768260655891902,0.37856699581521924
2016-01-27,2160,ledoit_wolf,select,pca_only,8,20,log_euclidean,0.01,0.0019268752400018073,9871.672207654296,1170.9072107204834,334.8231929445035,167.4115964722517,-214.1904284357147,0.00010217631205189864,0.00010216978452033905,4.786440371730004e-05,1.7606716284830068,0.057656124099657126,0.04872336007513749
2016-01-27,2160,persistence,select,pca_only,8,20,log_euclidean,0.01,0.001312833078593715,3772.117415895104,1011.3832819706405,9222.786428965364,4611.393214482665,4084.9228949039343,0.00013716031385438117,0.0001371537863228216,1.0700554704863322e-06,3.2935995691069913,0.12109578450997538,0.17092440986136703
2016-02-03,2165,D0_pca8,select,pca_only,8,20,log_euclidean,0.01,0.0015751977205186877,2174.0043283099253,4183.452237561321,152363.90110921735,76181.95055460869,73718.35010573023,0.000189667428597336,0.00018965942298747115,5.370535878818728e-08,2.9325194962961088,0.1093114748330759,0.14865162036897417
2016-02-03,2165,rolling,select,pca_only,8,20,log_euclidean,0.01,0.002691050543627561,5228.1066842475775,848.5721370065778,2657.7441369211133,1328.8720684605437,896.9458749414498,0.0001805470486599002,0.00018053904305003534,6.8758115855674565e-06,5.872367248169842,0.16127402773446733,0.47685341029209133
2016-02-03,2165,ledoit_wolf,select,pca_only,8,20,log_euclidean,0.01,0.001688901055280117,9920.339102274593,1321.7593578401766,334.2244407430506,167.11222037152598,-222.60706944177045,8.800684370063129e-05,8.799883809076643e-05,4.8984921355451505e-05,1.7504720477571076,0.05188556098184671,0.04686088274028632
2016-02-03,2165,persistence,select,pca_only,8,20,log_euclidean,0.01,0.0014313527366284027,3816.7539254092208,978.2989093681275,5972.606185732444,2986.3030928662083,2496.6701504749735,7.41243245801623e-05,7.411631897029745e-05,1.1248901371510344e-06,2.869537536849643,0.11746106687183631,0.13268883300283826
2016-02-10,2170,D0_pca8,select,pca_only,8,20,log_euclidean,0.01,0.00040190146831547524,2031.1381730138282,4240.416777462777,42752.69496790647,21376.347483953235,20316.249825354553,6.048218476953984e-05,6.0478612976864674e-05,9.209194286479902e-08,3.019173505010932,0.1355587925414996,0.15725699978577015
2016-02-10,2170,rolling,select,pca_only,8,20,log_euclidean,0.01,0.0019521793428709483,5189.197920933382,785.0202199785922,979.5971907672333,489.7985953836251,56.37437798990169,0.00011309913949054658,0.0001130955676978714,6.546267885692268e-06,5.495170198926432,0.15399930183162122,0.43820138385884044
2016-02-10,2170,ledoit_wolf,select,pca_only,8,20,log_euclidean,0.01,0.0008014834007421956,9950.857279908572,1260.294460602746,327.3396587071396,163.66982935356972,-251.69204988442925,5.352836393861179e-05,5.3524792145936625e-05,5.037529393931295e-05,1.791159462839548,0.0515438347232502,0.04893837319650182
2016-02-10,2170,persistence,select,pca_only,8,20,log_euclidean,0.01,0.0014361880819671997,3635.182585683676,800.6066343573035,1733.8780624327692,866.9390312163899,433.51681600324684,7.183228890600699e-05,7.182871711333181e-05,1.0974627418616747e-06,2.3474726811484334,0.10422491858391036,0.0972903293046641
2016-02-18,2175,D0_pca8,select,pca_only,8,20,log_euclidean,0.01,0.00032454752909542135,1995.6942356537095,4538.0990855200125,80266.77174102639,40133.3858705132,38944.98666211164,4.737368333240291e-05,4.7371339797858326e-05,3.7638470467583164e-08,2.945504970056389,0.139475140999825,0.15226321924202507
2016-02-18,2175,rolling,select,pca_only,8,20,log_euclidean,0.01,0.0011550688308668037,5197.501534079531,647.9316911952851,904.9245704410223,452.46228522051206,9.766183277848864,9.710308065074556e-05,9.710073711620097e-05,4.726550031596225e-06,4.907215974303138,0.20265970322661883,0.39263158357876077
2016-02-18,2175,ledoit_wolf,select,pca_only,8,20,log_euclidean,0.01,0.00043024878012989703,9812.196855212238,902.5523707486868,335.5022535907892,167.75112679539447,-258.7252406936882,3.990082621235882e-05,3.989848267781423e-05,4.908691927693644e-05,1.9269300424155693,0.06257449547170374,0.0567592065051777
2016-02-18,2175,persistence,select,pca_only,8,20,log_euclidean,0.01,0.001590604648244909,3775.2919503971884,756.6692945215194,1452.524726804451,726.2623634021954,279.21274736657966,4.225494382604248e-05,4.2252600291497894e-05,8.235628559436147e-07,2.083028309716495,0.09558402606584211,0.07133262144964274
2016-02-25,2180,D0_pca8,select,pca_only,8,20,log_euclidean,0.01,0.00023891667456430647,1948.542557926235,5060.582232685294,52996.160595676934,26498.080297838475,25600.01072266962,4.947825905812372e-05,4.947472142752998e-05,4.893735874407122e-08,2.8102650607968176,0.11469422638466753,0.12971771469428953
2016-02-25,2180,rolling,select,pca_only,8,20,log_euclidean,0.01,0.0011921065821538933,5044.617015286668,698.4021452783527,830.5428122998051,415.2714061499105,-28.639589263501374,6.580311086399483e-05,6.579957323340109e-05,3.6521171673758466e-06,4.208186182873661,0.19337456092852953,0.30161931987619084
2016-02-25,2180,ledoit_wolf,select,pca_only,8,20,log_euclidean,0.01,0.0004234962504112449,9767.88716819735,811.085422901409,337.4464599511002,168.72322997554977,-260.333045046893,3.1219407467666054e-05,3.1215869837072316e-05,4.182394403792984e-05,1.8732763458496215,0.07700270126743043,0.05516497315300084
2016-02-25,2180,persistence,select,pca_only,8,20,log_euclidean,0.01,0.0014591025731930463,3729.9256109025555,765.4606508324416,1553.3313727596894,776.6656863798304,328.3993674783292,2.279123076472895e-05,2.278769313413521e-05,7.96441887475893e-07,2.2209277816844266,0.08351359981312118,0.07499092246543934
2016-03-03,2185,D0_pca8,select,pca_only,8,20,log_euclidean,0.01,0.00018352329779720362,1926.8745674909478,5838.784129607923,93387.91343028816,46693.956715144086,44533.98108279066,4.1440353050017873e-05,4.143867793747578e-05,3.497836203167139e-08,3.418706906683052,0.17665100787977184,0.2055014649686579
2016-03-03,2185,rolling,select,pca_only,8,20,log_euclidean,0.01,0.0013179269573750933,5047.129885340262,980.1816795979332,835.2667872935594,417.6333936467735,-31.064643360886105,6.958731051007652e-05,6.958563539753444e-05,3.871796039226139e-06,4.3957786448556275,0.15260906379289357,0.31504564041641825
2016-03-03,2185,ledoit_wolf,select,pca_only,8,20,log_euclidean,0.01,0.00045161996333508586,9795.679976901945,713.498576281464,351.9779296417196,175.9889648208602,-260.6475783920355,3.022120323140058e-05,3.0219528118858493e-05,4.256959746126383e-05,1.8141654169917913,0.09680422453346328,0.05376651208242415
2016-03-03,2185,persistence,select,pca_only,8,20,log_euclidean,0.01,0.0013918548508355822,3652.2592337119904,1185.9646510772156,1759.5007948549428,879.7503974274586,418.11177555444795,4.7330098662601095e-05,4.7328423550059003e-05,7.808331442774529e-07,2.418480877161169,0.09171906744635745,0.08542044916377395
2016-03-10,2190,D0_pca8,select,pca_only,8,20,log_euclidean,0.01,0.0007331228580898178,1910.276720380532,5064.31933205324,45287.5396075214,22643.769803760704,22071.72321093863,6.395188449957738e-05,6.394353938692074e-05,1.0214130985290108e-07,2.8015683060436576,0.12139153995818418,0.13301422919289366
2016-03-10,2190,rolling,select,pca_only,8,20,log_euclidean,0.01,0.0012477757070840098,5044.179221874055,709.1928091917351,1570.0778770190923,785.0389385095489,353.2529634621143,7.405191399593335e-05,7.404356888327672e-05,3.3721219533879633e-06,4.631887484282297,0.14376734972130215,0.34141175168355115
2016-03-10,2190,ledoit_wolf,select,pca_only,8,20,log_euclidean,0.01,0.0008906241341127263,9063.785094704604,638.9605346906999,327.0612800570714,163.5306400285359,-250.8370399127228,4.1824836408461674e-05,4.1816491295805044e-05,3.288036866082879e-05,2.1294708602852204,0.10935399497226042,0.07515828969478246
2016-03-10,2190,persistence,select,pca_only,8,20,log_euclidean,0.01,0.0009291399863220167,3430.9135106067492,973.526770537248,6312.234568901276,3156.1172844506423,2707.134642866382,5.482262167071982e-05,5.481427655806319e-05,4.444425690658162e-07,2.419846669644835,0.0901271374859084,0.08755021831083612
2016-03-17,2195,D0_pca8,select,pca_only,8,20,log_euclidean,0.01,0.0007648544926073412,1900.6171325499297,5209.859767170398,208837.6740276678,104418.83701383388,102353.12916963529,7.793517836752994e-05,7.792834402021382e-05,3.235082427547914e-08,3.9332010473026,0.13422027323072303,0.2432171457091866
2016-03-17,2195,rolling,select,pca_only,8,20,log_euclidean,0.01,0.0012862805503681925,4992.952151280479,834.4159464210237,1741.9655866588444,870.9827933294229,442.88611087789843,6.94509506507288e-05,6.944411630341268e-05,2.931823507957019e-06,4.791943658497665,0.14071318432420313,0.34639406795341887
2016-03-17,2195,ledoit_wolf,select,pca_only,8,20,log_euclidean,0.01,0.0009869939910681451,8600.15176132484,581.5893226265036,332.5762886749278,166.28814433746362,-248.84134908152373,4.195464380794886e-05,4.1947809460632735e-05,2.6158008337105436e-05,2.3384117814809255,0.11058711268314136,0.08848249664933655
2016-03-17,2195,persistence,select,pca_only,8,20,log_euclidean,0.01,0.0008763065635591546,3465.8709999189014,924.3145467507318,8362.02579908231,4181.0128995411615,3758.307267389605,4.741846281091218e-05,4.7411628463596055e-05,3.13935226921863e-07,2.189703697294569,0.08639595487793288,0.07683234360444259
2016-03-24,2200,D0_pca8,select,pca_only,8,20,log_euclidean,0.01,0.0009168624959277718,1918.0253732567833,6247.096301095487,106230.74572346227,53115.37286173114,51520.94395377349,0.00010426533270452568,0.00010425561898593029,4.7663785764403226e-08,2.9874529574055257,0.15225684135991097,0.1562595441682239
2016-03-24,2200,rolling,select,pca_only,8,20,log_euclidean,0.01,0.0013295422286491714,4963.36854687407,954.4853670242398,2462.5083257831143,1231.2541628915578,791.0573495063697,0.00010763894949578648,0.00010762923577719109,2.560828617173129e-06,4.6862800136784335,0.1503040040040531,0.32048392673419995
2016-03-24,2200,ledoit_wolf,select,pca_only,8,20,log_euclidean,0.01,0.001057126395694284,8650.342955415932,653.520253877019,345.93553374863836,172.9677668743194,-231.80380171959047,5.254979479756799e-05,5.2540081078972605e-05,2.5327189780915565e-05,2.2069136540835634,0.09263095615332007,0.08004463811439173
2016-03-24,2200,persistence,select,pca_only,8,20,log_euclidean,0.01,0.000983989837465917,3333.843214117123,1033.2740335155036,10632.730689103728,5316.365344551883,4808.237615290874,9.622709075800173e-05,9.621737703940633e-05,3.379731404592325e-07,2.372845337600782,0.08775219809412166,0.08752190859245144
2016-04-01,2205,D0_pca8,select,pca_only,8,20,log_euclidean,0.01,0.0010023989661389762,1948.2354771736018,6177.003030290528,163083.09099834232,81541.54549917114,79829.08904208725,9.47502441502851e-05,9.474555368792987e-05,3.0769394535783334e-08,2.630703318011994,0.1148983476969595,0.11564167033256909
2016-04-01,2205,rolling,select,pca_only,8,20,log_euclidean,0.01,0.0012000516873616179,4865.484385866517,855.5201655761277,2791.5136433894877,1395.756821694742,976.8079562931702,0.00010483915810826636,0.00010483446764591114,1.7174315215494283e-06,3.9694291959245755,0.10404331641452771,0.24326928282506402
2016-04-01,2205,ledoit_wolf,select,pca_only,8,20,log_euclidean,0.01,0.0009924619765948532,8713.494598771556,663.0234947826209,342.41658515802817,171.20829257901426,-228.49364565469995,5.180822773177372e-05,5.1803537269418494e-05,2.2448389062562128e-05,2.0278322330278136,0.07646271583132748,0.06589896045208556
2016-04-01,2205,persistence,select,pca_only,8,20,log_euclidean,0.01,0.000960885997756692,3400.9377528599534,1102.055957618003,13230.129146586134,6615.0645732930825,6145.656887890628,7.247671300427074e-05,7.247202254191551e-05,1.923298813641028e-07,1.987667140976509,0.07140599934258908,0.058657795089244534
2016-04-08,2210,D0_pca8,select,pca_only,8,20,log_euclidean,0.01,0.00032692925378367853,1873.6956223123088,6660.435699805656,82252.14541533387,41126.07270766693,40577.35791134284,0.00016021156025858012,0.00016020899146077842,7.104925423649555e-08,3.8889455331764857,0.1929372239795712,0.2627290332744147
2016-04-08,2210,rolling,select,pca_only,8,20,log_euclidean,0.01,0.0005527718439659646,4829.565342584621,922.9251279249471,1883.257327302072,941.6286636510341,518.3883182321453,8.118302964301916e-05,8.118046084521746e-05,1.4574950661006154e-06,3.858934483242147,0.1120390895045154,0.21905275746641295
2016-04-08,2210,ledoit_wolf,select,pca_only,8,20,log_euclidean,0.01,0.00034824611114020324,8732.766526392783,664.6575475874231,321.6522516810719,160.82612584053572,-256.82066837686835,5.125432896557505e-05,5.1251760167773354e-05,2.14888571635077e-05,2.033707766660484,0.05912296525409057,0.06268011691077752
2016-04-08,2210,persistence,select,pca_only,8,20,log_euclidean,0.01,0.0008753546066215834,3296.335113212621,1133.4255902730781,4210.4310739159255,2105.2155369579655,1669.877254640001,6.190084414813113e-05,6.189827535032943e-05,5.513037176968977e-07,2.505713802928435,0.09500071420939891,0.0991575453889724
2016-04-15,2215,D0_pca8,select,pca_only,8,20,log_euclidean,0.01,0.0003309176185303941,1933.2062712136176,6280.731081072224,123207.8186371125,61603.90931855625,60578.110668792666,9.428862560511101e-05,9.428639781098988e-05,2.9681773073373082e-08,2.7674846082573867,0.11128211352272975,0.1359471389977687
2016-04-15,2215,rolling,select,pca_only,8,20,log_euclidean,0.01,0.0005704734302356507,4727.842255401103,832.6806068538577,1871.9093821610575,935.9546910805166,511.3115370574984,9.094382261231803e-05,9.094159481819689e-05,1.5838336325444023e-06,3.678656765146708,0.11815902633290266,0.22232795502413163
2016-04-15,2215,ledoit_wolf,select,pca_only,8,20,log_euclidean,0.01,0.00031424650820238286,9217.915897795803,737.3229761398073,324.46219537821895,162.23109768910922,-251.65336494083232,4.467992099824581e-05,4.4677693204124676e-05,2.2290934427799347e-05,1.5189441215686228,0.050092967669938836,0.03811096972600814
2016-04-15,2215,persistence,select,pca_only,8,20,log_euclidean,0.01,0.0009118779063335111,3246.013306380476,947.013261598531,5022.162120429876,2511.0810602149445,2082.561843816862,5.390712956007552e-05,5.390490176595439e-05,4.650635992357362e-07,2.2984494688282533,0.07273064704615544,0.08547426216018285
2016-04-22,2220,D0_pca8,select,pca_only,8,20,log_euclidean,0.01,0.0001504657460691707,1931.1397117378574,6031.9272321795315,83375.86087082989,41687.93043541493,40808.93467910615,0.0001489632084685582,0.00014896061329267965,5.6524722107233904e-08,3.40540457872144,0.15370767396783777,0.20285713006041073
2016-04-22,2220,rolling,select,pca_only,8,20,log_euclidean,0.01,0.00035190416244147563,4691.256747983644,627.1561747522301,1766.268393371196,883.1341966856019,444.5226118408643,0.00010403638523506407,0.00010403379005918551,1.6177357004361401e-06,3.9332133042809785,0.13655043734561723,0.24795460057469798
2016-04-22,2220,ledoit_wolf,select,pca_only,8,20,log_euclidean,0.01,0.00013935473390736604,9246.869696556034,853.8304402502828,327.47825681569464,163.73912840784715,-261.2284228429937,5.5605049919933e-05,5.560245474405444e-05,2.028352922333691e-05,1.3350539355400584,0.045500183995419205,0.028668305130779646
2016-04-22,2220,persistence,select,pca_only,8,20,log_euclidean,0.01,0.0009020289375671283,3185.657808470372,922.145229403553,2808.665399794203,1404.3326998971336,960.0716091321585,5.132108065147602e-05,5.131848547559746e-05,5.703078080591292e-07,2.237616708488725,0.07475367294381782,0.08272172729191225
2016-04-29,2225,D0_pca8,select,pca_only,8,20,log_euclidean,0.01,0.00011854444990681598,1930.4652556105862,5116.89021841951,91832.56982339874,45916.28491169937,44974.05086576194,9.266694507323284e-05,9.266450873396167e-05,3.3810652731099024e-08,3.0054695090118506,0.0941846503818248,0.15722401921899845
2016-04-29,2225,rolling,select,pca_only,8,20,log_euclidean,0.01,0.0002462167360439832,4672.530817029218,635.201372205324,1886.6752128447042,943.3376064223576,487.6324859670243,7.755498930916176e-05,7.755255296989059e-05,1.1733312612648745e-06,3.602364775193241,0.15143586791156555,0.22130093252086844
2016-04-29,2225,ledoit_wolf,select,pca_only,8,20,log_euclidean,0.01,0.00011608564983041716,8776.394735335773,1013.5985652003991,324.9466876960638,162.47334384803236,-270.68065014056873,5.976171680475791e-05,5.9759280465486733e-05,1.626020505572845e-05,1.3932262830141569,0.04584838760109157,0.03247059325115829
2016-04-29,2225,persistence,select,pca_only,8,20,log_euclidean,0.01,0.0009760857619438406,3384.637369763069,1094.8626349377075,2411.123130720336,1205.561565360109,758.6039015957738,4.7939595037735234e-05,4.793715869846406e-05,4.038732702126357e-07,1.8847759729811142,0.056984420289313525,0.054537472758766546
2016-05-06,2230,D0_pca8,select,pca_only,8,20,log_euclidean,0.01,0.00010191982763605887,1887.267578839141,5762.32292377452,77402.57657222221,38701.28828611111,37284.05808317177,0.00011616589451071665,0.00011616343347548113,5.841961219136934e-08,3.550305411043988,0.18996568792936563,0.22556327662768877
2016-05-06,2230,rolling,select,pca_only,8,20,log_euclidean,0.01,0.0002587155510062219,4601.235410068845,729.7774796917656,1750.8685275054008,875.4342637526993,411.8008516334024,7.440824784933118e-05,7.440578681409566e-05,1.1107574458477986e-06,3.4492546949401346,0.13171716214189005,0.20972027461782614
2016-05-06,2230,ledoit_wolf,select,pca_only,8,20,log_euclidean,0.01,0.00011240780528634799,8801.343345435453,1030.65715997321,331.00018595625147,165.5000929781251,-272.1854085898725,4.899855195812136e-05,4.8996090922885835e-05,1.6464796713088914e-05,1.442913094887538,0.04023586636184435,0.03212010591514913
2016-05-06,2230,persistence,select,pca_only,8,20,log_euclidean,0.01,0.0003278639193760324,3237.6886639156646,1169.4868246566693,3265.7283879539755,1632.8641939769714,1175.483518258227,4.233275951305758e-05,4.233029847782205e-05,2.6336843623678864e-07,1.6949226559856891,0.06213168563956646,0.05391569675537152
2016-05-13,2235,D0_pca8,select,pca_only,8,20,log_euclidean,0.01,6.924924509364835e-05,1912.2759609818845,5613.443002831332,57152.438306852964,28576.219153426493,27516.944497082062,7.805395720124603e-05,7.804973567207034e-05,5.886743259455758e-08,3.5186109415610125,0.18298690789459174,0.21819718911414618
2016-05-13,2235,rolling,select,pca_only,8,20,log_euclidean,0.01,0.00021326403993521213,4617.94696882129,728.9687705907183,1402.6641980859536,701.3320990429736,239.71420898994796,5.371491825209004e-05,5.3710696722914346e-05,1.0193189711562795e-06,3.4324163112100368,0.12123477227933173,0.1897249438763906
2016-05-13,2235,ledoit_wolf,select,pca_only,8,20,log_euclidean,0.01,7.870425417671629e-05,8841.961056062455,1055.3701637364172,333.88781995435886,166.9439099771797,-278.7853012277683,3.8113299291689934e-05,3.810907776251424e-05,1.3973880422610865e-05,1.3559598584366854,0.040201627777715104,0.02710591353430408
2016-05-13,2235,persistence,select,pca_only,8,20,log_euclidean,0.01,0.0002895822516530703,3239.2501335087413,1083.6239605358987,2584.9428833223956,1292.4714416612046,819.1055580201237,2.6505703838542866e-05,2.6501482309367167e-05,2.808298659000788e-07,1.748000416808976,0.07204777511730877,0.05393542624869974
2016-05-20,2240,D0_pca8,select,pca_only,8,20,log_euclidean,0.01,4.734337227283058e-05,1775.136945486221,5986.403880070531,36299.41410177653,18149.70705088826,17328.234880134154,6.186803024863048e-05,6.186532580816775e-05,6.577912758224414e-08,3.2482443871804123,0.16178851894635563,0.1855040355387499
2016-05-20,2240,rolling,select,pca_only,8,20,log_euclidean,0.01,0.00018630975457041275,4559.9133131292865,646.7971948642021,1168.5655839289586,584.2827919644828,115.2241566801298,6.328508038212147e-05,6.328237594165874e-05,1.3524496141589457e-06,4.1110633147036975,0.16613287438528201,0.2570754421082264
2016-05-20,2240,ledoit_wolf,select,pca_only,8,20,log_euclidean,0.01,5.847165508038401e-05,8912.942893473793,1014.411733319259,343.8160229239984,171.9080114619986,-281.8898445952777,2.0830307548349274e-05,2.0827603107886554e-05,1.5482220524929103e-05,1.3092814449851886,0.03876153730897665,0.023979853703680932
2016-05-20,2240,persistence,select,pca_only,8,20,log_euclidean,0.01,0.00012606693704115502,3115.764523241268,862.9705852884032,2600.593055311484,1300.2965276557456,821.2386312556504,2.9941705886282366e-05,2.9939001445819646e-05,3.116680182731157e-07,2.2796092042474356,0.08323810285009832,0.0772009261836511
2016-05-27,2245,D0_pca8,select,pca_only,8,20,log_euclidean,0.01,0.0005533797643889641,1870.2286693176684,3690.2858299903596,58783.208796085186,29391.604398042597,28780.899468941505,3.4736933219425436e-05,3.4731365525479056e-05,4.51767756886883e-08,3.083112430939917,0.1864924813514154,0.18463888432304176
2016-05-27,2245,rolling,select,pca_only,8,20,log_euclidean,0.01,0.0005120024049820032,4540.77063172218,1574.5231296337465,1378.4892731929096,689.2446365964524,237.01973235303632,9.697608019545359e-05,9.697051250150722e-05,1.4314238703209763e-06,4.270622258736376,0.16981775788458184,0.2669281244474915
2016-05-27,2245,ledoit_wolf,select,pca_only,8,20,log_euclidean,0.01,0.0005289418458079393,8980.656484541523,2572.497937999344,309.940997335175,154.97049866758752,-273.9838099356895,8.33477409491349e-05,8.334217325518853e-05,1.4332445086650217e-05,1.2125134765420056,0.03385852058120801,0.020967159214956458
2016-05-27,2245,persistence,select,pca_only,8,20,log_euclidean,0.01,0.0004205663159413381,3187.9936922781,1445.384646527884,3898.1687159807193,1949.0843579903662,1484.6491570976768,7.299798712818912e-05,7.299241943424274e-05,2.898327634992173e-07,2.3525385669255257,0.0777671649222832,0.08393127668069406
2016-06-06,2250,D0_pca8,select,pca_only,8,20,log_euclidean,0.01,0.0009193150348956617,1801.104117592879,2777.381103928909,50746.72045010476,25373.360225052387,24276.32547771835,6.882251228415756e-05,6.881758087654134e-05,6.53207020119496e-08,3.2623023330269394,0.17037163611423864,0.1999965638322031
2016-06-06,2250,rolling,select,pca_only,8,20,log_euclidean,0.01,0.0008538795573852474,4652.37923048607,1883.7133178292916,1575.1518125352318,787.5759062676113,329.70746691150384,0.0001848521453179841,0.00018484721391036788,1.4048723261014818e-06,3.990494541071685,0.15938954967413088,0.2654987809917816
2016-06-06,2250,ledoit_wolf,select,pca_only,8,20,log_euclidean,0.01,0.0009264296872205627,8979.011734723257,3114.8357790981618,302.06042708335093,151.03021354167558,-271.3149624222211,0.00013649818841107863,0.0001364932570034624,1.3322025573636256e-05,1.1859043345206337,0.03197738277238149,0.019415602109569597
2016-06-06,2250,persistence,select,pca_only,8,20,log_euclidean,0.01,0.0008040519103482684,3281.208992746903,1842.249668040307,5031.801365178821,2515.900682589399,2013.2726110992166,0.00022655407360831808,0.00022654914220070186,2.494328717589349e-07,2.207229444513108,0.08845180061361005,0.07829509030835131
2016-06-13,2255,D0_pca8,select,pca_only,8,20,log_euclidean,0.01,0.001053503060030321,1728.5873889305885,3193.9647693423594,40654.4581231122,20327.229061556103,19030.907073954662,6.0892385534647256e-05,6.088149753797924e-05,1.0177695136865539e-07,3.9009550494190917,0.20727998010518478,0.2673880221904237
2016-06-13,2255,rolling,select,pca_only,8,20,log_euclidean,0.01,0.0009644700444674668,4507.903403101828,1854.335590332053,1367.6558727973156,683.8279363986572,220.02653651183618,0.00016952230069418995,0.00016951141269752195,1.211873546320156e-06,3.83824646809212,0.1607859642260393,0.2270473370554728
2016-06-13,2255,ledoit_wolf,select,pca_only,8,20,log_euclidean,0.01,0.0010693231187903591,8962.97120431327,3148.2874202897556,295.33211844563886,147.66605922281926,-273.75075700603236,0.000129211467777469,0.000129200579780801,1.3493473121799897e-05,1.241301045056962,0.03645238187255703,0.021530418211920272
2016-06-13,2255,persistence,select,pca_only,8,20,log_euclidean,0.01,0.0008967667088816352,3131.346766499712,1694.0935580895073,5077.579641902168,2538.7898209511027,2010.6733031459576,0.0001802057310769037,0.0001801948430802357,3.2058096686019874e-07,2.8952160126351654,0.09894102602368682,0.11860805479074404
2016-06-20,2260,D0_pca8,select,pca_only,8,20,log_euclidean,0.01,0.0011129836358852259,1725.4993123480065,2933.8857963176547,60948.57501566294,30474.287507831476,28702.603498377364,4.602210564494734e-05,4.6012444072675624e-05,5.988074942507076e-08,3.5206758602480894,0.1790164606099565,0.23336392608005013
2016-06-20,2260,rolling,select,pca_only,8,20,log_euclidean,0.01,0.0010054011436244847,4544.202437577107,2102.9275903318094,1470.7093750687511,735.354687534375,275.11843638835813,0.00012921821718397987,0.00012920855561170816,1.1697444238002313e-06,3.688619689173817,0.16038536325883057,0.22725781824749655
2016-06-20,2260,ledoit_wolf,select,pca_only,8,20,log_euclidean,0.01,0.0010889883573023701,8932.323701264992,3374.274531731152,297.2843945008072,148.6421972504037,-273.1351178339609,0.000132218023706108,0.0001322083621338363,1.1621940150771694e-05,1.1527755936886963,0.03531289868759267,0.019178525775792522
2016-06-20,2260,persistence,select,pca_only,8,20,log_euclidean,0.01,0.0009127692134149503,3113.996081639434,1750.2502627930771,5660.641582189714,2830.3207910948604,2283.189407678251,9.606205235705176e-05,9.605239078478005e-05,2.0436536207159308e-07,2.4929625208663873,0.06745650608774784,0.08935935030580915
2016-06-27,2265,D0_pca8,select,pca_only,8,20,log_euclidean,0.01,0.00010471785562315056,1778.0769508774683,4602.773727263049,40573.14218743553,20286.57109371776,19815.392816420663,4.705274957712853e-05,4.704776443032075e-05,8.91462809157903e-08,3.6217351521002747,0.2156614082739461,0.23483505332994842
2016-06-27,2265,rolling,select,pca_only,8,20,log_euclidean,0.01,8.084237017617439e-05,4357.331469063303,590.0014824859841,1338.3204318422772,669.1602159211358,223.62405513530263,3.927612496975775e-05,3.927113982294997e-05,1.1423187872362603e-06,3.965850149932386,0.15182564811479862,0.259333129215883
2016-06-27,2265,ledoit_wolf,select,pca_only,8,20,log_euclidean,0.01,5.946734347823389e-05,8051.535998780203,895.291627131826,301.471827630303,150.73591381515146,-293.8534901904808,3.6011503432607604e-05,3.6006518285799824e-05,1.3623585997430217e-05,1.8267418723901092,0.06852959697021055,0.05217481992803774
2016-06-27,2265,persistence,select,pca_only,8,20,log_euclidean,0.01,0.0002766389276266769,2978.8474086583337,829.5566995083517,2535.0796716882605,1267.5398358441337,817.373172876153,3.2555236966226226e-05,3.2550251819418445e-05,4.059764889085118e-07,2.3874951013048284,0.09920641402171129,0.09817463506018376
2016-07-05,2270,D0_pca8,select,pca_only,8,20,log_euclidean,0.01,8.826155612506604e-05,1861.1833266520384,6434.197237760482,38235.90811952581,19117.954059762902,18653.097080040774,6.446269885041431e-05,6.446051126306272e-05,4.5638116518063984e-08,2.3875176131350084,0.09355158851535092,0.10367957824304258
2016-07-05,2270,rolling,select,pca_only,8,20,log_euclidean,0.01,0.0001711339191574421,4296.372398658461,893.9380836126488,1479.2582829930282,739.6291414965092,312.6211612580437,5.34193256901161e-05,5.34171381027645e-05,1.3111267355312658e-06,4.192474993266067,0.14978808040828376,0.2844946400153942
2016-07-05,2270,ledoit_wolf,select,pca_only,8,20,log_euclidean,0.01,9.769631337701773e-05,7684.291784804319,592.49496583939,306.755469474268,153.3777347371337,-287.49181031525376,2.9926999691891515e-05,2.9924812104539917e-05,1.43550888275765e-05,2.331893483867991,0.08247086759751775,0.0842849455184605
2016-07-05,2270,persistence,select,pca_only,8,20,log_euclidean,0.01,0.0007175688198371366,3126.383335054734,1854.1537852647784,2828.584176332999,1414.2920881664927,972.6434393267871,4.256036808745902e-05,4.2558180500107416e-05,4.665843941189471e-07,2.4071899796850746,0.07624088853650113,0.09531012376792508
2016-07-12,2275,D0_pca8,select,pca_only,8,20,log_euclidean,0.01,7.640093095216525e-05,1882.7659047929906,7407.6694537113135,68531.1375741877,34265.56878709385,33656.53260372365,9.73929853491297e-05,9.739236565199016e-05,4.617231541253286e-08,3.4496130339381077,0.18899055756208732,0.1901926213124173
2016-07-12,2275,rolling,select,pca_only,8,20,log_euclidean,0.01,0.00023192802690678326,4435.937967983314,1435.0405721536358,1805.9741576464578,902.9870788232287,468.4798750515806,6.427451040021117e-05,6.427389070307163e-05,1.5204090289728963e-06,4.561644784136226,0.18919299733079328,0.36397047250177295
2016-07-12,2275,ledoit_wolf,select,pca_only,8,20,log_euclidean,0.01,0.00014882603071296436,7381.417585623185,898.2057574402345,328.6531448096896,164.32657240484463,-279.9506118334547,2.6422348439679032e-05,2.64217287425395e-05,1.403420284462833e-05,2.537677844466556,0.10139807906644015,0.10820467583267587
2016-07-12,2275,persistence,select,pca_only,8,20,log_euclidean,0.01,0.0010116123659326419,3132.550211160243,2693.089649406009,2806.640959079194,1403.3204795395918,957.6294575415584,3.6404859919913094e-05,3.6404240222773564e-05,6.137168395455164e-07,2.7632622030654375,0.09049974845825481,0.11976263244298664
2016-07-19,2280,D0_pca8,select,pca_only,8,20,log_euclidean,0.01,0.00010117256620221349,1895.5718368056937,7536.618066143472,57778.55445588973,28889.277227944847,28483.29649940361,8.536495897287647e-05,8.53635507344089e-05,5.406540066688348e-08,3.1256885517435196,0.14191677466259567,0.16955931075419492
2016-07-19,2280,rolling,select,pca_only,8,20,log_euclidean,0.01,0.00021218796081814303,4308.3797871760235,1342.4747082286585,1880.3318712251626,940.1659356125812,516.9421583022491,8.816852612653649e-05,8.816711788806892e-05,1.5604872648016458e-06,4.829827677480211,0.20190933312348372,0.3935907805783781
2016-07-19,2280,ledoit_wolf,select,pca_only,8,20,log_euclidean,0.01,0.00013966468008252308,7299.890610823309,810.9112315415946,320.46849129425306,160.23424564712647,-278.9270148646684,3.10488337543809e-05,3.1047425515913327e-05,1.4148052033587004e-05,2.4931485585176705,0.11218405598866635,0.10643388412144034
2016-07-19,2280,persistence,select,pca_only,8,20,log_euclidean,0.01,0.000977353356069458,3141.706431698375,2608.245558637442,3073.0707614283497,1536.5353807141632,1091.2640922953278,3.758249410440312e-05,3.758108586593554e-05,5.881459971918014e-07,2.82841934350475,0.09285887217739708,0.11597607873172108
2016-07-26,2285,D0_pca8,select,pca_only,8,20,log_euclidean,0.01,0.0001011087275263949,1902.7915874228293,7595.530560207977,71004.72835752138,35502.3641787607,34805.53293117344,5.7246352445368646e-05,5.724495549566711e-05,7.195774596824513e-08,3.653021943492905,0.2360292407980749,0.2494590499473512
2016-07-26,2285,rolling,select,pca_only,8,20,log_euclidean,0.01,0.00022109796529242787,4460.3456360425,1531.691520079716,2215.676024788188,1107.8380123940829,674.7188052397587,0.00011279937074976138,0.00011279797380005983,1.3815072308499378e-06,4.589683300167905,0.22582774052013496,0.3692610619132585
2016-07-26,2285,ledoit_wolf,select,pca_only,8,20,log_euclidean,0.01,0.00014789702328416057,7313.09959991079,930.7054214298099,342.95851297300965,171.47925648650528,-268.94620026434495,3.653360915908721e-05,3.653221220938567e-05,1.3592766487708201e-05,2.49159609463728,0.11272388354650029,0.10670569322547019
2016-07-26,2285,persistence,select,pca_only,8,20,log_euclidean,0.01,0.00013401749158266097,3265.7959261235865,1423.7947102857197,5813.958162933547,2906.9790814667704,2438.022802652009,3.788614433445193e-05,3.788474738475039e-05,3.4840643671822366e-07,2.8455616144267557,0.10520253439439409,0.12498021235875023
2016-08-02,2290,D0_pca8,select,pca_only,8,20,log_euclidean,0.01,4.9954036081598006e-05,1801.820128911195,7268.2758773137,43566.1539314362,21783.076965718115,21583.91723538235,9.893171937616239e-05,9.89305709688296e-05,7.332955330701188e-08,3.525831076397892,0.14374112034435804,0.21351289201262053
2016-08-02,2290,rolling,select,pca_only,8,20,log_euclidean,0.01,0.0002103849572043343,4385.006434747186,1270.580345195588,1758.0528863762675,879.0264431881276,418.09459726523556,5.3886300212880094e-05,5.3885151805547316e-05,1.2799282903499501e-06,4.549102998982444,0.1693200166407382,0.3353437529445078
2016-08-02,2290,ledoit_wolf,select,pca_only,8,20,log_euclidean,0.01,0.00012931150020202467,7282.1423821805,787.5340565061189,332.670660577292,166.33533028864628,-288.6874619429576,3.3077523963534664e-05,3.3076375556201887e-05,1.0500966021622236e-05,2.118186076979612,0.08283905577153883,0.07720411654320518
2016-08-02,2290,persistence,select,pca_only,8,20,log_euclidean,0.01,9.575951091578355e-05,3199.1369764644187,1024.5018226013385,3989.47377697281,1994.7368884864018,1526.0801184253644,2.2063436733105116e-05,2.206228832577234e-05,1.850086714490366e-07,2.011900977437338,0.06967851012859788,0.0628438403482621
2016-08-09,2295,D0_pca8,select,pca_only,8,20,log_euclidean,0.01,5.3932439663364585e-05,1862.3046203068998,7403.6362050268835,34951.399419010806,17475.699709505385,16669.863179660788,6.134170142220037e-05,6.134089137710942e-05,7.161833621606181e-08,3.186549834050553,0.13518523559171516,0.16244384031956222
2016-08-09,2295,rolling,select,pca_only,8,20,log_euclidean,0.01,0.00024057801642394944,4430.559065561995,1513.2576672979792,1821.435804526385,910.7179022631964,433.37145167959005,3.0774641611154316e-05,3.077383156606336e-05,1.0563545047594524e-06,3.987211921635807,0.16911785993145528,0.2765671844323335
2016-08-09,2295,ledoit_wolf,select,pca_only,8,20,log_euclidean,0.01,0.0001539349106883238,7269.815744512673,993.1510232839131,337.4571008519544,168.728550425977,-287.21593439253553,3.257491465592925e-05,3.257410461083829e-05,9.613315584847017e-06,2.157054825574476,0.0811550416566845,0.07995286900857913
2016-08-09,2295,persistence,select,pca_only,8,20,log_euclidean,0.01,8.836345459287392e-05,3346.6622301238885,1158.5694740196848,4794.609179591549,2397.304589795797,1877.9221125162524,2.5750796660668182e-05,2.5749986615577228e-05,7.836634980545687e-08,1.4438462287598832,0.04272819762384139,0.02894398153386744
2016-08-16,2300,D0_pca8,select,pca_only,8,20,log_euclidean,0.01,9.778663845318384e-05,1856.220388715935,3844.555535161295,59351.94693717074,29675.973468585362,28270.510979315877,0.00010527435331748219,0.00010527117548433797,6.037178440537447e-08,3.7659155352935105,0.16651783722844032,0.23317820590654112
2016-08-16,2300,rolling,select,pca_only,8,20,log_euclidean,0.01,0.00020465742353819482,4409.494837086641,1021.2386399252712,1885.165756945402,942.5828784727084,464.9662327576551,4.75148311398296e-05,4.751165330668539e-05,1.0602601390283368e-06,3.972408448956035,0.17565911456686922,0.2675699960364471
2016-08-16,2300,ledoit_wolf,select,pca_only,8,20,log_euclidean,0.01,0.00013750260083462623,7289.517413973858,1033.1359512098104,330.1548393535056,165.0774196767527,-281.14541166210626,7.220726352143062e-05,7.220408568828641e-05,9.4532693686043e-06,2.092775827512275,0.08189821713387,0.07745863877658808
2016-08-16,2300,persistence,select,pca_only,8,20,log_euclidean,0.01,0.00015185995928407574,3238.111958943081,1696.352616656086,4661.981529318351,2330.9907646591696,1819.3318228399335,7.311647946681596e-05,7.311330163367175e-05,1.3295500556895175e-07,1.700827673807126,0.053482507258636076,0.04442245942558794
2016-08-23,2305,D0_pca8,select,pca_only,8,20,log_euclidean,0.01,0.00011293612895919692,1787.536467064655,3095.1754810300085,39698.99183911519,19849.495919557583,19065.577700070287,7.448531448113038e-05,7.448114622829195e-05,7.44981347722109e-08,3.5905525204983517,0.1559599128412248,0.21538365909342028
2016-08-23,2305,rolling,select,pca_only,8,20,log_euclidean,0.01,0.00018490665549943385,4345.969198919217,1118.0262783133717,1594.608694394709,797.3043471973511,323.6090360497199,4.909622306557468e-05,4.909205481273625e-05,1.004257466278002e-06,4.071349627823952,0.16224135727018613,0.26379103415359384
2016-08-23,2305,ledoit_wolf,select,pca_only,8,20,log_euclidean,0.01,0.00012791398677571383,7331.306342314645,1262.5044376021033,311.0589644847897,155.52948224239447,-293.1643264683172,7.369873854026838e-05,7.369457028742995e-05,9.930123742216125e-06,2.109087053656013,0.07489227632822147,0.07573676851465806
2016-08-23,2305,persistence,select,pca_only,8,20,log_euclidean,0.01,0.0001751503912264173,3288.99087087557,2227.7176932722004,4488.08410391355,2244.0420519567697,1767.845376992697,9.312931962747205e-05,9.312515137463363e-05,1.2116025125304828e-07,1.6682655781809586,0.05188237020615508,0.040822053956596424
2016-08-30,2310,D0_pca8,select,pca_only,8,20,log_euclidean,0.01,0.00013714915804899065,1826.78881474729,3088.246893842486,61879.446170681374,30939.723085340687,30383.172163612187,5.160785660689827e-05,5.160142729324669e-05,4.5957349012759845e-08,3.715490326088069,0.18819222609655908,0.2534531484311443
2016-08-30,2310,rolling,select,pca_only,8,20,log_euclidean,0.01,0.0001700352792383412,4471.651268733323,1008.5810465721925,1752.8663049483687,876.4331524741784,410.06687144513523,5.5721203518989656e-05,5.571477420533808e-05,1.2218829966827122e-06,4.455965987778655,0.16007312198433812,0.318640659765334
2016-08-30,2310,ledoit_wolf,select,pca_only,8,20,log_euclidean,0.01,0.00011984350029686359,7363.959543796696,1161.7571725507444,309.94554272768005,154.97277136383968,-290.47825688260014,6.11383808245118e-05,6.113195151086022e-05,1.0969231788759215e-05,2.159275721842209,0.0784785621976275,0.0775685977192352
2016-08-30,2310,persistence,select,pca_only,8,20,log_euclidean,0.01,0.00014093162430710168,3212.39640149439,1799.9794865957906,5956.756197064996,2978.3780985324765,2517.3555972079644,8.149128531659539e-05,8.148485600294381e-05,1.0795410856419841e-07,1.7798660113720448,0.057197241240314924,0.04867637303290471
2016-09-07,2315,D0_pca8,select,pca_only,8,20,log_euclidean,0.01,0.00012810930749678276,1824.9256335371583,2879.1326349729534,34296.619984123405,17148.309992061713,16525.8110629754,7.339948769824792e-05,7.339260072050802e-05,8.224197917632605e-08,3.415291155627081,0.13335023415270755,0.189021648016808
2016-09-07,2315,rolling,select,pca_only,8,20,log_euclidean,0.01,0.00012052357385663643,4514.725060739854,1251.3564759243002,2134.00281866387,1067.0014093319298,600.0362579063012,5.3218523620109726e-05,5.321163664236983e-05,8.399261823769788e-07,3.7798066835815427,0.17784529349549613,0.2658945368395292
2016-09-07,2315,ledoit_wolf,select,pca_only,8,20,log_euclidean,0.01,0.00011177367458573896,7282.2049626377975,1542.5925635261685,314.56507870141445,157.28253935070677,-286.35588675629117,5.212677532008259e-05,5.211988834234269e-05,8.941722642251626e-06,1.9978401392041276,0.08761928069150518,0.07047458912368477
2016-09-07,2315,persistence,select,pca_only,8,20,log_euclidean,0.01,0.00015998986959671633,3297.9138313764543,2081.474871051558,6299.600901086452,3149.8004505432373,2663.9874488010764,7.757276025931935e-05,7.756587328157945e-05,8.50852449102842e-08,1.6392033491054518,0.05554544961323816,0.038024110403343477
2016-09-14,2320,D0_pca8,select,pca_only,8,20,log_euclidean,0.01,8.632435375417788e-05,1847.113772440919,4702.192884110176,58366.92694579963,29183.463472899803,28112.274519708997,7.246541626329577e-05,7.246298237996962e-05,6.792225266386527e-08,3.924390135509818,0.1878941269802216,0.25405160484551453
2016-09-14,2320,rolling,select,pca_only,8,20,log_euclidean,0.01,8.86443335221906e-05,4459.321859331446,719.4978829838687,2392.185199801233,1196.0925999006158,723.8586824798518,5.626055495211958e-05,5.625812106879343e-05,6.260045595171961e-07,3.4257549077922147,0.12661372370979732,0.21082690417250377
2016-09-14,2320,ledoit_wolf,select,pca_only,8,20,log_euclidean,0.01,7.482132074003389e-05,7360.6937521079235,825.3595567344339,328.40660223996156,164.20330111998027,-284.4454885590808,3.81038762752414e-05,3.810144239191525e-05,9.123697966321145e-06,2.176543790838859,0.07560391524564643,0.075644302190485
2016-09-14,2320,persistence,select,pca_only,8,20,log_euclidean,0.01,0.00010903662382897225,3230.9766998328623,925.199343214811,4928.052990419036,2464.026495209527,1970.1868031150432,7.67345292288338e-05,7.673209534550765e-05,2.965458044561197e-07,2.5372290780770967,0.08178464045013195,0.10546536130357413
2016-09-21,2325,D0_pca8,select,pca_only,8,20,log_euclidean,0.01,7.995315661220504e-05,1809.6162791233403,5481.449366432837,49247.162711207944,24623.581355603998,23575.821754609442,5.494200952065377e-05,5.4940202826670694e-05,5.7840432948962006e-08,3.093455272243025,0.1355038790429133,0.16444177244941766
2016-09-21,2325,rolling,select,pca_only,8,20,log_euclidean,0.01,8.233427209661205e-05,4405.532295835121,668.6764222002646,2597.3658308737636,1298.6829154368786,830.9621874871991,3.826292573032752e-05,3.826111903634444e-05,6.124416116430936e-07,3.4168115775463868,0.12585282509032808,0.21718739017189423
2016-09-21,2325,ledoit_wolf,select,pca_only,8,20,log_euclidean,0.01,7.13489888430726e-05,7460.344617890138,737.5231236343784,326.3355651646207,163.1677825823104,-284.4260412052315,2.507519961873975e-05,2.5073392924756675e-05,9.624734567189302e-06,2.007233983494618,0.06595135702239345,0.06352016113043704
2016-09-21,2325,persistence,select,pca_only,8,20,log_euclidean,0.01,0.00012996233552179152,3225.5719522744994,1241.1199781167663,5524.272321088085,2762.1361605440484,2265.352021461435,6.348349552268806e-05,6.348168882870498e-05,3.6617490375633515e-07,3.0646464567250336,0.09459415439553946,0.136556738000539
2016-09-28,2330,D0_pca8,select,pca_only,8,20,log_euclidean,0.01,8.276045063976249e-05,1857.784041907339,6424.166011339049,50162.90298977382,25081.451494886893,24551.89196927246,5.614630673100776e-05,5.614555489824382e-05,6.30950182475885e-08,2.9016522482842815,0.1502848699761214,0.1648784038694856
2016-09-28,2330,rolling,select,pca_only,8,20,log_euclidean,0.01,9.16553881352504e-05,4540.983394394631,745.8668766926153,3297.9235605811864,1648.961780290591,1168.8084927683144,6.049331170786457e-05,6.049255987510063e-05,8.487655417233574e-07,4.220422434959209,0.16829330266830111,0.3003784578472768
2016-09-28,2330,ledoit_wolf,select,pca_only,8,20,log_euclidean,0.01,7.748771813558964e-05,7419.460977188886,638.6757124149123,346.4044993857009,173.2022496928507,-270.21997013489573,2.2203420576051562e-05,2.2202668743287623e-05,1.1065411130704747e-05,2.1632105308888976,0.07936390201685213,0.07235178307677977
2016-09-28,2330,persistence,select,pca_only,8,20,log_euclidean,0.01,0.0001593280042726966,3394.8989910655846,1465.324058314616,6245.023915736032,3122.511957868004,2657.036589770575,4.5717345880116726e-05,4.5716594047352786e-05,4.816652663240479e-07,3.2046550082904925,0.1406953868085816,0.1698291295212531
2016-10-05,2335,D0_pca8,select,pca_only,8,20,log_euclidean,0.01,0.00013914411777220245,1972.793409830244,6972.59763585473,100412.98720961419,50206.49360480709,48996.03210787133,3.682479216474418e-05,3.682387994826177e-05,3.7450341951499493e-08,2.8912732527162612,0.14967712193140043,0.14960110632986096
2016-10-05,2335,rolling,select,pca_only,8,20,log_euclidean,0.01,0.00015580008523712383,4747.601560805066,845.6984277787392,5254.176260216116,2627.0881301080512,2160.3238849940817,7.254845981881987e-05,7.254754760233747e-05,1.0861913144418712e-06,4.683697724154599,0.18478990888378155,0.3737037778804701
2016-10-05,2335,ledoit_wolf,select,pca_only,8,20,log_euclidean,0.01,0.00013638749029950542,7463.016232422737,575.7679306623181,412.8791401833706,206.4395700916856,-227.5877744147662,2.1942117322337732e-05,2.1941205105855323e-05,1.1591174017035002e-05,2.2445724967702376,0.06644289518685216,0.07365877737209962
2016-10-05,2335,persistence,select,pca_only,8,20,log_euclidean,0.01,0.00023386304205015774,3591.393563305894,1859.9303364907305,8025.830932603933,4012.915466301969,3528.0010955098937,4.509959366533856e-05,4.5098681448856146e-05,5.360078146531998e-07,3.41970936167192,0.10830702614642151,0.18169282303748516
2016-10-12,2340,D0_pca8,select,pca_only,8,20,log_euclidean,0.01,0.00018074906779848638,2056.8197033699726,6265.179395657324,80815.62313109761,40407.811565548815,39390.29046948988,0.00015277028948596088,0.00015276768369394239,8.071174827306503e-08,3.3310511698876963,0.19776475335829094,0.19911225720312173
2016-10-12,2340,rolling,select,pca_only,8,20,log_euclidean,0.01,0.00018004739841877664,4814.612670421644,891.1833300880323,5548.228753175129,2774.114376587556,2331.3800424107567,9.778178749249651e-05,9.777918170047803e-05,1.0259964844355477e-06,4.517286034117166,0.1673334225515167,0.3470033100410263
2016-10-12,2340,ledoit_wolf,select,pca_only,8,20,log_euclidean,0.01,0.0001697737361042785,7502.676221600219,688.4806010042485,414.59543659835253,207.29771829917627,-217.6903158427969,6.021813305483484e-05,6.021552726281636e-05,1.1623954053251725e-05,2.2231632504425756,0.06755333397147405,0.07372002068531447
2016-10-12,2340,persistence,select,pca_only,8,20,log_euclidean,0.01,0.00022406072531566294,3583.2100694618894,1134.1492877776657,9963.35459186001,4981.677295930015,4480.831740900658,9.326520939985688e-05,9.32626036078384e-05,2.1587709248312574e-07,2.3653295077382537,0.06711781315302065,0.0830012388711199
2016-10-19,2345,D0_pca8,select,pca_only,8,20,log_euclidean,0.01,0.0003800639420033071,2149.687813416802,7595.37443238722,139655.74502590823,69827.87251295411,68938.16912197077,0.0004041921014873751,0.00040418960453988576,6.968572636795161e-08,3.5601618688411514,0.12813091742355165,0.22746930848876612
2016-10-19,2345,rolling,select,pca_only,8,20,log_euclidean,0.01,0.0003570016193406353,4765.957943257386,1156.2990318616535,7090.50487511033,3545.2524375551548,3130.871432999436,0.00010002895349183982,0.00010002645654435048,9.083094370466685e-07,4.583847790974446,0.13410453514328133,0.32593923608776276
2016-10-19,2345,ledoit_wolf,select,pca_only,8,20,log_euclidean,0.01,0.00035167996280364175,7497.4366534212995,787.6724045630431,470.61133820113594,235.30566910056825,-172.80510184298728,5.5608686288432835e-05,5.5606189340943493e-05,1.1006618312061236e-05,2.166910049272762,0.06098838106841543,0.06834368568730072
2016-10-19,2345,persistence,select,pca_only,8,20,log_euclidean,0.01,0.00040191091205471,3666.9748139524972,1280.4323507430863,13179.598901112082,6589.79945055604,6126.148236471092,9.427341771218161e-05,9.427092076469228e-05,1.704477320264118e-07,2.082512961058367,0.06912934590354232,0.06464767004872596
2016-10-26,2350,D0_pca8,select,pca_only,8,20,log_euclidean,0.01,0.00037597681188497156,2247.4766207878356,7813.698368488658,87968.68292654997,43984.34146327498,42650.935877295124,0.0003665659271631708,0.0003665638168576587,8.590917483472164e-08,2.814582808412218,0.1363910360524574,0.14936252505015454
2016-10-26,2350,rolling,select,pca_only,8,20,log_euclidean,0.01,0.00035810599761902423,4639.097227020959,1099.3258240448963,7094.948262308374,3547.4741311541857,3082.7583528906966,0.0001807800344038213,0.0001807779240983092,9.870882786302955e-07,4.954875852050944,0.1889563383323191,0.358028577684617
2016-10-26,2350,ledoit_wolf,select,pca_only,8,20,log_euclidean,0.01,0.00035525202260713624,7460.852696350017,766.7572141298443,468.5135530977725,234.2567765488861,-173.64970092931352,6.0017862830233935e-05,6.0015752524721845e-05,1.0939594478579288e-05,2.1652546987711374,0.0626074399166693,0.06785340095508015
2016-10-26,2350,persistence,select,pca_only,8,20,log_euclidean,0.01,0.00040274323842490477,3612.5809444265815,1162.1573680584331,12173.824644073133,6086.91232203654,5577.751103590117,8.965108715665002e-05,8.964897685113792e-05,1.0777669805592764e-07,1.4557951285305692,0.06458163193497592,0.03821149090859595
2016-11-02,2355,D0_pca8,select,pca_only,8,20,log_euclidean,0.01,0.0005759583985759068,2198.3197654077544,8425.406822553381,193039.35096710222,96519.67548355112,93278.40275069806,0.00034085892971903725,0.0003408569626331844,5.046307237898587e-08,3.1884358531785653,0.17170900370307463,0.1797308796827062
2016-11-02,2355,rolling,select,pca_only,8,20,log_euclidean,0.01,0.0005471208858160408,4770.49205300585,1277.946251163269,7392.319484553263,3696.159742276648,3238.345665142688,0.0001229180234292679,0.00012291605634341503,1.2071295078265835e-06,4.956250722110541,0.2072691849154411,0.3794906242203374
2016-11-02,2355,ledoit_wolf,select,pca_only,8,20,log_euclidean,0.01,0.0005379443753173619,7882.920083338333,861.836252214962,433.58224455681807,216.79112227840872,-186.43481982008353,4.431435411988151e-05,4.4312387034028645e-05,1.2483229490135864e-05,1.8799651643918773,0.048613745289878114,0.049425637502177065
2016-11-02,2355,persistence,select,pca_only,8,20,log_euclidean,0.01,0.000644013505815199,3760.0182507248987,1297.8265215816693,12563.22729518571,6281.613647592876,5781.75562713589,7.357264269492544e-05,7.357067560907258e-05,1.197204747102935e-07,1.523525389364546,0.04871976773736315,0.03445089401016891
2016-11-09,2360,D0_pca8,select,pca_only,8,20,log_euclidean,0.01,0.0005091272875170632,2149.9835502441592,9114.162822060887,193897.68591153546,96948.84295576773,93644.86112182649,0.00019906944233640434,0.0001990682969628513,4.0172466854832976e-08,3.224215912510662,0.12518607258632938,0.16848145319650154
2016-11-09,2360,rolling,select,pca_only,8,20,log_euclidean,0.01,0.0005157862621933286,4830.674997395701,1685.1365747521436,6290.2703625536615,3145.1351812768335,2674.6065832962468,0.0001958025928835539,0.00019580144751000088,1.1156644771915948e-06,4.703739445095629,0.14754866642069067,0.32651913580136294
2016-11-09,2360,ledoit_wolf,select,pca_only,8,20,log_euclidean,0.01,0.00048338670559426155,7913.3987712632525,1010.2699117142836,426.13736040007484,213.0686802000377,-195.4062703041175,4.595271993497668e-05,4.595157456142364e-05,1.4209439549249182e-05,2.07718230041869,0.058479937306535626,0.0660170912568449
2016-11-09,2360,persistence,select,pca_only,8,20,log_euclidean,0.01,0.0006109617747985617,3891.6033990982037,1497.0779388102496,10074.82456431804,5037.412282159025,4503.256641884075,3.9827713154662145e-05,3.9826567781109104e-05,2.8315162303001165e-07,2.07617850707692,0.07477368494127073,0.06819186192330134
2016-11-16,2365,D0_pca8,select,pca_only,8,20,log_euclidean,0.01,0.0002621983865511251,1972.6455550055607,8465.525440265577,87179.48865886648,43589.74432943325,41517.84435827125,0.00011081736181519711,0.0001108159851031972,8.677582244099653e-08,3.5122121100486243,0.13452227011093135,0.2136974987738907
2016-11-16,2365,rolling,select,pca_only,8,20,log_euclidean,0.01,0.00028981018134395997,4785.93011512716,1159.944810168637,3696.3463835421803,1848.1731917710986,1369.3523639417986,0.0001728807256663238,0.0001728793489543239,1.2857087929486085e-06,4.358118289623037,0.1334734447840918,0.2919418489614874
2016-11-16,2365,ledoit_wolf,select,pca_only,8,20,log_euclidean,0.01,0.00023915926930303361,8473.065741282782,790.2351523519434,340.6695166673453,170.33475833367254,-251.35391461528448,4.589143353969904e-05,4.589005682769913e-05,1.7183188753052862e-05,1.8282506801217393,0.0476379081244717,0.04561116247105945
2016-11-16,2365,persistence,select,pca_only,8,20,log_euclidean,0.01,0.0005078798890368172,3744.0701066426436,1335.8743793653036,4777.177958435279,2388.5889792176504,1905.4845321957364,4.235622139709445e-05,4.235484468509454e-05,3.283232780074098e-07,1.9001188568058425,0.0707538428748925,0.0563873868855603
2016-11-23,2370,D0_pca8,select,pca_only,8,20,log_euclidean,0.01,0.00024851033130648996,1938.7602196758767,8280.268215684542,80527.87254426439,40263.93627213218,38183.049265585505,0.0001091539707441451,0.00010915262023082574,7.089386851297501e-08,3.2434184963270254,0.13121248130487442,0.16527459986044588
2016-11-23,2370,rolling,select,pca_only,8,20,log_euclidean,0.01,0.000256443888403319,4687.820962682396,1046.9358520615604,3385.2255546634024,1692.6127773317126,1198.7196168399225,7.44083701299292e-05,7.440701961660983e-05,7.951555873255427e-07,3.5855422127470056,0.1465914095509879,0.19439109383482145
2016-11-23,2370,ledoit_wolf,select,pca_only,8,20,log_euclidean,0.01,0.00022545841565713243,8589.575578673279,872.3558392304365,334.0176003348613,167.008800167431,-259.35221448528785,4.0228317859109064e-05,4.0226967345789704e-05,1.1924744058056499e-05,1.387937529605185,0.03491552348695284,0.02686749676718233
2016-11-23,2370,persistence,select,pca_only,8,20,log_euclidean,0.01,0.00048246370834133993,3595.0858734144954,1313.7708535005304,4168.817188339297,2084.408594169676,1593.9977044792709,5.193877518789732e-05,5.193742467457796e-05,3.0038365299810684e-07,1.810087123050208,0.06165433970588634,0.050407449999208
2016-12-01,2375,D0_pca8,select,pca_only,8,20,log_euclidean,0.01,6.079821813956177e-05,1822.00223344002,6181.096725835342,67765.62929031668,33882.81464515837,32843.54236705233,5.1956075645291126e-05,5.195489131327424e-05,4.012095885553776e-08,3.322432925449072,0.20628325267658706,0.20263918501170994
2016-12-01,2375,rolling,select,pca_only,8,20,log_euclidean,0.01,0.00014809272233306788,4754.083274106227,1024.601281852741,1583.8249061787776,791.912453089388,313.69706955946225,8.888846513555817e-05,8.888728080354129e-05,9.245776944506926e-07,3.487809328811874,0.13160500172134965,0.1894069330394856
2016-12-01,2375,ledoit_wolf,select,pca_only,8,20,log_euclidean,0.01,7.024256454996771e-05,8775.78137782597,1016.4042169840616,345.26745380817044,172.6337269040851,-280.4758510822663,4.2483995303617796e-05,4.248281097160091e-05,1.247437080804171e-05,1.3858635282258283,0.03414401514574273,0.026296930079170205
2016-12-01,2375,persistence,select,pca_only,8,20,log_euclidean,0.01,0.0005596689768419638,3397.737947247254,1524.7981361158456,1998.4128408769952,999.2064204385125,527.2223233089924,5.592499969874205e-05,5.592381536672517e-05,2.9214098446691277e-07,1.7514519491650233,0.052077516954005455,0.04362455116294223
2016-12-08,2380,D0_pca8,select,pca_only,8,20,log_euclidean,0.01,6.16999972118792e-05,1762.4850153524299,6012.256105548772,48719.71012057916,24359.85506028961,23923.722925128288,4.189141191147801e-05,4.188990784487216e-05,3.778048118996375e-08,2.6101783666082508,0.11181930546160435,0.12191608582139028
2016-12-08,2380,rolling,select,pca_only,8,20,log_euclidean,0.01,0.000146348416910729,4817.844141810268,910.1541042058604,1348.7569499500335,674.3784749750172,219.3893716305031,3.7774786378483735e-05,3.777328231187788e-05,7.108265403515893e-07,2.995907051326989,0.09514317195945589,0.14472797709401525
2016-12-08,2380,ledoit_wolf,select,pca_only,8,20,log_euclidean,0.01,7.149760093625931e-05,8830.355956835265,913.6337979413604,345.29128391518475,172.6456419575921,-281.6162351912909,2.9409998831899805e-05,2.9408494765293948e-05,1.2195274185353835e-05,1.323390600051124,0.03752839725319023,0.026065593432847825
2016-12-08,2380,persistence,select,pca_only,8,20,log_euclidean,0.01,0.0004908594232593227,3462.3495985926943,1564.072224014308,1980.7074805590696,990.35374027951,539.3690832848104,3.203254851051755e-05,3.20310444439117e-05,1.754081288557289e-07,1.3437891198154455,0.05265718643713685,0.028784974594185157
2016-12-15,2385,D0_pca8,select,pca_only,8,20,log_euclidean,0.01,6.541281785151358e-05,1771.2401440354486,6712.134646634883,68747.78376586617,34373.89188293308,33471.11472235198,4.608958599797271e-05,4.6088601937676864e-05,5.0095509120218387e-08,3.782548461556526,0.20696427381690663,0.25493897330428006
2016-12-15,2385,rolling,select,pca_only,8,20,log_euclidean,0.01,0.0001407096404868997,4720.349792047009,848.162605643562,1256.5557867493296,628.2778933746579,172.33836245122913,2.3243611987859323e-05,2.3242627927563474e-05,8.633576702555008e-07,3.280301375776407,0.11174002032831044,0.17452619533603517
2016-12-15,2385,ledoit_wolf,select,pca_only,8,20,log_euclidean,0.01,6.839157173434424e-05,8852.69310770784,830.2087491208416,344.9154228954095,172.4577114477048,-282.13745357259165,1.9489788343011137e-05,1.9488804282715288e-05,1.243865068895568e-05,1.2891725942433843,0.038868106463123754,0.024457959602455576
2016-12-15,2385,persistence,select,pca_only,8,20,log_euclidean,0.01,0.00027916546700686466,3317.4151836877536,1305.7351771269377,2726.9945974951916,1363.4972987476085,892.5227295877046,2.6064020297027554e-05,2.6063036236731705e-05,1.8623763707151778e-07,1.6283550533849342,0.05231329435443098,0.04132550073407402
2016-12-22,2390,D0_pca8,select,pca_only,8,20,log_euclidean,0.01,4.7862261914746846e-05,1789.957883355007,6283.766750352582,44197.22620571345,22098.61310285672,21429.022706966065,4.287735677715618e-05,4.287625400434989e-05,3.982896269167033e-08,2.796474013977831,0.1026282410856071,0.13083530483735648
2016-12-22,2390,rolling,select,pca_only,8,20,log_euclidean,0.01,0.00013134168774274317,4775.473547236664,911.8748223074842,1306.0318424807324,653.0159212403781,192.69416627837617,2.6009664162187217e-05,2.6008561389380924e-05,7.245648345027821e-07,3.105796919379748,0.10236914090593548,0.1542160362159444
2016-12-22,2390,ledoit_wolf,select,pca_only,8,20,log_euclidean,0.01,5.918377913337754e-05,8799.79089568466,885.8212756957861,347.69996065434486,173.84998032717274,-283.4821480782318,2.2655053126029552e-05,2.265395035322326e-05,1.1241122824971225e-05,1.2907849160719775,0.03997059910837769,0.023317496655161862
2016-12-22,2390,persistence,select,pca_only,8,20,log_euclidean,0.01,0.00025118038453229575,3234.282245405268,1362.009291136896,2632.169624992577,1316.0848124962915,849.5704467944263,2.594112248348353e-05,2.594001971067724e-05,1.6913944112782802e-07,1.624624599918407,0.060076824582878385,0.040520911842957814
2016-12-30,2395,D0_pca8,select,pca_only,8,20,log_euclidean,0.01,8.621730944233531e-05,1868.1477202133924,6911.8279722662355,103343.52016536106,51671.760082680514,50276.40038341258,7.475255696813561e-05,7.475190139310536e-05,5.163701792507153e-08,4.238178882862833,0.15282128409795476,0.2946214117656464
2016-12-30,2395,rolling,select,pca_only,8,20,log_euclidean,0.01,0.00015643188989028652,4774.291284780093,870.3029967870469,1760.9495531107136,880.474776555366,425.8913600133549,6.718745204090158e-05,6.718679646587133e-05,9.214571769169007e-07,3.4897341885157664,0.11974824772180748,0.19307359174568084
2016-12-30,2395,ledoit_wolf,select,pca_only,8,20,log_euclidean,0.01,8.553498945274876e-05,8749.059135326032,714.8569666997957,333.03193263739513,166.5159663186977,-274.5037639975873,2.4007009273864346e-05,2.4006353698834087e-05,1.1716490639063195e-05,1.3203524980453731,0.036659671593337335,0.024210975946625576
2016-12-30,2395,persistence,select,pca_only,8,20,log_euclidean,0.01,8.564188208326436e-05,3054.301555509921,1014.6796636556475,6151.031510949765,3075.5157554748835,2599.380209359185,3.7681779594622894e-05,3.768112401959263e-05,1.3578963214318273e-07,1.8891896493293658,0.0670590993091235,0.0582636772258311
