date,method,cond_number_hat,cond_number_real,min_eig_hat,min_eig_real,logeig_mse_top,logeig_mse_mid,logeig_mse_bot,inv_frob_sq,leverage_l1
2017-01-09,D0_pca8,9523.375905927414,2285.5209214407605,1.927125934835041e-07,3.0040753989331246e-06,32.07634725571555,,7.543373922117619,1871663338839362.2,3.1566739796153485
2017-01-09,rolling,1746.4572882113384,2285.5209214407605,4.561063108379206e-06,3.0040753989331246e-06,0.09660055950950949,,0.17437788985806146,4807508517790.059,3.4608577412688306
2017-01-09,ewma,2410.2007141951412,2285.5209214407605,3.332116426542113e-06,3.0040753989331246e-06,0.022346985158714795,,0.010740793539721974,4566855590015.398,3.578839029117718
2017-01-09,ledoit_wolf,16.470253697602146,2285.5209214407605,0.00023704888368589574,3.0040753989331246e-06,0.11222051891489741,,19.082011851537285,8790074408488.111,1.3733226439717747
2017-01-09,oas,39.90835203968888,2285.5209214407605,0.00013849671202457908,3.0040753989331246e-06,0.015594370827659663,,14.675614196577147,8687535326482.4,1.7651299110903018
2017-01-09,shrink,231.11182725344744,2285.5209214407605,2.6280595383569617e-05,3.0040753989331246e-06,0.03366767146044896,,6.476239970097042,8434537027544.767,1.960066374997136
2017-01-09,persistence,3165.1211889478614,2285.5209214407605,2.251574356074103e-06,3.0040753989331246e-06,0.13907048144515227,,0.0831399766514201,4785319253465.621,2.187540472178499
2017-01-17,D0_pca8,9608.299659304019,2315.4955169734017,1.5888003137296818e-07,2.9537409808745105e-06,32.93761649981487,,8.542014085167237,2720379607754508.5,3.4710029654993657
2017-01-17,rolling,1919.5526362014623,2315.4955169734017,4.153293469963914e-06,2.9537409808745105e-06,0.08117109882825317,,0.11616442965171295,4852256760234.03,3.477070666786312
2017-01-17,ewma,2075.6548224851513,2315.4955169734017,2.8780672667599843e-06,2.9537409808745105e-06,0.04320281628963517,,0.0006735844854585077,4835709920773.076,3.4830290234519836
2017-01-17,ledoit_wolf,20.354664616260177,2315.4955169734017,0.00020269739631623306,2.9537409808745105e-06,0.1171270461729242,,17.881407909472376,9064820987663.162,1.414782811520453
2017-01-17,oas,49.82273775589297,2315.4955169734017,0.0001148859968645209,2.9537409808745105e-06,0.02539449097410761,,13.401950699834495,8934126863511.246,1.8674470397779601
2017-01-17,shrink,232.0837717109358,2315.4955169734017,2.617953738356259e-05,2.9537409808745105e-06,0.034417065098556895,,5.985130553928632,8671323700118.616,2.018851158190579
2017-01-17,persistence,3056.8231927297056,2315.4955169734017,2.262816576754714e-06,2.9537409808745105e-06,0.10120599243688999,,0.07100204138926716,4787113312788.265,1.8443528238871472
2017-01-24,D0_pca8,9505.359130390114,2174.9572679614425,2.339507134241973e-07,3.0713027425090318e-06,29.900906480471747,,6.629299873795422,1261713023519624.0,3.498618727437173
2017-01-24,rolling,2028.8730757133492,2174.9572679614425,3.925064776543944e-06,3.0713027425090318e-06,0.04303178427997407,,0.06016275236551385,4395774399702.0303,2.9738505468569585
2017-01-24,ewma,1860.8284188195253,2174.9572679614425,2.506875860399762e-06,3.0713027425090318e-06,0.1203751672742533,,0.04123516826180015,5033277874380.673,2.9840489600545173
2017-01-24,ledoit_wolf,20.12719883512922,2174.9572679614425,0.00019801083315755075,3.0713027425090318e-06,0.20478341543898088,,17.357385787804112,8368979555772.944,1.2682103835584506
2017-01-24,oas,54.627788885773036,2174.9572679614425,0.00010559191378345549,3.0713027425090318e-06,0.03971579615165319,,12.513762348531596,8221462355126.307,1.6544323544079933
2017-01-24,shrink,291.6781904719475,2174.9572679614425,2.0806487184245078e-05,3.0713027425090318e-06,0.025482543780998557,,5.101031945709649,7948402811265.131,1.8329524049607404
2017-01-24,persistence,2697.847477010305,2174.9572679614425,2.133755977252375e-06,3.0713027425090318e-06,0.17268606143223925,,0.132654662807198,5698653876355.184,1.987353427087638
2017-01-31,D0_pca8,9556.797196522879,2431.633714933131,1.568143964695965e-07,2.6628064729199992e-06,31.588236819531993,,8.020603443036824,2778850951787831.0,4.104112643247609
2017-01-31,rolling,1724.214962591573,2431.633714933131,3.139881515074038e-06,2.6628064729199992e-06,0.029946953226028694,,0.027160482508203153,5836125725266.166,3.0740104863999966
2017-01-31,ewma,1855.4519790962795,2431.633714933131,2.563212551005749e-06,2.6628064729199992e-06,0.02351709515157294,,0.0014530766505822955,5924803005022.639,3.0621451856928723
2017-01-31,ledoit_wolf,18.747630698682535,2431.633714933131,0.000151640169862458,2.6628064729199992e-06,0.2946173659508915,,16.33881016925842,11103076891709.838,1.3705708406271215
2017-01-31,oas,39.064489355133915,2431.633714933131,9.593707981890539e-05,2.6628064729199992e-06,0.11739071150776936,,12.847289368487457,10959158416086.758,1.7006743835889508
2017-01-31,shrink,199.12923322017403,2431.633714933131,2.0249931190704127e-05,2.6628064729199992e-06,0.05963093656446853,,4.98211769151924,10544511403129.576,1.876567049382276
2017-01-31,persistence,2090.4432480892237,2431.633714933131,2.9166186908532023e-06,2.6628064729199992e-06,0.03167853089129455,,0.00828906427549365,3502451593985.509,1.5821786446229773
2017-02-07,D0_pca8,9669.661136571698,2132.1358803087337,1.860198611445082e-07,2.092207395531945e-06,30.234015708780465,,5.85696441356078,1915240308762105.5,3.8540954964146263
2017-02-07,rolling,1570.3075207359977,2132.1358803087337,3.336692750597833e-06,2.092207395531945e-06,0.13514458939559854,,0.21786514497518888,10095714679182.303,2.954198122717001
2017-02-07,ewma,2132.939602700452,2132.1358803087337,3.2765609711788723e-06,2.092207395531945e-06,0.12678549763295127,,0.20121911475716786,9818895886818.598,2.7951998351620464
2017-02-07,ledoit_wolf,14.802954133845907,2132.1358803087337,0.00017402543361251264,2.092207395531945e-06,0.09939553655898953,,19.545075723643784,18139549522466.312,1.2927643935147932
2017-02-07,oas,33.53745832998338,2132.1358803087337,0.00010644134085433664,2.092207395531945e-06,0.02883527910978173,,15.439979214620163,17960239981432.492,1.60483240800914
2017-02-07,shrink,227.28825849972293,2132.1358803087337,1.706067253238754e-05,2.092207395531945e-06,0.052053653417613165,,5.96400929308932,17376719981032.863,1.8274793081333298
2017-02-07,persistence,2285.5209214405645,2132.1358803087337,3.004075398933377e-06,2.092207395531945e-06,0.1328285064530073,,0.1308630692165734,5871734291561.619,1.470607238682689
2017-02-14,D0_pca8,9635.307957653806,2431.572343234059,1.8862375113965848e-07,1.9571179997590813e-06,28.85403047543989,,5.473116020932901,1818277986296010.5,3.6910080944613166
2017-02-14,rolling,1729.6981467439366,2431.572343234059,2.7633811068141778e-06,1.9571179997590813e-06,0.044573387896335415,,0.11901246769218166,11034736803695.55,2.8896011881187795
2017-02-14,ewma,1881.1692432227849,2431.572343234059,2.844375940300051e-06,1.9571179997590813e-06,0.07382876573301171,,0.13977918676744724,10812064241902.328,2.783029348899937
2017-02-14,ledoit_wolf,19.917607592639378,2431.572343234059,0.00012934380630008895,1.9571179997590813e-06,0.1374179036788779,,17.564485510809995,20637515835792.062,1.4898714391725767
2017-02-14,oas,35.844022408749666,2431.572343234059,8.983632352081438e-05,1.9571179997590813e-06,0.045183743782686754,,14.642223966653024,20462341760811.89,1.7246803393964303
2017-02-14,shrink,212.1849285429476,2431.572343234059,1.6683043638280095e-05,1.9571179997590813e-06,0.026458138719565948,,5.794674247271366,19703766573779.727,1.9438324663904885
2017-02-14,persistence,2315.495516973155,2431.572343234059,2.9537409808748175e-06,1.9571179997590813e-06,0.14484923120273865,,0.16941401736213246,6898385082762.304,1.4681933942620138
2017-02-22,D0_pca8,9567.600536490072,2974.1941290119944,1.7360573077842426e-07,2.0305695876479497e-06,27.19828078382365,,6.048055840907349,2171853121702072.2,3.628821674815236
2017-02-22,rolling,1702.8942429707133,2974.1941290119944,2.569544045015243e-06,2.0305695876479497e-06,0.04688183209859638,,0.05541882233020584,9697815620096.826,3.1120789982477453
2017-02-22,ewma,1585.2261700490465,2974.1941290119944,2.6227308471235653e-06,2.0305695876479497e-06,0.0930474394930948,,0.0654846222070866,9379469056620.707,3.104987608997854
2017-02-22,ledoit_wolf,17.726787614432098,2974.1941290119944,0.00012703204683122576,2.0305695876479497e-06,0.24130803731664066,,17.107509901939626,19138098839842.35,1.4084462527218533
2017-02-22,oas,32.622829465717864,2974.1941290119944,8.813828511879747e-05,2.0305695876479497e-06,0.10117375945137246,,14.217350328278973,18964528877395.98,1.6561254223989677
2017-02-22,shrink,208.3091730951584,2974.1941290119944,1.585152951895551e-05,2.0305695876479497e-06,0.05258549277970955,,5.363799071466122,18159156739555.504,1.9842720455852914
2017-02-22,persistence,2174.9572679616363,2974.1941290119944,3.071302742508759e-06,2.0305695876479497e-06,0.2272201495551125,,0.1712182844771266,6330415675583.764,1.5120925576069364
2017-03-01,D0_pca8,9713.001242754597,2822.6177989712014,2.250243011158092e-07,1.654370878417671e-06,26.377418622785616,,3.9798807262112574,1219920761214212.5,3.5539477619566866
2017-03-01,rolling,1720.812029471049,2822.6177989712014,2.5366270419669137e-06,1.654370878417671e-06,0.12158917659267225,,0.1826829405898293,15802717986740.893,3.167757511418079
2017-03-01,ewma,1576.3254257587278,2822.6177989712014,2.5309978144970215e-06,1.654370878417671e-06,0.20322443254969852,,0.18078875222842594,15191706343761.36,3.2519921810751238
2017-03-01,ledoit_wolf,18.06913697219776,2822.6177989712014,0.00012479608811585783,1.654370878417671e-06,0.10423793911922505,,18.690574529608295,28963933516151.97,1.338812750105689
2017-03-01,oas,33.5937217336601,2822.6177989712014,8.589426217688512e-05,1.654370878417671e-06,0.0402398488753509,,15.600095606962407,28742837969158.15,1.5511950531615926
2017-03-01,shrink,216.0434746545096,2822.6177989712014,1.5256755157475134e-05,1.654370878417671e-06,0.06372945581508825,,5.973316221496372,27670898102417.63,1.8714660868352022
2017-03-01,persistence,2431.6337149333613,2822.6177989712014,2.6628064729197464e-06,1.654370878417671e-06,0.28505469558777996,,0.22653754085307262,9873864279873.025,1.6322327133671104
2017-03-08,D0_pca8,9552.138377145822,2781.8031945320868,2.0844852771515798e-07,1.575698238191941e-06,24.257913332289576,,4.091547802136317,1422875035751067.5,3.8627447249934517
2017-03-08,rolling,1648.5075721524202,2781.8031945320868,2.5185858141858576e-06,1.575698238191941e-06,0.13435530620657143,,0.21995989474509364,17660395457959.73,2.8846892163819513
2017-03-08,ewma,1850.373829843991,2781.8031945320868,2.3337441299427986e-06,1.575698238191941e-06,0.09767016086593937,,0.1542723534647193,16675821194063.094,2.923188626381
2017-03-08,ledoit_wolf,18.096954724817845,2781.8031945320868,0.00012115959875655254,1.575698238191941e-06,0.08510405753399625,,18.85652068439829,31939795512011.875,1.4682086742614349
2017-03-08,oas,33.43258994032284,2781.8031945320868,8.317667315703718e-05,1.575698238191941e-06,0.03831521744300546,,15.731280382816985,31695446498470.312,1.688666912285525
2017-03-08,shrink,194.74142684145062,2781.8031945320868,1.594638530989817e-05,1.575698238191941e-06,0.06949535245289933,,6.3515898407456675,30615052175867.586,1.8924817059216754
2017-03-08,persistence,2132.1358803085095,2781.8031945320868,2.0922073955321657e-06,1.575698238191941e-06,0.11808947435766712,,0.08038417002003785,9591091797586.018,1.862364540694927
2017-03-15,D0_pca8,9661.672593696756,2970.9162616284725,1.6104929119596348e-07,1.56414292436985e-06,28.1324748877146,,5.168244149192374,2454166546823004.0,4.783729184885671
2017-03-15,rolling,1556.052972043691,2970.9162616284725,2.5066797800351235e-06,1.56414292436985e-06,0.15053644468231805,,0.2224261964115036,18148264336796.055,2.689053610349452
2017-03-15,ewma,1757.200604933223,2970.9162616284725,2.0671399101797516e-06,1.56414292436985e-06,0.061693430384715045,,0.07774493568539394,16958150003033.56,2.6474359583512026
2017-03-15,ledoit_wolf,15.42930934139488,2970.9162616284725,0.00012745757468867077,1.56414292436985e-06,0.11656328635701804,,19.363915391754006,32450546116654.33,1.4020258865600472
2017-03-15,oas,29.749268303383307,2970.9162616284725,8.626661032363288e-05,1.56414292436985e-06,0.05282693352312621,,16.080933860475255,32208823228095.85,1.6118106773133924
2017-03-15,shrink,184.82637388412658,2970.9162616284725,1.5902465416080395e-05,1.56414292436985e-06,0.08394231638976626,,6.269127706546401,31099118992182.188,1.80344689490628
2017-03-15,persistence,2431.572343233729,2970.9162616284725,1.9571179997593464e-06,1.56414292436985e-06,0.07705477025447999,,0.05023642321005541,9606249955715.486,1.810669169318302
2017-03-22,D0_pca8,9492.906701920516,2802.490149681138,1.3370779785304138e-07,1.4757904673636992e-06,25.982123319271466,,5.7661717068291205,3514623071723584.0,3.8181360912909623
2017-03-22,rolling,1693.5225311259442,2802.490149681138,2.412825030080085e-06,1.4757904673636992e-06,0.12967854847106652,,0.24167474174365156,20681345087911.023,2.5799150377846085
2017-03-22,ewma,2634.0957767042237,2802.490149681138,2.1741114811166213e-06,1.4757904673636992e-06,0.04804971167311704,,0.150098977290459,19726182894016.473,2.7320278782306806
2017-03-22,ledoit_wolf,19.454271642905606,2802.490149681138,0.00011315124240721437,1.4757904673636992e-06,0.05591489775742435,,18.831528667363674,36421255900015.625,1.4901047189784824
2017-03-22,oas,33.89458881253823,2802.490149681138,8.036127117067385e-05,1.4757904673636992e-06,0.02139134611154172,,15.978710580919948,36176490694571.805,1.6754488702756685
2017-03-22,shrink,194.45975101299348,2802.490149681138,1.5487240501697058e-05,1.4757904673636992e-06,0.059021718924486134,,6.510859244637549,35091234541673.65,1.8413686177159148
2017-03-22,persistence,2974.194129012381,2802.490149681138,2.030569587647686e-06,1.4757904673636992e-06,0.09855299383870943,,0.10183910445523055,11196352522626.31,2.0069489882141243
2017-03-29,D0_pca8,9558.893799774696,2391.6386801080944,1.2636376922702433e-07,1.8513747301737563e-06,29.279520843082274,,7.206602322481257,4057062028134379.0,3.1474890598692356
2017-03-29,rolling,1787.0193938959926,2391.6386801080944,2.34311271455412e-06,1.8513747301737563e-06,0.00697441691065612,,0.05548459933461762,11932165387323.418,2.793401182468776
2017-03-29,ewma,2480.499068552449,2391.6386801080944,1.8990648653962089e-06,1.8513747301737563e-06,0.05820113418384791,,0.000646843329504438,11779322041262.355,3.1714719770949666
2017-03-29,ledoit_wolf,21.516384006832155,2391.6386801080944,0.00010689562753897414,1.8513747301737563e-06,0.22209509926157,,16.450518873549235,22984764663534.48,1.5320619730266272
2017-03-29,oas,38.39508605835216,2391.6386801080944,7.424880223537936e-05,1.8513747301737563e-06,0.09279304403717656,,13.627118050346036,22762813269341.445,1.7345151054275232
2017-03-29,shrink,202.76953876843652,2391.6386801080944,1.5181463588329858e-05,1.8513747301737563e-06,0.030427276061367907,,5.380073453697774,21952248565985.766,1.9268685262185437
2017-03-29,persistence,2822.61779897051,2391.6386801080944,1.6543708784180762e-06,1.8513747301737563e-06,0.04111306515917938,,0.012657958601337557,8614709839397.407,2.0096255309751867
2017-04-05,D0_pca8,9533.028827804405,2249.0387963927774,1.4891890542409808e-07,2.482390296241642e-06,32.43083574162456,,7.91617047845452,3056802536280632.0,3.299020146739643
2017-04-05,rolling,1750.7571921477854,2249.0387963927774,2.3342708254110034e-06,2.482390296241642e-06,0.07755643545992025,,0.0037849980172336107,6730172786265.163,2.789166528752845
2017-04-05,ewma,2157.5442386954123,2249.0387963927774,1.8109219142801659e-06,2.482390296241642e-06,0.27998130959617534,,0.09946814937919132,8286234769527.342,3.077850648071429
2017-04-05,ledoit_wolf,20.29561774030933,2249.0387963927774,0.00010881991167558201,2.482390296241642e-06,0.6090879963965029,,14.29196862316654,12667710268225.441,1.538748336025397
2017-04-05,oas,36.407073140684254,2249.0387963927774,7.568685901253877e-05,2.482390296241642e-06,0.3665507068111816,,11.678501358288047,12505012096752.938,1.749002631599867
2017-04-05,shrink,213.54353656476061,2249.0387963927774,1.4095494008439155e-05,2.482390296241642e-06,0.20421108778258437,,3.875514145873825,11853267853863.432,1.9477959663634752
2017-04-05,persistence,2781.8031945325956,2249.0387963927774,1.5756982381916545e-06,2.482390296241642e-06,0.2761941777628135,,0.20659133338070457,10649659362077.537,2.114962581417179
2017-04-12,D0_pca8,9651.021783710341,2132.9336492395632,1.7376210180227368e-07,2.9308685345413457e-06,35.08827001614973,,7.98266783053776,2284415323656624.0,3.210464904056259
2017-04-12,rolling,1665.9783124082378,2132.9336492395632,2.1370099898240976e-06,2.9308685345413457e-06,0.2772659542228936,,0.09978714252170144,5998253810659.275,2.875887785921577
2017-04-12,ewma,2124.145991367423,2132.9336492395632,1.5798789442998062e-06,2.9308685345413457e-06,0.6981527538285669,,0.3818625595989687,10025857366169.996,3.0490521036816403
2017-04-12,ledoit_wolf,17.213560154857607,2132.9336492395632,0.00010613220702000885,2.9308685345413457e-06,1.1373335832753002,,12.883694828643987,9008320160194.074,1.4894546713287748
2017-04-12,oas,35.65895716945517,2132.9336492395632,6.798585485370668e-05,2.9308685345413457e-06,0.7124186711871149,,9.884739350996554,8826980425440.025,1.7474448805268912
2017-04-12,shrink,249.76972191287004,2132.9336492395632,1.0659669939275958e-05,2.9308685345413457e-06,0.47248383070444844,,2.590245961413322,8185877525283.855,2.0200371677551954
2017-04-12,persistence,2970.9162616281405,2132.9336492395632,1.564142924370024e-06,2.9308685345413457e-06,0.48441214677572386,,0.39433437364261215,12629044632387.156,1.6500137578849035
2017-04-20,D0_pca8,9747.447703634314,2702.503583741739,1.947534189231644e-07,3.314379840311248e-06,37.516860240753346,,8.033181297762717,1870600136814414.2,3.715325674473898
2017-04-20,rolling,2080.2176755240243,2702.503583741739,1.7680287004143365e-06,3.314379840311248e-06,0.7136184535106688,,0.3948929295787493,8242046725468.039,2.888346659571706
2017-04-20,ewma,2328.1470531294917,2702.503583741739,1.5920943218566953e-06,3.314379840311248e-06,0.8088313597483211,,0.5376113775509592,10075797436604.707,2.9395675779421384
2017-04-20,ledoit_wolf,40.07155434000388,2702.503583741739,6.0197511839335536e-05,3.314379840311248e-06,1.4180391257235878,,8.406289601101154,6778618388411.612,1.7878894693801826
2017-04-20,oas,47.2042389347435,2702.503583741739,5.378972709664389e-05,3.314379840311248e-06,1.3235021464986985,,7.766319397435554,6722573662990.504,1.8568844133184108
2017-04-20,shrink,294.9507869755759,2702.503583741739,9.028760047569802e-06,3.314379840311248e-06,1.0700814254510465,,1.765292415824182,6172350283806.068,2.0934483129459234
2017-04-20,persistence,2802.4901496812263,2702.503583741739,1.475790467363651e-06,3.314379840311248e-06,0.6857058628639876,,0.654604616344468,16511256788823.523,1.5296251684997173
2017-04-27,D0_pca8,9683.842124983748,2739.523046523488,1.962521501909734e-07,3.1522042379578423e-06,34.28704695806728,,7.708686563226048,1851984143794604.8,3.071290830528811
2017-04-27,rolling,2278.245115892041,2739.523046523488,1.828568949623451e-06,3.1522042379578423e-06,0.5103807085852855,,0.2965543832678479,7701943687876.912,3.0044249241012086
2017-04-27,ewma,2502.532287194341,2739.523046523488,1.8781597277333175e-06,3.1522042379578423e-06,0.4319695497452048,,0.2681264937375854,7051397346759.0,3.067010650125869
2017-04-27,ledoit_wolf,48.384125519459175,2739.523046523488,5.818340857807023e-05,3.1522042379578423e-06,1.0697166977278234,,8.500128423935635,7512042272760.097,1.8748079542359566
2017-04-27,oas,58.383819443252975,2739.523046523488,5.092589707080498e-05,3.1522042379578423e-06,0.9826228168569987,,7.74102253385242,7439563380507.041,1.9512750053074641
2017-04-27,shrink,296.9532095576303,2739.523046523488,1.012677883483027e-05,3.1522042379578423e-06,0.8133256272728758,,2.1670789882860593,6961649921046.9375,2.0672453075226143
2017-04-27,persistence,2391.63868010816,2739.523046523488,1.851374730173704e-06,3.1522042379578423e-06,0.24060660438810708,,0.28320840290603844,8327402823696.565,1.698363269914988
2017-05-04,D0_pca8,9743.460030549057,2661.917454288391,2.475762474960959e-07,2.472106265549229e-06,30.937411023665305,,5.295077618882823,1119103146193291.0,3.623272876819378
2017-05-04,rolling,2019.5256946617073,2661.917454288391,2.0356447524354556e-06,2.472106265549229e-06,0.10606875347668135,,0.03773610810783497,7527769729955.868,2.8943314455483686
2017-05-04,ewma,2414.0646399405578,2661.917454288391,2.567646334035678e-06,2.472106265549229e-06,0.03403135895825451,,0.0014378592480509176,6265806986633.958,2.746978304990739
2017-05-04,ledoit_wolf,32.223012799844106,2661.917454288391,7.835215923449711e-05,2.472106265549229e-06,0.5242728859421086,,11.944921734785456,12616082987804.709,1.6662958065754288
2017-05-04,oas,50.3172491504043,2661.917454288391,5.7957221188521466e-05,2.472106265549229e-06,0.3713191934077182,,9.951717308581017,12439339686845.393,1.8366808166276216
2017-05-04,shrink,324.1034045436132,2661.917454288391,9.701090638229995e-06,2.472106265549229e-06,0.24828298431418902,,2.8805366637679963,11675632595708.82,2.0094346433982326
2017-05-04,persistence,2249.0387963928165,2661.917454288391,2.4823902962415955e-06,2.472106265549229e-06,0.026616620309268896,,1.723409782129519e-05,4224729342206.8335,1.5743041290310473
2017-05-11,D0_pca8,9579.882572154738,2761.105538057435,1.3756387627015772e-07,2.590062056489136e-06,32.71212119351358,,8.616231877802743,3579100881170215.0,3.4191018816924457
2017-05-11,rolling,2004.3747558750094,2761.105538057435,2.048951468154343e-06,2.590062056489136e-06,0.15100267804079506,,0.054921586465304886,7113207717063.759,2.622363353122716
2017-05-11,ewma,2115.369445494258,2761.105538057435,2.5389297062002355e-06,2.590062056489136e-06,0.08076519552817771,,0.000397572134037681,5755404955766.951,2.561104715881974
2017-05-11,ledoit_wolf,30.37591547036289,2761.105538057435,8.143810630628826e-05,2.590062056489136e-06,0.6128985566953042,,11.889814906980885,11485416157131.178,1.6246196431373325
2017-05-11,oas,47.92648724524237,2761.105538057435,6.009630427651261e-05,2.590062056489136e-06,0.44207643584516143,,9.88640957070133,11321348364496.87,1.7731442430720867
2017-05-11,shrink,358.37753302421197,2761.105538057435,8.792687990795644e-06,2.590062056489136e-06,0.298492937248188,,2.6832477582836063,10571919423762.172,1.9199573266909737
2017-05-11,persistence,2132.9336492395996,2761.105538057435,2.930868534541295e-06,2.590062056489136e-06,0.11995205251710453,,0.01528114462108778,3510046100552.577,1.5937132727572054
2017-05-18,D0_pca8,9685.669064855343,2248.0117207445032,2.010186487744824e-07,2.1774898281052488e-06,31.773648578091716,,5.676429369771471,1686399201950581.5,3.377883254291632
2017-05-18,rolling,2195.1312283591765,2248.0117207445032,2.2714142713031694e-06,2.1774898281052488e-06,0.05011805978250537,,0.0017833633677512965,8772608063521.604,2.7780369172452644
2017-05-18,ewma,2864.648347508842,2248.0117207445032,3.001973498277284e-06,2.1774898281052488e-06,0.061661926876852326,,0.10310329667039556,8400354923047.395,2.62084553266059
2017-05-18,ledoit_wolf,37.76995431712896,2248.0117207445032,8.321082085054448e-05,2.1774898281052488e-06,0.3099102015305252,,13.272936785141791,16404846280289.826,1.6551981766336368
2017-05-18,oas,62.30764518028099,2248.0117207445032,5.868758827955787e-05,2.1774898281052488e-06,0.19710076496010948,,10.850798742418887,16180327076826.46,1.8526654977830326
2017-05-18,shrink,381.7735088971313,2248.0117207445032,1.0056345616277346e-05,2.1774898281052488e-06,0.11609145707187019,,3.558971931074853,15374572940811.057,2.019964611121487
2017-05-18,persistence,2702.5035837421187,2248.0117207445032,3.314379840310785e-06,2.1774898281052488e-06,0.19078216013620072,,0.17648200479210538,5687061016842.182,1.7073690001372426
2017-05-25,D0_pca8,9604.238458271604,2690.0308579522884,1.2412003027416212e-07,2.2322645567957324e-06,32.9256182338289,,8.349297821186333,4324615571374060.0,3.414047290959528
2017-05-25,rolling,2196.98235876469,2690.0308579522884,2.3388157578206596e-06,2.2322645567957324e-06,0.035670572385401264,,0.002174182314162754,8212639315773.2,2.9623714699805768
2017-05-25,ewma,2496.6540863236137,2690.0308579522884,2.753489478784355e-06,2.2322645567957324e-06,0.023640315066255604,,0.04403801188706214,7740459514425.168,2.7193960372991386
2017-05-25,ledoit_wolf,37.212312667119626,2690.0308579522884,8.654688782506342e-05,2.2322645567957324e-06,0.2918206564547535,,13.378544853832349,15618634456934.367,1.6470558803380633
2017-05-25,oas,60.651498242908865,2690.0308579522884,6.169350105378334e-05,2.2322645567957324e-06,0.18177744277615146,,11.016833698305936,15415284972475.537,1.8148113860788078
2017-05-25,shrink,363.183178076524,2690.0308579522884,1.0723055178382978e-05,2.2322645567957324e-06,0.10470377680630294,,3.646781569898939,14653942219451.137,1.963516057093323
2017-05-25,persistence,2739.5230465236937,2690.0308579522884,3.1522042379576e-06,2.2322645567957324e-06,0.11355197349410766,,0.11908384283965483,5062085959413.771,1.9244838580301171
2017-06-02,D0_pca8,9550.810282079714,2979.96168868943,1.6078518963216027e-07,2.509179346916756e-06,28.920145222784328,,7.549503347237244,2617468592147393.5,3.665117453701124
2017-06-02,rolling,1966.40643253572,2979.96168868943,2.2477785563461456e-06,2.509179346916756e-06,0.07589938556141758,,0.012102921710489507,6905049032779.21,2.720238650724012
2017-06-02,ewma,2179.1962009843364,2979.96168868943,2.4219995201046605e-06,2.509179346916756e-06,0.03174641228403868,,0.0012504911952937578,6205821728160.366,2.637791009357413
2017-06-02,ledoit_wolf,26.641176779806045,2979.96168868943,9.560827824545025e-05,2.509179346916756e-06,0.5025706396055425,,13.251807930285405,12342157309392.75,1.4813540691157332
2017-06-02,oas,46.99353385936903,2979.96168868943,6.597226865117551e-05,2.509179346916756e-06,0.3094775993291259,,10.688180943739667,12159134666922.514,1.634649297231228
2017-06-02,shrink,348.45945649013515,2979.96168868943,9.94901744092194e-06,2.509179346916756e-06,0.17871411546275862,,2.926453699270359,11374748235077.656,1.8502410645496414
2017-06-02,persistence,2661.9174542882893,2979.96168868943,2.472106265549326e-06,2.509179346916756e-06,0.0030493533432879145,,0.0002215695938432497,4208163111776.283,2.0062116346081056
2017-06-09,D0_pca8,9634.794588767503,7389.901738660955,1.8079042661663229e-07,8.376322978975242e-06,33.231498811603075,,14.713518168391243,2293084646301213.5,2.9499978712331294
2017-06-09,rolling,1901.3407130482121,7389.901738660955,2.3347643815499005e-06,8.376322978975242e-06,0.8430087782645279,,1.6320004889427815,5953739331954.855,2.871077063984618
2017-06-09,ewma,1913.6186976072408,7389.901738660955,2.349914461718331e-06,8.376322978975242e-06,0.796705962908343,,1.615516748644244,5742986962953.206,2.7602053611626856
2017-06-09,ledoit_wolf,27.42031682689277,7389.901738660955,9.575079623328572e-05,8.376322978975242e-06,1.567616183888977,,5.935751630624773,1004626730002.9866,1.4922094449283254
2017-06-09,oas,45.82024508881397,7389.901738660955,6.815114580450892e-05,8.376322978975242e-06,1.2929853283069928,,4.394552651238805,959904255588.4482,1.6557585994657407
2017-06-09,shrink,333.83003212399404,7389.901738660955,1.0676369589702029e-05,8.376322978975242e-06,1.0740422757205847,,0.32116731882226834,790349345317.6523,1.8939499117883822
2017-06-09,persistence,2761.1055380574217,7389.901738660955,2.5900620564891484e-06,8.376322978975242e-06,0.4932016635133071,,1.3776349078737484,6968366760765.591,1.9989914388239793
2017-06-16,D0_pca8,9762.774335923026,7471.114712306668,2.1362731622198165e-07,8.292774815334718e-06,35.18672004947071,,13.38756652542205,1683187842457386.5,3.68381699003729
2017-06-16,rolling,1895.5884067033155,7471.114712306668,2.4707695612016617e-06,8.292774815334718e-06,0.7590021952342495,,1.466169060970492,5165415609364.309,3.0783959174441993
2017-06-16,ewma,2166.1567385905114,7471.114712306668,2.451078313084747e-06,8.292774815334718e-06,0.6770819745912465,,1.4856106522694168,5197666367369.588,2.911433050022814
2017-06-16,ledoit_wolf,26.636262349475206,7471.114712306668,0.00010292857952376615,8.292774815334718e-06,1.4304639942338224,,6.343600858189403,1035991215236.5784,1.4782014140983557
2017-06-16,oas,45.94870692967406,7471.114712306668,7.182314796513795e-05,8.292774815334718e-06,1.1603611242404215,,4.660512777285701,990745825507.7605,1.6723748945399872
2017-06-16,shrink,311.8628518725354,7471.114712306668,1.2074193196749668e-05,8.292774815334718e-06,0.9756031038814361,,0.5442158961562101,839410560930.4476,1.9690162094460841
2017-06-16,persistence,2248.0117207446337,7471.114712306668,2.177489828105123e-06,8.292774815334718e-06,0.7028209588858212,,1.788134687978592,10710861138823.887,1.7160133704324443
2017-06-23,D0_pca8,9553.31107275092,7640.609026992249,1.1862960025435625e-07,8.111121668626714e-06,34.119477490037625,,17.850431513659313,5058110339067386.0,3.2333565335093173
2017-06-23,rolling,1873.5316078546005,7640.609026992249,2.6090117240807965e-06,8.111121668626714e-06,0.6879715015649681,,1.2865557417508509,4501878717965.235,3.3732374397838063
2017-06-23,ewma,2307.6284259681165,7640.609026992249,2.494566319619017e-06,8.111121668626714e-06,0.6052922252910189,,1.3903263173998266,4898992227549.804,3.23668150056326
2017-06-23,ledoit_wolf,27.782496470138994,7640.609026992249,0.00010523843310303253,8.111121668626714e-06,1.2292622256119945,,6.568929468630482,1090460895097.7515,1.472094683296338
2017-06-23,oas,45.03233974667389,7640.609026992249,7.631705961612586e-05,8.111121668626714e-06,1.025034651858944,,5.025040558730134,1050892113724.5344,1.634550300868946
2017-06-23,shrink,314.25430553093275,7640.609026992249,1.2577770762004012e-05,8.111121668626714e-06,0.8652755725173925,,0.6807488540910216,905430702043.8633,1.8845723983980829
2017-06-23,persistence,2690.0308579523703,7640.609026992249,2.2322645567956663e-06,8.111121668626714e-06,0.5755304651485185,,1.664665775543844,9971670899794.93,1.6782612378022812
2017-06-30,D0_pca8,9717.185339595311,7307.157515345961,2.0610610522803576e-07,8.488684395374248e-06,35.71821304538842,,13.824219005676321,1778146364676615.2,3.148724511404632
2017-06-30,rolling,2004.1784713008537,7307.157515345961,2.66763018065198e-06,8.488684395374248e-06,0.744971693871665,,1.339906413679112,4317841503356.1597,3.424826770470668
2017-06-30,ewma,2691.1084339157524,7307.157515345961,2.4344347298873915e-06,8.488684395374248e-06,0.7352693083186124,,1.5600488376312733,5258398113378.844,3.40642394989789
2017-06-30,ledoit_wolf,34.22758104192668,7307.157515345961,9.83566962573208e-05,8.488684395374248e-06,1.343783370069147,,6.001845828015614,981926424081.0427,1.5657523639377189
2017-06-30,oas,51.76976652605901,7307.157515345961,7.399098210414413e-05,8.488684395374248e-06,1.1532172125319482,,4.6881303992403955,946953246725.1503,1.752383720848534
2017-06-30,shrink,296.7883879166911,7307.157515345961,1.4255313066032008e-05,8.488684395374248e-06,0.9675023741642954,,0.7054017731713116,828482593001.9077,1.9762174449581624
2017-06-30,persistence,2979.9616886888866,7307.157515345961,2.509179346917213e-06,8.488684395374248e-06,0.5367973609467913,,1.4854198181601668,7569163884454.758,1.8923900652509367
2017-07-10,D0_pca8,9293.796652532326,1767.3445600945984,1.1957716397531524e-07,2.43485076914199e-06,29.55546242289801,,9.082212348820358,4709935178389041.0,3.3270555652208764
2017-07-10,rolling,4826.267146368633,1767.3445600945984,5.004488193874163e-06,2.43485076914199e-06,0.3840269259963999,,0.5190474371040812,8201438162121.773,3.2804995430177155
2017-07-10,ewma,7348.057327083721,1767.3445600945984,8.642333575319637e-06,2.43485076914199e-06,0.8457505466727906,,1.6047489796012524,9681972077329.443,2.769895570615471
2017-07-10,ledoit_wolf,48.997387006728026,1767.3445600945984,0.00024589362863878037,2.43485076914199e-06,0.33353368297539987,,21.298346494590874,13434131331214.293,1.2200434319761786
2017-07-10,oas,434.57638950925445,1767.3445600945984,4.91240608638562e-05,2.43485076914199e-06,0.35020407301870843,,9.026798480216096,12777963140421.734,2.012191150103917
2017-07-10,shrink,1402.2614612384818,1767.3445600945984,1.4837013266369457e-05,2.43485076914199e-06,0.28864035896618756,,4.585528879516077,12598689003443.168,1.8903438103704437
2017-07-10,persistence,7389.901738658673,1767.3445600945984,8.376322978977827e-06,2.43485076914199e-06,0.796542220562748,,1.5265177573191333,8161868219596.935,2.04039959005307
2017-07-17,D0_pca8,9554.521875810473,1872.465760863547,1.7113811642512918e-07,2.7647951112103898e-06,32.5825659366736,,7.740889465671539,2343171446263277.0,3.689382583301291
2017-07-17,rolling,5070.973229729495,1872.465760863547,4.766717661879014e-06,2.7647951112103898e-06,0.39922506596393864,,0.29668857257018344,5918631462872.035,3.4486378872453862
2017-07-17,ewma,6858.459753508533,1872.465760863547,6.806249886488704e-06,2.7647951112103898e-06,0.6282667641539281,,0.8115749455670169,6565820752806.225,2.950359948720373
2017-07-17,ledoit_wolf,52.068386936705195,1872.465760863547,0.0002327445913839201,2.7647951112103898e-06,0.5104562136395161,,19.651265481812064,10382939511171.13,1.2417013348429913
2017-07-17,oas,494.63749307645014,1872.465760863547,4.351712043835789e-05,2.7647951112103898e-06,0.4023303146515323,,7.596569887115334,9727552524642.508,2.1392054022212004
2017-07-17,shrink,1438.4346265347167,1872.465760863547,1.446952957624358e-05,2.7647951112103898e-06,0.2932203001651787,,3.9871074259237873,9630151656788.262,1.9730316683949851
2017-07-17,persistence,7471.114712296627,1872.465760863547,8.292774815345868e-06,2.7647951112103898e-06,0.7175714766895409,,1.2065217930036602,5839257784986.533,1.868905839912126
2017-07-24,D0_pca8,9603.48501209215,2130.667083964376,1.4459728031198335e-07,2.7768063928940015e-06,33.83772091384388,,8.73260247560991,3247254759174091.0,3.7187796386103535
2017-07-24,rolling,5150.575866880334,2130.667083964376,4.690296151256831e-06,2.7768063928940015e-06,0.37956441188842444,,0.2747794450263769,5833089729089.675,3.4148640227552796
2017-07-24,ewma,6330.057278375041,2130.667083964376,5.415409515908418e-06,2.7768063928940015e-06,0.42819354793555026,,0.4461529817578741,5937171707130.964,3.1824440561501346
2017-07-24,ledoit_wolf,52.81074534474416,2130.667083964376,0.00022914495113552543,2.7768063928940015e-06,0.49668487349024826,,19.47503619938268,10288972383576.7,1.2364594809773666
2017-07-24,oas,515.4027863628813,2130.667083964376,4.1834573703507714e-05,2.7768063928940015e-06,0.38458816513512045,,7.357229285419878,9610152609888.996,2.194956129025386
2017-07-24,shrink,1470.3288409261813,2130.667083964376,1.4148959558786711e-05,2.7768063928940015e-06,0.27233968681619364,,3.851559837459445,9528106923778.4,1.975772811782923
2017-07-24,persistence,7640.609026989395,2130.667083964376,8.111121668629736e-06,2.7768063928940015e-06,0.6397929023845235,,1.1490434453096332,5715136731959.492,1.8636183721500614
2017-07-31,D0_pca8,9517.816630870537,3013.905310393019,1.5354944419421218e-07,2.277049220121305e-06,30.47604641603466,,7.2716892126487895,2893818943711900.0,3.698446162822449
2017-07-31,rolling,5179.110161072247,3013.905310393019,4.6669251950244955e-06,2.277049220121305e-06,0.22252309836147233,,0.5149781922680539,9405639524328.018,3.0436562409811714
2017-07-31,ewma,5061.363167331974,3013.905310393019,4.996125826439584e-06,2.277049220121305e-06,0.3087368025961802,,0.6174535641724471,9343107931335.436,2.953193017277379
2017-07-31,ledoit_wolf,51.998223505877505,3013.905310393019,0.0002304431311070993,2.277049220121305e-06,0.1607473260093273,,21.317827330996757,15361055543253.574,1.1729249321046709
2017-07-31,oas,516.6998635207364,3013.905310393019,4.1740051681997566e-05,2.277049220121305e-06,0.18741110793326896,,8.45983948700682,14528228214965.648,2.1093688660338823
2017-07-31,shrink,1428.7056695986207,3013.905310393019,1.4564713931697787e-05,2.277049220121305e-06,0.1439008836519648,,4.604135027113122,14444810873635.973,1.8382680020477573
2017-07-31,persistence,7307.157515350071,3013.905310393019,8.488684395369479e-06,2.277049220121305e-06,0.6335049715686824,,1.7314699191546725,9714353691750.986,1.697124544469039
2017-08-07,D0_pca8,9459.786372946985,3857.2734294658067,1.616982810021183e-07,2.017848820752539e-06,24.052357598781395,,6.370825667533169,2492228637377723.5,3.625292827437232
2017-08-07,rolling,5102.735545325067,3857.2734294658067,4.7385991013148725e-06,2.017848820752539e-06,0.29728297901691214,,0.7288194929150948,12647888417947.842,3.055574244767533
2017-08-07,ewma,4223.310300221356,3857.2734294658067,4.399235121845876e-06,2.017848820752539e-06,0.4657073220290095,,0.6074618937687547,11961897193314.05,2.724800547391304
2017-08-07,ledoit_wolf,50.8650777281412,3857.2734294658067,0.00023486554471522237,2.017848820752539e-06,0.04489481698336502,,22.628865429605362,19604964764225.527,1.1136899532508135
2017-08-07,oas,495.3148020914229,3857.2734294658067,4.345199622944891e-05,2.017848820752539e-06,0.22148024669202523,,9.422593450541815,18703732474708.492,1.982622247873436
2017-08-07,shrink,1312.5885667284272,3857.2734294658067,1.585625692063106e-05,2.017848820752539e-06,0.1912325120120552,,5.51723214252409,18623397066027.71,1.7823552740351747
2017-08-07,persistence,1767.3445600947446,3857.2734294658067,2.4348507691417944e-06,2.017848820752539e-06,0.2704165898417491,,0.03528889247823767,6024575205025.486,1.3325571471479667
2017-08-14,D0_pca8,9044.128170297927,2678.9998352573307,1.225360734699397e-07,1.9490245814634155e-06,26.039498491162675,,7.654469529366364,4291789437347447.0,2.8666753761578017
2017-08-14,rolling,5006.076316091661,2678.9998352573307,4.826477718644178e-06,1.9490245814634155e-06,0.35076042337705227,,0.8222637735586293,13792578678305.031,2.878000045985825
2017-08-14,ewma,3506.516650338275,2678.9998352573307,3.892478256583335e-06,1.9490245814634155e-06,0.2801840877455748,,0.47847206191149994,12376063586512.713,2.710946309673291
2017-08-14,ledoit_wolf,50.251286584921836,2678.9998352573307,0.0002384238348296348,1.9490245814634155e-06,0.12298271247404882,,23.104560684899038,21028740576069.195,1.2098797672981203
2017-08-14,oas,474.066362300807,2678.9998352573307,4.526329573606247e-05,1.9490245814634155e-06,0.28037418662014846,,9.892075027825445,20130139462841.05,1.883497363140674
2017-08-14,shrink,1286.8156011524504,2678.9998352573307,1.6168597603844867e-05,1.9490245814634155e-06,0.24442693115869352,,5.719347784775525,20010677922642.688,1.75286849406782
2017-08-14,persistence,1872.4657608635482,2678.9998352573307,2.764795111210385e-06,1.9490245814634155e-06,0.20012170468954057,,0.12224627457189532,6715715566651.601,1.8185246729912798
2017-08-21,D0_pca8,9688.90550430958,1878.1918224137482,2.2812283941466353e-07,1.7934124199207721e-06,27.26884975650092,,4.251791974297126,1197366336553135.8,3.678574572221508
2017-08-21,rolling,4974.38682071141,1878.1918224137482,4.8550465205929945e-06,1.7934124199207721e-06,0.4898263554304821,,0.9918131196140824,16822764214065.113,2.938167255550112
2017-08-21,ewma,2912.5682717378645,1878.1918224137482,3.4820546276784204e-06,1.7934124199207721e-06,0.2597022756139047,,0.4402350029256728,14521775713638.006,2.774563387674052
2017-08-21,ledoit_wolf,50.28563913101907,1878.1918224137482,0.00023899681288203753,1.7934124199207721e-06,0.20859311105876718,,23.934887724714176,24864241505376.812,1.2735065416068685
2017-08-21,oas,468.69715973786464,1878.1918224137482,4.5740160905965715e-05,1.7934124199207721e-06,0.4104947770281875,,10.490188096968206,23893591940081.055,2.042345946181128
2017-08-21,shrink,1373.755368210099,1878.1918224137482,1.5143795203440064e-05,1.7934124199207721e-06,0.37740469642064467,,6.19076764333289,23787136617585.5,1.8995658891880247
2017-08-21,persistence,2130.667083964401,1878.1918224137482,2.7768063928939757e-06,1.7934124199207721e-06,0.20532452859564393,,0.19112731899233307,8387499068019.687,1.9490525728033672
2017-08-28,D0_pca8,9581.618695534175,2026.8378927566894,1.9190779609894756e-07,1.8413612836686905e-06,26.305138186003052,,5.113209545709101,1751050958604555.8,3.3874009728064607
2017-08-28,rolling,5103.554863055265,2026.8378927566894,4.728807622515502e-06,1.8413612836686905e-06,0.4091750680107963,,0.8895651682666562,15643818798288.857,2.865518173318176
2017-08-28,ewma,2507.0425936882853,2026.8378927566894,2.984712787051859e-06,1.8413612836686905e-06,0.11343079302188212,,0.23328725084074176,12832755681048.979,2.8326335170028845
2017-08-28,ledoit_wolf,51.13691696211477,2026.8378927566894,0.0002337686722241171,1.8413612836686905e-06,0.19728427189752673,,23.46265401109823,23571116944158.535,1.3143075691245818
2017-08-28,oas,498.68021956949167,2026.8378927566894,4.3102520260986176e-05,1.8413612836686905e-06,0.3455671342610618,,9.941887152481058,22560790151111.137,2.1572188746395193
2017-08-28,shrink,1442.6857904556305,2026.8378927566894,1.4417160123595182e-05,1.8413612836686905e-06,0.31721440234471987,,5.735836764717216,22481150297069.387,1.9066502527908216
2017-08-28,persistence,3013.905310393012,2026.8378927566894,2.2770492201213093e-06,1.8413612836686905e-06,0.060590961846469206,,0.04510321410152842,7157583560327.764,1.9718647621895722
2017-09-05,D0_pca8,9442.465665675723,1921.1377758036397,1.593635170683993e-07,1.8065427740683676e-06,24.973144283994305,,5.895070580050249,2503882817012379.0,3.3765238772412673
2017-09-05,rolling,5219.736026660801,1921.1377758036397,4.623161367940344e-06,1.8065427740683676e-06,0.42715593731410645,,0.8829674244938273,16150347921606.475,2.8619674177100114
2017-09-05,ewma,2151.7576839935055,1921.1377758036397,2.5856108176482572e-06,1.8065427740683676e-06,0.06897230179664035,,0.12855570536118646,12746172770390.84,2.8900506944008346
2017-09-05,ledoit_wolf,51.80674072427758,1921.1377758036397,0.0002295918311029841,1.8065427740683676e-06,0.2377188671788287,,23.472935726902442,24488634422159.676,1.2910538881316673
2017-09-05,oas,527.4823009610045,1921.1377758036397,4.086719894393763e-05,1.8065427740683676e-06,0.37116504866476274,,9.727613817890747,23395250223684.758,2.162921674809441
2017-09-05,shrink,1518.7042243673486,1921.1377758036397,1.3694429989934063e-05,1.8065427740683676e-06,0.3383981155246019,,5.617281457169264,23317541577183.586,1.9189589408747292
2017-09-05,persistence,3857.273429465434,1921.1377758036397,2.0178488207527345e-06,1.8065427740683676e-06,0.09755630160189183,,0.012236119932592604,7370620588203.826,2.0340964142984372
2017-09-12,D0_pca8,9228.893500719985,1945.58653765505,1.27793041763791e-07,1.5847307764143339e-06,25.8894559728663,,6.339067713502939,3893383303462821.0,2.9447995847760193
2017-09-12,rolling,5217.672531927153,1945.58653765505,4.635630264505172e-06,1.5847307764143339e-06,0.5374157393170789,,1.1520957176879267,22053026326351.242,2.7147896537837606
2017-09-12,ewma,2041.575095437398,1945.58653765505,2.5406915948775946e-06,1.5847307764143339e-06,0.12711993140445993,,0.22280434577720723,17424372208385.014,2.785055947662946
2017-09-12,ledoit_wolf,51.6043183384554,1945.58653765505,0.000230619555563441,1.5847307764143339e-06,0.23744957130553396,,24.803928403370527,31878260765793.96,1.29660688666061
2017-09-12,oas,524.5675828506661,1945.58653765505,4.117005798751306e-05,1.5847307764143339e-06,0.4598688241809752,,10.609977894721899,30635205203967.094,2.115163505309236
2017-09-12,shrink,1598.9255202951717,1945.58653765505,1.3027289382989211e-05,1.5847307764143339e-06,0.42417735846190424,,6.200385548979401,30512126427927.28,1.8624211637262964
2017-09-12,persistence,2678.999835256891,1945.58653765505,1.9490245814637357e-06,1.5847307764143339e-06,0.04759264341904397,,0.04281356027749601,9805756818836.701,2.056085542693896
2017-09-19,D0_pca8,9540.776808318567,1873.6053917912257,1.6372873524199913e-07,1.5102902647178047e-06,24.567155864331255,,4.936576047914868,2329485145605351.5,3.6061338760005586
2017-09-19,rolling,1897.789085465724,1873.6053917912257,2.1996799048251467e-06,1.5102902647178047e-06,0.03291864592928754,,0.14138335752509965,18949456825447.527,2.6773379040375955
2017-09-19,ewma,2190.3149316785657,1873.6053917912257,2.005559881146856e-06,1.5102902647178047e-06,0.03024642369879532,,0.08044100783080685,18170024031097.83,2.645503684571727
2017-09-19,ledoit_wolf,25.45954527995119,1873.6053917912257,9.418030924414376e-05,1.5102902647178047e-06,0.1290992444652045,,17.080933629892492,34640571503198.12,1.5352615107721306
2017-09-19,oas,36.391138248015295,1873.6053917912257,7.52444307423909e-05,1.5102902647178047e-06,0.07176967581445484,,15.275898397644658,34468193745741.008,1.6617546438976238
2017-09-19,shrink,216.9150891680985,1873.6053917912257,1.3973065086641084e-05,1.5102902647178047e-06,0.019200643159845203,,6.480783551113743,33508734644710.33,1.8568136936409378
2017-09-19,persistence,1878.1918224137514,1873.6053917912257,1.7934124199207717e-06,1.5102902647178047e-06,0.03962949471157694,,0.029521500617202455,10462247858857.98,1.569029046751822
2017-09-26,D0_pca8,9344.006922149321,1448.6067990831136,1.0343503188846519e-07,1.3453854870476353e-06,26.14207575108435,,6.5817042007199955,5796079304285913.0,3.2712798554322977
2017-09-26,rolling,1828.6466095997541,1448.6067990831136,2.2230460301527917e-06,1.3453854870476353e-06,0.10057189873322389,,0.25220229704747454,25329847771586.145,2.698884059646693
2017-09-26,ewma,1915.3877494068142,1448.6067990831136,2.0381412490890228e-06,1.3453854870476353e-06,0.10569605367196096,,0.17252177637947122,24340020861721.195,2.6688483279318533
2017-09-26,ledoit_wolf,23.88267684199964,1448.6067990831136,9.676609569793607e-05,1.3453854870476353e-06,0.07936846856318124,,18.280886787636966,43800381420372.42,1.501427244508381
2017-09-26,oas,33.8419417747427,1448.6067990831136,7.791738582744244e-05,1.3453854870476353e-06,0.04834076075298201,,16.475219596742186,43621190618187.71,1.630784553633461
2017-09-26,shrink,226.08368746767005,1448.6067990831136,1.3046654922679943e-05,1.3453854870476353e-06,0.02914908994524936,,7.551954033324995,42621453445286.89,1.8521288268307399
2017-09-26,persistence,2026.8378927566964,1448.6067990831136,1.8413612836686793e-06,1.3453854870476353e-06,0.12229084732345907,,0.0984857204554693,13802831543891.273,1.3077661379094039
2017-10-03,D0_pca8,9224.900556532226,2355.9481749470037,1.0998720159000949e-07,2.287056127930484e-06,29.24466116750031,,9.209088917022033,5519550006951690.0,3.362673245009548
2017-10-03,rolling,1911.1204524347445,2355.9481749470037,2.207476671858074e-06,2.287056127930484e-06,0.09389749497765829,,0.001254247396428552,8434852002775.175,2.845681881209283
2017-10-03,ewma,1959.4920119749675,2355.9481749470037,1.8845807122862267e-06,2.287056127930484e-06,0.10974942734019144,,0.03746547405225216,9166006268722.38,2.805288536268917
2017-10-03,ledoit_wolf,26.552210345203907,2355.9481749470037,9.256553720628523e-05,2.287056127930484e-06,0.4893399168997621,,13.694817976541549,14910153929976.162,1.504794272993417
2017-10-03,oas,37.75956219820619,2355.9481749470037,7.399769983537076e-05,2.287056127930484e-06,0.3648701188215331,,12.087916621310097,14797877006935.645,1.6302237346509874
2017-10-03,shrink,250.00009421678035,2355.9481749470037,1.2228541060653213e-05,2.287056127930484e-06,0.23424420083330352,,4.966492985312446,14255328175605.125,1.7904213220342358
2017-10-03,persistence,1921.1377758036842,2355.9481749470037,1.8065427740683292e-06,2.287056127930484e-06,0.07944540373632224,,0.055625407128761226,7659404607665.755,1.3464767238708075
2017-10-10,D0_pca8,9456.686492007408,2076.6785227984815,1.244839379542388e-07,3.0101240713877293e-06,34.292481457371856,,10.147742694916257,4430267872645954.0,3.1927564045041614
2017-10-10,rolling,2153.0412009370293,2076.6785227984815,1.946595269478629e-06,3.0101240713877293e-06,0.557957049820095,,0.1900081869030123,7281806673905.64,3.3326223163855375
2017-10-10,ewma,1729.548909549337,2076.6785227984815,1.6927885193378271e-06,3.0101240713877293e-06,0.5493707457472616,,0.3313198019297243,9093198687409.793,3.3097000061568416
2017-10-10,ledoit_wolf,35.821731149751116,2076.6785227984815,7.288438231935536e-05,3.0101240713877293e-06,1.2306760430742378,,10.156285499606636,8402520524239.529,1.5946632982106683
2017-10-10,oas,47.60957506445718,2076.6785227984815,6.0275979222414676e-05,3.0101240713877293e-06,1.079544569666685,,8.981721629467781,8315490753652.155,1.7156300884771714
2017-10-10,shrink,191.3176037119551,2076.6785227984815,1.5826608404539297e-05,3.0101240713877293e-06,0.8936003232849895,,3.66270286081408,7948725047436.488,1.8992864826446716
2017-10-10,persistence,1945.5865376551626,2076.6785227984815,1.5847307764142435e-06,3.0101240713877293e-06,0.41794741347876324,,0.4116075265514044,12900099525836.336,1.3296469942693645
2017-10-17,D0_pca8,9458.29847931754,1929.9477453214251,1.0141759347458353e-07,3.3719494812023702e-06,37.28789510898246,,12.277947264071624,6556835315524198.0,3.534593482246125
2017-10-17,rolling,2309.3477647113996,1929.9477453214251,1.8024337381395123e-06,3.3719494812023702e-06,0.958859436538644,,0.3923180449359368,8257821471655.572,3.2266267174414422
2017-10-17,ewma,1548.719057679321,1929.9477453214251,1.560986979178399e-06,3.3719494812023702e-06,0.893946808718504,,0.5931655472203536,10896728425873.291,3.1346058060409905
2017-10-17,ledoit_wolf,42.87620738009518,1929.9477453214251,6.278483007477136e-05,3.3719494812023702e-06,1.7209508718678461,,8.551075160094,6579380415797.667,1.6744993896770202
2017-10-17,oas,57.2989537078165,1929.9477453214251,5.137926306161994e-05,3.3719494812023702e-06,1.5526294504222178,,7.418777637270883,6486095161270.89,1.7972907532520992
2017-10-17,shrink,199.6357545495525,1929.9477453214251,1.5037007273210788e-05,3.3719494812023702e-06,1.4000716328914635,,3.0947239145565235,6198742377585.034,1.8774070372567766
2017-10-17,persistence,1873.6053917912184,1929.9477453214251,1.510290264717813e-06,3.3719494812023702e-06,0.6722508429893445,,0.6451122998086369,16179129600064.77,1.3851378013977587
2017-10-24,D0_pca8,9115.206690736706,1764.4195349876995,9.584700722040624e-08,3.701528214005383e-06,34.63186336758198,,13.34979871023376,7333731797231865.0,2.9932849232541545
2017-10-24,rolling,1697.781086069152,1764.4195349876995,1.6999861953159122e-06,3.701528214005383e-06,1.1914257800532877,,0.6054790081484106,9379747041488.375,3.165650571544617
2017-10-24,ewma,1320.6417176602595,1764.4195349876995,1.5586375989684284e-06,3.701528214005383e-06,1.0979876152497545,,0.7481095928171894,11108449225759.668,3.007474524907726
2017-10-24,ledoit_wolf,21.996890477642996,1764.4195349876995,7.448117861951831e-05,3.701528214005383e-06,2.3787945249938587,,9.010805854967604,5473963985106.465,1.4980861434509158
2017-10-24,oas,26.70615611077239,1764.4195349876995,6.626394962184246e-05,3.701528214005383e-06,2.200983519965909,,8.32264791061391,5432851433036.643,1.5740666040055038
2017-10-24,shrink,147.9395068204344,1764.4195349876995,1.4121357897304623e-05,3.701528214005383e-06,1.7034426671407956,,2.6279593221908293,5048403924442.273,1.8106102101406292
2017-10-24,persistence,1448.6067990830634,1764.4195349876995,1.3453854870476806e-06,3.701528214005383e-06,1.0831385833437075,,1.0242749825028128,23603358814641.625,1.3602478852886732
2017-10-31,D0_pca8,9091.611238174008,2231.146488535,1.1826941867733966e-07,3.3399812767180515e-06,30.09072677047937,,11.160591141490752,4941006987398606.0,3.077454659103475
2017-10-31,rolling,1413.0911799244827,2231.146488535,1.8310820125174815e-06,3.3399812767180515e-06,0.6499230698874936,,0.36127059756744534,7930156529564.586,2.2074063587891435
2017-10-31,ewma,2477.283749621885,2231.146488535,2.1672893875994013e-06,3.3399812767180515e-06,0.3528830278041976,,0.18704568209555478,5532601470022.162,2.245283487553902
2017-10-31,ledoit_wolf,12.35844471658042,2231.146488535,9.947897200637095e-05,3.3399812767180515e-06,2.002574223801438,,11.519105634518061,6876248380670.33,1.2276426224185824
2017-10-31,oas,20.40263734033954,2231.146488535,7.561597748337049e-05,3.3399812767180515e-06,1.5288597191536897,,9.732541291638665,6787372887612.718,1.3406422487576946
2017-10-31,shrink,145.2406778816337,2231.146488535,1.3372095267523395e-05,3.3399812767180515e-06,1.033903684149744,,2.897370196072693,6317912076646.557,1.5177764963964755
2017-10-31,persistence,2355.94817494713,2231.146488535,2.2870561279303605e-06,3.3399812767180515e-06,0.16828043994099473,,0.14341339192947253,5140385926212.564,1.3409503745579257
2017-11-07,D0_pca8,8589.790114700945,3035.4097038051204,6.104353732173522e-08,2.919117058117951e-06,32.62104729786613,,14.957038759423742,1.66091821639577e+16,3.551540568967783
2017-11-07,rolling,1236.7575408511839,3035.4097038051204,2.197389489852159e-06,2.919117058117951e-06,0.23570290695134716,,0.08066225970953664,6136563801095.831,1.9819222426609304
2017-11-07,ewma,2237.3452717739333,3035.4097038051204,3.0449212183911547e-06,2.919117058117951e-06,0.10246933446665603,,0.0017803185327926214,4627241418423.028,1.9916405340880672
2017-11-07,ledoit_wolf,6.578169792372914,3035.4097038051204,0.00014840279163769247,2.919117058117951e-06,1.6523721362507733,,15.43427992522704,9187864510409.426,1.0809301818575283
2017-11-07,oas,19.229078896313293,3035.4097038051204,8.704319117384619e-05,2.919117058117951e-06,0.7453547092388383,,11.526859651815576,9030131485352.082,1.2288412235779778
2017-11-07,shrink,151.51990675083897,3035.4097038051204,1.559612786276359e-05,2.919117058117951e-06,0.407402431443271,,3.798441461965003,8491080010096.366,1.353601420080378
2017-11-07,persistence,2076.6785227981945,3035.4097038051204,3.010124071388151e-06,2.919117058117951e-06,0.08553027030044233,,0.0009424957769115464,3111428745122.389,1.2361983959283083
2017-11-14,D0_pca8,8906.350555311355,3292.441953143885,8.417846516648141e-08,2.6152139770319236e-06,29.553701600003922,,11.80713075647073,9143714153916928.0,3.8431821673591293
2017-11-14,rolling,1204.8556535453788,3292.441953143885,2.3127900914808355e-06,2.6152139770319236e-06,0.1544910026645168,,0.015102257716318282,6636003316628.115,2.0559304105063663
2017-11-14,ewma,1808.7966697005122,3292.441953143885,2.92599094623591e-06,2.6152139770319236e-06,0.08463578119305547,,0.012608425790181454,5844293190007.918,1.9996613435797141
2017-11-14,ledoit_wolf,7.244117189312623,3292.441953143885,0.0001492819243680516,2.6152139770319236e-06,1.1385316258325484,,16.35790204065399,11495843690386.736,1.071240893546137
2017-11-14,oas,18.434892384059687,3292.441953143885,9.262120628416543e-05,2.6152139770319236e-06,0.5171958272948898,,12.72471488222433,11344270265654.695,1.2113382423189067
2017-11-14,shrink,151.18455404603148,3292.441953143885,1.5942936360979663e-05,2.6152139770319236e-06,0.2538888513616254,,4.428020363148294,10765502491640.496,1.407086353306393
2017-11-14,persistence,1929.9477453213824,3292.441953143885,3.371949481202441e-06,2.6152139770319236e-06,0.18824278936479288,,0.06458970715813636,3677727722668.8623,1.2991498663858267
2017-11-21,D0_pca8,9375.445242718271,3347.398829694377,1.2796042624788263e-07,2.471032314440637e-06,28.68159120973266,,8.765524375193221,4108983733358228.0,3.187088789535906
2017-11-21,rolling,1194.7027993074935,3347.398829694377,2.3655775992955192e-06,2.471032314440637e-06,0.12787846702158806,,0.0019021606020311545,7244323821139.693,1.9798202119493487
2017-11-21,ewma,1510.1823851948882,3347.398829694377,2.905109063428061e-06,2.471032314440637e-06,0.13473239953885485,,0.02619052452767238,6646848199372.206,2.0167281943862987
2017-11-21,ledoit_wolf,6.853947534729151,3347.398829694377,0.0001555845706344514,2.471032314440637e-06,1.0237161444127842,,17.160745720054692,12911470470626.29,1.073565017148568
2017-11-21,oas,18.162398230787417,3347.398829694377,9.514392636840728e-05,2.471032314440637e-06,0.4233593358691074,,13.328007404019175,12752365362226.068,1.2551575348017379
2017-11-21,shrink,168.32829440354985,3347.398829694377,1.4291903397200123e-05,2.471032314440637e-06,0.2001729606288425,,4.3875871306992895,12110612433203.266,1.3667744445205026
2017-11-21,persistence,1764.4195349880665,3347.398829694377,3.7015282140046148e-06,2.471032314440637e-06,0.35010996430381025,,0.1633045900377747,4370029962215.518,1.3788228849461936
2017-11-29,D0_pca8,9252.454037324878,2534.873152250454,1.0301246057581613e-07,1.8017541510453938e-06,27.39852858153531,,8.189080143598323,6014821994479565.0,3.0959200267792513
2017-11-29,rolling,1170.5452056490021,2534.873152250454,2.4072138461258594e-06,1.8017541510453938e-06,0.09526519343600208,,0.08393138578064431,13130305033350.812,2.3151892037222246
2017-11-29,ewma,1515.3693887871677,2534.873152250454,2.6811038799972325e-06,1.8017541510453938e-06,0.1946876978421011,,0.1579805761111555,13131538810734.492,2.283714061450638
2017-11-29,ledoit_wolf,6.72715189404367,2534.873152250454,0.00015838297038733805,1.8017541510453938e-06,0.5133123237484314,,20.03685610348429,24471690645558.723,1.0830556821351707
2017-11-29,oas,17.534467099911446,2534.873152250454,9.775878505032883e-05,1.8017541510453938e-06,0.14129803477479325,,15.949973596721616,24258965762153.57,1.31361295940942
2017-11-29,shrink,166.81447911910655,2534.873152250454,1.4934333540936127e-05,1.8017541510453938e-06,0.055862066084627605,,5.7304621753763145,23351388777902.574,1.5622252988019072
2017-11-29,persistence,2231.1464885351847,2534.873152250454,3.3399812767177715e-06,1.8017541510453938e-06,0.39155752547772155,,0.3809410576689203,9571880868000.57,1.6368979138415265
2017-12-06,D0_pca8,8963.077740086326,2702.929973195806,9.010909341013425e-08,1.600534865431519e-06,25.419501143068295,,8.277483364919267,7672802427143638.0,3.251331541071065
2017-12-06,rolling,1758.3371779596357,2702.929973195806,2.6841980020389286e-06,1.600534865431519e-06,0.1635390648950765,,0.26733436466467597,17917726589128.793,2.5291504453369336
2017-12-06,ewma,2967.329491413027,2702.929973195806,3.2066630544008077e-06,1.600534865431519e-06,0.3618204844219126,,0.4828758260224502,18672333398434.93,2.4597842056886794
2017-12-06,ledoit_wolf,12.999810882418714,2702.929973195806,0.00015635005141568058,1.600534865431519e-06,0.12067112532128257,,20.99251489337417,31087511303351.227,1.1424042082197052
2017-12-06,oas,34.19433895970989,2702.929973195806,9.10899490985124e-05,1.600534865431519e-06,0.022419717758345618,,16.333794931297206,30806194801282.51,1.4035645395088867
2017-12-06,shrink,229.37351107946614,2702.929973195806,1.5228852242703286e-05,1.600534865431519e-06,0.06221846459365722,,7.065230084572951,30008457365850.234,1.603136219407274
2017-12-06,persistence,3035.409703806806,2702.929973195806,2.9191170581163264e-06,1.600534865431519e-06,0.3646461211501889,,0.36113254537549033,12142117014383.143,1.9282060862237531
2017-12-13,D0_pca8,8731.401755933111,2540.8196171734817,7.413204073836818e-08,1.829332881976489e-06,28.046836179178378,,10.27744763849061,1.1190988200285124e+16,3.053371833438028
2017-12-13,rolling,1764.7829512203186,2540.8196171734817,2.675248625174277e-06,1.829332881976489e-06,0.06824124127736804,,0.14446901027438214,13013218191751.797,2.526174610278763
2017-12-13,ewma,2676.9565602658213,2540.8196171734817,2.7184373412364174e-06,1.829332881976489e-06,0.05603011879698623,,0.15689970537552295,12733858181876.748,2.4224885815011037
2017-12-13,ledoit_wolf,13.427906708276838,2540.8196171734817,0.00015383817330574204,1.829332881976489e-06,0.24229641647268657,,19.64217488188087,23731793865821.582,1.1582420493899581
2017-12-13,oas,34.84424861682978,2540.8196171734817,8.985434431012987e-05,1.829332881976489e-06,0.04575736309698288,,15.165090163101922,23482274564488.973,1.4242421149944755
2017-12-13,shrink,305.75667762589035,2540.8196171734817,1.1435911134333637e-05,1.829332881976489e-06,0.031664967248356095,,6.4637104828648955,22807668232034.727,1.6063723711433235
2017-12-13,persistence,3292.4419531431317,2540.8196171734817,2.615213977032522e-06,1.829332881976489e-06,0.09879906718514106,,0.12773075833665395,7725063041210.975,1.8768697541478898
2017-12-20,D0_pca8,8789.973092769851,2633.6338024791726,6.245970425076044e-08,1.98181854227475e-06,30.337243086837436,,11.952460261242317,1.5567978793034864e+16,3.4970320337330665
2017-12-20,rolling,1730.9779639476164,2633.6338024791726,2.749355051102131e-06,1.98181854227475e-06,0.05958993086776193,,0.10715889820036728,10851064765547.246,2.594031562590006
2017-12-20,ewma,2290.5762382756516,2633.6338024791726,2.5645458007392314e-06,1.98181854227475e-06,0.024572490272440944,,0.06644351370816781,10428709279211.697,2.61192857935623
2017-12-20,ledoit_wolf,14.07056042771793,2633.6338024791726,0.00015351697397373887,1.98181854227475e-06,0.2551444369954338,,18.920723184993097,20188330240875.004,1.1832701498845852
2017-12-20,oas,34.08639554315907,2633.6338024791726,9.254464389691087e-05,1.98181854227475e-06,0.06182490320329649,,14.773843595159736,19974283478891.727,1.448648310025706
2017-12-20,shrink,269.87454099252005,2633.6338024791726,1.3156233737861693e-05,1.98181854227475e-06,0.038827787190690424,,6.242162672013505,19364945543667.887,1.6800607264276188
2017-12-20,persistence,3347.3988296938487,2633.6338024791726,2.4710323144410266e-06,1.98181854227475e-06,0.04864423075962717,,0.04867363694551528,6242871715116.697,1.723867242564389
2017-12-28,D0_pca8,7840.911173915207,2582.519344821843,5.686669554831691e-08,2.670020944825428e-06,29.86115457439331,,14.815682675007315,1.85759630010117e+16,3.003851100911098
2017-12-28,rolling,1733.707585737691,2582.519344821843,2.7339621641520034e-06,2.670020944825428e-06,0.03332126626738405,,0.0005600593715917819,5907796833635.881,2.789413681219658
2017-12-28,ewma,2195.175716757464,2582.519344821843,2.1939450558410723e-06,2.670020944825428e-06,0.13548910047588328,,0.0385670356218391,6527849516691.07,2.8419011247970727
2017-12-28,ledoit_wolf,14.371267452976786,2582.519344821843,0.0001512668052545145,2.670020944825428e-06,0.5625309789594564,,16.297034052281575,11035428987035.365,1.184979739112376
2017-12-28,oas,34.73373996386508,2582.519344821843,9.095490419198918e-05,2.670020944825428e-06,0.21668966442730325,,12.448739611487147,10873957961550.305,1.4454177686033853
2017-12-28,shrink,278.2031836016104,2582.519344821843,1.2747599277529436e-05,2.670020944825428e-06,0.10699351486806444,,4.821335117531812,10438518621954.361,1.6942285651809514
2017-12-28,persistence,2534.873152251545,2582.519344821843,1.8017541510446167e-06,2.670020944825428e-06,0.17893401477021517,,0.15470488419595854,8337815001136.328,1.4684153454462963
2018-01-05,D0_pca8,9094.61379183431,4042.0385359805473,6.772134935595976e-08,4.088314398239295e-06,37.316793481336845,,16.813870887288733,1.3869180764265452e+16,4.0466266651793354
2018-01-05,rolling,1725.7653744095794,4042.0385359805473,2.794673070398829e-06,4.088314398239295e-06,0.226791281630087,,0.14471748495302283,3528680816554.046,2.8991473533574346
2018-01-05,ewma,2329.0053436283497,4042.0385359805473,2.184964411527772e-06,4.088314398239295e-06,0.5531992431336739,,0.3925436046988928,5412356479298.744,3.0373270506430794
2018-01-05,ledoit_wolf,16.522131814002268,4042.0385359805473,0.00014419126367722995,4.088314398239295e-06,0.9937094558834969,,12.695023464440892,4626117595189.459,1.2303804487813397
2018-01-05,oas,37.40220795024842,4042.0385359805473,8.808297206746305e-05,4.088314398239295e-06,0.5690684567919049,,9.4257979588087,4520960780082.386,1.4958905425667406
2018-01-05,shrink,313.8918502906386,4042.0385359805473,1.1463625370791234e-05,4.088314398239295e-06,0.4081193776189734,,2.9294737486133173,4242467679405.124,1.7326837433675932
2018-01-05,persistence,2702.929973195913,4042.0385359805473,1.6005348654314573e-06,4.088314398239295e-06,0.6809732594789455,,0.8794585487405392,15873887661965.15,1.4253802729362992
2018-01-12,D0_pca8,8395.730944753474,4917.851724391018,5.494913158484514e-08,5.497221115070608e-06,35.561517602304136,,21.211294351411958,1.9955218413480068e+16,3.1952593731491965
2018-01-12,rolling,1744.5610278755532,4917.851724391018,2.61002449981044e-06,5.497221115070608e-06,0.5855273652334432,,0.5548505396755625,3925153251306.452,2.9658989826289117
2018-01-12,ewma,2237.366561507987,4917.851724391018,2.144906969607956e-06,5.497221115070608e-06,0.7745616297245468,,0.8857562597719598,6038442281820.469,3.130699709183081
2018-01-12,ledoit_wolf,17.128073300863512,4917.851724391018,0.00013291280575272857,5.497221115070608e-06,1.636604696773722,,10.147094443538567,2504331783845.797,1.2379996491347298
2018-01-12,oas,38.66697665341875,4917.851724391018,8.096721028768139e-05,5.497221115070608e-06,1.0910974323141407,,7.2350314592279235,2420799334092.823,1.521878006630118
2018-01-12,shrink,290.82602806999546,4917.851724391018,1.1764140967869394e-05,5.497221115070608e-06,0.8797392548999173,,1.7413730609679638,2208613260100.25,1.7517536641253713
2018-01-12,persistence,2540.819617173762,4917.851724391018,1.8293328819762916e-06,5.497221115070608e-06,0.7474354807439256,,1.2106402692565559,13470178577551.637,1.4965321706615182
2018-01-22,D0_pca8,8944.665410913105,4858.6103056156035,6.6713975795316e-08,5.833554165630818e-06,38.24727124164292,,19.98941577910653,1.4347156242541686e+16,3.545695993349438
2018-01-22,rolling,1883.0315182025913,4858.6103056156035,2.3254145569095923e-06,5.833554165630818e-06,0.9657179968298258,,0.845899341444469,5285409984323.02,2.95745342186971
2018-01-22,ewma,2373.881009290843,4858.6103056156035,2.257117940504289e-06,5.833554165630818e-06,0.746609295111029,,0.9016213214570108,5513535777376.514,3.0067138137458254
2018-01-22,ledoit_wolf,25.85750560630497,4858.6103056156035,9.822968414944848e-05,5.833554165630818e-06,1.9552154025396398,,7.973179147724556,2170315468767.2383,1.4267857261164238
2018-01-22,oas,42.860611260315856,4858.6103056156035,7.070976806607753e-05,5.833554165630818e-06,1.606450608109969,,6.22481102938086,2109027460341.4844,1.6458740276578618
2018-01-22,shrink,216.01077173878662,4858.6103056156035,1.4919054310749908e-05,5.833554165630818e-06,1.3788699568085168,,1.8220316213727243,1951141757942.941,1.8167046148257957
2018-01-22,persistence,2633.633802479244,4858.6103056156035,1.9818185422746965e-06,5.833554165630818e-06,0.7296516328494038,,1.165560421905859,11278791758951.688,1.5534984800246654
2018-01-29,D0_pca8,9072.296661762899,5350.509321615123,7.093446275028319e-08,5.6728372122044035e-06,37.11589984216667,,19.19907010665472,1.2704707686605552e+16,3.5540890551821636
2018-01-29,rolling,1740.53357130262,5350.509321615123,2.420535616913869e-06,5.6728372122044035e-06,0.7458631771990196,,0.7253934025724526,4761202896710.214,3.07488070971701
2018-01-29,ewma,2364.028322987085,5350.509321615123,2.6921768576650793e-06,5.6728372122044035e-06,0.3951476137117641,,0.5555303448546829,3581120993178.459,2.9882826203521295
2018-01-29,ledoit_wolf,19.736395421226405,5350.509321615123,0.00011424267542976558,5.6728372122044035e-06,1.7262024310154929,,9.01581914970154,2325757442972.684,1.3605149053599592
2018-01-29,oas,37.20157762171556,5350.509321615123,7.702128408219527e-05,5.6728372122044035e-06,1.306307991154012,,6.80371015212404,2257211640654.2656,1.6341202794453666
2018-01-29,shrink,161.60069935729823,5350.509321615123,1.9152677457321153e-05,5.6728372122044035e-06,1.0729927042967013,,2.202702050508434,2089249248154.8423,1.8345558800008024
2018-01-29,persistence,2582.519344821768,5350.509321615123,2.6700209448255103e-06,5.6728372122044035e-06,0.297473199680029,,0.5679172820709304,4903237946624.109,1.8047386645479109
2018-02-05,D0_pca8,9430.213531504018,4524.8826505582765,1.0576069318446768e-07,4.5659060053712286e-06,37.999969417048725,,14.176611114568876,6213384853584688.0,3.700759857649025
2018-02-05,rolling,2074.169552687112,4524.8826505582765,2.634344527156248e-06,4.5659060053712286e-06,0.45801258592026006,,0.30248064777691436,3840564186140.848,3.186557704077949
2018-02-05,ewma,2962.7059708104302,4524.8826505582765,3.209363551843504e-06,4.5659060053712286e-06,0.15728684795956768,,0.12428742883377716,2571950842687.7383,3.1712589235227195
2018-02-05,ledoit_wolf,30.096982456972867,4524.8826505582765,0.0001074654353735035,4.5659060053712286e-06,1.1110766615606065,,9.976451321799827,3637547494859.149,1.6576138195642725
2018-02-05,oas,55.294104830985525,4524.8826505582765,7.138121319035317e-05,4.5659060053712286e-06,0.8333019213329843,,7.559296847799243,3542299557624.588,1.9458278342384887
2018-02-05,shrink,197.63898495908794,4524.8826505582765,2.0017535986129173e-05,4.5659060053712286e-06,0.7086048683562561,,3.205770752536906,3393339867762.3105,2.0505701010373865
2018-02-05,persistence,4042.0385359824254,4524.8826505582765,4.088314398237398e-06,4.5659060053712286e-06,0.016612308088738606,,0.012206753810113219,1472682849678.5562,3.0670475980812246
2018-02-12,D0_pca8,9684.995837054857,3185.2022285509374,2.399291693155209e-07,3.3490096857680576e-06,31.539421914901958,,6.948877401235462,1223832218318347.0,2.78216287505961
2018-02-12,rolling,3509.601951254931,3185.2022285509374,3.529072204432853e-06,3.3490096857680576e-06,0.09742834601562775,,0.0027426487005389522,3651271227004.0337,4.879390885835369
2018-02-12,ewma,5073.415190382687,3185.2022285509374,5.22986172210235e-06,3.3490096857680576e-06,0.10052623946894708,,0.19866635853928416,3635898018799.2207,4.222203582400145
2018-02-12,ledoit_wolf,90.52618594774815,3185.2022285509374,9.739694441817386e-05,3.3490096857680576e-06,0.2678609777398255,,11.357775302959544,6861637515759.625,2.58049841509265
2018-02-12,oas,183.8029329065554,3185.2022285509374,5.570408745106521e-05,3.3490096857680576e-06,0.18054525961355944,,7.903905640776091,6648776162972.557,3.1117752894362773
2018-02-12,shrink,247.66924968842454,3185.2022285509374,3.5572292103622395e-05,3.3490096857680576e-06,0.18268839102066675,,6.72493944402903,6748742218492.064,2.7375739036892504
2018-02-12,persistence,4917.851724394385,3185.2022285509374,5.497221115066839e-06,3.3490096857680576e-06,0.14082967719557876,,0.24559746499840177,2526872233300.292,3.4086889145574935
2018-02-20,D0_pca8,9748.97748371368,5201.551397572345,1.9696359265182377e-07,5.352134350401325e-06,37.30501473343071,,10.904702573859266,1944682532189380.5,3.6065810172689647
2018-02-20,rolling,3900.0822825184973,5201.551397572345,3.457722639700049e-06,5.352134350401325e-06,0.300250383402165,,0.190868631879046,2220904030349.304,4.878864762159994
2018-02-20,ewma,4656.330579501463,5201.551397572345,4.951429911651129e-06,5.352134350401325e-06,0.09954980664897055,,0.006055797434122085,1343857033044.7725,4.4598575924631705
2018-02-20,ledoit_wolf,121.22426265846694,5201.551397572345,8.299944502216618e-05,5.352134350401325e-06,0.5526757972340408,,7.514935791002662,2575129411087.155,2.7567038808236024
2018-02-20,oas,233.50898780072168,5201.551397572345,4.8674600092079044e-05,5.352134350401325e-06,0.43913511247918036,,4.873770374582531,2437132559795.871,3.26496664377676
2018-02-20,shrink,258.4230243127841,5201.551397572345,3.7058037594671635e-05,5.352134350401325e-06,0.4886858017694199,,4.644077209172897,2537675710094.625,2.757896053075003
2018-02-20,persistence,4858.610305614291,5201.551397572345,5.833554165632389e-06,5.352134350401325e-06,0.1295008393522249,,0.007418550494254464,888480176934.6552,3.354600976437094
2018-02-27,D0_pca8,9702.679259569002,4681.18187208572,1.789140894370462e-07,6.158528868898666e-06,36.82710417957843,,12.522270564564826,2338770611392273.0,2.974815331659178
2018-02-27,rolling,3900.9737164594662,4681.18187208572,3.639913176103063e-06,6.158528868898666e-06,0.4868938112776616,,0.27654765830413786,1948811529200.4785,5.018246670524852
2018-02-27,ewma,4327.892145304761,4681.18187208572,4.511995694777826e-06,6.158528868898666e-06,0.3087784845729849,,0.09678215833625362,1277074241548.9202,4.672525252279375
2018-02-27,ledoit_wolf,132.66580070393232,4681.18187208572,8.152970690316568e-05,6.158528868898666e-06,0.7359212512198299,,6.67255737604934,1914872806927.1428,2.8699385311570063
2018-02-27,oas,232.9063418961809,4681.18187208572,5.136335254901333e-05,6.158528868898666e-06,0.6369914758744212,,4.499009471020049,1814239084528.8772,3.338761147915141
2018-02-27,shrink,263.6368521877119,4681.18187208572,3.824273075208225e-05,6.158528868898666e-06,0.6808886382742123,,4.329969519085802,1897783769573.5557,2.8899204897575976
2018-02-27,persistence,5350.509321615432,4681.18187208572,5.672837212204068e-06,6.158528868898666e-06,0.2443941001696409,,0.006748381374057169,752649837466.1577,3.6254664160562178
2018-03-06,D0_pca8,9566.011424858803,4638.070492718152,1.3711497435991492e-07,6.543751263566744e-06,36.69560657779826,,14.94161808005624,3897509357475264.5,3.773092297471979
2018-03-06,rolling,3978.5262323063384,4638.070492718152,3.775386913735004e-06,6.543751263566744e-06,0.537751052205575,,0.3025083661331741,1835138715157.769,5.1728511207451335
2018-03-06,ewma,4242.484850960425,4638.070492718152,4.2182432480482765e-06,6.543751263566744e-06,0.40673335064444477,,0.19280156934558648,1428497415948.5232,4.893022662073315
2018-03-06,ledoit_wolf,156.2064717461996,4638.070492718152,7.549027178798284e-05,6.543751263566744e-06,0.7462968091649609,,5.980436351306066,1673306944008.2856,3.2550232408914366
2018-03-06,oas,245.95549097888008,4638.070492718152,5.169615966590143e-05,6.543751263566744e-06,0.6762553479422334,,4.271963069793906,1595117683539.2197,3.6192028439516535
2018-03-06,shrink,258.3072771810199,4638.070492718152,4.1267683341896614e-05,6.543751263566744e-06,0.7140511476010591,,4.242225161635114,1677969558506.3171,3.0385135076959218
2018-03-06,persistence,4524.882650557368,4638.070492718152,4.5659060053721425e-06,6.543751263566744e-06,0.31563511420964546,,0.12952337482433565,1216102435744.5073,3.0454559239164674
2018-03-13,D0_pca8,9780.421561163255,4598.616417559373,2.2969062286715537e-07,6.93202719184013e-06,37.76510275608291,,11.608807944470652,1431284498767846.2,3.0674513418048917
2018-03-13,rolling,3950.2753830658235,4598.616417559373,3.948962442610887e-06,6.93202719184013e-06,0.5826146888704042,,0.3166305178358672,1691293361566.1582,5.0419063773672885
2018-03-13,ewma,3870.9754003255575,4598.616417559373,3.932467653310045e-06,6.93202719184013e-06,0.4971623151666842,,0.321358664478011,1652456183985.433,4.95301767595539
2018-03-13,ledoit_wolf,162.45133560872952,4598.616417559373,7.607416903496359e-05,6.93202719184013e-06,0.7785932435060926,,5.738690212316159,1484527098667.7441,3.301885599550788
2018-03-13,oas,241.00785683017287,4598.616417559373,5.4693580966164004e-05,6.93202719184013e-06,0.7197921271256614,,4.26667829303541,1423245106385.2412,3.5929734924115238
2018-03-13,shrink,259.85073009839647,4598.616417559373,4.259396337261441e-05,6.93202719184013e-06,0.7582991313220474,,4.154114034403559,1493894332160.4429,3.059045083724265
2018-03-13,persistence,3185.2022285519656,4598.616417559373,3.3490096857669734e-06,6.93202719184013e-06,0.4985874737285914,,0.5292379960436768,3084341938276.387,2.5427336457090446
2018-03-20,D0_pca8,9772.314513418109,5912.1783059181635,2.3991778412443036e-07,4.655327508001286e-06,33.64635492191723,,8.793996257724263,1281605937629678.5,3.1929554344007385
2018-03-20,rolling,3370.626108143776,5912.1783059181635,4.943283172019053e-06,4.655327508001286e-06,0.16240568425424737,,0.0036020934907755988,1912870969428.3389,4.924538345785772
2018-03-20,ewma,5258.8907993685925,5912.1783059181635,6.546815998791935e-06,4.655327508001286e-06,0.15837349384818195,,0.11625815269777831,1863109271151.546,4.560870470531729
2018-03-20,ledoit_wolf,47.739084886233464,5912.1783059181635,0.00020297726161932876,4.655327508001286e-06,0.23912092228536164,,14.251240231436554,3603381013967.9395,2.2810735954339356
2018-03-20,oas,189.34114870097636,5912.1783059181635,7.35368257345898e-05,4.655327508001286e-06,0.15464300817997997,,7.616351678344427,3429144770807.1055,3.3465930444179044
2018-03-20,shrink,284.52841896225885,5912.1783059181635,4.4326748248957174e-05,4.655327508001286e-06,0.18387921691057094,,6.00226517932645,3453503433215.7607,3.04723742744421
2018-03-20,persistence,5201.551397572446,5912.1783059181635,5.352134350401221e-06,4.655327508001286e-06,0.10899998317327178,,0.019455544378643237,1115493226871.092,2.306225284493931
2018-03-27,D0_pca8,9778.327832452727,4973.948701133391,3.2615248704113966e-07,3.6349402678067067e-06,29.46078541289428,,5.812825248558519,665471647444509.5,3.0955380775632224
2018-03-27,rolling,3723.7019467264267,4973.948701133391,5.289777848190322e-06,3.6349402678067067e-06,0.17080485196896883,,0.14076264810567357,3288563071331.62,5.399865609432434
2018-03-27,ewma,4407.242712347053,4973.948701133391,6.3709219639907325e-06,3.6349402678067067e-06,0.30798807377116116,,0.3148908914226473,3400920130997.245,4.811644765896568
2018-03-27,ledoit_wolf,78.28591592733241,4973.948701133391,0.00016855557896650674,3.6349402678067067e-06,0.12002055212161233,,14.720056588894703,5931340720292.607,2.582438648454813
2018-03-27,oas,238.6686435511776,4973.948701133391,7.02188046407824e-05,3.6349402678067067e-06,0.12979413363589018,,8.767658440292239,5718317165338.862,3.468398249420571
2018-03-27,shrink,320.15713138590957,4973.948701133391,4.485896084609763e-05,3.6349402678067067e-06,0.15546301502724008,,7.683257990674456,5799070733006.913,3.0087146535428126
2018-03-27,persistence,4681.181872083675,4973.948701133391,6.15852886890136e-06,3.6349402678067067e-06,0.3088181431738629,,0.2779874355164048,2184952296674.6042,2.5678043976684357
2018-04-04,D0_pca8,9797.280822063274,3821.0604218563444,2.4701714595851976e-07,3.4674202301147877e-06,35.13508707189883,,6.978603383650911,1166310531594989.5,2.9865321141293393
2018-04-04,rolling,4019.345917299612,3821.0604218563444,5.4983205683201865e-06,3.4674202301147877e-06,0.11650821232333278,,0.21255024679207293,3690868528130.337,5.307800288772148
2018-04-04,ewma,4405.09066045205,3821.0604218563444,5.956924085137258e-06,3.4674202301147877e-06,0.28263194191353735,,0.2928360346638463,3711480707652.8516,4.996112575473351
2018-04-04,ledoit_wolf,109.07095205199958,3821.0604218563444,0.00014607379596821453,3.4674202301147877e-06,0.10509605549499015,,13.992842447930604,6501884884334.493,2.8676201481609764
2018-04-04,oas,285.6158247288063,3821.0604218563444,6.667790307883782e-05,3.4674202301147877e-06,0.09955218088623766,,8.740670327825402,6283309952284.794,3.699102327149963
2018-04-04,shrink,348.73664585796143,3821.0604218563444,4.564791426950383e-05,3.4674202301147877e-06,0.11902190165430833,,8.492045884814793,6409220566331.158,3.1427091342392575
2018-04-04,persistence,4638.070492719704,3821.0604218563444,6.543751263564551e-06,3.4674202301147877e-06,0.31028160446458247,,0.40335148314954594,2632329157101.9346,2.7908663835233996
2018-04-11,D0_pca8,9650.060364188945,2510.178251479265,1.5563496833357028e-07,2.9248243660147007e-06,34.82095066380994,,8.605248059469965,2867383765491635.0,3.0660144585008102
2018-04-11,rolling,4277.730459044749,2510.178251479265,5.6643921812697595e-06,2.9248243660147007e-06,0.25087609586058107,,0.4368747267359582,5575201560286.141,5.379432503207327
2018-04-11,ewma,4555.717018628776,2510.178251479265,5.8284842953880305e-06,2.9248243660147007e-06,0.35576460590253095,,0.4754411118571231,5537791976291.389,4.949391849295969
2018-04-11,ledoit_wolf,139.12287211808047,2510.178251479265,0.0001312658833321718,2.9248243660147007e-06,0.21077809244691342,,14.47034100543111,9161948508562.27,3.0888651415165804
2018-04-11,oas,332.9243084229515,2510.178251479265,6.337328354203817e-05,2.9248243660147007e-06,0.22363527684256881,,9.460592504174372,8900592739920.215,3.928269070918549
2018-04-11,shrink,394.4135577493245,2510.178251479265,4.39673627703932e-05,2.9248243660147007e-06,0.224057817557994,,9.586909575202082,9089271030973.209,3.1364033835162046
2018-04-11,persistence,4598.616417560364,2510.178251479265,6.932027191838639e-06,2.9248243660147007e-06,0.539350500998596,,0.7446268944692771,4443060532737.002,2.9515561199450624
2018-04-18,D0_pca8,9792.27883947354,2434.545240728267,2.853503509382941e-07,2.786307061372995e-06,34.29589815242337,,5.192708361049549,844023871037523.4,3.267494856596184
2018-04-18,rolling,4316.677232621032,2434.545240728267,5.463833032209173e-06,2.786307061372995e-06,0.28789018104110403,,0.45351241357724825,6151024626551.887,6.048926987355885
2018-04-18,ewma,4370.051275330174,2434.545240728267,4.8367371583318126e-06,2.786307061372995e-06,0.28777199723664354,,0.3041777466732344,5792116198152.848,5.830376582128029
2018-04-18,ledoit_wolf,130.25847141218583,2434.545240728267,0.00013405101146390778,2.786307061372995e-06,0.24128287427295572,,15.004025285698996,10112704894937.43,3.045692853274757
2018-04-18,oas,343.0469098134059,2434.545240728267,6.000263371761178e-05,2.786307061372995e-06,0.25853895954919026,,9.4228802273892,9799916734891.795,3.9747260661315584
2018-04-18,shrink,375.07308667005566,2434.545240728267,4.514211807162752e-05,2.786307061372995e-06,0.2615696519672055,,9.700177485713917,10014041986354.904,3.092097369593396
2018-04-18,persistence,5912.178305915779,2434.545240728267,4.65532750800317e-06,2.786307061372995e-06,0.24407856192238914,,0.2634717931623741,3727899601767.8774,3.3236276082287035
2018-04-25,D0_pca8,9740.633050587758,2146.4724415868277,1.7836133607726327e-07,2.669890898386715e-06,35.96339955158967,,7.322307118462291,2161465360709045.0,3.862075763223973
2018-04-25,rolling,3726.245429189911,2146.4724415868277,4.6544288551684994e-06,2.669890898386715e-06,0.3016598391592783,,0.3088930079793366,6460431011688.645,4.666501500085725
2018-04-25,ewma,3991.5295929783824,2146.4724415868277,4.133798099927668e-06,2.669890898386715e-06,0.20710824232475922,,0.19110788545707846,6086200561342.139,4.770985199535056
2018-04-25,ledoit_wolf,66.72842478693943,2146.4724415868277,0.0001650295165707438,2.669890898386715e-06,0.31307306186423156,,17.008088372140847,11077987342549.725,2.277897583711231
2018-04-25,oas,246.48260469309062,2146.4724415868277,6.0112869128299586e-05,2.669890898386715e-06,0.2882996018110987,,9.698154316457575,10700626430052.162,3.1869407588218635
2018-04-25,shrink,379.7677537337128,2146.4724415868277,3.4249614525980264e-05,2.669890898386715e-06,0.3054893799086521,,8.057956651354791,10806914214791.436,2.792942586542738
2018-04-25,persistence,4973.9487011339825,2146.4724415868277,3.6349402678062765e-06,2.669890898386715e-06,0.18171139967555028,,0.09520616910829718,3596416852302.948,2.88359195516094
2018-05-02,D0_pca8,9743.130462349814,2220.140433318104,1.7938473126885455e-07,2.472008823624563e-06,35.024579826936375,,6.8814320732133964,2126422215417377.0,3.3485354253463817
2018-05-02,rolling,3587.8493627739404,2220.140433318104,4.621885611838327e-06,2.472008823624563e-06,0.24404556340392491,,0.39158992732626413,7736773832416.961,4.903410998268906
2018-05-02,ewma,3363.1844716132555,2220.140433318104,4.054247451653965e-06,2.472008823624563e-06,0.13057550300622162,,0.24476155083567566,7214042796187.014,4.843706358786261
2018-05-02,ledoit_wolf,57.88637403113545,2220.140433318104,0.0001751830748839515,2.472008823624563e-06,0.19707938051523066,,18.15441716369019,12960575142734.316,2.1934090370628283
2018-05-02,oas,224.95530234516508,2220.140433318104,6.254351825456092e-05,2.472008823624563e-06,0.20388625168833752,,10.438269654619615,12559307991098.975,3.268397711230609
2018-05-02,shrink,374.95777954996186,2220.140433318104,3.3534466761892166e-05,2.472008823624563e-06,0.21808313525302908,,8.448378159630607,12643177792030.852,2.953586365971841
2018-05-02,persistence,3821.0604218561225,2220.140433318104,3.4674202301149825e-06,2.472008823624563e-06,0.09919608441749773,,0.11450078264915,4201383208910.1924,2.0684823270324793
2018-05-09,D0_pca8,9657.119619117098,2224.520193515629,1.6884929812954678e-07,2.408071164116474e-06,32.31308805314733,,7.062674382265956,2424325595796358.5,3.7446898101160495
2018-05-09,rolling,3546.877192662855,2224.520193515629,4.565340934961416e-06,2.408071164116474e-06,0.2385287324571062,,0.40917376772757075,8175177738172.888,4.835860622095781
2018-05-09,ewma,3016.0682174919084,2224.520193515629,3.6566478693743955e-06,2.408071164116474e-06,0.11235760930841043,,0.17449051891457734,7387827440014.033,4.684857888139638
2018-05-09,ledoit_wolf,54.13292236606956,2224.520193515629,0.00017910159242919013,2.408071164116474e-06,0.17603102346630844,,18.568573006377893,13670103448988.521,2.0631906120091137
2018-05-09,oas,219.10831446110956,2224.520193515629,6.25797572756094e-05,2.408071164116474e-06,0.19075332200690995,,10.612057964680073,13250920645256.527,3.1316159035185613
2018-05-09,shrink,405.2350226384587,2224.520193515629,3.0523085756845295e-05,2.408071164116474e-06,0.2070178103919072,,8.966951028962182,13348201737300.227,2.7874421870834003
2018-05-09,persistence,2510.1782514795236,2224.520193515629,2.9248243660144e-06,2.408071164116474e-06,0.06939378761319645,,0.0377945791344532,4193280999812.23,2.0096561036379104
2018-05-16,D0_pca8,9831.599699316557,2188.593660072538,3.0083730652979926e-07,2.3755740592317937e-06,33.95891380077612,,4.270099404982164,738255011199661.0,3.2747434461525358
2018-05-16,rolling,3517.441126336676,2188.593660072538,4.415354357691214e-06,2.3755740592317937e-06,0.23271015537287779,,0.38421251149901814,8327088141299.251,4.784092367127417
2018-05-16,ewma,2863.855522777849,2188.593660072538,3.1574086833175e-06,2.3755740592317937e-06,0.07229529971045105,,0.08094732430070938,7288801871510.131,4.613781711803783
2018-05-16,ledoit_wolf,47.276252238788054,2188.593660072538,0.0001868613334558254,2.3755740592317937e-06,0.18537560683413976,,19.054336139453177,14059688630580.652,1.8885148451705147
2018-05-16,oas,216.09929189613817,2188.593660072538,6.0813728979726296e-05,2.3755740592317937e-06,0.18752200571998057,,10.514299421435274,13605688093368.576,2.952697276960744
2018-05-16,shrink,419.58997331838196,2188.593660072538,2.8791272624310316e-05,2.3755740592317937e-06,0.20351485630860125,,8.754998431805191,13702800809024.922,2.5204971825278415
2018-05-16,persistence,2434.5452407281573,2188.593660072538,2.7863070613731176e-06,2.3755740592317937e-06,0.08949143056823608,,0.025433202392700815,4310933395135.775,1.9658626351371709
2018-05-23,D0_pca8,9814.278671676866,2482.391327689082,2.941767777178596e-07,2.2002487897540867e-06,31.564692232906793,,4.0487150377789245,758448930280548.6,3.7499921869208332
2018-05-23,rolling,3451.864405093787,2482.391327689082,4.361813116236188e-06,2.2002487897540867e-06,0.2278274626958551,,0.46828997247602616,9944669736350.055,4.59045521749265
2018-05-23,ewma,2442.17664435883,2482.391327689082,3.0078348799530906e-06,2.2002487897540867e-06,0.05122578543885724,,0.09774999042016028,8563696551687.721,4.419442660281683
2018-05-23,ledoit_wolf,43.43381352182411,2482.391327689082,0.00019174309703188494,2.2002487897540867e-06,0.10039087278414749,,19.959320648930902,16419965215793.121,1.9115385164388587
2018-05-23,oas,207.60374011731528,2482.391327689082,6.119383280762487e-05,2.2002487897540867e-06,0.1541734101045597,,11.05878753353935,15924260702889.969,2.9080523357842734
2018-05-23,shrink,423.7840731568143,2482.391327689082,2.7920205664234148e-05,2.2002487897540867e-06,0.15907060236278187,,8.994693628254515,16010262241519.64,2.498284398032961
2018-05-23,persistence,2146.4724415870887,2482.391327689082,2.6698908983863926e-06,2.2002487897540867e-06,0.11241749991560883,,0.037429514673389265,4861723545835.458,1.9548657598697816
2018-05-31,D0_pca8,9624.834255924787,2826.1612846440657,1.3276467323102947e-07,2.304134813583728e-06,31.69885683038309,,8.144603931274869,3844703503562012.5,3.8011326324784127
2018-05-31,rolling,3917.843879878556,2826.1612846440657,3.442887652289407e-06,2.304134813583728e-06,0.0780972521855457,,0.1612867009660432,8109046297316.659,5.260255679936333
2018-05-31,ewma,2476.168172853981,2826.1612846440657,2.8237442066088297e-06,2.304134813583728e-06,0.022557691015603003,,0.041354640195613045,7547291855177.328,4.933796780171361
2018-05-31,ledoit_wolf,198.10525300887517,2826.1612846440657,5.594482823046407e-05,2.304134813583728e-06,0.0722343347079845,,10.173932987834021,14414162179975.277,3.004183681093206
2018-05-31,oas,238.5987741286458,2826.1612846440657,4.775992751927313e-05,2.304134813583728e-06,0.07037803021633948,,9.189878777989982,14293583608038.182,3.164408408462115
2018-05-31,shrink,335.9201791088793,2826.1612846440657,2.85578679874283e-05,2.304134813583728e-06,0.07037511975757602,,8.48762528448104,14564066001110.05,2.555566934211952
2018-05-31,persistence,2220.140433317995,2826.1612846440657,2.472008823624683e-06,2.304134813583728e-06,0.048587182896643835,,0.004945721743656114,4562439056250.828,2.53963097872568
2018-06-07,D0_pca8,9798.40772530106,8361.46996097138,2.528893343802081e-07,1.3156286496964747e-05,36.68098936492892,,15.615925983841189,1251943698024217.8,3.668018258875074
2018-06-07,rolling,3363.9009731441024,8361.46996097138,3.1225693605123073e-06,1.3156286496964747e-05,0.6647583902856227,,2.0685437464183307,3524771259616.883,4.705947723207046
2018-06-07,ewma,2630.7105683691284,8361.46996097138,2.710629010806173e-06,1.3156286496964747e-05,0.8288854053746677,,2.49551116108299,4814717575676.824,4.437344041262207
2018-06-07,ledoit_wolf,118.72904365566205,8361.46996097138,6.800545235431884e-05,1.3156286496964747e-05,0.9331723078079804,,2.6984242508565197,353734780363.25714,2.6572537619533354
2018-06-07,oas,157.20368444757167,8361.46996097138,5.4223141921137486e-05,1.3156286496964747e-05,0.87195234223119,,2.00564517707072,333316776262.726,2.8846777437994535
2018-06-07,shrink,280.70366580393943,8361.46996097138,2.6722500962169943e-05,1.3156286496964747e-05,0.9585553944289449,,1.044319815640159,345890670507.2374,2.5116912822236768
2018-06-07,persistence,2224.5201935154078,8361.46996097138,2.408071164116712e-06,1.3156286496964747e-05,0.9514868571029351,,2.8834528829995243,10151591007307.895,2.3989080955977546
2018-06-14,D0_pca8,9695.639747289353,8296.49812548874,1.6560172677011316e-07,1.326516662116348e-05,36.471667596131496,,19.213364432714364,2758972777759618.0,2.8237925112195437
2018-06-14,rolling,2677.20657186581,8296.49812548874,2.7959566874968383e-06,1.326516662116348e-05,0.8865733482613226,,2.4241460299309123,4574293718415.737,4.025571148548876
2018-06-14,ewma,2236.9250122761227,8296.49812548874,2.3986674929041046e-06,1.326516662116348e-05,1.0724734560521672,,2.924879247904032,6386376962606.06,3.9028532550554886
2018-06-14,ledoit_wolf,54.81004561122872,8296.49812548874,9.103202574525721e-05,1.326516662116348e-05,1.3872405981093583,,3.709744731918621,368210225870.70935,2.027231659986533
2018-06-14,oas,84.89325594234403,8296.49812548874,6.628612770226186e-05,1.326516662116348e-05,1.2197159911450794,,2.588363028517238,343940354621.4413,2.339057545720634
2018-06-14,shrink,248.91655227915933,8296.49812548874,2.1697227719811743e-05,1.326516662116348e-05,1.2123637540439285,,0.7455867142819147,325580326406.0513,2.313558794828505
2018-06-14,persistence,2188.5936600723794,8296.49812548874,2.3755740592319665e-06,1.326516662116348e-05,0.9922534349860053,,2.9580631836402453,10493072473281.414,2.463074000920721
2018-06-21,D0_pca8,9511.867938263906,8327.283653021186,1.1862481251657348e-07,1.3219765882598733e-05,35.764384749075816,,22.217029206176512,5171486338598676.0,3.7349736626421497
2018-06-21,rolling,1927.1724361336346,8327.283653021186,2.428348790520352e-06,1.3219765882598733e-05,1.1724118419825753,,2.8713345624013034,6347354263963.308,4.375375558456524
2018-06-21,ewma,1879.944892336471,8327.283653021186,2.168344303557975e-06,1.3219765882598733e-05,1.263773846530715,,3.2679559293531177,8042198190609.154,4.1567541842088644
2018-06-21,ledoit_wolf,30.145066490545812,8327.283653021186,9.472269353481155e-05,1.3219765882598733e-05,1.9095277396250805,,3.8779078219989094,372896654612.4948,1.7554653048724544
2018-06-21,oas,36.849792766164896,8327.283653021186,8.320122069027282e-05,1.3219765882598733e-05,1.785931290670021,,3.383939901330126,363942532840.6301,1.8874369315127437
2018-06-21,shrink,189.64104487378702,8327.283653021186,1.7836691953884002e-05,1.3219765882598733e-05,1.5715222433403435,,0.5835712075284534,318175149742.4375,2.1178138716020696
2018-06-21,persistence,2482.3913276895832,8327.283653021186,2.200248789753639e-06,1.3219765882598733e-05,1.0065598404213352,,3.215359329074185,12508645618907.104,2.104603554810579
2018-06-28,D0_pca8,9640.64330705481,8131.786909471267,1.5886349227895375e-07,1.3535059124111436e-05,37.32884812568268,,19.757909920271054,3006547119485645.0,3.984611345989568
2018-06-28,rolling,2047.4691511691326,8131.786909471267,2.574287016330696e-06,1.3535059124111436e-05,1.1733644726605115,,2.7546385050120388,5614098563695.813,3.7687242601474957
2018-06-28,ewma,2469.097320624263,8131.786909471267,2.524634054785229e-06,1.3535059124111436e-05,1.0310671121680044,,2.8196684626252932,5741293250707.148,3.654183093017566
2018-06-28,ledoit_wolf,34.76063781994934,8131.786909471267,9.52382146382549e-05,1.3535059124111436e-05,1.9201669108586856,,3.806783096705774,355755693838.2742,1.7181673188536968
2018-06-28,oas,42.4165003384285,8131.786909471267,8.345751138411098e-05,1.3535059124111436e-05,1.7980213583682265,,3.308958558915017,347017941842.4032,1.8232501973132333
2018-06-28,shrink,212.3772180486148,8131.786909471267,1.791388182785536e-05,1.3535059124111436e-05,1.6074641041553246,,0.5542230602986965,305161162397.2079,1.9467486604388997
2018-06-28,persistence,2826.1612846432467,8131.786909471267,2.304134813584398e-06,1.3535059124111436e-05,0.9882267064041995,,3.134945311051001,11366697820086.775,1.5102944569583951
2018-07-06,D0_pca8,9359.778874648126,2161.257044771822,8.971943414003457e-08,2.9999991786601803e-06,35.73999005436697,,12.317777042187837,8220068140644306.0,3.638362069323413
2018-07-06,rolling,6409.3347624105245,2161.257044771822,6.717139206989308e-06,2.9999991786601803e-06,0.4195859526890885,,0.6497168464107872,5642594287599.9375,3.142366556290689
2018-07-06,ewma,8534.93085856116,2161.257044771822,1.4945692709557453e-05,2.9999991786601803e-06,0.9644971929286292,,2.578628530746585,6950737873119.973,2.5442063690146397
2018-07-06,ledoit_wolf,69.46576827795445,2161.257044771822,0.0003182883733813316,2.9999991786601803e-06,0.44474997317649656,,21.756118582411744,8856249871186.205,1.1918365106710223
2018-07-06,oas,879.8355114304593,2161.257044771822,4.4745079569290975e-05,2.9999991786601803e-06,0.4139426739914981,,7.302799071751153,8251821217149.475,2.212965043624567
2018-07-06,shrink,1861.666758641007,2161.257044771822,1.8214951151833976e-05,2.9999991786601803e-06,0.30147905799867564,,5.182943716652404,8344952054988.051,1.7888066512688827
2018-07-06,persistence,8361.469960980065,2161.257044771822,1.315628649695108e-05,2.9999991786601803e-06,0.8221423042840854,,2.185333733925996,6055992685743.037,1.510888541370653
2018-07-13,D0_pca8,9729.975357766494,2075.0165259402056,1.69374087475322e-07,3.0669542468530887e-06,37.76469780338947,,8.388697718301731,2480840696723535.5,3.5162613834400926
2018-07-13,rolling,6530.800072740112,2075.0165259402056,6.5894613949807935e-06,3.0669542468530887e-06,0.4964965288102266,,0.5848983494091227,5314137233207.265,3.2839300569209477
2018-07-13,ewma,8076.834732960548,2075.0165259402056,1.1604666358065988e-05,3.0669542468530887e-06,0.841469335469186,,1.770821260714877,6179505065889.023,2.7848768196719074
2018-07-13,ledoit_wolf,71.0112323892714,2075.0165259402056,0.00031166253359543665,3.0669542468530887e-06,0.5288303692295087,,21.35581929657126,8467024336590.98,1.1947642144966504
2018-07-13,oas,922.5659142603284,2075.0165259402056,4.273471716929045e-05,3.0669542468530887e-06,0.49623335488440184,,6.93967541607091,7845728967576.939,2.271705787641394
2018-07-13,shrink,2330.7085775767946,2075.0165259402056,1.4544545682424406e-05,3.0669542468530887e-06,0.3303004320030448,,4.712875938134303,7910433221994.761,1.8901142717897381
2018-07-13,persistence,8296.498125474349,2075.0165259402056,1.3265166621186503e-05,3.0669542468530887e-06,0.8687883713119312,,2.1446323444308644,5760369901360.34,1.5611644093086805
2018-07-20,D0_pca8,9721.144223742222,2067.3781785807814,2.0790406855802543e-07,3.6205838028646296e-06,37.828468180269,,8.164216236818056,1667953963091171.2,3.244361243475772
2018-07-20,rolling,6640.034460624029,2067.3781785807814,6.474580902006321e-06,3.6205838028646296e-06,0.5712888306603287,,0.3378497883411502,3530882784223.339,3.1688466515701688
2018-07-20,ewma,7731.514703090086,2067.3781785807814,8.90263471690688e-06,3.6205838028646296e-06,0.7372736211764778,,0.8094813596231123,3798949518255.971,2.6514449871758985
2018-07-20,ledoit_wolf,71.97057350832286,2067.3781785807814,0.00030670071791153504,3.6205838028646296e-06,0.709583707492178,,19.70682385120481,6054026000033.508,1.1688896995410223
2018-07-20,oas,960.8313721484003,2067.3781785807814,4.1054683170279655e-05,3.6205838028646296e-06,0.5893560233889672,,5.896492170888225,5507944482261.21,2.163664731166117
2018-07-20,shrink,2492.267860909313,2067.3781785807814,1.358599532951327e-05,3.6205838028646296e-06,0.3403644508711833,,3.749129911644586,5555398603441.887,1.8599304021175809
2018-07-20,persistence,8327.283653014107,2067.3781785807814,1.3219765882609996e-05,3.6205838028646296e-06,0.8121751862241574,,1.6772260937206844,3817140164042.8115,1.4936164304985935
2018-07-27,D0_pca8,9213.464304852672,2305.5180274111135,9.634906255335573e-08,2.9852642717654447e-06,34.17925629746259,,11.78861904677731,7304928981968084.0,3.7800347614735337
2018-07-27,rolling,6442.917474694449,2305.5180274111135,6.6728227898803055e-06,2.9852642717654447e-06,0.39812846683577946,,0.6469861873815475,5640775262087.037,3.1099615799638953
2018-07-27,ewma,6623.845677021534,2305.5180274111135,7.633670583242677e-06,2.9852642717654447e-06,0.5112765963313053,,0.8814962589762493,5732678207401.4375,2.6391578347209315
2018-07-27,ledoit_wolf,69.2857126857723,2305.5180274111135,0.0003174681809670976,2.9852642717654447e-06,0.3851425986466358,,21.777986109549254,8942345396209.715,1.1574598757288024
2018-07-27,oas,891.7163641588331,2305.5180274111135,4.411119151033992e-05,2.9852642717654447e-06,0.386716978071443,,7.252383314063282,8314608867812.186,2.170223441473211
2018-07-27,shrink,2810.0526631937305,2305.5180274111135,1.2051057762779394e-05,2.9852642717654447e-06,0.27114613558372425,,4.534071353214393,8346313919414.722,1.8268344549903952
2018-07-27,persistence,8131.786909473061,2305.5180274111135,1.3535059124108451e-05,2.9852642717654447e-06,0.8114464952539799,,2.2849187003808202,6179152072489.074,1.4148062455661217
2018-08-03,D0_pca8,9421.374358757885,2513.7456529467254,1.178289086710434e-07,2.3585003310958096e-06,29.870988391387215,,8.97924918165265,4767003740065976.0,4.068752975127845
2018-08-03,rolling,6267.932770042821,2513.7456529467254,6.864070984507121e-06,2.3585003310958096e-06,0.41785998215270864,,1.1412103245803837,9948750690614.428,2.779173988675836
2018-08-03,ewma,5456.178499135382,2513.7456529467254,6.829923934088964e-06,2.3585003310958096e-06,0.5453593785810481,,1.1305798712442754,9679343090025.174,2.4072351720905965
2018-08-03,ledoit_wolf,67.57171078811977,2513.7456529467254,0.0003262121530796873,2.3585003310958096e-06,0.22324199064725544,,24.300182819993964,14381250513261.463,1.228867837378731
2018-08-03,oas,832.7653761969748,2513.7456529467254,4.7138834656447434e-05,2.3585003310958096e-06,0.3725239465468429,,8.97044915322921,13630612599169.281,2.0620564594042072
2018-08-03,shrink,1743.4195362504213,2513.7456529467254,1.9438899568274894e-05,2.3585003310958096e-06,0.36063481181265,,6.682851231644415,13738134855438.514,1.7506363209313125
2018-08-03,persistence,2161.257044771655,2513.7456529467254,2.999999178660405e-06,2.3585003310958096e-06,0.077204623848222,,0.057881604195863155,4380436578167.1445,1.5508806427637263
2018-08-10,D0_pca8,9021.029039928944,2539.3330598338175,6.928158641244265e-08,2.516105905703024e-06,33.41933488913871,,12.904436162094385,1.2941231418155974e+16,3.20188480439045
2018-08-10,rolling,6295.035211757845,2539.3330598338175,6.810019551323493e-06,2.516105905703024e-06,0.37650525392215994,,0.9913832618373932,8556583677244.891,2.2425362717871815
2018-08-10,ewma,4890.886761863469,2539.3330598338175,5.594544478532324e-06,2.516105905703024e-06,0.29771393532069373,,0.6385276847063001,7735986370536.828,2.154410031043292
2018-08-10,ledoit_wolf,66.76564994032572,2539.3330598338175,0.0003263966511149418,2.516105905703024e-06,0.24831292630430438,,23.672122392810635,12625784913017.957,1.1937516319648251
2018-08-10,oas,841.058734886226,2539.3330598338175,4.652444132119602e-05,2.516105905703024e-06,0.3427506894600552,,8.51043500746456,11919467575541.36,1.8497030848020706
2018-08-10,shrink,1862.8856109930693,2539.3330598338175,1.812236669175673e-05,2.516105905703024e-06,0.3046734566648583,,6.10427874151105,12000472095903.617,1.588541077375794
2018-08-10,persistence,2075.0165259394125,2539.3330598338175,3.0669542468542584e-06,2.516105905703024e-06,0.0672388073160026,,0.039193096864829545,3885158884594.5215,1.3507867355704288
2018-08-17,D0_pca8,9594.007231950121,1991.2266030893863,1.8090671604301942e-07,2.0204982784747817e-06,27.8700545742288,,5.8231137826554455,2006224437163366.2,3.984351208989784
2018-08-17,rolling,6225.725817507551,1991.2266030893863,6.8827697058171345e-06,2.0204982784747817e-06,0.6088048845920209,,1.5022832290562285,14277785286866.168,2.4139884833139797
2018-08-17,ewma,4060.276212446188,1991.2266030893863,4.9980211452673916e-06,2.0204982784747817e-06,0.4500835727240987,,0.8202881694455982,12556202356098.123,2.434123674135298
2018-08-17,ledoit_wolf,65.86870655083264,1991.2266030893863,0.000330330357521678,2.0204982784747817e-06,0.32912082612046056,,25.97684620702349,19632576568483.08,1.1660852290452162
2018-08-17,oas,818.5053652046969,1991.2266030893863,4.773249811342242e-05,2.0204982784747817e-06,0.5487249173648765,,9.999937895676958,18763013671032.246,1.9270067186524782
2018-08-17,shrink,1938.7111130921655,1991.2266030893863,1.7408053933821107e-05,2.0204982784747817e-06,0.5566496701157421,,7.159260165368669,18855464417381.75,1.6873277206273751
2018-08-17,persistence,2067.3781785807614,1991.2266030893863,3.620583802864664e-06,2.0204982784747817e-06,0.31733356905780397,,0.3402282881488693,7416912338992.689,1.7810217884729609
2018-08-24,D0_pca8,9159.543294605492,1860.2192442622268,6.370048930330334e-08,2.003809744689091e-06,32.95364017099332,,11.892828694644328,1.5036439368681404e+16,3.690976146444303
2018-08-24,rolling,6194.542171713538,1860.2192442622268,6.915833613457174e-06,2.003809744689091e-06,0.6483728781027496,,1.5345335569495195,14570471409731.049,2.434913884837416
2018-08-24,ewma,3556.7299116473578,1860.2192442622268,4.197290677984575e-06,2.003809744689091e-06,0.3035345855801214,,0.5466957069634587,12024125151808.414,2.5583539687745467
2018-08-24,ledoit_wolf,65.55211369663024,1860.2192442622268,0.00033189603852977435,2.003809744689091e-06,0.34569475306431674,,26.10976014200771,19964057744124.656,1.1447760111603262
2018-08-24,oas,808.5138523078928,1860.2192442622268,4.8287095092239916e-05,2.003809744689091e-06,0.5839353224084053,,10.125847111768497,19097495908201.55,1.907976710221826
2018-08-24,shrink,2092.9057881135063,1860.2192442622268,1.612298478667187e-05,2.003809744689091e-06,0.5840691624471275,,7.1640543389822495,19184530829542.97,1.6534741525191914
2018-08-24,persistence,2305.5180274106356,1860.2192442622268,2.985264271766071e-06,2.003809744689091e-06,0.1657841788502588,,0.15891215233428976,6462953907989.771,1.8621359045768997
2018-08-31,D0_pca8,9691.566199213625,1752.7897920616642,2.1466470806192012e-07,2.0361018838714826e-06,29.74674319795729,,5.061199299473888,1429845066410781.0,4.051910059637723
2018-08-31,rolling,6159.000895814663,1752.7897920616642,6.9674090300429475e-06,2.0361018838714826e-06,0.6753529069214587,,1.5134066492090905,14037824070471.086,2.4533725922834373
2018-08-31,ewma,3062.089945549026,1752.7897920616642,3.665955325154848e-06,2.0361018838714826e-06,0.19299440102305696,,0.34580469142977344,10947250552006.42,2.500585847285238
2018-08-31,ledoit_wolf,65.5207360062258,1752.7897920616642,0.00033347321710318936,2.0361018838714826e-06,0.35020260655773383,,25.99495642948824,19333938525662.043,1.1690775303004484
2018-08-31,oas,796.8781149115163,1752.7897920616642,4.9044501044788104e-05,2.0361018838714826e-06,0.6071176857265957,,10.123154190716628,18491824634963.344,1.9246748613656894
2018-08-31,shrink,1956.1313229183497,1752.7897920616642,1.727955378568859e-05,2.0361018838714826e-06,0.6183869540515236,,7.106415136801443,18564003104550.46,1.6921549368208282
2018-08-31,persistence,2513.745652946679,1752.7897920616642,2.358500331095851e-06,2.0361018838714826e-06,0.039045512161317145,,0.02160569508407865,5611648806826.808,1.9404525133972752
2018-09-10,D0_pca8,9579.204314340719,2253.8986463469123,1.4920994363950064e-07,1.9473427048422128e-06,29.24683413152877,,6.599044198588972,2977803102023324.5,3.465294916083164
2018-09-10,rolling,6254.1724001512375,2253.8986463469123,6.855614356565276e-06,1.9473427048422128e-06,0.6132319784291467,,1.5840785796912118,15559388412809.29,2.6679781191359506
2018-09-10,ewma,2470.902889383439,2253.8986463469123,3.360719119827679e-06,1.9473427048422128e-06,0.1787928107790567,,0.2977765186624315,11933012249479.549,2.7375870943127643
2018-09-10,ledoit_wolf,66.10550737924486,2253.8986463469123,0.000329184373293197,1.9473427048422128e-06,0.26662922234735087,,26.318457087730298,21143535859950.395,1.1466961046163213
2018-09-10,oas,826.9922146674792,2253.8986463469123,4.729000362535575e-05,1.9473427048422128e-06,0.5424550048926711,,10.175032738039805,20232593749643.375,1.9590088999566335
2018-09-10,shrink,1786.845270337989,2253.8986463469123,1.8902242099830725e-05,1.9473427048422128e-06,0.597000958889456,,7.023197209943317,20280889202260.258,1.7433068504425622
2018-09-10,persistence,2539.3330598329044,2253.8986463469123,2.5161059057039293e-06,1.9473427048422128e-06,0.0870065323666773,,0.06566231334388992,6342321679095.291,1.975673558947056
2018-09-17,D0_pca8,9185.378768489498,4136.088374536975,7.458309821067131e-08,3.045795835446448e-06,31.740985594631827,,13.761061741891671,1.1281403080585572e+16,3.798711717588973
2018-09-17,rolling,1576.4058146625578,4136.088374536975,2.613513929587124e-06,3.045795835446448e-06,0.13708816684188305,,0.023429360096985798,4917956387871.916,2.909092062603672
2018-09-17,ewma,1518.1159253584071,4136.088374536975,2.3346693990109868e-06,3.045795835446448e-06,0.19915583840983572,,0.07069846474438149,5283434274474.6,2.8679722159157786
2018-09-17,ledoit_wolf,14.75680554301026,4136.088374536975,0.0001367667410578662,3.045795835446448e-06,0.693132910884415,,14.474329124140713,8421609573635.1045,1.3358983582165853
2018-09-17,oas,25.94514801794505,4136.088374536975,9.917888200458295e-05,3.045795835446448e-06,0.43348308331481566,,12.13242145593508,8332830233734.221,1.5315275784685431
2018-09-17,shrink,168.83947896329124,4136.088374536975,1.787483655807893e-05,3.045795835446448e-06,0.26797889770410566,,4.798121587389815,7953769146293.791,1.7806167957878503
2018-09-17,persistence,1991.226603089742,4136.088374536975,2.0204982784744184e-06,3.045795835446448e-06,0.16422847016759765,,0.1684428567541532,6448839335124.718,1.4127637156948303
2018-09-24,D0_pca8,9091.514316510718,4502.924242658528,9.33969315139288e-08,3.6152161278210586e-06,29.03839131110427,,13.366613838078369,7829241694764702.0,3.299050253096551
2018-09-24,rolling,1546.8371200201807,4502.924242658528,2.547008240402875e-06,3.6152161278210586e-06,0.23638421654479663,,0.12266251888452454,4316904287670.75,2.7124671946383994
2018-09-24,ewma,1638.4726543236202,4502.924242658528,2.151887258142293e-06,3.6152161278210586e-06,0.3130117433008687,,0.2691598737104369,5556526390933.503,2.666363689847137
2018-09-24,ledoit_wolf,13.626203827109116,4502.924242658528,0.0001374259223114774,3.6152161278210586e-06,0.9820788622115465,,13.234557353236962,5937500543524.371,1.304027467279089
2018-09-24,oas,24.667810282024774,4502.924242658528,9.865410380328233e-05,3.6152161278210586e-06,0.6428807059485692,,10.9327301360062,5861229027219.973,1.47853040378911
2018-09-24,shrink,165.9386148014535,4502.924242658528,1.748214227077512e-05,3.6152161278210586e-06,0.41925000316197425,,3.7713620818787645,5531120511517.679,1.6712286657640532
2018-09-24,persistence,1860.2192442623957,4502.924242658528,2.0038097446889105e-06,3.6152161278210586e-06,0.24916363170753497,,0.348219398911501,7529684013284.596,1.364060187558987
2018-10-01,D0_pca8,9180.786914112272,4617.309048688994,8.283385526271566e-08,5.463478556908312e-06,36.288748944695904,,17.54765579536953,9595634548065786.0,3.43699187498836
2018-10-01,rolling,1512.6811507698267,4617.309048688994,2.592673376455839e-06,5.463478556908312e-06,0.6377176237897053,,0.555615118568775,3959242447825.4033,2.8362066750037407
2018-10-01,ewma,1464.677528997389,4617.309048688994,2.100031993850981e-06,5.463478556908312e-06,0.8861581457127556,,0.9141899547590432,6317213778720.256,2.795801120983228
2018-10-01,ledoit_wolf,13.608748774700071,4617.309048688994,0.00013857174823592261,5.463478556908312e-06,1.8708060716620118,,10.454244204519103,2544445220654.9487,1.313330145730257
2018-10-01,oas,24.07658885796552,4617.309048688994,0.00010060323763623542,5.463478556908312e-06,1.3830384821278703,,8.486143348949309,2497313621787.9287,1.4842217908561215
2018-10-01,shrink,183.59805860285257,4617.309048688994,1.5774280444574998e-05,5.463478556908312e-06,0.9889667240496861,,2.2521665777641693,2279242442889.8887,1.6977414451085584
2018-10-01,persistence,1752.789792061601,4617.309048688994,2.0361018838715525e-06,5.463478556908312e-06,0.6894442302340347,,0.9742642251254802,9994395428887.104,1.3115599934195408
2018-10-08,D0_pca8,9272.663260969985,4667.291293328829,7.739123729763803e-08,7.504633050054866e-06,43.26635898140032,,20.92503929593539,1.1018379057632274e+16,3.66929174553707
2018-10-08,rolling,1750.8255719366248,4667.291293328829,2.454766944886847e-06,7.504633050054866e-06,1.2788490897404603,,1.248780480062238,4984200130949.8955,2.905004109005431
2018-10-08,ewma,2163.5715077669006,4667.291293328829,2.1490009575427877e-06,7.504633050054866e-06,1.4415509661223778,,1.56379320374307,6711998366008.886,2.7669431905174373
2018-10-08,ledoit_wolf,22.535948665432667,4667.291293328829,0.00010787334725496265,7.504633050054866e-06,2.5316983027125493,,7.10455511824169,1287689068551.5364,1.433249708630697
2018-10-08,oas,30.232223899585176,4667.291293328829,9.011120548443557e-05,7.504633050054866e-06,2.2568396383614795,,6.177828719923352,1265284385323.2207,1.5252216949073172
2018-10-08,shrink,203.37448870097788,4667.291293328829,1.5487833501078072e-05,7.504633050054866e-06,1.785702173662818,,1.1540240358883533,1112107577837.0613,1.788596638965697
2018-10-08,persistence,2253.898646347137,4667.291293328829,1.947342704842024e-06,7.504633050054866e-06,1.328654439753,,1.8199479408724972,13478678900499.34,1.3518384987813956
2018-10-15,D0_pca8,8976.279160176755,4467.480200996661,6.850139289681158e-08,7.351940516972132e-06,41.679469352633674,,21.863582871907948,1.369961017582536e+16,3.602913335983235
2018-10-15,rolling,2706.004752320663,4467.480200996661,2.621779616861285e-06,7.351940516972132e-06,1.1619561865340828,,1.0631893140605877,4207159707193.4087,3.849905543890282
2018-10-15,ewma,4309.218475230874,4467.480200996661,3.2739372289868028e-06,7.351940516972132e-06,0.8691182106858054,,0.6544337854766453,2380042218190.69,3.506524402093241
2018-10-15,ledoit_wolf,50.972330117106246,4467.480200996661,9.025500495126234e-05,7.351940516972132e-06,2.021257640701751,,6.288432064821083,1320744663558.7722,1.8703218089454159
2018-10-15,oas,88.43342635499157,4467.480200996661,6.072474476956285e-05,7.351940516972132e-06,1.6982555417532865,,4.457954464053552,1255845159899.1184,2.1935386636202523
2018-10-15,shrink,245.92880918435566,4467.480200996661,2.0751014791432566e-05,7.351940516972132e-06,1.6276607026588905,,1.7362021379185364,1202507301228.3936,2.2658063722443402
2018-10-15,persistence,4136.088374537012,4467.480200996661,3.0457958354464198e-06,7.351940516972132e-06,0.7319510492260124,,0.7765167477935657,4131875687493.0493,2.444744224989514
2018-10-22,D0_pca8,9591.830270103428,4158.043613788833,1.1004608598978784e-07,7.77928961004026e-06,46.527035034618216,,18.13322196766527,5785025142757695.0,3.871795856652595
2018-10-22,rolling,3161.9317342376803,4158.043613788833,2.8248081331870577e-06,7.77928961004026e-06,1.3463179022060179,,1.026218341721291,3607970240044.655,4.464317853981207
2018-10-22,ewma,4504.395110753899,4158.043613788833,3.5658850175161037e-06,7.77928961004026e-06,1.0213116331516559,,0.6084820549522181,2009486182019.334,3.9951028934119392
2018-10-22,ledoit_wolf,90.53354673813487,4158.043613788833,7.224860443985528e-05,7.77928961004026e-06,1.9672733946644965,,4.966871337952403,1140518556090.982,2.228950152025946
2018-10-22,oas,135.9392218482627,4158.043613788833,5.255297474355463e-05,7.77928961004026e-06,1.786764719212171,,3.6494622238309042,1084557747529.833,2.494498853941694
2018-10-22,shrink,260.23677782923977,4158.043613788833,2.4651129600860498e-05,7.77928961004026e-06,1.8191316340284651,,1.9792727573102151,1083952848647.4231,2.3176754165181364
2018-10-22,persistence,4502.924242659788,4158.043613788833,3.6152161278200497e-06,7.77928961004026e-06,0.7756971240551651,,0.587235975633024,2700001549449.9883,2.5288340079902216
2018-10-29,D0_pca8,9253.508732891576,3653.365946018152,8.201606537934203e-08,6.236661490989325e-06,42.621168698333335,,18.759926849298346,9881205968573468.0,3.1932699672861062
2018-10-29,rolling,3613.3812578836296,3653.365946018152,3.4596480343007414e-06,6.236661490989325e-06,0.6883760220125895,,0.3472486005646834,2121177958497.7612,4.130226584857488
2018-10-29,ewma,4687.111656165279,3653.365946018152,5.350797873219096e-06,6.236661490989325e-06,0.2819710658701095,,0.023470028652969606,1005978549414.906,3.5478743565112363
2018-10-29,ledoit_wolf,111.79953775724849,3653.365946018152,8.337734296480289e-05,6.236661490989325e-06,1.1025070063174192,,6.723293428063438,1863744308016.8687,2.061948190137868
2018-10-29,oas,197.36054040483532,3653.365946018152,5.26935099627816e-05,6.236661490989325e-06,0.9428357911543392,,4.554157171194461,1765812026267.882,2.398613200702005
2018-10-29,shrink,299.32644750822044,3653.365946018152,2.9854011307583693e-05,6.236661490989325e-06,1.0251058623942781,,3.249425401101109,1812221956171.6016,2.0841599343558816
2018-10-29,persistence,4617.309048687783,3653.365946018152,5.463478556909746e-06,6.236661490989325e-06,0.11871758909017008,,0.017518987953966125,790829263208.8888,2.4475328747919933
2018-11-05,D0_pca8,9795.942272802431,4575.906734426428,2.2645363822808438e-07,6.069902236126142e-06,42.70868427477252,,10.814582744158958,1485406262944217.5,4.148356443480516
2018-11-05,rolling,3718.0450674995063,4575.906734426428,4.1928666214456165e-06,6.069902236126142e-06,0.24748414977972305,,0.13686874954629483,1506706035180.0452,3.8271517416145326
2018-11-05,ewma,4241.131306759276,4575.906734426428,6.369556220917482e-06,6.069902236126142e-06,0.027611245964289037,,0.0023220152542194434,958308674288.6317,3.5005947604742627
2018-11-05,ledoit_wolf,125.91343422844987,4575.906734426428,9.42502587157593e-05,6.069902236126142e-06,0.48777916918790415,,7.521914649255379,1998097744699.7654,2.1875196324391695
2018-11-05,oas,213.52577381957445,4575.906734426428,6.118157108468984e-05,6.069902236126142e-06,0.3968894478717283,,5.338425826631569,1913055341392.516,2.4945712166739904
2018-11-05,shrink,324.7252002714957,4575.906734426428,3.435209872948515e-05,6.069902236126142e-06,0.44391110828285435,,3.816975461816694,1953044233123.259,2.1270767702842104
2018-11-05,persistence,4667.291293329063,4575.906734426428,7.504633050054499e-06,6.069902236126142e-06,0.048480967886216,,0.04501952043043697,642406986740.0917,2.4310389604093463
2018-11-12,D0_pca8,9632.763523114472,4548.384878225629,1.350034446397666e-07,5.704252921419972e-06,42.311946238984845,,14.014988520882719,3991797137831866.5,4.079632123827736
2018-11-12,rolling,3733.6864692017816,4548.384878225629,4.367390537513158e-06,5.704252921419972e-06,0.16615938789004414,,0.0713137102031429,1484737786160.237,3.946709330854058
2018-11-12,ewma,4052.374582469216,4548.384878225629,5.794086314698005e-06,5.704252921419972e-06,0.01945845502640708,,0.0002441647062866589,1111090210402.4668,3.670032084491085
2018-11-12,ledoit_wolf,135.99124322359003,4548.384878225629,9.273153901027583e-05,5.704252921419972e-06,0.35192653010437336,,7.7757124719634545,2275128711434.613,2.316716571479419
2018-11-12,oas,214.67597725394356,4548.384878225629,6.366317644708706e-05,5.704252921419972e-06,0.2880830642260089,,5.819645462008559,2197321215421.2266,2.615894342080411
2018-11-12,shrink,337.47351070802006,4548.384878225629,3.454550305953142e-05,5.704252921419972e-06,0.31509746186111637,,4.357171549028207,2247142125954.781,2.22141417406803
2018-11-12,persistence,4467.480200994359,4548.384878225629,7.35194051697593e-06,5.704252921419972e-06,0.0864566092290125,,0.0643901951501945,737911387710.956,2.2940838393284513
2018-11-19,D0_pca8,9708.644892864588,5103.046938634921,2.0135863899132091e-07,5.37005977696697e-06,37.164912142275156,,10.78138503816001,1855047983163633.5,3.6510802264009596
2018-11-19,rolling,3722.964937783069,5103.046938634921,4.777158861509588e-06,5.37005977696697e-06,0.03853943051077193,,0.013687368517913818,1518749448011.7876,4.0254839280709085
2018-11-19,ewma,3643.7468037883523,5103.046938634921,6.058362006065255e-06,5.37005977696697e-06,0.10165628370963338,,0.014544457987431569,1275578952169.4731,3.7136806529340802
2018-11-19,ledoit_wolf,146.54645619572906,5103.046938634921,9.535934070081441e-05,5.37005977696697e-06,0.11938981898392738,,8.276053460779304,2590425494653.4863,2.3474101584124005
2018-11-19,oas,211.95201040769595,5103.046938634921,7.022850922131052e-05,5.37005977696697e-06,0.09229628589031416,,6.609604609592831,2527508909098.9043,2.616177659032492
2018-11-19,shrink,365.215686406208,5103.046938634921,3.487044214178974e-05,5.37005977696697e-06,0.1088293187723814,,4.888413402354708,2569532756532.6206,2.2062703010146882
2018-11-19,persistence,4158.043613787173,5103.046938634921,7.779289610043364e-06,5.37005977696697e-06,0.2966188448090079,,0.13736357737684748,891019130257.2598,1.9680652864289725
2018-11-27,D0_pca8,9694.296142913538,6421.74349568171,1.4585241674074262e-07,1.284462281653499e-05,43.59739516373368,,20.053187054844262,3517411328285790.0,3.357327457298558
2018-11-27,rolling,3824.06529998443,6421.74349568171,5.167917212173289e-06,1.284462281653499e-05,0.4955024582001686,,0.8289290412586465,1038935515670.2051,4.12106998651312
2018-11-27,ewma,3729.7861772779756,6421.74349568171,6.013717952474955e-06,1.284462281653499e-05,0.33521143388829655,,0.5759018785386991,707980526006.1466,3.646059618731389
2018-11-27,ledoit_wolf,177.0332943499036,6421.74349568171,9.04368245416327e-05,1.284462281653499e-05,0.6824092645312931,,3.809235170985269,400890350787.9099,2.4039169219567866
2018-11-27,oas,227.0256476281762,6421.74349568171,7.333002422632816e-05,1.284462281653499e-05,0.6447913422832692,,3.034720093415035,384942572376.8047,2.583668253659484
2018-11-27,shrink,323.21982259058325,6421.74349568171,4.372653709965996e-05,1.284462281653499e-05,0.7215133414439714,,2.0775766399666815,403606617389.98285,2.1481085041681056
2018-11-27,persistence,3653.365946018933,6421.74349568171,6.236661490988001e-06,1.284462281653499e-05,0.34245198353318806,,0.5219775840203167,886100314699.9053,1.856133799503603
2018-12-04,D0_pca8,9654.54078577647,6473.713207745658,1.9742324268947117e-07,1.26327727825212e-05,39.63220305976539,,17.294743107973193,1997712743687339.0,3.963744457290159
2018-12-04,rolling,3938.6301621322386,6473.713207745658,5.482797729608182e-06,1.26327727825212e-05,0.44595067999697313,,0.6966887712008012,897256680405.89,4.503211512780418
2018-12-04,ewma,3873.8638642997,6473.713207745658,5.671676693004232e-06,1.26327727825212e-05,0.4026061724700371,,0.6412959632838222,800450942499.0444,3.983373923323432
2018-12-04,ledoit_wolf,205.81323360057453,6473.713207745658,8.669689998174729e-05,1.26327727825212e-05,0.5987132622301505,,3.7099521539606903,413720779713.0372,2.62466632597939
2018-12-04,oas,244.4891144202967,6473.713207745658,7.484403512641902e-05,1.26327727825212e-05,0.5766242552167019,,3.165239149881528,402307319648.0053,2.7599912292940503
2018-12-04,shrink,352.3861728714419,6473.713207745658,4.380335007552836e-05,1.26327727825212e-05,0.6541022464198796,,2.2556073023528387,422881388275.3595,2.262830067972639
2018-12-04,persistence,4575.906734424171,6473.713207745658,6.069902236129135e-06,1.26327727825212e-05,0.2784384426367902,,0.5372184396384794,933201147586.997,1.8979512404839867
2018-12-12,D0_pca8,9737.042074058081,6370.968056154277,2.3261496483130301e-07,1.2651713564055193e-05,41.3772817918522,,15.969287947987443,1456013395391088.2,3.6597052944149135
2018-12-12,rolling,4320.685748750073,6370.968056154277,5.936212105957457e-06,1.2651713564055193e-05,0.4132577801753957,,0.5726271846401115,761891479920.5422,4.147741112622202
2018-12-12,ewma,4758.529663494301,6370.968056154277,6.028670775232733e-06,1.2651713564055193e-05,0.39135565512197723,,0.5494753237053096,706058094592.4073,3.639965808033837
2018-12-12,ledoit_wolf,286.7120605983787,6370.968056154277,7.648113420331377e-05,1.2651713564055193e-05,0.5391332348753817,,3.2373054820901346,404035386838.25714,2.6632479661396786
2018-12-12,oas,313.8346740965527,6370.968056154277,7.065552172411976e-05,1.2651713564055193e-05,0.529589287146712,,2.9584809493183366,397592940492.31036,2.7306787090130467
2018-12-12,shrink,457.8040556420859,6370.968056154277,3.995542412646896e-05,1.2651713564055193e-05,0.6170480337559058,,2.4851798151710716,428629071908.7904,2.2101726103448804
2018-12-12,persistence,4548.384878225269,6370.968056154277,5.704252921420431e-06,1.2651713564055193e-05,0.2738318541351442,,0.6345405665060788,1112052203197.343,2.0152351183543615
2018-12-19,D0_pca8,9560.106156613534,6535.536672815346,1.4457779008490107e-07,1.2049140478046318e-05,39.580261194407434,,19.56225733508445,3579262558580909.5,3.568445684407512
2018-12-19,rolling,4332.740823164225,6535.536672815346,6.104819049845115e-06,1.2049140478046318e-05,0.3353819298090447,,0.4622841073836418,705933917908.037,4.462389324763658
2018-12-19,ewma,4557.9674649639865,6535.536672815346,5.5703943308706445e-06,1.2049140478046318e-05,0.3964714839889245,,0.5952545047593619,837652707134.8081,4.360283291989568
2018-12-19,ledoit_wolf,302.8305002961527,6535.536672815346,7.51708534476107e-05,1.2049140478046318e-05,0.44465492155951686,,3.351719419864952,449465244165.6189,2.969033019107466
2018-12-19,oas,315.99384809921645,6535.536672815346,7.240966376445885e-05,1.2049140478046318e-05,0.44064722173226156,,3.2160912061618454,446249925322.0287,3.0022533049377094
2018-12-19,shrink,440.8080515995179,6535.536672815346,4.277032785634925e-05,1.2049140478046318e-05,0.5246909024638322,,3.0307137930288905,480664015364.60583,2.4553664636541357
2018-12-19,persistence,5103.046938635724,6535.536672815346,5.370059776966127e-06,1.2049140478046318e-05,0.35035461961636793,,0.6531131858222483,1279009525214.6375,2.358518876794492
2018-12-27,D0_pca8,9753.63329532246,4424.9067368887345,2.319572071065593e-07,4.473274016839163e-06,36.51268504720748,,8.757568184056211,1367353438015682.0,3.4786082439410984
2018-12-27,rolling,4417.353496592244,4424.9067368887345,9.011008847495972e-06,4.473274016839163e-06,0.2532009107671585,,0.4904569821697845,2444482874583.331,4.16427817309687
2018-12-27,ewma,6482.134440361463,4424.9067368887345,1.43940466649385e-05,4.473274016839163e-06,0.5223404344617545,,1.3658455679531252,2796988662111.009,3.742445261929851
2018-12-27,ledoit_wolf,106.51858521806827,4424.9067368887345,0.00026085858423414055,4.473274016839163e-06,0.1116631742905474,,16.53119830924104,3942326556165.3857,1.963859517583567
2018-12-27,oas,362.44863915682123,4424.9067368887345,9.628468016845822e-05,4.473274016839163e-06,0.18566390034897978,,9.419917592925964,3803976430259.711,2.725695525967077
2018-12-27,shrink,769.4366589748329,4424.9067368887345,4.0179179484999884e-05,4.473274016839163e-06,0.17679109260346965,,7.622525799492122,3853795578705.0957,2.2927561995634043
2018-12-27,persistence,6421.743495683042,4424.9067368887345,1.2844622816532334e-05,4.473274016839163e-06,0.498064819843054,,1.1126126122106796,2196612421920.4993,2.4772229981232554
2019-01-04,D0_pca8,9829.96407960757,3073.574223205463,3.3237653487067103e-07,3.811333611568647e-06,36.83157167490378,,5.950980813733979,652505799580865.8,2.9407077196277744
2019-01-04,rolling,4437.156246237743,3073.574223205463,8.968525422328741e-06,3.811333611568647e-06,0.36165051028492445,,0.7322943099378978,3568247768724.203,3.9834914059703306
2019-01-04,ewma,6059.2968917948,3073.574223205463,1.1614407972097051e-05,3.811333611568647e-06,0.5818716978330578,,1.241591082103432,3841563928132.0137,3.822567456417455
2019-01-04,ledoit_wolf,106.4888844237785,3073.574223205463,0.0002604834276649768,3.811333611568647e-06,0.18431686357372606,,17.846905723860218,5451187391214.759,1.9420219322146215
2019-01-04,oas,365.87350837144163,3073.574223205463,9.540101539469294e-05,3.811333611568647e-06,0.2819769712794914,,10.36910720699495,5284443217901.207,2.656809110970331
2019-01-04,shrink,775.345035562875,3073.574223205463,3.9900299116010756e-05,3.811333611568647e-06,0.25869346619492917,,8.450146251042117,5342465061194.987,2.2414402054532028
2019-01-04,persistence,6473.713207745096,3073.574223205463,1.2632772782522293e-05,3.811333611568647e-06,0.6806703763349954,,1.435959105893404,3285720849304.7856,2.373935078981484
2019-01-11,D0_pca8,9717.280182132863,3296.7661827198317,1.8905013557603643e-07,3.639530722153369e-06,35.65826535231254,,8.747354978520383,2035956436007226.5,3.5001922949175284
2019-01-11,rolling,4529.055258508851,3296.7661827198317,8.726827632746783e-06,3.639530722153369e-06,0.3881790095663009,,0.7648324655822955,3950130581909.7275,4.146510983966454
2019-01-11,ewma,5420.160490594012,3296.7661827198317,1.010841501537405e-05,3.639530722153369e-06,0.5404009647782717,,1.0434894631577252,4084088577876.67,3.818769924688328
2019-01-11,ledoit_wolf,111.06556799015206,3296.7661827198317,0.000249402943707222,3.639530722153369e-06,0.21114627136070366,,17.869345089866215,5978376733318.432,1.99680540011793
2019-01-11,oas,387.0152947875953,3296.7661827198317,8.9838490527988e-05,3.639530722153369e-06,0.31043891863763867,,10.279452288815042,5792072337362.186,2.7444413181459955
2019-01-11,shrink,865.4897567108071,3296.7661827198317,3.554569744543523e-05,3.639530722153369e-06,0.2816116360370716,,8.432947190588076,5858398636106.549,2.3339270907274337
2019-01-11,persistence,6370.968056149475,3296.7661827198317,1.2651713564064729e-05,3.639530722153369e-06,0.7390668078194726,,1.5523607997210631,3673153081918.159,2.4712148642810186
2019-01-18,D0_pca8,9586.482861334012,2975.5392380993603,1.3670292885291912e-07,3.643724985418249e-06,36.43362786137112,,10.777725085428447,3758489798187360.0,3.7295734708444286
2019-01-18,rolling,4683.955100183311,2975.5392380993603,8.06586640556491e-06,3.643724985418249e-06,0.26981512732106827,,0.6314439522894056,3824391964154.29,4.0627736745340775
2019-01-18,ewma,5048.564008168874,2975.5392380993603,8.041519749156233e-06,3.643724985418249e-06,0.2839516755462194,,0.6266486604406455,3751536192194.0547,3.829654346888193
2019-01-18,ledoit_wolf,103.3000084525377,2975.5392380993603,0.00024838394305292,3.643724985418249e-06,0.16749247785366234,,17.825021646133433,5962578265425.099,1.9289641193978604
2019-01-18,oas,421.46016280818776,2975.5392380993603,7.92805145269346e-05,3.643724985418249e-06,0.22466676870646668,,9.486311370977697,5740038335741.206,2.6672458377838564
2019-01-18,shrink,844.5633257530056,2975.5392380993603,3.53181872650566e-05,3.643724985418249e-06,0.20971174626524908,,7.643564793053137,5822564901190.924,2.2709762386997294
2019-01-18,persistence,6535.536672810205,2975.5392380993603,1.2049140478055804e-05,3.643724985418249e-06,0.5862478406051587,,1.430384019837606,3581242442041.694,2.253512248133364
2019-01-28,D0_pca8,9799.9425999368,2071.3829433235214,2.8909360978751635e-07,2.9456879038768454e-06,34.54037924363693,,5.388637910157841,836433072832387.0,3.6895413127852184
2019-01-28,rolling,4693.79112874595,2071.3829433235214,8.152152444924154e-06,2.9456879038768454e-06,0.48226418747316213,,1.0362006337922347,6334550578950.619,3.709838893174006
2019-01-28,ewma,4563.199427823683,2071.3829433235214,7.198426522243406e-06,2.9456879038768454e-06,0.4076378305719993,,0.7983777929600905,5995566432409.486,3.725325933831811
2019-01-28,ledoit_wolf,107.89891227673967,2071.3829433235214,0.0002438870766129779,2.9456879038768454e-06,0.2993326265240511,,19.50425869007217,9160957477918.256,1.9866497767240512
2019-01-28,oas,425.1871674370383,2071.3829433235214,7.964450628661502e-05,2.9456879038768454e-06,0.4088740171971102,,10.871728049492209,8886881081493.375,2.741227149651009
2019-01-28,shrink,878.8557028546558,2071.3829433235214,3.4231300520098394e-05,2.9456879038768454e-06,0.37783810277332225,,8.810957114654332,8985827681400.746,2.2852617172990315
2019-01-28,persistence,4424.906736885156,2071.3829433235214,4.4732740168427815e-06,2.9456879038768454e-06,0.1546471627395907,,0.1745385352846501,3138483529087.826,2.174216551526044
2019-02-04,D0_pca8,9767.740232313598,2011.0286307071397,1.9812560597750917e-07,2.842820033631393e-06,37.17341153792694,,7.095009530444062,1788881550895520.0,3.4833091346751957
2019-02-04,rolling,4761.1857402331125,2011.0286307071397,7.941790785030003e-06,2.842820033631393e-06,0.5217849894697012,,1.0554316559837518,6819632607003.781,3.8476605058105893
2019-02-04,ewma,4079.6732788601475,2011.0286307071397,6.37835995305084e-06,2.842820033631393e-06,0.35918316232872605,,0.6530486888678455,6225111102958.29,3.7274657180774646
2019-02-04,ledoit_wolf,108.18616542355844,2011.0286307071397,0.0002394587905538808,2.842820033631393e-06,0.3443798365063867,,19.65667117168679,9838676786204.168,1.967110384830208
2019-02-04,oas,442.72333480025816,2011.0286307071397,7.575614379391484e-05,2.842820033631393e-06,0.45371229807282026,,10.776268191384673,9536785949057.938,2.809071607836817
2019-02-04,shrink,831.2303147349857,2011.0286307071397,3.5864074313655186e-05,2.842820033631393e-06,0.4225103479814581,,9.15031736506069,9659888188937.682,2.310821871603895
2019-02-04,persistence,3073.5742232048988,2011.0286307071397,3.8113336115693475e-06,2.842820033631393e-06,0.08516948634302715,,0.08595600099548793,3212960074595.9937,1.9953374887785569
2019-02-11,D0_pca8,9724.615650395324,2485.239082610479,1.8681862112755054e-07,2.9005253793500777e-06,35.114727770653545,,7.521327922285641,2026735712019452.2,3.856522111991448
2019-02-11,rolling,4797.038696579409,2485.239082610479,7.616525023093896e-06,2.9005253793500777e-06,0.42265025946180435,,0.9320514792550968,6417492046327.764,4.310251020628212
2019-02-11,ewma,3694.6489160285773,2485.239082610479,5.3522023931081e-06,2.9005253793500777e-06,0.17974548524037964,,0.37529847943416506,5559779333105.779,4.058182485063769
2019-02-11,ledoit_wolf,99.85152940772393,2485.239082610479,0.00024391500769826128,2.9005253793500777e-06,0.2646780801937682,,19.6419823311007,9448920381288.186,1.9247117194663872
2019-02-11,oas,450.9543431820265,2485.239082610479,7.192588000736372e-05,2.9005253793500777e-06,0.36332755862401767,,10.30887656921685,9127599585841.121,2.9602878625179128
2019-02-11,shrink,869.4213213556628,2485.239082610479,3.348703912983573e-05,2.9005253793500777e-06,0.3364577338741113,,9.42254173099755,9269795934811.42,2.3589923567093245
2019-02-11,persistence,3296.7661827207835,2485.239082610479,3.639530722152315e-06,2.9005253793500777e-06,0.07228740689191288,,0.05151211030087954,3005254335943.3164,1.8886047712235459
2019-02-19,D0_pca8,9799.654319230896,2546.9784597815915,3.895176157444372e-07,2.4513669056379717e-06,29.4521789906566,,3.3837227921480197,422552664250970.0,4.227823843314149
2019-02-19,rolling,4719.199090529193,2546.9784597815915,7.524178963257465e-06,2.4513669056379717e-06,0.5724500025553225,,1.2577075934694315,9441306671934.799,3.8621717618593414
2019-02-19,ewma,3096.275439591554,2546.9784597815915,4.918588480263774e-06,2.4513669056379717e-06,0.271191054314874,,0.48493897741212366,8020963999834.922,3.6998095071339105
2019-02-19,ledoit_wolf,89.7309740228421,2546.9784597815915,0.0002560598291919919,2.4513669056379717e-06,0.2963757761676602,,21.61101538629465,13274651413007.482,1.9506899960774327
2019-02-19,oas,430.94288856634813,2546.9784597815915,7.294814257601773e-05,2.4513669056379717e-06,0.4763091492398403,,11.513145452068674,12887467642396.71,2.887835595713276
2019-02-19,shrink,895.7046074461308,2546.9784597815915,3.1869637907711344e-05,2.4513669056379717e-06,0.43603721748065105,,10.174983850049813,13034946068102.564,2.4299448145269866
2019-02-19,persistence,2975.5392380987737,2546.9784597815915,3.6437249854189686e-06,2.4513669056379717e-06,0.1644315040756382,,0.15710171167015102,4498796921572.53,1.6838295150323566
2019-02-26,D0_pca8,9653.222619427159,3169.5201478255303,1.6727580513550852e-07,3.6419337689653638e-06,33.80113748073942,,9.490222007729106,2501008654256977.0,4.339335675740939
2019-02-26,rolling,4734.770322026297,3169.5201478255303,6.961513290035917e-06,3.6419337689653638e-06,0.14019271079343523,,0.41975102206408516,3575671471860.484,3.876606148683142
2019-02-26,ewma,2779.747657462074,3169.5201478255303,4.047815115515225e-06,3.6419337689653638e-06,0.055943247485219526,,0.011164550079674136,3088242983226.0713,3.7887523757458834
2019-02-26,ledoit_wolf,72.70771434665662,3169.5201478255303,0.0002713242457788126,3.6419337689653638e-06,0.08218490314947172,,18.58299248327605,5974618927039.033,1.8420590653939295
2019-02-26,oas,424.681033777238,3169.5201478255303,6.857744094305997e-05,3.6419337689653638e-06,0.10572747388908174,,8.616858340180228,5688359785742.108,2.886670520264899
2019-02-26,shrink,835.2825881897874,3169.5201478255303,3.262793400859743e-05,3.6419337689653638e-06,0.09914348822769593,,7.347553203938145,5775487843202.224,2.4738176708908832
2019-02-26,persistence,2071.3829433234837,3169.5201478255303,2.9456879038769047e-06,3.6419337689653638e-06,0.09144606446171101,,0.04501710924747315,2855649804536.8086,1.670761730957316
2019-03-05,D0_pca8,9705.00322242018,3502.278160986857,1.683781860634077e-07,3.4851372521600176e-06,34.675425331292615,,9.181169654227954,2510849364149307.0,3.9222454186218014
2019-03-05,rolling,4803.799162166762,3502.278160986857,6.8521433784177435e-06,3.4851372521600176e-06,0.1638775409337889,,0.4570489259620123,3949192065189.421,3.4399056624804305
2019-03-05,ewma,2500.8548642847677,3502.278160986857,3.810887650535937e-06,3.4851372521600176e-06,0.08340288569018672,,0.0079842605342631,3371062581460.4307,3.36312392124391
2019-03-05,ledoit_wolf,72.22450101868039,3502.278160986857,0.00027047575873161736,3.4851372521600176e-06,0.05758732880090137,,18.937073281126125,6529975215200.639,1.7409500907642423
2019-03-05,oas,436.7824804515308,3502.278160986857,6.666969477131919e-05,3.4851372521600176e-06,0.11483805197187553,,8.70983406075772,6218993439546.026,2.6204234665456263
2019-03-05,shrink,1121.4285932198552,3502.278160986857,2.4582599494727612e-05,3.4851372521600176e-06,0.1041661715812869,,6.630888639830545,6283530737100.747,2.2783554832122928
2019-03-05,persistence,2011.0286307073745,3502.278160986857,2.842820033631062e-06,3.4851372521600176e-06,0.16138107726196632,,0.04149810356447268,3058160672169.8223,1.5788258436816223
2019-03-12,D0_pca8,9582.34018124664,3306.8760733211457,1.4405103461126613e-07,3.272092478125814e-06,32.94688059198536,,9.753195711467223,3355262903397658.0,3.6675210347027396
2019-03-12,rolling,3185.0277314502205,3306.8760733211457,3.565461599137249e-06,3.272092478125814e-06,0.17541648420053374,,0.007372595470671042,3858008015579.4624,3.4253128488569327
2019-03-12,ewma,2845.1891259899403,3306.8760733211457,3.098720863569214e-06,3.272092478125814e-06,0.1058857734706874,,0.002963742240491452,3892220491697.331,3.44893937391986
2019-03-12,ledoit_wolf,96.53753896373743,3306.8760733211457,8.736225425503992e-05,3.272092478125814e-06,0.2671971401636811,,10.78881617737904,7171435602190.91,2.290812167476544
2019-03-12,oas,132.1996177538276,3306.8760733211457,6.825458748971863e-05,3.272092478125814e-06,0.2374447192378013,,9.228317999530313,7081946380887.188,2.460628471430519
2019-03-12,shrink,364.16238724451364,3306.8760733211457,2.2409823962818173e-05,3.272092478125814e-06,0.24819507257106355,,5.372150958858364,7021374734739.781,2.281405943456918
2019-03-12,persistence,2485.2390826104324,3306.8760733211457,2.9005253793501324e-06,3.272092478125814e-06,0.09236943973207132,,0.014529350814444536,3011609603168.308,1.9831291673494598
2019-03-19,D0_pca8,9370.045478255648,3340.720457755681,1.2037194315404657e-07,3.293495849725409e-06,31.910359956245582,,10.950211431449848,4739708419022310.0,2.9449695667574116
2019-03-19,rolling,2909.0357288617224,3340.720457755681,3.3258402856043355e-06,3.293495849725409e-06,0.15336064816166145,,9.550738031408508e-05,3927687235849.858,3.2479694561638577
2019-03-19,ewma,2614.405300847093,3340.720457755681,2.6470631366304218e-06,3.293495849725409e-06,0.19059548993789482,,0.04774169051138514,4466805898757.917,3.5492954567438604
2019-03-19,ledoit_wolf,76.43416897395385,3340.720457755681,9.070983028839709e-05,3.293495849725409e-06,0.3070294997062699,,10.993971744750505,7089767678670.787,2.1484555007885047
2019-03-19,oas,102.3654982482389,3340.720457755681,7.267912374339446e-05,3.293495849725409e-06,0.26426790464652694,,9.573481594179128,7014381077668.412,2.298589850342025
2019-03-19,shrink,493.81713372585875,3340.720457755681,1.4108591170767037e-05,3.293495849725409e-06,0.2521725572862151,,4.761278284030297,6875854686709.803,2.221436678848992
2019-03-19,persistence,2546.9784597816706,3340.720457755681,2.4513669056378997e-06,3.293495849725409e-06,0.13229052324520843,,0.08720426047131472,4209929159709.0234,1.7940672897497854
2019-03-26,D0_pca8,9509.037811269678,2151.4289482962467,1.2005695994697146e-07,2.2403051858382404e-06,31.255078070880444,,8.56377716030583,4598941485167713.0,3.483986515829995
2019-03-26,rolling,2586.8185790985767,2151.4289482962467,3.411922190387467e-06,2.2403051858382404e-06,0.047648595648547454,,0.17695784007922846,8860771455063.453,3.2038444930151297
2019-03-26,ewma,3212.451359773041,2151.4289482962467,3.743892935736559e-06,2.2403051858382404e-06,0.18038993034770082,,0.26369630206529615,9071888078525.629,3.1376470228506435
2019-03-26,ledoit_wolf,46.99663493929455,2151.4289482962467,0.00012035660319651568,2.2403051858382404e-06,0.08614659369781952,,15.871032863934143,15697200738350.244,1.743099071889871
2019-03-26,oas,80.03358166969912,2151.4289482962467,8.245269407088433e-05,2.2403051858382404e-06,0.04673735721917781,,13.000439258729727,15537201783257.523,1.992451463822125
2019-03-26,shrink,405.0424795055868,2151.4289482962467,1.5767123711638793e-05,2.2403051858382404e-06,0.027030463841265985,,6.422935534219372,15241430229829.232,2.0831764380734987
2019-03-26,persistence,3169.5201478263934,2151.4289482962467,3.64193376896437e-06,2.2403051858382404e-06,0.18392105065636022,,0.23610126257699596,5628737040776.218,1.881930223780258
2019-04-02,D0_pca8,9486.322854378122,1921.5256710532947,1.0953785506110329e-07,2.465931183753424e-06,33.21051687913957,,9.697281591911402,5542641354745185.0,3.339806008122164
2019-04-02,rolling,2688.3787664502765,1921.5256710532947,3.4206689895792204e-06,2.465931183753424e-06,0.06148954393288829,,0.10710338258450727,7167681259989.886,3.3400878450122207
2019-04-02,ewma,3026.797838574523,1921.5256710532947,3.506303899120015e-06,2.465931183753424e-06,0.14764013218582345,,0.1238989620941777,7146359129957.621,3.206522114329957
2019-04-02,ledoit_wolf,53.978881966395626,1921.5256710532947,0.0001128441817985513,2.465931183753424e-06,0.16399228097510016,,14.618678522116886,12898379699799.889,1.7892910320260025
2019-04-02,oas,89.07245667221721,1921.5256710532947,7.839559938941604e-05,2.465931183753424e-06,0.10975751149774586,,11.966050142089799,12751707779775.209,2.010835975095609
2019-04-02,shrink,454.93291530277855,1921.5256710532947,1.4598703569793393e-05,2.465931183753424e-06,0.0702825769989844,,5.910735573422229,12497228562908.355,2.05925657716586
2019-04-02,persistence,3502.2781609868225,1921.5256710532947,3.4851372521600506e-06,2.465931183753424e-06,0.19402615589798744,,0.11967296852720936,4240026420941.681,1.8725398659131933
2019-04-09,D0_pca8,9454.748207089533,1867.137711790745,1.0373941612937294e-07,2.755638611057298e-06,36.373950344134215,,10.755206029933294,6241798695677345.0,3.9869863660129763
2019-04-09,rolling,2307.6071520449646,1867.137711790745,3.1043204553487936e-06,2.755638611057298e-06,0.08188846652261658,,0.014195669048303706,5565788287827.092,3.3102664367668266
2019-04-09,ewma,2739.0116020212954,1867.137711790745,2.9948504897642336e-06,2.755638611057298e-06,0.18996141224252788,,0.00692974083028817,5498423036717.876,3.201962567257072
2019-04-09,ledoit_wolf,31.452296897360416,1867.137711790745,0.0001311487381860914,2.755638611057298e-06,0.40927374069105227,,14.92031619900526,10325833109420.4,1.6191796151850948
2019-04-09,oas,62.93282553225765,1867.137711790745,8.258209149109992e-05,2.755638611057298e-06,0.23347117649592652,,11.560974322569887,10171596141913.416,1.9240764932100998
2019-04-09,shrink,333.79910684213735,1867.137711790745,1.5600516161572278e-05,2.755638611057298e-06,0.1499831235147869,,4.892741832464749,9856427648317.969,2.1054503936261897
2019-04-09,persistence,3306.8760733195163,1867.137711790745,3.272092478127423e-06,2.755638611057298e-06,0.21615400114320443,,0.029508508593390916,3253330408316.118,1.7707462390465263
2019-04-16,D0_pca8,9021.837877903103,3088.7362920628,1.1612226425144255e-07,3.151439106334273e-06,29.1650991514724,,10.89635378410261,5144918801938244.0,3.121585729478394
2019-04-16,rolling,2334.192242321732,3088.7362920628,2.879497162986681e-06,3.151439106334273e-06,0.1298996854585822,,0.008143888385671021,4429436039356.207,3.0192883606372467
2019-04-16,ewma,2777.987101876335,3088.7362920628,2.7059679743119856e-06,3.151439106334273e-06,0.20937222507617537,,0.023225595655950882,4498453271728.988,2.804065332612675
2019-04-16,ledoit_wolf,31.110146376409112,3088.7362920628,0.00012322756955114545,3.151439106334273e-06,0.5737572505915374,,13.440826577827902,7835461828342.6875,1.5684210369258922
2019-04-16,oas,66.1463205539685,3088.7362920628,7.443707956829426e-05,3.151439106334273e-06,0.33600342673318084,,9.99884281232231,7674984445203.551,1.7926531009546014
2019-04-16,shrink,327.57169873873715,3088.7362920628,1.4738106838154641e-05,3.151439106334273e-06,0.2630461097796113,,3.6687813522949133,7368642200581.928,1.8313685661126564
2019-04-16,persistence,3340.7204577562743,3088.7362920628,3.2934958497248294e-06,3.151439106334273e-06,0.1693981330751439,,0.0019439587520969574,2603835852601.1816,1.8614599668762168
2019-04-24,D0_pca8,9511.628327321734,3680.016186142727,1.0809142720812241e-07,3.168471428948939e-06,34.900258731617576,,11.411006949417045,5762632825561503.0,4.123637243241184
2019-04-24,rolling,2218.194613576777,3680.016186142727,2.878201441168635e-06,3.168471428948939e-06,0.12101111279855614,,0.00923206611051244,4481529225073.814,2.6829226424184403
2019-04-24,ewma,2171.7980647232694,3680.016186142727,2.7319691171642257e-06,3.168471428948939e-06,0.116775396684479,,0.02197112037196365,4501051140087.636,2.5828617056240972
2019-04-24,ledoit_wolf,26.61806153161191,3680.016186142727,0.00013089153931285946,3.168471428948939e-06,0.5788350398493162,,13.846730002809442,7765872875591.014,1.561872526046882
2019-04-24,oas,57.93508633680884,3680.016186142727,7.908100845268385e-05,3.168471428948939e-06,0.32469902274754303,,10.350524958029823,7616133246082.367,1.8171577457005939
2019-04-24,shrink,288.65488477987884,3680.016186142727,1.594085914552088e-05,3.168471428948939e-06,0.25456740224701147,,3.5686215409376993,7288506055595.078,1.9143862164526495
2019-04-24,persistence,2151.4289482960794,3680.016186142727,2.2403051858384165e-06,3.168471428948939e-06,0.12854622481520828,,0.12015723854101508,5157482594033.951,1.4981832509968926
2019-05-01,D0_pca8,8895.413890240157,3929.5715684124652,1.1501652509322749e-07,3.2048874624685473e-06,26.968010255432652,,11.071245104262847,5240524439675518.0,2.8896512750659493
2019-05-01,rolling,2197.554155481835,3929.5715684124652,2.8210451539840125e-06,3.2048874624685473e-06,0.1163640954544165,,0.016273976289349453,4444830043116.131,2.4488551440840713
2019-05-01,ewma,1732.750274187128,3929.5715684124652,2.753701197908753e-06,3.2048874624685473e-06,0.09900995538202026,,0.023022305036748163,4371804886374.0054,2.416341373384517
2019-05-01,ledoit_wolf,26.313644955498553,3929.5715684124652,0.00012847136169017993,3.2048874624685473e-06,0.5756055447595445,,13.6236931033339,7582228655176.398,1.5377227998681808
2019-05-01,oas,55.96898116502742,3929.5715684124652,7.895744604332739e-05,3.2048874624685473e-06,0.3247296860557951,,10.26710125932448,7438590373722.943,1.7946884438836281
2019-05-01,shrink,298.74046564472746,3929.5715684124652,1.5027019687355818e-05,3.2048874624685473e-06,0.26664771200349185,,3.5371860274500135,7126460931183.062,1.88686127582918
2019-05-01,persistence,1921.525671053442,3929.5715684124652,2.465931183753237e-06,3.2048874624685473e-06,0.10292826008488001,,0.06870028117041167,4112719993755.6865,1.5255306503856658
2019-05-08,D0_pca8,9541.064944119738,4583.798980712242,1.2876247513015413e-07,3.8126008921380545e-06,33.616694082926564,,11.479153516695686,4264015593069051.0,3.7403609920192453
2019-05-08,rolling,2375.674287321954,4583.798980712242,2.9945924255342174e-06,3.8126008921380545e-06,0.12489608910210004,,0.05832389033041857,3436487555137.629,2.6154321907130096
2019-05-08,ewma,2264.4561678524065,4583.798980712242,2.9922114483025643e-06,3.8126008921380545e-06,0.10743335642062786,,0.058708710586514876,3301824560821.8423,2.591932522067814
2019-05-08,ledoit_wolf,34.954090057264885,4583.798980712242,0.00012080558781090908,3.8126008921380545e-06,0.5189493644762975,,11.94304217096431,5307269381259.909,1.6652700141853598
2019-05-08,oas,66.02483580816359,4583.798980712242,7.852781317819252e-05,3.8126008921380545e-06,0.3291874038876817,,9.15147816298649,5198062481018.434,1.888945019264485
2019-05-08,shrink,306.05568827175983,4583.798980712242,1.6745865117489903e-05,3.8126008921380545e-06,0.28314650306640765,,3.479969337595996,4999896276282.049,2.0182974726784018
2019-05-08,persistence,1867.1377117907164,4583.798980712242,2.7556386110573423e-06,3.8126008921380545e-06,0.16966180980420992,,0.1054056012506327,3427193337207.8906,1.6526922924047474
2019-05-15,D0_pca8,9581.629719286659,3764.795424466418,1.577038251639517e-07,3.5224653305466e-06,33.124955131810765,,9.648426223115475,2852447206864434.5,3.119504819373126
2019-05-15,rolling,3046.676606174503,3764.795424466418,3.042829135552056e-06,3.5224653305466e-06,0.1287837720210162,,0.021425160039831838,3641707927539.104,2.7545940863344636
2019-05-15,ewma,3790.3989870565742,3764.795424466418,3.2237424698700345e-06,3.5224653305466e-06,0.07823995664561986,,0.00785317717732991,3348847073500.3027,2.724377274724403
2019-05-15,ledoit_wolf,66.74941869309382,3764.795424466418,9.442283331064801e-05,3.5224653305466e-06,0.41278680493244124,,10.81503154414181,6174635105506.631,1.9056645820734919
2019-05-15,oas,125.72334686033798,3764.795424466418,5.8541355197216286e-05,3.5224653305466e-06,0.28210727111176037,,7.899315201386704,6005812103346.654,2.1578013733626085
2019-05-15,shrink,342.70777149588315,3764.795424466418,1.9333898857070043e-05,3.5224653305466e-06,0.29976107354077036,,4.152763952331403,5937479474412.808,2.0424307437878944
2019-05-15,persistence,3088.7362920621067,3764.795424466418,3.1514391063349806e-06,3.5224653305466e-06,0.026064472077383917,,0.012388108796387357,2485991307343.851,1.9053251296676164
2019-05-22,D0_pca8,9709.87579802038,3762.5221591627856,1.6429468700773236e-07,3.372078802529621e-06,35.66921228509533,,9.130170570335348,2644942872265928.5,3.415153370477033
2019-05-22,rolling,2907.8085162739344,3762.5221591627856,3.0346158852472197e-06,3.372078802529621e-06,0.11889065642440957,,0.011118547168215602,3838404703446.789,2.6407595010914315
2019-05-22,ewma,3668.3784141639235,3762.5221591627856,3.0748899954781114e-06,3.372078802529621e-06,0.08927148464839073,,0.008511954483907963,3662340087833.13,2.580516291978001
2019-05-22,ledoit_wolf,56.29920909979926,3762.5221591627856,0.00010248605057398748,3.372078802529621e-06,0.429016237915408,,11.656741161792402,6777336314290.618,1.7968132580806961
2019-05-22,oas,111.05617920590122,3762.5221591627856,6.215243244816498e-05,3.372078802529621e-06,0.27720331750466093,,8.49174723116965,6602685805657.728,2.063185995863036
2019-05-22,shrink,333.76278227816596,3762.5221591627856,1.8925890519441153e-05,3.372078802529621e-06,0.27796945603943196,,4.194090112193632,6496275291978.959,2.0503281131004165
2019-05-22,persistence,3680.0161861426786,3762.5221591627856,3.168471428948986e-06,3.372078802529621e-06,0.016935542951443346,,0.003878813092697859,2513262352119.806,1.8340465118235791
2019-05-30,D0_pca8,9513.477573129181,3510.498922858708,1.2582509008781388e-07,3.044257561308455e-06,31.49962978940068,,10.151309297544628,4284256332138028.0,3.9516256729591697
2019-05-30,rolling,2991.354955023554,3510.498922858708,3.223109788958985e-06,3.044257561308455e-06,0.04548675253894237,,0.003259222318108395,4428094806565.809,3.0647133610302166
2019-05-30,ewma,3514.9577430719078,3510.498922858708,3.1998753834417597e-06,3.044257561308455e-06,0.03381733185411273,,0.002485501202232379,4280847801826.088,2.9883662161290667
2019-05-30,ledoit_wolf,68.03191395132924,3510.498922858708,9.746241396395762e-05,3.044257561308455e-06,0.2127760206915478,,12.01460787116812,8343600324956.627,1.9644539330452797
2019-05-30,oas,118.56944907735917,3510.498922858708,6.406547835314941e-05,3.044257561308455e-06,0.13494366431506166,,9.282065848888127,8179663668087.271,2.206778177508955
2019-05-30,shrink,348.6650566208195,3510.498922858708,1.9774491955780757e-05,3.044257561308455e-06,0.13862373046437088,,5.014009994605086,8088137101258.088,2.161584647566579
2019-05-30,persistence,3929.5715684144066,3510.498922858708,3.2048874624669642e-06,3.044257561308455e-06,0.021635296844004063,,0.0026440072447544444,2641732747377.215,2.2489236426826476
2019-06-06,D0_pca8,9495.205961474523,2599.57164044169,1.3738040922219128e-07,2.507384747235579e-06,31.44439578500414,,8.434580283571194,3675479485611747.0,4.308497917164811
2019-06-06,rolling,3251.4424471774346,2599.57164044169,3.108705936775058e-06,2.507384747235579e-06,0.08597961654676187,,0.04621046214334055,6670191132880.996,3.4643789479954
2019-06-06,ewma,3866.743667761009,2599.57164044169,3.8288499601859225e-06,2.507384747235579e-06,0.09433188986062703,,0.17920327025785904,6786645095418.599,3.366932592654838
2019-06-06,ledoit_wolf,115.42572418901462,2599.57164044169,6.74121049902841e-05,2.507384747235579e-06,0.1598851674552332,,10.83452483725991,12234276661641.715,2.3504177148806136
2019-06-06,oas,140.585672509623,2599.57164044169,5.755693862769834e-05,2.507384747235579e-06,0.1441282357114457,,9.819035559884721,12142803449330.398,2.455847653731698
2019-06-06,shrink,286.26850458735527,2599.57164044169,2.518870646326238e-05,2.507384747235579e-06,0.15670204540867824,,6.431586481650785,12144447961301.137,2.2838481280072362
2019-06-06,persistence,4583.798980714972,2599.57164044169,3.812600892135783e-06,2.507384747235579e-06,0.13475405815349378,,0.17562066394819223,4213028957867.496,2.3947456864403462
2019-06-13,D0_pca8,9596.942212164575,2240.346105516077,1.745395475609811e-07,2.5231693734986763e-06,29.303117567978756,,7.1348521144044525,2227404943998969.8,3.255281658928238
2019-06-13,rolling,3151.091971802664,2240.346105516077,3.047813877725492e-06,2.5231693734986763e-06,0.11893447846085807,,0.03568649875146697,6558870354038.049,3.404940779140336
2019-06-13,ewma,3531.706681031921,2240.346105516077,3.4131506441190707e-06,2.5231693734986763e-06,0.08980247516505971,,0.09127643684301724,6461914654791.099,3.3379456392164655
2019-06-13,ledoit_wolf,103.13495676435093,2240.346105516077,7.042329289305467e-05,2.5231693734986763e-06,0.22907015494638908,,11.082293545519843,12099671651808.148,2.2358907926268135
2019-06-13,oas,128.59510357112688,2240.346105516077,5.915422804527113e-05,2.5231693734986763e-06,0.20520689380494223,,9.951702357052529,12002444849188.113,2.3536905663374057
2019-06-13,shrink,262.15052064079396,2240.346105516077,2.615394891113383e-05,2.5231693734986763e-06,0.21545997789502153,,6.571846186290872,11986857282602.176,2.2416637907476504
2019-06-13,persistence,3764.795424467482,2240.346105516077,3.5224653305456027e-06,2.5231693734986763e-06,0.10942894105485416,,0.11131912670879221,3919133561352.286,2.518227031905847
2019-06-20,D0_pca8,9473.736394321626,1904.7755609109668,1.8168516583126063e-07,2.473079671785031e-06,28.550943416100875,,6.817002738077539,2064435892008487.2,3.0638133405071004
2019-06-20,rolling,3245.565363411655,1904.7755609109668,3.081527814362797e-06,2.473079671785031e-06,0.17672435485597843,,0.04838294406985634,6817502121563.051,3.6843105244738967
2019-06-20,ewma,3531.7294445023626,1904.7755609109668,3.0641418834846735e-06,2.473079671785031e-06,0.13070841165713015,,0.045925893570347695,6668095944077.958,3.5946069707564545
2019-06-20,ledoit_wolf,114.104389537121,1904.7755609109668,6.733438100487456e-05,2.473079671785031e-06,0.28203471160674,,10.917779761408543,12583860416864.275,2.2300413322553303
2019-06-20,oas,138.79205640365444,1904.7755609109668,5.757026259651031e-05,2.473079671785031e-06,0.262061602091907,,9.90701792456571,12491782159679.777,2.339387365563348
2019-06-20,shrink,353.46892697013624,1904.7755609109668,2.0192227439059386e-05,2.473079671785031e-06,0.270623309238633,,6.5389424334995665,12490526319262.648,2.1633164343202913
2019-06-20,persistence,3762.5221591630293,1904.7755609109668,3.3720788025294018e-06,2.473079671785031e-06,0.13131932602816676,,0.096140364416253,4041850080557.509,2.5218721302841036
2019-06-27,D0_pca8,9680.1721485999,1969.3870483762175,1.572106007288955e-07,2.5017953343817316e-06,33.935345297490656,,7.657238737611401,2733340333013295.5,3.711100483618657
2019-06-27,rolling,3176.6334624407978,1969.3870483762175,3.124502050217957e-06,2.5017953343817316e-06,0.1368020859730163,,0.04940228100248169,6786049028311.779,4.371599738971001
2019-06-27,ewma,3333.261173872353,1969.3870483762175,2.8848309157802477e-06,2.5017953343817316e-06,0.11941925565270736,,0.02029417612584863,6654443869325.85,4.342443040148919
2019-06-27,ledoit_wolf,109.14782180215849,1969.3870483762175,6.95198527605528e-05,2.5017953343817316e-06,0.23853857260086717,,11.052987566420548,12311372488837.113,2.3992402030903905
2019-06-27,oas,131.50963773306725,1969.3870483762175,5.993999509586743e-05,2.5017953343817316e-06,0.21962607554008146,,10.08910396329327,12228658196670.645,2.5333408302965847
2019-06-27,shrink,336.47265556170146,1969.3870483762175,2.106375368899343e-05,2.5017953343817316e-06,0.2279184202450307,,6.779132206133797,12226326643003.94,2.284492264416274
2019-06-27,persistence,3510.498922858121,1969.3870483762175,3.044257561308962e-06,2.5017953343817316e-06,0.06789658938656806,,0.038513422760836975,3856267306952.5947,2.771329978307777
2019-07-05,D0_pca8,9179.659505262794,3049.5505396036847,8.993874949050687e-08,3.8437766944165715e-06,35.07490379145877,,14.100557768469187,8341018113949466.0,3.55609946174573
2019-07-05,rolling,3298.622021428124,3049.5505396036847,3.136196226741921e-06,3.8437766944165715e-06,0.33378020273974907,,0.041389732086233734,3255727357701.6445,3.996354031922593
2019-07-05,ewma,2958.5619129151696,3049.5505396036847,2.922257724735849e-06,3.8437766944165715e-06,0.274324400793147,,0.07513015461457787,3386060536330.896,4.249984770013031
2019-07-05,ledoit_wolf,123.48089485995048,3049.5505396036847,6.52308687032314e-05,3.8437766944165715e-06,0.5729876945824093,,8.017262913218293,5052687024292.279,2.4518953437011484
2019-07-05,oas,146.57933490135295,3049.5505396036847,5.679343177114644e-05,3.8437766944165715e-06,0.5387684699470808,,7.2520607132176,5000768821112.437,2.5547041886262702
2019-07-05,shrink,375.1464906671073,3049.5505396036847,1.968476590998847e-05,3.8437766944165715e-06,0.5756760101886715,,4.5322422348219735,5016480071803.693,2.2926539637358494
2019-07-05,persistence,2599.5716404421078,3049.5505396036847,2.5073847472351755e-06,3.8437766944165715e-06,0.20079791178883913,,0.1825126410124036,4335626959750.933,2.0030208288618683
2019-07-12,D0_pca8,9361.351407660977,3380.5494575458047,8.47026452357598e-08,4.567270361849611e-06,39.0264548598704,,15.900256668414784,9262357176574380.0,3.9525129810126605
2019-07-12,rolling,3368.042729739367,3380.5494575458047,3.0667886922695247e-06,4.567270361849611e-06,0.47389353681702284,,0.15863065348589583,2881474261949.782,3.954170908220207
2019-07-12,ewma,2482.35306134523,3380.5494575458047,2.656974537540892e-06,4.567270361849611e-06,0.3780384919544407,,0.29346867392567544,3598291155056.6816,4.266784588544135
2019-07-12,ledoit_wolf,129.19519931175026,3380.5494575458047,6.254577987410718e-05,4.567270361849611e-06,0.7518277783728219,,6.848599143931745,3504954144774.248,2.396437715762117
2019-07-12,oas,156.45617754369425,3380.5494575458047,5.353109902188621e-05,4.567270361849611e-06,0.7085413799705939,,6.058228283632209,3453622062374.853,2.5157623767888326
2019-07-12,shrink,415.1120198859611,3380.5494575458047,1.7756047729929293e-05,4.567270361849611e-06,0.7640804527672549,,3.705536018408324,3476622434225.222,2.3024083027593907
2019-07-12,persistence,2240.346105516219,3380.5494575458047,2.5231693734985102e-06,4.567270361849611e-06,0.25636466682169456,,0.3521232690964405,4844545031905.724,1.8925344577176735
2019-07-19,D0_pca8,9713.835364980618,4521.581767324407,1.901368210453845e-07,5.65406639690741e-06,38.124479044650855,,11.508250716816534,2065876756069009.2,2.9101660468718187
2019-07-19,rolling,3260.1060990977758,4521.581767324407,2.9731499932841714e-06,5.65406639690741e-06,0.5654810553758065,,0.41313122425890914,3011249414803.4043,4.026192261036835
2019-07-19,ewma,2264.435717572165,4521.581767324407,2.618254565412953e-06,5.65406639690741e-06,0.4729705667024697,,0.5926950408302151,3846193936646.999,4.0669034402278115
2019-07-19,ledoit_wolf,111.94722474800302,4521.581767324407,6.618547600578846e-05,5.65406639690741e-06,0.9089825461620322,,6.052022531465365,2244305205652.6724,2.3920289024494257
2019-07-19,oas,143.69981953521264,4521.581767324407,5.419761039311702e-05,5.65406639690741e-06,0.8410570981672038,,5.108782761804877,2193901040475.465,2.5517507782916278
2019-07-19,shrink,392.3162712345728,4521.581767324407,1.7647177595098955e-05,5.65406639690741e-06,0.8862270281751166,,2.7754300383932535,2193239018231.7852,2.349890009601803
2019-07-19,persistence,1904.775560911168,4521.581767324407,2.4730796717847707e-06,5.65406639690741e-06,0.4414112559410694,,0.683781091422335,6114367144267.172,1.9489736721321893
2019-07-26,D0_pca8,9194.191994670076,5000.80103472643,7.668029291760547e-08,6.051135519774042e-06,37.51100112256895,,19.082425883192677,1.1204520020803212e+16,3.127938983313891
2019-07-26,rolling,2766.8141193997444,5000.80103472643,2.850091023835515e-06,6.051135519774042e-06,0.6261794943074561,,0.5668506191449945,3304453289374.3555,3.8300033184999864
2019-07-26,ewma,2311.949701679758,5000.80103472643,2.571718317888619e-06,6.051135519774042e-06,0.5926070566643894,,0.7321736104799446,4055140632440.5156,3.949511563654471
2019-07-26,ledoit_wolf,81.73797348118168,5000.80103472643,7.129739496268759e-05,6.051135519774042e-06,1.036375305426092,,6.0841831232311545,1958239141374.5657,2.118309305105719
2019-07-26,oas,92.50723466519138,5000.80103472643,6.485486551966484e-05,6.051135519774042e-06,0.9934053388786236,,5.625937322111301,1938250034720.442,2.1941694844365753
2019-07-26,shrink,348.5995975210802,5000.80103472643,1.621269822042816e-05,6.051135519774042e-06,0.9802552816138765,,2.6404363362512866,1893045427100.6094,2.167498364543142
2019-07-26,persistence,1969.387048375881,5000.80103472643,2.5017953343821556e-06,6.051135519774042e-06,0.47602927343724727,,0.7801077771194043,6297986093220.3955,1.976018919956372
2019-08-02,D0_pca8,9272.800361793159,6601.342555528063,1.2558648912175265e-07,4.824778897453823e-06,29.666688985374538,,13.311681811869008,4517770262845481.0,3.428484616797426
2019-08-02,rolling,2697.0846556519095,6601.342555528063,3.3045025686236838e-06,4.824778897453823e-06,0.1993987614242818,,0.14324624806248404,2545527448610.9443,3.730332567076938
2019-08-02,ewma,3636.6098050608734,6601.342555528063,3.9399759602130944e-06,4.824778897453823e-06,0.17292913444527241,,0.0410428057532488,1941690384912.729,3.727359065990255
2019-08-02,ledoit_wolf,49.91749799729247,6601.342555528063,0.00011512616675911815,4.824778897453823e-06,0.3573734554014961,,10.063255848459809,3265282806275.742,1.869484233560005
2019-08-02,oas,89.62651647097532,6601.342555528063,7.558239343404527e-05,4.824778897453823e-06,0.2705973233274691,,7.570522565137101,3178356234223.7246,2.2590811952394674
2019-08-02,shrink,373.44405804699244,6601.342555528063,1.7202298634333044e-05,4.824778897453823e-06,0.28133638398048555,,3.891829864861441,3114513332028.7197,2.253890051435757
2019-08-02,persistence,3049.5505396018734,6601.342555528063,3.843776694418859e-06,4.824778897453823e-06,0.33449163096937157,,0.051669590170856185,1698825832801.4016,1.6960706038813627
2019-08-09,D0_pca8,8811.538013448217,6418.955993256531,6.861029048652857e-08,4.542762271197523e-06,29.209363447718623,,17.57985401980543,1.3731427121508926e+16,3.547036104223796
2019-08-09,rolling,2935.4309704084844,6418.955993256531,3.6281452073876156e-06,4.542762271197523e-06,0.14947296746719277,,0.050541175330292044,2389478841337.777,4.4799516432119155
2019-08-09,ewma,3396.3008435727584,6418.955993256531,4.680072054004698e-06,4.542762271197523e-06,0.2778155118539868,,0.0008867437378658182,1920483111507.6226,4.05741803853405
2019-08-09,ledoit_wolf,63.90609909880124,6418.955993256531,0.0001131391340853744,4.542762271197523e-06,0.21112800644225788,,10.336757850036474,3696335887246.479,2.0661583042379665
2019-08-09,oas,113.71067905367869,6418.955993256531,7.34762425210188e-05,4.542762271197523e-06,0.1658547280337065,,7.747463969519241,3599680818910.6934,2.511651090270144
2019-08-09,shrink,275.41002330823443,6418.955993256531,2.7706422149147272e-05,4.542762271197523e-06,0.19597645777938255,,4.846572651293156,3578366147161.6772,2.4205869652899668
2019-08-09,persistence,3380.5494575479374,6418.955993256531,4.5672703618467295e-06,4.542762271197523e-06,0.3794027963021205,,2.8949494638919335e-05,1266599612074.9307,2.1722673837713207
2019-08-16,D0_pca8,9642.165297078978,4567.686741009137,1.4227644930469685e-07,3.689560007645862e-06,34.66220713510792,,10.59817439581162,3462198443844969.5,4.010022116912445
2019-08-16,rolling,3362.633235786576,4567.686741009137,3.666210968403764e-06,3.689560007645862e-06,0.02437485733060951,,4.030364314466699e-05,3134287440161.093,4.553278796402734
2019-08-16,ewma,4539.858346067254,4567.686741009137,5.09279946280124e-06,3.689560007645862e-06,0.04850867180024763,,0.10389043094836267,2927273594324.5693,4.327210639835944
2019-08-16,ledoit_wolf,88.2039145712891,4567.686741009137,0.00010000884247497866,3.689560007645862e-06,0.1242826245307413,,10.888357546132706,5634686130198.332,2.4296862817294658
2019-08-16,oas,163.03734574487004,4567.686741009137,6.176125570980517e-05,3.689560007645862e-06,0.06958569649932259,,7.9398208464380335,5480551941303.287,2.906761605689986
2019-08-16,shrink,252.71313168886053,4567.686741009137,3.481536301643247e-05,3.689560007645862e-06,0.09193453594076822,,6.08973349862371,5525199988560.427,2.6252968295564663
2019-08-16,persistence,4521.581767322681,4567.686741009137,5.65406639690958e-06,3.689560007645862e-06,0.1757530449310187,,0.18221603036644046,1937127554640.2485,2.493892448172665
2019-08-23,D0_pca8,9174.54280082551,3606.1341913947363,7.729216472306923e-08,3.2379641502294984e-06,32.38602540540159,,13.950933501628928,1.0812383161609138e+16,3.8237268376473494
2019-08-23,rolling,3554.59002442534,3606.1341913947363,3.7712634685894937e-06,3.2379641502294984e-06,0.03654300809794701,,0.023245654159751192,3981614949938.794,4.609635174773999
2019-08-23,ewma,4506.387500642993,3606.1341913947363,4.616449485135383e-06,3.2379641502294984e-06,0.057207371465040756,,0.1257986288515271,3904660887324.3413,4.238407009709603
2019-08-23,ledoit_wolf,107.64545013833039,3606.1341913947363,9.240443903265949e-05,3.2379641502294984e-06,0.09370572115654321,,11.23074209294056,7343205246862.979,2.499992219876251
2019-08-23,oas,188.23912347842762,3606.1341913947363,5.897763832426238e-05,3.2379641502294984e-06,0.060989213723363654,,8.422841952286074,7170607912588.528,2.9365106252734496
2019-08-23,shrink,279.11130381427915,3606.1341913947363,3.423656322813553e-05,3.2379641502294984e-06,0.07039012309143548,,6.872464852501823,7247270178394.14,2.540819902034506
2019-08-23,persistence,5000.801034725242,3606.1341913947363,6.051135519775482e-06,3.2379641502294984e-06,0.25440960529288403,,0.3910013611821905,2997235183861.3877,2.4439557480614185
2019-08-30,D0_pca8,9396.131245606583,3571.992658159685,9.735845313660955e-08,3.2504520506302365e-06,33.446037794130326,,12.307045095311897,7069968410359305.0,3.560238206136981
2019-08-30,rolling,3979.7948324316494,3571.992658159685,4.009825668104478e-06,3.2504520506302365e-06,0.043057194711481464,,0.0440805261842631,3924856896378.0293,4.28142704345737
2019-08-30,ewma,5197.6728695981765,3571.992658159685,4.558134776368323e-06,3.2504520506302365e-06,0.07534857286457039,,0.11432468276949544,3862187527786.6953,4.032787811420609
2019-08-30,ledoit_wolf,164.65184111861112,3571.992658159685,7.688318774086685e-05,3.2504520506302365e-06,0.0759564327606848,,10.007687036293564,7222611277907.442,2.7614365633274107
2019-08-30,oas,254.45716747870935,3571.992658159685,5.333939555783059e-05,3.2504520506302365e-06,0.060039872852174526,,7.828137075887957,7064011580154.441,3.0791507609478757
2019-08-30,shrink,297.71112048230634,3571.992658159685,3.811962440801016e-05,3.2504520506302365e-06,0.06823662449960448,,7.341617615427857,7221263046172.287,2.5975148374748125
2019-08-30,persistence,6601.342555527703,3571.992658159685,4.82477889745409e-06,3.2504520506302365e-06,0.1688182341425563,,0.15600187741650712,2492918262960.367,2.514278137459311
2019-09-09,D0_pca8,9598.728308860014,3037.731862299075,1.2836805090389024e-07,2.9963830809820185e-06,34.20587128049125,,9.924088978518864,4175215206662250.0,3.6423751281940078
2019-09-09,rolling,4222.729745557286,3037.731862299075,4.084356030000132e-06,2.9963830809820185e-06,0.0704004309002504,,0.0959500574472182,4712423892694.3,4.063418862302741
2019-09-09,ewma,5319.657243288986,3037.731862299075,4.160131733477171e-06,2.9963830809820185e-06,0.1461740913676081,,0.10767633572312212,4568202366716.42,3.8531293215674562
2019-09-09,ledoit_wolf,198.00599631613537,3037.731862299075,7.065915770264779e-05,2.9963830809820185e-06,0.08751309776045813,,9.988516767969688,8502684090550.572,2.5729583578635977
2019-09-09,oas,298.0371167968713,3037.731862299075,4.982581612292479e-05,2.9963830809820185e-06,0.07809359561257946,,7.902435068932801,8325784562916.592,2.822963680626104
2019-09-09,shrink,314.3965940891056,3037.731862299075,3.8998061953728695e-05,2.9963830809820185e-06,0.07097728930590869,,7.74168329978365,8537920712584.412,2.4118287314084537
2019-09-09,persistence,6418.955993263228,3037.731862299075,4.542762271192785e-06,2.9963830809820185e-06,0.19085877364069076,,0.17316352905431895,2948331450579.2686,2.488720691201765
2019-09-16,D0_pca8,9803.335546744442,4035.8866964462463,2.416071742050342e-07,2.735384077603798e-06,32.97608904027217,,5.888922404606585,1196384218666340.5,3.7814062478265345
2019-09-16,rolling,4255.265930489963,4035.8866964462463,4.129306275508621e-06,2.735384077603798e-06,0.03655370450113375,,0.16961007767908293,5810989185504.402,4.062633864857774
2019-09-16,ewma,4761.553485243149,4035.8866964462463,3.888620148912752e-06,2.735384077603798e-06,0.033147039273120765,,0.12375086553267282,5582390937138.76,3.896366565140006
2019-09-16,ledoit_wolf,201.64049932816107,4035.8866964462463,7.080655353577306e-05,2.735384077603798e-06,0.017880310095242744,,10.586429328501673,10256300582273.072,2.442575672720895
2019-09-16,oas,304.561070916287,4035.8866964462463,4.9751491173021355e-05,2.735384077603798e-06,0.01846285135254914,,8.414456349820533,10059085946238.914,2.6676705376329917
2019-09-16,shrink,290.16876056616366,4035.8866964462463,4.307273066092192e-05,2.735384077603798e-06,0.008101876926149283,,8.472788498356739,10306025233087.205,2.252749495458251
2019-09-16,persistence,4567.68674100813,4035.8866964462463,3.6895600076466754e-06,2.735384077603798e-06,0.05785719924560103,,0.08954174124380568,3300489606585.4844,2.274923689816014
2019-09-23,D0_pca8,9730.876304975562,4611.6146279849245,2.1016326874648206e-07,2.5523679471728817e-06,29.755823545720762,,6.23444842976519,1580660481194495.5,3.3620740353408447
2019-09-23,rolling,4126.584795555086,4611.6146279849245,4.367275183097194e-06,2.5523679471728817e-06,0.14144380256450179,,0.28849530430996767,6995329778583.146,4.516861909501454
2019-09-23,ewma,3875.9878116534205,4611.6146279849245,3.979061905949101e-06,2.5523679471728817e-06,0.1690275141435069,,0.19715768022584082,6632672664005.38,4.246418348071297
2019-09-23,ledoit_wolf,199.6592587570532,4611.6146279849245,7.361220054006456e-05,2.5523679471728817e-06,0.06007089046377536,,11.301624386144294,11845376462797.922,2.4882706682804656
2019-09-23,oas,283.333444820851,4611.6146279849245,5.4578094000312517e-05,2.5523679471728817e-06,0.07552244011678043,,9.379584207705419,11675850471812.299,2.7046415735321885
2019-09-23,shrink,367.20028158263557,4611.6146279849245,3.495328589864058e-05,2.5523679471728817e-06,0.055085162774651496,,8.682913504902945,11880642954271.16,2.2979086282227934
2019-09-23,persistence,3606.1341913944893,4611.6146279849245,3.2379641502297174e-06,2.5523679471728817e-06,0.15559639208284387,,0.05660743274928174,3819568546392.0703,1.8159766217126447
2019-09-30,D0_pca8,9375.806172216115,3391.1124329269387,9.792715966443816e-08,3.1700352825827142e-06,33.216670794022676,,12.091366088608522,7102991666806778.0,4.209945280088
2019-09-30,rolling,4204.343450928422,3391.1124329269387,4.304437518888714e-06,3.1700352825827142e-06,0.04459421121574224,,0.09357705568329612,4214697167801.832,4.245917606734702
2019-09-30,ewma,3635.100309902376,3391.1124329269387,3.4643177377139208e-06,3.1700352825827142e-06,0.03916446603470038,,0.007880639738312475,4043903443031.447,4.056623911737983
2019-09-30,ledoit_wolf,210.90019819030346,3391.1124329269387,7.039396036871065e-05,3.1700352825827142e-06,0.07092697632607269,,9.612259723061305,7570954792147.3125,2.452893845933673
2019-09-30,oas,298.95148590984513,3391.1124329269387,5.21635071987094e-05,3.1700352825827142e-06,0.06134095091571908,,7.8435851956468365,7431091364115.596,2.6512460867920544
2019-09-30,shrink,385.1562082989934,3391.1124329269387,3.345508222017007e-05,3.1700352825827142e-06,0.05552954531018985,,7.330697896242059,7618091731708.107,2.3549169352736787
2019-09-30,persistence,3571.9926581595314,3391.1124329269387,3.25045205063038e-06,3.1700352825827142e-06,0.010614658312987926,,0.0006275703065020868,2602954433446.694,1.515457000962502
2019-10-07,D0_pca8,9870.223426627123,2700.864554402072,4.185289369811545e-07,3.5991719366747655e-06,37.404940878246165,,4.629859955798923,399182780469129.0,2.9823863546470175
2019-10-07,rolling,4323.266854052145,2700.864554402072,4.369021731869797e-06,3.5991719366747655e-06,0.16744176988001194,,0.03757211332726063,3178177627373.308,3.7384793407488894
2019-10-07,ewma,3881.3644597157277,2700.864554402072,3.4175659660986002e-06,3.5991719366747655e-06,0.21836214568747908,,0.0026806707941724106,3210267325451.056,3.7440554923930653
2019-10-07,ledoit_wolf,240.47070851405482,2700.864554402072,6.547712659088584e-05,3.5991719366747655e-06,0.2402480303685654,,8.415782464456054,5793873023477.025,2.7241317016097866
2019-10-07,oas,321.5299746389914,2700.864554402072,5.088653070430949e-05,3.5991719366747655e-06,0.22351706343363253,,7.0166405157915035,5686213467855.311,2.8764530187454587
2019-10-07,shrink,649.3733977178922,2700.864554402072,2.0698168057135873e-05,3.5991719366747655e-06,0.211918904898919,,6.300485408698008,5853127408583.781,2.4650754614799837
2019-10-07,persistence,3037.7318622987227,2700.864554402072,2.996383080982366e-06,3.5991719366747655e-06,0.10910948825384743,,0.033598092243625574,2683494667479.69,1.933565347094736
2019-10-14,D0_pca8,9820.749177181646,2026.4860476949107,3.331970435706827e-07,4.0035827417827195e-06,39.18856882067607,,6.1812308945055445,649897572281042.0,3.38848310413179
2019-10-14,rolling,4856.23606059035,2026.4860476949107,3.96427410545197e-06,4.0035827417827195e-06,0.6068208530118574,,9.735532929437544e-05,2665570737905.729,3.7056397581354656
2019-10-14,ewma,4498.883546221993,2026.4860476949107,3.2035356125580943e-06,4.0035827417827195e-06,0.6563793942959052,,0.049699793296411686,2964742669990.541,3.6387099880484195
2019-10-14,ledoit_wolf,375.80396709558386,2026.4860476949107,4.4562728177993006e-05,4.0035827417827195e-06,0.7224080836270231,,5.806692382847783,4484496255100.855,2.935591306138759
2019-10-14,oas,432.78788461530803,2026.4860476949107,3.927626791386316e-05,4.0035827417827195e-06,0.7105354641997457,,5.214055289495683,4422087882209.22,2.999754101913719
2019-10-14,shrink,622.129548823958,2026.4860476949107,2.196997589808348e-05,4.0035827417827195e-06,0.7163665317888274,,5.502880641096246,4676203348722.168,2.4078381647917144
2019-10-14,persistence,4035.8866964464114,2026.4860476949107,2.7353840776036887e-06,4.0035827417827195e-06,0.44554829571463594,,0.14509827382697543,3542808167679.958,2.170807000882617
2019-10-21,D0_pca8,9645.140236959194,1999.3502355932471,1.7146106608787568e-07,4.216553943494247e-06,39.80497768359514,,10.255440416877772,2487201349950792.5,3.7655283485113062
2019-10-21,rolling,4769.739280380342,1999.3502355932471,3.4611934921219877e-06,4.216553943494247e-06,0.926210886164726,,0.03896860457127799,2688238226442.696,3.867929216248088
2019-10-21,ewma,3998.733193349406,1999.3502355932471,2.761757476581228e-06,4.216553943494247e-06,0.795919917111271,,0.17905662027148303,3455598742484.768,3.758536112961063
2019-10-21,ledoit_wolf,331.34649875895485,1999.3502355932471,4.279593868767697e-05,4.216553943494247e-06,1.0971147776994137,,5.370457705677861,3994887547744.1587,2.792605649323461
2019-10-21,oas,410.6028180134377,1999.3502355932471,3.5378844857448194e-05,4.216553943494247e-06,1.0711076439899174,,4.524535846101566,3900680248471.122,2.9181494621020496
2019-10-21,shrink,561.8599546478777,1999.3502355932471,2.0896021420501357e-05,4.216553943494247e-06,1.120823095886264,,5.062770391726264,4159583576209.545,2.3226000021138193
2019-10-21,persistence,4611.614627985199,1999.3502355932471,2.552367947172735e-06,4.216553943494247e-06,0.7555959986671799,,0.25200048975809203,4402852278645.725,2.08854893736955
2019-10-28,D0_pca8,9608.865509677698,2410.300508119664,1.2053137074298276e-07,3.979327314114295e-06,40.25379993274288,,12.228659057799298,4742457712895348.0,3.1512576390784246
2019-10-28,rolling,3745.1046233032225,2410.300508119664,3.2978066565372425e-06,3.979327314114295e-06,0.42985293569628186,,0.03528955308479178,2950289641157.0234,3.4900731020955646
2019-10-28,ewma,2733.050266660751,2410.300508119664,3.2452115861986205e-06,3.979327314114295e-06,0.1772188538457519,,0.041588333966330895,2843641004720.9927,3.2184289548089797
2019-10-28,ledoit_wolf,177.86248122450874,2410.300508119664,5.64758849115496e-05,3.979327314114295e-06,0.6276978982085681,,7.036821052940132,4640725711128.373,2.383967500951799
2019-10-28,oas,216.09009078566723,2410.300508119664,4.792706528513701e-05,3.979327314114295e-06,0.5970398399252341,,6.192967521283231,4572036864621.504,2.4757236819307
2019-10-28,shrink,446.37571815743365,2410.300508119664,1.9742101438683484e-05,3.979327314114295e-06,0.6401213564697004,,4.67004386417848,4657013313972.593,2.180602251967588
2019-10-28,persistence,3391.1124329259555,2410.300508119664,3.170035282583625e-06,3.979327314114295e-06,0.1490410555930995,,0.05169711977504725,2420877898951.891,1.9103890291062577
2019-11-04,D0_pca8,9287.95294051923,3997.119935836504,1.331871205338452e-07,5.014980678460091e-06,36.34063122446163,,13.165449679532543,4045925638899706.0,3.2487605747540926
2019-11-04,rolling,3555.0454963964653,3997.119935836504,3.3751104914889076e-06,5.014980678460091e-06,0.344836986894696,,0.15681711653618563,2395105724632.1772,3.3281132954159904
2019-11-04,ewma,2769.4410042567793,3997.119935836504,3.459996950862988e-06,5.014980678460091e-06,0.12331163373795681,,0.13776106041966446,2175130740183.2761,3.0337707243626624
2019-11-04,ledoit_wolf,152.53467205233287,3997.119935836504,6.285172942869507e-05,5.014980678460091e-06,0.5658273130354081,,6.392547145118714,2879918729441.7812,2.2824859116379637
2019-11-04,oas,189.4612344789775,3997.119935836504,5.2491164272978164e-05,5.014980678460091e-06,0.5271576935202796,,5.514114188096758,2826135462758.4663,2.3818283227019443
2019-11-04,shrink,437.2720479677833,3997.119935836504,1.9615698924739652e-05,5.014980678460091e-06,0.5804695703458718,,3.531721851842722,2855195553994.3486,2.142825950792517
2019-11-04,persistence,2700.8645544022024,3997.119935836504,3.59917193667459e-06,5.014980678460091e-06,0.08367307115864621,,0.11004193261261444,1944894422402.9558,1.7968245880220126
2019-11-11,D0_pca8,9686.552061730195,4610.784801404666,1.6389453829235683e-07,4.398462971202092e-06,35.554278411997544,,10.822661648316672,2652136006790926.5,3.8773181840902535
2019-11-11,rolling,2759.5900763804575,4610.784801404666,3.4864593751754973e-06,4.398462971202092e-06,0.12638479128933838,,0.0539950640811638,2512342007997.6934,2.718217200922369
2019-11-11,ewma,2450.4935812585577,4610.784801404666,4.0716478272172945e-06,4.398462971202092e-06,0.1536455247628557,,0.00596097456247717,2082881674117.6284,2.5971994538001226
2019-11-11,ledoit_wolf,70.39759901548473,4610.784801404666,9.720951181438208e-05,4.398462971202092e-06,0.3100837024312352,,9.582821038299079,3915249119799.0176,1.7855240029358859
2019-11-11,oas,97.31347036973237,4610.784801404666,7.609357375376476e-05,4.398462971202092e-06,0.2552253968388404,,8.126538650718118,3855092687832.051,1.904837337102571
2019-11-11,shrink,338.71978943299337,4610.784801404666,2.0462045063650147e-05,4.398462971202092e-06,0.2473993646479821,,3.766739377111552,3737684316756.5293,1.9985914872847883
2019-11-11,persistence,2026.486047694852,4610.784801404666,4.003582741782837e-06,4.398462971202092e-06,0.25841712299161756,,0.008848315857121574,1485379420461.0186,1.322443805959902
2019-11-18,D0_pca8,9068.702449759507,4807.001017682514,9.44141229366167e-08,4.284562505963899e-06,30.123836494433213,,14.554779701224106,7655800692528992.0,3.235600120852728
2019-11-18,rolling,2546.6913230096375,4807.001017682514,3.357416602832739e-06,4.284562505963899e-06,0.1664519957741743,,0.059461151352987796,2677587909309.573,2.776365024655234
2019-11-18,ewma,2310.047370678583,4807.001017682514,3.4216725589072697e-06,4.284562505963899e-06,0.1650150216699,,0.050575019673664845,2494448696938.275,2.6722240570255296
2019-11-18,ledoit_wolf,52.870542983417245,4807.001017682514,0.00010834606291835727,4.284562505963899e-06,0.3482179588153682,,10.434913799157773,4156652092957.9404,1.7169425834774397
2019-11-18,oas,79.09303148412447,4807.001017682514,8.091187102337587e-05,4.284562505963899e-06,0.27785161459366603,,8.633853011894413,4088037187793.4727,1.8682474413609118
2019-11-18,shrink,356.10139965549644,4807.001017682514,1.738577647490263e-05,4.284562505963899e-06,0.27036284299223545,,3.5948729219575837,3923359180577.194,1.9958296699874412
2019-11-18,persistence,1999.3502355932965,4807.001017682514,4.2165539434941394e-06,4.284562505963899e-06,0.4372849168010907,,0.0002560080235827053,1399216716134.9707,1.28854169913069
2019-11-25,D0_pca8,9177.71695777268,3845.7759937359224,8.844553956559491e-08,6.412708557452771e-06,35.29533047741274,,18.349561983013068,8651010318960903.0,3.3814803533495517
2019-11-25,rolling,2298.930011397137,3845.7759937359224,3.477359984253386e-06,6.412708557452771e-06,0.4834301761683033,,0.3745540628698915,2147410419880.6836,2.7168490108228713
2019-11-25,ewma,2063.4213250050775,3845.7759937359224,3.642834787524068e-06,6.412708557452771e-06,0.4009032990655464,,0.31981224679544973,1849766271743.5322,2.5757716646591087
2019-11-25,ledoit_wolf,40.008097150922325,3845.7759937359224,0.00012636390751859288,6.412708557452771e-06,0.8876827075209143,,8.885669526262982,1820490162156.0847,1.6193579774419489
2019-11-25,oas,62.489519536763034,3845.7759937359224,9.273631748157842e-05,6.412708557452771e-06,0.7403230645229792,,7.136796261880387,1778515929777.8528,1.7927261352738684
2019-11-25,shrink,325.4248386273924,3845.7759937359224,1.7885563855211554e-05,6.412708557452771e-06,0.6726941880011756,,2.2355607327628726,1642723245507.0278,2.0133538984286927
2019-11-25,persistence,2410.3005081184933,3845.7759937359224,3.979327314116218e-06,6.412708557452771e-06,0.3224017215766962,,0.22769011115434737,1737188612740.932,1.3486293371074405
2019-12-03,D0_pca8,9293.329331768175,7412.930153140444,1.1305747189997226e-07,6.807968111258626e-06,30.515769906580594,,16.793145009076955,5521493150110791.0,2.9587886035532303
2019-12-03,rolling,2502.673359468347,7412.930153140444,3.944040831753553e-06,6.807968111258626e-06,0.35711302361046754,,0.29799350222600585,1650499418864.9946,2.7544450126090316
2019-12-03,ewma,4392.464192115636,7412.930153140444,5.312066784379475e-06,6.807968111258626e-06,0.20666484869498425,,0.061559902686964915,951468421749.0701,2.475045747092659
2019-12-03,ledoit_wolf,34.36293160977249,7412.930153140444,0.00016567666948494637,6.807968111258626e-06,0.5009451571638396,,10.188508201644554,1635859141646.7651,1.4683834913734302
2019-12-03,oas,83.92604784332987,7412.930153140444,8.961279943412592e-05,6.807968111258626e-06,0.37840240264777625,,6.643013016522454,1564122657481.9746,1.819029659025988
2019-12-03,shrink,521.3684489857505,7412.930153140444,1.5290026773889652e-05,6.807968111258626e-06,0.3926206224537646,,2.009883221535177,1436467766508.2717,1.9806519501493403
2019-12-03,persistence,3997.1199358380986,7412.930153140444,5.014980678458094e-06,6.807968111258626e-06,0.3002254469631228,,0.09343053351812411,976441527819.6737,1.4163999899774464
2019-12-10,D0_pca8,8775.55440376307,7002.282872371566,6.87789979519991e-08,7.210371440546609e-06,32.002866039995936,,21.644480644719685,1.3683958631785988e+16,3.5067476192084666
2019-12-10,rolling,2599.3772936277333,7002.282872371566,3.943409656897118e-06,7.210371440546609e-06,0.2767885036857473,,0.3641816028167924,1658016303542.139,2.5807364525741563
2019-12-10,ewma,3974.529800214958,7002.282872371566,4.464531813781378e-06,7.210371440546609e-06,0.11910778556108767,,0.2297822036792137,1229406055282.4263,2.5326076901866585
2019-12-10,ledoit_wolf,38.66564960832142,7002.282872371566,0.00015784610451738857,7.210371440546609e-06,0.5390964690900852,,9.52401281856039,1448178858353.168,1.498259986021749
2019-12-10,oas,92.46247291977267,7002.282872371566,8.555768992518233e-05,7.210371440546609e-06,0.36591045466853556,,6.119044703595738,1378172841531.651,1.8179902196041793
2019-12-10,shrink,478.24914215656366,7002.282872371566,1.7146601476312622e-05,7.210371440546609e-06,0.3545038979242926,,1.7769837631797087,1260980354668.5378,1.9807395009509985
2019-12-10,persistence,4610.784801407025,7002.282872371566,4.398462971199842e-06,7.210371440546609e-06,0.10308030040843437,,0.24429811121123812,1431791371295.169,1.6286787817937405
2019-12-17,D0_pca8,9312.002656713834,7032.612967711663,1.2134878676215657e-07,7.1740508919440245e-06,30.530162229845576,,16.64271772984141,4852915294067744.0,3.202045198307723
2019-12-17,rolling,2587.8270010119627,7032.612967711663,3.829891599917688e-06,7.1740508919440245e-06,0.29378421564697244,,0.3939242514454055,1752820813778.0276,2.313804702274529
2019-12-17,ewma,3607.5993147131476,7032.612967711663,3.873321046043099e-06,7.1740508919440245e-06,0.17927131653668527,,0.3798972627752808,1639157318398.7456,2.2830914269631446
2019-12-17,ledoit_wolf,34.92637537835008,7032.612967711663,0.00016248837220971646,7.1740508919440245e-06,0.5826789082466294,,9.73524764327282,1465163554841.2168,1.3383097355114515
2019-12-17,oas,90.94785454428637,7032.612967711663,8.391156204240752e-05,7.1740508919440245e-06,0.380736418814903,,6.048121129715287,1389115834103.5222,1.58595758699988
2019-12-17,shrink,496.3950749684028,7032.612967711663,1.623500203252033e-05,7.1740508919440245e-06,0.35870780489790255,,1.4645168318782615,1249349304277.3306,1.6742984493873294
2019-12-17,persistence,4807.001017682569,7032.612967711663,4.284562505963855e-06,7.1740508919440245e-06,0.11554203685138047,,0.2656906933204294,1519404080997.1204,1.6975393235627092
2019-12-24,D0_pca8,8421.212348548766,5337.276603310618,7.449953882519321e-08,4.5603194570650055e-06,30.54223555121684,,16.927808593688333,1.1699492120748802e+16,3.106922338462128
2019-12-24,rolling,2437.718940254395,5337.276603310618,3.816767797239379e-06,4.5603194570650055e-06,0.12208038895467213,,0.031679976136574056,2179283424752.5195,2.0816841847402774
2019-12-24,ewma,3080.995858466266,5337.276603310618,3.5881892388338878e-06,4.5603194570650055e-06,0.07368760633781474,,0.05747763293869166,2230127121327.249,2.1096332024164237
2019-12-24,ledoit_wolf,27.232976254125333,5337.276603310618,0.0001802523930695463,4.5603194570650055e-06,0.4101619913756444,,13.520072797308213,3736665442347.312,1.2172974326396513
2019-12-24,oas,76.13158618259968,5337.276603310618,9.169357694509396e-05,4.5603194570650055e-06,0.18871933209660843,,9.006357803019831,3621259344142.896,1.4190216582179778
2019-12-24,shrink,513.5877188835885,5337.276603310618,1.5155918643236835e-05,4.5603194570650055e-06,0.1558550250530792,,2.50243723585245,3322490215323.991,1.549171025980875
2019-12-24,persistence,3845.775993736316,5337.276603310618,6.412708557452133e-06,4.5603194570650055e-06,0.2571482915572509,,0.11620530538358646,1161466466586.667,1.690049011864428
2020-01-02,D0_pca8,9585.41038045852,2958.1041620023707,1.3095009734760263e-07,2.8471561512485524e-06,33.16808757472521,,9.48179493540373,3972249354688001.0,3.7289685298183177
2020-01-02,rolling,3515.742455725458,2958.1041620023707,5.636845719930922e-06,2.8471561512485524e-06,0.2649270392859927,,0.46649420622750604,5844670329927.187,2.0996671990767037
2020-01-02,ewma,6413.694659472475,2958.1041620023707,7.579025612202587e-06,2.8471561512485524e-06,0.3925724711827944,,0.958565866639345,6429252579280.606,2.099565800633741
2020-01-02,ledoit_wolf,37.26979202984527,2958.1041620023707,0.00027193121282767784,2.8471561512485524e-06,0.013230787692565088,,20.786561217144126,9816611214543.188,1.1520614160767138
2020-01-02,oas,206.8440639837274,2958.1041620023707,8.059032849373335e-05,2.8471561512485524e-06,0.14886971697129114,,11.176034485864383,9502329701181.42,1.4834504117407752
2020-01-02,shrink,1067.554328793104,2958.1041620023707,1.603005652584979e-05,2.8471561512485524e-06,0.20349707008508564,,4.193035726541789,9090559364947.303,1.512623661598662
2020-01-02,persistence,7412.930153139443,2958.1041620023707,6.807968111259547e-06,2.8471561512485524e-06,0.34681635994753723,,0.7599878993334167,4713820114885.111,1.458693509590798
2020-01-09,D0_pca8,8767.580679006333,3658.481695606518,9.421648369001374e-08,3.46401349266456e-06,29.668212558107506,,12.99298030379632,7691448946146598.0,3.222955325217167
2020-01-09,rolling,3586.9562319841475,3658.481695606518,5.526216099493053e-06,3.46401349266456e-06,0.14178873399623285,,0.2181593715157694,3653720067222.9565,2.26744374344832
2020-01-09,ewma,5520.884031144183,3658.481695606518,6.471244110022008e-06,3.46401349266456e-06,0.1610575454760937,,0.390550452433134,3739280534205.839,2.196460701956783
2020-01-09,ledoit_wolf,39.21456225822557,3658.481695606518,0.00026222802227802685,3.46401349266456e-06,0.0357608672366487,,18.72107941434098,6601957931155.568,1.14881057429223
2020-01-09,oas,221.21252031389682,3658.481695606518,7.586023777657723e-05,3.46401349266456e-06,0.06887304130065816,,9.526263167566793,6329576222498.432,1.5571502628650917
2020-01-09,shrink,1082.6538048184577,3658.481695606518,1.580926449827764e-05,3.46401349266456e-06,0.11354069236653089,,3.1720569866269024,5971678757990.421,1.6464866735561148
2020-01-09,persistence,7002.282872373065,3658.481695606518,7.21037144054506e-06,3.46401349266456e-06,0.20873719630970955,,0.5374245132484788,2918978496382.7876,1.4805161227192365
2020-01-16,D0_pca8,8671.615868319936,3503.435502835883,6.639913725834815e-08,3.766168547581123e-06,33.93735187329455,,16.30636956456798,1.4346179454541608e+16,3.616024784369276
2020-01-16,rolling,3720.9121983889895,3503.435502835883,5.327398579713567e-06,3.766168547581123e-06,0.09184459076518262,,0.12027355929477783,2936141462947.614,2.5209328333114964
2020-01-16,ewma,5014.588177129261,3503.435502835883,5.2299521183718255e-06,3.766168547581123e-06,0.07897235402215685,,0.10780969317906638,2806487187311.0234,2.5387471401105035
2020-01-16,ledoit_wolf,39.66476204850008,3503.435502835883,0.000256048992325273,3.766168547581123e-06,0.13013614564232168,,17.80257988466277,5569650143221.153,1.1166835377976674
2020-01-16,oas,240.75419303799745,3503.435502835883,7.014260748691762e-05,3.766168547581123e-06,0.0602384092140541,,8.552536384717815,5292936720938.448,1.549598084173326
2020-01-16,shrink,1067.1437753778328,3503.435502835883,1.6039432896667714e-05,3.766168547581123e-06,0.059701046713637865,,2.630338036402798,4960416678699.375,1.6678048183203316
2020-01-16,persistence,7032.612967706047,3503.435502835883,7.174050891949751e-06,3.766168547581123e-06,0.220732948622141,,0.41526703530418924,2296943799152.03,1.3660834569148972
2020-01-24,D0_pca8,8915.251167163191,4418.7170121829795,6.475407606649014e-08,4.577339636005423e-06,36.58705458131429,,18.132789886292503,1.5088397146034458e+16,2.9235933175587707
2020-01-24,rolling,3943.6134381930106,4418.7170121829795,4.987600035249052e-06,4.577339636005423e-06,0.12463046307716188,,0.007367966084897729,1914595645996.158,2.5884863347865923
2020-01-24,ewma,4351.631043744236,4418.7170121829795,4.430203110701033e-06,4.577339636005423e-06,0.04433010213727438,,0.0010674938689094035,1870199522704.1145,2.5927379892493954
2020-01-24,ledoit_wolf,42.28677132169543,4418.7170121829795,0.00023880092465669144,4.577339636005423e-06,0.33389575624635837,,15.638165755037644,3742343955647.082,1.1501984818842337
2020-01-24,oas,281.0783008272381,4418.7170121829795,6.033099069096107e-05,4.577339636005423e-06,0.1419726454228028,,6.64983679710479,3477928500093.2217,1.665548402687595
2020-01-24,shrink,1116.0732916531053,4418.7170121829795,1.5239295559159858e-05,4.577339636005423e-06,0.07435154358224119,,1.9402601987358228,3246853539638.8716,1.6851598776977397
2020-01-24,persistence,5337.276603322739,4418.7170121829795,4.560319457054646e-06,4.577339636005423e-06,0.05833580785853586,,1.3877752763306873e-05,1314598249284.9062,1.5804331649916559
2020-01-31,D0_pca8,9342.017200125378,6420.9802218407,1.0148878259316127e-07,1.6242582561726403e-05,42.44081550245566,,25.76002580236817,6754124528034387.0,3.4461872286895425
2020-01-31,rolling,3819.4168462561674,6420.9802218407,5.1495952617547736e-06,1.6242582561726403e-05,0.6868905350070971,,1.3195532561903436,1166087101321.1338,2.7976671415543217
2020-01-31,ewma,3468.86074294836,6420.9802218407,4.0873166607399575e-06,1.6242582561726403e-05,0.8723478391373058,,1.903703114524168,2012449162840.0583,2.6597960507543785
2020-01-31,ledoit_wolf,42.31885593504235,6420.9802218407,0.00024242173752711806,1.6242582561726403e-05,1.5292033768635318,,7.306438876668101,273786523766.644,1.2201572622717172
2020-01-31,oas,261.8305897396678,6420.9802218407,6.446133863796835e-05,1.6242582561726403e-05,0.8629474579326629,,1.9000671979331094,214871663173.78992,1.7214960161369481
2020-01-31,shrink,1270.6706873653482,6420.9802218407,1.3383480765673332e-05,1.6242582561726403e-05,0.7170987676557672,,0.07867137461472765,187652487854.8216,1.7271592147522679
2020-01-31,persistence,2958.104162002783,6420.9802218407,2.8471561512481547e-06,1.6242582561726403e-05,1.348559642356751,,3.0321793317811667,7387976285917.877,1.992378219960133
2020-02-07,D0_pca8,9251.661606771268,5280.8249484737225,1.1796637395344126e-07,3.06291204207399e-05,46.57346199670966,,30.905798939085493,5260465219057242.0,3.0918369175610594
2020-02-07,rolling,3725.393170571538,5280.8249484737225,5.280856240253763e-06,3.06291204207399e-05,1.5518932034121558,,3.0900816101465245,1365357163264.7646,2.7154703076115525
2020-02-07,ewma,2570.5936407267905,5280.8249484737225,4.553018085776396e-06,3.06291204207399e-05,1.6213062596267864,,3.633448570606469,1928443690308.4705,2.51043241441002
2020-02-07,ledoit_wolf,42.96377905098765,5280.8249484737225,0.00024338490954335532,3.06291204207399e-05,2.7618647164386294,,4.296056053934121,69360908524.90686,1.3152440042649145
2020-02-07,oas,251.15742506246227,5280.8249484737225,6.708241329524692e-05,3.06291204207399e-05,1.834050680457267,,0.6146100439938109,44953372948.98929,1.834365538528336
2020-02-07,shrink,1111.612086451662,5280.8249484737225,1.5297910890139273e-05,3.06291204207399e-05,1.7221139032193296,,0.11936735797984022,45645601429.9592,1.7602521262011606
2020-02-07,persistence,3658.4816956065874,5280.8249484737225,3.464013492664497e-06,3.06291204207399e-05,2.287954480565672,,4.750320779223246,5567189700146.185,1.8471959539138347
2020-02-14,D0_pca8,9027.549147265456,6172.997125647543,7.337786367395204e-08,5.5604670905167655e-05,58.15725035028272,,43.96202607391267,1.222583902613936e+16,3.7489865642130544
2020-02-14,rolling,4187.872159670544,6172.997125647543,4.717125402274092e-06,5.5604670905167655e-05,4.255073256546316,,6.08642167298589,1990564370476.4111,2.4438096898115793
2020-02-14,ewma,2429.6667774128023,6172.997125647543,4.20605254430384e-06,5.5604670905167655e-05,3.718499152447322,,6.665393908468284,2575760121096.582,2.259468520188254
2020-02-14,ledoit_wolf,50.015317941299536,6172.997125647543,0.00021299375674924473,5.5604670905167655e-05,6.147896305503204,,1.8036372733183696,16546819929.27392,1.336008956976975
2020-02-14,oas,312.5235003234366,6172.997125647543,5.4780857271644616e-05,5.5604670905167655e-05,4.700389144122671,,0.00022279722223117072,9856789609.007668,1.7946119873464177
2020-02-14,shrink,989.5393515562208,6172.997125647543,1.7248293348521155e-05,5.5604670905167655e-05,4.568680140068962,,0.7727333005796136,20192112729.53157,1.711814744746167
2020-02-14,persistence,3503.435502835132,6172.997125647543,3.7661685475819345e-06,5.5604670905167655e-05,4.080555996507212,,7.2479880880586505,5097638797771.906,1.738514426937756
2020-02-24,D0_pca8,9087.210373850874,5415.35373922771,7.584988738674453e-08,6.8907962033116e-05,71.10969224656726,,46.40004186191701,1.1800223259281884e+16,3.3767392417117974
2020-02-24,rolling,4123.797321900215,5415.35373922771,4.787798830512439e-06,6.8907962033116e-05,7.206827503795227,,7.111292968920862,1982351177656.188,2.54538376187793
2020-02-24,ewma,2374.4922026456293,5415.35373922771,3.8528876107632094e-06,6.8907962033116e-05,6.7070560743928525,,8.317159467647175,3145820526994.8853,2.4258124848730773
2020-02-24,ledoit_wolf,48.0522939744504,5415.35373922771,0.0002191568178103199,6.8907962033116e-05,9.621873076164476,,1.3386855523602508,9773013711.110426,1.3102183293999028
2020-02-24,oas,296.5857525203811,5415.35373922771,5.744586036031536e-05,6.8907962033116e-05,7.799644190927135,,0.033098081866437916,7164526092.528521,1.769202491900592
2020-02-24,shrink,1020.3954880456093,5415.35373922771,1.6716932454165724e-05,6.8907962033116e-05,7.5763923823865955,,1.128899851000706,18272025842.904053,1.6565999966738458
2020-02-24,persistence,4418.717012184045,5415.35373922771,4.577339636004315e-06,6.8907962033116e-05,6.25748284537527,,7.353065044602923,3457506730008.0986,1.8858797424306208
2020-03-02,D0_pca8,9615.067088281361,6630.729433743212,1.2835419098429444e-07,7.768782941034594e-05,70.65577396914696,,41.03238460207042,4522699758980366.0,4.031807356116348
2020-03-02,rolling,3384.613354735839,6630.729433743212,5.862212511565101e-06,7.768782941034594e-05,5.909963894687665,,6.677941606046652,1308859321248.5088,3.6194565544320696
2020-03-02,ewma,4900.584907130158,6630.729433743212,6.429071177269198e-06,7.768782941034594e-05,5.033680844197214,,6.20940807512008,1124191687344.3054,3.591944638649547
2020-03-02,ledoit_wolf,53.377054313103045,6630.729433743212,0.00022553201826373693,7.768782941034594e-05,7.615338699067403,,1.1358518780699531,7392905657.352877,1.9918248247010115
2020-03-02,oas,225.48448315209697,6630.729433743212,7.527346328871502e-05,7.768782941034594e-05,6.462200374256957,,0.0009967248534974358,4894413749.672507,2.7873266190709782
2020-03-02,shrink,577.6696466138253,6630.729433743212,2.9613275301040305e-05,7.768782941034594e-05,6.275742150311137,,0.32031538816459604,6669036742.53234,2.574315059737787
2020-03-02,persistence,6420.9802218403565,6630.729433743212,1.6242582561727277e-05,7.768782941034594e-05,3.080926971496256,,2.4494197334952736,213051015533.42133,2.6533246891838838
2020-03-09,D0_pca8,9762.52877936505,6766.937695437803,2.5051601241257904e-07,7.181070085577795e-05,67.0814851117391,,32.01592843971369,1307120410683101.0,3.7229286628116762
2020-03-09,rolling,3862.692614433979,6766.937695437803,1.0972114585720557e-05,7.181070085577795e-05,3.5365365947394496,,3.529425046863145,328382512954.7905,4.736232240161313
2020-03-09,ewma,5456.938090465938,6766.937695437803,1.8779686999668546e-05,7.181070085577795e-05,2.453022210444506,,1.7989720988597955,102069696072.75284,4.416716505972389
2020-03-09,ledoit_wolf,15.89613050842592,6766.937695437803,0.0007761129319223809,7.181070085577795e-05,5.992627125380958,,5.6656592130032495,13156429735.356644,1.2425199084097236
2020-03-09,oas,305.4335099998374,6766.937695437803,0.00012106670607549202,7.181070085577795e-05,3.8237054200490825,,0.2728058306829648,6668672739.627732,3.1017838380765608
2020-03-09,shrink,567.5195678899446,6766.937695437803,7.022027038739955e-05,7.181070085577795e-05,3.7365486197574214,,0.041718923031074315,7126875121.699562,2.9442363519619894
2020-03-09,persistence,5280.824948467835,6766.937695437803,3.0629120420773994e-05,7.181070085577795e-05,2.0678259539802477,,0.7260442102690042,40071850717.391235,3.7486817968477757
2020-03-16,D0_pca8,9875.736407645789,5514.866269090779,7.40958697597456e-07,4.6669646943004616e-05,56.487749545445446,,17.16364577089769,154925995881018.44,2.6207410803953337
2020-03-16,rolling,5577.038372531742,5514.866269090779,2.1240252084800283e-05,4.6669646943004616e-05,1.9984026435881943,,0.6196773922364351,56543846035.784325,5.6117754143083785
2020-03-16,ewma,6398.3833068992735,5514.866269090779,4.756557401481887e-05,4.6669646943004616e-05,1.0231288517136574,,0.00036158046363871175,12936068764.796755,4.870570716567991
2020-03-16,ledoit_wolf,96.99097473606423,5514.866269090779,0.0007649400415786821,4.6669646943004616e-05,2.253011403926146,,7.821550123736479,33358291444.239517,2.3053872081316986
2020-03-16,oas,675.770060929909,5514.866269090779,0.0001589076922075894,4.6669646943004616e-05,2.07308044303514,,1.5011872575371394,24034654870.17661,3.8630842012156177
2020-03-16,shrink,627.0646921588711,5514.866269090779,0.0001344049388529049,4.6669646943004616e-05,1.5107688492372922,,1.8822163922836732,29346764707.204353,3.029062045070877
2020-03-16,persistence,6172.997125648861,5514.866269090779,5.5604670905155824e-05,4.6669646943004616e-05,0.5166611792907498,,0.030685652942591245,10039461202.773647,4.446645757537519
2020-03-23,D0_pca8,9877.262725799335,6473.717014563819,5.510394627291854e-07,3.4032255714782284e-05,54.334210210652465,,17.001238715578467,276075916649083.5,2.804433771086059
2020-03-23,rolling,5569.62425974097,6473.717014563819,3.0473037876925068e-05,3.4032255714782284e-05,0.1600614930417142,,0.012202843277073704,32512392394.740265,5.314421603982074
2020-03-23,ewma,6108.664328988726,6473.717014563819,6.229600867773617e-05,3.4032255714782284e-05,0.5313970848974697,,0.36552734122442593,30450020596.637535,4.671763575034607
2020-03-23,ledoit_wolf,165.35706421268023,6473.717014563819,0.0007558566628618896,3.4032255714782284e-05,0.17186196121190095,,9.613366636710182,64772647370.601715,2.6634047261813376
2020-03-23,oas,648.8849861728359,6473.717014563819,0.00023640319635192153,3.4032255714782284e-05,0.15975944535741107,,3.7567355672165923,56351713242.26043,3.6285572362787173
2020-03-23,shrink,498.2994656331718,6473.717014563819,0.00024155860435213234,3.4032255714782284e-05,0.0967641841237573,,4.734866976508069,62703495633.19945,2.8070594071191732
2020-03-23,persistence,5415.353739228903,6473.717014563819,6.890796203310088e-05,3.4032255714782284e-05,0.8052141882520619,,0.4976779644429544,28118538175.102398,4.7015475117485215
2020-03-30,D0_pca8,9872.314723063246,6011.48380565285,6.075325464457115e-07,2.1718782169698975e-05,48.207125443376356,,12.791533613579633,226306222488943.12,2.763877958773314
2020-03-30,rolling,5787.355683669949,6011.48380565285,3.755609232537978e-05,2.1718782169698975e-05,0.2972693990371449,,0.29992946827197225,88723764230.07268,5.473618957764855
2020-03-30,ewma,6189.270736936608,6011.48380565285,6.376850288991952e-05,2.1718782169698975e-05,1.2376484533096297,,1.1601054818136358,102488878145.26639,4.86437407189494
2020-03-30,ledoit_wolf,242.1189853378227,6011.48380565285,0.000712403512994172,2.1718782169698975e-05,0.16161898976584516,,12.183359975920482,163376089975.19547,3.038458514422588
2020-03-30,oas,700.7383507614776,6011.48380565285,0.0002811510756039945,2.1718782169698975e-05,0.22995823910939966,,6.5572597441419305,153265463129.9927,3.846496319320864
2020-03-30,shrink,457.87454216084785,6011.48380565285,0.0003362434629701958,2.1718782169698975e-05,0.21596209411760353,,8.22473113094979,162753635607.81802,2.897084761800918
2020-03-30,persistence,6630.729433743051,6011.48380565285,7.768782941034779e-05,2.1718782169698975e-05,1.306902440804096,,1.6244041677353078,103445113071.393,4.5627224905450445
2020-04-06,D0_pca8,9898.627501990857,5718.502005642812,7.655234380712051e-07,1.671622149101887e-05,45.838087783790954,,9.508427346915544,140979182988836.56,2.474934847659674
2020-04-06,rolling,5650.400149725129,5718.502005642812,3.9488562603977896e-05,1.671622149101887e-05,0.6432261464252518,,0.7389662236595047,174164695031.15137,5.478430148495354
2020-04-06,ewma,5871.308139371602,5718.502005642812,5.3438614481676194e-05,1.671622149101887e-05,1.2919823109534048,,1.3506018416874077,183533741595.19183,5.1111655643177
2020-04-06,ledoit_wolf,252.3935168312439,5718.502005642812,0.0007101828816760383,1.671622149101887e-05,0.4378253641844494,,14.05607221123143,279121932547.79004,3.1298167499794136
2020-04-06,oas,659.8804130910596,5718.502005642812,0.0003056588866450791,1.671622149101887e-05,0.5370936176177842,,8.445359549248119,267599864556.41693,3.924651660446175
2020-04-06,shrink,434.7487988617849,5718.502005642812,0.00036364178509039623,1.671622149101887e-05,0.5216186168761275,,10.267655425431716,278864482953.65326,2.9651325122873784
2020-04-06,persistence,6766.93769544621,5718.502005642812,7.181070085568855e-05,1.671622149101887e-05,1.6061720429569184,,2.1247547793723127,191063237516.74857,4.03336681844022
2020-04-14,D0_pca8,9822.786442820838,5905.034878977218,3.4509832242391817e-07,1.448085009270465e-05,45.45360734122271,,13.963301867744898,683128910050368.9,2.863758277268259
2020-04-14,rolling,5783.885284624908,5905.034878977218,4.333652842158654e-05,1.448085009270465e-05,1.0389592554468976,,1.2015859341753257,258347082389.83917,5.4883866787014846
2020-04-14,ewma,6006.1049679055195,5905.034878977218,4.801255565404329e-05,1.448085009270465e-05,1.320857002448103,,1.436726849235752,254926698549.63586,5.149091831128507
2020-04-14,ledoit_wolf,316.65583847917645,5905.034878977218,0.0006576809483223872,1.448085009270465e-05,0.8125018339999592,,14.56103764688682,373278333386.5335,3.3729991332224007
2020-04-14,oas,695.9395226848328,5905.034878977218,0.0003263116930961745,1.448085009270465e-05,0.9069171825292036,,9.703386227376452,362437545319.2868,4.037390924680659
2020-04-14,shrink,471.4004403933555,5905.034878977218,0.0003766109487630968,1.448085009270465e-05,0.9134345100500012,,11.504539688191198,374564811710.0338,3.0647647599963324
2020-04-14,persistence,5514.866269089949,5905.034878977218,4.666964694301161e-05,1.448085009270465e-05,1.6203572158621722,,1.3695245096716853,221230898232.80167,3.0628368528433465
2020-04-21,D0_pca8,9850.410216080652,5867.118742827278,7.086115013758484e-07,1.3584895220627276e-05,39.11775627945478,,8.72260137716031,159521851581467.66,2.5076657244834153
2020-04-21,rolling,5810.467076633431,5867.118742827278,4.444406258106364e-05,1.3584895220627276e-05,1.1694171694013666,,1.4048716026484647,303434571618.63995,5.898805943814549
2020-04-21,ewma,6006.3346775774435,5867.118742827278,4.0251046619158395e-05,1.3584895220627276e-05,0.9640122001443376,,1.1797814045391246,280390440526.0129,5.652917329327711
2020-04-21,ledoit_wolf,342.68963742014125,5867.118742827278,0.000633015155081613,1.3584895220627276e-05,0.9374432410789526,,14.757397007086064,424593998846.79926,3.494157918136253
2020-04-21,oas,703.4572718475424,5867.118742827278,0.0003327485644469004,1.3584895220627276e-05,1.0282855700760856,,10.229945141311998,413907368054.4457,4.16097399758548
2020-04-21,shrink,493.8442916921505,5867.118742827278,0.00037038302691867026,1.3584895220627276e-05,1.0331879937904778,,11.95916405773724,426572507715.6226,3.1564995225027697
2020-04-21,persistence,6473.717014564259,5867.118742827278,3.403225571478001e-05,1.3584895220627276e-05,0.6449127551128996,,0.8433670864919744,213089898422.75113,2.9119094566963106
2020-04-28,D0_pca8,9892.361507353504,6144.348047652159,7.337577746436587e-07,1.3896325892493178e-05,42.104643833111666,,8.650654511506986,151797652327800.62,2.664601623074609
2020-04-28,rolling,5802.975944936874,6144.348047652159,4.54949397685128e-05,1.3896325892493178e-05,1.2924195815728141,,1.4065404364399243,290575482481.2471,5.876252199362713
2020-04-28,ewma,5819.583411126449,6144.348047652159,3.289836459990923e-05,1.3896325892493178e-05,0.6704331377772412,,0.7426965267890153,247556589330.58096,5.560194485393342
2020-04-28,ledoit_wolf,358.0175174315986,6144.348047652159,0.0006233647267222779,1.3896325892493178e-05,1.0585482312814265,,14.466667266643721,405359580781.1583,3.5305596360972955
2020-04-28,oas,701.0190325256672,6144.348047652159,0.00034130503263916787,1.3896325892493178e-05,1.1454173484267016,,10.247374455898385,395713399449.8453,4.132079230581596
2020-04-28,shrink,500.46252002054507,6144.348047652159,0.0003736590046686749,1.3896325892493178e-05,1.1564437062153345,,11.840075973583627,407606879536.5764,3.1267851150352906
2020-04-28,persistence,6011.483805647172,6144.348047652159,2.1718782169719507e-05,1.3896325892493178e-05,0.2578322098500028,,0.19940950779293243,140756668744.22382,2.811319658333544
2020-05-05,D0_pca8,9881.854270084716,6067.030372293609,5.32773271682355e-07,1.222091687598048e-05,42.721389510414056,,9.814476649954264,285734806184983.25,2.6207291839581126
2020-05-05,rolling,5819.04234634127,6067.030372293609,4.7017141394544965e-05,1.222091687598048e-05,1.5979652608454984,,1.8153876021096536,397551794622.9377,6.0737061086810975
2020-05-05,ewma,5824.437995041902,6067.030372293609,2.8996872431246043e-05,1.222091687598048e-05,0.6023424102667703,,0.7465633035486656,329120412456.9128,5.506019104527828
2020-05-05,ledoit_wolf,389.30506077890914,6067.030372293609,0.0006005049740966502,1.222091687598048e-05,1.35350613010149,,15.168079454863,525938572795.2346,3.5659395111148866
2020-05-05,oas,704.9017258691943,6067.030372293609,0.00035182463129018206,1.222091687598048e-05,1.435084401536407,,11.289491030141992,516276755396.3194,4.081569981418274
2020-05-05,shrink,506.0127816066758,6067.030372293609,0.0003830760703330269,1.222091687598048e-05,1.4818077379563863,,12.961943678424353,529303445691.9174,3.131718701203263
2020-05-05,persistence,5718.502005644552,6067.030372293609,1.6716221491013783e-05,1.222091687598048e-05,0.16932555389142043,,0.09811340316131938,164015080823.17273,2.4755541647982606
2020-05-12,D0_pca8,9835.994604480424,6439.695931323172,4.467203286592315e-07,1.4378191355548284e-05,42.57011330933433,,12.051540978035025,403349951373644.94,2.4127043731373257
2020-05-12,rolling,5813.01407490553,6439.695931323172,4.684966919472545e-05,1.4378191355548284e-05,1.4274688679603131,,1.3953074552642217,272816535319.5075,5.593064715818882
2020-05-12,ewma,5715.323127418,6439.695931323172,2.3532524049732724e-05,1.4378191355548284e-05,0.2536192707984724,,0.24272458612333692,206435075038.411,5.7502237391639355
2020-05-12,ledoit_wolf,375.62315502601615,6439.695931323172,0.0006167277021445743,1.4378191355548284e-05,1.1980081344847595,,14.127938177904042,378255747732.3663,3.5227570935373564
2020-05-12,oas,702.9380519138571,6439.695931323172,0.0003511408327066655,1.4378191355548284e-05,1.2770718624155069,,10.211058811978775,369780472776.47064,4.061777765584087
2020-05-12,shrink,521.276020347816,6439.695931323172,0.0003702561382495366,1.4378191355548284e-05,1.3542987097893175,,11.62044611230812,380508840685.2364,3.1056905638805676
2020-05-12,persistence,5905.03487897539,6439.695931323172,1.4480850092709144e-05,1.4378191355548284e-05,0.025547267430466498,,5.06164434171064e-05,124514697817.15344,2.048827327225538
2020-05-19,D0_pca8,9883.0608128198,6845.275653579786,5.209813148938663e-07,1.6227923818999952e-05,44.901694831266596,,11.82515764707836,308069544079188.25,2.6575395476590202
2020-05-19,rolling,6385.797063975221,6845.275653579786,4.309548169001042e-05,1.6227923818999952e-05,0.9117515766676834,,0.9539129428590085,198598993157.98203,5.592327456875176
2020-05-19,ewma,6116.854479738806,6845.275653579786,2.111977086741194e-05,1.6227923818999952e-05,0.09193196531000009,,0.06941967872533061,151700546395.16934,5.917961129129172
2020-05-19,ledoit_wolf,489.316316993936,6845.275653579786,0.0004884235746527561,1.6227923818999952e-05,0.7661327123815667,,11.59027639621112,292802583457.1006,3.6167473983978873
2020-05-19,oas,880.3652185946214,6845.275653579786,0.0002859291120182058,1.6227923818999952e-05,0.8105751675599413,,8.231220738310208,284217184846.6454,4.152461334447656
2020-05-19,shrink,580.7233031794935,6845.275653579786,0.0003357697051915071,1.6227923818999952e-05,0.943372239642694,,10.35085110201665,297184034154.7218,3.0393849971511413
2020-05-19,persistence,5867.118742826825,6845.275653579786,1.3584895220628328e-05,1.6227923818999952e-05,0.057071477474212595,,0.03160391825247688,125952137591.0071,2.098783842824791
2020-05-27,D0_pca8,9907.232051708572,7148.929367355977,5.160770185199826e-07,1.4954204205306281e-05,45.236451489718014,,11.333254052663005,312947034326083.75,2.749776969077716
2020-05-27,rolling,6020.328969659099,7148.929367355977,3.147041999057573e-05,1.4954204205306281e-05,0.8030290376633967,,0.5536186519440509,213686417987.95404,4.917656031953864
2020-05-27,ewma,5858.994180142913,7148.929367355977,1.693217380279623e-05,1.4954204205306281e-05,0.06268995867397556,,0.015431378945852179,176027809558.292,5.267556410034431
2020-05-27,ledoit_wolf,379.9484305544994,7148.929367355977,0.00042279908658581964,1.4954204205306281e-05,0.63182882933005,,11.168326028300237,343735711280.9081,2.936685950118468
2020-05-27,oas,759.5208616657171,7148.929367355977,0.00022678332227173378,1.4954204205306281e-05,0.6943160787052675,,7.3929745606493045,330818847561.77216,3.372281095813122
2020-05-27,shrink,509.1415072355509,7148.929367355977,0.00026362017374492237,1.4954204205306281e-05,0.6769460377918841,,9.165087778418982,347584977073.51996,2.5738593103970153
2020-05-27,persistence,6144.3480476509085,7148.929367355977,1.389632589249602e-05,1.4954204205306281e-05,0.08252966289345268,,0.005382862256246332,121520974723.0091,2.3756618807987353
2020-06-03,D0_pca8,9804.7695506514,6960.548833690769,3.8446098329046264e-07,1.417462812420083e-05,39.21195678813352,,13.013075412499688,540784554240749.4,2.835772718177279
2020-06-03,rolling,5829.95962184148,6960.548833690769,2.1689087544890416e-05,1.417462812420083e-05,0.2350073622303234,,0.18092740079173325,210290979091.61786,4.859104569183866
2020-06-03,ewma,5684.881736971109,6960.548833690769,1.4272291503296046e-05,1.417462812420083e-05,0.02310293882201906,,4.7147247622718636e-05,197961625246.70236,5.475910693949795
2020-06-03,ledoit_wolf,483.30504371690944,6960.548833690769,0.0002292202008968855,1.417462812420083e-05,0.16472220983065705,,7.746366097163474,369579347428.89215,3.049451956241911
2020-06-03,oas,698.7306779205013,6960.548833690769,0.00016390550175814789,1.417462812420083e-05,0.17895855330407223,,5.991902913224817,358681971140.7774,3.3279654650601067
2020-06-03,shrink,704.527909712226,6960.548833690769,0.0001272702458091944,1.417462812420083e-05,0.18733373385220706,,6.787556334739246,380038242907.19714,2.4062165842183734
2020-06-03,persistence,6067.030372296341,6960.548833690769,1.2220916875974976e-05,1.417462812420083e-05,0.029242404962982627,,0.02199426080886977,153367799469.31433,2.3939209485614508
2020-06-10,D0_pca8,9778.574855216513,6679.182594700047,2.384050776793152e-07,1.0535786446803003e-05,40.66202580761553,,14.35316899719761,1375498766092714.5,3.115723571705088
2020-06-10,rolling,5653.932477754569,6679.182594700047,1.6935491674073596e-05,1.0535786446803003e-05,0.23002497360715285,,0.22527723239262448,386879810952.69403,5.098019389827798
2020-06-10,ewma,6195.298839244385,6679.182594700047,1.5059071659743798e-05,1.0535786446803003e-05,0.09824084026256805,,0.12759387880089815,362242775886.2979,4.813677274744246
2020-06-10,ledoit_wolf,677.0608297748968,6679.182594700047,0.00012808764983941045,1.0535786446803003e-05,0.177568049891143,,6.23968931346276,653616489698.9341,3.4207107955449745
2020-06-10,oas,648.3813746367022,6679.182594700047,0.00013330625230265896,1.0535786446803003e-05,0.1761342581885234,,6.440790975636197,656134368338.322,3.3840003655067306
2020-06-10,shrink,741.9321625541495,6679.182594700047,9.17395904595484e-05,1.0535786446803003e-05,0.1815833337391594,,6.379138653986324,686468725240.3188,2.4880556316240354
2020-06-10,persistence,6439.695931319945,6679.182594700047,1.4378191355555488e-05,1.0535786446803003e-05,0.12733261730427317,,0.09668048013111087,214696527589.71268,2.061256424238981
2020-06-17,D0_pca8,9904.354495486541,5108.160618200518,7.401974583211036e-07,7.619874741732715e-06,38.62422938610736,,5.436344591509142,136734143858275.5,2.916973181203566
2020-06-17,rolling,6199.768232002244,5108.160618200518,1.6752822810673316e-05,7.619874741732715e-06,0.1825736269613844,,0.6206395022372537,844448150119.482,4.321550024347306
2020-06-17,ewma,6811.319069249365,5108.160618200518,1.672708457272619e-05,7.619874741732715e-06,0.15379745192850064,,0.618219307478278,828599923090.5266,3.896144527935549
2020-06-17,ledoit_wolf,790.4011102888159,5108.160618200518,0.00011955184085166035,7.619874741732715e-06,0.14481405660143146,,7.578954147219179,1280651898996.5427,3.2976548916729547
2020-06-17,oas,813.6536746273665,5108.160618200518,0.0001163735622245429,7.619874741732715e-06,0.14550489863740473,,7.4313231233905395,1277991373406.1895,3.3140617005533937
2020-06-17,shrink,864.5280593801422,5108.160618200518,8.530302529771708e-05,7.619874741732715e-06,0.13912190228828303,,7.451311773286376,1330929538476.647,2.482418790031955
2020-06-17,persistence,6845.275653578181,5108.160618200518,1.6227923819003774e-05,7.619874741732715e-06,0.1895089207718023,,0.5714958568511994,597621261777.4402,2.61161021453447
2020-06-24,D0_pca8,9870.3705837192,4523.96638745736,3.813065512640554e-07,7.244019893031873e-06,43.398173589047815,,8.669052252575678,533306962777856.4,3.0997233949569347
2020-06-24,rolling,6097.4647183372335,4523.96638745736,1.4118069682503292e-05,7.244019893031873e-06,0.12272540194515158,,0.4452614791203966,885865227606.0848,4.747593382801139
2020-06-24,ewma,6486.95721497687,4523.96638745736,1.2988281861947416e-05,7.244019893031873e-06,0.10608352832960462,,0.34090558813488697,835406104298.3932,4.186363680355623
2020-06-24,ledoit_wolf,770.2374355773526,4523.96638745736,0.00010161583037489116,7.244019893031873e-06,0.1046753569375064,,6.975002060916479,1402660827573.9614,3.302708506076008
2020-06-24,oas,779.6016429224965,4523.96638745736,0.0001004824596080823,7.244019893031873e-06,0.10481231145801166,,6.915883630465619,1401312616354.0356,3.31279042098951
2020-06-24,shrink,871.8866042738875,4523.96638745736,7.015338855396354e-05,7.244019893031873e-06,0.071482698880825,,6.732177303421085,1461740157256.3125,2.4646080306126947
2020-06-24,persistence,7148.929367355942,4523.96638745736,1.495420420530634e-05,7.244019893031873e-06,0.15623602247942786,,0.525358408852991,645990015116.7133,2.605042143024382
2020-07-01,D0_pca8,9867.254975498949,3887.536773878692,5.183403561585165e-07,6.517869803957711e-06,38.83452265140207,,6.4093480462243395,279090949799018.28,2.8741279506032082
2020-07-01,rolling,6064.076502434859,3887.536773878692,1.3463578713603255e-05,6.517869803957711e-06,0.1788091552354913,,0.5262638929818685,1125196650120.485,4.530260466074481
2020-07-01,ewma,6362.404289917933,3887.536773878692,1.2440740776095753e-05,6.517869803957711e-06,0.191423854339606,,0.41787039391713304,1063872297387.3173,4.244743844588619
2020-07-01,ledoit_wolf,716.1815178054973,3887.536773878692,0.00010313087697427747,6.517869803957711e-06,0.1608048291772966,,7.625612082552564,1750700595421.7847,3.0668605938140883
2020-07-01,oas,769.298098969107,3887.536773878692,9.65224804955688e-05,6.517869803957711e-06,0.1617254126821879,,7.264255003085327,1741658468009.6028,3.125038978320328
2020-07-01,shrink,992.5207485743546,3887.536773878692,5.8453965362347024e-05,6.517869803957711e-06,0.0810679321753,,6.851751996107633,1808293263430.5337,2.30265602792293
2020-07-01,persistence,6960.548833692218,3887.536773878692,1.4174628124197898e-05,6.517869803957711e-06,0.21088950664753475,,0.6035828184744545,827480686956.8804,2.5918038204171197
2020-07-09,D0_pca8,9680.187751800584,3076.5397103538785,2.463369224717571e-07,6.241810051291763e-06,40.57178466092342,,10.44790156782804,1235485544784804.0,3.3773544648142773
2020-07-09,rolling,6208.274892245891,3076.5397103538785,1.2810719924228863e-05,6.241810051291763e-06,0.23943149314606543,,0.5169782844914318,1233539313414.8054,4.118162335387935
2020-07-09,ewma,5993.10185011315,3076.5397103538785,1.046726711487056e-05,6.241810051291763e-06,0.1908602286762686,,0.26727110480864313,1105985004866.8633,4.027354018679579
2020-07-09,ledoit_wolf,722.0144271908138,3076.5397103538785,9.953013056386827e-05,6.241810051291763e-06,0.23038810898086934,,7.668413562136232,1910819333487.372,2.996496968473605
2020-07-09,oas,813.3612006728923,3076.5397103538785,8.913295034671064e-05,6.241810051291763e-06,0.2311984505962319,,7.0695296800259415,1894319658674.766,3.0710626607816676
2020-07-09,shrink,1061.8006389316763,3076.5397103538785,5.322185453157177e-05,6.241810051291763e-06,0.14921238928209732,,6.748748025574462,1969659342200.009,2.1746105167875247
2020-07-09,persistence,6679.182594706474,3076.5397103538785,1.0535786446792861e-05,6.241810051291763e-06,0.21961823476205472,,0.27406001606598124,723119668504.7511,2.7143916169856253
2020-07-16,D0_pca8,9599.227548105308,2996.2655692668695,1.474627057580905e-07,5.805244409833299e-06,43.705964979280864,,13.490452145888236,3340672081240874.0,3.394001266086268
2020-07-16,rolling,6155.4283432758975,2996.2655692668695,1.1920467713231385e-05,5.805244409833299e-06,0.26301732524422905,,0.5176731882640574,1421403478483.4636,4.265545526586068
2020-07-16,ewma,5814.397547429765,2996.2655692668695,1.009517945703677e-05,5.805244409833299e-06,0.194971050614993,,0.3061367265817796,1291961148288.9417,4.270022117846173
2020-07-16,ledoit_wolf,655.6102782128963,2996.2655692668695,0.000100407107773586,5.805244409833299e-06,0.2542899759782402,,8.125185602628218,2221611994679.6655,3.0427390809127886
2020-07-16,oas,796.146112652539,2996.2655692668695,8.39360189635854e-05,5.805244409833299e-06,0.25563363415978685,,7.1358060336691125,2191685751455.4277,3.1833007114960146
2020-07-16,shrink,932.2204438730939,2996.2655692668695,5.5938674146020094e-05,5.805244409833299e-06,0.16880970137175483,,6.7482873645791255,2277084236107.306,2.28882753148956
2020-07-16,persistence,5108.160618200224,2996.2655692668695,7.6198747417331505e-06,5.805244409833299e-06,0.1016137418862169,,0.07398300603624682,699118482290.207,2.4312371388383482
2020-07-23,D0_pca8,9733.407945141738,2743.9478225205967,2.131427765512662e-07,5.152861386423921e-06,43.1934076827193,,10.146395357034358,1648698123973207.2,3.2266916883300016
2020-07-23,rolling,6123.102948586207,2743.9478225205967,1.158534018089446e-05,5.152861386423921e-06,0.3155530856525198,,0.6564049910650921,1871742665881.4333,4.63452877865012
2020-07-23,ewma,5429.271256461544,2743.9478225205967,8.72318871639874e-06,5.152861386423921e-06,0.19891986936661993,,0.2771312831181353,1630196199998.3433,4.755872330643165
2020-07-23,ledoit_wolf,613.9718375997637,2743.9478225205967,0.00010311347814635222,5.152861386423921e-06,0.2944681850615544,,8.977680400576414,2848575282142.325,3.1197809163689563
2020-07-23,oas,786.5418711759155,2743.9478225205967,8.209924227888603e-05,5.152861386423921e-06,0.29817818654811984,,7.663908090768871,2805179615220.1426,3.327331613146259
2020-07-23,shrink,981.1969866256616,2743.9478225205967,5.139490402348241e-05,5.152861386423921e-06,0.19438105315209733,,7.231053008142221,2904283522113.938,2.311717313039559
2020-07-23,persistence,4523.966387457595,2743.9478225205967,7.244019893031496e-06,5.152861386423921e-06,0.10861098738018471,,0.11602475075352496,907179104675.8466,2.0415650389857247
2020-07-30,D0_pca8,9801.588290869955,3566.7187199720515,3.2645549875481716e-07,4.7141101842942414e-06,37.04070502856826,,7.129001270294528,691114336226995.9,2.954230812339276
2020-07-30,rolling,5802.136247832061,3566.7187199720515,1.0571849944573797e-05,4.7141101842942414e-06,0.2020182904323565,,0.6522734974706992,2244767793760.0757,4.852539017099584
2020-07-30,ewma,4564.044249740738,3566.7187199720515,7.77450519742514e-06,4.7141101842942414e-06,0.10251171636718699,,0.2502896380922987,1941712774020.213,5.057981693820098
2020-07-30,ledoit_wolf,478.04423829592184,3566.7187199720515,0.00011234595722672084,4.7141101842942414e-06,0.15446972093432018,,10.0553845385631,3438705827569.2383,2.8335166833556764
2020-07-30,oas,687.5873899307215,3566.7187199720515,8.073028144819561e-05,4.7141101842942414e-06,0.16481473557567333,,8.068743401602877,3371531447784.902,3.1590407892280172
2020-07-30,shrink,820.4861237368482,3566.7187199720515,5.3240368929570126e-05,4.7141101842942414e-06,0.1020902275068857,,7.424186610194207,3475991535125.922,2.2551860132655674
2020-07-30,persistence,3887.5367738786467,3566.7187199720515,6.517869803957784e-06,4.7141101842942414e-06,0.09784883788364579,,0.10496781500095997,1075656132017.5232,1.8714494171111413
2020-08-06,D0_pca8,9678.254133203915,6717.072828566977,1.5995211234283263e-07,1.4226903968563575e-05,44.288313354477204,,20.142228756372727,2915120624401282.0,3.111820325783461
2020-08-06,rolling,5675.189185044566,6717.072828566977,1.0091521591239725e-05,1.4226903968563575e-05,0.14837883784383976,,0.11795045936667084,261718105129.36182,4.802607620539723
2020-08-06,ewma,4064.4431975747275,6717.072828566977,7.057187684739401e-06,1.4226903968563575e-05,0.2927027000386972,,0.49152455072400353,496198634301.2289,5.034717677970062
2020-08-06,ledoit_wolf,423.40726168993103,6717.072828566977,0.00011713392801511185,1.4226903968563575e-05,0.21251364450006632,,4.44443591811263,337304806519.5439,2.7360626210801
2020-08-06,oas,647.1456486091193,6717.072828566977,7.984921153729169e-05,1.4226903968563575e-05,0.19280003744064983,,2.9756426807406693,314937602921.34015,3.077976671500935
2020-08-06,shrink,866.2815988280557,6717.072828566977,4.7108027393793834e-05,1.4226903968563575e-05,0.2680626457401888,,2.569643548364178,345843610607.20935,2.2264064288165275
2020-08-06,persistence,3076.539710353487,6717.072828566977,6.241810051292555e-06,1.4226903968563575e-05,0.380756817858546,,0.6787527393098027,933675190153.9651,1.9557026012848922
2020-08-13,D0_pca8,9758.60900605213,6605.733717978697,1.8612191381533396e-07,1.4376387251913817e-05,45.37347936851937,,18.895845221087427,2221508175680577.8,3.323055071468831
2020-08-13,rolling,5470.962936448614,6605.733717978697,9.61478756043068e-06,1.4376387251913817e-05,0.20257802748777967,,0.16183303445399516,280100888066.31055,4.275562526405623
2020-08-13,ewma,3575.750568308534,6605.733717978697,6.8770203514393714e-06,1.4376387251913817e-05,0.32774236727816614,,0.5437610326294654,524890581638.266,4.341593610980533
2020-08-13,ledoit_wolf,351.1111888292875,6605.733717978697,0.00012734034467967983,1.4376387251913817e-05,0.2840707508333992,,4.757966005252875,333628570406.52466,2.723679530344884
2020-08-13,oas,589.4677638776742,6605.733717978697,8.014903730444452e-05,1.4376387251913817e-05,0.25429791605331215,,2.9525573788543094,307650289023.6149,3.099532169795898
2020-08-13,shrink,836.2627545446112,6605.733717978697,4.480317824951318e-05,1.4376387251913817e-05,0.3444190887905597,,2.424815356435441,336840617565.4027,2.3565041564895655
2020-08-13,persistence,2996.265569266437,6605.733717978697,5.805244409834143e-06,1.4376387251913817e-05,0.5077242329704867,,0.8223320634450901,1148212865846.6543,1.6361403080691097
2020-08-20,D0_pca8,9738.408868196362,6467.967286580151,1.9613348046888173e-07,1.4703645633164747e-05,44.30516281112672,,18.63692297748582,2037435043142784.5,3.0639047888863615
2020-08-20,rolling,4966.272755180276,6467.967286580151,7.920315334787772e-06,1.4703645633164747e-05,0.30920797838638453,,0.3827456237591052,401458483949.93823,4.221196552011559
2020-08-20,ewma,3362.841993416776,6467.967286580151,5.6862680446517925e-06,1.4703645633164747e-05,0.4778609554934361,,0.9025782896035188,833552299903.5868,4.424900082858383
2020-08-20,ledoit_wolf,230.56718901575866,6467.967286580151,0.000138049902348507,1.4703645633164747e-05,0.4637481397835348,,5.0154485088708824,320408062690.99304,2.595826062961011
2020-08-20,oas,458.6585484925342,6467.967286580151,7.598281930975683e-05,1.4703645633164747e-05,0.39401670434512365,,2.6975163002815457,287709184206.5956,3.0704474191252573
2020-08-20,shrink,716.9296877843352,6467.967286580151,3.904594321867379e-05,1.4703645633164747e-05,0.5059165885617668,,1.9836184887221069,315055264061.28204,2.376256700376885
2020-08-20,persistence,2743.947822519406,6467.967286580151,5.152861386426169e-06,1.4703645633164747e-05,0.6149824295666793,,1.0994427790178405,1615567910923.5034,1.6071564530347178
2020-08-27,D0_pca8,9567.447357553177,5984.129980011976,1.2361853359911396e-07,1.578885794568025e-05,45.40635751501823,,23.521057330535207,4754300627453719.0,3.36005941078649
2020-08-27,rolling,3873.1594319090377,5984.129980011976,6.070340835430164e-06,1.578885794568025e-05,0.6434104169597801,,0.9137250081586833,761779622349.7528,3.67605140169506
2020-08-27,ewma,3531.6158871269777,5984.129980011976,5.104238290711081e-06,1.578885794568025e-05,0.7956145912370618,,1.2751674695040272,1126816657980.5269,3.9339092697295994
2020-08-27,ledoit_wolf,209.91177454057708,5984.129980011976,9.304146675724685e-05,1.578885794568025e-05,0.861817080525501,,3.1461561501050235,255482792246.45923,2.389163126213034
2020-08-27,oas,236.35334785076228,5984.129980011976,8.40655734979948e-05,1.578885794568025e-05,0.8405382863858566,,2.796562479107835,249865283879.17206,2.457167207641621
2020-08-27,shrink,603.3169014565169,5984.129980011976,2.78624772076467e-05,1.578885794568025e-05,0.9679089909095195,,1.2186081073791226,257091088553.51083,2.201627364549581
2020-08-27,persistence,3566.718719972205,5984.129980011976,4.714110184294039e-06,1.578885794568025e-05,0.7309120949068032,,1.461062471117494,2131480559156.2705,1.691652893204242
2020-09-03,D0_pca8,9643.283185027794,3950.7156017996904,1.5664878904650575e-07,6.193663317663828e-06,40.11017956743363,,13.522310928285957,2993148929668352.0,3.5845341800871293
2020-09-03,rolling,3975.2889228911095,3950.7156017996904,9.834531282482308e-06,6.193663317663828e-06,0.09954072812472323,,0.21378879940875722,1116415945119.2495,3.5028230589640907
2020-09-03,ewma,6894.393676593975,3950.7156017996904,1.5208480981414508e-05,6.193663317663828e-06,0.24428515384658608,,0.8069903424667892,1272700773914.4329,3.33063982250244
2020-09-03,ledoit_wolf,16.824114689820416,3950.7156017996904,0.0006893664115594257,6.193663317663828e-06,0.32413400446150387,,22.20526281459961,2076864792150.2197,1.1656721281818159
2020-09-03,oas,309.6064665329013,3950.7156017996904,0.00010998168251081077,6.193663317663828e-06,0.06725956687979452,,8.275903173327782,1950871799033.0205,2.347846027453892
2020-09-03,shrink,1270.5880336890561,3950.7156017996904,3.0046781715803264e-05,6.193663317663828e-06,0.07027869471785637,,4.258616726063537,1931390330739.6897,2.200629750771983
2020-09-03,persistence,6717.072828566672,3950.7156017996904,1.4226903968564224e-05,6.193663317663828e-06,0.2316987420473692,,0.6915718701031739,956471372699.3821,2.3983486645562957
2020-09-11,D0_pca8,9659.869722563868,4660.735568710075,1.9927889400071964e-07,5.818329928095324e-06,36.35439168906292,,11.384269941108737,1882058620106213.8,3.357302437081088
2020-09-11,rolling,4084.6234996217772,4660.735568710075,9.536132708904441e-06,5.818329928095324e-06,0.13955727271140497,,0.24410980247306444,1291667680242.4277,3.7361533705517815
2020-09-11,ewma,5830.608631632505,4660.735568710075,1.3381090614600932e-05,5.818329928095324e-06,0.2698688587949133,,0.693604473737871,1416612361122.0828,3.387645626214764
2020-09-11,ledoit_wolf,13.408493024812419,4660.735568710075,0.0007167846618273325,5.818329928095324e-06,0.28600258946036167,,23.1723048449494,2356786996206.265,1.1414587942969368
2020-09-11,oas,310.1084385768197,4660.735568710075,0.00010907820077143305,5.818329928095324e-06,0.08223970004920975,,8.591063680771,2220871285087.1436,2.569675597878646
2020-09-11,shrink,1102.4048346407362,4660.735568710075,3.469057684016657e-05,5.818329928095324e-06,0.0495455772813092,,5.096773994705771,2209068542645.705,2.4687338475050993
2020-09-11,persistence,6605.733717977409,4660.735568710075,1.437638725191663e-05,5.818329928095324e-06,0.30584555343395414,,0.8182536105131604,1142079992951.9944,2.5669011236931785
2020-09-18,D0_pca8,9826.720529764241,4560.275493912133,4.298577562065746e-07,5.304386242689402e-06,34.93445106492549,,6.314328972076543,398038175429801.94,3.29809636299611
2020-09-18,rolling,4118.678309362935,4560.275493912133,9.451856079821764e-06,5.304386242689402e-06,0.19573112236830897,,0.33371069184295804,1602406900093.7908,3.695176357937137
2020-09-18,ewma,5208.387279987091,4560.275493912133,1.1028392220343787e-05,5.304386242689402e-06,0.25617670336168075,,0.5357345376581041,1646792211023.4707,3.3862801529736575
2020-09-18,ledoit_wolf,13.15760372392441,4560.275493912133,0.0007151691101661079,5.304386242689402e-06,0.24234153285380625,,24.04906666426586,2839244092144.8955,1.1193008646412286
2020-09-18,oas,315.18020886110685,4560.275493912133,0.00010735526074568223,5.304386242689402e-06,0.12486250358357683,,9.045713570387871,2686782317857.796,2.553703149020258
2020-09-18,shrink,1142.3150169373307,4560.275493912133,3.3447259573054525e-05,5.304386242689402e-06,0.08517862372364376,,5.483805844669814,2670446396463.74,2.4878352539713195
2020-09-18,persistence,6467.967286579347,4560.275493912133,1.4703645633166561e-05,5.304386242689402e-06,0.4198927942561256,,1.0395051904783783,1495109068988.3245,2.6232679871197435
2020-09-25,D0_pca8,9655.132699438262,4093.1174875985066,1.5883102373575021e-07,4.290707387886198e-06,36.10951567483151,,10.865988817016062,2849531743946400.0,3.40310286521691
2020-09-25,rolling,4163.94397075267,4093.1174875985066,9.304475885485028e-06,4.290707387886198e-06,0.3314475640800655,,0.5991438432937632,2675560674592.6426,3.6094085400310134
2020-09-25,ewma,4212.724584746853,4093.1174875985066,1.0155285287218588e-05,4.290707387886198e-06,0.47600568817279176,,0.7422555511497977,2692040459543.19,3.4086811417757596
2020-09-25,ledoit_wolf,12.333123265586218,4093.1174875985066,0.0007167508035734903,4.290707387886198e-06,0.1452496965903771,,26.196753128710718,4350737793861.3223,1.083556676560877
2020-09-25,oas,320.06046578924355,4093.1174875985066,0.00010526311092380404,4.290707387886198e-06,0.2327665596200433,,10.240071673479646,4157500336134.1787,2.566466923928272
2020-09-25,shrink,1110.7066041790226,4093.1174875985066,3.4349853754971483e-05,4.290707387886198e-06,0.17703400425786456,,6.552830859162586,4138847031519.6104,2.427453232475343
2020-09-25,persistence,5984.1299800132065,4093.1174875985066,1.5788857945677008e-05,4.290707387886198e-06,0.8704850930862094,,1.6974252011563813,2706539809886.549,2.6386062653617794
2020-10-02,D0_pca8,9647.442685242058,4873.837997329756,1.4832368754188078e-07,5.4738955378118705e-06,39.07090027207202,,13.020134032735587,3318704156616865.5,3.4296236814904453
2020-10-02,rolling,4193.743056445169,4873.837997329756,9.30621078488116e-06,5.4738955378118705e-06,0.23662019414770782,,0.2816333633754757,1485918766521.8623,3.634395169570724
2020-10-02,ewma,3673.2961470603664,4873.837997329756,8.768947253658963e-06,5.4738955378118705e-06,0.2991211515705369,,0.22205409758270092,1409980393900.8735,3.564284224049461
2020-10-02,ledoit_wolf,12.46373536575558,4873.837997329756,0.0007162198463931245,5.4738955378118705e-06,0.3060624669467354,,23.755841486997934,2664854477956.9,1.0990075415146376
2020-10-02,oas,324.23612526532537,4873.837997329756,0.00010473716740817699,5.4738955378118705e-06,0.17043105189066216,,8.71113587225793,2513997176836.1763,2.6520417884991647
2020-10-02,shrink,1109.2674187724992,4873.837997329756,3.4564388266972226e-05,5.4738955378118705e-06,0.11775790407923428,,5.427675396600891,2501228705896.243,2.4445997900580645
2020-10-02,persistence,3950.7156018002265,4873.837997329756,6.1936633176629925e-06,5.4738955378118705e-06,0.10001052921178673,,0.015261186666784245,797557958678.5133,2.6883612769962695
2020-10-09,D0_pca8,9721.428355351922,3587.0377973189925,2.208288598423616e-07,7.491921658136465e-06,40.86637345181866,,12.419902470408992,1568034798813357.2,3.603472971034903
2020-10-09,rolling,4217.784121458895,3587.0377973189925,9.290212467093097e-06,7.491921658136465e-06,0.04573150086013017,,0.046283528379060676,717631239418.7616,3.7191445607662863
2020-10-09,ewma,3387.7885472787716,3587.0377973189925,7.8322144284721e-06,7.491921658136465e-06,0.062077934303221824,,0.0019731319375623766,686950679413.897,3.6632464267573166
2020-10-09,ledoit_wolf,14.44487213150198,3587.0377973189925,0.0006903674830843863,7.491921658136465e-06,0.6986848885282393,,20.461134715159716,1414180826632.3662,1.1739904183538876
2020-10-09,oas,338.580067859526,3587.0377973189925,0.00010111803567120196,7.491921658136465e-06,0.059165577172109705,,6.772813942804224,1301504934083.6807,2.759574772016689
2020-10-09,shrink,1120.9549645434743,3587.0377973189925,3.425421341150525e-05,7.491921658136465e-06,0.09784759548102914,,4.085765687508551,1295838110386.9285,2.557867501478246
2020-10-09,persistence,4660.735568711506,3587.0377973189925,5.818329928093532e-06,7.491921658136465e-06,0.14983279126776944,,0.06391391885667408,710996199234.9104,2.2416179931788585
2020-10-16,D0_pca8,9772.585008151491,5592.027818682518,2.5837688561466507e-07,1.2919695301135053e-05,44.75375489724742,,15.3044097098871,1193697729846441.8,4.124028688441308
2020-10-16,rolling,4341.365265432254,5592.027818682518,8.997230922500865e-06,1.2919695301135053e-05,0.17861500600795893,,0.13092530979275133,321688953855.3461,3.7765654904665866
2020-10-16,ewma,3163.5187673030027,5592.027818682518,6.433433460959277e-06,1.2919695301135053e-05,0.35666042796668396,,0.48614984471934697,597287034335.2651,3.725379661984933
2020-10-16,ledoit_wolf,14.460137688231335,5592.027818682518,0.000673046990222978,1.2919695301135053e-05,1.3727409333626297,,15.626700430891196,468059173737.72144,1.1623711947864632
2020-10-16,oas,364.23806806490313,5592.027818682518,9.413216364348101e-05,1.2919695301135053e-05,0.25135256404150963,,3.943984730714662,399647492794.67804,2.8378744758209424
2020-10-16,shrink,1051.508998648664,5592.027818682518,3.6354679915521296e-05,1.2919695301135053e-05,0.3150162149865504,,2.1403319403731955,400431597027.29736,2.6243669834018863
2020-10-16,persistence,4560.275493914329,5592.027818682518,5.304386242686847e-06,1.2919695301135053e-05,0.4709429886350878,,0.7924893911580165,1374549140166.3782,2.059152198917411
2020-10-23,D0_pca8,9742.566151238614,5629.435351892508,1.9367520964423445e-07,1.2856701795015974e-05,45.752537752375034,,17.601656634184955,2075693333781465.5,3.7145112107840013
2020-10-23,rolling,4397.657820896075,5629.435351892508,8.859618359920728e-06,1.2856701795015974e-05,0.20357395872738793,,0.13865308040839147,335499117042.1062,3.5896859329332234
2020-10-23,ewma,3224.688034046994,5629.435351892508,6.1851703017723435e-06,1.2856701795015974e-05,0.3041586996258671,,0.535400390223956,667724255666.7255,3.5413948386117298
2020-10-23,ledoit_wolf,15.3739054172239,5629.435351892508,0.0006543563819378832,1.2856701795015974e-05,1.3439514792259555,,15.443224587730736,472293708756.1429,1.1976822324748686
2020-10-23,oas,381.1600109657818,5629.435351892508,9.0023558627829e-05,1.2856701795015974e-05,0.27659282351039105,,3.7877182462690455,401114893835.87115,2.712965626107779
2020-10-23,shrink,863.2985078142409,5629.435351892508,4.413848762554364e-05,1.2856701795015974e-05,0.3535752687031544,,2.281795563308826,405258508941.7087,2.5058515069367484
2020-10-23,persistence,4093.1174875987595,5629.435351892508,4.290707387885928e-06,1.2856701795015974e-05,0.6817489794727274,,1.2043162779265795,2423034282208.2646,2.0936214650347336
2020-10-30,D0_pca8,9817.233247499349,5619.135357970131,3.376980043787398e-07,1.2361149909934414e-05,43.90221732564981,,12.961143840430347,697117056752891.9,3.18933699481532
2020-10-30,rolling,4220.630813431133,5619.135357970131,9.328061212774356e-06,1.2361149909934414e-05,0.30141539236606424,,0.07925985279770584,319190220964.3895,4.088621054017605
2020-10-30,ewma,4172.124139665532,5619.135357970131,6.740911695599315e-06,1.2361149909934414e-05,0.27438788039496,,0.3676763701546061,540129274386.66345,3.9467184952474894
2020-10-30,ledoit_wolf,19.685486069148535,5619.135357970131,0.0006336257180924209,1.2361149909934414e-05,1.1326489237042725,,15.499180572960224,511356916633.6469,1.3614459574180011
2020-10-30,oas,360.78959027137,5619.135357970131,9.597820397454814e-05,1.2361149909934414e-05,0.3701595424671349,,4.2007067315882844,442691800672.6568,2.9480493662111233
2020-10-30,shrink,761.0227977989666,5619.135357970131,5.024455559175568e-05,1.2361149909934414e-05,0.4387785052823875,,2.8384814088671844,451273606095.8917,2.6516804007907666
2020-10-30,persistence,4873.837997329033,5619.135357970131,5.473895537812683e-06,1.2361149909934414e-05,0.4619289153002978,,0.6635207881200553,1213523760404.651,2.862592110241348
2020-11-06,D0_pca8,9520.806305462576,6556.213103769306,1.547958761974666e-07,1.02886037137596e-05,37.66613016702657,,17.6121099451629,3118633148072764.0,4.065506718027021
2020-11-06,rolling,3943.001789232161,6556.213103769306,1.00906998494421e-05,1.02886037137596e-05,0.23801101737310665,,0.0003772394325754839,378800506943.6156,4.0651285292578025
2020-11-06,ewma,3469.3347290847755,6556.213103769306,8.229235149324004e-06,1.02886037137596e-05,0.1811636997328156,,0.049882429280194485,412721061155.97107,3.8025985530287034
2020-11-06,ledoit_wolf,19.760130625357025,6556.213103769306,0.0006700726945372909,1.02886037137596e-05,0.48201226076870995,,17.441893166385206,744015398302.7235,1.3992834223641537
2020-11-06,oas,304.4831310866098,6556.213103769306,0.00011370763011078693,1.02886037137596e-05,0.22228232781059182,,5.772455864392958,673706471764.7786,3.0368212014594236
2020-11-06,shrink,812.1054128662162,6556.213103769306,4.7248746435035525e-05,1.02886037137596e-05,0.18439911429873732,,3.6150094164113105,678417323846.8937,2.7461629438148476
2020-11-06,persistence,3587.037797318648,6556.213103769306,7.4919216581371836e-06,1.02886037137596e-05,0.17272438654050443,,0.10062312498067419,445347362852.98004,2.488966838865703
2020-11-13,D0_pca8,9622.659827682732,5126.689566844937,1.4032721260619439e-07,5.5626678179349894e-06,37.94078404597719,,13.541290287080795,3677101811208587.0,3.7284254516364452
2020-11-13,rolling,4456.037827301792,5126.689566844937,8.41934564913754e-06,5.5626678179349894e-06,0.16853906349927283,,0.1717723119189859,1382112988346.647,4.435863458206881
2020-11-13,ewma,5587.366507298808,5126.689566844937,1.1928042277054396e-05,5.5626678179349894e-06,0.3747803329217879,,0.581885517943633,1510952207488.8816,4.048940475719496
2020-11-13,ledoit_wolf,119.07784224176726,5126.689566844937,0.00022606283664858352,5.5626678179349894e-06,0.1005198374130922,,13.725061472046487,2520150012919.0063,2.4976853589897328
2020-11-13,oas,368.79663298063457,5126.689566844937,8.916188473799102e-05,5.5626678179349894e-06,0.13033243840852546,,7.697160313977332,2404970791534.682,3.2712688655239215
2020-11-13,shrink,515.4714827345451,5126.689566844937,5.182773721070872e-05,5.5626678179349894e-06,0.08729793864294318,,6.659763012919894,2472645873482.4727,2.6244792835823163
2020-11-13,persistence,5592.0278186820215,5126.689566844937,1.29196953011362e-05,5.5626678179349894e-06,0.5136091765222147,,0.7101011482939786,1211217906930.9048,2.9899911937890127
2020-11-20,D0_pca8,9633.603001196228,5061.907595202115,1.5466739090189866e-07,5.428680984150412e-06,36.99954149875417,,12.66056124818153,3079994966196757.5,3.4144582646755643
2020-11-20,rolling,4825.994636875361,5061.907595202115,8.163812950982093e-06,5.428680984150412e-06,0.0881977516419433,,0.166476305318662,1460838984353.524,4.43140973387307
2020-11-20,ewma,5556.378056440178,5061.907595202115,1.0437841645952012e-05,5.428680984150412e-06,0.21773111490308997,,0.4273780037726905,1529170538991.995,4.271660165283495
2020-11-20,ledoit_wolf,148.6248762802905,5061.907595202115,0.00019710778374344975,5.428680984150412e-06,0.04501054076442605,,12.902854337173926,2636201100780.54,2.4792768297047982
2020-11-20,oas,437.03723875921963,5061.907595202115,7.972478965461295e-05,5.428680984150412e-06,0.06086783090203637,,7.219346763768786,2508872184115.8574,3.281844001601959
2020-11-20,shrink,594.6588175855478,5061.907595202115,4.7187111072777157e-05,5.428680984150412e-06,0.03158276982282211,,6.136351808036058,2587319829079.865,2.6906746188478334
2020-11-20,persistence,5629.4353518933085,5061.907595202115,1.2856701795014141e-05,5.428680984150412e-06,0.4921250651443433,,0.7433352425959073,1289284897128.8188,3.228598067019021
2020-11-30,D0_pca8,9510.652958045443,4714.994990784454,1.2825081895968907e-07,6.740354297690341e-06,36.33510427215445,,15.696431728776602,4373127193494695.0,2.9743497859880965
2020-11-30,rolling,4963.346388133657,4714.994990784454,8.561191532325307e-06,6.740354297690341e-06,0.10793385050835988,,0.05718165357045861,903937653682.7065,4.439084493698042
2020-11-30,ewma,5477.334395431517,4714.994990784454,9.989514610469728e-06,6.740354297690341e-06,0.26114557825669393,,0.15478202337783903,884140159379.9799,4.275560961545426
2020-11-30,ledoit_wolf,179.38251015438323,4714.994990784454,0.0001826461340216436,6.740354297690341e-06,0.08462805238941178,,10.886290813085598,1687323216013.3706,2.501073324893693
2020-11-30,oas,466.92444494237253,4714.994990784454,8.078012545335477e-05,6.740354297690341e-06,0.08668537904323989,,6.168360044935428,1594414440127.1155,3.241698690440458
2020-11-30,shrink,637.7992887292833,4714.994990784454,4.745417829340394e-05,6.740354297690341e-06,0.11667829824181364,,5.527464143235889,1659166622293.107,2.5981742984471974
2020-11-30,persistence,5619.13535796944,4714.994990784454,1.2361149909935923e-05,6.740354297690341e-06,0.43836474010565485,,0.3677766600212818,687734526014.2722,2.512293651154087
2020-12-07,D0_pca8,9657.996784685281,4581.233645568742,1.4813423075926054e-07,6.9546407181213485e-06,39.176457302668545,,14.815101306809499,3381210005002571.0,3.550355078344365
2020-12-07,rolling,4828.687390160137,4581.233645568742,8.180780347377217e-06,6.9546407181213485e-06,0.10563636916644055,,0.026366730345609202,834043328063.2526,4.661224821308767
2020-12-07,ewma,5370.256249363121,4581.233645568742,8.992932457763643e-06,6.9546407181213485e-06,0.28948552450898857,,0.06606431182098355,788313422617.1572,4.538727544321859
2020-12-07,ledoit_wolf,164.85722285132078,4581.233645568742,0.00018268821629048755,6.9546407181213485e-06,0.11018445066303759,,10.682253304155255,1581535592733.7761,2.4278169988199743
2020-12-07,oas,436.22826206611336,4581.233645568742,8.016876915086187e-05,6.9546407181213485e-06,0.09666957662606611,,5.976679003817803,1489864452645.3052,3.2420700136838576
2020-12-07,shrink,606.289401078908,4581.233645568742,4.646895516926079e-05,6.9546407181213485e-06,0.14911822656051063,,5.029497567669793,1547589578248.151,2.603117713073629
2020-12-07,persistence,6556.213103771009,4581.233645568742,1.0288603713756933e-05,6.9546407181213485e-06,0.3028888024609696,,0.1533722041524947,538241829866.2706,2.1341208855133993
2020-12-14,D0_pca8,9551.482118624099,4879.072515859589,1.5518545718480916e-07,6.534609361505234e-06,37.74729677543049,,13.989400175344219,3058366925512759.5,4.087931833974937
2020-12-14,rolling,4933.4176559354455,4879.072515859589,7.976475409044337e-06,6.534609361505234e-06,0.05436859636906157,,0.03975399510090644,964333093837.9155,4.878484583441916
2020-12-14,ewma,5131.245224542829,4879.072515859589,7.248628505946725e-06,6.534609361505234e-06,0.15033346498000671,,0.010753626819910728,901228427881.6521,4.645073315413764
2020-12-14,ledoit_wolf,165.65893617495445,4879.072515859589,0.00018040403427503084,6.534609361505234e-06,0.06646267840547143,,11.009696388322999,1840751361144.9985,2.389541238199052
2020-12-14,oas,460.49529879533145,4879.072515859589,7.588332801599366e-05,6.534609361505234e-06,0.04934465986684821,,6.012717386124737,1732056632658.6763,3.255809120457068
2020-12-14,shrink,674.3033734037457,4879.072515859589,4.161288743592402e-05,6.534609361505234e-06,0.08958753310252429,,5.1004098759373075,1801409528218.035,2.4687121242418395
2020-12-14,persistence,5126.689566842808,4879.072515859589,5.562667817937294e-06,6.534609361505234e-06,0.2022011002785416,,0.02593218286202047,737347544020.9702,1.7888260768322455
2020-12-21,D0_pca8,9584.23228234467,4559.574729180989,1.9305561330696781e-07,7.033847350864312e-06,38.24425946165742,,12.927661772801539,2035867163627593.5,3.9975060329535608
2020-12-21,rolling,5010.392194710942,4559.574729180989,7.892933697887158e-06,7.033847350864312e-06,0.05386145404680433,,0.013278884642101177,819435366889.8951,4.7596303408559955
2020-12-21,ewma,4971.528440573107,4559.574729180989,6.156878039986057e-06,7.033847350864312e-06,0.19550207068073402,,0.017732644124053405,848112614128.0676,4.581760244267095
2020-12-21,ledoit_wolf,162.04030197938798,4559.574729180989,0.0001836775200843051,7.033847350864312e-06,0.14347065791227717,,10.643564622178998,1583615131318.6782,2.1979138480903058
2020-12-21,oas,476.51263266987917,4559.574729180989,7.37934775557522e-05,7.033847350864312e-06,0.0835752830784876,,5.525021306014972,1477142607096.4995,3.1214294081662732
2020-12-21,shrink,728.5068443885641,4559.574729180989,3.8711035684297215e-05,7.033847350864312e-06,0.10603813718642552,,4.6247085252899165,1542442783319.2617,2.411649617615319
2020-12-21,persistence,5061.907595202801,4559.574729180989,5.428680984149679e-06,7.033847350864312e-06,0.15621801382972972,,0.06710047738985457,779666830589.1606,1.9108908099689006
2020-12-29,D0_pca8,9867.397902249882,3562.1112717036294,3.6980455690620757e-07,5.2584265516940255e-06,41.578180484173735,,7.046954097415636,552887710175561.0,3.2447320195156006
2020-12-29,rolling,4357.2241211144465,3562.1112717036294,9.139732302911277e-06,5.2584265516940255e-06,0.11583610970883995,,0.3055869206012346,1665884294067.029,4.669812062716932
2020-12-29,ewma,4108.56101537272,3562.1112717036294,8.983726014274238e-06,5.2584265516940255e-06,0.24719149230686308,,0.2868489289030761,1599840503408.5942,4.213497110449378
2020-12-29,ledoit_wolf,128.09536169544592,3562.1112717036294,0.00022888976006053122,5.2584265516940255e-06,0.05381961482544638,,14.238611386275101,2897493375491.4697,2.0852308888486806
2020-12-29,oas,347.0000013049869,3562.1112717036294,0.00010029047337783296,5.2584265516940255e-06,0.07736353464540104,,8.692111323904903,2792989623637.166,2.848395940198809
2020-12-29,shrink,733.2039106313974,3562.1112717036294,3.8760483702321986e-05,5.2584265516940255e-06,0.03701176158745904,,6.169697287131416,2827369771999.9507,2.4298766962917155
2020-12-29,persistence,4714.994990783157,3562.1112717036294,6.740354297692195e-06,5.2584265516940255e-06,0.19428034024349214,,0.0616432567406391,845033865706.9185,1.7873768246388373
2021-01-06,D0_pca8,9657.282975915292,3159.1553428221387,1.7451177593488342e-07,6.102241076324287e-06,41.6959987067714,,12.633855916427649,2442776369448721.0,3.6056286741490435
2021-01-06,rolling,4328.476382661557,3159.1553428221387,8.95984868431455e-06,6.102241076324287e-06,0.09467833366643728,,0.14753065397636747,1153294926370.2073,4.5820251899549564
2021-01-06,ewma,3605.0823487170123,3159.1553428221387,7.594874292600215e-06,6.102241076324287e-06,0.20969378914680292,,0.04788108040628282,1069031130073.9287,4.122959827080057
2021-01-06,ledoit_wolf,120.6630454159349,3159.1553428221387,0.00023347697708498818,6.102241076324287e-06,0.09675002184053705,,13.28184976318072,2140287354888.1892,2.0794018225680624
2021-01-06,oas,343.59095470830397,3159.1553428221387,9.861081452563377e-05,6.102241076324287e-06,0.08535261837927763,,7.742443646999017,2046297087279.5408,2.9121713648000354
2021-01-06,shrink,735.0804366678011,3159.1553428221387,3.764644511955388e-05,6.102241076324287e-06,0.03660499072063916,,5.338364623670627,2076687476771.387,2.411388338507904
2021-01-06,persistence,4581.233645572293,3159.1553428221387,6.95464071811596e-06,6.102241076324287e-06,0.24307701627427516,,0.017096360768386228,613491606429.2601,2.2180711489604987
2021-01-13,D0_pca8,9730.192014940998,2982.2125975111903,2.3234932948256932e-07,6.700415689495874e-06,41.98063102853721,,11.30088383218009,1419911533661746.5,3.763996943154827
2021-01-13,rolling,4171.745363615292,2982.2125975111903,8.43748054795521e-06,6.700415689495874e-06,0.07499608207673769,,0.05313677443906757,885680307153.7832,3.5412388009633995
2021-01-13,ewma,3093.3386262060617,2982.2125975111903,6.633451216569493e-06,6.700415689495874e-06,0.20328125436555697,,0.00010088900564618536,875902397319.3578,3.490280165336343
2021-01-13,ledoit_wolf,100.61259608454517,2982.2125975111903,0.0002449076669012297,6.700415689495874e-06,0.14012540871001705,,12.95072486960737,1727730214609.859,1.8340907162742601
2021-01-13,oas,316.43031992458185,2982.2125975111903,9.696758598379214e-05,6.700415689495874e-06,0.08860786253920719,,7.140690523036118,1637782335657.836,2.4826077813939005
2021-01-13,shrink,720.2172258079784,2982.2125975111903,3.489593771141856e-05,6.700415689495874e-06,0.046049368839644826,,4.438879717181799,1656161138134.8115,2.177045657273854
2021-01-13,persistence,4879.072515857066,2982.2125975111903,6.534609361508602e-06,6.700415689495874e-06,0.2536534345902394,,0.0006278529964688051,547942606006.6373,1.959347503464909
2021-01-21,D0_pca8,9593.934489157053,2829.831462471329,1.5945085506856842e-07,6.481746715439302e-06,41.80949793135895,,13.727050450356227,2858911125678309.0,3.129691219499082
2021-01-21,rolling,4436.548981444548,2829.831462471329,7.791201850428864e-06,6.481746715439302e-06,0.13900563822976467,,0.03385786738465819,932656795621.105,3.2856760332322192
2021-01-21,ewma,2799.9406838293885,2829.831462471329,5.977374145747772e-06,6.481746715439302e-06,0.13414310128119358,,0.00656240144121277,957806199794.7368,3.201754928554782
2021-01-21,ledoit_wolf,106.0341927473191,2829.831462471329,0.00022761990761762082,6.481746715439302e-06,0.26920739389839576,,12.664253072953132,1843003496046.7793,1.708112513396806
2021-01-21,oas,368.7446570715675,2829.831462471329,8.256307762176984e-05,6.481746715439302e-06,0.17716884677760691,,6.4748487363664085,1728802580401.8286,2.2414897881007936
2021-01-21,shrink,693.2234439933316,2829.831462471329,3.560251894459133e-05,6.481746715439302e-06,0.14413920532260732,,4.376996733555685,1763252844865.2896,1.856999743804113
2021-01-21,persistence,4559.574729178571,2829.831462471329,7.033847350868024e-06,6.481746715439302e-06,0.12001554257285174,,0.006682047400291673,536343906050.54443,1.7188641629907444
2021-01-28,D0_pca8,9616.148723404438,3474.8663885451165,2.45593234191177e-07,5.985557871891359e-06,39.58830587180252,,10.19795858621256,1270510309448672.0,3.6954379574024836
2021-01-28,rolling,3108.8778402668354,3474.8663885451165,6.181102490950174e-06,5.985557871891359e-06,0.14164647624761545,,0.0010334360720711821,1104884761826.9902,3.17682629561877
2021-01-28,ewma,2815.0648265386244,3474.8663885451165,6.223352309385082e-06,5.985557871891359e-06,0.07733849610229881,,0.0015178165632998264,1046286808294.1306,2.9905024721363582
2021-01-28,ledoit_wolf,90.91556986724957,3474.8663885451165,0.00015610886546290554,5.985557871891359e-06,0.26083391050686633,,10.635450958159414,2132471807206.599,1.804992981316489
2021-01-28,oas,170.4827284608557,3474.8663885451165,9.420197517846295e-05,5.985557871891359e-06,0.20394122249659236,,7.596040061410141,2065084997339.4995,2.064419611356945
2021-01-28,shrink,425.47606631674716,3474.8663885451165,3.261952972920029e-05,5.985557871891359e-06,0.16702606086826244,,4.631964409856972,2058837970062.41,1.8851814567786296
2021-01-28,persistence,3562.1112717035494,3474.8663885451165,5.258426551694138e-06,5.985557871891359e-06,0.021120982822183443,,0.016774828370738994,832085245997.9045,1.8824761317560161
2021-02-04,D0_pca8,9303.066036188397,3338.7786106762246,8.83864207553091e-08,4.956824102132849e-06,38.507782674196214,,16.215046192738892,8744297661605951.0,3.74188912069014
2021-02-04,rolling,2857.451712987085,3338.7786106762246,6.523928986085504e-06,4.956824102132849e-06,0.12641075922688436,,0.07546641787220529,1635179754945.718,3.41827516273353
2021-02-04,ewma,2785.200185941946,3338.7786106762246,6.9784319855335285e-06,4.956824102132849e-06,0.17623840053269554,,0.11700432905239662,1588871980866.804,3.2972822569065205
2021-02-04,ledoit_wolf,71.19665008782188,3338.7786106762246,0.00018525549252739536,4.956824102132849e-06,0.13353779307795438,,13.11142723872947,3162711268894.9795,1.9222707729011468
2021-02-04,oas,140.92717633092894,3338.7786106762246,0.0001086088303836468,4.956824102132849e-06,0.11615878569778662,,9.529490522915562,3086900823854.942,2.2676516040249886
2021-02-04,shrink,392.92002897095796,3338.7786106762246,3.4299036006592074e-05,4.956824102132849e-06,0.0808520781057884,,5.997532172053319,3069276038298.5044,2.199905736824585
2021-02-04,persistence,3159.155342822637,3338.7786106762246,6.1022410763233295e-06,4.956824102132849e-06,0.07662701194866846,,0.04321859376165471,939841276163.0654,1.8709600765529129
2021-02-11,D0_pca8,9571.540673411233,2852.0493951210947,1.2558564253645558e-07,5.537689799782866e-06,41.73471555793062,,14.336347654591378,4528021871280561.0,3.9735084034792387
2021-02-11,rolling,2467.4548031732243,2852.0493951210947,6.133287971416541e-06,5.537689799782866e-06,0.033895083942273765,,0.010435348243198568,1280314585803.7686,3.7018859217230946
2021-02-11,ewma,2732.916786596022,2852.0493951210947,6.310306721936981e-06,5.537689799782866e-06,0.025534751894707032,,0.017058149785934153,1209042220701.462,3.414809419117064
2021-02-11,ledoit_wolf,49.3039954920113,2852.0493951210947,0.00020352539367219692,5.537689799782866e-06,0.1674455678353163,,12.99035276164606,2530336152747.067,1.8641836686119302
2021-02-11,oas,107.81071492229461,2852.0493951210947,0.0001129866785486823,5.537689799782866e-06,0.08288035220275053,,9.094400295222533,2460086610176.663,2.2669367129477753
2021-02-11,shrink,295.86973069066386,2852.0493951210947,3.7165848430607997e-05,5.537689799782866e-06,0.07217617856568229,,5.496136911052823,2434927660142.8086,2.2322946233870686
2021-02-11,persistence,2982.212597510963,2852.0493951210947,6.700415689496378e-06,5.537689799782866e-06,0.03180443559598313,,0.03632535857133794,786415060469.4529,2.0622114186854597
2021-02-19,D0_pca8,9546.926156553905,3088.395498392901,1.105245585653889e-07,5.780248417591546e-06,42.328951249989125,,15.6574953975198,5827306474902790.0,4.0093216993806395
2021-02-19,rolling,2254.7421150315854,3088.395498392901,5.928289963146073e-06,5.780248417591546e-06,0.0428835093222167,,0.0006395404024215017,1187672874076.2114,3.6348036305339075
2021-02-19,ewma,2460.0333365870547,3088.395498392901,5.6554575334377935e-06,5.780248417591546e-06,0.06749352800362343,,0.0004763586792950242,1132249849158.178,3.411769339820073
2021-02-19,ledoit_wolf,39.23724452990561,3088.395498392901,0.00021557876951997608,5.780248417591546e-06,0.2263758321483361,,13.09628907888703,2322674002145.484,1.7940538263093444
2021-02-19,oas,92.62751251513458,3088.395498392901,0.000114770271484437,5.780248417591546e-06,0.10667327846304406,,8.93104657757266,2252816109938.4004,2.2638238424999617
2021-02-19,shrink,237.82123446226728,3088.395498392901,4.560234924817026e-05,5.780248417591546e-06,0.08310070845319484,,5.417022515210166,2225439748675.4795,2.2553663120754788
2021-02-19,persistence,2829.831462470705,3088.395498392901,6.481746715440736e-06,5.780248417591546e-06,0.04119926041596039,,0.01312017893447654,718236565914.3501,2.0281275240925303
2021-02-26,D0_pca8,9666.926724602283,3619.2239001595776,1.4751093762358313e-07,5.465851914822035e-06,40.488256016283664,,13.049190657250833,3380216435748059.0,3.4929530571888816
2021-02-26,rolling,2430.7597132447536,3619.2239001595776,6.359376738447345e-06,5.465851914822035e-06,0.02623037806118015,,0.022925095498675302,1288115703511.1753,3.6558231532136913
2021-02-26,ewma,3171.509969609233,3619.2239001595776,6.1096941201286965e-06,5.465851914822035e-06,0.06414456450879011,,0.012400313609362909,1219213941829.4175,3.4831996476723197
2021-02-26,ledoit_wolf,48.519106619133325,3619.2239001595776,0.00021107705739797388,5.465851914822035e-06,0.08439200013429832,,13.34954630235578,2602296615049.458,1.9630790230486375
2021-02-26,oas,101.18016860660944,3619.2239001595776,0.00012179503228238568,5.465851914822035e-06,0.03365503980045291,,9.63369486010762,2538593282942.895,2.4016120721405714
2021-02-26,shrink,265.6877010023801,3619.2239001595776,4.356797468381442e-05,5.465851914822035e-06,0.03537770773550754,,5.9738771429135,2515619504526.445,2.307957588501626
2021-02-26,persistence,3474.866388545612,3619.2239001595776,5.985557871890503e-06,5.465851914822035e-06,0.0890631136787291,,0.008250004496555333,782119907920.5697,2.174720910316974
2021-03-05,D0_pca8,9563.674969271065,3621.6024436847238,1.1411322374153384e-07,5.215339934687678e-06,40.215726343039975,,14.608905778805365,5373208162040705.0,3.509263003196462
2021-03-05,rolling,2346.4620326046047,3621.6024436847238,6.529287760083933e-06,5.215339934687678e-06,0.05351786931280265,,0.05048719430457825,1424950408133.1367,3.7152309290637806
2021-03-05,ewma,2914.0688923513612,3621.6024436847238,5.881475401695782e-06,5.215339934687678e-06,0.0688682580859638,,0.014448847039205199,1345940479468.3323,3.607798845477293
2021-03-05,ledoit_wolf,46.732340456876805,3621.6024436847238,0.0002171550369865534,5.215339934687678e-06,0.05404002181667279,,13.905493930272954,2866656383821.9497,2.0069131614358318
2021-03-05,oas,93.47969128475896,3621.6024436847238,0.00012960805930398912,5.215339934687678e-06,0.027700234274589987,,10.322793968351707,2806265770587.2427,2.4451270207170275
2021-03-05,shrink,273.0737415852319,3621.6024436847238,4.194878185693148e-05,5.215339934687678e-06,0.04495330168269725,,6.19378466736774,2775466742936.8574,2.3797505363412705
2021-03-05,persistence,3338.778610676003,3621.6024436847238,4.956824102133181e-06,5.215339934687678e-06,0.09880043945849903,,0.002584606634421589,969678650397.0791,2.2951046998497704
2021-03-12,D0_pca8,9156.943024611945,3557.6044127058126,8.410702295742956e-08,4.061379207771881e-06,33.755693786398396,,15.032495186745743,9469613916951146.0,2.93624057926594
2021-03-12,rolling,2693.674128289614,3557.6044127058126,5.570232685553682e-06,4.061379207771881e-06,0.07197170605174172,,0.09980174314503405,2428008536480.158,3.951767690753217
2021-03-12,ewma,2764.1730822753784,3557.6044127058126,5.8120926319165615e-06,4.061379207771881e-06,0.08843165478531109,,0.12846345353732488,2385158292568.026,3.7997944796448353
2021-03-12,ledoit_wolf,68.13749343955817,3557.6044127058126,0.00015660135018874633,4.061379207771881e-06,0.03011650869035936,,13.338422720884477,4720726833178.952,2.3219422068286333
2021-03-12,oas,100.9619338129625,3557.6044127058126,0.00011610531050940912,4.061379207771881e-06,0.02633321310287624,,11.242439798840033,4666479033022.928,2.589830073992435
2021-03-12,shrink,267.70779658372487,3557.6044127058126,4.0154862534521246e-05,4.061379207771881e-06,0.03371655035307229,,7.666038184110498,4649747995758.865,2.354582886592255
2021-03-12,persistence,2852.0493951216686,3557.6044127058126,5.537689799781767e-06,4.061379207771881e-06,0.15386810875128848,,0.09613393077343602,1409278563160.705,2.481369233710037
2021-03-19,D0_pca8,9695.958749199764,3345.618210866223,1.7324033495863065e-07,3.3736023681779785e-06,34.56387028583728,,8.815264307771475,2390800509855265.5,3.0653616029242308
2021-03-19,rolling,2701.730448986345,3345.618210866223,5.734748821005321e-06,3.3736023681779785e-06,0.19490579446772957,,0.28149678350880325,3853347857088.3896,3.8328082627921507
2021-03-19,ewma,2895.42087037198,3345.618210866223,5.660671863137839e-06,3.3736023681779785e-06,0.18538723243696528,,0.2678697445125465,3797644780092.586,3.735615012462658
2021-03-19,ledoit_wolf,72.03535148411798,3345.618210866223,0.00015506196004650837,3.3736023681779785e-06,0.04892713049893672,,14.652384818437014,6889091027037.098,2.1973678252095374
2021-03-19,oas,101.73688796872185,3345.618210866223,0.00011901767065453427,3.3736023681779785e-06,0.07075996073282173,,12.697039625971133,6832264576219.546,2.4027744550183505
2021-03-19,shrink,286.7456374653428,3345.618210866223,3.8748136059161485e-05,3.3736023681779785e-06,0.07377025118166051,,8.668226218329318,6806085347579.074,2.176961649630895
2021-03-19,persistence,3088.3954983939448,3345.618210866223,5.780248417589588e-06,3.3736023681779785e-06,0.30772758467287986,,0.28994499964319154,2492794357956.6494,2.403073624014633
2021-03-26,D0_pca8,9794.057061999181,2873.4278704795843,2.2684799713167094e-07,3.0427070421591435e-06,36.201131472433076,,6.740351101818527,1367619858111920.5,3.454118416731142
2021-03-26,rolling,2747.0297061226843,2873.4278704795843,5.841439708382528e-06,3.0427070421591435e-06,0.2432284495723745,,0.4254033739263714,5088556976404.215,4.135598330666741
2021-03-26,ewma,3334.7638998511775,2873.4278704795843,5.542672118445012e-06,3.0427070421591435e-06,0.18633983586601982,,0.3596748428695183,4948449069964.701,4.257371764513854
2021-03-26,ledoit_wolf,80.82227879511905,2873.4278704795843,0.00014660838056096426,3.0427070421591435e-06,0.07124784855980892,,15.015757049300495,8485476858439.993,2.295650640803512
2021-03-26,oas,106.1524304481849,2873.4278704795843,0.00011860756485958238,3.0427070421591435e-06,0.09527860918053495,,13.41809908075542,8434041952880.396,2.470629564582249
2021-03-26,shrink,268.975952662914,2873.4278704795843,4.2818624153379855e-05,3.0427070421591435e-06,0.09123259183584201,,9.296737178218047,8406372114532.319,2.2117372972013825
2021-03-26,persistence,3619.223900159594,2873.4278704795843,5.465851914822014e-06,3.0427070421591435e-06,0.2686112013765497,,0.34312913567309533,3225896549643.2354,2.02169131278516
2021-04-05,D0_pca8,9724.159564291527,2600.7155412427737,1.737618181294529e-07,2.8404083209411985e-06,36.58833658107979,,7.806504133123863,2313066207551182.5,3.362513317942661
2021-04-05,rolling,2725.8759968007807,2600.7155412427737,5.802047995856373e-06,2.8404083209411985e-06,0.2497827930690923,,0.5101715780755905,6065219844829.088,4.344286968161116
2021-04-05,ewma,3094.4398733456414,2600.7155412427737,5.129345321357678e-06,2.8404083209411985e-06,0.17109579784774784,,0.3493165311694666,5722223765457.193,4.3401006063435235
2021-04-05,ledoit_wolf,81.34656317068918,2600.7155412427737,0.0001440381818971625,2.8404083209411985e-06,0.07322533932412506,,15.414498775737433,9752655793181.96,2.2940599119175067
2021-04-05,oas,106.57684531824268,2600.7155412427737,0.00011668021879950513,2.8404083209411985e-06,0.09843989528714625,,13.804857468028041,9697193387209.36,2.4583202330611535
2021-04-05,shrink,243.8078033287413,2600.7155412427737,4.659810257153596e-05,2.8404083209411985e-06,0.08577744816346208,,9.770652443995713,9671269901314.445,2.24194918882207
2021-04-05,persistence,3621.602443683666,2600.7155412427737,5.2153399346891995e-06,2.8404083209411985e-06,0.25257838836780067,,0.369246170684556,3804779886303.0244,2.1612168092221475
2021-04-12,D0_pca8,9616.320887005868,2833.2951484857535,1.2743082977018304e-07,3.3812920650689786e-06,36.58196236187108,,10.7481158921325,4351832819725917.5,3.9615674971848205
2021-04-12,rolling,2821.3845552380835,2833.2951484857535,5.247168971766434e-06,3.3812920650689786e-06,0.06623369962883136,,0.1930993210305767,3800361102135.7734,4.239665454277873
2021-04-12,ewma,2772.128565998691,2833.2951484857535,4.3186653855853785e-06,3.3812920650689786e-06,0.04759308684982654,,0.05987243638384149,3573676752745.849,4.334764666710966
2021-04-12,ledoit_wolf,85.34000537531537,2833.2951484857535,0.00012889935877549553,3.3812920650689786e-06,0.015868625038709568,,13.2552334487056,6816671352500.985,2.218821872981875
2021-04-12,oas,113.27472647743612,2833.2951484857535,0.00010326912926621438,3.3812920650689786e-06,0.017365938095640254,,11.690110068725422,6762027827483.178,2.4020527817701702
2021-04-12,shrink,256.52762615467077,2833.2951484857535,4.15593964813241e-05,3.3812920650689786e-06,0.012891214513618441,,8.02943531628124,6740265666099.28,2.170279103726094
2021-04-12,persistence,3557.6044127058785,2833.2951484857535,4.061379207771806e-06,3.3812920650689786e-06,0.05238487062064419,,0.03358593873150519,2021386303323.599,2.020294367121465
2021-04-19,D0_pca8,9439.037797053878,3991.7882690343467,1.1651179531172802e-07,4.506017670059523e-06,37.341508249710415,,13.360254324547665,5167466375374720.0,4.59683082283305
2021-04-19,rolling,2660.3096290373846,3991.7882690343467,4.57263719952358e-06,4.506017670059523e-06,0.046943532575910475,,0.00021539494137623314,2007739661685.2065,4.3849935043726065
2021-04-19,ewma,2494.768411555852,3991.7882690343467,3.6537171433009553e-06,4.506017670059523e-06,0.13171933293515653,,0.04396094987085578,2254699260163.5186,4.525282016371477
2021-04-19,ledoit_wolf,86.88256257012603,3991.7882690343467,0.00010598034572168729,4.506017670059523e-06,0.1366803115851838,,9.9719514651482,3748987463259.4507,2.1034684908828942
2021-04-19,oas,102.84913147582469,3991.7882690343467,9.280708165371171e-05,4.506017670059523e-06,0.12036175475203119,,9.151284299733428,3721052802694.4004,2.222386489407245
2021-04-19,shrink,226.8163428317436,3991.7882690343467,3.8597094936898874e-05,4.506017670059523e-06,0.1285460726869408,,5.569734001093288,3685858610799.3306,2.1602528823973897
2021-04-19,persistence,3345.6182108646913,3991.7882690343467,3.373602368179526e-06,4.506017670059523e-06,0.10418872159179113,,0.08377120883510908,2087444289581.82,1.8156015167661221
2021-04-26,D0_pca8,9314.564868498699,3541.281345210271,1.0657826310308254e-07,4.283733691292657e-06,34.32202464225725,,13.643357168246231,5974724015685446.0,4.196477545466966
2021-04-26,rolling,2911.6197835601392,3541.281345210271,4.509014595252678e-06,4.283733691292657e-06,0.03528164718796618,,0.0026269353668648037,2190633425083.9824,3.6310981192046126
2021-04-26,ewma,3264.484474232022,3541.281345210271,3.6683881438825264e-06,4.283733691292657e-06,0.11741360036331072,,0.02404750512769215,2346193034388.3135,3.636273864197714
2021-04-26,ledoit_wolf,112.93005648354439,3541.281345210271,9.12175850364939e-05,4.283733691292657e-06,0.11056881960412723,,9.353948110868007,4124221577709.512,2.303546088565949
2021-04-26,oas,129.08571707508466,3541.281345210271,8.18431795206488e-05,4.283733691292657e-06,0.09984968922165763,,8.70238060225037,4096899564041.595,2.3866238334300944
2021-04-26,shrink,239.0355499728055,3541.281345210271,3.940182637890165e-05,4.283733691292657e-06,0.11698438426058488,,5.88771812489462,4090788060859.224,2.2119671915942027
2021-04-26,persistence,2873.427870478959,3541.281345210271,3.0427070421598055e-06,4.283733691292657e-06,0.12654028518552823,,0.11701687801259693,2661947512888.5596,1.8426326864724534
2021-05-03,D0_pca8,9441.57284668278,3933.543007139282,1.0546924218430482e-07,4.210314318325754e-06,35.782006139562235,,13.59296595401263,6135718251464368.0,4.448547003557282
2021-05-03,rolling,2916.2888465960255,3933.543007139282,4.404529528024485e-06,4.210314318325754e-06,0.025020773439337972,,0.0020336613277013938,2233972464540.374,3.949014777250986
2021-05-03,ewma,2739.450124290224,3933.543007139282,3.49643259640329e-06,4.210314318325754e-06,0.08649941338903325,,0.0345194348942912,2448433061054.7354,3.8530549131273073
2021-05-03,ledoit_wolf,109.74182992015896,3933.543007139282,9.127979601678045e-05,4.210314318325754e-06,0.07664676401042682,,9.464187365136677,4271571626619.1943,2.2144358004225735
2021-05-03,oas,130.40275226522428,3933.543007139282,7.938619054558472e-05,4.210314318325754e-06,0.06595269012348151,,8.624717300527372,4234886870738.3994,2.321227520722267
2021-05-03,shrink,277.73488085343433,3933.543007139282,3.317436287453119e-05,4.210314318325754e-06,0.08554021776076802,,5.614158670524694,4225254678525.5044,2.194908697863859
2021-05-03,persistence,2600.715541243884,3933.543007139282,2.840408320939989e-06,4.210314318325754e-06,0.11700409843191643,,0.15491259491247908,3176499606085.431,1.6478217883921273
2021-05-10,D0_pca8,9224.601010088867,3470.916959706061,1.0006979096475236e-07,4.256658927981459e-06,33.621333592652306,,14.06521687182539,6946562236231708.0,4.3432377519255425
2021-05-10,rolling,2648.1611674939127,3470.916959706061,4.081870103911448e-06,4.256658927981459e-06,0.03464206054598095,,0.0017580671290384775,2269752340496.111,4.097992449404102
2021-05-10,ewma,2513.1911272349166,3470.916959706061,3.59467123642653e-06,4.256658927981459e-06,0.07637912259186946,,0.02857181138987779,2365983289473.3887,3.872996306640447
2021-05-10,ledoit_wolf,87.66374150778209,3470.916959706061,9.362463730156955e-05,4.256658927981459e-06,0.14714791844555028,,9.553098916231997,4181879384709.358,2.073252653591674
2021-05-10,oas,103.09838164376124,3470.916959706061,8.23860648665021e-05,4.256658927981459e-06,0.12865285593267306,,8.778963196759204,4149664038747.716,2.177921660003258
2021-05-10,shrink,233.60519463784564,3470.916959706061,3.333995232301401e-05,4.256658927981459e-06,0.14546494726694256,,5.252740814463685,4111580866835.9727,2.1182159818605655
2021-05-10,persistence,2833.295148485618,3470.916959706061,3.3812920650691463e-06,4.256658927981459e-06,0.07064992587221267,,0.053004286573930325,2084077360043.232,1.624301702505006
2021-05-17,D0_pca8,9362.23664723517,2643.883499950788,1.0348018785013948e-07,3.036601397463126e-06,33.89146445146655,,11.418348578199886,6413837059308556.0,4.352769120113456
2021-05-17,rolling,3117.2877562254243,2643.883499950788,4.242974308199083e-06,3.036601397463126e-06,0.05378450416861229,,0.11190730265346857,4541798994327.117,3.6904915600957042
2021-05-17,ewma,3913.2423093399125,2643.883499950788,4.47692354336383e-06,3.036601397463126e-06,0.08245521086053634,,0.1506969627060763,4447680729154.427,3.4567548115203457
2021-05-17,ledoit_wolf,127.08544117189855,2643.883499950788,8.242471439564958e-05,3.036601397463126e-06,0.04737470676894188,,10.897565428789825,8330963319833.577,2.1779075119707794
2021-05-17,oas,148.88172283609086,2643.883499950788,7.239120980089933e-05,3.036601397463126e-06,0.04492663906326316,,10.057433144603634,8278862848184.352,2.2805933533958904
2021-05-17,shrink,327.4191777406373,2643.883499950788,2.9053192969857827e-05,3.036601397463126e-06,0.04247260284478713,,6.912095990022666,8278430567012.229,2.077962387656117
2021-05-17,persistence,3991.7882690344813,2643.883499950788,4.506017670059375e-06,3.036601397463126e-06,0.1330985713588563,,0.15576814044148624,2773961011459.552,1.8642769788481055
2021-05-24,D0_pca8,9537.971554438618,3711.4963541741254,1.212629722014716e-07,3.5189747569015743e-06,33.65845542595295,,11.343124184418974,4730627843801630.0,4.1096608498848894
2021-05-24,rolling,3248.0895216567274,3711.4963541741254,3.977712734033887e-06,3.5189747569015743e-06,0.029492991897810794,,0.01501537676588224,3289476419154.3423,3.450026072092483
2021-05-24,ewma,3569.136931704088,3711.4963541741254,4.095071694232267e-06,3.5189747569015743e-06,0.01785707497654248,,0.022986956604685114,3133333452391.0713,3.2809460174805194
2021-05-24,ledoit_wolf,150.32915081496245,3711.4963541741254,6.964138159086895e-05,3.5189747569015743e-06,0.06381391038296809,,8.91135335968452,6092024431400.826,2.2904079491262257
2021-05-24,oas,158.38489714906086,3711.4963541741254,6.668660517275466e-05,3.5189747569015743e-06,0.06142192505093151,,8.654388205154099,6075493521107.92,2.3217696258047544
2021-05-24,shrink,361.2872619318048,3711.4963541741254,2.575920644302217e-05,3.5189747569015743e-06,0.0824629625252844,,5.596298677519003,6067484409126.879,2.1594347757549524
2021-05-24,persistence,3541.2813452095425,3711.4963541741254,4.2837336912935415e-06,3.5189747569015743e-06,0.08668804600546993,,0.03867328790944022,1867305651462.4404,2.038149288130476
2021-06-01,D0_pca8,9593.879464879725,3469.708344682935,1.6500767754190035e-07,3.3649759311192805e-06,32.54834478254958,,9.091300318508642,2629613263293029.5,3.9868186595577146
2021-06-01,rolling,3184.315350698278,3469.708344682935,3.678897738065165e-06,3.3649759311192805e-06,0.035312620849699106,,0.00795527421000752,3595466436824.5327,3.394577235297377
2021-06-01,ewma,3374.8810341334693,3469.708344682935,3.559855106381438e-06,3.3649759311192805e-06,0.02817638708929545,,0.0031695793100709746,3441422947281.5303,3.2180188061685557
2021-06-01,ledoit_wolf,134.7856036919035,3469.708344682935,6.931409382741999e-05,3.3649759311192805e-06,0.09762549043378507,,9.151999409180245,6678980350515.37,2.1757271524357806
2021-06-01,oas,149.75491084351083,3469.708344682935,6.356885426827439e-05,3.3649759311192805e-06,0.09047191116900416,,8.635972652860485,6643575157909.514,2.228965740123181
2021-06-01,shrink,343.99356177823967,3469.708344682935,2.4500890502334228e-05,3.3649759311192805e-06,0.11200581689435665,,5.449642874218418,6626560329217.865,2.1717184537468572
2021-06-01,persistence,3933.543007138149,3469.708344682935,4.210314318326967e-06,3.3649759311192805e-06,0.05014715330675094,,0.05022817635560488,2093956575594.0483,2.057263412938309
2021-06-08,D0_pca8,9350.913849541877,4748.592998723777,1.4397698810516192e-07,2.8383777967629528e-06,28.764874948659802,,8.888316014158757,3312814432330418.0,4.1310371251579
2021-06-08,rolling,2661.8855565426306,4748.592998723777,3.6682600177461892e-06,2.8383777967629528e-06,0.12808520103841758,,0.06578438577859598,5139474694707.711,3.4465823203045156
2021-06-08,ewma,2484.759027072479,4748.592998723777,4.048871870909163e-06,2.8383777967629528e-06,0.2948485662700121,,0.1261709443440474,5037770934659.335,3.1402204873767463
2021-06-08,ledoit_wolf,81.26862407714539,4748.592998723777,8.952523062797446e-05,2.8383777967629528e-06,0.06255835897777298,,11.911385133016264,9599048093347.852,1.9653561794125631
2021-06-08,oas,98.76469661295604,4748.592998723777,7.693247936386578e-05,2.8383777967629528e-06,0.06503600187486754,,10.887987857307115,9537970265473.516,2.067001884805175
2021-06-08,shrink,275.0050804559831,4748.592998723777,2.5612895842532522e-05,2.8383777967629528e-06,0.07445208317264941,,5.827951748907092,9374333104354.305,2.177422394786694
2021-06-08,persistence,3470.916959705069,4748.592998723777,4.256658927982676e-06,2.8383777967629528e-06,0.3041033366426853,,0.1642289851880614,3197652856494.0864,2.0667102583271832
2021-06-15,D0_pca8,9653.477512365947,5140.867918848197,1.6428143508127575e-07,3.079051205614347e-06,31.424701050318355,,8.589529973880325,2659741980976762.0,4.025960368627429
2021-06-15,rolling,2692.6854915961794,5140.867918848197,3.4859709049316673e-06,3.079051205614347e-06,0.10630132241442772,,0.01540703138559496,4322613130760.6772,3.4839272179759035
2021-06-15,ewma,2540.882124440415,5140.867918848197,3.4708631426159924e-06,3.079051205614347e-06,0.15666970470847857,,0.014347672719187873,4113985783456.3696,3.137686860000376
2021-06-15,ledoit_wolf,78.42575659620562,5140.867918848197,8.815127208305681e-05,3.079051205614347e-06,0.0816557451088903,,11.252217576828183,8117655807557.263,1.9071129802127533
2021-06-15,oas,99.73051095315158,5140.867918848197,7.320562947090264e-05,3.079051205614347e-06,0.07724255677565545,,10.040346072468441,8046810832803.733,2.0257132190216702
2021-06-15,shrink,261.4749867811339,5140.867918848197,2.5863806063228927e-05,3.079051205614347e-06,0.08545602608053086,,5.1991450161386465,7895925247027.075,2.0453670517828573
2021-06-15,persistence,2643.883499950824,5140.867918848197,3.0366013974630854e-06,3.079051205614347e-06,0.16412738801294702,,0.000192725644041448,2802127961362.768,1.6070273591581585
2021-06-22,D0_pca8,9725.01538037511,5487.104894403942,2.075054550116235e-07,3.1060842897855014e-06,29.840478089850187,,7.322197956958969,1665572839381023.0,3.7990554759263135
2021-06-22,rolling,3183.332875265775,5487.104894403942,3.7160487302809736e-06,3.1060842897855014e-06,0.13476429402049586,,0.03214777982194732,4142468079670.41,3.2033051020179513
2021-06-22,ewma,3847.4571112990534,5487.104894403942,3.854895297829374e-06,3.1060842897855014e-06,0.11183874039383468,,0.046647758635249004,3972901918103.202,3.140096795542155
2021-06-22,ledoit_wolf,121.60448718959582,5487.104894403942,7.604910050377878e-05,3.1060842897855014e-06,0.07546453193664836,,10.227306464514701,7915507124423.064,2.171051552288825
2021-06-22,oas,146.6211624215435,5487.104894403942,6.532811654564164e-05,3.1060842897855014e-06,0.07901613831339896,,9.278477562831684,7850220046840.074,2.256437494557798
2021-06-22,shrink,301.8503033947595,5487.104894403942,2.810945725343341e-05,3.1060842897855014e-06,0.0852856797269046,,5.727282490346454,7797159493702.695,2.167195601889673
2021-06-22,persistence,3711.4963541740713,5487.104894403942,3.5189747569016285e-06,3.1060842897855014e-06,0.1694183445732032,,0.015576733601654713,2389860828918.926,2.060692189413639
2021-06-29,D0_pca8,9756.575665867462,5645.761858947078,1.8904384358804875e-07,2.922046865419368e-06,31.315968564086017,,7.496949118408786,1966725576480499.0,3.160715388749859
2021-06-29,rolling,3242.994489352152,5645.761858947078,3.777792780248627e-06,2.922046865419368e-06,0.2191732810868517,,0.06597474221793445,4692105687721.7,3.349685079854789
2021-06-29,ewma,3670.3672670068354,5645.761858947078,3.5718108502209892e-06,2.922046865419368e-06,0.19663567247319116,,0.04031593895717141,4494010499751.296,3.2870303174878126
2021-06-29,ledoit_wolf,127.87173704457979,5645.761858947078,7.536807705669952e-05,2.922046865419368e-06,0.11500322665111407,,10.563144310483539,8970027570162.926,2.11140082199484
2021-06-29,oas,152.03120488554907,5645.761858947078,6.544311812869381e-05,2.922046865419368e-06,0.12403782045775816,,9.665238447929395,8904843979096.145,2.1903670890509863
2021-06-29,shrink,351.17760026847105,5645.761858947078,2.5015561004268184e-05,2.922046865419368e-06,0.14496383832685106,,5.926438826944929,8843338391490.143,2.108623364131863
2021-06-29,persistence,3469.7083446839824,5645.761858947078,3.3649759311182657e-06,2.922046865419368e-06,0.2610909022578039,,0.019919487157725867,2656479072376.2383,2.0464573404882134
2021-07-07,D0_pca8,9699.165649004777,4954.687996093175,1.791056569481059e-07,3.2901709898509725e-06,32.44809285414924,,8.47225390384907,2235873019493515.5,3.7223834712434782
2021-07-07,rolling,3139.711865540177,4954.687996093175,3.578309841452676e-06,3.2901709898509725e-06,0.0380117634010031,,0.007047773273223418,3633037004626.425,3.7878258072453677
2021-07-07,ewma,3823.567834800629,4954.687996093175,3.0914291700109296e-06,3.2901709898509725e-06,0.019386787136287505,,0.0038820398712178994,3668538227624.7715,3.781042463229471
2021-07-07,ledoit_wolf,110.28112736789082,4954.687996093175,7.829007347072489e-05,3.2901709898509725e-06,0.04886615995131527,,10.045609759749876,7035918059212.452,2.0970383625644042
2021-07-07,oas,140.84402405284683,4954.687996093175,6.431790905037708e-05,3.2901709898509725e-06,0.04041345241561854,,8.838124250907196,6956005529251.433,2.236083128942445
2021-07-07,shrink,362.52143416502184,4954.687996093175,2.2264776573685778e-05,3.2901709898509725e-06,0.056696817473284554,,5.078746358543803,6875535452242.384,2.134586877514138
2021-07-07,persistence,4748.592998725421,4954.687996093175,2.838377796761971e-06,3.2901709898509725e-06,0.018733167610392648,,0.0218172978781073,2898352095882.9756,2.0349268124173907
2021-07-14,D0_pca8,9625.327311585035,4487.100376215106,1.411029930253764e-07,3.3654845360422953e-06,33.8910050718731,,10.060507858053729,3527866645627831.0,3.834122283492059
2021-07-14,rolling,3443.3258673087457,4487.100376215106,3.550251835794388e-06,3.3654845360422953e-06,0.016258251481805767,,0.00285653686631442,3463653281011.919,3.872863728190056
2021-07-14,ewma,4125.472670416507,4487.100376215106,2.9913470169587523e-06,3.3654845360422953e-06,0.05161297521637285,,0.013888178244044366,3605804677576.8843,3.834074137125386
2021-07-14,ledoit_wolf,144.33059967272055,4487.100376215106,6.740702691222326e-05,3.3654845360422953e-06,0.05755987817356121,,8.983070217685732,6651714585076.504,2.2577990016704934
2021-07-14,oas,178.44839367614824,4487.100376215106,5.655302007769474e-05,3.3654845360422953e-06,0.04711274306640334,,7.961462572203187,6572462326931.382,2.374060298177385
2021-07-14,shrink,440.5173298602864,4487.100376215106,1.98885872355542e-05,3.3654845360422953e-06,0.06024446801270389,,4.622002984003544,6529980603066.183,2.192701225429874
2021-07-14,persistence,5140.867918849226,4487.100376215106,3.079051205613729e-06,3.3654845360422953e-06,0.03798631801553145,,0.007912176963143325,2473858558365.2427,1.9776539288411934
2021-07-21,D0_pca8,9686.279141868616,3521.5878266296827,1.6857073697204363e-07,2.78419696466028e-06,33.20882057535228,,7.864399837488618,2463054443924503.5,3.525526887864579
2021-07-21,rolling,3933.369279960427,3521.5878266296827,3.5802076292836668e-06,2.78419696466028e-06,0.042532630021600744,,0.06323274874017223,5147295171718.646,4.005324641225535
2021-07-21,ewma,5061.493908528023,3521.5878266296827,3.402859981232063e-06,2.78419696466028e-06,0.09473708728814972,,0.04026310921509025,4935802240233.878,3.8359040196905703
2021-07-21,ledoit_wolf,214.09904877094425,3521.5878266296827,5.4679513753808975e-05,2.78419696466028e-06,0.05903198084856866,,8.865680670342066,9720452802621.203,2.362756053758182
2021-07-21,oas,253.00764252068095,3521.5878266296827,4.737674478042923e-05,2.78419696466028e-06,0.05501428368260806,,8.032529026858748,9626555764794.334,2.4582077952985704
2021-07-21,shrink,582.8792503813809,3521.5878266296827,1.726483236702925e-05,2.78419696466028e-06,0.06515543012791254,,5.037616344486556,9647706160360.188,2.132487308637219
2021-07-21,persistence,5487.104894400393,3521.5878266296827,3.1060842897875076e-06,2.78419696466028e-06,0.09710218579372337,,0.011969089949071601,2995788513799.067,1.6070099842786736
2021-07-28,D0_pca8,9757.78492181827,3138.8915256277496,2.2558083489653572e-07,3.4657694566558653e-06,35.6637446294424,,7.463863579153832,1417155347656145.2,4.236481966790346
2021-07-28,rolling,3943.608865586536,3138.8915256277496,3.1383678075160977e-06,3.4657694566558653e-06,0.2084521562227323,,0.009846947164344975,3349352757562.5913,3.460797596159197
2021-07-28,ewma,5002.2716061103465,3138.8915256277496,3.056444828954826e-06,3.4657694566558653e-06,0.3891068888599232,,0.01579601912608964,3277848414418.8506,3.3613103449149935
2021-07-28,ledoit_wolf,220.5543577323258,3138.8915256277496,4.6816024624167614e-05,3.4657694566558653e-06,0.33511289226442365,,6.7771220013476805,6069065219508.668,2.211807330133612
2021-07-28,oas,248.75815247123322,3138.8915256277496,4.221735978712594e-05,3.4657694566558653e-06,0.3221261022629963,,6.249482848520724,6008203094011.632,2.275886895376735
2021-07-28,shrink,636.7385796066328,3138.8915256277496,1.390862080896394e-05,3.4657694566558653e-06,0.3510664367769511,,2.8712443926794005,5953651901414.591,2.0402923286508683
2021-07-28,persistence,5645.761858946358,3138.8915256277496,2.922046865419737e-06,3.4657694566558653e-06,0.42564450858174235,,0.02912151386488008,2601493349847.9604,1.3999981029130903
2021-08-04,D0_pca8,9748.376691961943,3490.5594788205367,1.7163416578297082e-07,3.2915473361789907e-06,36.739093476596516,,8.724593321305866,2392706615420014.0,3.6948420803814903
2021-08-04,rolling,3843.477266180478,3490.5594788205367,3.113236164625467e-06,3.2915473361789907e-06,0.13072693416296605,,0.0031019329337867753,3690967299843.752,3.1501653535018166
2021-08-04,ewma,4083.114236287396,3490.5594788205367,3.0407258172632463e-06,3.2915473361789907e-06,0.10461552885767404,,0.0062823856204027835,3583030431807.3184,2.9514103508225205
2021-08-04,ledoit_wolf,198.32792702406036,3490.5594788205367,4.972826687934621e-05,3.2915473361789907e-06,0.2399188162630704,,7.372395041205981,6804213285437.752,2.0539495353075856
2021-08-04,oas,231.33398621228193,3490.5594788205367,4.3619676525165794e-05,3.2915473361789907e-06,0.22522856196305066,,6.677832746916377,6726278736766.824,2.130844609312814
2021-08-04,shrink,690.7204722389549,3490.5594788205367,1.2384865862375533e-05,3.2915473361789907e-06,0.2552518553817345,,2.6796974203733996,6603206920337.053,1.8439616996202328
2021-08-04,persistence,4954.687996091418,3490.5594788205367,3.290170989852135e-06,3.2915473361789907e-06,0.06809754935381326,,1.7491884934676246e-07,2180286006476.15,1.366480281100356
2021-08-11,D0_pca8,9701.44702596324,3262.7526233184276,1.8141316169179816e-07,3.074288949605222e-06,35.92663760858796,,8.009163981074275,2172292800537340.0,4.531618676089667
2021-08-11,rolling,3899.2335607307105,3262.7526233184276,3.2704559937646143e-06,3.074288949605222e-06,0.08365618149973993,,0.0038261356256856643,4225188814100.0156,2.9719809412434492
2021-08-11,ewma,3984.615617046632,3262.7526233184276,3.239897312106819e-06,3.074288949605222e-06,0.05585824093245434,,0.0027528889527920165,4032357358978.514,2.767809368629388
2021-08-11,ledoit_wolf,214.09722440094242,3262.7526233184276,4.9575340269846004e-05,3.074288949605222e-06,0.160108120083933,,7.7307331208950725,7855179536716.081,2.094931975644253
2021-08-11,oas,239.98785249610046,3262.7526233184276,4.495702834394534e-05,3.074288949605222e-06,0.15193089243306873,,7.196520704365431,7794057749086.738,2.1457249316129636
2021-08-11,shrink,1181.0415606762128,3262.7526233184276,7.721521678980041e-06,3.074288949605222e-06,0.170980905508009,,2.4753520395509208,7598838214463.581,1.8392345017211567
2021-08-11,persistence,4487.100376215875,3262.7526233184276,3.365484536041724e-06,3.074288949605222e-06,0.047224061542150184,,0.008189938474420976,2381412009942.4644,1.3608686197519404
2021-08-18,D0_pca8,9743.972299175844,3311.893298658515,1.9982740809433494e-07,3.1655993313053724e-06,35.562420935037224,,7.632174001025886,1773161544155064.5,3.4548591198129324
2021-08-18,rolling,4372.680345837267,3311.893298658515,2.9624632818160363e-06,3.1655993313053724e-06,0.2577963442283021,,0.004398510341031354,4065323237138.8813,2.985535015874484
2021-08-18,ewma,4157.08869911196,3311.893298658515,2.983463176598972e-06,3.1655993313053724e-06,0.11843813043197335,,0.0035114649369289465,3811029848169.846,2.736467241703593
2021-08-18,ledoit_wolf,332.0926912241504,3311.893298658515,3.386883032873473e-05,3.1655993313053724e-06,0.35603317483143854,,5.617622616679076,7112613566103.709,2.0952067371161904
2021-08-18,oas,320.83267845413076,3311.893298658515,3.491798500492628e-05,3.1655993313053724e-06,0.3590049407060491,,5.763165262008622,7136952942250.321,2.0801857531097054
2021-08-18,shrink,2043.6883995470748,3311.893298658515,4.522054563159305e-06,3.1655993313053724e-06,0.4457413580189574,,1.6422962869771234,6984169856469.476,1.7421332860829877
2021-08-18,persistence,3521.587826630196,3311.893298658515,2.784196964659868e-06,3.1655993313053724e-06,0.03725821110688266,,0.016482160746415085,2787123477748.0454,1.4301026995364623
2021-08-25,D0_pca8,9820.241030885836,4440.131082643454,2.767131866770656e-07,3.050621980035353e-06,32.84385881773813,,5.760556564058857,915342251516498.5,3.5824185656626093
2021-08-25,rolling,4322.395916034152,4440.131082643454,3.157609761618265e-06,3.050621980035353e-06,0.04328689772247218,,0.001188169043266179,4260548854364.0557,2.7811106102006846
2021-08-25,ewma,3872.8189837618875,4440.131082643454,3.2239546603548325e-06,3.050621980035353e-06,0.026227934630705784,,0.0030540263636443196,3967418294591.7617,2.536642378324447
2021-08-25,ledoit_wolf,330.15604623188887,4440.131082643454,3.592048859635178e-05,3.050621980035353e-06,0.09318394363670798,,6.080968822262646,7746913678967.156,2.0872554450242142
2021-08-25,oas,314.1632803406635,4440.131082643454,3.7532610410551206e-05,3.050621980035353e-06,0.09558927940426844,,6.299419141558404,7781426215400.6875,2.0662318879874992
2021-08-25,shrink,3088.9505028718504,4440.131082643454,3.1576097616193905e-06,3.050621980035353e-06,0.14455440048769602,,0.9222715713931032,7372492860137.931,1.680061409397819
2021-08-25,persistence,3138.8915256274654,4440.131082643454,3.4657694566561813e-06,3.050621980035353e-06,0.12171820493851662,,0.01627898773415531,2457538097390.088,1.4362024678700762
2021-09-01,D0_pca8,9774.805853301192,4353.611118865458,2.1262452097177638e-07,3.24554652474046e-06,33.8374528131269,,7.428387549793348,1595149551203260.2,3.957871154633888
2021-09-01,rolling,4001.7749694372014,4353.611118865458,3.035852353961742e-06,3.24554652474046e-06,0.08674478688453721,,0.0044611056310130005,3782569996604.494,2.078327652613043
2021-09-01,ewma,3681.089808115365,4353.611118865458,3.2186288874161365e-06,3.24554652474046e-06,0.029611646219300368,,6.936052183578435e-05,3425751060791.593,1.9196200660907565
2021-09-01,ledoit_wolf,270.353025554449,4353.611118865458,3.84925107400953e-05,3.24554652474046e-06,0.14873018925444625,,6.116617618080803,6836662737050.73,1.639704588536491
2021-09-01,oas,254.94175350231387,4353.611118865458,4.051111422913897e-05,3.24554652474046e-06,0.15240179683707802,,6.372051726416994,6872350241929.54,1.625206375086182
2021-09-01,shrink,2871.0048975534633,4353.611118865458,3.0358523539631466e-06,3.24554652474046e-06,0.1783796531152331,,0.04720906863881126,5990051436112.478,1.2709472838918643
2021-09-01,persistence,3490.559478820585,4353.611118865458,3.2915473361789433e-06,3.24554652474046e-06,0.07474590385520764,,0.00019807770999526273,2334681241450.4062,1.386400164352139
2021-09-09,D0_pca8,9624.00435727049,4456.161506329438,1.4380316711923948e-07,3.3887358196541803e-06,34.1118542583889,,9.984083813209164,3428736594778837.5,3.643477030006586
2021-09-09,rolling,3903.768526063331,4456.161506329438,3.0300117721098357e-06,3.3887358196541803e-06,0.0918048930076091,,0.012519461086551286,3523635382135.618,1.569095026764768
2021-09-09,ewma,3311.5502485307725,4456.161506329438,3.0156937924670854e-06,3.3887358196541803e-06,0.0538430988826419,,0.013601853277535367,3309157718626.3525,1.5933709957162971
2021-09-09,ledoit_wolf,253.62817991878717,4456.161506329438,3.974631354860251e-05,3.3887358196541803e-06,0.16784770884048822,,6.061738895356965,6261025125931.225,1.4026471051824239
2021-09-09,oas,240.61568166548167,4456.161506329438,4.160247915153998e-05,3.3887358196541803e-06,0.17176556134788587,,6.288572089987736,6290671830526.973,1.397293475839129
2021-09-09,shrink,2804.1510322496765,4456.161506329438,3.0300117721111753e-06,3.3887358196541803e-06,0.1989232635708758,,0.012519461086515036,5199033065569.669,1.1145208029540352
2021-09-09,persistence,3262.752623318055,4456.161506329438,3.074288949605578e-06,3.3887358196541803e-06,0.05626514530103708,,0.009483500980696394,2486585816801.5244,1.4528046066937883
2021-09-16,D0_pca8,9655.051707608898,4089.7789713064653,1.6163104324153822e-07,3.263657191846001e-06,33.33364220822703,,9.03171735193728,2711777567606528.5,3.448655635640679
2021-09-16,rolling,3826.108164049055,4089.7789713064653,3.154828524932279e-06,3.263657191846001e-06,0.0577352302277533,,0.0011501763362164715,3625647136930.838,1.3694655643571123
2021-09-16,ewma,3440.920129878649,4089.7789713064653,3.0371533100310113e-06,3.263657191846001e-06,0.02976484631309225,,0.005173596356334091,3421296974163.574,1.384903890339976
2021-09-16,ledoit_wolf,248.09200160357938,4089.7789713064653,4.145475484074385e-05,3.263657191846001e-06,0.12113850489953346,,6.460512892362148,6804668098716.609,1.296406412370438
2021-09-16,oas,228.1682196642034,4089.7789713064653,4.456643775017146e-05,3.263657191846001e-06,0.1266282231943036,,6.833688049900003,6851915909425.791,1.2922737208091926
2021-09-16,shrink,2751.593509637443,4089.7789713064653,3.1548285249333604e-06,3.263657191846001e-06,0.14908027399399973,,0.001150176336208905,5500821861531.78,1.0165889409904576
2021-09-16,persistence,3311.893298658445,4089.7789713064653,3.1655993313054422e-06,3.263657191846001e-06,0.04605465166828148,,0.0009306157453215719,2406298542618.238,1.3765039028491934
2021-09-23,D0_pca8,9705.489206928585,3040.8280734555574,1.8007980870366624e-07,2.7667586361476127e-06,33.57157551506354,,7.463968362787639,2186764471351496.5,3.9040933088145886
2021-09-23,rolling,3737.756611873317,3040.8280734555574,3.2144446547067292e-06,2.7667586361476127e-06,0.05822814341375585,,0.022493427228748825,4925843587301.553,1.4150285669837248
2021-09-23,ewma,3751.4327240848015,3040.8280734555574,3.1600368844090354e-06,2.7667586361476127e-06,0.04011613886293773,,0.017664320427222886,4658011418909.359,1.407417737942068
2021-09-23,ledoit_wolf,221.6602042758562,3040.8280734555574,4.563073873608214e-05,2.7667586361476127e-06,0.10974895143680634,,7.856275191327407,9708703846254.283,1.3192741773394745
2021-09-23,oas,213.0277139824382,3040.8280734555574,4.721011637250826e-05,2.7667586361476127e-06,0.11197884849576101,,8.048179721422594,9733608117805.05,1.3166310486248116
2021-09-23,shrink,2689.073771945586,3040.8280734555574,3.2144446547073992e-06,2.7667586361476127e-06,0.12014645080475714,,0.022493427228774936,7797765463460.502,1.0167842536511715
2021-09-23,persistence,4440.131082642921,3040.8280734555574,3.050621980035715e-06,2.7667586361476127e-06,0.053463487495736164,,0.009539232880149184,2975562873152.976,1.4459010434837285
2021-09-30,D0_pca8,9528.52805889587,2325.825445225917,1.2024325507429567e-07,2.5025244985557797e-06,32.816496454565645,,9.214445825466068,4691044902742676.0,3.963236817877551
2021-09-30,rolling,3522.8593732259283,2325.825445225917,3.072971126130584e-06,2.5025244985557797e-06,0.07618958771309309,,0.042166483250863626,6116739414712.401,1.4406767752821963
2021-09-30,ewma,4051.996970268589,2325.825445225917,3.1021340247808637e-06,2.5025244985557797e-06,0.09654326794862658,,0.04613481743654544,5850823049073.799,1.4187817567226833
2021-09-30,ledoit_wolf,187.7323274288506,2325.825445225917,4.779701370956341e-05,2.5025244985557797e-06,0.11922382337455348,,8.700510411792573,12005578731544.008,1.3296407575852485
2021-09-30,oas,182.02955902702377,2325.825445225917,4.9057423511650006e-05,2.5025244985557797e-06,0.12082731094373451,,8.854737637829873,12025920697795.842,1.3276402979597595
2021-09-30,shrink,2542.704009584885,2325.825445225917,3.0729711261313597e-06,2.5025244985557797e-06,0.11596039253714086,,0.042166483250903254,9610164019506.227,1.0165487473368264
2021-09-30,persistence,4353.611118863105,2325.825445225917,3.2455465247422112e-06,2.5025244985557797e-06,0.11298231024995545,,0.06759149476735138,3694377624278.542,1.4039543605680067
2021-10-07,D0_pca8,9729.971813558961,2455.484659768807,1.8397728172493158e-07,2.712948707892943e-06,36.895991097510155,,7.24134138349511,2076114558558740.5,4.2349927283329984
2021-10-07,rolling,3394.2600089396396,2455.484659768807,3.2681907027376978e-06,2.712948707892943e-06,0.06745950014134001,,0.03467056653893981,5225235872657.988,1.4314721132594386
2021-10-07,ewma,3755.2658491258,2455.484659768807,3.385472564207571e-06,2.712948707892943e-06,0.09595065259295317,,0.049043336310581095,5040861643732.022,1.405809684360243
2021-10-07,ledoit_wolf,160.33997273025042,2455.484659768807,5.624490904654027e-05,2.712948707892943e-06,0.12298549267920056,,9.191077879644245,10270025926197.773,1.3241105846826695
2021-10-07,oas,166.62034619386344,2455.484659768807,5.4474854752444056e-05,2.712948707892943e-06,0.12056880733801759,,8.998216509256396,10249794771242.266,1.3268759604832918
2021-10-07,shrink,2448.269914014763,2455.484659768807,3.268190702738811e-06,2.712948707892943e-06,0.11448622925812994,,0.034670566538979965,8152721089651.016,1.0163054968293903
2021-10-07,persistence,4456.161506328671,2455.484659768807,3.3887358196547656e-06,2.712948707892943e-06,0.11537333554739763,,0.04947098394899201,3164464124883.9014,1.361941217042593
2021-10-14,D0_pca8,9685.922694376075,2619.013284479281,1.5618787155812492e-07,3.0575495044519717e-06,36.16986218114045,,8.846480689083114,2948309986269233.0,3.833551859509983
2021-10-14,rolling,3460.5310599647332,2619.013284479281,3.1650972110166206e-06,3.0575495044519717e-06,0.10565914937967642,,0.0011950834335858235,4100032563914.8184,1.4150963310046185
2021-10-14,ewma,3289.434974949071,2619.013284479281,3.0198718060951333e-06,3.0575495044519717e-06,0.1027036347378,,0.00015374495540468967,3956088734294.7993,1.3788620005204806
2021-10-14,ledoit_wolf,168.89270821080552,2619.013284479281,5.3006902703444885e-05,3.0575495044519717e-06,0.20698167998756004,,8.138513809876303,7977695732451.259,1.3271805785522113
2021-10-14,oas,175.77752514803774,2619.013284479281,5.126396627981431e-05,3.0575495044519717e-06,0.20311884603027391,,7.948869788619193,7958038268424.114,1.329650557611667
2021-10-14,shrink,2498.605089337174,2619.013284479281,3.165097211017413e-06,3.0575495044519717e-06,0.19129017798142542,,0.0011950834335927997,6291752007307.793,1.017248138524271
2021-10-14,persistence,4089.7789713061397,2619.013284479281,3.263657191846265e-06,3.0575495044519717e-06,0.09320138279599184,,0.004255553601055893,2549831498447.2886,1.471986138455974
2021-10-21,D0_pca8,9463.764699870053,2590.5451848906127,1.2730655234970206e-07,3.373091424211471e-06,34.033541605185945,,10.738594020089714,4383925332709080.5,3.9530729641985696
2021-10-21,rolling,3339.1214287739786,2590.5451848906127,3.011716662604802e-06,3.373091424211471e-06,0.19327231327890412,,0.012841283892621907,3558035936314.715,1.4461304465427707
2021-10-21,ewma,3049.829089809684,2590.5451848906127,2.7994973114582903e-06,3.373091424211471e-06,0.14644733576941008,,0.034741131540881966,3555512901963.726,1.409543705484689
2021-10-21,ledoit_wolf,150.86657430881385,2590.5451848906127,5.377828864592733e-05,3.373091424211471e-06,0.3517856789039512,,7.667581916015921,6503170855596.325,1.3500975036237854
2021-10-21,oas,162.03063503798003,2590.5451848906127,5.0690257330890684e-05,3.373091424211471e-06,0.3416867858503088,,7.343578561173446,6471856879238.139,1.3544118826942944
2021-10-21,shrink,2411.8743512903275,2590.5451848906127,3.0117166626054642e-06,3.373091424211471e-06,0.3229664044245685,,0.012841283892600166,5152054815305.47,1.0167959002257967
2021-10-21,persistence,3040.8280734550176,2590.5451848906127,2.7667586361481094e-06,3.373091424211471e-06,0.05963351315777367,,0.03926466209515481,3065420893743.451,1.375477712895086
2021-10-28,D0_pca8,9408.98485005191,3048.401662991597,9.222295602198247e-08,5.534169961043766e-06,42.218115949230935,,16.764742961579625,8067769189056516.0,4.058103650958037
2021-10-28,rolling,3171.503197538638,3048.401662991597,3.0146597991815332e-06,5.534169961043766e-06,0.669969462902631,,0.36900091405757884,2626834178112.1943,1.4641727408156087
2021-10-28,ewma,2953.084786349791,3048.401662991597,2.7295400594286597e-06,5.534169961043766e-06,0.6670340629326457,,0.4995779570800966,3150426282704.5576,1.4591619916249365
2021-10-28,ledoit_wolf,125.81843460797265,3048.401662991597,5.9857566212596706e-05,5.534169961043766e-06,1.007791284227052,,5.669285224938273,2308245780723.808,1.3632057158757682
2021-10-28,oas,140.5451914270769,3048.401662991597,5.4710413187198184e-05,5.534169961043766e-06,0.9768425539010748,,5.249195593669685,2282562485189.0957,1.3713662165390652
2021-10-28,shrink,2292.8426893850838,3048.401662991597,3.0146597991821096e-06,5.534169961043766e-06,0.9492321476317827,,0.36900091405747937,2227198754832.0444,1.0171323828047654
2021-10-28,persistence,2325.8254452266656,3048.401662991597,2.502524498554979e-06,5.534169961043766e-06,0.5455947887837109,,0.6298665961619002,5694237189290.859,1.3964522796497507
2021-11-04,D0_pca8,9304.20327487471,3398.276903774817,8.801615338844449e-08,5.989624453759813e-06,41.70750555476331,,17.810530659132912,8849367813082396.0,3.798205857497851
2021-11-04,rolling,3111.8386595646202,3398.276903774817,3.060619862782657e-06,5.989624453759813e-06,0.7486467400289997,,0.4507928515966075,2572974973024.1074,1.4467830884195367
2021-11-04,ewma,3042.7399186299313,3398.276903774817,3.1409509361443543e-06,5.989624453759813e-06,0.5128785284253347,,0.4166740755421783,2305995189433.156,1.4354769191721926
2021-11-04,ledoit_wolf,119.09305569226,3398.276903774817,6.255284853512509e-05,5.989624453759813e-06,1.1116087386740194,,5.503635815922897,1960802444586.1665,1.345201933586283
2021-11-04,oas,130.34566706814044,3398.276903774817,5.816632979648624e-05,5.989624453759813e-06,1.0842438182256289,,5.167791942788424,1942618900317.7002,1.351190841619035
2021-11-04,shrink,2246.8865539861044,3398.276903774817,3.060619862783489e-06,5.989624453759813e-06,1.0728794354719837,,0.4507928515964584,2005516793960.14,1.0168085990914657
2021-11-04,persistence,2455.4846597687283,3398.276903774817,2.7129487078930265e-06,5.989624453759813e-06,0.5151866842522985,,0.627251938740457,4841241888491.339,1.365026178142439
2021-11-11,D0_pca8,9634.126131890076,3601.5739437567195,1.7394296467349221e-07,6.003563696961369e-06,39.88485131148495,,12.541340309548914,2461695194896135.0,4.388816911861944
2021-11-11,rolling,2997.1495630160953,3601.5739437567195,3.0743071114400717e-06,6.003563696961369e-06,0.6875925791660709,,0.4479270679174097,2569287727482.111,1.4453874374963018
2021-11-11,ewma,2886.5778605711002,3601.5739437567195,3.25016562156539e-06,6.003563696961369e-06,0.4364605363077739,,0.37656281951160364,2156084149284.6472,1.434254182370124
2021-11-11,ledoit_wolf,105.72374170225075,3601.5739437567195,6.703876285794144e-05,6.003563696961369e-06,1.0558431387755827,,5.822171383764133,1969041263360.9412,1.356662854047495
2021-11-11,oas,117.90967908536182,3601.5739437567195,6.147695463757599e-05,6.003563696961369e-06,1.0221104258732077,,5.411713519473554,1948630991712.7024,1.3638673787373468
2021-11-11,shrink,2161.770524748962,3601.5739437567195,3.0743071114408036e-06,6.003563696961369e-06,1.042838129018166,,0.44792706791727843,1998758888658.0005,1.0173319418054112
2021-11-11,persistence,2619.0132844786795,3601.5739437567195,3.057549504452677e-06,6.003563696961369e-06,0.40235784792311147,,0.4552731260821766,3420937758889.794,1.259276199773717
2021-11-18,D0_pca8,9673.11812307322,3724.468830120745,1.8753452402274618e-07,6.015945129141335e-06,38.58270242616193,,12.028415554936307,2136026886297110.2,3.5970699108863413
2021-11-18,rolling,3021.9339786687015,3724.468830120745,3.0060775834670303e-06,6.015945129141335e-06,0.6907752098343922,,0.4813268015974386,2740627710158.8105,1.4642240508752578
2021-11-18,ewma,2785.4461583080856,3724.468830120745,2.889647221771495e-06,6.015945129141335e-06,0.5987758720162208,,0.5376978863246625,2894364013985.738,1.4566895295851128
2021-11-18,ledoit_wolf,106.12949648154189,3724.468830120745,6.577382667438457e-05,6.015945129141335e-06,1.068548472151127,,5.720747285914952,1955505036491.3936,1.331354702125209
2021-11-18,oas,121.2341908736731,3724.468830120745,5.917054439915409e-05,6.015945129141335e-06,1.0268894580975094,,5.225842827125944,1930076224809.7717,1.3417392376874029
2021-11-18,shrink,2178.8042428122694,3724.468830120745,3.0060775834676126e-06,6.015945129141335e-06,1.0476761116831885,,0.4813268015973187,2031685253531.1846,1.0167719971902287
2021-11-18,persistence,2590.545184890668,3724.468830120745,3.3730914242113925e-06,6.015945129141335e-06,0.2478928309887082,,0.3347590691113397,2570603452460.7886,1.3054446479639943
2021-11-26,D0_pca8,9648.486316955792,4766.994687401499,1.690617175941499e-07,4.535533122455999e-06,35.86735575221615,,10.820339049643348,2559050004258615.0,3.3735788435459804
2021-11-26,rolling,2672.3026192702264,4766.994687401499,3.6826404528806164e-06,4.535533122455999e-06,0.08141550682923925,,0.04339412834359041,2064573789611.1755,1.4571531804950113
2021-11-26,ewma,3563.7773418740935,4766.994687401499,4.846254473672307e-06,4.535533122455999e-06,0.04270921650083982,,0.004390849445215412,1666827924646.774,1.419526467446749
2021-11-26,ledoit_wolf,47.31310145106906,4766.994687401499,0.0001320470486052214,4.535533122455999e-06,0.3469831284677786,,11.365093549769117,3727630425444.0107,1.245049450216359
2021-11-26,oas,99.03672069072827,4766.994687401499,7.730252407205223e-05,4.535533122455999e-06,0.19968999984452634,,8.041669570187139,3610137187194.547,1.311839466609195
2021-11-26,shrink,1985.2160805443602,4766.994687401499,3.682640452881466e-06,4.535533122455999e-06,0.18764524945779576,,0.04339412834355718,2841516950427.7764,1.0179488909616572
2021-11-26,persistence,3048.4016629922394,4766.994687401499,5.534169961042587e-06,4.535533122455999e-06,0.19296727166565245,,0.03960056987391912,1070626517295.5156,1.313323502611003
