{
  "pct_guardrail_triggered": 0.0,
  "n_days": 662,
  "guardrail_trace_ratio_mean": 0.6061302346182271,
  "guardrail_trigger_reason_counts": {
    "": 662
  },
  "guardrail_mode": "invalid_only",
  "pct_model_blended_to_pers": 1.3595166163141994,
  "model_pers_blend_lambda_mean": 0.999354569815306,
  "model_pers_blend_lambda_min": 0.9018576679953398,
  "model_regime_conf_adj_mean": 0.9132552797728917
}