{
  "pct_guardrail_triggered": 0.0,
  "n_days": 662,
  "guardrail_trace_ratio_mean": 0.584492008557294,
  "guardrail_trigger_reason_counts": {
    "": 662
  },
  "guardrail_mode": "invalid_only",
  "pct_model_blended_to_pers": 1.5105740181268883,
  "model_pers_blend_lambda_mean": 0.9994268459092924,
  "model_pers_blend_lambda_min": 0.8905747491030414,
  "model_regime_conf_adj_mean": 0.9131793429728473
}