regime,n_days,pct_time,mean_fro,mean_gmvp_sharpe,mean_turnover,mean_vol_mse,crisis_overlap,suggested_name
0,196,29.607250755287005,0.02196804898514143,0.9298984524339228,0.5390546559230622,,7.7,Normal/Transition
1,178,26.888217522658607,0.029189149137185913,1.3201004772457585,0.6046918425153416,,15.7,High Uncertainty
2,134,20.241691842900302,0.028156744444427135,2.603327536206825,0.6210045984586487,,17.2,High Uncertainty
3,154,23.26283987915408,0.03438681268759672,0.9397693976285106,0.6749639810915025,,29.2,High Uncertainty
