regime,n_days,pct_time,mean_fro,mean_gmvp_sharpe,mean_turnover,mean_vol_mse,crisis_overlap,suggested_name
0,181,27.341389728096676,0.024412253170134686,0.9635888786597612,0.5111926363524152,,15.5,Normal/Transition
1,197,29.758308157099698,0.0275584820659645,-0.47698857774948866,0.47936156799408935,,11.7,Stress/Low Sharpe
2,135,20.39274924471299,0.02744422406326782,2.2932463300268444,0.5073027832083312,,18.5,High Uncertainty
3,149,22.507552870090635,0.026367484354502216,1.5366135508689058,0.4681593622435904,,23.5,Calm Bull
