regime,n_days,pct_time,mean_fro,mean_gmvp_sharpe,mean_turnover,mean_vol_mse,crisis_overlap,suggested_name
0,148,22.356495468277945,0.024231888883985607,1.3603403293906637,0.4862670244380488,,11.5,Normal/Transition
1,172,25.981873111782477,0.03316101635305064,1.8326058440971178,0.44211358560589126,,22.7,Calm Bull
2,168,25.377643504531722,0.021931670336732798,1.3577302061827687,0.45571257784965297,,16.1,Normal/Transition
3,174,26.283987915407852,0.02821265442470467,1.7028216840422317,0.46820452369859444,,16.1,Calm Bull
