,To_Calm Bull,To_Moderate Bull,To_Normal,To_High Stress
From_Calm Bull,0.7397959183673469,0.08163265306122448,0.09183673469387756,0.08673469387755102
From_Moderate Bull,0.10734463276836158,0.768361581920904,0.05084745762711865,0.07344632768361582
From_Normal,0.11940298507462686,0.07462686567164178,0.7014925373134329,0.1044776119402985
From_High Stress,0.1038961038961039,0.1038961038961039,0.08441558441558442,0.7077922077922078
