,To_Calm Bull,To_Moderate Bull,To_Normal,To_High Stress
From_Calm Bull,0.7292817679558011,0.09944751381215469,0.07734806629834254,0.09392265193370165
From_Moderate Bull,0.10204081632653061,0.7602040816326531,0.07142857142857142,0.0663265306122449
From_Normal,0.1111111111111111,0.08888888888888889,0.6888888888888889,0.1111111111111111
From_High Stress,0.09395973154362416,0.11409395973154363,0.09395973154362416,0.697986577181208
