,To_Calm Bull,To_Moderate Bull,To_Normal,To_High Stress
From_Calm Bull,0.7894736842105263,0.07894736842105263,0.06842105263157895,0.06315789473684211
From_Moderate Bull,0.07526881720430108,0.7634408602150538,0.06989247311827956,0.0913978494623656
From_Normal,0.11029411764705882,0.10294117647058823,0.6838235294117647,0.10294117647058823
From_High Stress,0.0738255033557047,0.10067114093959731,0.10738255033557047,0.7181208053691275
