,To_Calm Bull,To_Moderate Bull,To_Normal,To_High Stress
From_Calm Bull,0.28378378378378377,0.25675675675675674,0.20945945945945946,0.25
From_Moderate Bull,0.18023255813953487,0.32558139534883723,0.2616279069767442,0.23255813953488372
From_Normal,0.23809523809523808,0.23214285714285715,0.24404761904761904,0.2857142857142857
From_High Stress,0.2023121387283237,0.21965317919075145,0.2947976878612717,0.2832369942196532
