,model,roll,pers,shrink
model,1.0,0.9795591235530378,0.6478401529564649,0.987450623544216
roll,0.9795591235530378,1.0,0.7237562691374132,0.9883427892894626
pers,0.6478401529564649,0.7237562691374132,1.0,0.67831106023783
shrink,0.987450623544216,0.9883427892894626,0.67831106023783,1.0
