date,method,cond_number_hat,cond_number_real,min_eig_hat,min_eig_real,logeig_mse_top,logeig_mse_mid,logeig_mse_bot,inv_frob_sq,leverage_l1
2017-01-09,D0_pca8,9715.374509144167,2285.5209214410884,2.2587528224981545e-07,3.0040753989326947e-06,33.244456182160036,,6.696388056279612,1374260687100104.0,3.140127769813811
2017-01-09,rolling,9964.326667632931,2285.5209214410884,0.0011317342071828784,3.0040753989326947e-06,5.6191454778885355,,35.183122484265134,8930247640928.438,1.1615482793027028
2017-01-09,ewma,9952.513140205307,2285.5209214410884,0.0006368042051152735,3.0040753989326947e-06,4.696176173645359,,28.69200733465894,8895263494150.627,1.2728575970269205
2017-01-09,ledoit_wolf,106.85629270356499,2285.5209214410884,0.05377836113750627,3.0040753989326947e-06,15.241998296435508,,95.89611721290963,8974689977928.312,1.0030162781689058
2017-01-09,oas,2407.681457451679,2285.5209214410884,0.004409416626395576,3.0040753989326947e-06,7.17108339247316,,53.16637342432165,8964139419364.896,1.0090343886749402
2017-01-09,shrink,7777.126944990767,2285.5209214410884,0.001131734207185088,3.0040753989326947e-06,14.416668763546514,,35.1831224842746,8931370453363.607,1.0807121182597839
2017-01-09,persistence,3165.1211889468964,2285.5209214410884,2.2515743560747874e-06,3.0040753989326947e-06,0.1390704814451521,,0.0831399766513949,4785319253465.597,2.187540472178496
2017-01-17,D0_pca8,9897.829065987104,2315.4955169734762,6.36152085369847e-07,2.9537409808744114e-06,32.519573484576156,,2.357419009621606,147684207876625.56,2.8799263690306067
2017-01-17,rolling,9967.923049548986,2315.4955169734762,0.001131326570920522,2.9537409808744114e-06,5.600978564912911,,35.379576529309375,9237546835034.73,1.1289739177724074
2017-01-17,ewma,9943.423800143231,2315.4955169734762,0.0004677857812340205,2.9537409808744114e-06,4.257446310472348,,25.653593157712073,9174463804512.03,1.2960837088681703
2017-01-17,ledoit_wolf,106.89563204783832,2315.4955169734762,0.053758694591468946,2.9537409808744114e-06,15.614169428352929,,96.22016643645847,9283191034783.13,1.0030181329679313
2017-01-17,oas,2409.476337181386,2315.4955169734762,0.004406200626944897,2.9537409808744114e-06,7.245468553902008,,53.40240952887517,9272380130654.016,1.0081018042232879
2017-01-17,shrink,7779.940836093193,2315.4955169734762,0.0011313265709232872,2.9537409808744114e-06,14.37655386566729,,35.379576529324,9238733870920.305,1.0603619454226
2017-01-17,persistence,3056.8231927307725,2315.4955169734762,2.2628165767539188e-06,2.9537409808744114e-06,0.10120599243689003,,0.07100204138926566,4787113312788.227,1.844352823887162
2017-01-24,D0_pca8,9904.407264547512,2174.957267961687,7.124275582105936e-07,3.0713027425086917e-06,32.76566624424812,,2.1350405173971296,114243258385247.62,2.8881671365579695
2017-01-24,rolling,9969.841648089812,2174.957267961687,0.0011310981744999096,3.0713027425086917e-06,5.574504497569719,,34.91441535541786,8542122967882.523,1.0782158176450207
2017-01-24,ewma,9932.01101195361,2174.957267961687,0.00034370451718504757,3.0713027425086917e-06,3.9354258844394976,,22.256506339430267,8445933925220.631,1.3212612872317293
2017-01-24,ledoit_wolf,106.91368913455388,2174.957267961687,0.053748449487091815,3.0713027425086917e-06,15.099653026937219,,95.45227385270425,8586061105259.943,1.003238971363318
2017-01-24,oas,2410.433976473067,2174.957267961687,0.004404443656275813,3.0713027425086917e-06,7.024692968345872,,52.827706478608135,8575631762621.74,1.0075369813232464
2017-01-24,shrink,7781.434598073527,2174.957267961687,0.001131098174498035,3.0713027425086917e-06,14.282062489676736,,34.91441535542503,8543277133619.176,1.0290893688380256
2017-01-24,persistence,2697.847477011555,2174.957267961687,2.13375597725139e-06,3.0713027425086917e-06,0.1726860614322407,,0.13265466280726995,5698653876355.139,1.9873534270876352
2017-01-31,D0_pca8,9714.918807806516,2431.6337149352444,2.107164827596547e-07,2.6628064729176864e-06,34.25799540226114,,6.434430848055899,1552490616376491.5,3.1049733682233165
2017-01-31,rolling,9976.751290768294,2431.6337149352444,0.0011303127047791477,2.6628064729176864e-06,5.599842488513046,,36.61301077874724,11371186412610.3,1.0704620123522592
2017-01-31,ewma,9903.892153851823,2431.6337149352444,0.00025296953395270694,2.6628064729176864e-06,3.5644176902246145,,20.73789645498939,11206566072792.293,1.4516714186096706
2017-01-31,ledoit_wolf,106.99162282235075,2431.6337149352444,0.05370994231850951,2.6628064729176864e-06,16.01987870406846,,98.24719689443084,11422621955234.08,1.0034288484218636
2017-01-31,oas,2413.8835355306715,2431.6337149352444,0.004398267607702748,2.6628064729176864e-06,7.189803122659041,,54.90195001933431,11410470313003.855,1.0086323764442426
2017-01-31,shrink,7786.813015698404,2431.6337149352444,0.0011303127047800903,2.6628064729176864e-06,14.98070112587377,,36.613010778756475,11372274577239.807,1.02313576247516
2017-01-31,persistence,2090.4432480902638,2431.6337149352444,2.916618690851756e-06,2.6628064729176864e-06,0.031678530891295215,,0.008289064275501573,3502451593985.499,1.582178644622976
2017-02-07,D0_pca8,9908.04553339732,2132.1358803086755,8.087363247981494e-07,2.0922073955320073e-06,29.27118603547425,,0.9034526501457354,65157983545741.96,2.4889981630470164
2017-02-07,rolling,9974.959075188674,2132.1358803086755,0.0011305092971432553,2.0922073955320073e-06,6.295101801979344,,39.59182312104313,18437895227461.59,1.0840959167241053
2017-02-07,ewma,9830.166732695941,2132.1358803086755,0.0001870507674824669,2.0922073955320073e-06,3.912030092726617,,20.188485999526705,18141489819598.21,1.4603984272915302
2017-02-07,ledoit_wolf,106.96968378136938,2132.1358803086755,0.05372004159209758,2.0922073955320073e-06,17.82302619458243,,103.08993277522941,18503180406778.99,1.003607782244627
2017-02-07,oas,2412.98849270154,2132.1358803086755,0.004399841023272482,2.0922073955320073e-06,8.34323517088884,,58.53938525295432,18487736921318.97,1.0094940668274324
2017-02-07,shrink,7785.414903184095,2132.1358803086755,0.0011305092971454688,2.0922073955320073e-06,16.523720407746065,,39.591823121048954,18439333492989.33,1.0288246286374039
2017-02-07,persistence,2285.52092144054,2132.1358803086755,3.004075398933415e-06,2.0922073955320073e-06,0.13282850645300928,,0.13086306921656915,5871734291561.658,1.4706072386826927
2017-02-14,D0_pca8,9726.885657584497,2431.572343233766,2.1889894288545866e-07,1.9571179997593134e-06,29.697177063756282,,4.798789824789994,1342662260030966.5,3.2272967640335724
2017-02-14,rolling,1729.6981467440764,2431.572343233766,2.7633811068139524e-06,1.9571179997593134e-06,0.04457338789633576,,0.1190124676921845,11034736803695.566,2.889601188118789
2017-02-14,ewma,1881.1692432227428,2431.572343233766,2.8443759403001184e-06,1.9571179997593134e-06,0.07382876573301277,,0.13977918676746173,10812064241902.328,2.7830293488999236
2017-02-14,ledoit_wolf,19.91760759263944,2431.572343233766,0.00012934380630008835,1.9571179997593134e-06,0.1374179036788776,,17.564485510810204,20637515835792.035,1.4898714391725758
2017-02-14,oas,35.8440224087497,2431.572343233766,8.98363235208144e-05,1.9571179997593134e-06,0.045183743782686574,,14.642223966653214,20462341760811.863,1.7246803393964287
2017-02-14,shrink,212.18492854295488,2431.572343233766,1.6683043638279543e-05,1.9571179997593134e-06,0.02645813871956587,,5.7946742472714154,19703766573779.695,1.943832466390492
2017-02-14,persistence,2315.4955169741856,2431.572343233766,2.9537409808735063e-06,1.9571179997593134e-06,0.14484923120273993,,0.16941401736196768,6898385082762.305,1.4681933942620227
2017-02-22,D0_pca8,9645.141616538927,2974.19412901294,2.2760841078115908e-07,2.0305695876473026e-06,27.033744791576567,,4.789274277054746,1274381926401977.0,4.156964027962448
2017-02-22,rolling,1702.8942429708193,2974.19412901294,2.5695440450150777e-06,2.0305695876473026e-06,0.046881832098596546,,0.055418822330236275,9697815620096.922,3.112078998247738
2017-02-22,ewma,1585.2261700490653,2974.19412901294,2.6227308471235293e-06,2.0305695876473026e-06,0.09304743949309562,,0.0654846222071397,9379469056620.777,3.1049876089978454
2017-02-22,ledoit_wolf,17.726787614432144,2974.19412901294,0.0001270320468312258,2.0305695876473026e-06,0.24130803731663936,,17.10750990194048,19138098839842.473,1.4084462527218538
2017-02-22,oas,32.622829465717835,2974.19412901294,8.813828511879736e-05,2.0305695876473026e-06,0.10117375945137294,,14.217350328279753,18964528877396.1,1.6561254223989652
2017-02-22,shrink,208.30917309517017,2974.19412901294,1.5851529518954598e-05,2.0305695876473026e-06,0.05258549277970957,,5.36379907146653,18159156739555.62,1.9842720455852891
2017-02-22,persistence,2174.95726796244,2974.19412901294,3.071302742507633e-06,2.0305695876473026e-06,0.22722014955511294,,0.17121828447709722,6330415675583.819,1.512092557606941
2017-03-01,D0_pca8,9616.926927923989,2822.6177989709386,1.7950194487344851e-07,1.6543708784178293e-06,25.421616397016216,,4.9327746915558635,1978483690991469.5,4.375101896666685
2017-03-01,rolling,1720.8120294714638,2822.6177989709386,2.5366270419663034e-06,1.6543708784178293e-06,0.12158917659267302,,0.18268294058977558,15802717986740.676,3.167757511418072
2017-03-01,ewma,1576.3254257586505,2822.6177989709386,2.5309978144971523e-06,1.6543708784178293e-06,0.20322443254970052,,0.18078875222846674,15191706343761.117,3.2519921810751113
2017-03-01,ledoit_wolf,18.06913697219776,2822.6177989709386,0.00012479608811585764,1.6543708784178293e-06,0.10423793911922596,,18.690574529608647,28963933516151.617,1.338812750105689
2017-03-01,oas,33.59372173366032,2822.6177989709386,8.589426217688432e-05,1.6543708784178293e-06,0.0402398488753513,,15.600095606962716,28742837969157.8,1.5511950531615921
2017-03-01,shrink,216.0434746545148,2822.6177989709386,1.5256755157474775e-05,1.6543708784178293e-06,0.06372945581508896,,5.973316221496536,27670898102417.28,1.871466086835199
2017-03-01,persistence,2431.633714934295,2822.6177989709386,2.6628064729187283e-06,1.6543708784178293e-06,0.28505469558777874,,0.22653754085305539,9873864279872.879,1.6322327133671117
2017-03-08,D0_pca8,9486.008056707247,2781.803194532185,1.5590465010590418e-07,1.575698238191881e-06,25.253010303425974,,5.35090995231857,2628541729257061.5,4.120315781011297
2017-03-08,rolling,1648.5075721523608,2781.803194532185,2.5185858141859596e-06,1.575698238191881e-06,0.13435530620657127,,0.2199598947451115,17660395457959.805,2.884689216381946
2017-03-08,ewma,1850.3738298441701,2781.803194532185,2.33374412994258e-06,1.575698238191881e-06,0.0976701608659397,,0.1542723534647041,16675821194063.18,2.923188626381015
2017-03-08,ledoit_wolf,18.096954724817852,2781.803194532185,0.0001211595987565527,1.575698238191881e-06,0.08510405753399562,,18.856520684398298,31939795512011.992,1.4682086742614358
2017-03-08,oas,33.43258994032294,2781.803194532185,8.317667315703698e-05,1.575698238191881e-06,0.03831521744300513,,15.731280382816985,31695446498470.426,1.6886669122855267
2017-03-08,shrink,194.74142684142893,2781.803194532185,1.5946385309899952e-05,1.575698238191881e-06,0.06949535245289826,,6.351589840745711,30615052175867.71,1.8924817059216759
2017-03-08,persistence,2132.1358803092144,2781.803194532185,2.092207395531481e-06,1.575698238191881e-06,0.11808947435766545,,0.08038417001997772,9591091797586.05,1.8623645406949185
2017-03-15,D0_pca8,9752.897011998239,2970.9162616292047,2.2899117449582456e-07,1.5641429243694637e-06,27.448062952890105,,3.691801438245334,1177667795357580.8,3.958263457854736
2017-03-15,rolling,1556.052972043617,2970.9162616292047,2.5066797800352497e-06,1.5641429243694637e-06,0.1505364446823177,,0.22242619641161016,18148264336796.11,2.6890536103494505
2017-03-15,ewma,1757.2006049333606,2970.9162616292047,2.067139910179584e-06,1.5641429243694637e-06,0.061693430384715586,,0.07774493568543553,16958150003033.656,2.647435958351217
2017-03-15,ledoit_wolf,15.429309341394907,2970.9162616292047,0.00012745757468867044,1.5641429243694637e-06,0.11656328635701856,,19.36391539175495,32450546116654.38,1.4020258865600472
2017-03-15,oas,29.749268303383186,2970.9162616292047,8.626661032363305e-05,1.5641429243694637e-06,0.05282693352312693,,16.080933860476126,32208823228095.9,1.6118106773133922
2017-03-15,shrink,184.8263738841302,2970.9162616292047,1.590246541608012e-05,1.5641429243694637e-06,0.08394231638976615,,6.26912770654688,31099118992182.234,1.8034468949062834
2017-03-15,persistence,2431.5723432339623,2970.9162616292047,1.957117999759153e-06,1.5641429243694637e-06,0.07705477025447985,,0.05023642321009179,9606249955715.494,1.8106691693183088
2017-03-22,D0_pca8,9648.435490750266,2802.49014968112,1.8330065608068114e-07,1.4757904673637115e-06,26.292757801014254,,4.350630568827674,1843117575567905.5,3.444701220207253
2017-03-22,rolling,1693.5225311258457,2802.49014968112,2.412825030080222e-06,1.4757904673637115e-06,0.12967854847106575,,0.24167474174367792,20681345087911.04,2.579915037784616
2017-03-22,ewma,2634.0957767042455,2802.49014968112,2.1741114811166073e-06,1.4757904673637115e-06,0.04804971167311676,,0.15009897729044952,19726182894016.523,2.7320278782306966
2017-03-22,ledoit_wolf,19.454271642905585,2802.49014968112,0.00011315124240721427,1.4757904673637115e-06,0.05591489775742512,,18.831528667363777,36421255900015.67,1.4901047189784822
2017-03-22,oas,33.89458881253863,2802.49014968112,8.036127117067287e-05,1.4757904673637115e-06,0.021391346111541927,,15.978710580920023,36176490694571.86,1.6754488702756685
2017-03-22,shrink,194.45975101299427,2802.49014968112,1.5487240501696977e-05,1.4757904673637115e-06,0.059021718924485635,,6.510859244637537,35091234541673.7,1.8413686177159145
2017-03-22,persistence,2974.1941290125415,2802.49014968112,2.0305695876475745e-06,1.4757904673637115e-06,0.0985529938387091,,0.10183910445519676,11196352522626.371,2.0069489882141096
2017-03-29,D0_pca8,9660.162872773079,2391.63868010876,1.7031740325020396e-07,1.8513747301732415e-06,29.96094371835651,,5.693065834133426,2239757907345077.0,4.14942874267401
2017-03-29,rolling,1787.0193938963391,2391.63868010876,2.3431127145536714e-06,1.8513747301732415e-06,0.00697441691065627,,0.05548459933465001,11932165387323.354,2.79340118246877
2017-03-29,ewma,2480.4990685530797,2391.63868010876,1.8990648653957263e-06,1.8513747301732415e-06,0.05820113418384788,,0.0006468433295069409,11779322041262.305,3.1714719770949693
2017-03-29,ledoit_wolf,21.51638400683206,2391.63868010876,0.00010689562753897437,1.8513747301732415e-06,0.22209509926157073,,16.4505188735502,22984764663534.39,1.5320619730266263
2017-03-29,oas,38.395086058352,2391.63868010876,7.424880223537947e-05,1.8513747301732415e-06,0.09279304403717674,,13.627118050346917,22762813269341.36,1.734515105427522
2017-03-29,shrink,202.76953876843737,2391.63868010876,1.518146358832981e-05,1.8513747301732415e-06,0.03042727606136813,,5.380073453698289,21952248565985.68,1.9268685262185437
2017-03-29,persistence,2822.6177989708385,2391.63868010876,1.6543708784178873e-06,1.8513747301732415e-06,0.04111306515918027,,0.012657958601331721,8614709839397.491,2.0096255309751827
2017-04-05,D0_pca8,9569.762230773744,2249.038796393393,1.7377915293850378e-07,2.482390296240969e-06,32.47951932123605,,7.071273349476402,2254306253728992.0,3.7010807875737806
2017-04-05,rolling,1750.7571921476895,2249.038796393393,2.3342708254111343e-06,2.482390296240969e-06,0.07755643545992164,,0.003784998017224759,6730172786265.111,2.789166528752841
2017-04-05,ewma,2157.544238695303,2249.038796393393,1.8109219142802578e-06,2.482390296240969e-06,0.27998130959617895,,0.09946814937913775,8286234769527.308,3.0778506480714403
2017-04-05,ledoit_wolf,20.29561774030941,2249.038796393393,0.00010881991167558167,2.482390296240969e-06,0.6090879963965052,,14.291968623167055,12667710268225.348,1.5387483360253966
2017-04-05,oas,36.40707314068409,2249.038796393393,7.568685901253892e-05,2.482390296240969e-06,0.3665507068111842,,11.678501358288514,12505012096752.844,1.7490026315998664
2017-04-05,shrink,213.54353656475436,2249.038796393393,1.4095494008439568e-05,2.482390296240969e-06,0.20421108778258662,,3.8755141458741043,11853267853863.342,1.9477959663634727
2017-04-05,persistence,2781.803194533691,2249.038796393393,1.5756982381910326e-06,2.482390296240969e-06,0.27619417776281385,,0.2065913333807306,10649659362077.453,2.114962581417193
2017-04-12,D0_pca8,9834.027493788617,2132.9336492398693,2.799597547501467e-07,2.930868534540923e-06,37.09868069857185,,5.515006023880986,884267218617894.6,3.117609506923458
2017-04-12,rolling,1665.9783124083797,2132.9336492398693,2.1370099898239146e-06,2.930868534540923e-06,0.2772659542228944,,0.0997871425217304,5998253810659.299,2.8758877859215706
2017-04-12,ewma,2124.1459913674266,2132.9336492398693,1.5798789442998062e-06,2.930868534540923e-06,0.6981527538285658,,0.38186255959897697,10025857366170.018,3.049052103681645
2017-04-12,ledoit_wolf,17.21356015485756,2132.9336492398693,0.00010613220702000902,2.930868534540923e-06,1.137333583275299,,12.88369482864405,9008320160194.102,1.489454671328774
2017-04-12,oas,35.65895716945527,2132.9336492398693,6.798585485370656e-05,2.930868534540923e-06,0.7124186711871144,,9.8847393509966,8826980425440.055,1.7474448805268914
2017-04-12,shrink,249.76972191285034,2132.9336492398693,1.0659669939276857e-05,2.930868534540923e-06,0.472483830704451,,2.590245961413373,8185877525283.884,2.0200371677551905
2017-04-12,persistence,2970.9162616283515,2132.9336492398693,1.5641429243699112e-06,2.930868534540923e-06,0.48441214677572386,,0.3943343736427096,12629044632387.27,1.6500137578848821
2017-04-20,D0_pca8,9729.691891583669,2702.503583742401,1.7341205733982984e-07,3.3143798403104318e-06,37.627737948862034,,8.704563627552869,2353904967346884.0,4.267841661317445
2017-04-20,rolling,2080.2176755240403,2702.503583742401,1.76802870041433e-06,3.3143798403104318e-06,0.7136184535106652,,0.39489292957871536,8242046725468.093,2.8883466595717127
2017-04-20,ewma,2328.14705312945,2702.503583742401,1.592094321856723e-06,3.3143798403104318e-06,0.8088313597483191,,0.5376113775509046,10075797436604.656,2.9395675779421437
2017-04-20,ledoit_wolf,40.07155434000392,2702.503583742401,6.019751183933545e-05,3.3143798403104318e-06,1.4180391257235887,,8.406289601101395,6778618388411.609,1.7878894693801806
2017-04-20,oas,47.20423893474353,2702.503583742401,5.3789727096643855e-05,3.3143798403104318e-06,1.323502146498695,,7.766319397435785,6722573662990.501,1.8568844133184108
2017-04-20,shrink,294.95078697556295,2702.503583742401,9.02876004757017e-06,3.3143798403104318e-06,1.0700814254510462,,1.7652924158243013,6172350283806.071,2.093448312945915
2017-04-20,persistence,2802.4901496828056,2702.503583742401,1.475790467362822e-06,3.3143798403104318e-06,0.6857058628639856,,0.654604616344614,16511256788823.646,1.529625168499723
2017-04-27,D0_pca8,9429.442151405714,2739.523046523575,1.3146098087581383e-07,3.1522042379577504e-06,33.05589429232155,,10.094217762583465,4010810304747077.0,3.9252268862298108
2017-04-27,rolling,2278.2451158922054,2739.523046523575,1.828568949623314e-06,3.1522042379577504e-06,0.5103807085852876,,0.2965543832678134,7701943687876.931,3.0044249241011816
2017-04-27,ewma,2502.5322871937274,2739.523046523575,1.8781597277337806e-06,3.1522042379577504e-06,0.4319695497452051,,0.2681264937375517,7051397346759.004,3.067010650125872
2017-04-27,ledoit_wolf,48.38412551945911,2739.523046523575,5.818340857807017e-05,3.1522042379577504e-06,1.069716697727824,,8.500128423935747,7512042272760.039,1.874807954235956
2017-04-27,oas,58.38381944325291,2739.523046523575,5.092589707080507e-05,3.1522042379577504e-06,0.9826228168569978,,7.741022533852532,7439563380506.983,1.951275005307465
2017-04-27,shrink,296.9532095576287,2739.523046523575,1.0126778834830285e-05,3.1522042379577504e-06,0.81332562727288,,2.1670789882861228,6961649921046.883,2.067245307522612
2017-04-27,persistence,2391.6386801083486,2739.523046523575,1.8513747301735598e-06,3.1522042379577504e-06,0.24060660438810771,,0.28320840290606153,8327402823696.527,1.6983632699149955
2017-05-04,D0_pca8,9783.342749889156,2661.917454288838,2.0954145970395493e-07,2.472106265548812e-06,33.79854341383554,,6.09052951860598,1566584459865854.0,3.7478238114111146
2017-05-04,rolling,2019.5256946616696,2661.917454288838,2.0356447524354878e-06,2.472106265548812e-06,0.10606875347668102,,0.03773610810782048,7527769729955.868,2.894331445548353
2017-05-04,ewma,2414.0646399403413,2661.917454288838,2.567646334035897e-06,2.472106265548812e-06,0.03403135895825521,,0.001437859248056212,6265806986633.943,2.7469783049907526
2017-05-04,ledoit_wolf,32.22301279984411,2661.917454288838,7.835215923449702e-05,2.472106265548812e-06,0.5242728859421104,,11.944921734785744,12616082987804.672,1.6662958065754265
2017-05-04,oas,50.317249150404415,2661.917454288838,5.795722118852144e-05,2.472106265548812e-06,0.37131919340771835,,9.951717308581271,12439339686845.355,1.8366808166276232
2017-05-04,shrink,324.10340454364825,2661.917454288838,9.701090638228967e-06,2.472106265548812e-06,0.24828298431418877,,2.8805366637681034,11675632595708.78,2.0094346433982384
2017-05-04,persistence,2249.0387963921785,2661.917454288838,2.4823902962423117e-06,2.472106265548812e-06,0.026616620309268497,,1.7234097822075403e-05,4224729342206.7905,1.5743041290310387
2017-05-11,D0_pca8,9750.8007797735,2761.1055380581865,1.9114751890876758e-07,2.5900620564884322e-06,33.73834558180822,,6.793252092507714,1893271843668038.8,3.695332491359618
2017-05-11,rolling,2004.3747558747855,2761.1055380581865,2.048951468154582e-06,2.5900620564884322e-06,0.1510026780407939,,0.05492158646526925,7113207717063.736,2.62236335312272
2017-05-11,ewma,2115.3694454939873,2761.1055380581865,2.5389297062005625e-06,2.5900620564884322e-06,0.08076519552817815,,0.0003975721340343445,5755404955766.955,2.561104715881986
2017-05-11,ledoit_wolf,30.375915470362877,2761.1055380581865,8.143810630628825e-05,2.5900620564884322e-06,0.6128985566953064,,11.889814906981268,11485416157131.166,1.6246196431373323
2017-05-11,oas,47.9264872452425,2761.1055380581865,6.009630427651258e-05,2.5900620564884322e-06,0.44207643584516026,,9.886409570701671,11321348364496.86,1.7731442430720854
2017-05-11,shrink,358.37753302423806,2761.1055380581865,8.792687990795026e-06,2.5900620564884322e-06,0.2984929372481865,,2.6832477582837675,10571919423762.162,1.9199573266909804
2017-05-11,persistence,2132.9336492400535,2761.1055380581865,2.9308685345406672e-06,2.5900620564884322e-06,0.11995205251710547,,0.015281144621090061,3510046100552.5566,1.5937132727572159
2017-05-18,D0_pca8,9792.273928164876,2248.0117207446947,3.0425031966045883e-07,2.177489828105066e-06,30.298926196187143,,3.8733169514540307,695116220059130.8,3.479472565745572
2017-05-18,rolling,2195.1312283584357,2248.0117207446947,2.271414271303924e-06,2.177489828105066e-06,0.050118059782505796,,0.0017833633677613633,8772608063521.56,2.778036917245275
2017-05-18,ewma,2864.648347508775,2248.0117207446947,3.001973498277354e-06,2.177489828105066e-06,0.06166192687685296,,0.10310329667045977,8400354923047.332,2.620845532660587
2017-05-18,ledoit_wolf,37.76995431712914,2248.0117207446947,8.32108208505442e-05,2.177489828105066e-06,0.3099102015305254,,13.2729367851424,16404846280289.727,1.655198176633636
2017-05-18,oas,62.30764518028142,2248.0117207446947,5.868758827955757e-05,2.177489828105066e-06,0.19710076496010878,,10.850798742419439,16180327076826.363,1.852665497783033
2017-05-18,shrink,381.77350889711414,2248.0117207446947,1.0056345616277746e-05,2.177489828105066e-06,0.1160914570718706,,3.5589719310751584,15374572940810.96,2.0199646111214906
2017-05-18,persistence,2702.5035837434157,2248.0117207446947,3.314379840309192e-06,2.177489828105066e-06,0.19078216013620033,,0.17648200479205092,5687061016842.121,1.707369000137242
2017-05-25,D0_pca8,9544.637033434557,2690.030857952826,1.4747888220385165e-07,2.232264556795283e-06,29.54071911964495,,7.3825265458722695,3069415225706818.5,3.5290049691732825
2017-05-25,rolling,2196.9823587646115,2690.030857952826,2.3388157578207362e-06,2.232264556795283e-06,0.03567057238540145,,0.0021741823141712365,8212639315773.217,2.9623714699805546
2017-05-25,ewma,2496.6540863234313,2690.030857952826,2.7534894787845513e-06,2.232264556795283e-06,0.023640315066255267,,0.044038011887098896,7740459514425.196,2.7193960372991444
2017-05-25,ledoit_wolf,37.21231266711975,2690.030857952826,8.65468878250632e-05,2.232264556795283e-06,0.2918206564547543,,13.378544853832967,15618634456934.451,1.6470558803380646
2017-05-25,oas,60.65149824290886,2690.030857952826,6.16935010537835e-05,2.232264556795283e-06,0.18177744277615188,,11.016833698306495,15415284972475.621,1.8148113860788093
2017-05-25,shrink,363.1831780765183,2690.030857952826,1.0723055178383136e-05,2.232264556795283e-06,0.10470377680630397,,3.6467815698992303,14653942219451.219,1.9635160570933239
2017-05-25,persistence,2739.523046524214,2690.030857952826,3.152204237957007e-06,2.232264556795283e-06,0.1135519734941082,,0.1190838428396965,5062085959413.821,1.9244838580301062
2017-06-02,D0_pca8,9688.588241946925,2979.9616886890076,1.7529040328973782e-07,2.5091793469171134e-06,32.003678918469056,,7.0823136924229555,2233372106584673.2,3.679540330261188
2017-06-02,rolling,1966.406432535463,2979.9616886890076,2.247778556346447e-06,2.5091793469171134e-06,0.07589938556141676,,0.0121029217104872,6905049032779.243,2.7202386507240233
2017-06-02,ewma,2179.1962009844938,2979.9616886890076,2.4219995201044928e-06,2.5091793469171134e-06,0.031746412284037955,,0.0012504911952946874,6205821728160.386,2.637791009357406
2017-06-02,ledoit_wolf,26.641176779806003,2979.9616886890076,9.560827824545024e-05,2.5091793469171134e-06,0.5025706396055398,,13.251807930285384,12342157309392.828,1.4813540691157328
2017-06-02,oas,46.99353385936915,2979.9616886890076,6.597226865117544e-05,2.5091793469171134e-06,0.3094775993291243,,10.688180943739646,12159134666922.59,1.6346492972312274
2017-06-02,shrink,348.45945649013305,2979.9616886890076,9.949017440922027e-06,2.5091793469171134e-06,0.1787141154627561,,2.92645369927038,11374748235077.736,1.8502410645496392
2017-06-02,persistence,2661.9174542883593,2979.9616886890076,2.472106265549264e-06,2.5091793469171134e-06,0.003049353343287905,,0.000221569593844392,4208163111776.315,2.006211634608123
2017-06-09,D0_pca8,9585.956296503666,9990.406072344182,1.317850691616601e-07,0.002280929578098187,49.35079351942756,,95.2363967658608,4283457823862837.5,3.3415332991326347
2017-06-09,rolling,1901.3407130486835,9990.406072344182,2.334764381549317e-06,0.002280929578098187,8.0045363864194,,47.395334318515864,9355384785100.828,2.8710770639846146
2017-06-09,ewma,1913.61869760762,9990.406072344182,2.349914461717876e-06,0.002280929578098187,7.971335471615227,,47.30631993990334,9242682237078.086,2.760205361162685
2017-06-09,ledoit_wolf,27.420316826892762,9990.406072344182,9.575079623328603e-05,0.002280929578098187,9.696371951384425,,10.052637110216429,6539549552.197162,1.4922094449283256
2017-06-09,oas,45.82024508881436,9990.406072344182,6.81511458045084e-05,0.002280929578098187,9.10994556387632,,12.324385123170138,12404726863.823765,1.6557585994657402
2017-06-09,shrink,333.83003212398756,9990.406072344182,1.0676369589702187e-05,0.002280929578098187,8.581098886596145,,25.78550178527302,94131770417.47029,1.893949911788382
2017-06-09,persistence,2761.105538059373,9990.406072344182,2.59006205648732e-06,0.002280929578098187,7.047810230692738,,45.97729751859344,12047453761415.39,1.9989914388239682
2017-06-16,D0_pca8,9475.0049478375,9990.773148848375,1.3164495110453762e-07,0.0022808461853878886,47.391565115808866,,95.25644707393656,4281844474743938.5,3.7111027867058612
2017-06-16,rolling,1895.5884067040126,9990.773148848375,2.470769561200743e-06,0.0022808461853878886,7.87618717269153,,46.61846662480479,8351070229989.229,3.078395917444215
2017-06-16,ewma,2166.1567385903336,9990.773148848375,2.451078313084951e-06,0.0022808461853878886,7.7028421175118655,,46.727796936763276,8530167844452.173,2.911433050022824
2017-06-16,ledoit_wolf,26.636262349475178,9990.773148848375,0.00010292857952376619,0.0022808461853878886,9.55978396342551,,9.599254888172625,5612175346.782878,1.478201414098354
2017-06-16,oas,45.948706929673925,9990.773148848375,7.182314796513799e-05,0.0022808461853878886,8.948204042296458,,11.95842071364807,11058727876.238066,1.6723748945399866
2017-06-16,shrink,311.86285187253355,9990.773148848375,1.207419319674975e-05,0.0022808461853878886,8.437809098704857,,24.07369643347412,70448392585.1437,1.969016209446084
2017-06-16,persistence,2248.0117207447756,9990.773148848375,2.177489828104988e-06,0.0022808461853878886,7.678543687484921,,48.35990416618103,17051288976847.86,1.7160133704324423
2017-06-23,D0_pca8,9631.15934700813,9991.57331621078,1.1833495805384843e-07,0.0022806643670367052,51.9547258636983,,97.34682902509326,5232455319702855.0,3.800884391141039
2017-06-23,rolling,1873.5316078546803,9991.57331621078,2.6090117240806825e-06,0.0022806643670367052,7.697568631725012,,45.87691808020735,7484844956615.444,3.373237439783785
2017-06-23,ewma,2307.628425967822,9991.57331621078,2.4945663196193333e-06,0.0022806643670367052,7.517681963981036,,46.48657997921413,8122945002521.111,3.2366815005632543
2017-06-23,ledoit_wolf,27.782496470138913,9991.57331621078,0.00010523843310303262,0.0022806643670367052,9.214798420020495,,9.46173596422921,5283776008.866903,1.472094683296338
2017-06-23,oas,45.03233974667372,9991.57331621078,7.631705961612579e-05,0.0022806643670367052,8.711895352705096,,11.541820937093267,9689620057.815926,1.6345503008689461
2017-06-23,shrink,314.25430553093105,9991.57331621078,1.2577770762004114e-05,0.0022806643670367052,8.216346247292986,,23.420929417369372,60330169633.32631,1.8845723983980782
2017-06-23,persistence,2690.030857953466,9991.57331621078,2.2322645567947523e-06,0.0022806643670367052,7.339592860052193,,48.01388268722072,16223957389285.805,1.6782612378022903
2017-06-30,D0_pca8,9637.511570255256,9989.911136080113,1.773099824450151e-07,0.0022810420493008274,46.82879639643403,,89.53394384764837,2450030416808285.0,3.5343005395030738
2017-06-30,rolling,2004.1784713019174,9989.911136080113,2.6676301806505716e-06,0.0022810420493008274,7.555643050561137,,45.578657918851476,7161185174857.661,3.4248267704706707
2017-06-30,ewma,2691.1084339154513,9989.911136080113,2.434434729887671e-06,0.0022810420493008274,7.412220980985808,,46.822169139712784,8505098407962.577,3.406423949897878
2017-06-30,ledoit_wolf,34.227581041926385,9989.911136080113,9.835669625732121e-05,0.0022810420493008274,8.91830417751668,,9.883396817489672,5995981152.496378,1.5657523639377184
2017-06-30,oas,51.76976652605873,9989.911136080113,7.39909821041445e-05,0.0022810420493008274,8.518962898724201,,11.754231150004054,10278406289.906433,1.7523837208485329
2017-06-30,shrink,296.78838791669057,9989.911136080113,1.4255313066032076e-05,0.0022810420493008274,8.139388197184804,,22.80125293856637,51813217981.30642,1.976217444958164
2017-06-30,persistence,2979.9616886894682,9989.911136080113,2.5091793469167275e-06,0.0022810420493008274,6.929157586180281,,46.409223110385156,12837618873684.021,1.8923900652509327
2017-07-10,D0_pca8,9637.268441709371,1767.3445600947066,1.966462081357113e-07,2.4348507691418448e-06,31.242924111244037,,6.331412692816997,1743336585917566.0,3.6678609140458716
2017-07-10,rolling,9970.71793467868,1767.3445600947066,0.0008861985994257273,2.4348507691418448e-06,5.899668066348298,,34.7752600304518,13589963099394.238,1.1422582121723925
2017-07-10,ewma,9990.152527231498,1767.3445600947066,0.0023346143933926887,2.4348507691418448e-06,7.732353512599438,,47.13805805042362,13634799505316.59,1.0093468888901727
2017-07-10,ledoit_wolf,106.90492559510429,1767.3445600947066,0.042114811620616005,2.4348507691418448e-06,14.676399319642224,,95.22381188960075,13661336887263.246,1.0000852013294879
2017-07-10,oas,2410.871545801026,1767.3445600947066,0.0034505056202240943,2.4348507691418448e-06,6.981305517328208,,52.65519839473659,13644527342520.285,1.007320715316681
2017-07-10,shrink,7977.423588033437,1767.3445600947066,0.0008861985994266515,2.4348507691418448e-06,12.2785925318988,,34.77526003045392,13592423664254.166,1.075306631273208
2017-07-10,persistence,9990.406072341535,1767.3445600947066,0.002280929578098791,2.4348507691418448e-06,7.687510428931782,,46.819155796064564,13634159744088.828,1.0210388403816835
2017-07-17,D0_pca8,9762.335052569944,1872.4657608639272,3.360998237103515e-07,2.764795111209822e-06,31.07951330249683,,4.440759594051455,592883092004142.2,3.0108130070495984
2017-07-17,rolling,9973.379911079071,1872.4657608639272,0.0008859608454347842,2.764795111209822e-06,5.662831624950124,,33.28950577041795,10531846294144.404,1.1545398757814012
2017-07-17,ewma,9987.452511864363,1872.4657608639272,0.0017138465005726979,2.764795111209822e-06,6.652827362263956,,41.33883861466878,10562811836216.785,1.02585712478606
2017-07-17,ledoit_wolf,106.93345038012963,1872.4657608639272,0.04210346193912166,2.764795111209822e-06,13.705571629373438,,92.75458835211028,10595120735349.629,1.0000768364941053
2017-07-17,oas,2412.200408575862,1872.4657608639272,0.00344863817906833,2.764795111209822e-06,6.40190379517248,,50.81933046883629,10580240533392.03,1.007566362370367
2017-07-17,shrink,7979.553128678359,1872.4657608639272,0.0008859608454353658,2.764795111209822e-06,11.475387317355038,,33.289505770430694,10534041212014.246,1.0798428237966153
2017-07-17,persistence,9990.773148860439,1872.4657608639272,0.002280846185385137,2.764795111209822e-06,7.247384491901968,,45.095722743745974,10571171562724.656,1.014761898028425
2017-07-24,D0_pca8,9341.317991042184,2130.6670839644576,1.0838120677478856e-07,2.776806392893885e-06,33.871681264608306,,10.519599420838016,5725171807057056.0,3.7037011331319167
2017-07-24,rolling,9974.23615345088,2130.6670839644576,0.0008858844681444261,2.776806392893885e-06,5.474390890724605,,33.23850765088958,10440637271425.531,1.1449362626003239
2017-07-24,ewma,9984.142685988862,2130.6670839644576,0.0012582191158963896,2.776806392893885e-06,5.927424927281801,,37.40730003251622,10459566429665.188,1.0387599947864121
2017-07-24,ledoit_wolf,106.94270615100629,2130.6670839644576,0.04209979942602656,2.776806392893885e-06,13.776531951513428,,92.66943308388682,10503667484545.676,1.0000863798067903
2017-07-24,oas,2412.6278883811287,2130.6670839644576,0.003448038150695681,2.776806392893885e-06,6.28094700060957,,50.75506414268641,10488841515259.242,1.00823053562469
2017-07-24,shrink,7980.238899429922,2130.6670839644576,0.0008858844681456881,2.776806392893885e-06,11.342217272842428,,33.238507650895194,10442799354930.951,1.0695932596564635
2017-07-24,persistence,9991.573316207601,2130.6670839644576,0.0022806643670374325,2.776806392893885e-06,7.064439043423543,,45.036450213351756,10479797734307.643,1.007113273012525
2017-07-31,D0_pca8,9693.551694933478,3013.9053103939577,2.0699924207264712e-07,2.277049220120601e-06,30.580701951925544,,5.750001903247954,1570873451372761.0,3.216621267510178
2017-07-31,rolling,9974.482814204222,3013.9053103939577,0.0008858612040161908,2.277049220120601e-06,5.186087226759733,,35.565472494437515,15543940946506.86,1.0682991363460355
2017-07-31,ewma,9973.130702380897,3013.9053103939577,0.0009244338052153391,2.277049220120601e-06,5.330279031173406,,36.07564697548918,15548033293001.332,1.045994181444037
2017-07-31,ledoit_wolf,106.94409311170382,3013.9053103939577,0.0420989459973425,2.277049220120601e-06,15.362650713584078,,96.52860384027508,15620564469295.25,1.0002092944983165
2017-07-31,oas,2412.750961727087,3013.9053103939577,0.0034478605139079154,2.277049220120601e-06,6.675347921251985,,53.62088572998167,15602518863694.297,1.004576558435318
2017-07-31,shrink,7980.435633239678,3013.9053103939577,0.0008858612040187246,2.277049220120601e-06,12.298479987338329,,35.565472494445,15546168146022.072,1.0302809132173445
2017-07-31,persistence,9989.911136101307,3013.9053103939577,0.002281042049295987,2.277049220120601e-06,7.078845903753598,,47.74128442537874,15591583829278.203,1.0035389679506412
2017-08-07,D0_pca8,9711.510549111914,3857.2734294669626,2.184696695538524e-07,2.0178488207519353e-06,27.252830982580747,,4.94233371106594,1361473730655942.5,3.0231173918662946
2017-08-07,rolling,9973.687826185902,3857.2734294669626,0.0008859328236049652,2.0178488207519353e-06,5.129334260007683,,37.022462176463456,19805267629688.19,1.0472433694951282
2017-08-07,ewma,9962.447082907735,3857.2734294669626,0.0006791782463722173,2.0178488207519353e-06,4.973495132718651,,33.85902822092454,19781810380890.99,1.0485380132533648
2017-08-07,ledoit_wolf,106.93524768753431,3857.2734294669626,0.04210243177813991,2.0178488207519353e-06,16.852635177357456,,98.91950018836516,19891606722640.203,1.000201657904191
2017-08-07,oas,2412.3539906324045,3857.2734294669626,0.0034484204189141705,2.0178488207519353e-06,7.185606444515112,,55.40776240439381,19871279420373.96,1.004889805913285
2017-08-07,shrink,7979.80175745514,3857.2734294669626,0.0008859328236082013,2.0178488207519353e-06,13.179413405701027,,37.02246217647503,19807670706314.75,1.0197031640567358
2017-08-07,persistence,1767.3445600948614,3857.2734294669626,2.4348507691416394e-06,2.0178488207519353e-06,0.27041658984174977,,0.035288892478210175,6024575205025.49,1.3325571471479662
2017-08-14,D0_pca8,9639.419644387568,2678.9998352565462,1.3951236046410803e-07,1.949024581463984e-06,30.581834236958162,,6.95337057736173,3398567380549168.0,4.128003269302231
2017-08-14,rolling,9972.684757716455,2678.9998352565462,0.0008860206367355669,1.949024581463984e-06,5.651172026630053,,37.447187286156236,21231976650202.7,1.1133972890885624
2017-08-14,ewma,9949.232169056777,2678.9998352565462,0.0004991155088445565,1.949024581463984e-06,4.8926595992748325,,30.7526590418299,21167142601446.95,1.296596241775521
2017-08-14,ledoit_wolf,106.92344644199305,2678.9998352565462,0.0421068396564758,1.949024581463984e-06,16.43398805302855,,99.6130934230411,21321300314145.562,1.0000590277569743
2017-08-14,oas,2411.853302753742,2678.9998352565462,0.0034491168751319677,1.949024581463984e-06,7.407125721037784,,55.92861966375956,21300257604736.965,1.0074365315590783
2017-08-14,shrink,7978.997830971759,2678.9998352565462,0.0008860206367367594,1.949024581463984e-06,13.157535962846808,,37.447187286165345,21234619072007.41,1.0414376008204955
2017-08-14,persistence,1872.465760864127,2678.9998352565462,2.764795111209526e-06,1.949024581463984e-06,0.2001217046895396,,0.12224627457181994,6715715566651.566,1.8185246729912803
2017-08-21,D0_pca8,9664.336359056919,1878.1918224140481,1.6520572982915123e-07,1.793412419920486e-06,29.978846055247867,,5.686691184538388,2389616082827114.0,3.4755661974994454
2017-08-21,rolling,9972.36340081683,1878.1918224140481,0.0008860492362020283,1.793412419920486e-06,6.310565074206174,,38.472889092379695,25084848794052.06,1.1622242383840264
2017-08-21,ewma,9932.369505704348,1878.1918224140481,0.00036692822876079257,1.793412419920486e-06,5.022254280101917,,28.313525502975146,24957623098818.277,1.5049256480014126
2017-08-21,ledoit_wolf,106.91868867293148,1878.1918224140481,0.04210847399221489,1.793412419920486e-06,17.144351344240363,,101.2817518957755,25181994959313.695,1.0
2017-08-21,oas,2411.6929553095247,1878.1918224140481,0.003449341779996519,1.793412419920486e-06,8.110889725387306,,57.18109087907783,25159120036724.434,1.0094181086406664
2017-08-21,shrink,7978.7414673983885,1878.1918224140481,0.0008860492362022402,1.793412419920486e-06,13.557338824429968,,38.47288909238837,25087695470080.5,1.0644168957545712
2017-08-21,persistence,2130.667083964401,1878.1918224140481,2.7768063928939617e-06,1.793412419920486e-06,0.20532452859564115,,0.19112731899237279,8387499068019.695,1.9490525728033785
2017-08-28,D0_pca8,9616.600905023313,2026.837892757789,2.1205510383760635e-07,1.8413612836676965e-06,26.671411059544113,,4.671693481261493,1453885126368251.8,3.7563070468216835
2017-08-28,rolling,9973.792960074068,2026.837892757789,0.0008859230301628405,1.8413612836676965e-06,6.109691751975576,,38.14451266994658,23792858359167.887,1.1691222907114909
2017-08-28,ewma,9916.77707701801,2026.837892757789,0.0002697193219091447,1.8413612836676965e-06,4.388972931142357,,24.86893427680365,23595653344159.043,1.6215123686434105
2017-08-28,ledoit_wolf,106.93522832429716,2026.837892757789,0.042102198640003814,1.8413612836676965e-06,16.935103733315152,,100.74838645699735,23887575244722.0,1.0000238706646842
2017-08-28,oas,2412.406614066268,2026.837892757789,0.003448344938090841,1.8413612836676965e-06,7.877260260824192,,56.7783950687818,23865285818641.79,1.0080470282260374
2017-08-28,shrink,7979.888190604356,2026.837892757789,0.0008859230301637267,1.8413612836676965e-06,13.28999711102639,,38.144512669954665,23795785509399.945,1.0738024696421706
2017-08-28,persistence,3013.905310393211,2026.837892757789,2.2770492201211623e-06,1.8413612836676965e-06,0.06059096184646891,,0.045103214101559055,7157583560327.721,1.971864762189579
2017-09-05,D0_pca8,9533.419435737234,1921.1377758036995,9.998467223042803e-08,1.8065427740683123e-06,32.23531519926204,,8.376068819508365,6344164329125668.0,3.5129362431662114
2017-09-05,rolling,9974.974109076038,1921.1377758036995,0.0008858173517580802,1.8065427740683123e-06,6.208657893666599,,38.37920550958704,24720566391183.453,1.1600618547846608
2017-09-05,ewma,9897.029193939714,1921.1377758036995,0.00019834321336609155,1.8065427740683123e-06,4.065757308378336,,22.07668627906686,24420234419698.062,1.5995722622440134
2017-09-05,ledoit_wolf,106.9473819114812,1921.1377758036995,0.04209725659134553,1.8065427740683123e-06,16.963377622234226,,101.12961922185619,24817256954599.75,1.0001039563048848
2017-09-05,oas,2412.996335711697,1921.1377758036995,0.0034475160836993255,1.8065427740683123e-06,7.91419006589998,,57.06282191546202,24794514775299.227,1.0066038578445646
2017-09-05,shrink,7980.830716390707,1921.1377758036995,0.0008858173517589198,1.8065427740683123e-06,13.517836518044907,,38.37920550959119,24723623381909.28,1.071981500163766
2017-09-05,persistence,3857.27342946501,1921.1377758036995,2.017848820752957e-06,1.8065427740683123e-06,0.0975563016018922,,0.01223611993260506,7370620588203.818,2.034096414298422
2017-09-12,D0_pca8,9661.40673372364,1945.5865376551944,1.680720366757313e-07,1.5847307764142132e-06,28.105851447654608,,5.03451197441567,2279160943114727.0,3.1246867362099184
2017-09-12,rolling,9974.833160871567,1945.5865376551944,0.0008858298531330695,1.5847307764142132e-06,6.469319986365837,,40.019664280188465,32140922717343.297,1.1547647205740048
2017-09-12,ewma,9853.831034088775,1945.5865376551944,0.0001462079835202071,1.5847307764142132e-06,3.9201727931421884,,20.4721408325069,31653390427284.953,1.599932670441782
2017-09-12,ledoit_wolf,106.94536795934815,1945.5865376551944,0.04209795649298154,1.5847307764142132e-06,17.983477280720358,,103.78188226566417,32251027057588.85,1.0000281884949025
2017-09-12,oas,2412.9259081685655,1945.5865376551944,0.0034476146264118563,1.5847307764142132e-06,8.456460861494921,,59.0595737730756,32225141980120.133,1.0115172308572866
2017-09-12,shrink,7980.718149796531,1945.5865376551944,0.0008858298531354801,1.5847307764142132e-06,14.299551461467024,,40.0196642801998,32144282025065.555,1.0718902741735896
2017-09-12,persistence,2678.999835256823,1945.5865376551944,1.9490245814637882e-06,1.5847307764142132e-06,0.047592643419044046,,0.04281356027749389,9805756818836.746,2.056085542693903
2017-09-19,D0_pca8,9665.106425298194,1873.6053917914392,1.510331342027636e-07,1.5102902647176332e-06,29.397358161689056,,5.301745418699215,2790454076504432.0,3.748010901137403
2017-09-19,rolling,1897.789085465882,1873.6053917914392,2.1996799048249536e-06,1.5102902647176332e-06,0.03291864592928717,,0.14138335752511944,18949456825447.652,2.677337904037581
2017-09-19,ewma,2190.3149316786535,1873.6053917914392,2.0055598811467755e-06,1.5102902647176332e-06,0.030246423698795388,,0.080441007830813,18170024031097.93,2.645503684571733
2017-09-19,ledoit_wolf,25.459545279951147,1873.6053917914392,9.418030924414354e-05,1.5102902647176332e-06,0.12909924446520568,,17.080933629892833,34640571503198.277,1.5352615107721308
2017-09-19,oas,36.39113824801528,1873.6053917914392,7.524443074239087e-05,1.5102902647176332e-06,0.07176967581445416,,15.27589839764499,34468193745741.168,1.6617546438976234
2017-09-19,shrink,216.91508916809892,1873.6053917914392,1.3973065086640992e-05,1.5102902647176332e-06,0.01920064315984477,,6.480783551113971,33508734644710.492,1.8568136936409372
2017-09-19,persistence,1878.1918224139656,1873.6053917914392,1.7934124199205667e-06,1.5102902647176332e-06,0.039629494711577826,,0.029521500617191408,10462247858858.113,1.5690290467518204
2017-09-26,D0_pca8,9587.512924140496,1448.6067990831887,1.5564232249218428e-07,1.3453854870475648e-06,27.212592768772886,,4.652086499633933,2575923137305870.0,3.406315987410448
2017-09-26,rolling,1828.6466095997953,1448.6067990831887,2.2230460301527523e-06,1.3453854870475648e-06,0.10057189873322467,,0.2522022970475145,25329847771586.06,2.698884059646687
2017-09-26,ewma,1915.387749406976,1448.6067990831887,2.0381412490888563e-06,1.3453854870475648e-06,0.10569605367196114,,0.17252177637948923,24340020861721.105,2.6688483279318547
2017-09-26,ledoit_wolf,23.882676841999693,1448.6067990831887,9.676609569793596e-05,1.3453854870475648e-06,0.07936846856318155,,18.28088678763732,43800381420372.27,1.5014272445083814
2017-09-26,oas,33.84194177474257,1448.6067990831887,7.791738582744243e-05,1.3453854870475648e-06,0.048340760752982145,,16.475219596742534,43621190618187.55,1.6307845536334598
2017-09-26,shrink,226.0836874676714,1448.6067990831887,1.3046654922679899e-05,1.3453854870475648e-06,0.02914908994524958,,7.551954033325218,42621453445286.734,1.8521288268307357
2017-09-26,persistence,2026.8378927572357,1448.6067990831887,1.8413612836681969e-06,1.3453854870475648e-06,0.12229084732346025,,0.09848572045544757,13802831543891.195,1.3077661379094114
2017-10-03,D0_pca8,9650.307745568487,2355.948174947439,1.977926094746857e-07,2.2870561279300645e-06,30.597089717981543,,5.991710459067539,1740694493792482.0,3.710441426838549
2017-10-03,rolling,1911.120452434592,2355.948174947439,2.207476671858261e-06,2.2870561279300645e-06,0.09389749497765776,,0.0012542473964228024,8434852002775.161,2.8456818812092797
2017-10-03,ewma,1959.492011974852,2355.948174947439,1.8845807122863387e-06,2.2870561279300645e-06,0.10974942734019175,,0.037465474052216265,9166006268722.367,2.8052885362689155
2017-10-03,ledoit_wolf,26.552210345203942,2355.948174947439,9.256553720628533e-05,2.2870561279300645e-06,0.4893399168997615,,13.694817976542089,14910153929976.125,1.5047942729934176
2017-10-03,oas,37.75956219820616,2355.948174947439,7.399769983537078e-05,2.2870561279300645e-06,0.3648701188215344,,12.087916621310592,14797877006935.605,1.6302237346509878
2017-10-03,shrink,250.0000942167789,2355.948174947439,1.222854106065333e-05,2.2870561279300645e-06,0.23424420083330336,,4.9664929853127475,14255328175605.09,1.7904213220342329
2017-10-03,persistence,1921.1377758039325,2355.948174947439,1.8065427740680971e-06,2.2870561279300645e-06,0.07944540373632236,,0.0556254071287542,7659404607665.795,1.3464767238708002
2017-10-10,D0_pca8,9637.343734333857,2076.6785227985383,1.6159569212477145e-07,3.010124071387641e-06,35.03677151068812,,8.553479544540675,2649061247631916.0,2.9659571863168788
2017-10-10,rolling,2153.041200936773,2076.6785227985383,1.946595269478863e-06,3.010124071387641e-06,0.5579570498200955,,0.19000818690296323,7281806673905.604,3.33262231638555
2017-10-10,ewma,1729.548909548896,2076.6785227985383,1.6927885193382686e-06,3.010124071387641e-06,0.549370745747261,,0.3313198019296507,9093198687409.77,3.309700006156845
2017-10-10,ledoit_wolf,35.82173114975123,2076.6785227985383,7.288438231935524e-05,3.010124071387641e-06,1.230676043074239,,10.156285499606795,8402520524239.52,1.594663298210667
2017-10-10,oas,47.60957506445706,2076.6785227985383,6.027597922241485e-05,3.010124071387641e-06,1.0795445696666837,,8.981721629467932,8315490753652.145,1.7156300884771716
2017-10-10,shrink,191.31760371195313,2076.6785227985383,1.582660840453945e-05,3.010124071387641e-06,0.893600323284993,,3.662702860814168,7948725047436.479,1.8992864826446756
2017-10-10,persistence,1945.586537655503,2076.6785227985383,1.584730776413963e-06,3.010124071387641e-06,0.41794741347876146,,0.41160752655140664,12900099525836.2,1.3296469942693692
2017-10-17,D0_pca8,9529.72300850749,1929.9477453214038,1.1945511172325813e-07,3.3719494812024215e-06,37.39454948316993,,11.15758802800526,4848527625659138.0,3.7843553050357683
2017-10-17,rolling,2309.3477647112445,1929.9477453214038,1.8024337381396324e-06,3.3719494812024215e-06,0.958859436538648,,0.3923180449358763,8257821471655.613,3.2266267174414276
2017-10-17,ewma,1548.7190576794178,1929.9477453214038,1.5609869791782933e-06,3.3719494812024215e-06,0.8939468087185098,,0.593165547220293,10896728425873.309,3.134605806040991
2017-10-17,ledoit_wolf,42.87620738009508,1929.9477453214038,6.278483007477172e-05,3.3719494812024215e-06,1.7209508718678532,,8.551075160094252,6579380415797.582,1.6744993896770204
2017-10-17,oas,57.29895370781609,1929.9477453214038,5.137926306162028e-05,3.3719494812024215e-06,1.552629450422222,,7.418777637271122,6486095161270.807,1.7972907532521003
2017-10-17,shrink,199.63575454955026,1929.9477453214038,1.5037007273210947e-05,3.3719494812024215e-06,1.400071632891465,,3.0947239145566523,6198742377584.949,1.8774070372567784
2017-10-17,persistence,1873.605391791192,1929.9477453214038,1.5102902647178338e-06,3.3719494812024215e-06,0.6722508429893508,,0.6451122998086104,16179129600064.713,1.3851378013977749
2017-10-24,D0_pca8,9594.330809200477,1764.4195349881993,1.664923771847724e-07,3.701528214004333e-06,35.652638995912966,,9.619586240118824,2550901694445177.0,2.984497936008108
2017-10-24,rolling,1697.7810860691184,1764.4195349881993,1.6999861953159495e-06,3.701528214004333e-06,1.1914257800532888,,0.6054790081483024,9379747041488.416,3.165650571544647
2017-10-24,ewma,1320.6417176601715,1764.4195349881993,1.5586375989685324e-06,3.701528214004333e-06,1.0979876152497594,,0.7481095928170476,11108449225759.758,3.0074745249077326
2017-10-24,ledoit_wolf,21.996890477642932,1764.4195349881993,7.448117861951849e-05,3.701528214004333e-06,2.378794524993862,,9.01080585496808,5473963985106.406,1.498086143450915
2017-10-24,oas,26.70615611077236,1764.4195349881993,6.626394962184245e-05,3.701528214004333e-06,2.2009835199659133,,8.322647910614371,5432851433036.584,1.5740666040055042
2017-10-24,shrink,147.93950682043166,1764.4195349881993,1.4121357897304838e-05,3.701528214004333e-06,1.7034426671407967,,2.627959322191059,5048403924442.219,1.8106102101406278
2017-10-24,persistence,1448.6067990832405,1764.4195349881993,1.3453854870475158e-06,3.701528214004333e-06,1.0831385833437104,,1.024274982502767,23603358814641.82,1.3602478852886717
2017-10-31,D0_pca8,9416.054773428321,9989.330141533026,1.2995599941779746e-07,0.0030330619015265722,51.917603895359754,,101.16094152717099,4440856483092712.5,3.7542870376564306
2017-10-31,rolling,1413.091179924707,9989.330141533026,1.8310820125171897e-06,0.0030330619015265722,10.563390817964342,,54.943974929623906,15204631226347.527,2.207406358789133
2017-10-31,ewma,2477.283749622258,9989.330141533026,2.167289387599073e-06,0.0030330619015265722,8.988749472718341,,52.4733657076478,10721768296315.867,2.2452834875538854
2017-10-31,ledoit_wolf,12.358444716580479,9989.330141533026,9.947897200637068e-05,0.0030330619015265722,13.806347991898814,,11.678497149619051,6420912400.590274,1.227642622418582
2017-10-31,oas,20.402637340339556,9989.330141533026,7.561597748337036e-05,0.0030330619015265722,12.77035827821954,,13.628355775748167,10486931584.898436,1.3406422487576943
2017-10-31,shrink,145.24067788163484,9989.330141533026,1.3372095267523245e-05,0.0030330619015265722,11.6359390265228,,26.21819201970688,64192373829.03321,1.5177764963964753
2017-10-31,persistence,2355.9481749488323,9989.330141533026,2.2870561279287126e-06,0.0030330619015265722,8.550011115546724,,51.696991894635346,15462928261101.535,1.3409503745579252
2017-11-07,D0_pca8,9493.624158393422,9990.732330406001,1.2045527772986952e-07,0.0030326410291058514,53.142001125150635,,102.69101591353062,5008908685671728.0,4.049495692781612
2017-11-07,rolling,1236.75754085129,9990.732330406001,2.197389489851975e-06,0.0030326410291058514,9.801386526395802,,52.27172340495271,10558876297400.977,1.9819222426609313
2017-11-07,ewma,2237.3452717728755,9990.732330406001,3.044921218392585e-06,0.0030326410291058514,7.881435502849771,,47.66126408266781,5488852522423.154,1.9916405340880927
2017-11-07,ledoit_wolf,6.578169792372917,9990.732330406001,0.00014840279163769236,0.0030326410291058514,13.945759172280015,,9.103851855500071,3064823548.42413,1.0809301818575288
2017-11-07,oas,19.22907889631331,9990.732330406001,8.704319117384603e-05,0.0030326410291058514,11.632369925227115,,12.608071905716258,7906915707.874451,1.228841223577977
2017-11-07,shrink,151.51990675084053,9990.732330406001,1.5596127862763425e-05,0.0030326410291058514,10.453979910410208,,25.066579148660026,54454031917.45708,1.3536014200803783
2017-11-07,persistence,2076.678522798883,9990.732330406001,3.0101240713871457e-06,0.0030326410291058514,7.805813596135453,,47.82009499075658,8922163318287.352,1.2361983959283003
2017-11-14,D0_pca8,9315.94434086273,9991.73250223073,1.1303790570738621e-07,0.003032336999689726,49.807096493292605,,103.98109537990467,5682673897596431.0,4.124314900485819
2017-11-14,rolling,1204.8556535452037,9991.73250223073,2.3127900914811688e-06,0.003032336999689726,9.662799191770887,,51.53278364645598,9529262224928.514,2.055930410506362
2017-11-14,ewma,1808.7966697009554,9991.73250223073,2.9259909462351884e-06,0.003032336999689726,8.153348549740935,,48.21157203720674,5894940935065.606,1.9996613435797117
2017-11-14,ledoit_wolf,7.244117189312618,9991.73250223073,0.00014928192436805164,0.003032336999689726,13.366838509025774,,9.067640136383801,2962212264.297995,1.0712408935461366
2017-11-14,oas,18.43489238405973,9991.73250223073,9.2621206284165e-05,0.003032336999689726,11.463266356124448,,12.170125897253984,6943425731.442652,1.2113382423189065
2017-11-14,shrink,151.1845540460338,9991.73250223073,1.594293636097943e-05,0.003032336999689726,10.292724813578525,,24.596029093695375,48882464389.579834,1.407086353306393
2017-11-14,persistence,1929.9477453219197,9991.73250223073,3.371949481201522e-06,0.003032336999689726,7.563589118008831,,46.26172901221236,7108443995712.217,1.2991498663858232
2017-11-21,D0_pca8,9601.662495114873,9992.212417762981,1.83420071281581e-07,0.0030321926454983925,49.360783569281956,,94.34260436130344,2281041677353365.5,3.288905220290113
2017-11-21,rolling,1194.702799307561,9992.212417762981,2.3655775992953862e-06,0.0030321926454983925,9.604646373977918,,51.208602770608785,9109902157706.078,1.9798202119493575
2017-11-21,ewma,1510.1823851948584,9992.212417762981,2.905109063428117e-06,0.0030321926454983925,8.414227219419404,,48.31042339911828,6002192589453.6,2.0167281943862863
2017-11-21,ledoit_wolf,6.853947534729123,9992.212417762981,0.00015558457063445145,0.0030321926454983925,13.395755387916747,,8.820019890373583,2731625141.737812,1.0735650171485676
2017-11-21,oas,18.162398230787442,9992.212417762981,9.514392636840707e-05,0.0030321926454983925,11.396582353189238,,11.983024270480085,6564757911.835549,1.2551575348017385
2017-11-21,shrink,168.32829440354112,9992.212417762981,1.4291903397200903e-05,0.0030321926454983925,10.257540794207078,,25.29206885928586,52711315829.486,1.3667744445205015
2017-11-21,persistence,1764.4195349878048,9992.212417762981,3.701528214005162e-06,0.0030321926454983925,7.483646118357141,,45.00122512307594,5897659848778.498,1.3788228849462059
2017-11-29,D0_pca8,9572.190722141233,2534.873152250687,1.3541331372272244e-07,1.801754151045227e-06,28.96224660456911,,6.698662685960028,3547997232764518.0,3.105332972756947
2017-11-29,rolling,9979.98190252956,2534.873152250687,0.0011771974751807863,1.801754151045227e-06,6.427786413726591,,42.0180170987458,24877089350369.703,1.017412079868144
2017-11-29,ewma,9992.248475917651,2534.873152250687,0.0033014495482522007,1.801754151045227e-06,9.365116180817072,,56.45051289240596,24924593590946.15,1.0048312508297634
2017-11-29,ledoit_wolf,107.02489099000115,2534.873152250687,0.055938089154234504,1.801754151045227e-06,19.84314232810062,,106.98260404973261,24949975676362.625,1.0031955126003576
2017-11-29,oas,2415.49672284738,2534.873152250687,0.004579189876917588,1.801754151045227e-06,9.08713617780926,,61.47369279561103,24932710610132.242,1.0074892085061151
2017-11-29,shrink,7601.594439719621,2534.873152250687,0.0011771974751833456,1.801754151045227e-06,20.720763376402452,,42.0180170987606,24880097434295.777,1.0003959752085236
2017-11-29,persistence,9989.330141539771,2534.873152250687,0.0030330619015245227,1.801754151045227e-06,9.271404087948783,,55.183602375730096,24922443939599.93,1.0043411107603237
2017-12-06,D0_pca8,9549.783762783602,2702.929973196819,1.3302381160468373e-07,1.6005348654309214e-06,26.88732874279292,,6.187945319823216,3601707664089329.5,3.332052054114202
2017-12-06,rolling,9977.647267874878,2702.929973196819,0.0011774743464225532,1.6005348654309214e-06,6.687901722143167,,43.570409494451425,31536147529906.28,1.0198989810610963
2017-12-06,ewma,9987.15842733928,2702.929973196819,0.002424186093345659,1.6005348654309214e-06,8.737271848723651,,53.62504933929769,31578573047461.11,1.0034413311690633
2017-12-06,ledoit_wolf,106.99995469776324,2702.929973196819,0.05595128159992027,1.6005348654309214e-06,20.736795151661262,,109.45131249487545,31617983065179.035,1.0031641546463315
2017-12-06,oas,2414.3308818580467,2702.929973196819,0.004581362256651473,1.6005348654309214e-06,9.602400970394449,,63.35225816968148,31598613096794.562,1.0065964829264014
2017-12-06,shrink,7599.816809436221,2702.929973196819,0.0011774743464233641,1.6005348654309214e-06,21.743488007274134,,43.570409494455625,31539439774014.867,1.0003303347488526
2017-12-06,persistence,9990.732330406114,2702.929973196819,0.0030326410291058132,1.6005348654309214e-06,9.537321415527245,,56.95495483735986,31586829029946.86,1.003767427805253
2017-12-13,D0_pca8,9495.361740178956,2540.819617173423,1.415691766576171e-07,1.82933288197653e-06,27.612004738775546,,6.548028773137579,3310865200658419.5,3.2360127795278926
2017-12-13,rolling,9977.728230244024,2540.819617173423,0.001177465362684943,1.82933288197653e-06,6.373022550705185,,41.82425558507428,24131741291153.08,1.0197601964559293
2017-12-13,ewma,9985.128161110326,2540.819617173423,0.00177948497938001,1.82933288197653e-06,7.260086135317915,,47.336152529532654,24155869330921.656,1.005553346320417
2017-12-13,ledoit_wolf,107.00092886328159,2540.819617173423,0.05595082420918994,1.82933288197653e-06,19.088966229326992,,106.67329635185209,24203342948216.195,1.0031501596174652
2017-12-13,oas,2414.3712245634,2540.819617173423,0.004581289461414126,1.82933288197653e-06,8.774043976830525,,61.242893302426964,24186384522347.055,1.0063351629898818
2017-12-13,shrink,7599.876820768925,2540.819617173423,0.0011774653626870015,1.82933288197653e-06,20.994286132945042,,41.82425558508517,24134581707633.58,1.000323390596028
2017-12-13,persistence,9991.732502221981,2540.819617173423,0.0030323369996923823,1.82933288197653e-06,8.886953309394869,,54.9545999865894,24176084414765.695,1.0038431069514286
2017-12-20,D0_pca8,9553.28318979418,2633.6338024792185,1.2702319505388946e-07,1.981818542274714e-06,30.63114426416605,,7.5481687464618386,4097072516369078.0,4.052368486526646
2017-12-20,rolling,9977.108085253032,2633.6338024792185,0.0011775394591138928,1.981818542274714e-06,6.165629830154433,,40.79590169365863,20556020028272.75,1.0340042238254612
2017-12-20,ewma,9980.835088664806,2633.6338024792185,0.0013065406578676958,1.981818542274714e-06,6.353729384017362,,42.134675483303695,20562076605242.414,1.075518576152467
2017-12-20,ledoit_wolf,106.99414883595402,2633.6338024792185,0.05595439727386848,1.981818542274714e-06,18.540909325772738,,105.0271798315438,20621981130713.76,1.0031945029150808
2017-12-20,oas,2414.0615385968313,2633.6338024792185,0.004581868910754238,1.981818542274714e-06,8.448109551138176,,59.998143729533034,20606356488563.883,1.0069435466310142
2017-12-20,shrink,7599.403534495185,2633.6338024792185,0.0011775394591157975,1.981818542274714e-06,20.51249966436352,,40.79590169367245,20558784287478.83,1.0081380576804948
2017-12-20,persistence,9992.21241776251,2633.6338024792185,0.0030321926454985326,1.981818542274714e-06,8.57122729135458,,53.77326883602954,20596852233189.09,1.0034733161628067
2017-12-28,D0_pca8,9625.100634834453,2582.5193448219643,1.4413650176753558e-07,2.6700209448252964e-06,34.58688918027916,,8.52099449473422,3362359245863481.0,3.8313291315692597
2017-12-28,rolling,9977.239272660978,2582.5193448219643,0.0011775240900596083,2.6700209448252964e-06,5.586721246375293,,37.07692683371337,11312039990595.477,1.0329326156215086
2017-12-28,ewma,9977.601240157144,2582.5193448219643,0.0009591872588158163,2.6700209448252964e-06,5.288259753153718,,34.62145164722904,11300374944874.508,1.0723487672070675
2017-12-28,ledoit_wolf,106.99540493658141,2582.5193448219643,0.055953705517506454,2.6700209448252964e-06,16.47280222441173,,99.006345697201,11361014825510.064,1.0031726214269079
2017-12-28,oas,2414.1268463847423,2582.5193448219643,0.004581747891744394,2.6700209448252964e-06,7.3450049852545245,,55.468967384341624,11349410792920.633,1.0065629353036647
2017-12-28,shrink,7599.50267244982,2582.5193448219643,0.0011775240900593128,2.6700209448252964e-06,18.293363715455087,,37.076926833714474,11314042288423.152,1.0085177950181945
2017-12-28,persistence,2534.8731522511307,2582.5193448219643,1.80175415104491e-06,2.6700209448252964e-06,0.17893401477021495,,0.15470488419594822,8337815001136.387,1.4684153454462843
2018-01-05,D0_pca8,9425.38197886534,4042.0385359799666,8.915008632318004e-08,4.088314398239882e-06,36.64541218880278,,14.634876808158339,8478729785156284.0,3.7937836666812985
2018-01-05,rolling,9976.734432529342,4042.0385359799666,0.001177584818446193,4.088314398239882e-06,4.316187174367318,,32.070564049601344,4813499027247.034,1.0580153296052948
2018-01-05,ewma,9969.590770102914,4042.0385359799666,0.0007045262067896435,4.088314398239882e-06,3.8944447281247747,,26.516243418380732,4791722779832.723,1.1552942938878017
2018-01-05,ledoit_wolf,106.99031690217096,4042.0385359799666,0.05595651700271296,4.088314398239882e-06,13.968418010484006,,90.71033199753015,4845491597448.007,1.0032504046174684
2018-01-05,oas,2413.8746562674346,4042.0385359799666,0.00458222141492683,4.088314398239882e-06,5.6215048018802936,,49.30576206735392,4837907733735.852,1.007978430660019
2018-01-05,shrink,7599.118378733939,4042.0385359799666,0.0011775848184469048,4.088314398239882e-06,16.00892129415324,,32.070564049605366,4814786472143.17,1.0276224956624456
2018-01-05,persistence,2702.9299731966635,4042.0385359799666,1.6005348654310135e-06,4.088314398239882e-06,0.6809732594789465,,0.8794585487407739,15873887661965.121,1.425380272936293
2018-01-12,D0_pca8,9580.0273069551,4917.851724393632,1.1673991072128089e-07,5.497221115067679e-06,39.846151930983595,,14.83822088738044,5158219385268798.0,3.774025113460387
2018-01-12,rolling,9978.283581266067,4917.851724393632,0.0011774002049495136,5.497221115067679e-06,3.752085294819279,,28.80276954434162,2655996421241.2725,1.0311395316396397
2018-01-12,ewma,9959.229008204547,4917.851724393632,0.0005175959698485417,5.497221115067679e-06,3.025510177016535,,20.656589265887128,2626404138606.4185,1.1606972140337624
2018-01-12,ledoit_wolf,107.00656124378801,4917.851724393632,0.05594780294925325,5.497221115067679e-06,12.501369483615434,,85.15472069547812,2679909633611.252,1.003273594373792
2018-01-12,oas,2414.648195998176,4917.851724393632,0.0045807759710612276,5.497221115067679e-06,4.652277806320277,,45.23074682848924,2674246109944.173,1.0082120779497237
2018-01-12,shrink,7600.294763344225,4917.851724393632,0.001177400204952772,5.497221115067679e-06,14.81940334261463,,28.802769544349133,2657010868329.835,1.010505348489197
2018-01-12,persistence,2540.8196171730046,4917.851724393632,1.829332881976832e-06,5.497221115067679e-06,0.7474354807439277,,1.210640269256125,13470178577551.494,1.4965321706615318
2018-01-22,D0_pca8,9578.333248475781,4858.61030561699,1.159415451166275e-07,5.833554165629167e-06,39.54868340505418,,15.352974042746997,5263811579905084.0,3.804701923972916
2018-01-22,rolling,9980.696267596513,4858.61030561699,0.0011771155765671333,5.833554165629167e-06,3.85493752267917,,28.166325977860236,2357140328745.2583,1.0597801024048072
2018-01-22,ewma,9941.617875134089,4858.61030561699,0.0003805487263372606,5.833554165629167e-06,2.6628852824039826,,17.455580473536592,2312892527348.2744,1.257802618594658
2018-01-22,ledoit_wolf,107.03353732467316,4858.61030561699,0.055933911358399334,5.833554165629167e-06,12.028506215343711,,84.05771569525459,2379763613976.4316,1.0032865501004118
2018-01-22,oas,2415.8534032495604,4858.61030561699,0.004578536537019989,5.833554165629167e-06,4.3865189082843745,,44.42899787030956,2374424796396.535,1.0082403243706628
2018-01-22,shrink,7602.128554346126,4858.61030561699,0.0011771155765670123,5.833554165629167e-06,14.636323961332115,,28.166325977863657,2358091267941.31,1.0222303360565588
2018-01-22,persistence,2633.6338024793354,4858.61030561699,1.9818185422746267e-06,5.833554165629167e-06,0.7296516328494079,,1.1655604219056461,11278791758951.648,1.5534984800247011
2018-01-29,D0_pca8,9596.979164996075,5350.509321616136,1.2517286216219888e-07,5.67283721220335e-06,38.71277809205586,,14.544621710290922,4557444131724984.0,3.2296037348297397
2018-01-29,rolling,9979.887063606071,5350.509321616136,0.0011772107692889112,5.67283721220335e-06,3.651343910547381,,28.464504225564205,2493313803427.0522,1.057059561907767
2018-01-29,ewma,9905.090327663727,5350.509321616136,0.0002803219099001989,5.67283721220335e-06,2.1321740000882734,,15.211942773366664,2425651548748.62,1.3660962263538465
2018-01-29,ledoit_wolf,107.0237249961881,5350.509321616136,0.05593876653700876,5.67283721220335e-06,12.923145065073637,,84.57236330041022,2516527829816.954,1.0032151508539402
2018-01-29,oas,2415.448954216995,5350.509321616136,0.004579286819403424,5.67283721220335e-06,4.616671691499642,,44.80440130953844,2511044209412.445,1.0070236649079378
2018-01-29,shrink,7601.5100128395125,5350.509321616136,0.0011772107692904104,5.67283721220335e-06,15.278210871768446,,28.464504225571197,2494266283865.715,1.0262976517325866
2018-01-29,persistence,2582.519344821438,5350.509321616136,2.6700209448258465e-06,5.67283721220335e-06,0.2974731996800303,,0.567917282070812,4903237946624.075,1.8047386645479158
2018-02-05,D0_pca8,9705.74039085483,4524.882650556094,1.3848094507418364e-07,4.5659060053734325e-06,40.06182868546142,,12.219446599291427,3759458678846489.5,3.6271555367686754
2018-02-05,rolling,9978.115152122326,4524.882650556094,0.0011774246138985197,4.5659060053734325e-06,4.1133106584650445,,30.82989668651594,3855942381279.4976,1.1285981604857753
2018-02-05,ewma,9846.867926204492,4524.882650556094,0.00020696294136983504,4.5659060053734325e-06,2.2521295860954007,,14.54600539842539,3736645408906.1133,1.7069552202797338
2018-02-05,ledoit_wolf,107.00686728095215,4524.882650556094,0.055948392470524966,4.5659060053734325e-06,13.506018038485795,,88.61525873777182,3884766953415.866,1.0032040347835174
2018-02-05,oas,2414.564267464171,4524.882650556094,0.0045809496455277866,4.5659060053734325e-06,5.175126483465201,,47.76253498735229,3877962168575.585,1.0068644257572599
2018-02-05,shrink,7600.164131329471,4524.882650556094,0.0011774246138988801,4.5659060053734325e-06,15.993106823260097,,30.8298966865191,3857132181710.133,1.0614563904202106
2018-02-05,persistence,4042.038535980816,4524.882650556094,4.088314398239028e-06,4.5659060053734325e-06,0.01661230808873854,,0.01220675381013206,1472682849678.547,3.0670475980812415
2018-02-12,D0_pca8,9617.928449577363,3185.2022285511066,1.709285423371329e-07,3.349009685767886e-06,33.48233442700035,,8.851629537518889,2414036980462230.0,3.4014564686995477
2018-02-12,rolling,3509.6019512546914,3185.2022285511066,3.529072204433089e-06,3.349009685767886e-06,0.09742834601562791,,0.002742648700540682,3651271227004.0234,4.879390885835403
2018-02-12,ewma,5073.415190382194,3185.2022285511066,5.229861722102868e-06,3.349009685767886e-06,0.10052623946894708,,0.19866635853932818,3635898018799.197,4.222203582400116
2018-02-12,ledoit_wolf,90.5261859477479,3185.2022285511066,9.739694441817416e-05,3.349009685767886e-06,0.2678609777398273,,11.357775302959746,6861637515759.605,2.5804984150926513
2018-02-12,oas,183.80293290655408,3185.2022285511066,5.5704087451065534e-05,3.349009685767886e-06,0.18054525961356105,,7.9039056407762605,6648776162972.538,3.1117752894362796
2018-02-12,shrink,247.66924968841803,3185.2022285511066,3.557229210362332e-05,3.349009685767886e-06,0.1826883910206673,,6.724939444029216,6748742218492.047,2.737573903689251
2018-02-12,persistence,4917.851724392549,3185.2022285511066,5.497221115068884e-06,3.349009685767886e-06,0.1408296771955769,,0.2455974649985083,2526872233300.278,3.4086889145574797
2018-02-20,D0_pca8,9768.21147829966,5201.551397582051,2.0793057940493484e-07,5.352134350391336e-06,36.81542295965053,,10.549775604409717,1728779920447046.5,3.239726771829884
2018-02-20,rolling,3900.0822825165333,5201.551397582051,3.45772263970179e-06,5.352134350391336e-06,0.30025038340216487,,0.19086863187858877,2220904030349.3164,4.878864762160041
2018-02-20,ewma,4656.330579502048,5201.551397582051,4.951429911650504e-06,5.352134350391336e-06,0.09954980664897133,,0.006055797434051892,1343857033044.7769,4.459857592463181
2018-02-20,ledoit_wolf,121.22426265846684,5201.551397582051,8.299944502216614e-05,5.352134350391336e-06,0.5526757972340389,,7.514935791005295,2575129411087.158,2.7567038808236033
2018-02-20,oas,233.50898780071367,5201.551397582051,4.8674600092080745e-05,5.352134350391336e-06,0.4391351124791785,,4.873770374584643,2437132559795.8745,3.2649666437767633
2018-02-20,shrink,258.4230243127819,5201.551397582051,3.7058037594671906e-05,5.352134350391336e-06,0.48868580176941895,,4.644077209174823,2537675710094.628,2.757896053075003
2018-02-20,persistence,4858.610305615063,5201.551397582051,5.833554165631476e-06,5.352134350391336e-06,0.1295008393522262,,0.0074185504943231895,888480176934.6514,3.354600976437148
2018-02-27,D0_pca8,9683.066576901798,4681.181872090776,1.4026517499191122e-07,6.158528868892031e-06,39.46885029850159,,14.303913570843898,3729488060867684.0,3.417513703042883
2018-02-27,rolling,3900.9737164590947,4681.181872090776,3.639913176103408e-06,6.158528868892031e-06,0.4868938112776612,,0.27654765830383193,1948811529200.484,5.018246670524819
2018-02-27,ewma,4327.892145304979,4681.181872090776,4.511995694777593e-06,6.158528868892031e-06,0.3087784845729863,,0.09678215833609535,1277074241548.9224,4.672525252279448
2018-02-27,ledoit_wolf,132.66580070393394,4681.181872090776,8.152970690316466e-05,6.158528868892031e-06,0.7359212512198301,,6.672557376050818,1914872806927.149,2.869938531157004
2018-02-27,oas,232.90634189618302,4681.181872090776,5.136335254901279e-05,6.158528868892031e-06,0.6369914758744221,,4.499009471021255,1814239084528.8833,3.3387611479151316
2018-02-27,shrink,263.6368521877131,4681.181872090776,3.8242730752082046e-05,6.158528868892031e-06,0.6808886382742136,,4.329969519086927,1897783769573.5625,2.8899204897576
2018-02-27,persistence,5350.509321614378,4681.181872090776,5.672837212205224e-06,6.158528868892031e-06,0.2443941001696412,,0.006748381374018469,752649837466.1533,3.6254664160561845
2018-03-06,D0_pca8,9704.165036858676,4638.070492721703,1.6583640081812316e-07,6.5437512635617224e-06,38.536482705913,,13.507523023038127,2711773912172735.0,3.559271186810072
2018-03-06,rolling,3978.526232306209,4638.070492721703,3.775386913735127e-06,6.5437512635617224e-06,0.5377510522055751,,0.30250836613301035,1835138715157.7734,5.172851120745128
2018-03-06,ewma,4242.484850960257,4638.070492721703,4.2182432480484535e-06,6.5437512635617224e-06,0.40673335064444294,,0.1928015693454793,1428497415948.531,4.8930226620733475
2018-03-06,ledoit_wolf,156.2064717461955,4638.070492721703,7.549027178798475e-05,6.5437512635617224e-06,0.7462968091649607,,5.980436351306749,1673306944008.2866,3.255023240891437
2018-03-06,oas,245.9554909788803,4638.070492721703,5.169615966590141e-05,6.5437512635617224e-06,0.6762553479422331,,4.271963069794474,1595117683539.2212,3.619202843951644
2018-03-06,shrink,258.30727718101963,4638.070492721703,4.1267683341896675e-05,6.5437512635617224e-06,0.7140511476010608,,4.242225161635645,1677969558506.3184,3.038513507695927
2018-03-06,persistence,4524.882650556913,4638.070492721703,4.565906005372603e-06,6.5437512635617224e-06,0.31563511420964424,,0.12952337482426673,1216102435744.52,3.045455923916474
2018-03-13,D0_pca8,9588.558039291776,4598.616417561053,1.3435325367159527e-07,6.932027191837605e-06,36.43742593363673,,15.550622199097763,3975405346965549.5,3.43592204159146
2018-03-13,rolling,3950.2753830659235,4598.616417561053,3.948962442610794e-06,6.932027191837605e-06,0.5826146888704051,,0.3166305178358121,1691293361566.1636,5.041906377367315
2018-03-13,ewma,3870.9754003267376,4598.616417561053,3.932467653308851e-06,6.932027191837605e-06,0.4971623151666852,,0.3213586644780248,1652456183985.4507,4.953017675955367
2018-03-13,ledoit_wolf,162.4513356087308,4598.616417561053,7.607416903496283e-05,6.932027191837605e-06,0.7785932435060963,,5.738690212316285,1484527098667.7393,3.301885599550789
2018-03-13,oas,241.0078568301599,4598.616417561053,5.4693580966167175e-05,6.932027191837605e-06,0.719792127125663,,4.266678293035556,1423245106385.237,3.592973492411529
2018-03-13,shrink,259.85073009839755,4598.616417561053,4.2593963372614176e-05,6.932027191837605e-06,0.7582991313220484,,4.154114034403628,1493894332160.4385,3.05904508372426
2018-03-13,persistence,3185.202228552443,4598.616417561053,3.3490096857664788e-06,6.932027191837605e-06,0.4985874737285919,,0.5292379960438043,3084341938276.379,2.5427336457090286
2018-03-20,D0_pca8,9686.779519467716,5912.178305917284,1.9601942485357747e-07,4.655327508001968e-06,33.364283668136466,,10.033366008440517,1900548244726667.5,3.4221948448987085
2018-03-20,rolling,3370.626108143029,5912.178305917284,4.943283172020151e-06,4.655327508001968e-06,0.16240568425424792,,0.003602093490776324,1912870969428.3496,4.924538345785789
2018-03-20,ewma,5258.890799369155,5912.178305917284,6.54681599879124e-06,4.655327508001968e-06,0.15837349384818217,,0.11625815269774911,1863109271151.5576,4.560870470531734
2018-03-20,ledoit_wolf,47.73908488623345,5912.178305917284,0.00020297726161932857,4.655327508001968e-06,0.23912092228536083,,14.251240231436398,3603381013967.955,2.2810735954339325
2018-03-20,oas,189.3411487009936,5912.178305917284,7.353682573458308e-05,4.655327508001968e-06,0.15464300817997975,,7.616351678344243,3429144770807.12,3.346593044417911
2018-03-20,shrink,284.52841896225664,5912.178305917284,4.432674824895751e-05,4.655327508001968e-06,0.18387921691057027,,6.00226517932637,3453503433215.7773,3.0472374274442044
2018-03-20,persistence,5201.551397578134,5912.178305917284,5.352134350395366e-06,4.655327508001968e-06,0.10899998317327146,,0.019455544378536895,1115493226871.0989,2.3062252844939377
2018-03-27,D0_pca8,9827.377830757798,4973.948701133749,2.9001588459160227e-07,3.6349402678064404e-06,34.657656544692735,,6.392852518348301,854224998204472.5,4.082887086138913
2018-03-27,rolling,3723.701946727823,4973.948701133749,5.289777848188335e-06,3.6349402678064404e-06,0.170804851968969,,0.14076264810564934,3288563071331.604,5.399865609432441
2018-03-27,ewma,4407.242712346633,4973.948701133749,6.370921963991339e-06,3.6349402678064404e-06,0.3079880737711599,,0.3148908914226983,3400920130997.2305,4.811644765896588
2018-03-27,ledoit_wolf,78.28591592733243,4973.948701133749,0.00016855557896650668,3.6349402678064404e-06,0.12002055212161197,,14.720056588894824,5931340720292.58,2.5824386484548136
2018-03-27,oas,238.6686435511943,4973.948701133749,7.021880464077752e-05,3.6349402678064404e-06,0.1297941336358898,,8.767658440292264,5718317165338.834,3.4683982494205576
2018-03-27,shrink,320.1571313859056,4973.948701133749,4.485896084609808e-05,3.6349402678064404e-06,0.15546301502723928,,7.683257990674557,5799070733006.887,3.008714653542815
2018-03-27,persistence,4681.181872089065,4973.948701133749,6.158528868894287e-06,3.6349402678064404e-06,0.30881814317386275,,0.27798743551618765,2184952296674.589,2.567804397668428
2018-04-04,D0_pca8,9795.486505065037,3821.0604218577114,2.486165181268706e-07,3.467420230113548e-06,35.132541624838474,,6.944546734582801,1148414231090825.2,3.207152028577027
2018-04-04,rolling,4019.3459172985404,3821.0604218577114,5.498320568321636e-06,3.467420230113548e-06,0.1165082123233322,,0.21255024679217582,3690868528130.3496,5.307800288772148
2018-04-04,ewma,4405.090660451616,3821.0604218577114,5.956924085137851e-06,3.467420230113548e-06,0.2826319419135367,,0.29283603466402386,3711480707652.854,4.996112575473353
2018-04-04,ledoit_wolf,109.07095205200051,3821.0604218577114,0.00014607379596821322,3.467420230113548e-06,0.10509605549498993,,13.992842447931537,6501884884334.498,2.8676201481609764
2018-04-04,oas,285.61582472883845,3821.0604218577114,6.667790307883013e-05,3.467420230113548e-06,0.09955218088623781,,8.74067032782605,6283309952284.799,3.6991023271499675
2018-04-04,shrink,348.7366458579623,3821.0604218577114,4.564791426950365e-05,3.467420230113548e-06,0.11902190165430782,,8.492045884815502,6409220566331.162,3.142709134239253
2018-04-04,persistence,4638.070492718977,3821.0604218577114,6.543751263565562e-06,3.467420230113548e-06,0.3102816044645811,,0.4033514831496416,2632329157101.9316,2.7908663835234138
2018-04-11,D0_pca8,9793.480900098135,2510.1782514797897,3.032212723867749e-07,2.9248243660140883e-06,34.44201863747439,,5.137130793917589,750497806730135.2,3.4705715126751095
2018-04-11,rolling,4277.730459047089,2510.1782514797897,5.664392181266669e-06,2.9248243660140883e-06,0.2508760958605815,,0.4368747267359425,5575201560286.147,5.379432503207339
2018-04-11,ewma,4555.717018630712,2510.1782514797897,5.828484295385555e-06,2.9248243660140883e-06,0.35576460590253,,0.47544111185709204,5537791976291.393,4.949391849295957
2018-04-11,ledoit_wolf,139.12287211808132,2510.1782514797897,0.00013126588333217106,2.9248243660140883e-06,0.21077809244691403,,14.470341005431683,9161948508562.287,3.0888651415165826
2018-04-11,oas,332.92430842294965,2510.1782514797897,6.337328354203865e-05,2.9248243660140883e-06,0.22363527684256934,,9.460592504174873,8900592739920.232,3.9282690709185575
2018-04-11,shrink,394.41355774932873,2510.1782514797897,4.3967362770392726e-05,2.9248243660140883e-06,0.22405781755799498,,9.586909575202528,9089271030973.227,3.136403383516207
2018-04-11,persistence,4598.616417562402,2510.1782514797897,6.9320271918355725e-06,2.9248243660140883e-06,0.539350500998598,,0.744626894468955,4443060532737.006,2.951556119945091
2018-04-18,D0_pca8,9741.11155493771,2434.54524072859,2.2523896144666156e-07,2.7863070613726195e-06,34.225443644434286,,6.326766254679774,1361321130954457.5,3.2549472713809533
2018-04-18,rolling,4316.677232622284,2434.54524072859,5.46383303220759e-06,2.7863070613726195e-06,0.2878901810411053,,0.4535124135772213,6151024626551.879,6.048926987355856
2018-04-18,ewma,4370.051275329043,2434.54524072859,4.836737158333074e-06,2.7863070613726195e-06,0.2877719972366452,,0.3041777466733605,5792116198152.834,5.8303765821280535
2018-04-18,ledoit_wolf,130.25847141219091,2434.54524072859,0.0001340510114639025,2.7863070613726195e-06,0.241282874272957,,15.004025285699365,10112704894937.41,3.0456928532747503
2018-04-18,oas,343.0469098134109,2434.54524072859,6.0002633717610925e-05,2.7863070613726195e-06,0.25853895954919126,,9.422880227389502,9799916734891.773,3.9747260661315553
2018-04-18,shrink,375.0730866700521,2434.54524072859,4.5142118071627896e-05,2.7863070613726195e-06,0.2615696519672065,,9.700177485714239,10014041986354.887,3.0920973695933855
2018-04-18,persistence,5912.178305916248,2434.54524072859,4.6553275080027854e-06,2.7863070613726195e-06,0.2440785619223888,,0.2634717931623451,3727899601767.8545,3.3236276082286547
2018-04-25,D0_pca8,9752.044803828057,2146.472441587153,2.1357578603982405e-07,2.6698908983863125e-06,34.522434650733864,,6.379649684463793,1533850903353041.8,3.627725451914273
2018-04-25,rolling,3726.2454291940753,2146.472441587153,4.6544288551632944e-06,2.6698908983863125e-06,0.3016598391592778,,0.30889300797919617,6460431011688.666,4.666501500085739
2018-04-25,ewma,3991.529592978994,2146.472441587153,4.1337980999270345e-06,2.6698908983863125e-06,0.2071082423247596,,0.19110788545708995,6086200561342.178,4.770985199535092
2018-04-25,ledoit_wolf,66.72842478693947,2146.472441587153,0.00016502951657074353,2.6698908983863125e-06,0.3130730618642316,,17.00808837214126,11077987342549.766,2.27789758371123
2018-04-25,oas,246.48260469309142,2146.472441587153,6.011286912829931e-05,2.6698908983863125e-06,0.28829960181109743,,9.698154316457877,10700626430052.2,3.186940758821866
2018-04-25,shrink,379.7677537337098,2146.472441587153,3.4249614525980575e-05,2.6698908983863125e-06,0.3054893799086522,,8.057956651355095,10806914214791.477,2.7929425865427393
2018-04-25,persistence,4973.948701134728,2146.472441587153,3.6349402678057267e-06,2.6698908983863125e-06,0.1817113996755495,,0.09520616910825366,3596416852302.954,2.8835919551609233
2018-05-02,D0_pca8,9783.539224935508,2220.140433317935,2.5938814607861174e-07,2.47200882362475e-06,32.63758473472053,,5.08257800578238,1020370183522884.8,4.211788225217346
2018-05-02,rolling,3587.8493627740713,2220.140433317935,4.6218856118381655e-06,2.47200882362475e-06,0.24404556340392575,,0.3915899273262969,7736773832417.002,4.903410998268932
2018-05-02,ewma,3363.1844716136807,2220.140433317935,4.054247451653457e-06,2.47200882362475e-06,0.13057550300622256,,0.24476155083566495,7214042796187.051,4.84370635878624
2018-05-02,ledoit_wolf,57.886374031135276,2220.140433317935,0.0001751830748839518,2.47200882362475e-06,0.19707938051523036,,18.154417163690354,12960575142734.367,2.1934090370628265
2018-05-02,oas,224.95530234516445,2220.140433317935,6.254351825456101e-05,2.47200882362475e-06,0.20388625168833766,,10.438269654619724,12559307991099.027,3.2683977112306004
2018-05-02,shrink,374.9577795499649,2220.140433317935,3.353446676189195e-05,2.47200882362475e-06,0.21808313525302983,,8.448378159630717,12643177792030.904,2.953586365971841
2018-05-02,persistence,3821.0604218560566,2220.140433317935,3.467420230115047e-06,2.47200882362475e-06,0.09919608441749851,,0.11450078264916477,4201383208910.199,2.06848232703249
2018-05-09,D0_pca8,9576.627404174209,2224.520193516323,1.43463363884106e-07,2.4080711641157228e-06,31.899703987244727,,7.955192639633113,3312763345703402.0,3.9522133651418354
2018-05-09,rolling,3546.8771926631807,2224.520193516323,4.565340934961008e-06,2.4080711641157228e-06,0.23852873245710673,,0.4091737677275982,8175177738172.887,4.83586062209584
2018-05-09,ewma,3016.0682174918393,2224.520193516323,3.656647869374478e-06,2.4080711641157228e-06,0.11235760930841043,,0.17449051891463668,7387827440014.039,4.684857888139643
2018-05-09,ledoit_wolf,54.132922366069714,2224.520193516323,0.0001791015924291896,2.4080711641157228e-06,0.17603102346630778,,18.56857300637834,13670103448988.52,2.0631906120091124
2018-05-09,oas,219.1083144611096,2224.520193516323,6.257975727560935e-05,2.4080711641157228e-06,0.1907533220069093,,10.612057964680396,13250920645256.523,3.1316159035185542
2018-05-09,shrink,405.23502263845944,2224.520193516323,3.052308575684532e-05,2.4080711641157228e-06,0.20701781039190856,,8.966951028962479,13348201737300.227,2.7874421870834007
2018-05-09,persistence,2510.1782514792208,2224.520193516323,2.9248243660147507e-06,2.4080711641157228e-06,0.0693937876131964,,0.03779457913446605,4193280999812.207,2.009656103637923
2018-05-16,D0_pca8,9785.29726280421,2188.5936600725195,2.1074348182457556e-07,2.375574059231814e-06,34.23841213277665,,5.867771791986872,1543540027358868.8,3.323356359370539
2018-05-16,rolling,3517.4411263365723,2188.5936600725195,4.415354357691349e-06,2.375574059231814e-06,0.2327101553728777,,0.38421251149901675,8327088141299.254,4.784092367127447
2018-05-16,ewma,2863.855522778425,2188.5936600725195,3.157408683316862e-06,2.375574059231814e-06,0.07229529971045118,,0.08094732430070471,7288801871510.123,4.613781711803768
2018-05-16,ledoit_wolf,47.27625223878774,2188.5936600725195,0.0001868613334558264,2.375574059231814e-06,0.18537560683413914,,19.05433613945328,14059688630580.64,1.8885148451705152
2018-05-16,oas,216.09929189614007,2188.5936600725195,6.081372897972583e-05,2.375574059231814e-06,0.1875220057199804,,10.514299421435336,13605688093368.562,2.952697276960748
2018-05-16,shrink,419.5899733183865,2188.5936600725195,2.8791272624310008e-05,2.375574059231814e-06,0.2035148563086025,,8.754998431805246,13702800809024.906,2.520497182527842
2018-05-16,persistence,2434.5452407289586,2188.5936600725195,2.7863070613721943e-06,2.375574059231814e-06,0.08949143056823625,,0.025433202392682118,4310933395135.7705,1.9658626351371775
2018-05-23,D0_pca8,9859.482681477582,2482.391327690329,3.9252809214512427e-07,2.2002487897529805e-06,30.784063715384683,,2.9711951908059846,402364510900562.9,3.4564463805443983
2018-05-23,rolling,3451.8644051001793,2482.391327690329,4.3618131162281035e-06,2.2002487897529805e-06,0.2278274626958552,,0.4682899724758983,9944669736350.164,4.590455217492653
2018-05-23,ewma,2442.176644359307,2482.391327690329,3.0078348799525095e-06,2.2002487897529805e-06,0.05122578543885674,,0.09774999042022468,8563696551687.793,4.41944266028173
2018-05-23,ledoit_wolf,43.43381352182424,2482.391327690329,0.00019174309703188478,2.2002487897529805e-06,0.10039087278414742,,19.95932064893209,16419965215793.254,1.911538516438859
2018-05-23,oas,207.60374011731525,2482.391327690329,6.11938328076249e-05,2.2002487897529805e-06,0.15417341010455984,,11.058787533540263,15924260702890.098,2.9080523357842702
2018-05-23,shrink,423.7840731568064,2482.391327690329,2.7920205664234704e-05,2.2002487897529805e-06,0.15907060236278261,,8.994693628255284,16010262241519.77,2.4982843980329608
2018-05-23,persistence,2146.472441587715,2482.391327690329,2.6698908983856137e-06,2.2002487897529805e-06,0.11241749991560782,,0.03742951467343243,4861723545835.508,1.9548657598697814
2018-05-31,D0_pca8,9825.709566466467,2826.1612846437033,2.490458010502819e-07,2.3041348135840217e-06,33.27861334668431,,4.949824620275157,1094408185606432.2,4.148499012337004
2018-05-31,rolling,3917.8438798784127,2826.1612846437033,3.44288765228953e-06,2.3041348135840217e-06,0.07809725218554561,,0.1612867009660405,8109046297316.705,5.260255679936347
2018-05-31,ewma,2476.1681728539006,2826.1612846437033,2.8237442066089187e-06,2.3041348135840217e-06,0.02255769101560188,,0.041354640195608056,7547291855177.356,4.933796780171349
2018-05-31,ledoit_wolf,198.10525300887767,2826.1612846437033,5.5944828230463276e-05,2.3041348135840217e-06,0.07223433470798465,,10.173932987833965,14414162179975.326,3.0041836810932137
2018-05-31,oas,238.59877412864202,2826.1612846437033,4.775992751927392e-05,2.3041348135840217e-06,0.07037803021633958,,9.189878777989959,14293583608038.23,3.1644084084621142
2018-05-31,shrink,335.92017910888234,2826.1612846437033,2.855786798742805e-05,2.3041348135840217e-06,0.07037511975757607,,8.487625284481009,14564066001110.102,2.55556693421195
2018-05-31,persistence,2220.1404333183723,2826.1612846437033,2.472008823624258e-06,2.3041348135840217e-06,0.04858718289664235,,0.004945721743654265,4562439056250.8545,2.539630978725676
2018-06-07,D0_pca8,9757.67944057822,9996.841127963202,2.2893823385188407e-07,0.006794417045883042,63.453026052496355,,106.05200044960034,1538146405901385.5,3.9365162583268485
2018-06-07,rolling,3363.900973143889,9996.841127963202,3.122569360512502e-06,0.006794417045883042,10.320235566941571,,59.062299582112054,5234151222583.096,4.705947723207051
2018-06-07,ewma,2630.7105683694977,9996.841127963202,2.7106290108057993e-06,0.006794417045883042,11.068944035766776,,61.25684855641727,6873756931838.318,4.437344041262171
2018-06-07,ledoit_wolf,118.72904365566193,9996.841127963202,6.800545235431898e-05,0.006794417045883042,11.410817951617437,,21.19928964553796,12375661830.864346,2.6572537619533363
2018-06-07,oas,157.20368444757602,9996.841127963202,5.422314192113602e-05,0.006794417045883042,11.185968831269172,,23.33613322427362,18989627101.389187,2.8846777437994597
2018-06-07,shrink,280.7036658039409,9996.841127963202,2.6722500962169838e-05,0.006794417045883042,11.4575569168932,,27.435957584993893,17624557616.923386,2.5116912822236834
2018-06-07,persistence,2224.5201935155046,9996.841127963202,2.4080711641166067e-06,0.006794417045883042,11.331015654345759,,63.12350227198865,13958665344001.838,2.3989080955977222
2018-06-14,D0_pca8,9614.812582670462,9996.689244559813,1.3674154168278574e-07,0.006794526784735873,64.323989866439,,116.93238913869872,4056782405822626.0,3.657134207243007
2018-06-14,rolling,2677.2065718664394,9996.689244559813,2.7959566874961785e-06,0.006794526784735873,10.964708831408936,,60.77290717610983,6526865453670.864,4.025571148548862
2018-06-14,ewma,2236.9250122763974,9996.689244559813,2.3986674929038026e-06,0.006794526784735873,11.716852688514193,,63.18594749606334,8741319696628.541,3.9028532550555
2018-06-14,ledoit_wolf,54.81004561122853,9996.689244559813,9.103202574525759e-05,0.006794526784735873,12.7363387702929,,18.599047452003077,7248720241.618034,2.027231659986533
2018-06-14,oas,84.89325594234342,9996.689244559813,6.628612770226236e-05,0.006794526784735873,12.203945908432598,,21.43590018627726,13061235299.62099,2.3390575457206326
2018-06-14,shrink,248.91655227917138,9996.689244559813,2.16972277198107e-05,0.006794526784735873,12.122500105266207,,29.06164419490376,23570490940.81961,2.313558794828511
2018-06-14,persistence,2188.593660072666,9996.689244559813,2.3755740592316523e-06,0.006794526784735873,11.462210089309803,,63.33984152460852,14343331119728.926,2.4630740009207037
2018-06-21,D0_pca8,9583.068174739697,9996.747385393277,1.7934239253208687e-07,0.0067944820440853666,60.4515731574279,,111.14049020697749,2402406050831530.0,3.506827423935701
2018-06-21,rolling,1927.172436133528,9996.747385393277,2.428348790520491e-06,0.0067944820440853666,12.003540589673356,,62.99047940914021,8650559923689.182,4.375375558456545
2018-06-21,ewma,1879.9448923363916,9996.747385393277,2.1683443035580646e-06,0.0067944820440853666,12.365694797614108,,64.80091824966745,10668084321597.283,4.15675418420888
2018-06-21,ledoit_wolf,30.145066490545805,9996.747385393277,9.472269353481145e-05,0.0067944820440853666,14.32126099400576,,18.25778105910569,6821877192.442468,1.7554653048724553
2018-06-21,oas,36.84979276616476,9996.747385393277,8.320122069027304e-05,0.0067944820440853666,13.97836591280315,,19.382922564560626,8636622680.434525,1.8874369315127455
2018-06-21,shrink,189.6410448737886,9996.747385393277,1.7836691953883863e-05,0.0067944820440853666,13.304872059896985,,30.304895939614653,29843023470.079823,2.1178138716020682
2018-06-21,persistence,2482.3913276899953,9996.747385393277,2.2002487897532736e-06,0.0067944820440853666,11.663587355054087,,64.56596900056903,16721123806903.21,2.1046035548105624
2018-06-28,D0_pca8,9629.775694940367,9996.285456894606,1.4738719617673315e-07,0.006794796748932938,63.546396496282284,,115.31748264730456,3542929683911297.0,3.8015385901618504
2018-06-28,rolling,2047.4691511689823,9996.285456894606,2.5742870163308934e-06,0.006794796748932938,11.706855070516495,,62.068231970377994,7699968026156.369,3.7687242601474957
2018-06-28,ewma,2469.097320624514,9996.285456894606,2.5246340547849594e-06,0.006794796748932938,11.475747649367673,,62.375495909831216,7881324852475.441,3.6541830930175543
2018-06-28,ledoit_wolf,34.7606378199494,9996.285456894606,9.52382146382548e-05,0.006794796748932938,13.8341683860871,,18.211821931946822,6710401918.861113,1.718167318853698
2018-06-28,oas,42.41650033842877,9996.285456894606,8.34575113841105e-05,0.006794796748932938,13.520249918607732,,19.356257943842277,8547759920.116117,1.8232501973132336
2018-06-28,shrink,212.3772180486165,9996.285456894606,1.791388182785521e-05,0.006794796748932938,12.977131236265674,,30.332710537223456,28917224548.869217,1.9467486604388966
2018-06-28,persistence,2826.161284643403,9996.285456894606,2.3041348135842656e-06,0.006794796748932938,11.313671535368508,,63.82742411818496,15246846828958.965,1.5102944569584014
2018-07-06,D0_pca8,9600.052746879022,2161.257044771826,1.2261742491636746e-07,2.99999917866018e-06,36.08603255557095,,10.2226654555463,4627925451178051.0,3.3296808585247497
2018-07-06,rolling,9990.784284641208,2161.257044771826,0.0026361860617030706,2.99999917866018e-06,7.232986568617045,,45.94773864708391,8979798032102.627,1.0161220418630623
2018-07-06,ewma,9997.210475679469,2161.257044771826,0.007869345858850107,2.99999917866018e-06,10.9941388804625,,61.970239783528555,8993277022484.594,1.0028084502258738
2018-07-06,ledoit_wolf,107.14936544735501,2161.257044771826,0.12526043366637937,2.99999917866018e-06,22.13407446583168,,113.19976821484565,8999658275415.504,1.0022136393448633
2018-07-06,oas,2420.8931802366546,2161.257044771826,0.010243195685609852,2.99999917866018e-06,10.093140748481575,,66.1905351364349,8994938821679.137,1.0083435485187957
2018-07-06,shrink,7343.100860742349,2161.257044771826,0.0026361860617076485,2.99999917866018e-06,35.862719452207536,,45.947738647095484,8981710593268.91,1.001346528523407
2018-07-06,persistence,9996.84112796741,2161.257044771826,0.0067944170458801795,2.99999917866018e-06,10.356628356852932,,59.67939769011225,8992200108523.094,1.0028166418658444
2018-07-13,D0_pca8,9921.882161874852,2075.016525939242,1.8031581386150168e-06,3.0669542468545155e-06,28.892937478463146,,0.28211510623936054,9034685225930.887,2.337915276484704
2018-07-13,rolling,9991.270011028226,2075.016525939242,0.00263605833758546,3.0669542468545155e-06,7.161977611428047,,45.64832928713081,8591563812656.475,1.0133817100268905
2018-07-13,ewma,9996.127215354518,2075.016525939242,0.0057759805418292195,3.0669542468545155e-06,9.550294867889878,,56.863333128048374,8602329626066.773,1.0028103606179497
2018-07-13,ledoit_wolf,107.15490141999302,2075.016525939242,0.12525413418469358,3.0669542468545155e-06,21.673206792590907,,112.72949560569025,8610980798351.328,1.0022691841725242
2018-07-13,oas,2421.1361310766997,2075.016525939242,0.010242190095423147,3.0669542468545155e-06,9.859935827659802,,65.83026900268408,8606361054379.373,1.009006635286257
2018-07-13,shrink,7343.455890518382,2075.016525939242,0.002636058337590238,3.0669542468545155e-06,35.487012258019156,,45.648329287144115,8593444827904.767,1.003292736427674
2018-07-13,persistence,9996.689244553232,2075.016525939242,0.006794526784740343,3.0669542468545155e-06,10.189738608889744,,59.33909595663022,8603688790011.087,1.0028175444060325
2018-07-20,D0_pca8,9873.661700725526,2067.3781785807446,1.2746361509075466e-06,3.620583802864691e-06,27.74646779750132,,1.0898817334668822,28390777588700.312,2.443961584211051
2018-07-20,rolling,9991.704411762616,2067.3781785807446,0.0026359435154898634,3.620583802864691e-06,6.838275737778121,,43.432856886036205,6162376862016.384,1.0118522355387947
2018-07-20,ewma,9995.231941004222,2067.3781785807446,0.004239401276344894,3.620583802864691e-06,8.037332192871432,,49.92188049711366,6168714529274.854,1.003359707186813
2018-07-20,ledoit_wolf,107.15973173476586,2067.3781785807446,0.12524854801699398,3.620583802864691e-06,20.447545728109002,,109.23217720843779,6178817018582.102,1.0021812694128052
2018-07-20,oas,2421.3532048823527,2067.3781785807446,0.010241289430983697,3.620583802864691e-06,9.174678995796807,,63.16350731030174,6174899989759.578,1.007080150522252
2018-07-20,shrink,7343.7749237055705,2067.3781785807446,0.002635943515491228,3.620583802864691e-06,33.92955228800873,,43.43285688603953,6164039978606.05,1.0000000000000002
2018-07-20,persistence,9996.747385396133,2067.3781785807446,0.006794482044083419,3.620583802864691e-06,9.621924825728803,,56.80984417163629,6172644233634.192,1.0028167487871522
2018-07-27,D0_pca8,9598.756015530415,2305.5180274108216,1.453317214226206e-07,2.985264271765825e-06,33.43829665034766,,9.135011448443965,3308741268347928.0,3.5693414061362865
2018-07-27,rolling,9990.97723205271,2305.5180274108216,0.0026361416264889643,2.985264271765825e-06,7.070372411237247,,46.0142850766835,9068752074181.676,1.0105020411720866
2018-07-27,ewma,9991.779320474454,2305.5180274108216,0.0031124136404334208,2.985264271765825e-06,7.535594321892445,,48.295066336754246,9071961830895.016,1.0049199623563767
2018-07-27,ledoit_wolf,107.15277288993535,2305.5180274108216,0.12525749462611016,2.985264271765825e-06,22.002638357638855,,113.30406551626888,9088697365639.543,1.002131925253963
2018-07-27,oas,2420.9898150246336,2305.5180274108216,0.01024282017243753,2.985264271765825e-06,9.94369990572498,,66.2700791515384,9083953871069.215,1.007163296493829
2018-07-27,shrink,7343.2419126300965,2305.5180274108216,0.00263614162648961,2.985264271765825e-06,35.9683854171742,,46.01428507668825,9070700001150.258,1.0
2018-07-27,persistence,9996.285456901474,2305.5180274108216,0.006794796748928265,2.985264271765825e-06,10.161969888730685,,59.75636004863695,9081212343706.705,1.0028155239968166
2018-08-03,D0_pca8,9910.762522510113,2513.7456529475353,2.7707135349656614e-06,2.35850033109505e-06,21.869469465908505,,0.025946397100412095,2956026946025.9365,2.291189650307726
2018-08-03,rolling,9990.269770977515,2513.7456529475353,0.0026363327809752904,2.35850033109505e-06,7.564315686238443,,49.26801391241493,14536044031679.727,1.007774529634696
2018-08-03,ewma,9986.482076299819,2513.7456529475353,0.0022854404324723484,2.35850033109505e-06,7.295290194566386,,47.2833317975461,14532347625099.02,1.0132554915808933
2018-08-03,ledoit_wolf,107.14571126924353,2513.7456529475353,0.12526630218897297,2.35850033109505e-06,24.1583878075388,,118.37811619235117,14561295104281.537,1.0021317645936
2018-08-03,oas,2420.6361498840347,2513.7456529475353,0.010244304110358756,2.35850033109505e-06,11.100156080388116,,70.1649270923406,14555292136909.918,1.006801816796919
2018-08-03,shrink,7342.722324386583,2513.7456529475353,0.002636332780978295,2.35850033109505e-06,38.709425200290696,,49.26801391242505,14538489201230.312,1.0004478829837564
2018-08-03,persistence,2161.2570447719313,2513.7456529475353,2.9999991786600333e-06,2.35850033109505e-06,0.07720462384822319,,0.0578816041958853,4380436578167.1157,1.5508806427637238
2018-08-10,D0_pca8,9916.20973556172,2539.333059833477,2.243497751041121e-06,2.5161059057033644e-06,23.155944629132513,,0.013150639686972049,3747298286771.805,2.304423200688531
2018-08-10,rolling,9990.460041130169,2539.333059833477,0.002636278883800654,2.5161059057033644e-06,7.36266987484766,,48.36383041290712,12770568391903.014,1.0061136712528622
2018-08-10,ewma,9983.03313721936,2539.333059833477,0.0016778759621781567,2.5161059057033644e-06,6.353858001711487,,42.28343138623876,12757229273520.736,1.0142879778609093
2018-08-10,ledoit_wolf,107.14705211710844,2539.333059833477,0.1252641572524847,2.5161059057033644e-06,23.47377290465597,,116.97433110565643,12794226829621.447,1.0020949717028484
2018-08-10,oas,2420.731053389603,2539.333059833477,0.01024389620173055,2.5161059057033644e-06,10.698039911268706,,69.0847639394035,12788601672455.496,1.006452453641415
2018-08-10,shrink,7342.86278607462,2539.333059833477,0.00263627888380331,2.5161059057033644e-06,37.87332796391889,,48.36383041291397,12772883273222.16,1.0
2018-08-10,persistence,2075.016525939798,2539.333059833477,3.0669542468536943e-06,2.5161059057033644e-06,0.06723880731600289,,0.03919309686481682,3885158884594.535,1.3507867355704268
2018-08-17,D0_pca8,9535.964932706385,1991.2266030896162,1.2484387548341838e-07,2.0204982784745467e-06,31.22849648072493,,7.750811664904461,4331103887096183.0,3.7161206223758914
2018-08-17,rolling,9990.187163792256,1991.2266030896162,0.002636351439988279,2.0204982784745467e-06,8.415246362652463,,51.46350058747795,19811271415343.25,1.009555558304143
2018-08-17,ewma,9975.8884032091,1991.2266030896162,0.0012322920801795876,2.0204982784745467e-06,6.6481464664253895,,41.130244326771695,19777995118904.57,1.0708214885138043
2018-08-17,ledoit_wolf,107.14417075160748,1991.2266030896162,0.1252675929433851,2.0204982784745467e-06,25.598466578076504,,121.76819752857907,19840751214249.32,1.0021774430645856
2018-08-17,oas,2420.594767756174,1991.2266030896162,0.01024446353436863,2.0204982784745467e-06,12.184219153246472,,72.78048700515511,19833739622718.37,1.0069819957763526
2018-08-17,shrink,7342.6623723489565,1991.2266030896162,0.0026363514399899515,2.0204982784745467e-06,40.22778245908722,,51.46350058748483,19814146730143.938,1.0
2018-08-17,persistence,2067.3781785805195,1991.2266030896162,3.6205838028650866e-06,2.0204982784745467e-06,0.317333569057804,,0.34022828814893524,7416912338992.704,1.7810217884729644
2018-08-24,D0_pca8,9897.87190293795,1860.219244262824,1.823293513761273e-06,2.0038097446884455e-06,20.528509832775917,,0.00891243673743029,5476184267590.914,2.2420290535784266
2018-08-24,rolling,9990.070437304643,1860.219244262824,0.0026363848101847885,2.0038097446884455e-06,8.556236869664762,,51.58274898314873,20142897030281.977,1.0121614386661917
2018-08-24,ewma,9970.195248968435,1860.219244262824,0.0009049133372711933,2.0038097446884455e-06,6.178603074301792,,37.36618251604686,20086936482949.664,1.1077263918523734
2018-08-24,ledoit_wolf,107.14333547905325,1860.219244262824,0.12526893276669276,2.0038097446884455e-06,25.81605477037143,,121.95154682870853,20172592179175.516,1.0022348517140367
2018-08-24,oas,2420.5364042243214,1860.219244262824,0.01024471557230185,2.0038097446884455e-06,12.36941820457783,,72.92248909201858,20165529957297.5,1.007968070448242
2018-08-24,shrink,7342.577035042844,1860.219244262824,0.0026363848101891413,2.0038097446884455e-06,40.546216124929536,,51.582748983153955,20145900227732.43,1.0
2018-08-24,persistence,2305.5180274112126,1860.219244262824,2.9852642717653257e-06,2.0038097446884455e-06,0.16578417885025962,,0.158912152334327,6462953907989.814,1.8621359045768933
2018-08-31,D0_pca8,9899.21438474771,1752.7897920619796,1.952119767287328e-06,2.03610188387112e-06,20.94784900157673,,0.0017742018243835003,4640791790404.562,2.561719220128223
2018-08-31,rolling,9989.877618025232,1752.7897920619796,0.0026364366009853668,2.03610188387112e-06,8.599948768245351,,51.35364681125295,19508470883945.008,1.0117747808460862
2018-08-31,ewma,9961.549044128193,1752.7897920619796,0.0006647050849598571,2.03610188387112e-06,5.725704916944176,,33.504484413647205,19423975831590.29,1.1956255896562515
2018-08-31,ledoit_wolf,107.14124761684143,1752.7897920619796,0.12527141763624583,2.03610188387112e-06,25.823505642008723,,121.59914808091435,19537727208910.965,1.0022089877518958
2018-08-31,oas,2420.4400321235603,1752.7897920619796,0.01024511882052237,2.03610188387112e-06,12.408905737656138,,72.65037663503232,19530773470227.656,1.0073969040955013
2018-08-31,shrink,7342.4344021739425,1752.7897920619796,0.0026364366009879884,2.03610188387112e-06,40.58081242744245,,51.35364681126788,19511335251621.312,1.0
2018-08-31,persistence,2513.7456529467263,1752.7897920619796,2.3585003310958096e-06,2.03610188387112e-06,0.039045512161317304,,0.021605695084067372,5611648806826.857,1.9404525133972954
2018-09-10,D0_pca8,9591.111195977786,2253.898646347293,1.4819558043058075e-07,1.9473427048418854e-06,29.873673849577706,,6.634137155675918,3028314351377825.0,3.229534911753091
2018-09-10,rolling,9990.274584212459,2253.898646347293,0.002636324483882584,1.9473427048418854e-06,8.328109823141952,,51.99383026678457,21328784663706.633,1.0076544917732577
2018-09-10,ewma,9947.961274707679,2253.898646347293,0.0004884999953229329,1.9473427048418854e-06,5.055170170333436,,30.52422412655132,21199585801199.074,1.2030338712218855
2018-09-10,ledoit_wolf,107.14442654669625,2253.898646347293,0.12526672391014076,1.9473427048418854e-06,26.230454237200767,,122.58330025445575,21359393965638.273,1.0020981447695747
2018-09-10,oas,2420.6382346845066,2253.898646347293,0.010244268158234971,1.9473427048418854e-06,12.375380746995523,,73.41075051321499,21352117483717.48,1.0053383805764777
2018-09-10,shrink,7342.724178621289,2253.898646347293,0.002636324483883468,1.9473427048418854e-06,41.301920635076726,,51.993830266795,21331782318713.086,1.0
2018-09-10,persistence,2539.333059833896,2253.898646347293,2.516105905702944e-06,1.9473427048418854e-06,0.08700653236667685,,0.06566231334384805,6342321679095.324,1.975673558947053
2018-09-17,D0_pca8,9644.926167185362,4136.088374539092,1.7472682725685311e-07,3.0457958354448905e-06,32.21613451601455,,8.16981224608557,2309689018805697.0,4.093358543503324
2018-09-17,rolling,1576.4058146626874,4136.088374539092,2.6135139295869223e-06,3.0457958354448905e-06,0.1370881668418819,,0.023429360096960127,4917956387871.9,2.9090920626036754
2018-09-17,ewma,1518.1159253583708,4136.088374539092,2.3346693990110516e-06,3.0457958354448905e-06,0.1991558384098352,,0.07069846474432631,5283434274474.576,2.867972215915793
2018-09-17,ledoit_wolf,14.75680554301024,4136.088374539092,0.00013676674105786617,3.0457958354448905e-06,0.6931329108844161,,14.474329124141452,8421609573635.095,1.3358983582165855
2018-09-17,oas,25.94514801794496,4136.088374539092,9.917888200458337e-05,3.0457958354448905e-06,0.4334830833148171,,12.13242145593576,8332830233734.211,1.5315275784685431
2018-09-17,shrink,168.83947896328917,4136.088374539092,1.7874836558079203e-05,3.0457958354448905e-06,0.26797889770410505,,4.79812158739018,7953769146293.78,1.7806167957878487
2018-09-17,persistence,1991.2266030896596,4136.088374539092,2.0204982784745e-06,3.0457958354448905e-06,0.16422847016759828,,0.16844285675412446,6448839335124.697,1.4127637156948294
2018-09-24,D0_pca8,9349.288946146158,4502.924242660539,8.303489755270837e-08,3.6152161278194488e-06,33.53185832893883,,14.240314931104146,9602997636995416.0,3.409975578266059
2018-09-24,rolling,1546.8371200202473,4502.924242660539,2.5470082404027584e-06,3.6152161278194488e-06,0.23638421654479763,,0.12266251888447996,4316904287670.726,2.7124671946384025
2018-09-24,ewma,1638.472654323598,4502.924242660539,2.151887258142319e-06,3.6152161278194488e-06,0.31301174330086945,,0.26915987371036637,5556526390933.492,2.6663636898471283
2018-09-24,ledoit_wolf,13.626203827109116,4502.924242660539,0.00013742592231147718,3.6152161278194488e-06,0.9820788622115456,,13.234557353237543,5937500543524.339,1.3040274672790888
2018-09-24,oas,24.667810282024686,4502.924242660539,9.86541038032825e-05,3.6152161278194488e-06,0.6428807059485694,,10.932730136006729,5861229027219.939,1.47853040378911
2018-09-24,shrink,165.93861480145898,4502.924242660539,1.7482142270774564e-05,3.6152161278194488e-06,0.4192500031619744,,3.7713620818790154,5531120511517.646,1.671228665764056
2018-09-24,persistence,1860.219244262546,4502.924242660539,2.0038097446887445e-06,3.6152161278194488e-06,0.24916363170753653,,0.3482193989115383,7529684013284.582,1.3640601875589842
2018-10-01,D0_pca8,9406.088290132671,4617.309048690151,7.537964811264398e-08,5.463478556906941e-06,41.650437590157324,,18.346578034272653,1.1480176551416546e+16,3.323148320355612
2018-10-01,rolling,1512.6811507699242,4617.309048690151,2.592673376455668e-06,5.463478556906941e-06,0.6377176237897059,,0.5556151185686635,3959242447825.391,2.836206675003746
2018-10-01,ewma,1464.6775289973484,4617.309048690151,2.1000319938510467e-06,5.463478556906941e-06,0.8861581457127551,,0.9141899547588761,6317213778720.254,2.7958011209832394
2018-10-01,ledoit_wolf,13.60874877470005,4617.309048690151,0.00013857174823592283,5.463478556906941e-06,1.8708060716620096,,10.454244204519728,2544445220654.9375,1.3133301457302575
2018-10-01,oas,24.07658885796547,4617.309048690151,0.00010060323763623554,5.463478556906941e-06,1.3830384821278745,,8.48614334894987,2497313621787.9175,1.4842217908561208
2018-10-01,shrink,183.5980586028516,4617.309048690151,1.5774280444575066e-05,5.463478556906941e-06,0.9889667240496877,,2.252166577764437,2279242442889.877,1.6977414451085577
2018-10-01,persistence,1752.7897920619523,4617.309048690151,2.0361018838711514e-06,5.463478556906941e-06,0.6894442302340338,,0.9742642251253306,9994395428887.078,1.3115599934195505
2018-10-08,D0_pca8,9426.001226386796,4667.291293328968,1.0215404000794638e-07,7.5046330500546255e-06,42.89203774369447,,18.46235551603897,6670358947198622.0,3.6624244728839477
2018-10-08,rolling,1750.8255719366089,4667.291293328968,2.4547669448868635e-06,7.5046330500546255e-06,1.2788490897404619,,1.2487804800621263,4984200130949.859,2.9050041090054175
2018-10-08,ewma,2163.5715077667155,4667.291293328968,2.1490009575429702e-06,7.5046330500546255e-06,1.4415509661223787,,1.563793203743012,6711998366008.855,2.766943190517442
2018-10-08,ledoit_wolf,22.535948665432752,4667.291293328968,0.00010787334725496232,7.5046330500546255e-06,2.5316983027125515,,7.104555118241841,1287689068551.5273,1.4332497086306966
2018-10-08,oas,30.232223899585065,4667.291293328968,9.011120548443581e-05,7.5046330500546255e-06,2.2568396383614795,,6.177828719923494,1265284385323.2117,1.525221694907317
2018-10-08,shrink,203.37448870096995,4667.291293328968,1.5487833501078736e-05,7.5046330500546255e-06,1.785702173662818,,1.1540240358883873,1112107577837.0527,1.7885966389657
2018-10-08,persistence,2253.8986463474444,4667.291293328968,1.947342704841755e-06,7.5046330500546255e-06,1.3286544397530007,,1.8199479408726151,13478678900499.379,1.3518384987814045
2018-10-15,D0_pca8,9529.965437300385,4467.480200996742,1.2692419050641215e-07,7.351940516971999e-06,41.634233987171015,,16.476470173043538,4513674309364844.0,3.851268038644025
2018-10-15,rolling,2706.004752320632,4467.480200996742,2.6217796168613103e-06,7.351940516971999e-06,1.161956186534082,,1.0631893140602875,4207159707193.4185,3.849905543890322
2018-10-15,ewma,4309.218475230148,4467.480200996742,3.273937228987346e-06,7.351940516971999e-06,0.8691182106858071,,0.6544337854763737,2380042218190.6753,3.506524402093262
2018-10-15,ledoit_wolf,50.9723301171064,4467.480200996742,9.025500495126205e-05,7.351940516971999e-06,2.0212576407017546,,6.288432064821854,1320744663558.7876,1.8703218089454143
2018-10-15,oas,88.43342635499167,4467.480200996742,6.072474476956294e-05,7.351940516971999e-06,1.6982555417532859,,4.457954464054202,1255845159899.1333,2.193538663620252
2018-10-15,shrink,245.92880918435333,4467.480200996742,2.0751014791432658e-05,7.351940516971999e-06,1.6276607026588958,,1.7362021379189243,1202507301228.4084,2.265806372244337
2018-10-15,persistence,4136.088374537314,4467.480200996742,3.0457958354462012e-06,7.351940516971999e-06,0.7319510492260124,,0.7765167477932865,4131875687493.0107,2.44474422498954
2018-10-22,D0_pca8,9685.926162270966,4158.043613789696,1.4337413643734295e-07,7.77928961003865e-06,48.3358538459041,,15.950086226526608,3557442494209737.0,3.6950842062181843
2018-10-22,rolling,3161.9317342380114,4158.043613789696,2.8248081331867663e-06,7.77928961003865e-06,1.3463179022060203,,1.0262183417213397,3607970240044.6553,4.4643178539811945
2018-10-22,ewma,4504.39511075476,4158.043613789696,3.5658850175154295e-06,7.77928961003865e-06,1.0213116331516585,,0.6084820549522153,2009486182019.3477,3.9951028934119255
2018-10-22,ledoit_wolf,90.53354673813496,4158.043613789696,7.224860443985509e-05,7.77928961003865e-06,1.9672733946645025,,4.966871337952533,1140518556090.9692,2.228950152025947
2018-10-22,oas,135.93922184826368,4158.043613789696,5.255297474355423e-05,7.77928961003865e-06,1.78676471921218,,3.6494622238310144,1084557747529.8204,2.494498853941695
2018-10-22,shrink,260.2367778292393,4158.043613789696,2.4651129600860535e-05,7.77928961003865e-06,1.8191316340284645,,1.9792727573102862,1083952848647.4106,2.3176754165181372
2018-10-22,persistence,4502.924242660216,4158.043613789696,3.6152161278197097e-06,7.77928961003865e-06,0.7756971240551678,,0.5872359756330637,2700001549450.006,2.5288340079902083
2018-10-29,D0_pca8,9741.245539532209,9995.811553592588,1.756216969382967e-07,0.013998785573897023,77.48961307696489,,127.37702861719046,2555853384337736.0,3.7221248766190147
2018-10-29,rolling,3613.381257882684,9995.811553592588,3.4596480343016465e-06,0.013998785573897023,13.928468030705796,,68.98230550907407,4269060506900.0967,4.130226584857503
2018-10-29,ewma,4687.111656164362,9995.811553592588,5.350797873220145e-06,0.013998785573897023,11.534775489977749,,61.92871528669256,1842493655182.156,3.5478743565112065
2018-10-29,ledoit_wolf,111.79953775724863,9995.811553592588,8.337734296480266e-05,0.013998785573897023,15.425921690835523,,26.248707463948335,8588230019.995548,2.061948190137866
2018-10-29,oas,197.36054040483262,9995.811553592588,5.2693509962782375e-05,0.013998785573897023,14.873874815360514,,31.161331338148763,20296538886.726776,2.398613200702
2018-10-29,shrink,299.3264475082212,9995.811553592588,2.985401130758369e-05,0.013998785573897023,15.294671352240092,,35.029614287893004,16392033448.824133,2.084159934355884
2018-10-29,persistence,4617.309048691938,9995.811553592588,5.463478556904828e-06,0.013998785573897023,10.739725527394068,,61.60114972278137,2711545645633.282,2.4475328747919973
2018-11-05,D0_pca8,9660.522880777566,9995.913892078932,1.9367691570657808e-07,0.013998621844921677,72.96174985064783,,125.17745030846598,2150748351811205.5,3.993083218613618
2018-11-05,rolling,3718.0450674991653,9995.913892078932,4.192866621446009e-06,0.013998621844921677,12.842857776843298,,65.82611180787706,2907841402121.7803,3.8271517416145433
2018-11-05,ewma,4241.131306758712,9995.913892078932,6.3695562209183345e-06,0.013998621844921677,10.19113713678296,,59.21585998071121,1324421730697.4663,3.5005947604742933
2018-11-05,ledoit_wolf,125.913434228449,9995.913892078932,9.42502587157599e-05,0.013998621844921677,14.1544478494741,,25.007606400960732,6741900109.41061,2.1875196324391766
2018-11-05,oas,213.5257738195734,9995.913892078932,6.118157108469021e-05,0.013998621844921677,13.697993301380212,,29.516056115018337,15168319147.692059,2.4945712166739864
2018-11-05,shrink,324.72520027149784,9995.913892078932,3.4352098729485015e-05,0.013998621844921677,14.07989678246588,,33.58692050877163,12593634295.946678,2.127076770284209
2018-11-05,persistence,4667.291293329477,9995.913892078932,7.5046330500538115e-06,0.013998621844921677,9.233462350108464,,56.71887494849132,1436715281529.3906,2.431038960409311
2018-11-12,D0_pca8,9632.082849211194,9996.189580728636,1.4288456032075596e-07,0.013998253604193028,77.17651493655119,,132.0752371868145,3693292113026698.5,3.359530570268826
2018-11-12,rolling,3733.6864692009012,9996.189580728636,4.36739053751418e-06,0.013998253604193028,12.599867533537497,,65.16561030404779,2679315039611.339,3.946709330854065
2018-11-12,ewma,4052.37458246843,9996.189580728636,5.794086314699131e-06,0.013998253604193028,10.558914356587469,,60.68176129703475,1569103873574.3076,3.6700320844910452
2018-11-12,ledoit_wolf,135.99124322359023,9996.189580728636,9.273153901027582e-05,0.013998253604193028,13.814521719199835,,25.17008035535522,6862295003.467708,2.3167165714794167
2018-11-12,oas,214.67597725394415,9996.189580728636,6.366317644708698e-05,0.013998253604193028,13.439169770384538,,29.08532833475997,13922201321.489466,2.6158943420804097
2018-11-12,shrink,337.47351070801903,9996.189580728636,3.4545503059531554e-05,0.013998253604193028,13.758979576358996,,32.7658719577476,10764504736.235062,2.221414174068027
2018-11-12,persistence,4467.480200994292,9996.189580728636,7.351940516976036e-06,0.013998253604193028,9.301286425229387,,57.028526733279094,1497042237615.7979,2.2940838393284353
2018-11-19,D0_pca8,9622.93546046119,9996.453739374834,1.9869698684945914e-07,0.01399792331485793,71.91667079966811,,124.60438719327428,2047092334045712.0,3.528845763507205
2018-11-19,rolling,3722.964937782454,9996.453739374834,4.777158861510379e-06,0.01399792331485793,11.929920891037902,,63.72538424823067,2240118018247.561,4.025483928070875
2018-11-19,ewma,3643.7468037875965,9996.453739374834,6.058362006066502e-06,0.01399792331485793,10.25501662444031,,59.98850457592373,1452762748247.1152,3.713680652934066
2018-11-19,ledoit_wolf,146.546456195729,9996.453739374834,9.535934070081448e-05,0.01399792331485793,13.053333696504092,,24.890240367217352,6449469374.75956,2.347410158412404
2018-11-19,oas,211.952010407697,9996.453739374834,7.022850922131021e-05,0.01399792331485793,12.761928745414787,,28.036070911825295,11478323846.82758,2.6161776590324934
2018-11-19,shrink,365.21568640619915,9996.453739374834,3.487044214179064e-05,0.01399792331485793,13.036101627340452,,32.05923213657445,9713862187.174665,2.206270301014687
2018-11-19,persistence,4158.043613788416,9996.453739374834,7.779289610041038e-06,0.01399792331485793,8.922566999514455,,56.17800970167865,1337003788512.6946,1.9680652864289774
2018-11-27,D0_pca8,9877.969996520409,9993.031660545555,1.2710368972776846e-06,0.007701376504400975,52.53413782473243,,75.85226444506445,55337931161796.33,2.3642134313263816
2018-11-27,rolling,9990.881745119726,9993.031660545555,0.005430851046315533,0.007701376504400975,0.1255832787763595,,0.1220127447585581,335210.3409486651,1.1659723757371347
2018-11-27,ewma,9996.547376095952,9993.031660545555,0.016213674285343486,0.007701376504400975,0.5079156423106009,,0.554214584252675,470201.6544299519,1.015652813853522
2018-11-27,ledoit_wolf,107.15271444545985,9993.031660545555,0.25804821920072635,0.007701376504400975,10.494204476118288,,12.332369687418643,1557060.4180283286,1.0078746785612813
2018-11-27,oas,2420.9420152630937,9993.031660545555,0.02110196767045932,0.007701376504400975,1.0007814223621931,,1.0159978982228535,687715.1420839448,1.0411635926592246
2018-11-27,shrink,7173.057307069454,9993.031660545555,0.005430851046322033,0.007701376504400975,20.592456003849296,,0.12201274475791657,537124.5611387492,1.01987054186732
2018-11-27,persistence,9995.811553591095,9993.031660545555,0.013998785573899128,0.007701376504400975,0.32888943462921066,,0.35709169926701995,351869.17891063436,1.0225352342695047
2018-12-04,D0_pca8,9879.73028327659,9993.304252484702,6.589911081820746e-07,0.007701163971106834,60.531849130974635,,87.72514949080761,203437226320147.12,2.7617075649713008
2018-12-04,rolling,9990.303357595032,9993.304252484702,0.005431166135764674,0.007701163971106834,0.11696252750324806,,0.12195294165118817,334028.8156962021,1.1967467632267055
2018-12-04,ewma,9995.50002108742,9993.304252484702,0.011900538960782487,0.007701163971106834,0.17787641871324683,,0.18940966543035312,226026.7873106,1.0435829806751098
2018-12-04,ledoit_wolf,107.14683618614129,9993.304252484702,0.2580628545653111,0.007701163971106834,10.51522580360617,,12.332961853691824,1557248.7326778953,1.0078611505513604
2018-12-04,oas,2420.6530613953437,9993.304252484702,0.021104438775033787,0.007701163971106834,1.010190639431035,,1.0162896114802553,688228.1481024835,1.0467786516778872
2018-12-04,shrink,7172.643045094671,9993.304252484702,0.005431166135764837,0.007701163971106834,20.623277960814896,,0.12195294165063993,535712.9301533722,1.037586696959649
2018-12-04,persistence,9995.913892068915,9993.304252484702,0.013998621844935688,0.007701163971106834,0.32156546543825415,,0.357110703685522,351514.78507614805,1.0473585001162258
2018-12-12,D0_pca8,9874.676907637508,9993.31861257781,1.445081901265286e-06,0.007701176023388427,48.998291116576965,,73.63290259135715,42802262612780.54,2.3253822971688685
2018-12-12,rolling,9989.49109290425,9993.31861257781,0.005431619829465192,0.007701176023388427,0.10984865934721,,0.12189569990755655,333601.5190315752,1.2554039255859193
2018-12-12,ewma,9993.434961523735,9993.31861257781,0.00873571961648907,0.007701176023388427,0.014724999597883018,,0.01588791573195149,51053.78643055761,1.1405498779177263
2018-12-12,ledoit_wolf,107.13811259950035,9993.31861257781,0.2580845331683177,0.007701176023388427,10.549307736985304,,12.333540867451234,1557417.4140643284,1.0079690840246038
2018-12-12,oas,2420.247043603166,9993.31861257781,0.02110795524542566,0.007701176023388427,1.0264955885633187,,1.0166224032288458,688650.5456435187,1.0515000844159321
2018-12-12,shrink,7172.059519781238,9993.31861257781,0.005431619829470049,0.007701176023388427,20.67215937423665,,0.12189569990732077,534793.8369600935,1.0722066817877103
2018-12-12,persistence,9996.189580731769,9993.31861257781,0.01399825360418864,0.007701176023388427,0.32165633133746263,,0.35707739393641935,351536.8001726671,1.0379360339541224
2018-12-19,D0_pca8,9896.850660711389,9994.082026441349,1.7745438395604065e-06,0.00770056997304153,50.03068563195993,,70.14909516248827,28939432725103.02,2.4518014193204487
2018-12-19,rolling,9989.223107161219,9994.082026441349,0.005431788126746067,0.00770056997304153,0.11376106398163659,,0.12181912333098184,333778.79995784303,1.2714490377069942
2018-12-19,ewma,9991.771243073594,9994.082026441349,0.006412325693697321,0.00770056997304153,0.032218518338303935,,0.03351547460966305,104945.90909451901,1.1895529001948213
2018-12-19,ledoit_wolf,107.13698923799643,9994.082026441349,0.25809037410583263,0.00770056997304153,10.653657087469874,,12.334252606010185,1558385.1565819208,1.007970870295933
2018-12-19,oas,2420.112985295615,9994.082026441349,0.021109188819597828,0.00770056997304153,1.0586533786867915,,1.0168989690212198,689541.8989746901,1.0507282338797002
2018-12-19,shrink,7171.866942140139,9994.082026441349,0.005431788126757198,0.00770056997304153,20.836994676829597,,0.12181912333009341,534146.0849730792,1.0826095860273972
2018-12-19,persistence,9996.453739376666,9994.082026441349,0.013997923314855361,0.00770056997304153,0.32610097284992623,,0.35714325233436633,351794.5128664278,1.0423369348700708
2018-12-27,D0_pca8,9903.20193285232,4424.9067368880815,1.5180419174273256e-06,4.4732740168398296e-06,26.18280046883827,,1.1679100160473712,20424189625762.656,2.7197912577592818
2018-12-27,rolling,7104.752999741769,4424.9067368880815,0.00841595965526725,4.4732740168398296e-06,16.24925662803626,,56.848046226659484,4043771591950.1084,1.1340185792187631
2018-12-27,ewma,7166.555338894205,4424.9067368880815,0.0136217882258213,4.4732740168398296e-06,19.144871958189455,,64.34133484881635,4045386006397.997,1.0734137367831722
2018-12-27,ledoit_wolf,88.60324575733868,4424.9067368880815,0.36934868329125375,4.4732740168398296e-06,34.67590466532626,,128.17354574120895,4047900530826.6787,1.0407486375377923
2018-12-27,oas,1249.0938686508607,4424.9067368880815,0.044420901484048037,4.4732740168398296e-06,22.38546873756848,,84.70155155946367,4047200657425.96,1.0560683310364942
2018-12-27,shrink,5133.493512980622,4424.9067368880815,0.008415959655278736,4.4732740168398296e-06,48.318892442029004,,56.84804622667207,4044652817600.526,1.0050568619306033
2018-12-27,persistence,9993.031660547877,4424.9067368880815,0.007701376504399189,4.4732740168398296e-06,8.951634669080834,,55.517901000236954,4043336022862.9023,1.1070897006232172
2019-01-04,D0_pca8,9909.58876109746,3073.574223206558,2.830323553924636e-06,3.8113336115672913e-06,22.729585911327217,,0.08855863625719711,2747891834675.083,2.2181690386476336
2019-01-04,rolling,7104.771880388878,3073.574223206558,0.008415916984405506,3.8113336115672913e-06,17.128260836253908,,59.28847004261256,5571183694000.612,1.1318098000142616
2019-01-04,ewma,7165.813561048791,3073.574223206558,0.009998135730439934,3.8113336115672913e-06,18.094174882242662,,61.97113148739567,5571967952345.541,1.097639355101277
2019-01-04,ledoit_wolf,88.6027403800242,3073.574223206558,0.36934852897503756,3.8113336115672913e-06,35.27481086118014,,131.825222991975,5576024338782.354,1.040769585449865
2019-01-04,oas,1249.1015099458473,3073.574223206558,0.04442053106956285,3.8113336115672913e-06,23.159754480496193,,87.67471339284393,5575203424997.238,1.056522988313859
2019-01-04,shrink,5133.507164162881,3073.574223206558,0.008415916984413189,3.8113336115672913e-06,48.90509162454411,,59.28847004262518,5572220252633.191,1.0046573723245287
2019-01-04,persistence,9993.304252481867,3073.574223206558,0.007701163971109023,3.8113336115672913e-06,9.75003469981846,,57.92956386279118,5570673927638.469,1.0937008971035058
2019-01-11,D0_pca8,9910.92437880749,3296.766182721043,2.558210361058216e-06,3.639530722152034e-06,24.760522697693176,,0.12428917455471962,3611488896243.667,2.210376882247374
2019-01-11,rolling,7105.009284259006,3296.766182721043,0.00841567398470573,3.639530722152034e-06,17.42401532360713,,60.000456683858786,6109825145397.74,1.1269244893872805
2019-01-11,ewma,7164.365233899746,3296.766182721043,0.007339256583356767,3.639530722152034e-06,16.642363671438083,,57.8989781823801,6109066469338.854,1.1456293303973146
2019-01-11,ledoit_wolf,88.60853538094226,3296.766182721043,0.36933115585785603,3.639530722152034e-06,35.87637436589748,,132.88542196026316,6114888009231.988,1.0406399334001584
2019-01-11,oas,1249.199259555747,3296.766182721043,0.0444173597940431,3.639530722152034e-06,23.574430499866743,,88.5392667289811,6114028909070.314,1.0535246141052454
2019-01-11,shrink,5133.677870450802,3296.766182721043,0.008415673984709514,3.639530722152034e-06,49.64753607826496,,60.00045668386862,6110951891911.346,1.008780568640183
2019-01-11,persistence,9993.318612579515,3296.766182721043,0.007701176023387116,3.639530722152034e-06,9.836590219845519,,58.63383440634036,6109286247728.058,1.0766246223594278
2019-01-18,D0_pca8,9805.36454315456,2975.5392380988587,4.6447885328526043e-07,3.643724985418855e-06,30.527076658882134,,4.242956789564056,312388982820217.25,2.750491208778988
2019-01-18,rolling,7105.549079959348,2975.5392380988587,0.008415013502740012,3.643724985418855e-06,16.906331091608713,,59.98139932402747,6095767946181.217,1.1020522875321503
2019-01-18,ewma,7163.571406690237,2975.5392380988587,0.005386932841259668,3.643724985418855e-06,14.479478241452714,,53.27138188875614,6092857535672.678,1.1459427864003042
2019-01-18,ledoit_wolf,88.6142505006554,2975.5392380988587,0.36930436409353584,3.643724985418855e-06,35.43251473402442,,132.8571970203992,6100832639993.67,1.0406353395737828
2019-01-18,oas,1249.4238216845024,2975.5392380988587,0.04440950709064007,3.643724985418855e-06,23.060484345674272,,88.5142661657199,6099972653086.822,1.0516474779091536
2019-01-18,shrink,5134.066684769958,2975.5392380988587,0.008415013502743006,3.643724985418855e-06,49.15319276054526,,59.98139932403594,6096871404043.163,1.001883874106875
2019-01-18,persistence,9994.082026448714,2975.5392380988587,0.007700569973035851,3.643724985418855e-06,9.848055964463349,,58.6149920786694,6095235605015.119,1.0529808552552782
2019-01-28,D0_pca8,9895.108615424962,2071.3829433235683,2.880496852944866e-06,2.9456879038767827e-06,21.36056697743954,,0.000500845070630491,2327707076046.583,2.442257615218727
2019-01-28,rolling,7105.480099906716,2071.3829433235683,0.008415099218334395,2.9456879038767827e-06,18.39128715125093,,63.32085428767914,9328572482093.793,1.112456349366779
2019-01-28,ewma,7161.341101408435,2071.3829433235683,0.003954788403430786,2.9456879038767827e-06,14.31029129145559,,51.87369665045837,9321340070788.988,1.2924895489209163
2019-01-28,ledoit_wolf,88.61376420493464,2071.3829433235683,0.3693072799882515,2.9456879038767827e-06,37.47582031324576,,137.80509770112863,9334846817819.305,1.0406028293443401
2019-01-28,oas,1249.3950844880947,2071.3829433235683,0.04441051895449597,2.9456879038767827e-06,24.820687870889763,,92.56150362650713,9333781531789.027,1.0515597308375237
2019-01-28,shrink,5134.016791893166,2071.3829433235683,0.008415099218341373,2.9456879038767827e-06,51.451237367267936,,63.3208542876902,9329898144278.012,1.0041030497806585
2019-01-28,persistence,4424.906736886163,2071.3829433235683,4.47327401684177e-06,2.9456879038767827e-06,0.15464716273959075,,0.17453853528466598,3138483529087.8223,2.1742165515260234
2019-02-04,D0_pca8,9879.73126387855,2011.0286307079368,1.4023837795947328e-06,2.8428200336302576e-06,24.65079436879939,,0.4993156110453076,17625241522511.9,2.4678549126314704
2019-02-04,rolling,7105.663365082456,2011.0286307079368,0.00841488869022528,2.8428200336302576e-06,18.74091347684674,,63.88742551966011,10016141593180.572,1.114220848532273
2019-02-04,ewma,7158.649668095994,2011.0286307079368,0.0029035305227942485,2.8428200336302576e-06,13.239602316433993,,48.00945866029963,10003584187513.414,1.2930478814800366
2019-02-04,ledoit_wolf,88.61684297799887,2011.0286307079368,0.36929612350141067,2.8428200336302576e-06,37.87928459169902,,138.6401977988615,10022634860893.84,1.0405507317408158
2019-02-04,oas,1249.4714223433014,2011.0286307079368,0.044407921993683354,2.8428200336302576e-06,25.18538915331246,,93.2456027634502,10021531894473.781,1.0509755497213833
2019-02-04,shrink,5134.149045396862,2011.0286307079368,0.008414888690234556,2.8428200336302576e-06,51.89245311774412,,63.88742551967691,10017500692793.016,1.007503217766857
2019-02-04,persistence,3073.5742232051048,2011.0286307079368,3.8113336115690968e-06,2.8428200336302576e-06,0.08516948634302708,,0.08595600099551845,3212960074596.0186,1.9953374887785678
2019-02-11,D0_pca8,9896.670684997827,2485.2390826107235,8.386177373779417e-07,2.900525379349788e-06,29.585737016041357,,1.539811296578291,74063120030836.62,2.7196423413358057
2019-02-11,rolling,9984.43983184859,2485.2390826107235,0.0029888801038665176,2.900525379349788e-06,7.703227204063336,,48.13253905324019,9609476613296.434,1.2956531157369386
2019-02-11,ewma,9971.791259608151,2485.2390826107235,0.0013968787988341027,2.900525379349788e-06,5.926962353708262,,38.156606011506646,9589011518639.35,1.2754216592215817
2019-02-11,ledoit_wolf,107.07885639538219,2485.2390826107235,0.14202110763449613,2.900525379349788e-06,23.838075925292582,,116.61491813716353,9627565282774.598,1.0021086745138843
2019-02-11,oas,2417.72334206606,2485.2390826107235,0.011621164531654184,2.900525379349788e-06,11.091117083911247,,68.8184893781702,9623280425215.982,1.0467549559252867
2019-02-11,shrink,7327.6508460883015,2485.2390826107235,0.002988880103871483,2.900525379349788e-06,38.92688892776347,,48.13253905324754,9610996793085.834,1.1525613998127855
2019-02-11,persistence,3296.766182720772,2485.2390826107235,3.6395307221523278e-06,2.900525379349788e-06,0.07228740689191385,,0.05151211030089333,3005254335943.352,1.8886047712235496
2019-02-19,D0_pca8,9570.956184169932,2546.978459781976,1.704800437451221e-07,2.4513669056375973e-06,28.47952783783311,,7.106368967208079,2333131568421757.0,2.659667183896783
2019-02-19,rolling,9984.769111767222,2546.978459781976,0.002988788083514074,2.4513669056375973e-06,8.204525391087179,,50.494910030320455,13457534750610.988,1.2831411025460133
2019-02-19,ewma,9962.512891225651,2546.978459781976,0.0010261655548847045,2.4513669056375973e-06,5.777525476243908,,36.444622536569604,13417407092464.955,1.3505403760587953
2019-02-19,ledoit_wolf,107.0825897302912,2546.978459781976,0.14201657257380806,2.4513669056375973e-06,25.503061117251452,,120.2762480055673,13478934441583.998,1.0017715576372535
2019-02-19,oas,2417.8878114704526,2546.978459781976,0.01162041533376107,2.4513669056375973e-06,12.036054110371179,,71.63713897059563,13473864799626.111,1.0387464971589893
2019-02-19,shrink,7327.907047914502,2546.978459781976,0.002988788083515871,2.4513669056375973e-06,41.160183448198666,,50.494910030331056,13459436398904.967,1.139345277366085
2019-02-19,persistence,2975.5392380997378,2546.978459781976,3.6437249854177823e-06,2.4513669056375973e-06,0.16443150407563847,,0.1571017116701254,4498796921572.525,1.68382951503236
2019-02-26,D0_pca8,9906.48103954883,3169.520147825625,8.845808927214421e-07,3.641933768965262e-06,29.67166185611266,,2.0026643917401215,72095656253454.9,2.838938397055832
2019-02-26,rolling,9986.578612678339,3169.520147825625,0.002988225001802906,3.641933768965262e-06,6.762069135009445,,45.023023389471476,6092235374799.27,1.1824167424267586
2019-02-26,ewma,9956.709554380497,3169.520147825625,0.000753545071623813,3.641933768965262e-06,4.223442691761369,,28.43314348986554,6050762399742.781,1.3535923601058177
2019-02-26,ledoit_wolf,107.10150701194905,3169.520147825625,0.14199002726878632,3.641933768965262e-06,23.03979706530246,,111.74597827698298,6106650381420.157,1.0018600950420202
2019-02-26,oas,2418.791783783382,3169.520147825625,0.011616075752667333,3.641933768965262e-06,10.223411953923396,,65.086656852983,6103232184676.617,1.0246703269914714
2019-02-26,shrink,7329.233394453626,3169.520147825625,0.0029882250018066197,3.641933768965262e-06,37.79393266413624,,45.02302338948409,6093579433556.59,1.0744304573828143
2019-02-26,persistence,2071.382943324139,3169.520147825625,2.9456879038759696e-06,3.641933768965262e-06,0.09144606446171129,,0.04501710924747693,2855649804536.8047,1.6707617309573142
2019-03-05,D0_pca8,9662.925445066308,3502.2781609870576,2.516624922099036e-07,3.4851372521598283e-06,29.45574344289928,,6.907278317767583,1107813855421134.5,2.533771881542608
2019-03-05,rolling,9986.885437866227,3502.2781609870576,0.0029881155166070015,3.4851372521598283e-06,6.863635841665344,,45.61503677734434,6653417500648.881,1.1573627880981132
2019-03-05,ewma,9941.676946813795,3502.2781609870576,0.000553869938980276,3.4851372521598283e-06,3.8297257956331423,,25.688903392162292,6590659114049.988,1.3531648563111525
2019-03-05,ledoit_wolf,107.10282339252288,3502.2781609870576,0.14198616532212482,3.4851372521598283e-06,24.102314596509363,,112.6777407542994,6668508249144.715,1.0018383204112238
2019-03-05,oas,2418.9449888478703,3502.2781609870576,0.011615286062352822,3.4851372521598283e-06,10.690459316089678,,65.79756072067622,6664929845129.459,1.0238404941400157
2019-03-05,shrink,7329.45845698109,3502.2781609870576,0.0029881155166107997,3.4851372521598283e-06,39.11207336872563,,45.615036777364274,6654764638541.6,1.0671213611505637
2019-03-05,persistence,2011.028630707291,3502.2781609870576,2.842820033631167e-06,3.4851372521598283e-06,0.1613810772619676,,0.041498103564447206,3058160672169.838,1.5788258436816194
2019-03-12,D0_pca8,9433.964491569472,3306.8760733206173,1.1786138834015496e-07,3.2720924781263456e-06,31.15709310590209,,11.046765803488132,4956933640513260.0,3.4371672998062177
2019-03-12,rolling,3185.027731450222,3306.8760733206173,3.565461599137251e-06,3.2720924781263456e-06,0.17541648420053352,,0.007372595470678975,3858008015579.4927,3.425312848856936
2019-03-12,ewma,2845.189125990287,3306.8760733206173,3.098720863568836e-06,3.2720924781263456e-06,0.1058857734706871,,0.002963742240487274,3892220491697.343,3.448939373919833
2019-03-12,ledoit_wolf,96.53753896373654,3306.8760733206173,8.736225425504045e-05,3.2720924781263456e-06,0.26719714016368223,,10.78881617737935,7171435602190.945,2.290812167476543
2019-03-12,oas,132.1996177538272,3306.8760733206173,6.825458748971883e-05,3.2720924781263456e-06,0.23744471923780094,,9.228317999530598,7081946380887.225,2.460628471430519
2019-03-12,shrink,364.16238724452023,3306.8760733206173,2.2409823962817777e-05,3.2720924781263456e-06,0.2481950725710635,,5.37215095885856,7021374734739.814,2.28140594345692
2019-03-12,persistence,2485.2390826110136,3306.8760733206173,2.9005253793494446e-06,3.2720924781263456e-06,0.09236943973207103,,0.014529350814457298,3011609603168.323,1.9831291673494826
2019-03-19,D0_pca8,9645.441128585775,3340.7204577567913,1.440818660287159e-07,3.2934958497243245e-06,33.920431229818085,,9.79262212624139,3389272845915153.5,4.237068519634698
2019-03-19,rolling,2909.0357288615946,3340.7204577567913,3.3258402856044837e-06,3.2934958497243245e-06,0.15336064816166156,,9.55073803164009e-05,3927687235849.8477,3.247969456163864
2019-03-19,ewma,2614.405300846529,3340.7204577567913,2.6470631366309884e-06,3.2934958497243245e-06,0.1905954899378965,,0.04774169051132172,4466805898757.908,3.5492954567438844
2019-03-19,ledoit_wolf,76.43416897395447,3340.7204577567913,9.070983028839612e-05,3.2934958497243245e-06,0.3070294997062729,,10.993971744751319,7089767678670.74,2.1484555007885033
2019-03-19,oas,102.36549824823913,3340.7204577567913,7.267912374339445e-05,3.2934958497243245e-06,0.2642679046465284,,9.573481594179901,7014381077668.366,2.2985898503420255
2019-03-19,shrink,493.8171337258458,3340.7204577567913,1.4108591170767408e-05,3.2934958497243245e-06,0.25217255728621396,,4.761278284030769,6875854686709.76,2.221436678848992
2019-03-19,persistence,2546.9784597821094,3340.7204577567913,2.4513669056374745e-06,3.2934958497243245e-06,0.13229052324520973,,0.08720426047126562,4209929159709.044,1.794067289749779
2019-03-26,D0_pca8,9774.646357093301,2151.4289482963995,1.7858119693859477e-07,2.2403051858380807e-06,35.79221841141748,,6.397453811245354,2109123850785386.5,3.6304409192409657
2019-03-26,rolling,2586.8185790986504,2151.4289482963995,3.411922190387367e-06,2.2403051858380807e-06,0.047648595648547495,,0.17695784007928614,8860771455063.453,3.203844493015123
2019-03-26,ewma,3212.451359772907,2151.4289482963995,3.7438929357367113e-06,2.2403051858380807e-06,0.18038993034770084,,0.26369630206538813,9071888078525.617,3.1376470228506506
2019-03-26,ledoit_wolf,46.9966349392948,2151.4289482963995,0.00012035660319651505,2.2403051858380807e-06,0.08614659369781978,,15.871032863934596,15697200738350.24,1.7430990718898713
2019-03-26,oas,80.03358166969942,2151.4289482963995,8.245269407088422e-05,2.2403051858380807e-06,0.04673735721917798,,13.000439258730129,15537201783257.516,1.992451463822125
2019-03-26,shrink,405.042479505592,2151.4289482963995,1.576712371163856e-05,2.2403051858380807e-06,0.027030463841265874,,6.422935534219652,15241430229829.227,2.083176438073493
2019-03-26,persistence,3169.520147826266,2151.4289482963995,3.6419337689645223e-06,2.2403051858380807e-06,0.18392105065636183,,0.23610126257707625,5628737040776.223,1.8819302237802698
2019-04-02,D0_pca8,9767.977860269513,1921.5256710535748,2.1187953978950134e-07,2.4659311837530594e-06,34.796023916229515,,6.023601048889118,1524226703606972.5,3.3055917042814578
2019-04-02,rolling,2688.3787664504825,1921.5256710535748,3.4206689895789726e-06,2.4659311837530594e-06,0.0614895439328891,,0.10710338258451994,7167681259989.843,3.3400878450122486
2019-04-02,ewma,3026.797838574243,1921.5256710535748,3.5063038991203495e-06,2.4659311837530594e-06,0.1476401321858245,,0.12389896209420667,7146359129957.572,3.206522114329971
2019-04-02,ledoit_wolf,53.97888196639601,1921.5256710535748,0.0001128441817985506,2.4659311837530594e-06,0.1639922809750998,,14.618678522117241,12898379699799.832,1.789291032026004
2019-04-02,oas,89.07245667221805,1921.5256710535748,7.839559938941538e-05,2.4659311837530594e-06,0.10975751149774612,,11.966050142090122,12751707779775.152,2.0108359750956133
2019-04-02,shrink,454.9329153027143,1921.5256710535748,1.4598703569795477e-05,2.4659311837530594e-06,0.07028257699898453,,5.910735573422479,12497228562908.307,2.0592565771658546
2019-04-02,persistence,3502.2781609863314,1921.5256710535748,3.4851372521605576e-06,2.4659311837530594e-06,0.1940261558979897,,0.11967296852723555,4240026420941.676,1.8725398659131807
2019-04-09,D0_pca8,9733.865669976032,1867.1377117910909,2.4642508986069346e-07,2.7556386110567884e-06,33.76504548384217,,5.829050905468707,1156938731563004.2,3.2042824921456945
2019-04-09,rolling,2307.607152044603,1867.1377117910909,3.104320455349284e-06,2.7556386110567884e-06,0.08188846652261593,,0.014195669048313314,5565788287827.094,3.3102664367668173
2019-04-09,ewma,2739.0116020208443,1867.1377117910909,2.994850489764729e-06,2.7556386110567884e-06,0.18996141224252872,,0.00692974083029861,5498423036717.885,3.2019625672570697
2019-04-09,ledoit_wolf,31.452296897360686,1867.1377117910909,0.00013114873818609045,2.7556386110567884e-06,0.40927374069105393,,14.920316199005587,10325833109420.393,1.6191796151850957
2019-04-09,oas,62.932825532258185,1867.1377117910909,8.25820914910994e-05,2.7556386110567884e-06,0.2334711764959277,,11.560974322570159,10171596141913.408,1.924076493210102
2019-04-09,shrink,333.7991068421314,1867.1377117910909,1.560051616157254e-05,2.7556386110567884e-06,0.14998312351478582,,4.8927418324649175,9856427648317.965,2.1054503936261897
2019-04-09,persistence,3306.8760733205017,1867.1377117910909,3.2720924781264536e-06,2.7556386110567884e-06,0.21615400114320446,,0.029508508593378224,3253330408316.119,1.770746239046524
2019-04-16,D0_pca8,9724.705613056167,3088.7362920615765,2.1521032272184747e-07,3.1514391063355205e-06,36.019128088400194,,7.203825736200038,1548703359598649.0,3.6303636601182356
2019-04-16,rolling,2334.192242321786,3088.7362920615765,2.8794971629866123e-06,3.1514391063355205e-06,0.12989968545858083,,0.008143888385682242,4429436039356.238,3.0192883606372587
2019-04-16,ewma,2777.987101876442,3088.7362920615765,2.7059679743118836e-06,3.1514391063355205e-06,0.20937222507617173,,0.02322559565597119,4498453271729.001,2.804065332612666
2019-04-16,ledoit_wolf,31.110146376409276,3088.7362920615765,0.00012322756955114489,3.1514391063355205e-06,0.5737572505915333,,13.440826577827508,7835461828342.761,1.5684210369258924
2019-04-16,oas,66.14632055396844,3088.7362920615765,7.44370795682944e-05,3.1514391063355205e-06,0.33600342673317896,,9.998842812321982,7674984445203.623,1.792653100954602
2019-04-16,shrink,327.57169873873016,3088.7362920615765,1.4738106838155029e-05,3.1514391063355205e-06,0.26304610977960763,,3.6687813522948227,7368642200582.005,1.8313685661126569
2019-04-16,persistence,3340.7204577571474,3088.7362920615765,3.293495849723974e-06,3.1514391063355205e-06,0.16939813307514312,,0.0019439587520807295,2603835852601.176,1.8614599668762135
2019-04-24,D0_pca8,9329.903946501945,3680.016186142944,1.1239103730981562e-07,3.1684714289487594e-06,33.47300534742796,,11.148999630946811,5423533643530447.0,3.556103847611632
2019-04-24,rolling,2218.1946135765365,3680.016186142944,2.878201441168926e-06,3.1684714289487594e-06,0.12101111279855703,,0.009232066110509302,4481529225073.82,2.682922642418448
2019-04-24,ewma,2171.7980647231357,3680.016186142944,2.7319691171643913e-06,3.1684714289487594e-06,0.1167753966844796,,0.021971120371940427,4501051140087.637,2.5828617056240986
2019-04-24,ledoit_wolf,26.618061531611907,3680.016186142944,0.00013089153931285935,3.1684714289487594e-06,0.5788350398493182,,13.84673000280969,7765872875591.012,1.5618725260468818
2019-04-24,oas,57.935086336808936,3680.016186142944,7.908100845268369e-05,3.1684714289487594e-06,0.3246990227475449,,10.350524958030032,7616133246082.365,1.8171577457005939
2019-04-24,shrink,288.6548847798771,3680.016186142944,1.5940859145520965e-05,3.1684714289487594e-06,0.25456740224701263,,3.5686215409378073,7288506055595.074,1.9143862164526493
2019-04-24,persistence,2151.4289482961226,3680.016186142944,2.24030518583837e-06,3.1684714289487594e-06,0.12854622481520914,,0.120157238540987,5157482594033.959,1.498183250996896
2019-05-01,D0_pca8,9676.842223807009,3929.571568414397,2.0715996381061837e-07,3.204887462466975e-06,33.025628856237134,,7.501773006455844,1647847883478076.8,3.4391254403188505
2019-05-01,rolling,2197.5541554820757,3929.571568414397,2.821045153983725e-06,3.204887462466975e-06,0.11636409545441548,,0.016273976289294702,4444830043116.117,2.4488551440840713
2019-05-01,ewma,1732.7502741871288,3929.571568414397,2.7537011979087456e-06,3.204887462466975e-06,0.09900995538202056,,0.02302230503668704,4371804886373.996,2.41634137338451
2019-05-01,ledoit_wolf,26.313644955498624,3929.571568414397,0.00012847136169018018,3.204887462466975e-06,0.5756055447595436,,13.623693103335501,7582228655176.408,1.537722799868182
2019-05-01,oas,55.968981165027074,3929.571568414397,7.895744604332788e-05,3.204887462466975e-06,0.324729686055795,,10.267101259325877,7438590373722.953,1.794688443883628
2019-05-01,shrink,298.7404656447305,3929.571568414397,1.5027019687355784e-05,3.204887462466975e-06,0.2666477120034901,,3.5371860274506846,7126460931183.068,1.8868612758291832
2019-05-01,persistence,1921.525671053698,3929.571568414397,2.4659311837529e-06,3.204887462466975e-06,0.10292826008488068,,0.06870028117033641,4112719993755.6035,1.5255306503856747
2019-05-08,D0_pca8,9569.965142550058,4583.798980708518,1.6529990875276045e-07,3.812600892141148e-06,31.778393752601822,,9.848924655260157,2620917218197110.5,4.372705994734872
2019-05-08,rolling,2375.674287321917,4583.798980708518,2.99459242553426e-06,3.812600892141148e-06,0.12489608910210045,,0.05832389033047375,3436487555137.6533,2.615432190713027
2019-05-08,ewma,2264.456167852308,4583.798980708518,2.9922114483026927e-06,3.812600892141148e-06,0.10743335642062757,,0.0587087105865586,3301824560821.879,2.5919325220677982
2019-05-08,ledoit_wolf,34.95409005726489,4583.798980708518,0.00012080558781090911,3.812600892141148e-06,0.5189493644762975,,11.943042170963633,5307269381259.971,1.6652700141853591
2019-05-08,oas,66.0248358081634,4583.798980708518,7.85278131781928e-05,3.812600892141148e-06,0.32918740388768064,,9.151478162985907,5198062481018.494,1.8889450192644868
2019-05-08,shrink,306.05568827175944,4583.798980708518,1.6745865117489923e-05,3.812600892141148e-06,0.28314650306640715,,3.4799693375957106,4999896276282.109,2.018297472678404
2019-05-08,persistence,1867.1377117907134,4583.798980708518,2.7556386110573445e-06,3.812600892141148e-06,0.1696618098042101,,0.10540560125066627,3427193337207.8564,1.652692292404738
2019-05-15,D0_pca8,9502.309378643302,3764.7954244669263,1.0556183146225654e-07,3.5224653305461274e-06,35.822648281221035,,12.303330373072791,6079891616187342.0,3.8934191476741127
2019-05-15,rolling,3046.6766061744706,3764.7954244669263,3.042829135552086e-06,3.5224653305461274e-06,0.12878377202101693,,0.021425160039814626,3641707927539.1104,2.7545940863344702
2019-05-15,ewma,3790.398987057456,3764.7954244669263,3.223742469869282e-06,3.5224653305461274e-06,0.07823995664562136,,0.007853177177320403,3348847073500.3022,2.724377274724397
2019-05-15,ledoit_wolf,66.74941869309366,3764.7954244669263,9.4422833310648e-05,3.5224653305461274e-06,0.4127868049324441,,10.815031544142226,6174635105506.594,1.9056645820734908
2019-05-15,oas,125.72334686033896,3764.7954244669263,5.854135519721574e-05,3.5224653305461274e-06,0.28210727111176176,,7.899315201387047,6005812103346.617,2.157801373362606
2019-05-15,shrink,342.70777149588395,3764.7954244669263,1.9333898857070012e-05,3.5224653305461274e-06,0.2997610735407735,,4.1527639523316635,5937479474412.771,2.0424307437878935
2019-05-15,persistence,3088.736292062088,3764.7954244669263,3.1514391063350005e-06,3.5224653305461274e-06,0.02606447207738329,,0.012388108796382571,2485991307343.8496,1.9053251296676046
2019-05-22,D0_pca8,9196.503722219886,3762.5221591628638,8.284003982529984e-08,3.372078802529549e-06,34.79846189193158,,13.737114800805497,9579954172416156.0,3.4489191815509437
2019-05-22,rolling,2907.8085162738485,3762.5221591628638,3.034615885247309e-06,3.372078802529549e-06,0.11889065642440966,,0.011118547168225718,3838404703446.7715,2.6407595010914364
2019-05-22,ewma,3668.3784141646292,3762.5221591628638,3.074889995477519e-06,3.372078802529549e-06,0.08927148464839074,,0.00851195448391891,3662340087833.1147,2.580516291978005
2019-05-22,ledoit_wolf,56.29920909979917,3762.5221591628638,0.00010248605057398759,3.372078802529549e-06,0.42901623791540855,,11.656741161792219,6777336314290.6,1.7968132580806948
2019-05-22,oas,111.05617920590088,3762.5221591628638,6.215243244816517e-05,3.372078802529549e-06,0.27720331750466143,,8.491747231169487,6602685805657.71,2.063185995863034
2019-05-22,shrink,333.7627822781653,3762.5221591628638,1.892589051944116e-05,3.372078802529549e-06,0.2779694560394314,,4.194090112193554,6496275291978.942,2.0503281131004156
2019-05-22,persistence,3680.0161861428955,3762.5221591628638,3.168471428948803e-06,3.372078802529549e-06,0.016935542951443207,,0.003878813092701376,2513262352119.792,1.834046511823579
2019-05-30,D0_pca8,9690.67283290197,3510.4989228589034,1.851213767065926e-07,3.0442575613082907e-06,33.46160380874146,,7.839975105628737,2055999776287784.5,3.5000994646746175
2019-05-30,rolling,2991.354955023247,3510.4989228589034,3.223109788959325e-06,3.0442575613082907e-06,0.04548675253894225,,0.00325922231810872,4428094806565.853,3.0647133610302233
2019-05-30,ewma,3514.957743072081,3510.4989228589034,3.1998753834416042e-06,3.0442575613082907e-06,0.03381733185411227,,0.0024855012022280748,4280847801826.133,2.988366216129068
2019-05-30,ledoit_wolf,68.03191395132929,3510.4989228589034,9.746241396395758e-05,3.0442575613082907e-06,0.21277602069154708,,12.014607871168055,8343600324956.7,1.9644539330452793
2019-05-30,oas,118.5694490773619,3510.4989228589034,6.406547835314815e-05,3.0442575613082907e-06,0.13494366431506108,,9.282065848888061,8179663668087.344,2.2067781775089554
2019-05-30,shrink,348.6650566208184,3510.4989228589034,1.9774491955780892e-05,3.0442575613082907e-06,0.13862373046436963,,5.0140099946050425,8088137101258.161,2.1615846475665723
2019-05-30,persistence,3929.571568415722,3510.4989228589034,3.2048874624658966e-06,3.0442575613082907e-06,0.02163529684400399,,0.0026440072447527813,2641732747377.2285,2.2489236426826738
2019-06-06,D0_pca8,9771.890456019268,9995.339731031598,2.1108072279693958e-07,0.004490881664984698,58.87373203900788,,99.3074877475383,1816711802256858.5,3.2544630882435692
2019-06-06,rolling,3251.4424471783454,9995.339731031598,3.10870593677419e-06,0.004490881664984698,8.741621626391922,,52.93431839734241,5276891568867.712,3.464378947995401
2019-06-06,ewma,3866.743667762511,9995.339731031598,3.828849960184436e-06,0.004490881664984698,7.700059188463835,,49.94587522190686,3465077220061.753,3.36693259265481
2019-06-06,ledoit_wolf,115.425724189015,9995.339731031598,6.741210499028392e-05,0.004490881664984698,9.687126613029314,,17.631430585738144,12273791754.642326,2.3504177148806145
2019-06-06,oas,140.58567250962182,9995.339731031598,5.755693862769886e-05,0.004490881664984698,9.544720969580744,,18.983707034411438,16589820854.528769,2.4558476537316976
2019-06-06,shrink,286.26850458735476,9995.339731031598,2.5188706463262395e-05,0.004490881664984698,9.73489602237424,,24.60090742194206,20388823814.355988,2.2838481280072376
2019-06-06,persistence,4583.798980708906,9995.339731031598,3.8126008921408247e-06,0.004490881664984698,7.314995721001063,,50.00600555825814,5563095261668.637,2.3947456864403396
2019-06-13,D0_pca8,9785.20922318289,9995.30478100902,2.230703315482644e-07,0.004490898109235268,58.49417142653922,,98.20952053508783,1637383871337221.8,3.1473212088632088
2019-06-13,rolling,3151.091971802267,9995.30478100902,3.0478138777258714e-06,0.004490898109235268,8.799080171187402,,53.222614356324506,5489552812088.67,3.4049407791403348
2019-06-13,ewma,3531.706681032061,9995.30478100902,3.4131506441189335e-06,0.004490898109235268,8.078183887590734,,51.58359298599207,4353834116458.51,3.337945639216465
2019-06-13,ledoit_wolf,103.13495676435082,9995.30478100902,7.042329289305471e-05,0.004490898109235268,9.813197122369981,,17.26638427038432,11299029122.614681,2.2358907926268112
2019-06-13,oas,128.59510357112734,9995.30478100902,5.9154228045270984e-05,0.004490898109235268,9.643712844146041,,18.745954853617356,15743307934.763163,2.3536905663374057
2019-06-13,shrink,262.1505206407928,9995.30478100902,2.6153948911133885e-05,0.004490898109235268,9.813399773182192,,24.267404867528413,20199006894.160324,2.2416637907476495
2019-06-13,persistence,3764.795424466888,9995.30478100902,3.522465330546163e-06,0.004490898109235268,7.584914550495389,,51.13174649687414,6518101692651.253,2.5182270319058793
2019-06-20,D0_pca8,9779.552103477929,9995.42008319844,2.159848939790626e-07,0.0044908484521853954,57.67871027081685,,98.85010691941967,1728922183497788.0,3.4766659808717026
2019-06-20,rolling,3245.5653634123328,9995.42008319844,3.0815278143621417e-06,0.0044908484521853954,8.736595512218504,,53.06206211601661,5369134044152.895,3.684310524473892
2019-06-20,ewma,3531.729444501219,9995.42008319844,3.0641418834856616e-06,0.0044908484521853954,8.487046516095592,,53.14452346496605,5360808415251.592,3.5946069707564683
2019-06-20,ledoit_wolf,114.10438953712182,9995.42008319844,6.733438100487392e-05,0.0044908484521853954,9.68417734695317,,17.641057954025616,12256012802.74865,2.2300413322553303
2019-06-20,oas,138.79205640365615,9995.42008319844,5.7570262596509586e-05,0.0044908484521853954,9.542376003520916,,18.981625644259378,16521538862.80539,2.339387365563347
2019-06-20,shrink,353.4689269701346,9995.42008319844,2.0192227439059413e-05,0.0044908484521853954,9.735788449758287,,24.595888776925573,20847865242.617954,2.163316434320287
2019-06-20,persistence,3762.522159162247,9995.42008319844,3.372078802530101e-06,0.0044908484521853954,7.66394745664576,,51.75748085967731,7112922268438.295,2.5218721302840974
2019-06-27,D0_pca8,9760.168935017215,9995.370496030097,2.608344216132568e-07,0.004490877311470844,53.715216541156316,,95.13405883019301,1197067805625165.5,3.7427230592337946
2019-06-27,rolling,3176.6334624407295,9995.370496030097,3.1245020502180254e-06,0.004490877311470844,8.6615008307775,,52.860578962992484,5224003962463.592,4.371599738970991
2019-06-27,ewma,3333.2611738714877,9995.370496030097,2.884830915781e-06,0.004490877311470844,8.856012794912104,,54.02744985841078,6027754291185.941,4.342443040148922
2019-06-27,ledoit_wolf,109.1478218021555,9995.370496030097,6.951985276055475e-05,0.004490877311470844,9.615763724131398,,17.373816018985163,11559405415.352,2.399240203090391
2019-06-27,oas,131.5096377330675,9995.370496030097,5.9939995095867255e-05,0.004490877311470844,9.479070792505293,,18.63182138434545,15333985434.752571,2.5333408302965816
2019-06-27,shrink,336.47265556169947,9995.370496030097,2.1063753688993555e-05,0.004490877311470844,9.656570617488025,,24.031046425737074,19108789161.837463,2.284492264416275
2019-06-27,persistence,3510.4989228590566,9995.370496030097,3.0442575613081577e-06,0.004490877311470844,8.21403987622966,,53.23958318710204,8728545417109.4,2.771329978307757
2019-07-05,D0_pca8,9848.123632186971,3049.5505396023063,4.246872443858157e-07,3.843776694418305e-06,33.56378158100757,,4.8525727039208,384974908245136.75,3.026349106726486
2019-07-05,rolling,9964.895220578564,3049.5505396023063,0.0008566074326965482,3.843776694418305e-06,4.5321376038208125,,29.230502689130674,5434706476797.176,1.266125047877432
2019-07-05,ewma,9990.370367853857,3049.5505396023063,0.002684929817549719,3.843776694418305e-06,6.254335126472997,,42.888801253345775,5466925290180.87,1.0598291445498544
2019-07-05,ledoit_wolf,6.253777848383343,3049.5505396023063,0.07974323964470861,3.843776694418305e-06,13.570556765757766,,98.80581842407834,5481906629740.651,1.0
2019-07-05,oas,2407.966281916226,3049.5505396023063,0.0033372830380034,3.843776694418305e-06,5.069960900400356,,45.784935406276695,5470449187684.707,1.035610519688977
2019-07-05,shrink,7477.431996499046,3049.5505396023063,0.0008566074326975781,3.843776694418305e-06,16.261575439650773,,29.230502689137325,5436990390425.105,1.1751615631970362
2019-07-05,persistence,9995.339731028747,3049.5505396023063,0.004490881664985982,3.843776694418305e-06,7.583515082982939,,49.8908943774379,5473149744036.0625,1.0093528633438347
2019-07-12,D0_pca8,9783.024092481572,3380.5494575457933,2.583688970424313e-07,4.567270361849622e-06,38.08899332415989,,8.249986434261377,1106236537403479.8,2.7437283744833803
2019-07-12,rolling,9983.455808214507,3380.5494575457933,0.0017434569888741737,4.567270361849622e-06,5.090849171534523,,35.33956802621431,3863007270463.4575,1.1750532465474253
2019-07-12,ewma,9994.396443555072,3380.5494575457933,0.004061603366924028,4.567270361849622e-06,6.8419252451996755,,46.10976496835993,3874453266894.958,1.0106345949334152
2019-07-12,ledoit_wolf,107.0674006903383,3380.5494575457933,0.0828433698761136,4.567270361849622e-06,16.190002855160213,,96.15353799124314,3882671344976.006,1.0025809629708449
2019-07-12,oas,2417.23142578602,3380.5494575457933,0.006779476951434224,4.567270361849622e-06,6.664918649330306,,53.33000101935171,3878020367932.5513,1.0123309463468502
2019-07-12,shrink,7491.327033881416,3380.5494575457933,0.001743456988874137,4.567270361849622e-06,20.088924337225325,,35.33956802621658,3864068880315.548,1.0940352624796088
2019-07-12,persistence,9995.304781026882,3380.5494575457933,0.004490898109227236,4.567270361849622e-06,7.142038378015506,,47.48439303639428,3875279740840.664,1.0062345845652456
2019-07-19,D0_pca8,9837.094276624151,4521.58176732529,7.419533990415312e-07,5.654066396906295e-06,31.40325352695287,,4.1243219662868125,126530423819465.53,2.7818580228279277
2019-07-19,rolling,9983.982913554624,4521.58176732529,0.0017433633711773676,5.654066396906295e-06,4.417092224516187,,32.84661125288751,2517556662991.159,1.1624254934257245
2019-07-19,ewma,9992.168001182856,4521.58176732529,0.0029814953386451738,5.654066396906295e-06,5.349722800195215,,39.28538034605122,2524284582135.864,1.015000842686202
2019-07-19,ledoit_wolf,107.07305723591384,4521.58176732529,0.08283889656197463,5.654066396906295e-06,15.588513762317183,,92.01179369747146,2533452008052.9395,1.0026824530324663
2019-07-19,oas,2417.4949796199153,4521.58176732529,0.006778746560718563,5.654066396906295e-06,5.993379315932652,,50.25636406245907,2529690668007.2886,1.011464932712406
2019-07-19,shrink,7491.720249005627,4521.58176732529,0.0017433633711794166,5.654066396906295e-06,19.3657583131206,,32.84661125289133,2518414250948.9136,1.0784000048876234
2019-07-19,persistence,9995.420083200102,4521.58176732529,0.004490848452184654,5.654066396906295e-06,6.40367692171741,,44.58796120790746,2527471297433.8164,1.0031301534113946
2019-07-26,D0_pca8,9903.980644976094,5000.80103472763,8.441780311179215e-07,6.051135519772576e-06,33.782396555679966,,3.879469098746938,97271699591429.97,2.6339275629363677
2019-07-26,rolling,9984.686033799462,5000.80103472763,0.0017432404497980656,6.051135519772576e-06,4.2163118267846444,,32.072455828625785,2197057262255.8052,1.114195602509071
2019-07-26,ewma,9989.251309881698,5000.80103472763,0.0021887815925560328,6.051135519772576e-06,4.580727226654636,,34.70216331297761,2200125749605.9277,1.032240554805687
2019-07-26,ledoit_wolf,107.08106305234188,5000.80103472763,0.0828328380188671,6.051135519772576e-06,15.49615976156017,,90.71293332966013,2211884628349.3613,1.0027274451625858
2019-07-26,oas,2417.846412631974,5000.80103472763,0.00677778041882361,6.051135519772576e-06,5.833178975490038,,49.296671550881484,2208374520852.035,1.011977728753636
2019-07-26,shrink,7492.25127800797,5000.80103472763,0.0017432404497986493,6.051135519772576e-06,18.9739171553972,,32.07245582862565,2197872094328.6946,1.049284571902745
2019-07-26,persistence,9995.370496017538,5000.80103472763,0.004490877311476479,6.051135519772576e-06,6.2096280930994805,,43.68624697857641,2206299135078.5254,1.0031323058723838
2019-08-02,D0_pca8,9444.403776118641,6601.3425555298345,1.1196730765203802e-07,4.8247788974525265e-06,32.531363772932266,,14.16246099880206,5542758218107329.0,2.899882727330483
2019-08-02,rolling,9982.095039871,6601.3425555298345,0.0017436950082284689,4.8247788974525265e-06,4.3666003541556835,,34.69205985971124,3460769970888.7046,1.0970942902348526
2019-08-02,ewma,9976.568978011828,6601.3425555298345,0.0016084081964748754,4.8247788974525265e-06,4.437940661689252,,33.7472130864715,3459331296305.0547,1.0840639550004507
2019-08-02,ledoit_wolf,107.05262137403383,6601.3425555298345,0.08285480597614733,4.8247788974525265e-06,19.15026523047878,,95.08355946390716,3479307862767.958,1.0027144562922357
2019-08-02,oas,2416.5520141569586,6601.3425555298345,0.006781346126208869,4.8247788974525265e-06,7.357377892884219,,52.535907296434836,3474920828227.04,1.0116005605373546
2019-08-02,shrink,7490.308430804403,6601.3425555298345,0.0017436950082276282,4.8247788974525265e-06,23.256055883596304,,34.69205985971492,3461671349720.078,1.03826012055057
2019-08-02,persistence,3049.550539602532,6601.3425555298345,3.843776694418026e-06,4.8247788974525265e-06,0.3344916309693731,,0.05166959017087823,1698825832801.406,1.6960706038813573
2019-08-09,D0_pca8,9875.403323476006,6418.955993260677,1.4302690545684121e-06,4.542762271194579e-06,23.923564265503853,,1.3355782365169397,24839945053045.43,2.445353789975594
2019-08-09,rolling,9980.294539914285,6418.955993260677,0.001744018394941205,4.542762271194579e-06,4.566371298315877,,35.40739910912399,3905019218978.2803,1.184237952163297
2019-08-09,ewma,9961.752063491538,6418.955993260677,0.0011822057529025643,4.542762271194579e-06,4.292309432315152,,30.931414343167848,3896043878207.9106,1.355266343514265
2019-08-09,ledoit_wolf,107.03566207707502,6418.955993260677,0.08286929876145532,4.542762271194579e-06,19.4446775012273,,96.26522720999269,3924716481200.792,1.0028175718771506
2019-08-09,oas,2415.6527979405982,6418.955993260677,0.006783854107173238,4.542762271194579e-06,7.63180530343066,,53.41804867586054,3920061332569.9893,1.0207867180195844
2019-08-09,shrink,7488.957271440706,6418.955993260677,0.0017440183949411763,4.542762271194579e-06,23.519985157728254,,35.407399109124746,3905995076775.083,1.1044848247199963
2019-08-09,persistence,3380.549457545676,6418.955993260677,4.567270361849775e-06,4.542762271194579e-06,0.37940279630211976,,2.8949494641618413e-05,1266599612074.9448,2.172267383771328
2019-08-16,D0_pca8,9913.80408448993,4567.686741009392,1.173415381893994e-06,3.689560007645649e-06,29.039110921099116,,1.3123718758176965,36767043610121.914,2.4315290114468207
2019-08-16,rolling,9980.076111777957,4567.686741009392,0.001744056501580095,3.689560007645649e-06,5.0829213362807675,,37.92664828538918,5925567748784.834,1.212637282237203
2019-08-16,ewma,9942.996840164054,4567.686741009392,0.0008692836331168257,3.689560007645649e-06,4.294708353325836,,29.83521350169773,5901975159808.619,1.694281951648557
2019-08-16,ledoit_wolf,107.03199971933627,4567.686741009392,0.08287164938273746,3.689560007645649e-06,18.734242441249666,,100.39119812448966,5949814428414.52,1.0028214492330274
2019-08-16,oas,2415.543871178699,4567.686741009392,0.006784153642196931,3.689560007645649e-06,7.723912552236699,,56.50284362960682,5944075789934.454,1.0214663483372315
2019-08-16,shrink,7488.790044852012,4567.686741009392,0.0017440565015825128,3.689560007645649e-06,22.92941149124012,,37.92664828539529,5926776924770.244,1.1213983783449408
2019-08-16,persistence,4521.581767324933,4567.686741009392,5.654066396906735e-06,3.689560007645649e-06,0.17575304493101918,,0.1822160303663783,1937127554640.2158,2.4938924481726694
2019-08-23,D0_pca8,9764.57892568905,3606.134191395822,2.2637890347066877e-07,3.2379641502285235e-06,33.36330465022478,,7.078184663439506,1367974451173601.2,3.408052502679514
2019-08-23,rolling,9979.490330055423,3606.134191395822,0.0017441615795431619,3.2379641502285235e-06,5.614666438991131,,39.55257953535151,7697630093269.127,1.2593235994214655
2019-08-23,ewma,9929.490411408142,3606.134191395822,0.0006388495784256033,3.2379641502285235e-06,4.226637159580701,,27.928307061297808,7651916569974.408,1.7267604276080537
2019-08-23,ledoit_wolf,107.0265288227881,3606.134191395822,0.08287633811177461,3.2379641502285235e-06,19.35984482733651,,103.02574358110678,7725238854793.162,1.0028157038190997
2019-08-23,oas,2415.251537494945,3606.134191395822,0.006784968824396258,3.2379641502285235e-06,8.320093296738053,,58.48456039408715,7718705674062.791,1.0234672882395572
2019-08-23,shrink,7488.349984725785,3606.134191395822,0.001744161579547134,3.2379641502285235e-06,23.481683547210988,,39.552579535363705,7699013255222.542,1.1520994060101102
2019-08-23,persistence,5000.801034728402,3606.134191395822,6.051135519771638e-06,3.2379641502285235e-06,0.2544096052928826,,0.39100136118204143,2997235183861.3984,2.4439557480614194
2019-08-30,D0_pca8,9883.749433578547,3571.992658160658,8.075000183618731e-07,3.250452050629358e-06,28.068690830670032,,1.9393496596679498,85523503014878.61,2.435513836988661
2019-08-30,rolling,9978.16986900375,3571.992658160658,0.0017444003707419253,3.250452050629358e-06,5.635218027825675,,39.50589818976589,7638498785000.66,1.3352625749699283
2019-08-30,ewma,9905.276464590233,3571.992658160658,0.00047002437924506047,3.250452050629358e-06,3.805864647357528,,24.740578304779948,7567687937769.362,1.9028770605287466
2019-08-30,ledoit_wolf,107.01343230176812,3571.992658160658,0.08288730858700544,3.250452050629358e-06,19.258563309770103,,102.95030249928823,7665982573220.896,1.0027662903924062
2019-08-30,oas,2414.5923754240794,3571.992658160658,0.006786814944351698,3.250452050629358e-06,8.297623631692993,,58.42985913660698,7659479359837.389,1.0354658617774508
2019-08-30,shrink,7487.3622281747985,3571.992658160658,0.001744400370745581,3.250452050629358e-06,23.543287953818727,,39.50589818977369,7640010056343.994,1.2106942755737309
2019-08-30,persistence,6601.342555529496,3571.992658160658,4.82477889745278e-06,3.250452050629358e-06,0.16881823414255506,,0.1560018774164633,2492918262960.3477,2.514278137459305
2019-09-09,D0_pca8,9887.840591147044,3037.7318622994317,1.3556635241494886e-06,2.996383080981665e-06,25.776326522185155,,0.6290306061801145,20610353868843.89,2.470791853478025
2019-09-09,rolling,9977.749153943012,3037.7318622994317,0.001744474799341799,2.996383080981665e-06,6.023447419872165,,40.536174837468664,8991356697152.594,1.34412273223325
2019-09-09,ewma,9882.080849694134,3037.7318622994317,0.0003457676808406884,2.996383080981665e-06,3.7037946759089677,,22.546930803717267,8878498258349.133,1.8668400299404464
2019-09-09,ledoit_wolf,107.00969983302458,3037.7318622994317,0.08289054776480687,2.996383080981665e-06,19.62207532805299,,104.60932595496904,9021173049663.336,1.0028724742234711
2019-09-09,oas,2414.382475838702,3037.7318622994317,0.006787396545442911,2.996383080981665e-06,8.671978300454155,,59.68205958839034,9014117050517.729,1.045175330421789
2019-09-09,shrink,7487.044534245286,3037.7318622994317,0.0017444747993430505,2.996383080981665e-06,23.95717468216626,,40.53617483748097,8993017289662.076,1.222499633238424
2019-09-09,persistence,6418.955993259756,3037.7318622994317,4.542762271195231e-06,2.996383080981665e-06,0.1908587736406903,,0.17316352905422966,2948331450579.2227,2.488720691201798
2019-09-16,D0_pca8,9734.232068727953,4035.8866964482454,2.3048135186768344e-07,2.7353840776024347e-06,30.818844877611763,,6.119949685834617,1308983435671170.5,3.9411281855015043
2019-09-16,rolling,9953.140921219008,4035.8866964482454,0.0008560979083178126,2.7353840776024347e-06,4.779918503485277,,33.01780917851532,10758494282168.9,1.537020028956068
2019-09-16,ewma,9711.536949029338,4035.8866964482454,0.00013301842319235176,2.7353840776024347e-06,2.620125698698354,,15.087129461822698,10454194308524.832,2.213755795562981
2019-09-16,ledoit_wolf,6.250125043669988,4035.8866964482454,0.07969386045995384,2.7353840776024347e-06,17.00232051711759,,105.67173057562509,10824873361046.732,0.9999999999999999
2019-09-16,oas,2402.10531410562,4035.8866964482454,0.003339327849454897,2.7353840776024347e-06,6.358230295850651,,50.51303953695342,10808772458919.72,1.1582256274097709
2019-09-16,shrink,7468.612778285616,4035.8866964482454,0.00085609790831791,2.7353840776024347e-06,20.016603861522192,,33.01780917851993,10762104933894.613,1.4220552228667613
2019-09-16,persistence,4567.686741009199,4035.8866964482454,3.6895600076458013e-06,2.7353840776024347e-06,0.057857199245601496,,0.08954174124383599,3300489606585.492,2.274923689816004
2019-09-23,D0_pca8,9793.4474244795,4611.614627984344,2.4235847232685257e-07,2.5523679471732053e-06,30.962648864286837,,5.542988214450198,1158883689038397.8,3.080713619506718
2019-09-23,rolling,4126.584795555208,4611.614627984344,4.367275183097062e-06,2.5523679471732053e-06,0.14144380256450173,,0.2884953043099347,6995329778583.0625,4.516861909501478
2019-09-23,ewma,3875.9878116523955,4611.614627984344,3.979061905950159e-06,2.5523679471732053e-06,0.16902751414350717,,0.19715768022584965,6632672664005.299,4.246418348071287
2019-09-23,ledoit_wolf,199.6592587570567,4611.614627984344,7.361220054006315e-05,2.5523679471732053e-06,0.06007089046377516,,11.301624386144132,11845376462797.809,2.488270668280462
2019-09-23,oas,283.33344482085306,4611.614627984344,5.4578094000312124e-05,2.5523679471732053e-06,0.07552244011678041,,9.379584207705285,11675850471812.188,2.704641573532187
2019-09-23,shrink,367.2002815826406,4611.614627984344,3.495328589864026e-05,2.5523679471732053e-06,0.055085162774651274,,8.68291350490282,11880642954271.049,2.2979086282227925
2019-09-23,persistence,3606.1341913956703,4611.614627984344,3.237964150228655e-06,2.5523679471732053e-06,0.1555963920828432,,0.05660743274922366,3819568546392.0244,1.815976621712654
2019-09-30,D0_pca8,9649.370275644813,3391.112432925813,1.2605658288281736e-07,3.1700352825837654e-06,36.37472635326956,,10.3990738512427,4327004835780711.0,3.937065906710244
2019-09-30,rolling,4204.343450928807,3391.112432925813,4.304437518888317e-06,3.1700352825837654e-06,0.04459421121574223,,0.09357705568325853,4214697167801.7954,4.245917606734698
2019-09-30,ewma,3635.100309902225,3391.112432925813,3.464317737714059e-06,3.1700352825837654e-06,0.03916446603470077,,0.007880639738305759,4043903443031.424,4.0566239117380585
2019-09-30,ledoit_wolf,210.9001981903049,3391.112432925813,7.039396036871022e-05,3.1700352825837654e-06,0.07092697632607378,,9.612259723061133,7570954792147.244,2.4528938459336675
2019-09-30,oas,298.9514859098428,3391.112432925813,5.216350719870984e-05,3.1700352825837654e-06,0.06134095091571987,,7.843585195646716,7431091364115.531,2.651246086792045
2019-09-30,shrink,385.1562082989893,3391.112432925813,3.3455082220170414e-05,3.1700352825837654e-06,0.05552954531019018,,7.33069789624197,7618091731708.039,2.3549169352736787
2019-09-30,persistence,3571.9926581599725,3391.112432925813,3.2504520506299786e-06,3.1700352825837654e-06,0.010614658312988112,,0.0006275703064949667,2602954433446.659,1.5154570009625028
2019-10-07,D0_pca8,9844.878746791808,2700.8645544025085,2.988703099792572e-07,3.5991719366741735e-06,38.08012283218484,,6.1923648829819,809890665155396.8,3.437826324967162
2019-10-07,rolling,4323.266854051551,2700.8645544025085,4.369021731870398e-06,3.5991719366741735e-06,0.16744176988001266,,0.0375721133272844,3178177627373.3013,3.7384793407488717
2019-10-07,ewma,3881.3644597152215,2700.8645544025085,3.417565966099044e-06,3.5991719366741735e-06,0.21836214568747914,,0.0026806707941625517,3210267325451.046,3.7440554923930622
2019-10-07,ledoit_wolf,240.47070851405533,2700.8645544025085,6.547712659088579e-05,3.5991719366741735e-06,0.24024803036856487,,8.415782464456424,5793873023477.0205,2.724131701609781
2019-10-07,oas,321.5299746389857,2700.8645544025085,5.0886530704310325e-05,3.5991719366741735e-06,0.2235170634336304,,7.016640515791865,5686213467855.304,2.8764530187454564
2019-10-07,shrink,649.3733977178954,2700.8645544025085,2.0698168057135818e-05,3.5991719366741735e-06,0.21191890489891746,,6.30048540869833,5853127408583.777,2.4650754614799846
2019-10-07,persistence,3037.7318623000897,2700.8645544025085,2.9963830809810143e-06,3.5991719366741735e-06,0.10910948825384652,,0.03359809224368334,2683494667479.704,1.9335653470947614
2019-10-14,D0_pca8,9699.026503059218,2026.4860476948845,2.078989480907785e-07,4.003582741782773e-06,37.91621895259892,,8.749102776770282,1680525521649684.8,4.667656665899231
2019-10-14,rolling,4856.236060591249,2026.4860476948845,3.964274105451234e-06,4.003582741782773e-06,0.6068208530118568,,9.735532929456474e-05,2665570737905.7207,3.7056397581354883
2019-10-14,ewma,4498.883546221848,2026.4860476948845,3.203535612558194e-06,4.003582741782773e-06,0.6563793942959048,,0.04969979329640582,2964742669990.531,3.63870998804841
2019-10-14,ledoit_wolf,375.8039670955477,2026.4860476948845,4.4562728177997255e-05,4.003582741782773e-06,0.7224080836270232,,5.806692382847912,4484496255100.824,2.9355913061387517
2019-10-14,oas,432.78788461530695,2026.4860476948845,3.92762679138633e-05,4.003582741782773e-06,0.7105354641997454,,5.214055289495743,4422087882209.186,2.999754101913723
2019-10-14,shrink,622.1295488239684,2026.4860476948845,2.19699758980831e-05,4.003582741782773e-06,0.7163665317888247,,5.5028806410963025,4676203348722.132,2.407838164791717
2019-10-14,persistence,4035.8866964473873,2026.4860476948845,2.7353840776030153e-06,4.003582741782773e-06,0.4455482957146371,,0.14509827382704663,3542808167679.9795,2.1708070008826232
2019-10-21,D0_pca8,9779.902505190828,1999.3502355929936,2.2389675183092382e-07,4.216553943494788e-06,41.32284749994707,,8.617654753334204,1469069184416523.8,3.1390767231363537
2019-10-21,rolling,4769.73928037649,1999.3502355929936,3.4611934921247867e-06,4.216553943494788e-06,0.9262108861647274,,0.03896860457122982,2688238226442.6943,3.867929216248091
2019-10-21,ewma,3998.7331933486885,1999.3502355929936,2.7617574765817218e-06,4.216553943494788e-06,0.7959199171112727,,0.17905662027146482,3455598742484.756,3.758536112961095
2019-10-21,ledoit_wolf,331.3464987589754,1999.3502355929936,4.2795938687674315e-05,4.216553943494788e-06,1.0971147776994161,,5.370457705677913,3994887547744.1484,2.7926056493234706
2019-10-21,oas,410.6028180134161,1999.3502355929936,3.537884485745004e-05,4.216553943494788e-06,1.0711076439899192,,4.524535846101667,3900680248471.1123,2.9181494621020536
2019-10-21,shrink,561.8599546478739,1999.3502355929936,2.0896021420501533e-05,4.216553943494788e-06,1.1208230958862662,,5.062770391726362,4159583576209.535,2.3226000021138167
2019-10-21,persistence,4611.614627985391,1999.3502355929936,2.552367947172627e-06,4.216553943494788e-06,0.7555959986671781,,0.25200048975817924,4402852278645.67,2.088548937369538
2019-10-28,D0_pca8,9722.370797401902,2410.300508119964,1.891904817897073e-07,3.979327314113807e-06,38.20118985431288,,9.278778123184658,2028856739472344.8,3.5897514189378765
2019-10-28,rolling,3745.10462330329,2410.300508119964,3.2978066565371832e-06,3.979327314113807e-06,0.4298529356962827,,0.03528955308479692,2950289641157.009,3.490073102095554
2019-10-28,ewma,2733.0502666607413,2410.300508119964,3.2452115861986332e-06,3.979327314113807e-06,0.1772188538457515,,0.041588333966333865,2843641004720.982,3.218428954808984
2019-10-28,ledoit_wolf,177.86248122451195,2410.300508119964,5.647588491154852e-05,3.979327314113807e-06,0.6276978982085692,,7.036821052940107,4640725711128.354,2.3839675009517936
2019-10-28,oas,216.09009078566717,2410.300508119964,4.792706528513702e-05,3.979327314113807e-06,0.5970398399252361,,6.192967521283235,4572036864621.486,2.475723681930702
2019-10-28,shrink,446.37571815743263,2410.300508119964,1.9742101438683515e-05,3.979327314113807e-06,0.6401213564697049,,4.670043864178469,4657013313972.572,2.1806022519675845
2019-10-28,persistence,3391.112432926601,2410.300508119964,3.170035282583024e-06,3.979327314113807e-06,0.1490410555930997,,0.051697119775086994,2420877898951.8853,1.9103890291063004
2019-11-04,D0_pca8,9398.22306656412,9996.92131240743,1.2811224680730575e-07,0.010179687492810863,67.33695488133458,,127.30586914211185,4537033279486321.0,4.148535560874534
2019-11-04,rolling,3555.045496396862,9996.92131240743,3.3751104914885272e-06,0.010179687492810863,12.2395499291294,,64.18767711989861,4483285342264.004,3.3281132954159904
2019-11-04,ewma,2769.4410042564336,9996.92131240743,3.459996950863415e-06,0.010179687492810863,11.708173689174735,,63.79027760851427,4240138250562.3765,3.0337707243626544
2019-11-04,ledoit_wolf,152.53467205233346,9996.92131240743,6.285172942869487e-05,0.010179687492810863,13.269004321029442,,25.881344955829604,14488526075.674297,2.2824859116379663
2019-11-04,oas,189.46123447898194,9996.92131240743,5.249116427297699e-05,0.010179687492810863,13.103283161836037,,27.746605940024637,20362757580.73992,2.381828322701948
2019-11-04,shrink,437.2720479677833,9996.92131240743,1.9615698924739598e-05,0.010179687492810863,13.428365481905379,,33.186316596705716,21462440030.70137,2.1428259507925125
2019-11-04,persistence,2700.8645544022816,9996.92131240743,3.5991719366744725e-06,0.010179687492810863,11.179603973873478,,63.161890171383824,6248561691159.779,1.7968245880220282
2019-11-11,D0_pca8,9631.411797991126,9997.529344426464,2.1709272761380381e-07,0.010179070288400609,64.50145504038076,,115.68110405463327,1669916563936485.5,4.1525072235140845
2019-11-11,rolling,2759.590076380904,9997.529344426464,3.486459375174939e-06,0.010179070288400609,11.94337775467545,,63.66766386046389,4201946589326.122,2.7182172009223753
2019-11-11,ewma,2450.493581259031,9997.529344426464,4.071647827216509e-06,0.010179070288400609,10.871961873622093,,61.2156163819097,3070502146268.4062,2.597199453800136
2019-11-11,ledoit_wolf,70.39759901548457,9997.529344426464,9.720951181438228e-05,0.010179070288400609,13.504914913430758,,21.633851057055544,6346330028.329221,1.7855240029358872
2019-11-11,oas,97.31347036973298,9997.529344426464,7.60935737537645e-05,0.010179070288400609,13.14143987448817,,23.972041279612004,10014073248.35744,1.9048373371025713
2019-11-11,shrink,338.71978943299365,9997.529344426464,2.0462045063650167e-05,0.010179070288400609,13.062881908377765,,33.90203595649397,24087826110.019417,1.9985914872847834
2019-11-11,persistence,2026.4860476958254,9997.529344426464,4.0035827417809195e-06,0.010179070288400609,10.913472570572932,,61.47969812099674,5049547495455.886,1.322443805959899
2019-11-18,D0_pca8,9514.98642663048,9997.652932136294,1.536391483285448e-07,0.010178956249349311,65.48394911637139,,123.2370825019133,3214053330416818.0,4.003741462699661
2019-11-18,rolling,2546.6913230096293,9997.652932136294,3.35741660283275e-06,0.010178956249349311,12.182113618343568,,64.27077616133192,4531508908735.428,2.776365024655222
2019-11-18,ewma,2310.0473706781027,9997.652932136294,3.4216725589079736e-06,0.010178956249349311,11.94805945190248,,63.967171879898004,4328069467378.3887,2.6722240570255265
2019-11-18,ledoit_wolf,52.870542983417096,9997.652932136294,0.00010834606291835775,0.010178956249349311,14.05467230893988,,20.636553536481937,5211002220.22729,1.7169425834774386
2019-11-18,oas,79.09303148412438,9997.652932136294,8.091187102337602e-05,0.010178956249349311,13.531686595498517,,23.374490333912544,8947954027.260738,1.868247441360912
2019-11-18,shrink,356.10139965550024,9997.652932136294,1.7385776474902452e-05,0.010178956249349311,13.305525979615377,,34.74375241485019,27951697886.56305,1.9958296699874478
2019-11-18,persistence,1999.350235592742,9997.652932136294,4.216553943495318e-06,0.010178956249349311,10.755586978633858,,60.66944516639069,4552164998111.97,1.2885416991306844
2019-11-25,D0_pca8,9119.959392919129,7772.0048429785265,1.362565627611996e-07,0.014030623424460204,79.07151958373214,,133.22251814038708,3963175020209670.5,3.9270321111746265
2019-11-25,rolling,2298.9300113970025,7772.0048429785265,3.477359984253588e-06,0.014030623424460204,21.277315582130335,,68.9352248078584,4224862269619.8716,2.7168490108228665
2019-11-25,ewma,2063.421325005363,7772.0048429785265,3.642834787523577e-06,0.014030623424460204,20.500807036920666,,68.16541912352895,3836055687745.4175,2.5757716646590847
2019-11-25,ledoit_wolf,40.00809715092238,7772.0048429785265,0.00012636390751859304,0.014030623424460204,24.28169267776796,,22.18251464433584,3952949418.789241,1.6193579774419478
2019-11-25,oas,62.48951953676312,7772.0048429785265,9.273631748157835e-05,0.014030623424460204,23.38141250440992,,25.192744341645344,6969700256.054868,1.7927261352738684
2019-11-25,shrink,325.42483862739033,7772.0048429785265,1.7885563855211632e-05,0.014030623424460204,22.8166259658723,,38.59981871130391,29625981071.077595,2.0133538984286865
2019-11-25,persistence,2410.3005081191973,7772.0048429785265,3.979327314115071e-06,0.014030623424460204,19.215747183665673,,66.71433830841686,5112450370510.494,1.3486293371074372
2019-12-03,D0_pca8,9913.777147268373,9997.836828712807,1.769625822920735e-06,0.00811466824710339,51.223970331873694,,71.0760264834549,29199353486207.81,2.3369591039569557
2019-12-03,rolling,9991.958914842377,9997.836828712807,0.003949225435373665,0.00811466824710339,0.467854302907484,,0.5186215693769335,1709725.8703302576,1.0256670181675065
2019-12-03,ewma,9997.362153753571,9997.836828712807,0.011791052481941799,0.00811466824710339,0.13962397274609537,,0.13962752078293295,164323.04736677502,1.007341233469421
2019-12-03,ledoit_wolf,107.15980816968451,9997.836828712807,0.1876523739750156,0.00811466824710339,9.110191812929557,,9.865364989268553,1377485.0445797804,1.0062133630169219
2019-12-03,oas,2421.4804136023413,9997.836828712807,0.015343313863894497,0.00811466824710339,0.6040930238100487,,0.40577725746428256,361132.0097376112,1.0151925744624561
2019-12-03,shrink,7247.918609385903,9997.836828712807,0.003949225435380977,0.00811466824710339,21.15778312116743,,0.518621569375292,1674863.3265004354,1.0015351779210602
2019-12-03,persistence,9996.921312406976,9997.836828712807,0.010179687492811318,0.00811466824710339,0.05139825743911188,,0.05140240902289158,82906.40420583816,1.0073108086623346
2019-12-10,D0_pca8,9700.184855245658,9997.345183081596,2.640591139590769e-07,0.008115069810671501,60.73728448644265,,106.77205828697763,1144147990273934.0,2.644178145091004
2019-12-10,rolling,9991.965144231968,9997.345183081596,0.003949224787081177,0.008115069810671501,0.46713502272342244,,0.5186930817777615,1709732.3000449177,1.0290934569339927
2019-12-10,ewma,9996.71845558177,9997.345183081596,0.008654066829463972,0.008115069810671501,0.004134527828758711,,0.004135333728846323,30576.404652336416,1.0073430018593543
2019-12-10,ledoit_wolf,107.1597312549027,9997.345183081596,0.18765247324005863,0.008115069810671501,9.110419666111344,,9.865057458570167,1377342.5506556341,1.006207138059891
2019-12-10,oas,2421.483544426218,9997.345183081596,0.015343301470701133,0.008115069810671501,0.6066595813722555,,0.40571318652171867,360985.339842335,1.0154949069233847
2019-12-10,shrink,7247.922968692332,9997.345183081596,0.0039492247870853495,0.008115069810671501,21.1573405233808,,0.5186930817769181,1673843.8918571302,1.0014141839005621
2019-12-10,persistence,9997.529344426455,9997.345183081596,0.010179070288400621,0.008115069810671501,0.051353324055333695,,0.05135248914707378,82846.9841335501,1.0073115542083335
2019-12-17,D0_pca8,9873.108204446296,9997.388000451141,1.4756281364919198e-06,0.008115033254696891,50.0694274608991,,74.17324680083945,41295445199357.03,2.288474830004909
2019-12-17,rolling,9992.210535479015,9997.388000451141,0.003949111522878811,0.008115033254696891,0.46846773719272433,,0.5187279053651292,1710205.652569647,1.0248489830142977
2019-12-17,ewma,9995.801090749987,9997.388000451141,0.00635185123944866,0.008115033254696891,0.054526346485472055,,0.06001127816980911,148443.23544797295,1.0121680165763771
2019-12-17,ledoit_wolf,107.15981361172175,9997.388000451141,0.18764939100630834,0.008115033254696891,9.109381636502544,,9.864982576350595,1377350.3427851698,1.0061771575977505
2019-12-17,oas,2421.606143692017,9997.388000451141,0.015342476993482233,0.008115033254696891,0.6016145513553645,,0.4056504716270914,360613.085059142,1.0150380336431921
2019-12-17,shrink,7248.100918409907,9997.388000451141,0.003949111522880492,0.008115033254696891,21.15735685503423,,0.5187279053645035,1675619.7039895523,1.0015123501127503
2019-12-17,persistence,9997.652932136432,9997.388000451141,0.01017895624934918,0.008115033254696891,0.051350654286206984,,0.05134945322429803,82844.62464509584,1.0073127868145864
2019-12-24,D0_pca8,9911.652293182666,9994.529176416409,3.296627564801736e-06,0.003855848564023312,33.61724870587189,,49.90639846240981,8416339798960.392,2.2606395133891746
2019-12-24,rolling,9992.222517404809,9994.529176416409,0.003949098336258838,0.003855848564023312,0.010740160026269294,,0.0005710274370145597,124415.60395533909,1.0185021471428182
2019-12-24,ewma,9994.215211563265,9994.529176416409,0.004662394717662356,0.003855848564023312,0.048222531874754206,,0.03607648215270627,300906.89719289914,1.0133401526807118
2019-12-24,ledoit_wolf,107.15860927950268,9994.529176416409,0.18764998030534047,0.003855848564023312,13.565407135594057,,15.093126454878705,6374912.401983437,1.006234548156025
2019-12-24,oas,2421.611937664938,9994.529176416409,0.015342408185687129,0.003855848564023312,2.0144901839360743,,1.9072429427740534,3791983.376920713,1.0141529113669412
2019-12-24,shrink,7248.10951256775,9994.529176416409,0.003949098336258998,0.003855848564023312,27.87917452954674,,0.0005710274370265048,815945.8854851387,1.0017930109242597
2019-12-24,persistence,7772.004842983333,9994.529176416409,0.014030623424451534,0.003855848564023312,9.300221503029015,,1.6683628867255345,3522352.0493597696,1.0434870857386678
2020-01-02,D0_pca8,9848.369492935943,2958.1041620030587,6.665806076657545e-07,2.8471561512478955e-06,27.57965673790651,,2.1080534224886893,127300368929424.03,2.9965284651250568
2020-01-02,rolling,6881.264021231227,2958.1041620030587,0.007094782359800411,2.8471561512478955e-06,17.12563190734117,,61.1648173584191,9984419698473.266,1.0434826011719265
2020-01-02,ewma,7565.590165649969,2958.1041620030587,0.011227043629202207,2.8471561512478955e-06,19.864610423215257,,68.5544215338102,9987314658421.717,1.0434857469355028
2020-01-02,ledoit_wolf,91.85849021962497,2958.1041620030587,0.29964496767928084,2.8471561512478955e-06,36.37030156800775,,133.72685011465293,9992100027401.799,1.041729946975106
2020-01-02,oas,1184.7201752430826,2958.1041620030587,0.03819832009135971,2.8471561512478955e-06,23.86997953986442,,90.33030827260151,9990831739476.812,1.0417318353467377
2020-01-02,shrink,5025.630790590616,2958.1041620030587,0.007094782359808481,2.8471561512478955e-06,52.24365887934967,,61.16481735842963,9985725457659.504,1.0022819889888526
2020-01-02,persistence,9997.836828714313,2958.1041620030587,0.00811466824710216,2.8471561512478955e-06,11.089278607255773,,63.283736802361545,9985339523726.445,1.0034039779988495
2020-01-09,D0_pca8,9892.612295285027,3658.4816956059085,2.7087666958244606e-06,3.464013492665134e-06,20.122554618271923,,0.060483713265171934,2887118899219.5625,2.2627349275651905
2020-01-09,rolling,6881.3753840313175,3658.4816956059085,0.007094671206756011,3.464013492665134e-06,16.04711044862093,,58.13560896585394,6743930371032.733,1.0434824548344313
2020-01-09,ewma,7564.774415858151,3658.4816956059085,0.008240481445862492,3.464013492665134e-06,16.6853664108446,,60.44107572917203,6744828923133.029,1.0434858199312211
2020-01-09,ledoit_wolf,91.8602421767182,3658.4816956059085,0.29963973961460766,3.464013492665134e-06,34.84072430216803,,129.22933205964964,6750241228912.621,1.0417400583146577
2020-01-09,oas,1184.7660851105354,3658.4816956059085,0.03819690568767108,3.464013492665134e-06,22.55578931904389,,86.64038333126314,6749199347645.864,1.0418161537679291
2020-01-09,shrink,5025.71185667692,3658.4816956059085,0.007094671206761184,3.464013492665134e-06,50.46917700387869,,58.13560896586106,6744984042869.932,1.002283426423925
2020-01-09,persistence,9997.345183074154,3658.4816956059085,0.00811506981067755,3.464013492665134e-06,10.119395220440271,,60.20285547826055,6744682956277.086,1.0034034992989556
2020-01-16,D0_pca8,9900.699165476492,3503.4355028374334,3.979987966432583e-06,3.7661685475794586e-06,19.574803056971533,,0.003049314357062066,1257867873652.7637,2.160063374004875
2020-01-16,rolling,6881.562530318657,3503.4355028374334,0.007094472354775487,3.7661685475794586e-06,15.665382045098848,,56.86687357538799,5704754710630.305,1.043481401635802
2020-01-16,ewma,7564.17394235179,3503.4355028374334,0.0060482031596614,3.7661685475794586e-06,14.542648334881486,,54.48592307461163,5703727265091.307,1.0434863910299093
2020-01-16,ledoit_wolf,91.86258765497766,3503.4355028374334,0.29963157755638925,3.7661685475794586e-06,33.5696391700352,,127.33430876686214,5710555615189.574,1.0417633813905192
2020-01-16,oas,1184.8425969517061,3503.4355028374334,0.03819448376769431,3.7661685475794586e-06,21.745029053935475,,85.08933269021958,5709597264402.762,1.0420687598319616
2020-01-16,shrink,5025.848344681494,3503.4355028374334,0.007094472354777206,3.7661685475794586e-06,48.84195040791576,,56.86687357539472,5705746253143.555,1.0022846305523436
2020-01-16,persistence,9997.388000460476,3503.4355028374334,0.008115033254689312,3.7661685475794586e-06,9.663012461203515,,58.91199738975204,5705443904276.24,1.0034032977755492
2020-01-24,D0_pca8,9612.166430108015,4418.717012183736,2.8035556302415283e-07,4.577339636004648e-06,29.775115035962347,,7.799794560275908,923114088223279.4,2.9719724712067834
2020-01-24,rolling,6881.891188441817,4418.717012183736,0.007094132162140216,4.577339636004648e-06,14.900337039098456,,53.96232149000713,3861113379901.8804,1.0434813858847076
2020-01-24,ewma,7563.1709602529045,4418.717012183736,0.004439392547383794,4.577339636004648e-06,12.30011653552922,,47.29525608434936,3858192138955.1143,1.043487450708705
2020-01-24,ledoit_wolf,91.86728614748537,4418.717012183736,0.29961653189028087,4.577339636004648e-06,32.681734731566785,,122.96903761990265,3865885737341.7764,1.0417881421081316
2020-01-24,oas,1184.977516354538,4418.717012183736,0.038190262698297235,4.577339636004648e-06,20.86679486222575,,81.52677185172215,3865096825827.604,1.0423704645052418
2020-01-24,shrink,5026.088511025184,4418.717012183736,0.007094132162144072,4.577339636004648e-06,47.87038791206838,,53.962321490017054,3861931437408.111,1.002285614181649
2020-01-24,persistence,9994.529176405955,4418.717012183736,0.0038558485640273507,4.577339636004648e-06,6.27735672962892,,45.37677036354952,3856919727033.97,1.0044688538548598
2020-01-31,D0_pca8,9924.58924457552,6420.980221841072,2.3778296202436704e-06,1.6242582561725484e-05,31.820728143328903,,3.69196180369511,12676032885049.309,2.4699226688864004
2020-01-31,rolling,6881.747825226882,6420.980221841072,0.007094293958796884,1.6242582561725484e-05,9.147328997388168,,36.95922186136317,305669725382.2917,1.043483241165916
2020-01-31,ewma,7561.307848609586,6420.980221841072,0.0032589240203159914,1.6242582561725484e-05,6.329182634385551,,28.106071438884847,304054106718.9813,1.0584046464001067
2020-01-31,ledoit_wolf,91.86607503433576,6420.980221841072,0.2996220847665132,1.6242582561725484e-05,25.00446409216209,,96.48427294769063,307016738523.28906,1.041752144399654
2020-01-31,oas,1184.9183049014673,6420.980221841072,0.03819218689803033,1.6242582561725484e-05,14.109543923210941,,60.26028498280682,306793941611.2376,1.0419456886067986
2020-01-31,shrink,5025.9836635344745,6420.980221841072,0.007094293958800056,1.6242582561725484e-05,39.032948725160566,,36.959221861367325,305903999345.0537,1.0022905365872632
2020-01-31,persistence,2958.104162003204,6420.980221841072,2.8471561512477613e-06,1.6242582561725484e-05,1.3485596423567485,,3.0321793317815873,7387976285917.849,1.9923782199601263
2020-02-07,D0_pca8,9921.669772669318,5280.824948469817,2.358342763947367e-06,3.062912042076257e-05,34.21176790441979,,6.574053227871363,14385510730539.57,2.276339302012039
2020-02-07,rolling,6881.645966023979,5280.824948469817,0.00709442535528631,3.062912042076257e-05,7.14319396530402,,29.649259467615103,85632129367.24423,1.043352905842921
2020-02-07,ewma,7556.623158321835,5280.824948469817,0.0023932907671523253,3.062912042076257e-05,3.996179241092727,,18.996289955798737,84217596354.05524,1.1388924118529817
2020-02-07,ledoit_wolf,91.86543065801693,5280.824948469817,0.2996263196030813,3.062912042076257e-05,21.74296113704797,,84.42559451174226,86347631238.41116,1.0416498308562803
2020-02-07,oas,1184.8754819391418,5280.824948469817,0.03819366559527986,3.062912042076257e-05,11.434503816976303,,50.81513760442344,86229152291.72556,1.040694825715816
2020-02-07,shrink,5025.909670909386,5280.824948469817,0.007094425355283794,3.062912042076257e-05,34.965555663228805,,29.649259467619732,85756160035.05423,1.0022943749681241
2020-02-07,persistence,3658.4816956066584,5280.824948469817,3.4640134926644288e-06,3.062912042076257e-05,2.287954480565674,,4.750320779223303,5567189700146.264,1.847195953913822
2020-02-14,D0_pca8,8848.164776191015,6172.99712564907,7.961133874031247e-08,5.5604670905153954e-05,52.566186647531275,,42.8874810333665,1.06630657994682e+16,2.774547727696086
2020-02-14,rolling,9991.348872180753,6172.99712564907,0.0031485807403160183,5.5604670905153954e-05,4.074150907613414,,16.29284663988673,25300532793.121025,1.054490981233554
2020-02-14,ewma,9972.266352378678,6172.99712564907,0.0012230541189666238,5.5604670905153954e-05,3.595089596908147,,9.553286723642552,23958741246.42599,1.234713650251498
2020-02-14,ledoit_wolf,107.15905464784798,6172.99712564907,0.14960458384777311,5.5604670905153954e-05,9.539294245632234,,62.37024973874962,26195287421.224754,1.0026997242482467
2020-02-14,oas,2421.1755495622547,6172.99712564907,0.012233455550773839,5.5604670905153954e-05,3.269155901640611,,29.09159528401735,25980605201.256332,1.020922996614427
2020-02-14,shrink,7296.290279727065,6172.99712564907,0.003148580740317776,5.5604670905153954e-05,21.65273041472698,,16.292846639890634,25388050021.40381,1.0
2020-02-14,persistence,3503.435502835951,6172.99712564907,3.766168547581056e-06,5.5604670905153954e-05,4.0805559965072025,,7.247988088058948,5097638797771.951,1.7385144269377357
2020-02-24,D0_pca8,9902.346926732196,5415.353739228839,1.7922738077642053e-06,6.890796203310155e-05,56.05833332031405,,13.317288965013367,27251302923933.01,2.4112881100238175
2020-02-24,rolling,9991.118510786282,5415.353739228839,0.0031486514431606667,6.890796203310155e-05,5.566886515475912,,14.60736128794342,16329923628.93834,1.0395332040482503
2020-02-24,ewma,9963.833638477325,5415.353739228839,0.0008983703862532235,6.890796203310155e-05,6.0886613937979055,,6.593651771077343,14662523842.736286,1.273889337309942
2020-02-24,ledoit_wolf,107.15623904328856,5415.353739228839,0.14960821060613333,6.890796203310155e-05,5.548680068471457,,59.028542498841354,17047181825.149536,1.0026593756446178
2020-02-24,oas,2421.0604071607536,5415.353739228839,0.012234018350927932,6.890796203310155e-05,2.6979725559111927,,26.824154019340472,16874823634.931654,1.0172326711003958
2020-02-24,shrink,7296.121673048914,5415.353739228839,0.0031486514431645703,6.890796203310155e-05,15.100522894325223,,14.607361287947707,16398740413.255888,1.0000000000000002
2020-02-24,persistence,4418.717012185684,5415.353739228839,4.577339636002623e-06,6.890796203310155e-05,6.2574828453752644,,7.353065044603371,3457506730008.1016,1.8858797424306246
2020-03-02,D0_pca8,9912.778241389604,6630.729433740511,2.740385094492449e-06,7.768782941037765e-05,47.806297157471235,,11.186347831926005,11439189021624.086,2.2931420924162493
2020-03-02,rolling,9987.900967760823,6630.729433740511,0.0031497262252642884,7.768782941037765e-05,4.406799790780382,,13.707559858565222,12774770112.785217,1.1784075047277838
2020-03-02,ewma,9912.464153248358,6630.729433740511,0.0006629190615383098,7.768782941037765e-05,4.169068988721316,,4.5965399666620534,10669268092.419777,2.106105741230962
2020-03-02,ledoit_wolf,107.12799607242442,6630.729433740511,0.149654971243019,7.768782941037765e-05,5.490631458228203,,57.204854822225855,13409664999.598907,1.0030427004376505
2020-03-02,oas,2419.452011879714,6630.729433740511,0.012242223294116967,7.768782941037765e-05,2.0312399181850163,,25.603069299800275,13257243545.59173,1.0285448031512374
2020-03-02,shrink,7293.774304145893,6630.729433740511,0.0031497262252666814,7.768782941037765e-05,15.428909170495334,,13.707559858570736,12833657051.505081,1.035316500360489
2020-03-02,persistence,6420.980221843312,6630.729433740511,1.6242582561719813e-05,7.768782941037765e-05,3.0809269714962486,,2.4494197334958505,213051015533.42148,2.6533246891838855
2020-03-09,D0_pca8,9910.929180426145,6766.937695439177,8.245270784554774e-07,7.181070085576338e-05,64.08538571545414,,19.95388886366266,129377547420733.03,2.9218664675422694
2020-03-09,rolling,9971.990940808886,6766.937695439177,0.003154836542082957,7.181070085576338e-05,3.2812111423897363,,14.308504941197594,15015345709.737144,1.2769003130192282
2020-03-09,ewma,9639.0391465451,6766.937695439177,0.0005005803315909404,7.181070085576338e-05,2.3329763603881015,,3.7703331585456468,11940794164.339333,2.7303793768904994
2020-03-09,ledoit_wolf,106.96244638721959,6766.937695439177,0.14989524542910349,7.181070085576338e-05,5.809392699094594,,58.42551449177502,15693496638.548107,1.0033761531879273
2020-03-09,oas,2411.5065213694033,6766.937695439177,0.012282080006409027,7.181070085576338e-05,1.7826735743134865,,26.438755657910832,15530866136.09362,1.033749518262965
2020-03-09,shrink,7282.161155762215,6766.937695439177,0.0031548365420864194,7.181070085576338e-05,16.03827759655049,,14.308504941202425,15078416548.925125,1.0991891317534015
2020-03-09,persistence,5280.82494847039,6766.937695439177,3.062912042075922e-05,7.181070085576338e-05,2.0678259539802415,,0.7260442102691201,40071850717.39106,3.748681796847793
2020-03-16,D0_pca8,9883.875869344898,5514.866269090171,1.8600004238883708e-06,4.6669646943009814e-05,49.6833071468659,,10.384614288697987,24555733445143.523,2.379866726349445
2020-03-16,rolling,5577.038372530487,5514.866269090171,2.1240252084805077e-05,4.6669646943009814e-05,1.9984026435881916,,0.6196773922361906,56543846035.78383,5.611775414308384
2020-03-16,ewma,6398.383306901069,5514.866269090171,4.756557401480545e-05,4.6669646943009814e-05,1.0231288517136616,,0.00036158046364316365,12936068764.796642,4.870570716567909
2020-03-16,ledoit_wolf,96.9909747360642,5514.866269090171,0.0007649400415786821,4.6669646943009814e-05,2.2530114039261493,,7.821550123737035,33358291444.239334,2.3053872081317013
2020-03-16,oas,675.7700609299213,5514.866269090171,0.00015890769220758657,4.6669646943009814e-05,2.073080443035143,,1.5011872575373686,24034654870.176453,3.8630842012156283
2020-03-16,shrink,627.0646921588682,5514.866269090171,0.000134404938852906,4.6669646943009814e-05,1.5107688492372853,,1.8822163922839512,29346764707.204178,3.02906204507089
2020-03-16,persistence,6172.997125644966,5514.866269090171,5.560467090519092e-05,4.6669646943009814e-05,0.5166611792907495,,0.030685652942681173,10039461202.773506,4.446645757537517
2020-03-23,D0_pca8,9904.621203954961,6473.717014563282,1.380763940263404e-06,3.403225571478506e-05,48.61836313991953,,10.269917190066064,44752003697809.2,2.687125619213651
2020-03-23,rolling,5569.624259740472,6473.717014563282,3.0473037876927714e-05,3.403225571478506e-05,0.16006149304171383,,0.012202843277097251,32512392394.740036,5.314421603982113
2020-03-23,ewma,6108.664328988846,6473.717014563282,6.229600867773495e-05,3.403225571478506e-05,0.5313970848974681,,0.3655273412242667,30450020596.637707,4.671763575034553
2020-03-23,ledoit_wolf,165.35706421268137,6473.717014563282,0.0007558566628618868,3.403225571478506e-05,0.1718619612119016,,9.6133666367096,64772647370.60198,2.6634047261813367
2020-03-23,oas,648.8849861728735,6473.717014563282,0.00023640319635190757,3.403225571478506e-05,0.159759445357411,,3.756735567216225,56351713242.26072,3.6285572362787186
2020-03-23,shrink,498.2994656331701,6473.717014563282,0.00024155860435213277,3.403225571478506e-05,0.09676418412375751,,4.734866976507687,62703495633.19971,2.8070594071191723
2020-03-23,persistence,5415.353739231815,6473.717014563282,6.890796203306372e-05,3.403225571478506e-05,0.8052141882520581,,0.49767796444263823,28118538175.102486,4.70154751174852
2020-03-30,D0_pca8,9892.598770617642,6011.483805650581,1.1170894283945363e-06,2.171878216970713e-05,43.29230511282805,,8.805759482952334,66031729478426.92,2.4772667569373312
2020-03-30,rolling,5787.3556836719035,6011.483805650581,3.755609232536704e-05,2.171878216970713e-05,0.29726939903714494,,0.2999294682717932,88723764230.07413,5.47361895776481
2020-03-30,ewma,6189.270736935505,6011.483805650581,6.37685028899309e-05,2.171878216970713e-05,1.2376484533096317,,1.1601054818134657,102488878145.26793,4.864374071894998
2020-03-30,ledoit_wolf,242.1189853378192,6011.483805650581,0.0007124035129941814,2.171878216970713e-05,0.1616189897658455,,12.183359975920116,163376089975.1972,3.0384585144225955
2020-03-30,oas,700.7383507615815,6011.483805650581,0.00028115107560395294,2.171878216970713e-05,0.2299582391093991,,6.557259744141483,153265463129.9942,3.8464963193208725
2020-03-30,shrink,457.8745421608496,6011.483805650581,0.00033624346297019475,2.171878216970713e-05,0.21596209411760497,,8.22473113094944,162753635607.8197,2.89708476180092
2020-03-30,persistence,6630.729433745454,6011.483805650581,7.768782941031977e-05,2.171878216970713e-05,1.3069024408040952,,1.62440416773476,103445113071.39423,4.562722490545055
2020-04-06,D0_pca8,9904.54791022617,5718.502005642234,9.17701090525511e-07,1.671622149102057e-05,46.10020654518861,,8.423125388309169,97954958380303.84,2.6852402726337994
2020-04-06,rolling,5650.40014972462,5718.502005642234,3.948856260398162e-05,1.671622149102057e-05,0.6432261464252546,,0.7389662236595982,174164695031.15088,5.478430148495299
2020-04-06,ewma,5871.308139370225,5718.502005642234,5.3438614481688676e-05,1.671622149102057e-05,1.2919823109534083,,1.3506018416874852,183533741595.1914,5.111165564317805
2020-04-06,ledoit_wolf,252.39351683124187,5718.502005642234,0.0007101828816760429,1.671622149102057e-05,0.43782536418444806,,14.056072211231598,279121932547.78906,3.1298167499794127
2020-04-06,oas,659.8804130910921,5718.502005642234,0.00030565888664506357,1.671622149102057e-05,0.5370936176177847,,8.44535954924819,267599864556.41608,3.9246516604461568
2020-04-06,shrink,434.74879886178627,5718.502005642234,0.00036364178509039563,1.671622149102057e-05,0.5216186168761289,,10.267655425431872,278864482953.65234,2.9651325122873584
2020-04-06,persistence,6766.937695435894,5718.502005642234,7.181070085579813e-05,1.671622149102057e-05,1.6061720429569122,,2.1247547793729904,191063237516.74713,4.033366818440255
2020-04-14,D0_pca8,9862.225731715267,5905.034878977922,1.1023978836377858e-06,1.4480850092702967e-05,35.56773757893025,,6.632368666374129,64402393486861.17,2.6384287792647068
2020-04-14,rolling,5783.88528462346,5905.034878977922,4.333652842159723e-05,1.4480850092702967e-05,1.038959255446891,,1.2015859341755135,258347082389.83734,5.4883866787015565
2020-04-14,ewma,6006.104967904128,5905.034878977922,4.801255565405447e-05,1.4480850092702967e-05,1.3208570024481,,1.4367268492360108,254926698549.63385,5.149091831128571
2020-04-14,ledoit_wolf,316.65583847919135,5905.034878977922,0.0006576809483223561,1.4480850092702967e-05,0.8125018339999543,,14.561037646887424,373278333386.5307,3.372999133222392
2020-04-14,oas,695.9395226848271,5905.034878977922,0.0003263116930961773,1.4480850092702967e-05,0.9069171825292003,,9.703386227377027,362437545319.28406,4.037390924680671
2020-04-14,shrink,471.40044039335856,5905.034878977922,0.00037661094876309444,1.4480850092702967e-05,0.9134345100499994,,11.504539688191771,374564811710.031,3.0647647599963346
2020-04-14,persistence,5514.866269092549,5905.034878977922,4.666964694298974e-05,1.4480850092702967e-05,1.6203572158621717,,1.369524509671574,221230898232.80023,3.0628368528433603
2020-04-21,D0_pca8,9927.038327788683,5867.118742829124,1.769476692633271e-06,1.3584895220622998e-05,37.220660849358,,4.154561671403945,23432384340739.2,2.465703482454858
2020-04-21,rolling,5810.467076629649,5867.118742829124,4.444406258109257e-05,1.3584895220622998e-05,1.1694171694013629,,1.4048716026487658,303434571618.6407,5.898805943814448
2020-04-21,ewma,6006.334677578696,5867.118742829124,4.025104661915003e-05,1.3584895220622998e-05,0.9640122001443381,,1.179781404539234,280390440526.0132,5.652917329327675
2020-04-21,ledoit_wolf,342.6896374201339,5867.118742829124,0.0006330151550816267,1.3584895220622998e-05,0.9374432410789506,,14.757397007086713,424593998846.7999,3.494157918136263
2020-04-21,oas,703.4572718475513,5867.118742829124,0.00033274856444689646,1.3584895220622998e-05,1.0282855700760838,,10.229945141312554,413907368054.4464,4.160973997585485
2020-04-21,shrink,493.84429169215184,5867.118742829124,0.000370383026918668,1.3584895220622998e-05,1.0331879937904733,,11.959164057737812,426572507715.6233,3.1564995225027634
2020-04-21,persistence,6473.717014567942,5867.118742829124,3.403225571476058e-05,1.3584895220622998e-05,0.6449127551128999,,0.8433670864922218,213089898422.75214,2.9119094566963155
2020-04-28,D0_pca8,9878.340138345216,6144.348047649871,6.932768839148737e-07,1.389632589249835e-05,41.6186261809204,,8.987697763821863,169859278440566.28,2.680424568893621
2020-04-28,rolling,5802.975944933575,6144.348047649871,4.549493976853864e-05,1.389632589249835e-05,1.2924195815728146,,1.4065404364398062,290575482481.24963,5.876252199362678
2020-04-28,ewma,5819.583411127077,6144.348047649871,3.289836459990575e-05,1.389632589249835e-05,0.670433137777241,,0.7426965267888541,247556589330.58295,5.560194485393383
2020-04-28,ledoit_wolf,358.01751743159514,6144.348047649871,0.0006233647267222833,1.389632589249835e-05,1.0585482312814265,,14.46666726664311,405359580781.16113,3.5305596360972857
2020-04-28,oas,701.0190325257071,6144.348047649871,0.0003413050326391487,1.389632589249835e-05,1.1454173484267023,,10.247374455897818,395713399449.84814,4.132079230581572
2020-04-28,shrink,500.46252002054376,6144.348047649871,0.00037365900466867575,1.389632589249835e-05,1.1564437062153345,,11.840075973583055,407606879536.57916,3.1267851150352937
2020-04-28,persistence,6011.483805648887,6144.348047649871,2.171878216971328e-05,1.389632589249835e-05,0.2578322098500009,,0.19940950779265063,140756668744.2253,2.811319658333587
2020-05-05,D0_pca8,9858.187035604802,6067.030372294589,7.331724983704391e-07,1.2220916875978491e-05,37.47015377589637,,7.915905888897664,146999500380893.12,2.929490291659047
2020-05-05,rolling,5819.042346341827,6067.030372294589,4.701714139454048e-05,1.2220916875978491e-05,1.597965260845497,,1.8153876021096171,397551794622.93964,6.073706108681086
2020-05-05,ewma,5824.437995040281,6067.030372294589,2.8996872431254083e-05,1.2220916875978491e-05,0.6023424102667676,,0.7465633035487528,329120412456.91504,5.506019104527844
2020-05-05,ledoit_wolf,389.3050607789145,6067.030372294589,0.0006005049740966407,1.2220916875978491e-05,1.3535061301014895,,15.168079454863237,525938572795.23724,3.5659395111148804
2020-05-05,oas,704.9017258691852,6067.030372294589,0.00035182463129018645,1.2220916875978491e-05,1.4350844015364062,,11.289491030142223,516276755396.322,4.081569981418273
2020-05-05,shrink,506.0127816066804,6067.030372294589,0.0003830760703330231,1.2220916875978491e-05,1.4818077379563832,,12.96194367842464,529303445691.92004,3.1317187012032632
2020-05-05,persistence,5718.502005642667,6067.030372294589,1.6716221491019296e-05,1.2220916875978491e-05,0.1693255538914183,,0.09811340316134307,164015080823.17242,2.475554164798259
2020-05-12,D0_pca8,9886.031042502127,6439.695931325006,8.363785592371285e-07,1.4378191355544188e-05,40.82609110641085,,8.090528244804673,117331253631186.6,2.7015873852072856
2020-05-12,rolling,5813.014074906394,6439.695931325006,4.684966919471849e-05,1.4378191355544188e-05,1.4274688679603211,,1.3953074552649718,272816535319.50763,5.593064715818919
2020-05-12,ewma,5715.3231274146165,6439.695931325006,2.3532524049746588e-05,1.4378191355544188e-05,0.2536192707984727,,0.24272458612372075,206435075038.41232,5.750223739163946
2020-05-12,ledoit_wolf,375.62315502601183,6439.695931325006,0.0006167277021445825,1.4378191355544188e-05,1.1980081344847646,,14.127938177906438,378255747732.3662,3.5227570935373613
2020-05-12,oas,702.9380519138006,6439.695931325006,0.00035114083270669353,1.4378191355544188e-05,1.2770718624155069,,10.21105881198088,369780472776.4706,4.061777765584111
2020-05-12,shrink,521.2760203478149,6439.695931325006,0.00037025613824953754,1.4378191355544188e-05,1.3542987097893189,,11.620446112310308,380508840685.2364,3.105690563880565
2020-05-12,persistence,5905.034878979644,6439.695931325006,1.4480850092698742e-05,1.4378191355544188e-05,0.025547267430466602,,5.06164434188024e-05,124514697817.15347,2.0488273272255118
2020-05-19,D0_pca8,9908.02944388653,6845.275653582641,9.300648858851748e-07,1.6227923818993193e-05,41.44018883921555,,8.175215423197285,95167743374182.81,2.679219785528496
2020-05-19,rolling,6385.797063974377,6845.275653582641,4.3095481690016135e-05,1.6227923818993193e-05,0.9117515766676823,,0.9539129428592501,198598993157.97937,5.5923274568751316
2020-05-19,ewma,6116.854479740291,6845.275653582641,2.1119770867406728e-05,1.6227923818993193e-05,0.09193196531000038,,0.06941967872540251,151700546395.16772,5.917961129129036
2020-05-19,ledoit_wolf,489.3163169939217,6845.275653582641,0.0004884235746527709,1.6227923818993193e-05,0.7661327123815671,,11.59027639621209,292802583457.0981,3.616747398397883
2020-05-19,oas,880.3652185945492,6845.275653582641,0.0002859291120182291,1.6227923818993193e-05,0.8105751675599405,,8.231220738311055,284217184846.64294,4.152461334447641
2020-05-19,shrink,580.7233031794896,6845.275653582641,0.00033576970519150873,1.6227923818993193e-05,0.9433722396426967,,10.3508511020175,297184034154.71924,3.039384997151147
2020-05-19,persistence,5867.118742825838,6845.275653582641,1.3584895220630604e-05,1.6227923818993193e-05,0.05707147747421328,,0.03160391825242283,125952137591.0084,2.0987838428247945
2020-05-27,D0_pca8,9843.835111479657,7148.929367361001,3.9666308045343533e-07,1.4954204205295768e-05,42.506900453883354,,13.174417533429388,521564615456292.0,2.8550339151272404
2020-05-27,rolling,6020.328969657574,7148.929367361001,3.147041999058374e-05,1.4954204205295768e-05,0.803029037663395,,0.5536186519443631,213686417987.95465,4.9176560319539595
2020-05-27,ewma,5858.994180142209,7148.929367361001,1.6932173802798298e-05,1.4954204205295768e-05,0.06268995867397456,,0.015431378945903152,176027809558.292,5.2675564100344525
2020-05-27,ledoit_wolf,379.94843055449553,7148.929367361001,0.0004227990865858242,1.4954204205295768e-05,0.6318288293300496,,11.168326028301642,343735711280.9097,2.9366859501184592
2020-05-27,oas,759.5208616657221,7148.929367361001,0.0002267833222717326,1.4954204205295768e-05,0.6943160787052662,,7.39297456065044,330818847561.77356,3.3722810958131135
2020-05-27,shrink,509.1415072355567,7148.929367361001,0.0002636201737449197,1.4954204205295768e-05,0.6769460377918819,,9.165087778420238,347584977073.52167,2.5738593103970113
2020-05-27,persistence,6144.348047654319,7148.929367361001,1.3896325892488289e-05,1.4954204205295768e-05,0.0825296628934511,,0.0053828622562512845,121520974723.00883,2.375661880798733
2020-06-03,D0_pca8,9832.10487409493,6960.548833699846,3.9062328767462447e-07,1.4174628124182336e-05,41.626746066194485,,12.89860480845698,528529903316614.06,2.7267970659119922
2020-06-03,rolling,5829.959621840335,6960.548833699846,2.1689087544894706e-05,1.4174628124182336e-05,0.235007362230322,,0.18092740079203473,210290979091.61856,4.85910456918392
2020-06-03,ewma,5684.8817369716835,6960.548833699846,1.4272291503294525e-05,1.4174628124182336e-05,0.023102938822018713,,4.7147247627497474e-05,197961625246.70325,5.475910693949737
2020-06-03,ledoit_wolf,483.30504371687965,6960.548833699846,0.00022922020089689957,1.4174628124182336e-05,0.1647222098306556,,7.74636609716558,369579347428.8929,3.049451956241903
2020-06-03,oas,698.7306779205232,6960.548833699846,0.0001639055017581428,1.4174628124182336e-05,0.17895855330407057,,5.991902913226573,358681971140.7781,3.327965465060099
2020-06-03,shrink,704.5279097122307,6960.548833699846,0.0001272702458091938,1.4174628124182336e-05,0.18733373385220714,,6.787556334741072,380038242907.19775,2.406216584218377
2020-06-03,persistence,6067.030372292098,6960.548833699846,1.2220916875983509e-05,1.4174628124182336e-05,0.029242404962982492,,0.021994260808725984,153367799469.31442,2.393920948561442
2020-06-10,D0_pca8,9857.341421923315,6679.182594701108,3.2427680430287626e-07,1.0535786446801318e-05,42.56947527213167,,12.116891070394862,767964082591758.0,2.7752434855084815
2020-06-10,rolling,5653.932477755226,6679.182594701108,1.6935491674071604e-05,1.0535786446801318e-05,0.23002497360715218,,0.22527723239272462,386879810952.6984,5.098019389827853
2020-06-10,ewma,6195.298839245697,6679.182594701108,1.5059071659740627e-05,1.0535786446801318e-05,0.09824084026256955,,0.12759387880095627,362242775886.3008,4.8136772747442205
2020-06-10,ledoit_wolf,677.0608297749125,6679.182594701108,0.0001280876498394076,1.0535786446801318e-05,0.1775680498911439,,6.2396893134632965,653616489698.9388,3.420710795544957
2020-06-10,oas,648.3813746366594,6679.182594701108,0.00013330625230266758,1.0535786446801318e-05,0.1761342581885244,,6.440790975636811,656134368338.3269,3.3840003655067656
2020-06-10,shrink,741.9321625541993,6679.182594701108,9.173959045954227e-05,1.0535786446801318e-05,0.18158333373915936,,6.379138653986826,686468725240.3239,2.4880556316240083
2020-06-10,persistence,6439.695931325961,6679.182594701108,1.437819135554206e-05,1.0535786446801318e-05,0.12733261730427356,,0.09668048013109651,214696527589.71667,2.0612564242389757
2020-06-17,D0_pca8,9735.13135337529,5108.160618201791,1.9180304122255786e-07,7.61987474173081e-06,42.08712997992704,,13.557426731886824,2045721718631046.8,2.9639594554177155
2020-06-17,rolling,6199.768232002819,5108.160618201791,1.6752822810671727e-05,7.61987474173081e-06,0.18257362696138352,,0.6206395022374533,844448150119.4875,4.321550024347231
2020-06-17,ewma,6811.319069244318,5108.160618201791,1.6727084572738567e-05,7.61987474173081e-06,0.153797451928499,,0.6182193074786237,828599923090.5302,3.8961445279354923
2020-06-17,ledoit_wolf,790.4011102888161,5108.160618201791,0.00011955184085166042,7.61987474173081e-06,0.14481405660143082,,7.578954147220007,1280651898996.5479,3.2976548916729596
2020-06-17,oas,813.6536746273764,5108.160618201791,0.00011637356222454144,7.61987474173081e-06,0.14550489863740274,,7.4313231233913495,1277991373406.1948,3.314061700553389
2020-06-17,shrink,864.5280593800928,5108.160618201791,8.530302529772189e-05,7.61987474173081e-06,0.13912190228828086,,7.4513117732872,1330929538476.6523,2.4824187900319825
2020-06-17,persistence,6845.275653581673,5108.160618201791,1.6227923818995486e-05,7.61987474173081e-06,0.1895089207718012,,0.5714958568510593,597621261777.4457,2.6116102145344904
2020-06-24,D0_pca8,9739.848637506888,4523.9663874595535,2.1589006965226934e-07,7.24401989302836e-06,42.08406420997664,,12.342277234943229,1633405615246928.8,3.346493863346044
2020-06-24,rolling,6097.46471833907,4523.9663874595535,1.4118069682499054e-05,7.24401989302836e-06,0.12272540194515211,,0.44526147912032715,885865227606.0769,4.747593382801099
2020-06-24,ewma,6486.95721497839,4523.9663874595535,1.2988281861944351e-05,7.24401989302836e-06,0.10608352832960459,,0.3409055881348934,835406104298.3834,4.186363680355607
2020-06-24,ledoit_wolf,770.2374355773694,4523.9663874595535,0.00010161583037488874,7.24401989302836e-06,0.10467535693750585,,6.975002060916545,1402660827573.9521,3.3027085060760126
2020-06-24,oas,779.6016429225137,4523.9663874595535,0.00010048245960808003,7.24401989302836e-06,0.10481231145801166,,6.915883630465736,1401312616354.0276,3.3127904209895163
2020-06-24,shrink,871.8866042738764,4523.9663874595535,7.015338855396452e-05,7.24401989302836e-06,0.07148269888082574,,6.732177303421123,1461740157256.3037,2.4646080306127
2020-06-24,persistence,7148.929367355553,4523.9663874595535,1.4954204205307147e-05,7.24401989302836e-06,0.1562360224794277,,0.5253584088531574,645990015116.7087,2.605042143024365
2020-07-01,D0_pca8,9623.431090778962,3887.536773879623,1.866906104657422e-07,6.517869803956149e-06,40.45268880906048,,12.62270705504299,2150861301626886.8,3.2890837996395526
2020-07-01,rolling,6064.076502434244,3887.536773879623,1.3463578713604608e-05,6.517869803956149e-06,0.17880915523549162,,0.5262638929820282,1125196650120.4607,4.530260466074459
2020-07-01,ewma,6362.40428991666,3887.536773879623,1.2440740776098238e-05,6.517869803956149e-06,0.19142385433960635,,0.41787039391726993,1063872297387.2959,4.244743844588673
2020-07-01,ledoit_wolf,716.1815178055073,3887.536773879623,0.00010313087697427598,6.517869803956149e-06,0.16080482917729713,,7.62561208255304,1750700595421.7542,3.066860593814076
2020-07-01,oas,769.298098969072,3887.536773879623,9.652248049557313e-05,6.517869803956149e-06,0.16172541268218804,,7.26425500308581,1741658468009.5728,3.125038978320323
2020-07-01,shrink,992.5207485745685,3887.536773879623,5.8453965362334366e-05,6.517869803956149e-06,0.08106793217530009,,6.8517519961078905,1808293263430.501,2.3026560279229273
2020-07-01,persistence,6960.548833693212,3887.536773879623,1.4174628124195872e-05,6.517869803956149e-06,0.2108895066475353,,0.6035828184745535,827480686956.861,2.5918038204171054
2020-07-09,D0_pca8,9782.68370234981,3076.539710353696,2.5065717549815105e-07,6.241810051292127e-06,42.93103709966153,,10.335810214289832,1221215675600809.5,3.454165419143441
2020-07-09,rolling,6208.274892243895,3076.539710353696,1.2810719924232995e-05,6.241810051292127e-06,0.23943149314606585,,0.5169782844915046,1233539313414.8132,4.118162335387893
2020-07-09,ewma,5993.101850112217,3076.539710353696,1.0467267114872198e-05,6.241810051292127e-06,0.19086022867626967,,0.26727110480864485,1105985004866.8716,4.027354018679592
2020-07-09,ledoit_wolf,722.0144271908316,3076.539710353696,9.953013056386558e-05,6.241810051292127e-06,0.23038810898086934,,7.668413562136394,1910819333487.382,2.9964969684735934
2020-07-09,oas,813.3612006728827,3076.539710353696,8.913295034671174e-05,6.241810051292127e-06,0.23119845059623234,,7.0695296800261715,1894319658674.7769,3.071062660781664
2020-07-09,shrink,1061.8006389316247,3076.539710353696,5.3221854531574195e-05,6.241810051292127e-06,0.149212389282097,,6.748748025574606,1969659342200.0195,2.174610516787528
2020-07-09,persistence,6679.182594698996,3076.539710353696,1.0535786446804657e-05,6.241810051292127e-06,0.21961823476205514,,0.27406001606628533,723119668504.7603,2.7143916169856523
2020-07-16,D0_pca8,9819.870486078074,2996.2655692678495,3.20601507947035e-07,5.805244409831395e-06,42.20834000637089,,8.388641193368317,738338832327964.5,2.9551523084102325
2020-07-16,rolling,6155.428343276518,2996.2655692678495,1.192046771323018e-05,5.805244409831395e-06,0.26301732524423105,,0.5176731882641814,1421403478483.465,4.265545526586074
2020-07-16,ewma,5814.397547432934,2996.2655692678495,1.009517945703128e-05,5.805244409831395e-06,0.1949710506149936,,0.30613672658182123,1291961148288.9395,4.27002211784616
2020-07-16,ledoit_wolf,655.6102782128859,2996.2655692678495,0.00010040710777358743,5.805244409831395e-06,0.25428997597824055,,8.125185602628727,2221611994679.667,3.042739080912795
2020-07-16,oas,796.1461126525124,2996.2655692678495,8.393601896358842e-05,5.805244409831395e-06,0.25563363415978835,,7.1358060336696365,2191685751455.4292,3.183300711496
2020-07-16,shrink,932.2204438730336,2996.2655692678495,5.593867414602367e-05,5.805244409831395e-06,0.16880970137175483,,6.7482873645796175,2277084236107.3086,2.288827531489545
2020-07-16,persistence,5108.160618202121,2996.2655692678495,7.619874741730307e-06,5.805244409831395e-06,0.1016137418862166,,0.07398300603622121,699118482290.2081,2.4312371388383265
2020-07-23,D0_pca8,9827.195741013658,2743.9478225214766,3.132153037290144e-07,5.1528613864222575e-06,42.34251136644253,,7.842316467467866,768247297266571.4,2.7707194133476474
2020-07-23,rolling,6123.102948586373,2743.9478225214766,1.1585340180894191e-05,5.1528613864222575e-06,0.3155530856525225,,0.6564049910653582,1871742665881.4263,4.634528778650148
2020-07-23,ewma,5429.27125646011,2743.9478225214766,8.723188716401063e-06,5.1528613864222575e-06,0.19891986936662112,,0.2771312831183198,1630196199998.3337,4.755872330643104
2020-07-23,ledoit_wolf,613.9718375997652,2743.9478225214766,0.0001031134781463519,5.1528613864222575e-06,0.29446818506155387,,8.977680400577327,2848575282142.3145,3.119780916368986
2020-07-23,oas,786.541871175924,2743.9478225214766,8.209924227888523e-05,5.1528613864222575e-06,0.29817818654812017,,7.663908090769721,2805179615220.1313,3.327331613146229
2020-07-23,shrink,981.1969866256177,2743.9478225214766,5.1394904023484865e-05,5.1528613864222575e-06,0.1943810531520988,,7.231053008142958,2904283522113.927,2.311717313039569
2020-07-23,persistence,4523.966387458587,2743.9478225214766,7.2440198930299135e-06,5.1528613864222575e-06,0.10861098738018501,,0.11602475075359334,907179104675.8405,2.0415650389857314
2020-07-30,D0_pca8,9778.201003533053,3566.718719973164,2.586450950529448e-07,4.714110184292763e-06,38.8223287952026,,8.426566978454575,1112279342161927.1,3.1617608350400563
2020-07-30,rolling,5802.136247831051,3566.718719973164,1.0571849944575632e-05,4.714110184292763e-06,0.20201829043235753,,0.6522734974708431,2244767793760.075,4.85253901709959
2020-07-30,ewma,4564.044249741832,3566.718719973164,7.774505197423275e-06,4.714110184292763e-06,0.10251171636718719,,0.25028963809234683,1941712774020.2134,5.0579816938200475
2020-07-30,ledoit_wolf,478.04423829591894,3566.718719973164,0.0001123459572267215,4.714110184292763e-06,0.15446972093432076,,10.055384538563663,3438705827569.2373,2.8335166833556653
2020-07-30,oas,687.5873899307171,3566.718719973164,8.073028144819581e-05,4.714110184292763e-06,0.1648147355756728,,8.068743401603365,3371531447784.9014,3.1590407892280017
2020-07-30,shrink,820.4861237368167,3566.718719973164,5.3240368929572336e-05,4.714110184292763e-06,0.10209022750688657,,7.424186610194759,3475991535125.922,2.2551860132655364
2020-07-30,persistence,3887.536773878635,3566.718719973164,6.517869803957813e-06,4.714110184292763e-06,0.09784883788364637,,0.1049678150009982,1075656132017.5262,1.8714494171111533
2020-08-06,D0_pca8,9749.553530906818,6717.072828566583,2.319273493129582e-07,1.4226903968564397e-05,42.01805275960665,,16.94525678082157,1450404906070930.5,2.978584399342195
2020-08-06,rolling,5675.189185044823,6717.072828566583,1.0091521591239249e-05,1.4226903968564397e-05,0.14837883784383982,,0.11795045936668191,261718105129.36108,4.802607620539715
2020-08-06,ewma,4064.4431975770676,6717.072828566583,7.05718768473536e-06,1.4226903968564397e-05,0.2927027000386939,,0.49152455072408346,496198634301.2292,5.034717677970074
2020-08-06,ledoit_wolf,423.4072616899308,6717.072828566583,0.00011713392801511197,1.4226903968564397e-05,0.2125136445000651,,4.444435918112662,337304806519.54425,2.7360626210800993
2020-08-06,oas,647.1456486091432,6717.072828566583,7.984921153728877e-05,1.4226903968564397e-05,0.19280003744064897,,2.975642680740658,314937602921.3405,3.0779766715009234
2020-08-06,shrink,866.281598828031,6717.072828566583,4.7108027393795095e-05,1.4226903968564397e-05,0.26806264574018707,,2.569643548364276,345843610607.2099,2.2264064288165346
2020-08-06,persistence,3076.5397103547116,6717.072828566583,6.241810051290069e-06,1.4226903968564397e-05,0.38075681785854415,,0.6787527393099898,933675190153.9706,1.9557026012848864
2020-08-13,D0_pca8,9684.587551337507,6605.733717977365,2.103014998249268e-07,1.4376387251916717e-05,41.74186701806375,,17.848896724993686,1751744495763319.2,2.844322045449838
2020-08-13,rolling,5470.962936448418,6605.733717977365,9.614787560431017e-06,1.4376387251916717e-05,0.20257802748777903,,0.16183303445397318,280100888066.3129,4.275562526405646
2020-08-13,ewma,3575.750568308157,6605.733717977365,6.877020351440088e-06,1.4376387251916717e-05,0.32774236727816747,,0.5437610326294621,524890581638.27075,4.341593610980523
2020-08-13,ledoit_wolf,351.111188829282,6605.733717977365,0.00012734034467968183,1.4376387251916717e-05,0.28407075083339883,,4.7579660052529285,333628570406.52484,2.7236795303448766
2020-08-13,oas,589.4677638776683,6605.733717977365,8.01490373044453e-05,1.4376387251916717e-05,0.25429791605331237,,2.952557378854336,307650289023.61523,3.099532169795906
2020-08-13,shrink,836.2627545446082,6605.733717977365,4.480317824951326e-05,1.4376387251916717e-05,0.3444190887905604,,2.4248153564354853,336840617565.4027,2.3565041564895624
2020-08-13,persistence,2996.2655692671287,6605.733717977365,5.805244409832799e-06,1.4376387251916717e-05,0.5077242329704879,,0.8223320634452771,1148212865846.655,1.6361403080691157
2020-08-20,D0_pca8,9778.947493803242,6467.967286579559,2.4045506337353487e-07,1.470364563316612e-05,43.534251624923485,,16.919347357816225,1374569689032649.5,2.7547701269263856
2020-08-20,rolling,4966.2727551794405,6467.967286579559,7.920315334789087e-06,1.470364563316612e-05,0.30920797838638653,,0.3827456237590867,401458483949.938,4.221196552011497
2020-08-20,ewma,3362.8419934171056,6467.967286579559,5.686268044651233e-06,1.470364563316612e-05,0.47786095549343593,,0.9025782896035695,833552299903.58,4.424900082858382
2020-08-20,ledoit_wolf,230.5671890157555,6467.967286579559,0.00013804990234850902,1.470364563316612e-05,0.4637481397835348,,5.015448508870854,320408062690.9917,2.595826062961011
2020-08-20,oas,458.6585484925303,6467.967286579559,7.59828193097575e-05,1.470364563316612e-05,0.39401670434512226,,2.6975163002815297,287709184206.5941,3.070447419125247
2020-08-20,shrink,716.9296877843382,6467.967286579559,3.9045943218673627e-05,1.470364563316612e-05,0.5059165885617666,,1.9836184887220818,315055264061.2805,2.376256700376896
2020-08-20,persistence,2743.947822519789,6467.967286579559,5.152861386425437e-06,1.470364563316612e-05,0.6149824295666805,,1.0994427790180015,1615567910923.4917,1.6071564530347184
2020-08-27,D0_pca8,9695.50411226223,5984.12998001384,2.058935322126651e-07,1.578885794567533e-05,44.88788035487147,,18.832959481522213,1830365027677365.5,4.1848195014518375
2020-08-27,rolling,3873.159431908919,5984.12998001384,6.070340835430334e-06,1.578885794567533e-05,0.6434104169597797,,0.9137250081585719,761779622349.7556,3.676051401695065
2020-08-27,ewma,3531.6158871262082,5984.12998001384,5.104238290712197e-06,1.578885794567533e-05,0.7956145912370591,,1.2751674695038706,1126816657980.5317,3.9339092697296163
2020-08-27,ledoit_wolf,209.911774540575,5984.12998001384,9.304146675724802e-05,1.578885794567533e-05,0.8618170805254992,,3.1461561501053503,255482792246.45978,2.3891631262130333
2020-08-27,oas,236.3533478507665,5984.12998001384,8.406557349799332e-05,1.578885794567533e-05,0.8405382863858565,,2.79656247910813,249865283879.17245,2.457167207641621
2020-08-27,shrink,603.31690145656,5984.12998001384,2.7862477207644537e-05,1.578885794567533e-05,0.967908990909522,,1.2186081073792674,257091088553.51135,2.201627364549582
2020-08-27,persistence,3566.7187199739224,5984.12998001384,4.714110184291759e-06,1.578885794567533e-05,0.7309120949068036,,1.4610624711174574,2131480559156.2485,1.6916528932042365
2020-09-03,D0_pca8,9693.832615891984,3950.71560180087,1.741524525058184e-07,6.193663317661974e-06,39.89833846950076,,12.754507557475488,2462358478053135.0,3.3641575839047317
2020-09-03,rolling,3975.288922890731,3950.71560180087,9.834531282483218e-06,6.193663317661974e-06,0.0995407281247237,,0.21378879940883988,1116415945119.255,3.502823058964067
2020-09-03,ewma,6894.393676594148,3950.71560180087,1.5208480981414132e-05,6.193663317661974e-06,0.24428515384658628,,0.8069903424669203,1272700773914.4395,3.3306398225024427
2020-09-03,ledoit_wolf,16.824114689820433,3950.71560180087,0.0006893664115594257,6.193663317661974e-06,0.32413400446150414,,22.205262814600378,2076864792150.2285,1.1656721281818159
2020-09-03,oas,309.60646653290155,3950.71560180087,0.00010998168251081067,6.193663317661974e-06,0.06725956687979504,,8.275903173328246,1950871799033.0288,2.3478460274538944
2020-09-03,shrink,1270.5880336890814,3950.71560180087,3.0046781715802668e-05,6.193663317661974e-06,0.07027869471785714,,4.258616726063815,1931390330739.6978,2.2006297507719896
2020-09-03,persistence,6717.0728285670575,3950.71560180087,1.4226903968563384e-05,6.193663317661974e-06,0.231698742047369,,0.691571870103266,956471372699.3882,2.398348664556289
2020-09-11,D0_pca8,9743.17723347441,4660.7355687106465,2.6711066534032417e-07,5.818329928094603e-06,36.28397864330991,,9.49318906769163,1068893043806784.2,3.778598085938035
2020-09-11,rolling,4084.6234996211683,4660.7355687106465,9.536132708905859e-06,5.818329928094603e-06,0.13955727271140403,,0.24410980247312503,1291667680242.4272,3.736153370551797
2020-09-11,ewma,5830.608631631605,4660.7355687106465,1.3381090614602999e-05,5.818329928094603e-06,0.2698688587949138,,0.6936044737379918,1416612361122.0823,3.387645626214752
2020-09-11,ledoit_wolf,13.408493024812437,4660.7355687106465,0.0007167846618273323,5.818329928094603e-06,0.28600258946036206,,23.17230484495002,2356786996206.2637,1.1414587942969363
2020-09-11,oas,310.10843857682033,4660.7355687106465,0.00010907820077143289,5.818329928094603e-06,0.08223970004920897,,8.591063680771375,2220871285087.1426,2.5696755978786503
2020-09-11,shrink,1102.4048346407285,4660.7355687106465,3.4690576840166794e-05,5.818329928094603e-06,0.0495455772813086,,5.096773994706037,2209068542645.704,2.468733847505093
2020-09-11,persistence,6605.733717978067,4660.7355687106465,1.4376387251915198e-05,5.818329928094603e-06,0.30584555343395364,,0.8182536105132492,1142079992951.9937,2.566901123693182
2020-09-18,D0_pca8,9712.106745815478,4560.275493912392,1.7855052682662215e-07,5.304386242689104e-06,38.93241884014365,,11.501677480142348,2333231774975126.0,3.4152785974783715
2020-09-18,rolling,4118.678309363267,4560.275493912392,9.451856079821002e-06,5.304386242689104e-06,0.19573112236831053,,0.33371069184302293,1602406900093.7944,3.6951763579371115
2020-09-18,ewma,5208.387279987759,4560.275493912392,1.102839222034238e-05,5.304386242689104e-06,0.256176703361682,,0.535734537658176,1646792211023.474,3.3862801529736486
2020-09-18,ledoit_wolf,13.157603723924419,4560.275493912392,0.0007151691101661082,5.304386242689104e-06,0.24234153285380508,,24.04906666426647,2839244092144.9004,1.1193008646412277
2020-09-18,oas,315.1802088611071,4560.275493912392,0.00010735526074568214,5.304386242689104e-06,0.12486250358357849,,9.045713570388239,2686782317857.801,2.553703149020262
2020-09-18,shrink,1142.315016937348,4560.275493912392,3.3447259573054023e-05,5.304386242689104e-06,0.08517862372364378,,5.483805844670089,2670446396463.744,2.48783525397132
2020-09-18,persistence,6467.967286580209,4560.275493912392,1.4703645633164639e-05,5.304386242689104e-06,0.41989279425612824,,1.039505190478441,1495109068988.328,2.623267987119736
2020-09-25,D0_pca8,9531.614168627133,4093.1174876001965,1.1315927759838695e-07,4.290707387884424e-06,36.5518078436251,,13.216147149684332,5402633258547319.0,3.637444681648722
2020-09-25,rolling,4163.943970752593,4093.1174876001965,9.304475885485201e-06,4.290707387884424e-06,0.3314475640800687,,0.5991438432939225,2675560674592.6543,3.6094085400309965
2020-09-25,ewma,4212.724584747024,4093.1174876001965,1.0155285287218184e-05,4.290707387884424e-06,0.4760056881727935,,0.7422555511499738,2692040459543.201,3.408681141775765
2020-09-25,ledoit_wolf,12.333123265586238,4093.1174876001965,0.0007167508035734901,4.290707387884424e-06,0.1452496965903761,,26.196753128711812,4350737793861.3364,1.0835566765608775
2020-09-25,oas,320.06046578924145,4093.1174876001965,0.00010526311092380477,4.290707387884424e-06,0.23276655962004375,,10.24007167348034,4157500336134.1934,2.566466923928268
2020-09-25,shrink,1110.7066041790379,4093.1174876001965,3.4349853754971016e-05,4.290707387884424e-06,0.17703400425786608,,6.552830859163082,4138847031519.625,2.4274532324753446
2020-09-25,persistence,5984.129980012107,4093.1174876001965,1.5788857945679905e-05,4.290707387884424e-06,0.8704850930862108,,1.6974252011566606,2706539809886.5576,2.638606265361786
2020-10-02,D0_pca8,9753.966186795968,4873.837997331466,2.3086786431090276e-07,5.4738955378099435e-06,37.67313777330581,,10.022898283185356,1420595067638303.0,3.359951608783183
2020-10-02,rolling,4193.743056446013,4873.837997331466,9.306210784879284e-06,5.4738955378099435e-06,0.23662019414770707,,0.28163336337554656,1485918766521.8496,3.6343951695707055
2020-10-02,ewma,3673.2961470602945,4873.837997331466,8.768947253659127e-06,5.4738955378099435e-06,0.2991211515705353,,0.22205409758280537,1409980393900.8555,3.564284224049486
2020-10-02,ledoit_wolf,12.46373536575561,4873.837997331466,0.0007162198463931239,5.4738955378099435e-06,0.3060624669467376,,23.755841486998982,2664854477956.88,1.0990075415146374
2020-10-02,oas,324.2361252653244,4873.837997331466,0.00010473716740817739,5.4738955378099435e-06,0.17043105189066127,,8.711135872258573,2513997176836.1567,2.6520417884991563
2020-10-02,shrink,1109.2674187724963,4873.837997331466,3.45643882669723e-05,5.4738955378099435e-06,0.11775790407923345,,5.427675396601353,2501228705896.223,2.4445997900580614
2020-10-02,persistence,3950.715601800189,4873.837997331466,6.193663317663044e-06,5.4738955378099435e-06,0.10001052921178603,,0.015261186666814922,797557958678.5088,2.688361276996259
2020-10-09,D0_pca8,9754.125512965738,3587.0377973184795,2.0172042550452256e-07,7.491921658137543e-06,43.60051087270802,,13.066006035971814,1851953704698175.5,2.7400714956163226
2020-10-09,rolling,4217.784121458124,3587.0377973184795,9.29021246709479e-06,7.491921658137543e-06,0.04573150086013013,,0.046283528379050136,717631239418.762,3.7191445607662943
2020-10-09,ewma,3387.7885472794437,3587.0377973184795,7.832214428470555e-06,7.491921658137543e-06,0.0620779343032226,,0.0019731319375518976,686950679413.8973,3.663246426757304
2020-10-09,ledoit_wolf,14.444872131501986,3587.0377973184795,0.0006903674830843867,7.491921658137543e-06,0.698684888528238,,20.461134715159154,1414180826632.3647,1.1739904183538874
2020-10-09,oas,338.58006785952495,3587.0377973184795,0.00010111803567120224,7.491921658137543e-06,0.05916557717210981,,6.772813942803903,1301504934083.6792,2.759574772016688
2020-10-09,shrink,1120.9549645434831,3587.0377973184795,3.4254213411504974e-05,7.491921658137543e-06,0.09784759548102974,,4.08576568750832,1295838110386.927,2.5578675014782504
2020-10-09,persistence,4660.735568711977,3587.0377973184795,5.818329928092938e-06,7.491921658137543e-06,0.1498327912677681,,0.06391391885672068,710996199234.907,2.2416179931788744
2020-10-16,D0_pca8,9734.656436553147,5592.027818684679,2.188477488726716e-07,1.291969530113003e-05,44.52734420962689,,16.631123287688432,1626501167923033.0,2.893706945911663
2020-10-16,rolling,4341.365265431751,5592.027818684679,8.997230922501912e-06,1.291969530113003e-05,0.17861500600795682,,0.1309253097926666,321688953855.3475,3.776565490466584
2020-10-16,ewma,3163.518767303103,5592.027818684679,6.433433460959081e-06,1.291969530113003e-05,0.3566604279666811,,0.4861498447192113,597287034335.2661,3.7253796619849666
2020-10-16,ledoit_wolf,14.460137688231312,5592.027818684679,0.0006730469902229783,1.291969530113003e-05,1.372740933362626,,15.626700430892054,468059173737.7241,1.162371194786464
2020-10-16,oas,364.238068064902,5592.027818684679,9.413216364348127e-05,1.291969530113003e-05,0.25135256404150763,,3.9439847307151,399647492794.6807,2.837874475820941
2020-10-16,shrink,1051.5089986486696,5592.027818684679,3.6354679915521174e-05,1.291969530113003e-05,0.31501621498654697,,2.1403319403734855,400431597027.3,2.6243669834018837
2020-10-16,persistence,4560.275493912674,5592.027818684679,5.304386242688778e-06,1.291969530113003e-05,0.4709429886350878,,0.7924893911576508,1374549140166.3882,2.0591521989173844
2020-10-23,D0_pca8,9694.366161985217,5629.435351894487,2.0202276541516023e-07,1.2856701795011483e-05,43.84825962757115,,17.24936288871451,1910409362261384.0,3.0838848523623503
2020-10-23,rolling,4397.657820896242,5629.435351894487,8.859618359920395e-06,1.2856701795011483e-05,0.20357395872739054,,0.13865308040829122,335499117042.106,3.5896859329332065
2020-10-23,ewma,3224.688034046272,5629.435351894487,6.185170301773744e-06,1.2856701795011483e-05,0.3041586996258683,,0.5354003902237116,667724255666.7185,3.54139483861176
2020-10-23,ledoit_wolf,15.373905417223874,5629.435351894487,0.0006543563819378834,1.2856701795011483e-05,1.3439514792259613,,15.44322458773188,472293708756.14264,1.1976822324748682
2020-10-23,oas,381.1600109657767,5629.435351894487,9.002355862783029e-05,1.2856701795011483e-05,0.2765928235103922,,3.787718246269622,401114893835.8709,2.712965626107773
2020-10-23,shrink,863.2985078142418,5629.435351894487,4.413848762554358e-05,1.2856701795011483e-05,0.35357526870315537,,2.2817955633092297,405258508941.70825,2.5058515069367533
2020-10-23,persistence,4093.1174875986076,5629.435351894487,4.290707387886082e-06,1.2856701795011483e-05,0.681748979472732,,1.2043162779263556,2423034282208.285,2.093621465034756
2020-10-30,D0_pca8,9747.681634022048,9963.573387164857,1.8509875854102724e-07,0.0032396938354764355,63.3529076940048,,95.45474601698443,2295847677376578.0,3.7074287998654514
2020-10-30,rolling,4220.630813430794,9963.573387164857,9.328061212775123e-06,0.0032396938354764355,5.338676525420679,,34.22491972393901,587346701575.5593,4.088621054017619
2020-10-30,ewma,4172.124139666051,9963.573387164857,6.7409116955984795e-06,0.0032396938354764355,5.934765744293321,,38.13110392059586,1130024423934.3271,3.946718495247519
2020-10-30,ledoit_wolf,19.685486069148524,9963.573387164857,0.0006336257180924211,0.0032396938354764355,8.17102043402694,,2.662691862429896,132467956.91059864,1.3614459574180018
2020-10-30,oas,360.78959027136744,9963.573387164857,9.597820397454889e-05,0.0032396938354764355,5.644603076263565,,12.384156132437244,5835418852.646492,2.94804936621113
2020-10-30,shrink,761.0227977989707,9963.573387164857,5.0244555591755506e-05,0.0032396938354764355,5.7027213206411265,,15.165239937895183,5490599039.842447,2.651680400790768
2020-10-30,persistence,4873.83799732889,9963.573387164857,5.473895537812834e-06,0.0032396938354764355,6.404069627774595,,40.7457962988295,2694429501989.2324,2.862592110241324
2020-11-06,D0_pca8,9735.944919266485,9969.735311520739,2.238841378285413e-07,0.0032376274816278976,56.73216636883858,,91.76142167380752,1623522087379205.5,3.794423323913207
2020-11-06,rolling,3943.0017892329224,9969.735311520739,1.0090699849440156e-05,0.0032376274816278976,4.914121960842758,,33.30423082453329,501643190276.39026,4.065128529257779
2020-11-06,ewma,3469.334729083372,9969.735311520739,8.229235149327324e-06,0.0032376274816278976,5.312233777269215,,35.69946448144679,758104861782.8417,3.802598553028722
2020-11-06,ledoit_wolf,19.760130625357025,9969.735311520739,0.0006700726945372914,0.0032376274816278976,7.232058467199279,,2.4812861496882617,112895355.03755374,1.3992834223641535
2020-11-06,oas,304.4831310866105,9969.735311520739,0.0001137076301107867,0.0032376274816278976,5.175835526820586,,11.215570371721842,4140282093.487812,3.0368212014594214
2020-11-06,shrink,812.105412866223,9969.735311520739,4.7248746435035146e-05,0.0032376274816278976,5.134190115346188,,14.937137420508503,4562149183.4103365,2.746162943814844
2020-11-06,persistence,3587.037797319567,9969.735311520739,7.491921658135277e-06,0.0032376274816278976,5.35331937289622,,36.82997684835455,1436566071677.4841,2.488966838865714
2020-11-13,D0_pca8,9770.139647282236,9983.969708207009,2.2584694186538576e-07,0.003232887126312896,55.86911331079706,,91.56622402921076,1581488380180368.0,3.404312625202024
2020-11-13,rolling,4456.037827302975,9983.969708207009,8.4193456491353e-06,0.003232887126312896,4.980375313989032,,35.40962410666423,719028050636.6108,4.43586345820686
2020-11-13,ewma,5587.366507298842,9983.969708207009,1.1928042277054326e-05,0.003232887126312896,4.189146979361171,,31.38507799008631,372964620802.23364,4.048940475719516
2020-11-13,ledoit_wolf,119.07784224176592,9983.969708207009,0.0002260628366485861,0.003232887126312896,5.61705113289669,,7.077291122205386,1070380022.7689352,2.49768535898973
2020-11-13,oas,368.79663298063076,9983.969708207009,8.916188473799182e-05,0.003232887126312896,5.230479049555166,,12.892962798418768,6661061748.673132,3.2712688655239237
2020-11-13,shrink,515.4714827345423,9983.969708207009,5.182773721070898e-05,0.003232887126312896,5.517822270075743,,14.439238400914373,3671289192.333372,2.624479283582312
2020-11-13,persistence,5592.027818683678,9983.969708207009,1.2919695301132365e-05,0.003232887126312896,3.9447086501652016,,30.496657366302646,481457568991.68604,2.989991193789075
2020-11-20,D0_pca8,9792.660048698775,9984.33543404647,3.120416316195206e-07,0.003232750499146591,53.12342691054808,,85.48304361297785,862466700913036.0,3.0832635952895395
2020-11-20,rolling,4825.994636876418,9984.33543404647,8.163812950980303e-06,0.003232750499146591,4.958582264711348,,35.77687256454904,764638855324.2268,4.431409733873071
2020-11-20,ewma,5556.378056440043,9984.33543404647,1.0437841645952266e-05,0.003232750499146591,4.3668133769373245,,32.897688767680435,482181681924.7179,4.271660165283491
2020-11-20,ledoit_wolf,148.62487628029342,9984.33543404647,0.00019710778374344576,0.003232750499146591,5.552293702950718,,7.825099282554946,1409786830.6215835,2.479276829704799
2020-11-20,oas,437.0372387591827,9984.33543404647,7.972478965461966e-05,0.003232750499146591,5.203848286537542,,13.708565599959417,8319494738.58527,3.281844001601973
2020-11-20,shrink,594.6588175855613,9984.33543404647,4.71871110727761e-05,0.003232750499146591,5.50098268609619,,15.398894652106469,4513724691.040677,2.6906746188478383
2020-11-20,persistence,5629.435351893726,9984.33543404647,1.2856701795013226e-05,0.003232750499146591,3.965847522654463,,30.55019749930983,486207176071.4158,3.2285980670190177
2020-11-30,D0_pca8,9777.65399868215,9992.208737961464,2.826707568241281e-07,0.0045728722479753785,56.48266788850723,,93.92256935834628,1020683607757904.5,2.949037353269502
2020-11-30,rolling,9865.858944190673,9992.208737961464,0.0006191190542458335,0.0045728722479753785,0.9930993803313355,,3.998396953984714,169356521.00337094,1.861463503483571
2020-11-30,ewma,9950.35529900397,9992.208737961464,0.0019300723274329559,0.0045728722479753785,0.5210098109627536,,0.7440512092676064,8602336.481168564,1.2684265018172582
2020-11-30,ledoit_wolf,6.24415022572277,9992.208737961464,0.05761135628414339,0.0045728722479753785,7.64784407089248,,6.41901848357441,3975012.2412861916,1.0
2020-11-30,oas,2358.7264495717613,9992.208737961464,0.002436905475017549,0.0045728722479753785,0.6353007504455493,,0.3961601222063577,2930896.711091087,1.2633033570169516
2020-11-30,shrink,7652.126573595969,9992.208737961464,0.0006191190542459663,0.0045728722479753785,6.309234113545222,,3.998396953982584,156878902.70996445,1.6400800842031302
2020-11-30,persistence,9963.57338716273,9992.208737961464,0.0032396938354771255,0.0045728722479753785,0.45739856342325097,,0.11879236155619806,946536.9382820451,1.1328118139536694
2020-12-07,D0_pca8,9768.16691165428,9991.781366489176,4.0767869364636314e-07,0.004573086299652673,54.67177200497847,,86.95967345400068,514304948545395.9,3.0848298477437917
2020-12-07,rolling,9937.412933281375,9991.781366489176,0.0012595905929199149,0.004573086299652673,0.7518176589621698,,1.6625564179371306,30943980.913408495,1.4273923700741946
2020-12-07,ewma,9970.876754021849,9991.781366489176,0.002927919171479332,0.004573086299652673,0.22740439180276778,,0.1988235331723028,1596112.861358904,1.1450515733119462
2020-12-07,ledoit_wolf,106.5644254794769,9991.781366489176,0.05985565274372154,0.004573086299652673,5.92281409850253,,6.613885511327989,3990944.4953900087,1.0051328777395432
2020-12-07,oas,2394.2696062242685,9991.781366489176,0.004921172759673021,0.004573086299652673,0.5060857997038448,,0.005381477123855347,199746.11183221237,1.102776245906365
2020-12-07,shrink,7707.459878838381,9991.781366489176,0.0012595905929193682,0.004573086299652673,7.726508333937652,,1.6625564179354075,30137130.81514336,1.278763750778112
2020-12-07,persistence,9969.735311507573,9991.781366489176,0.003237627481632176,0.004573086299652673,0.2887539649783736,,0.11926490484101533,941234.741616064,1.106375240318938
2020-12-14,D0_pca8,9832.462331657392,9992.691882981255,3.838558239441233e-07,0.004572667012827472,56.57897710170414,,88.08456103153449,579364938930128.5,2.647288463751106
2020-12-14,rolling,9939.0133018945,9992.691882981255,0.001259386030533681,0.004572667012827472,0.8213127706011119,,1.6627388142345487,31010807.921138205,1.4138851137554114
2020-12-14,ewma,9967.919362345274,9992.691882981255,0.0021494603364139156,0.004572667012827472,0.4259144468557272,,0.5698435449862564,5970854.6753649,1.142516324380696
2020-12-14,ledoit_wolf,106.58218123881683,9992.691882981255,0.059845711516364156,0.004572667012827472,6.006264414635099,,6.613502786624953,3995321.1376045235,1.005058166628711
2020-12-14,oas,2395.0670317562744,9992.691882981255,0.004919560533336587,0.004572667012827472,0.5400419552021316,,0.005346911397958787,197521.54184166418,1.0998256662225079
2020-12-14,shrink,7708.698740899893,9992.691882981255,0.0012593860305336803,0.004572667012827472,7.949641262215431,,1.6627388142344028,30220252.68219091,1.2712517480171017
2020-12-14,persistence,9983.969708189174,9992.691882981255,0.0032328871263186685,0.004572667012827472,0.16082727433189897,,0.12021548018395982,950871.7164976468,1.0988006944016002
2020-12-21,D0_pca8,9856.05263233482,9991.57467217408,3.6957126938812383e-07,0.004573166819606562,57.602870353350305,,88.79990542119333,617147332515555.0,2.967583664743082
2020-12-21,rolling,9939.621388488475,9991.57467217408,0.001259301278219733,0.004573166819606562,0.8206463484670941,,1.6631942765802463,31062831.977976426,1.3622527174146208
2020-12-21,ewma,9962.736571811649,9991.57467217408,0.0015783346673069454,0.004573166819606562,0.6948962664740735,,1.1317462682895703,16505792.075015374,1.1909880695099937
2020-12-21,ledoit_wolf,106.59318795386989,9991.57467217408,0.059840353246213944,0.004573166819606562,5.967939207199992,,6.612480144293035,3991696.867550813,1.0047771276811697
2020-12-21,oas,2395.3707490066877,9991.57467217408,0.004918919259086747,0.004573166819606562,0.51360535529879,,0.005311920073079748,200279.75961137135,1.0770539870589777
2020-12-21,shrink,7709.168710556675,9991.57467217408,0.00125930127822115,0.004573166819606562,7.890509234936339,,1.6631942765782117,30278435.262120627,1.2315681426795997
2020-12-21,persistence,9984.335434050616,9991.57467217408,0.0032327504991452468,0.004573166819606562,0.1474907155761945,,0.12032060102750367,953991.339124287,1.0825715068606097
2020-12-29,D0_pca8,9871.04527085437,3562.1112717036003,6.417807321342263e-07,5.258426551694062e-06,37.03751381514284,,4.424035166444712,171361117518463.7,3.0742072376700493
2020-12-29,rolling,5845.83445458385,3562.1112717036003,0.0030310899658766194,5.258426551694062e-06,10.714009807870859,,40.409484982283075,2991622462265.681,1.160113682884958
2020-12-29,ewma,8203.459178185407,3562.1112717036003,0.006451784768067859,5.258426551694062e-06,12.725554043063003,,50.58452740130402,2996936339622.296,1.0523198328427712
2020-12-29,ledoit_wolf,61.961621568167914,3562.1112717036003,0.1454100750951393,5.258426551694062e-06,22.070658756957158,,104.60136957801993,3001507716267.6514,1.0034132604903352
2020-12-29,oas,932.7175270289815,3562.1112717036003,0.017537153691741577,5.258426551694062e-06,14.008299031620846,,65.80851796706897,2999985205217.915,1.0262519712343043
2020-12-29,shrink,4443.898168616256,3562.1112717036003,0.003031089965879111,5.258426551694062e-06,35.17685030237678,,40.409484982289676,2992397471239.9805,1.0976289541091555
2020-12-29,persistence,9992.208737963296,3562.1112717036003,0.004572872247974548,5.258426551694062e-06,6.60188267470492,,45.8067004578037,2994901742958.99,1.0402732158069177
2021-01-06,D0_pca8,9774.138631781567,3159.1553428231805,2.5855230708092283e-07,6.1022410763222835e-06,42.934961963223145,,9.9938786809782,1129577597029368.2,3.5245184635970963
2021-01-06,rolling,5846.186030992901,3159.1553428231805,0.0030309102225119467,6.1022410763222835e-06,9.887699686183968,,38.53879219403454,2220269871472.04,1.1614840238682964
2021-01-06,ewma,8201.750758966999,3159.1553428231805,0.004735992474583796,6.1022410763222835e-06,10.559658762372182,,44.279579804573615,2223355533180.01,1.0750527006393689
2021-01-06,ledoit_wolf,61.964801712539,3159.1553428231805,0.1454020440857207,6.1022410763222835e-06,20.796304735433093,,101.57821112276513,2228781563003.8984,1.0035013580293446
2021-01-06,oas,932.8513185985504,3159.1553428231805,0.017534736817729858,6.1022410763222835e-06,12.957809470213913,,63.41387448819033,2227468946630.88,1.0276426982678144
2021-01-06,shrink,4444.164520307659,3159.1553428231805,0.0030309102225131463,6.1022410763222835e-06,33.58640025803264,,38.53879219403586,2220913271987.6494,1.0911860098444721
2021-01-06,persistence,9991.781366506551,3159.1553428231805,0.004573086299644721,6.1022410763222835e-06,6.42918971178288,,43.814964864553744,2223093516931.381,1.0279241500055403
2021-01-13,D0_pca8,9782.460738839693,2982.21259751221,2.6349255709134223e-07,6.700415689493582e-06,42.34092125254763,,10.471023437260232,1090712024741894.2,3.298695667710673
2021-01-13,rolling,5847.170989186288,2982.21259751221,0.003030390095411317,6.700415689493582e-06,9.635966305625363,,37.38438222976081,1796473967994.7993,1.1041483077776448
2021-01-13,ewma,8199.33814593288,2982.21259751221,0.0034768234695776046,6.700415689493582e-06,9.264796634585958,,39.08381094557073,1797424469462.6084,1.091273187175492
2021-01-13,ledoit_wolf,61.972605729771544,2982.21259751221,0.14538030741631386,6.700415689493582e-06,20.141069639366414,,99.69900045710952,1804045563544.3997,1.0032867994591301
2021-01-13,oas,933.2282076550669,2982.21259751221,0.01752784201797167,6.700415689493582e-06,12.517103715328695,,61.927081009749806,1802877417480.5068,1.026868873088111
2021-01-13,shrink,4444.913654697978,2982.21259751221,0.003030390095411938,6.700415689493582e-06,32.74583922466785,,37.38438222976521,1797063664617.3516,1.0486504408047777
2021-01-13,persistence,9992.691882986392,2982.21259751221,0.0045726670128251245,6.700415689493582e-06,6.297597337716857,,42.584528023843276,1798988088975.7974,1.0258835057712163
2021-01-21,D0_pca8,9707.116897330277,2829.831462471872,2.1819315515417115e-07,6.481746715438055e-06,41.88594712192652,,11.501323841712217,1577550494418206.2,3.1129877910675043
2021-01-21,rolling,5848.382760714746,2829.831462471872,0.0030297425784485466,6.481746715438055e-06,9.732282159180297,,37.788593482079015,1919962974204.003,1.1006619899022205
2021-01-21,ewma,8195.778678647981,2829.831462471872,0.0025527637871093456,6.481746715438055e-06,8.479624856210489,,35.71187927981605,1918492021013.8203,1.1291973161090016
2021-01-21,ledoit_wolf,61.984640094628965,2829.831462471872,0.14535007187452878,6.481746715438055e-06,20.175124063947894,,100.35852512216796,1927825196098.149,1.003305767156051
2021-01-21,oas,933.692068032696,2829.831462471872,0.01751931247075574,6.481746715438055e-06,12.525201401227795,,62.44269350198607,1926614919458.3345,1.0256926617284199
2021-01-21,shrink,4445.832531798023,2829.831462471872,0.0030297425784511765,6.481746715438055e-06,32.771417020971874,,37.788593482085666,1920557067418.1367,1.039016548199306
2021-01-21,persistence,9991.574672178296,2829.831462471872,0.004573166819604638,6.481746715438055e-06,6.401294550176489,,43.020100831881074,1922600541056.6924,1.028781935557183
2021-01-28,D0_pca8,9784.54262064259,3474.866388545808,2.7143848719162793e-07,5.9855578718901555e-06,39.916568666735515,,9.568911732153552,1012302518631079.0,3.0279096329187385
2021-01-28,rolling,5851.4306339928735,3474.866388545808,0.003028129768913435,5.9855578718901555e-06,10.257458976205475,,38.76744374756411,2252169666819.0776,1.1297275988217146
2021-01-28,ewma,8187.762981692428,3474.866388545808,0.0018753201449786326,5.9855578718901555e-06,8.26779552535945,,33.03013490628735,2246980880572.62,1.1448118001436423
2021-01-28,ledoit_wolf,62.01690766728448,3474.866388545808,0.14527198457359644,5.9855578718901555e-06,21.0854163467497,,101.94967771453916,2260705792815.412,1.0026784815784278
2021-01-28,oas,934.8772291427653,3474.866388545808,0.017497647535064668,5.9855578718901555e-06,13.201475929688641,,63.68793351758926,2259390158652.768,1.0237038373376692
2021-01-28,shrink,4448.145305359559,3474.866388545808,0.0030281297689138393,5.9855578718901555e-06,33.66665766325894,,38.767443747565515,2252816210781.29,1.0539890703003063
2021-01-28,persistence,3562.111271705347,3474.866388545808,5.258426551691473e-06,5.9855578718901555e-06,0.021120982822183727,,0.0167748283707337,832085245997.902,1.8824761317560252
2021-02-04,D0_pca8,9852.201399728505,3338.7786106766694,3.5020594862725784e-07,4.956824102132175e-06,41.651704331685565,,7.022481200130086,611915635140053.2,3.2616537232857885
2021-02-04,rolling,5850.789171703577,3338.7786106766694,0.003028471772028375,4.956824102132175e-06,10.988473527738046,,41.152840464109076,3286215838445.1924,1.1106736460273499
2021-02-04,ewma,8173.809396458228,3338.7786106766694,0.001378716086381459,4.956824102132175e-06,8.295502741680526,,31.675988430479578,3274172360446.1714,1.3901527433109349
2021-02-04,ledoit_wolf,62.01070006228108,3338.7786106766694,0.1452877086805142,4.956824102132175e-06,22.553975258357156,,105.79574417190429,3296491964853.0635,1.0024713388560376
2021-02-04,oas,934.6232056190988,3338.7786106766694,0.017502296934353043,4.956824102132175e-06,14.306892944955397,,66.73782143871583,3294906195293.8945,1.0224553324699912
2021-02-04,shrink,4447.658628271961,3338.7786106766694,0.003028471772030222,4.956824102132175e-06,35.55607122257122,,41.1528404641132,3287009122484.807,1.0524790680730498
2021-02-04,persistence,3159.1553428232637,3338.7786106766694,6.102241076322122e-06,4.956824102132175e-06,0.07662701194866936,,0.04321859376162783,939841276163.0767,1.87096007655291
2021-02-11,D0_pca8,9924.02907952509,2852.0493951209746,9.259050013368492e-07,5.537689799783094e-06,37.6021525793699,,3.1989474124694244,77796316783416.03,2.775854704460067
2021-02-11,rolling,7407.796950120462,2852.0493951209746,0.002391855948335732,5.537689799783094e-06,9.114038054855397,,36.82362530230781,2629487251772.186,1.1277752675387454
2021-02-11,ewma,8931.731699086553,2852.0493951209746,0.0009259953399978942,5.537689799783094e-06,6.158039203647325,,26.20714661478258,2611905730830.6133,1.509183648780392
2021-02-11,ledoit_wolf,64.4495850725951,2852.0493951209746,0.12627304383155233,5.537689799783094e-06,19.613958572095708,,100.69368414308848,2641166263922.0527,1.0019737810287626
2021-02-11,oas,1341.6252577255577,2852.0493951209746,0.012274103897015403,5.537689799783094e-06,11.567540141195618,,59.34652156319902,2639093877624.869,1.0240203645465236
2021-02-11,shrink,5631.271790006472,2852.0493951209746,0.002391855948336087,5.537689799783094e-06,30.71324451662094,,36.82362530231148,2630371870875.573,1.0431690032753353
2021-02-11,persistence,2982.2125975106946,2852.0493951209746,6.700415689496994e-06,5.537689799783094e-06,0.031804435595982825,,0.03632535857133962,786415060469.4604,2.0622114186854597
2021-02-19,D0_pca8,9243.681722215557,3088.395498392972,1.1225853914273912e-07,5.780248417591407e-06,37.07605083419755,,15.534544161862971,5576563127851672.0,3.3427074332413733
2021-02-19,rolling,9973.8007825472,3088.395498392972,0.001776469237595862,5.780248417591407e-06,4.79808475894556,,32.809253867273256,2408948787393.271,1.1735515960254579
2021-02-19,ewma,9915.425996157152,3088.395498392972,0.0006121770435703606,5.780248417591407e-06,3.4407412495478775,,21.739602792115512,2382461670877.0615,1.547038749544951
2021-02-19,ledoit_wolf,106.9683006650892,3088.395498392972,0.08441061861555423,5.780248417591407e-06,14.702059763509757,,91.94895268352664,2424045372491.6514,1.001363204356591
2021-02-19,oas,2412.4047153815745,3088.395498392972,0.006914695820730584,5.780248417591407e-06,6.265894935293895,,50.224965492242745,2420478408895.6655,1.0222877318282686
2021-02-19,shrink,7581.906437357382,3088.395498392972,0.0017764692376016108,5.780248417591407e-06,16.01600930782302,,32.809253867288675,2409653966786.81,1.0806322678750122
2021-02-19,persistence,2829.831462471228,3088.395498392972,6.481746715439542e-06,5.780248417591407e-06,0.04119926041596056,,0.013120178934470272,718236565914.3562,2.0281275240925405
2021-02-26,D0_pca8,9782.911769476552,3619.2239001602707,2.798893543406561e-07,5.465851914820987e-06,39.28627651323097,,8.83205600684715,960374903882504.2,3.702708233191514
2021-02-26,rolling,9971.422772329075,3619.2239001602707,0.0017769003864089902,5.465851914820987e-06,4.691707431397784,,33.45587749871473,2694962832639.0347,1.206363913213842
2021-02-26,ewma,9873.112467399416,3619.2239001602707,0.00045123832578602806,5.465851914820987e-06,3.0345036454524927,,19.478765659488925,2652374635234.875,1.6195973567544173
2021-02-26,ledoit_wolf,106.9436238209157,3619.2239001602707,0.08443088713721537,5.465851914820987e-06,15.441129470664245,,93.02927340556963,2710952372449.338,1.0016432589494637
2021-02-26,oas,2411.214908965095,3619.2239001602707,0.006918068589631538,5.465851914820987e-06,6.501922439706318,,51.02775961892243,2707178528858.0254,1.0276341966874043
2021-02-26,shrink,7580.100688970215,3619.2239001602707,0.0017769003864112095,5.465851914820987e-06,16.495590029249534,,33.455877498724114,2695707534429.496,1.09521166718881
2021-02-26,persistence,3474.866388544653,3619.2239001602707,5.985557871892137e-06,5.465851914820987e-06,0.08906311367873014,,0.00825000449656966,782119907920.571,2.1747209103169585
2021-03-05,D0_pca8,9781.612934413186,3621.6024436845773,2.9481386165887337e-07,5.2153399346879e-06,37.313349815114705,,8.25419892522201,852813018515535.5,2.62241645815669
2021-03-05,rolling,9970.49932890655,3621.6024436845773,0.0017770704327399768,5.2153399346879e-06,4.793795363127094,,34.00192548630362,2960920307102.047,1.214340224424759
2021-03-05,ewma,9832.273904803556,3621.6024436845773,0.0003325631686666626,5.2153399346879e-06,2.7948857174177113,,17.26589782494226,2896342890362.007,1.921587037041094
2021-03-05,ledoit_wolf,106.93404967905164,3621.6024436845773,0.08443887868154307,5.2153399346879e-06,15.832598093403817,,93.93832912200432,2977655168431.6934,1.001790032305353
2021-03-05,oas,2410.7529493782044,3621.6024436845773,0.006919389039901307,5.2153399346879e-06,6.743425399968546,,51.70297809262852,2973705553767.6123,1.023702782557116
2021-03-05,shrink,7579.398794481489,3621.6024436845773,0.001777070432744845,5.2153399346879e-06,16.82722770900613,,34.00192548631602,2961720367110.908,1.105994414608377
2021-03-05,persistence,3338.7786106770827,3621.6024436845773,4.956824102131561e-06,5.2153399346879e-06,0.09880043945849988,,0.0025846066344167138,969678650397.082,2.2951046998497904
2021-03-12,D0_pca8,9796.222569709533,3557.6044127056707,2.7462091829930306e-07,4.061379207772037e-06,36.899642179920804,,7.25700474660615,980439182237339.0,3.7971804277343897
2021-03-12,rolling,2693.6741282894236,3557.6044127056707,5.570232685554076e-06,4.061379207772037e-06,0.07197170605174194,,0.09980174314507434,2428008536480.1143,3.9517676907532127
2021-03-12,ewma,2764.1730822753343,3557.6044127056707,5.812092631916628e-06,4.061379207772037e-06,0.08843165478531091,,0.12846345353736818,2385158292567.9824,3.7997944796448038
2021-03-12,ledoit_wolf,68.13749343955817,3557.6044127056707,0.00015660135018874663,4.061379207772037e-06,0.03011650869035919,,13.338422720884916,4720726833178.902,2.321942206828632
2021-03-12,oas,100.96193381296291,3557.6044127056707,0.00011610531050940886,4.061379207772037e-06,0.026333213102875702,,11.242439798840417,4666479033022.877,2.589830073992432
2021-03-12,shrink,267.70779658372084,3557.6044127056707,4.0154862534521795e-05,4.061379207772037e-06,0.033716550353071986,,7.666038184110842,4649747995758.814,2.354582886592249
2021-03-12,persistence,2852.0493951214826,3557.6044127056707,5.537689799782123e-06,4.061379207772037e-06,0.1538681087512889,,0.09613393077344473,1409278563160.671,2.4813692337100157
2021-03-19,D0_pca8,9770.009617889,3345.618210864741,2.380077903102169e-07,3.3736023681794794e-06,34.246640438149676,,7.030076239223074,1261215355194481.0,2.9956920148401935
2021-03-19,rolling,2701.7304489867906,3345.618210864741,5.734748821004373e-06,3.3736023681794794e-06,0.19490579446773015,,0.281496783508789,3853347857088.454,3.832808262792136
2021-03-19,ewma,2895.4208703716517,3345.618210864741,5.660671863138488e-06,3.3736023681794794e-06,0.18538723243696648,,0.2678697445125874,3797644780092.6577,3.735615012462648
2021-03-19,ledoit_wolf,72.03535148411812,3345.618210864741,0.00015506196004650818,3.3736023681794794e-06,0.048927130498936974,,14.652384818437195,6889091027037.181,2.1973678252095388
2021-03-19,oas,101.7368879687223,3345.618210864741,0.00011901767065453394,3.3736023681794794e-06,0.07075996073282245,,12.697039625971291,6832264576219.628,2.4027744550183505
2021-03-19,shrink,286.74563746533903,3345.618210864741,3.8748136059161946e-05,3.3736023681794794e-06,0.07377025118166083,,8.668226218329485,6806085347579.156,2.1769616496308943
2021-03-19,persistence,3088.395498393435,3345.618210864741,5.780248417590535e-06,3.3736023681794794e-06,0.3077275846728801,,0.2899449996432166,2492794357956.7046,2.4030736240146466
2021-03-26,D0_pca8,9792.601386386727,2873.4278704792696,2.3486793034360373e-07,3.0427070421594802e-06,35.3562419524108,,6.56115717706802,1281739535410916.0,2.786424120162657
2021-03-26,rolling,2747.029706121882,2873.4278704792696,5.84143970838423e-06,3.0427070421594802e-06,0.243228449572374,,0.4254033739264836,5088556976404.326,4.135598330666725
2021-03-26,ewma,3334.763899849515,2873.4278704792696,5.542672118447765e-06,3.0427070421594802e-06,0.18633983586601807,,0.35967484286965445,4948449069964.809,4.257371764513835
2021-03-26,ledoit_wolf,80.82227879511908,2873.4278704792696,0.0001466083805609641,3.0427070421594802e-06,0.07124784855980923,,15.015757049300893,8485476858440.131,2.2956506408035127
2021-03-26,oas,106.15243044818433,2873.4278704792696,0.00011860756485958295,3.0427070421594802e-06,0.0952786091805342,,13.418099080755812,8434041952880.535,2.4706295645822545
2021-03-26,shrink,268.97595266291364,2873.4278704792696,4.281862415337986e-05,3.0427070421594802e-06,0.09123259183584073,,9.296737178218365,8406372114532.458,2.211737297201378
2021-03-26,persistence,3619.223900159901,2873.4278704792696,5.465851914821551e-06,3.0427070421594802e-06,0.26861120137654976,,0.3431291356730404,3225896549643.3145,2.0216913127851908
2021-04-05,D0_pca8,9829.049303461225,2600.7155412430125,3.019871262056865e-07,2.840408320940939e-06,35.31289394591657,,5.023496284287343,767824328528604.6,3.4937568380089257
2021-04-05,rolling,2725.8759968005515,2600.7155412430125,5.8020479958568655e-06,2.840408320940939e-06,0.24978279306909418,,0.5101715780755421,6065219844829.072,4.3442869681611445
2021-04-05,ewma,3094.439873345501,2600.7155412430125,5.129345321357911e-06,2.840408320940939e-06,0.17109579784774823,,0.34931653116950395,5722223765457.166,4.340100606343528
2021-04-05,ledoit_wolf,81.34656317068891,2600.7155412430125,0.00014403818189716314,2.840408320940939e-06,0.07322533932412534,,15.414498775737306,9752655793181.938,2.294059911917507
2021-04-05,oas,106.57684531824316,2600.7155412430125,0.0001166802187995046,2.840408320940939e-06,0.098439895287146,,13.804857468027905,9697193387209.34,2.458320233061156
2021-04-05,shrink,243.80780332874028,2600.7155412430125,4.6598102571536093e-05,2.840408320940939e-06,0.08577744816346247,,9.770652443995578,9671269901314.424,2.2419491888220735
2021-04-05,persistence,3621.60244368592,2600.7155412430125,5.2153399346859706e-06,2.840408320940939e-06,0.2525783883677997,,0.3692461706843295,3804779886303.006,2.1612168092221564
2021-04-12,D0_pca8,9605.270189956285,2833.295148485921,1.8406503675032436e-07,3.3812920650687728e-06,32.79322659858368,,8.4722844585938,2144461918586239.5,4.326402900591207
2021-04-12,rolling,2821.3845552382904,2833.295148485921,5.247168971766047e-06,3.3812920650687728e-06,0.0662336996288315,,0.19309932103059868,3800361102135.797,4.23966545427785
2021-04-12,ewma,2772.128565999041,2833.295148485921,4.318665385584832e-06,3.3812920650687728e-06,0.04759308684982702,,0.05987243638385932,3573676752745.868,4.334764666710944
2021-04-12,ledoit_wolf,85.3400053753151,2833.295148485921,0.00012889935877549575,3.3812920650687728e-06,0.015868625038709595,,13.255233448705923,6816671352501.014,2.218821872981878
2021-04-12,oas,113.27472647743622,2833.295148485921,0.00010326912926621423,3.3812920650687728e-06,0.017365938095640673,,11.690110068725714,6762027827483.207,2.4020527817701693
2021-04-12,shrink,256.5276261546701,2833.295148485921,4.1559396481324205e-05,3.3812920650687728e-06,0.012891214513618632,,8.029435316281484,6740265666099.309,2.170279103726095
2021-04-12,persistence,3557.604412706027,2833.295148485921,4.0613792077716346e-06,3.3812920650687728e-06,0.052384870620644265,,0.03358593873150454,2021386303323.6025,2.0202943671214535
2021-04-19,D0_pca8,9286.588492211265,3991.788269035705,1.0026933503309628e-07,4.506017670057995e-06,34.18091379446855,,14.48030333734015,6667820368184780.0,3.8203269127257022
2021-04-19,rolling,2660.3096290376416,3991.788269035705,4.57263719952314e-06,4.506017670057995e-06,0.0469435325759106,,0.00021539494137906443,2007739661685.2122,4.384993504372577
2021-04-19,ewma,2494.768411555855,3991.788269035705,3.6537171433009367e-06,4.506017670057995e-06,0.13171933293515733,,0.04396094987081266,2254699260163.54,4.525282016371517
2021-04-19,ledoit_wolf,86.88256257012604,3991.788269035705,0.00010598034572168736,4.506017670057995e-06,0.13668031158518315,,9.971951465148955,3748987463259.4556,2.103468490882896
2021-04-19,oas,102.84913147582589,3991.788269035705,9.280708165371071e-05,4.506017670057995e-06,0.12036175475203104,,9.151284299734154,3721052802694.4053,2.2223864894072434
2021-04-19,shrink,226.8163428317432,3991.788269035705,3.8597094936898725e-05,4.506017670057995e-06,0.1285460726869414,,5.569734001093808,3685858610799.3354,2.160252882397393
2021-04-19,persistence,3345.618210865723,3991.788269035705,3.3736023681784875e-06,4.506017670057995e-06,0.1041887215917914,,0.0837712088351097,2087444289581.805,1.8156015167661255
2021-04-26,D0_pca8,9731.40302544817,3541.281345210817,1.9098727281526211e-07,4.283733691291995e-06,37.20833270867401,,9.674392033004363,1999120333562038.0,3.8731430978636845
2021-04-26,rolling,2911.6197835604953,3541.281345210817,4.509014595252135e-06,4.283733691291995e-06,0.035281647187966406,,0.0026269353668731616,2190633425083.9656,3.6310981192045775
2021-04-26,ewma,3264.484474231828,3541.281345210817,3.668388143882748e-06,4.283733691291995e-06,0.11741360036331105,,0.024047505127666253,2346193034388.3105,3.636273864197752
2021-04-26,ledoit_wolf,112.93005648354462,3541.281345210817,9.121758503649378e-05,4.283733691291995e-06,0.11056881960412754,,9.35394811086846,4124221577709.485,2.303546088565949
2021-04-26,oas,129.08571707508474,3541.281345210817,8.184317952064876e-05,4.283733691291995e-06,0.09984968922165814,,8.702380602250798,4096899564041.568,2.3866238334300944
2021-04-26,shrink,239.0355499728026,3541.281345210817,3.9401826378901985e-05,4.283733691291995e-06,0.11698438426058552,,5.887718124894979,4090788060859.1973,2.2119671915942
2021-04-26,persistence,2873.427870479157,3541.281345210817,3.0427070421596035e-06,4.283733691291995e-06,0.12654028518552773,,0.11701687801256658,2661947512888.5703,1.842632686472454
2021-05-03,D0_pca8,9180.738015318966,3933.543007139462,6.850471630981305e-08,4.210314318325556e-06,36.27606031413735,,16.961017827895553,1.3558086127976138e+16,4.130487596385078
2021-05-03,rolling,2916.288846595899,3933.543007139462,4.404529528024683e-06,4.210314318325556e-06,0.02502077343933804,,0.0020336613277028197,2233972464540.3706,3.9490147772509934
2021-05-03,ewma,2739.4501242903484,3933.543007139462,3.496432596403135e-06,4.210314318325556e-06,0.086499413389033,,0.03451943489429245,2448433061054.7305,3.8530549131272984
2021-05-03,ledoit_wolf,109.74182992015858,3933.543007139462,9.12797960167808e-05,4.210314318325556e-06,0.07664676401042612,,9.464187365136784,4271571626619.2,2.2144358004225753
2021-05-03,oas,130.4027522652226,3933.543007139462,7.93861905455858e-05,4.210314318325556e-06,0.06595269012348101,,8.624717300527474,4234886870738.4053,2.321227520722267
2021-05-03,shrink,277.7348808534383,3933.543007139462,3.317436287453074e-05,4.210314318325556e-06,0.08554021776076781,,5.614158670524777,4225254678525.5107,2.19490869786386
2021-05-03,persistence,2600.715541243253,3933.543007139462,2.8404083209406738e-06,4.210314318325556e-06,0.1170040984319161,,0.15491259491244594,3176499606085.4385,1.6478217883921318
2021-05-10,D0_pca8,9606.22017325091,3470.9169597054324,1.5417693870997085e-07,4.256658927982234e-06,35.71613487635295,,11.010004586267142,3022185037980092.0,3.7317311838989506
2021-05-10,rolling,2648.1611674936235,3470.9169597054324,4.0818701039119024e-06,4.256658927982234e-06,0.034642060545980916,,0.0017580671290381498,2269752340496.1206,4.097992449404136
2021-05-10,ewma,2513.191127234163,3470.9169597054324,3.594671236427605e-06,4.256658927982234e-06,0.07637912259186964,,0.028571811389862478,2365983289473.4023,3.8729963066404114
2021-05-10,ledoit_wolf,87.66374150778256,3470.9169597054324,9.362463730156913e-05,4.256658927982234e-06,0.14714791844554972,,9.553098916231999,4181879384709.381,2.0732526535916747
2021-05-10,oas,103.09838164376065,3470.9169597054324,8.238606486650257e-05,4.256658927982234e-06,0.12865285593267303,,8.778963196759207,4149664038747.7383,2.1779216600032556
2021-05-10,shrink,233.6051946378451,3470.9169597054324,3.333995232301406e-05,4.256658927982234e-06,0.14546494726694154,,5.252740814463698,4111580866835.9956,2.118215981860564
2021-05-10,persistence,2833.295148486784,3470.9169597054324,3.3812920650677466e-06,4.256658927982234e-06,0.07064992587221335,,0.053004286573991345,2084077360043.233,1.6243017025050146
2021-05-17,D0_pca8,9662.477038149083,2643.883499952905,1.7550414554524747e-07,3.0366013974606955e-06,33.711461897306826,,8.127209880902287,2303253219622739.0,4.140378641697789
2021-05-17,rolling,3117.287756225145,2643.883499952905,4.242974308199456e-06,3.0366013974606955e-06,0.05378450416861241,,0.11190730265361108,4541798994327.1,3.6904915600957136
2021-05-17,ewma,3913.242309338288,2643.883499952905,4.476923543365695e-06,3.0366013974606955e-06,0.08245521086053648,,0.1506969627062738,4447680729154.401,3.4567548115203386
2021-05-17,ledoit_wolf,127.08544117190056,2643.883499952905,8.242471439564822e-05,3.0366013974606955e-06,0.04737470676894143,,10.897565428791186,8330963319833.567,2.1779075119707785
2021-05-17,oas,148.88172283609083,2643.883499952905,7.239120980089934e-05,3.0366013974606955e-06,0.04492663906326308,,10.05743314460496,8278862848184.343,2.2805933533958846
2021-05-17,shrink,327.4191777406343,2643.883499952905,2.9053192969858057e-05,3.0366013974606955e-06,0.042472602844786544,,6.912095990023708,8278430567012.221,2.0779623876561195
2021-05-17,persistence,3991.788269034608,2643.883499952905,4.506017670059239e-06,3.0366013974606955e-06,0.13309857135885625,,0.1557681404416399,2773961011459.542,1.8642769788481097
2021-05-24,D0_pca8,9450.106343118794,3711.496354173362,1.361209256084259e-07,3.518974756902304e-06,30.757499839525202,,10.57793827611311,3846685777426470.5,4.008579214425275
2021-05-24,rolling,3248.0895216568565,3711.496354173362,3.977712734033727e-06,3.518974756902304e-06,0.029492991897811016,,0.015015376765891686,3289476419154.3477,3.4500260720924674
2021-05-24,ewma,3569.1369317050576,3711.496354173362,4.095071694231158e-06,3.518974756902304e-06,0.017857074976543284,,0.022986956604682477,3133333452391.077,3.280946017480547
2021-05-24,ledoit_wolf,150.32915081496307,3711.496354173362,6.96413815908687e-05,3.518974756902304e-06,0.06381391038296777,,8.911353359684737,6092024431400.846,2.2904079491262244
2021-05-24,oas,158.38489714906035,3711.496354173362,6.668660517275488e-05,3.518974756902304e-06,0.06142192505093062,,8.654388205154323,6075493521107.939,2.3217696258047527
2021-05-24,shrink,361.2872619318041,3711.496354173362,2.575920644302219e-05,3.518974756902304e-06,0.08246296252528469,,5.596298677519199,6067484409126.897,2.1594347757549484
2021-05-24,persistence,3541.2813452107885,3711.496354173362,4.28373369129203e-06,3.518974756902304e-06,0.0866880460054713,,0.03867328790939271,1867305651462.4482,2.03814928813049
2021-06-01,D0_pca8,9438.561035896346,3469.7083446839024,1.663825851186874e-07,3.3649759311183394e-06,29.68275235779638,,9.041330402134005,2586190067615139.5,4.885438030825416
2021-06-01,rolling,3184.315350698502,3469.7083446839024,3.6788977380649095e-06,3.3649759311183394e-06,0.03531262084969902,,0.007955274210024154,3595466436824.5356,3.3945772352973633
2021-06-01,ewma,3374.8810341333424,3469.7083446839024,3.5598551063815633e-06,3.3649759311183394e-06,0.0281763870892954,,0.003169579310084435,3441422947281.535,3.2180188061685677
2021-06-01,ledoit_wolf,134.78560369190276,3469.7083446839024,6.931409382742026e-05,3.3649759311183394e-06,0.09762549043378585,,9.151999409180895,6678980350515.386,2.1757271524357793
2021-06-01,oas,149.75491084351106,3469.7083446839024,6.356885426827434e-05,3.3649759311183394e-06,0.09047191116900481,,8.635972652861112,6643575157909.529,2.2289657401231877
2021-06-01,shrink,343.99356177826894,3469.7083446839024,2.4500890502332175e-05,3.3649759311183394e-06,0.11200581689435665,,5.449642874218819,6626560329217.878,2.171718453746861
2021-06-01,persistence,3933.5430071391215,3469.7083446839024,4.210314318325917e-06,3.3649759311183394e-06,0.050147153306750535,,0.05022817635558052,2093956575594.0698,2.057263412938308
2021-06-08,D0_pca8,9542.488587269661,4748.592998725261,1.344567524311886e-07,2.8383777967620583e-06,29.396761281468333,,9.300903579962272,3853538691720566.0,4.4793234920612255
2021-06-08,rolling,2661.8855565425483,4748.592998725261,3.668260017746291e-06,2.8383777967620583e-06,0.12808520103841792,,0.06578438577862288,5139474694707.709,3.4465823203045316
2021-06-08,ewma,2484.7590270724772,4748.592998725261,4.048871870909157e-06,2.8383777967620583e-06,0.2948485662700113,,0.12617094434409634,5037770934659.33,3.140220487376769
2021-06-08,ledoit_wolf,81.26862407714533,4748.592998725261,8.952523062797475e-05,2.8383777967620583e-06,0.06255835897777265,,11.911385133016639,9599048093347.816,1.9653561794125638
2021-06-08,oas,98.76469661295715,4748.592998725261,7.693247936386513e-05,2.8383777967620583e-06,0.06503600187486698,,10.887987857307461,9537970265473.48,2.067001884805173
2021-06-08,shrink,275.00508045598195,4748.592998725261,2.5612895842532698e-05,2.8383777967620583e-06,0.07445208317264951,,5.827951748907337,9374333104354.27,2.177422394786694
2021-06-08,persistence,3470.9169597047257,4748.592998725261,4.256658927983101e-06,2.8383777967620583e-06,0.30410333664268496,,0.16422898518812473,3197652856494.067,2.0667102583271766
2021-06-15,D0_pca8,9558.543288245402,5140.867918851089,1.4994843910802036e-07,3.0790512056126143e-06,31.37037318702296,,9.13296111051178,3145289902380027.5,4.502667669821676
2021-06-15,rolling,2692.6854915959675,5140.867918851089,3.48597090493194e-06,3.0790512056126143e-06,0.1063013224144275,,0.015407031385637255,4322613130760.702,3.483927217975908
2021-06-15,ewma,2540.8821244403657,5140.867918851089,3.4708631426160598e-06,3.0790512056126143e-06,0.1566697047084796,,0.014347672719218088,4113985783456.3896,3.1376868600003487
2021-06-15,ledoit_wolf,78.42575659620606,5140.867918851089,8.815127208305627e-05,3.0790512056126143e-06,0.08165574510889034,,11.252217576829171,8117655807557.278,1.9071129802127518
2021-06-15,oas,99.73051095315195,5140.867918851089,7.320562947090228e-05,3.0790512056126143e-06,0.07724255677565572,,10.040346072469351,8046810832803.747,2.025713219021673
2021-06-15,shrink,261.4749867811368,5140.867918851089,2.5863806063228642e-05,3.0790512056126143e-06,0.08545602608053086,,5.199145016139243,7895925247027.088,2.0453670517828617
2021-06-15,persistence,2643.8834999511823,5140.867918851089,3.036601397462671e-06,3.0790512056126143e-06,0.16412738801294738,,0.00019272564403878466,2802127961362.7905,1.6070273591581594
2021-06-22,D0_pca8,9503.349821450318,5487.104894405265,1.289565290535647e-07,3.106084289784751e-06,28.785271680704717,,10.122803468598187,4194278368723001.0,3.1108548328968912
2021-06-22,rolling,3183.3328752661073,5487.104894405265,3.7160487302805886e-06,3.106084289784751e-06,0.1347642940204942,,0.03214777982200528,4142468079670.394,3.2033051020179437
2021-06-22,ewma,3847.4571112985236,5487.104894405265,3.8548952978299105e-06,3.106084289784751e-06,0.11183874039383304,,0.046647758635344844,3972901918103.176,3.1400967955421417
2021-06-22,ledoit_wolf,121.60448718959522,5487.104894405265,7.604910050377924e-05,3.106084289784751e-06,0.0754645319366482,,10.227306464515928,7915507124423.039,2.1710515522888207
2021-06-22,oas,146.621162421543,5487.104894405265,6.532811654564187e-05,3.106084289784751e-06,0.07901613831339865,,9.278477562832865,7850220046840.049,2.2564374945577965
2021-06-22,shrink,301.8503033947631,5487.104894405265,2.8109457253433e-05,3.106084289784751e-06,0.08528567972690383,,5.727282490347309,7797159493702.669,2.1671956018896714
2021-06-22,persistence,3711.4963541738357,5487.104894405265,3.518974756901853e-06,3.106084289784751e-06,0.16941834457320076,,0.015576733601679413,2389860828918.924,2.060692189413648
2021-06-29,D0_pca8,9718.984055546349,5645.761858948218,1.7738550762381288e-07,2.9220468654187813e-06,30.070360540053667,,7.849573110414845,2249811326332135.5,3.953515164753366
2021-06-29,rolling,3242.9944893514767,5645.761858948218,3.777792780249417e-06,2.9220468654187813e-06,0.21917328108685244,,0.06597474221796731,4692105687721.799,3.3496850798547766
2021-06-29,ewma,3670.3672670072224,5645.761858948218,3.571810850220609e-06,2.9220468654187813e-06,0.19663567247319233,,0.04031593895717526,4494010499751.404,3.287030317487804
2021-06-29,ledoit_wolf,127.87173704458041,5645.761858948218,7.536807705669927e-05,2.9220468654187813e-06,0.11500322665111525,,10.563144310483864,8970027570163.064,2.1114008219948466
2021-06-29,oas,152.0312048855488,5645.761858948218,6.544311812869388e-05,2.9220468654187813e-06,0.12403782045775864,,9.665238447929712,8904843979096.281,2.190367089051002
2021-06-29,shrink,351.17760026847697,5645.761858948218,2.501556100426774e-05,2.9220468654187813e-06,0.14496383832685156,,5.926438826945184,8843338391490.283,2.1086233641318572
2021-06-29,persistence,3469.7083446839415,5645.761858948218,3.364975931118304e-06,2.9220468654187813e-06,0.26109090225780524,,0.019919487157749632,2656479072376.2715,2.0464573404882187
2021-07-07,D0_pca8,9659.674245448718,4954.687996092736,1.431907050658911e-07,3.2901709898512626e-06,33.61352310431905,,9.825157902729703,3369169111894609.0,3.4129298761768965
2021-07-07,rolling,3139.7118655404615,4954.687996092736,3.5783098414523526e-06,3.2901709898512626e-06,0.0380117634010035,,0.007047773273224284,3633037004626.4297,3.787825807245343
2021-07-07,ewma,3823.5678348006395,4954.687996092736,3.091429170010918e-06,3.2901709898512626e-06,0.019386787136286873,,0.003882039871212919,3668538227624.7666,3.781042463229459
2021-07-07,ledoit_wolf,110.28112736789022,4954.687996092736,7.829007347072519e-05,3.2901709898512626e-06,0.04886615995131485,,10.045609759750025,7035918059212.451,2.097038362564407
2021-07-07,oas,140.84402405285,4954.687996092736,6.431790905037565e-05,3.2901709898512626e-06,0.040413452415618105,,8.838124250907317,6956005529251.432,2.236083128942448
2021-07-07,shrink,362.52143416503014,4954.687996092736,2.226477657368519e-05,3.2901709898512626e-06,0.05669681747328472,,5.078746358543923,6875535452242.382,2.1345868775141312
2021-07-07,persistence,4748.59299872793,4954.687996092736,2.838377796760463e-06,3.2901709898512626e-06,0.01873316761039174,,0.021817297878116586,2898352095882.9893,2.0349268124173787
2021-07-14,D0_pca8,9613.704486425242,4487.100376215382,1.6432353181245632e-07,3.3654845360420857e-06,30.71930473837768,,9.117284814343446,2602772711390090.0,4.072435955211569
2021-07-14,rolling,3443.325867309897,4487.100376215382,3.5502518357932023e-06,3.3654845360420857e-06,0.016258251481806214,,0.0028565368663069006,3463653281011.9277,3.872863728190051
2021-07-14,ewma,4125.472670415478,4487.100376215382,2.9913470169595066e-06,3.3654845360420857e-06,0.05161297521637216,,0.013888178244049643,3605804677576.8867,3.8340741371253473
2021-07-14,ledoit_wolf,144.33059967271922,4487.100376215382,6.740702691222386e-05,3.3654845360420857e-06,0.05755987817356127,,8.983070217685622,6651714585076.533,2.257799001670494
2021-07-14,oas,178.4483936761494,4487.100376215382,5.6553020077694395e-05,3.3654845360420857e-06,0.047112743066403465,,7.961462572203064,6572462326931.411,2.3740602981773913
2021-07-14,shrink,440.5173298602958,4487.100376215382,1.988858723555376e-05,3.3654845360420857e-06,0.060244468012704125,,4.622002984003461,6529980603066.215,2.1927012254298637
2021-07-14,persistence,5140.867918849168,4487.100376215382,3.079051205613764e-06,3.3654845360420857e-06,0.0379863180155312,,0.007912176963145062,2473858558365.26,1.9776539288412036
2021-07-21,D0_pca8,9717.370182462311,3521.5878266291097,1.9749907703575088e-07,2.784196964660729e-06,32.714474009883496,,7.001189799729997,1827065991716841.8,4.4125664425763444
2021-07-21,rolling,3933.369279960026,3521.5878266291097,3.5802076292840327e-06,2.784196964660729e-06,0.04253263002160062,,0.06323274874016546,5147295171718.584,4.005324641225501
2021-07-21,ewma,5061.493908532682,3521.5878266291097,3.402859981228918e-06,2.784196964660729e-06,0.09473708728814859,,0.040263109215028646,4935802240233.846,3.8359040196905823
2021-07-21,ledoit_wolf,214.09904877094428,3521.5878266291097,5.467951375380894e-05,2.784196964660729e-06,0.0590319808485686,,8.865680670341863,9720452802621.14,2.3627560537581775
2021-07-21,oas,253.00764252067842,3521.5878266291097,4.7376744780429666e-05,2.784196964660729e-06,0.0550142836826076,,8.032529026858539,9626555764794.27,2.4582077952985664
2021-07-21,shrink,582.8792503813937,3521.5878266291097,1.7264832367028912e-05,2.784196964660729e-06,0.06515543012791206,,5.037616344486365,9647706160360.121,2.13248730863722
2021-07-21,persistence,5487.104894404739,3521.5878266291097,3.1060842897850465e-06,2.784196964660729e-06,0.09710218579372196,,0.01196908994899985,2995788513799.045,1.607009984278665
2021-07-28,D0_pca8,9504.73060167156,3138.8915256281425,1.51220307054341e-07,3.4657694566554393e-06,32.38979158224749,,9.809084916514502,3020884814867503.5,3.451071819210898
2021-07-28,rolling,3943.6088655860153,3138.8915256281425,3.138367807516511e-06,3.4657694566554393e-06,0.20845215622273044,,0.00984694716434085,3349352757562.6357,3.4607975961591713
2021-07-28,ewma,5002.271606109034,3138.8915256281425,3.0564448289556345e-06,3.4657694566554393e-06,0.38910688885992123,,0.015796019126082805,3277848414418.8633,3.3613103449149615
2021-07-28,ledoit_wolf,220.55435773232566,3138.8915256281425,4.681602462416764e-05,3.4657694566554393e-06,0.33511289226442276,,6.777122001347787,6069065219508.758,2.211807330133616
2021-07-28,oas,248.7581524712241,3138.8915256281425,4.221735978712756e-05,3.4657694566554393e-06,0.32212610226299576,,6.249482848520836,6008203094011.721,2.2758868953767357
2021-07-28,shrink,636.7385796066417,3138.8915256281425,1.390862080896373e-05,3.4657694566554393e-06,0.35106643677694793,,2.871244392679463,5953651901414.682,2.040292328650876
2021-07-28,persistence,5645.761858948892,3138.8915256281425,2.9220468654184336e-06,3.4657694566554393e-06,0.42564450858174363,,0.029121513864914756,2601493349847.9277,1.3999981029130684
2021-08-04,D0_pca8,9663.279194290972,3490.559478821008,1.8503617529646102e-07,3.2915473361785494e-06,32.71970823430921,,8.286088096591921,2025325608494044.0,3.470585061469155
2021-08-04,rolling,3843.477266179923,3490.559478821008,3.1132361646259125e-06,3.2915473361785494e-06,0.1307269341629666,,0.003101932933784143,3690967299843.747,3.150165353501828
2021-08-04,ewma,4083.114236288213,3490.559478821008,3.040725817262639e-06,3.2915473361785494e-06,0.10461552885767418,,0.006282385620406304,3583030431807.325,2.9514103508225045
2021-08-04,ledoit_wolf,198.32792702405797,3490.559478821008,4.972826687934677e-05,3.2915473361785494e-06,0.2399188162630709,,7.3723950412060955,6804213285437.736,2.0539495353075887
2021-08-04,oas,231.33398621227965,3490.559478821008,4.361967652516622e-05,3.2915473361785494e-06,0.22522856196305102,,6.677832746916482,6726278736766.809,2.1308446093128164
2021-08-04,shrink,690.7204722389702,3490.559478821008,1.2384865862375284e-05,3.2915473361785494e-06,0.255251855381736,,2.6796974203734294,6603206920337.038,1.843961699620208
2021-08-04,persistence,4954.687996091674,3490.559478821008,3.290170989851968e-06,3.2915473361785494e-06,0.06809754935381448,,1.7491884932655475e-07,2180286006476.146,1.3664802811003562
2021-08-11,D0_pca8,9632.40062113536,3262.7526233184726,1.2460365478555809e-07,3.074288949605172e-06,35.99575144877893,,10.276405287780848,4410950267940275.0,3.585939491228024
2021-08-11,rolling,3899.2335607298446,3262.7526233184726,3.270455993765344e-06,3.074288949605172e-06,0.0836561814997416,,0.003826135625689884,4225188814100.0327,2.971980941243438
2021-08-11,ewma,3984.615617047395,3262.7526233184726,3.2398973121061863e-06,3.074288949605172e-06,0.0558582409324553,,0.002752888952788009,4032357358978.504,2.7678093686293836
2021-08-11,ledoit_wolf,214.09722440093944,3262.7526233184726,4.9575340269846824e-05,3.074288949605172e-06,0.16010812008393605,,7.730733120895136,7855179536716.094,2.0949319756442524
2021-08-11,oas,239.98785249609426,3262.7526233184726,4.4957028343946544e-05,3.074288949605172e-06,0.15193089243306984,,7.196520704365497,7794057749086.75,2.1457249316129574
2021-08-11,shrink,1181.0415606760466,3262.7526233184726,7.721521678981151e-06,3.074288949605172e-06,0.17098090550801115,,2.4753520395510202,7598838214463.597,1.8392345017211658
2021-08-11,persistence,4487.100376216758,3262.7526233184726,3.3654845360410557e-06,3.074288949605172e-06,0.04722406154215055,,0.00818993847440966,2381412009942.459,1.3608686197519424
2021-08-18,D0_pca8,9748.302285771597,3311.8932986592176,2.038790761976191e-07,3.1655993313047163e-06,35.35519210285774,,7.5216684591782705,1735795523485934.2,3.622557652394083
2021-08-18,rolling,4372.680345837948,3311.8932986592176,2.9624632818155717e-06,3.1655993313047163e-06,0.2577963442283037,,0.004398510341030034,4065323237138.826,2.9855350158744782
2021-08-18,ewma,4157.088699112096,3311.8932986592176,2.9834631765988626e-06,3.1655993313047163e-06,0.11843813043197397,,0.003511464936932126,3811029848169.791,2.736467241703558
2021-08-18,ledoit_wolf,332.0926912241536,3311.8932986592176,3.386883032873441e-05,3.1655993313047163e-06,0.3560331748314408,,5.617622616679047,7112613566103.622,2.0952067371161864
2021-08-18,oas,320.83267845412644,3311.8932986592176,3.491798500492661e-05,3.1655993313047163e-06,0.35900494070605155,,5.763165262008616,7136952942250.234,2.080185753109704
2021-08-18,shrink,2043.6883995468324,3311.8932986592176,4.522054563159853e-06,3.1655993313047163e-06,0.44574135801895826,,1.642296286977092,6984169856469.369,1.7421332860830003
2021-08-18,persistence,3521.5878266297345,3311.8932986592176,2.784196964660238e-06,3.1655993313047163e-06,0.037258211106883134,,0.016482160746417684,2787123477748.0186,1.430102699536469
2021-08-25,D0_pca8,9548.649149914456,4440.131082646099,1.195256983010869e-07,3.0506219800335317e-06,33.42795308469938,,10.494757684239982,4777808834284514.0,4.484197580605649
2021-08-25,rolling,4322.395916035191,4440.131082646099,3.1576097616175025e-06,3.0506219800335317e-06,0.04328689772247207,,0.001188169043265689,4260548854364.129,2.781110610200688
2021-08-25,ewma,3872.81898376266,4440.131082646099,3.22395466035421e-06,3.0506219800335317e-06,0.026227934630705822,,0.0030540263636477947,3967418294591.83,2.5366423783244696
2021-08-25,ledoit_wolf,330.15604623189046,4440.131082646099,3.592048859635169e-05,3.0506219800335317e-06,0.09318394363670793,,6.080968822262901,7746913678967.256,2.087255445024209
2021-08-25,oas,314.16328034066584,4440.131082646099,3.753261041055093e-05,3.0506219800335317e-06,0.09558927940426805,,6.299419141558675,7781426215400.789,2.0662318879875006
2021-08-25,shrink,3088.9505028714966,4440.131082646099,3.157609761619748e-06,3.0506219800335317e-06,0.14455440048769688,,0.9222715713930374,7372492860138.012,1.6800614093978223
2021-08-25,persistence,3138.8915256273763,4440.131082646099,3.4657694566562876e-06,3.0506219800335317e-06,0.12171820493851618,,0.016278987734171902,2457538097390.13,1.436202467870091
2021-09-01,D0_pca8,9598.880062767417,4353.611118863299,1.5868461832686923e-07,3.245546524742071e-06,31.759436273638926,,9.109014181212192,2817839510751813.0,3.7591482725245013
2021-09-01,rolling,4001.77496943726,4353.611118863299,3.0358523539616834e-06,3.245546524742071e-06,0.08674478688453821,,0.004461105631017533,3782569996604.4517,2.0783276526130674
2021-09-01,ewma,3681.0898081170467,4353.611118863299,3.218628887414668e-06,3.245546524742071e-06,0.029611646219300004,,6.936052183762178e-05,3425751060791.51,1.9196200660906906
2021-09-01,ledoit_wolf,270.35302555445264,4353.611118863299,3.849251074009471e-05,3.245546524742071e-06,0.14873018925444814,,6.116617618080658,6836662737050.656,1.6397045885364927
2021-09-01,oas,254.94175350230535,4353.611118863299,4.0511114229140285e-05,3.245546524742071e-06,0.1524017968370792,,6.372051726416904,6872350241929.467,1.6252063750861847
2021-09-01,shrink,2871.0048975535587,4353.611118863299,3.035852353963046e-06,3.245546524742071e-06,0.17837965311523507,,0.04720906863880782,5990051436112.41,1.2709472838918594
2021-09-01,persistence,3490.5594788214194,4353.611118863299,3.2915473361781606e-06,3.245546524742071e-06,0.07474590385520676,,0.00019807770999297268,2334681241450.382,1.386400164352131
2021-09-09,D0_pca8,9472.338414615973,4456.161506329451,1.3716418859741018e-07,3.3887358196541698e-06,31.792340153433024,,10.285019328897267,3773885353667593.5,3.776970141453227
2021-09-09,rolling,3903.7685260636194,4456.161506329451,3.030011772109612e-06,3.3887358196541698e-06,0.09180489300760938,,0.012519461086558641,3523635382135.616,1.5690950267647765
2021-09-09,ewma,3311.5502485319766,4456.161506329451,3.0156937924659885e-06,3.3887358196541698e-06,0.05384309888264176,,0.013601853277555545,3309157718626.348,1.5933709957163207
2021-09-09,ledoit_wolf,253.62817991879172,4456.161506329451,3.974631354860181e-05,3.3887358196541698e-06,0.16784770884048852,,6.061738895356816,6261025125931.245,1.4026471051824212
2021-09-09,oas,240.61568166548727,4456.161506329451,4.1602479151539123e-05,3.3887358196541698e-06,0.17176556134788604,,6.2885720899875945,6290671830526.995,1.3972934758391307
2021-09-09,shrink,2804.1510322502586,4456.161506329451,3.030011772110554e-06,3.3887358196541698e-06,0.19892326357087745,,0.012519461086521952,5199033065569.699,1.1145208029540408
2021-09-09,persistence,3262.752623318081,4456.161506329451,3.07428894960554e-06,3.3887358196541698e-06,0.05626514530103829,,0.009483500980711827,2486585816801.533,1.452804606693776
2021-09-16,D0_pca8,9749.822416543166,4089.7789713070783,2.0816428192019515e-07,3.2636571918455125e-06,35.6971179984687,,7.574998966727895,1649347807692984.2,3.636995392620188
2021-09-16,rolling,3826.1081640484003,4089.7789713070783,3.154828524932812e-06,3.2636571918455125e-06,0.057735230227753585,,0.0011501763362152064,3625647136930.883,1.3694655643571172
2021-09-16,ewma,3440.9201298788403,4089.7789713070783,3.03715331003084e-06,3.2636571918455125e-06,0.02976484631309237,,0.005173596356339329,3421296974163.6074,1.3849038903399784
2021-09-16,ledoit_wolf,248.09200160357742,4089.7789713070783,4.145475484074407e-05,3.2636571918455125e-06,0.12113850489953311,,6.460512892362074,6804668098716.646,1.296406412370437
2021-09-16,oas,228.16821966420383,4089.7789713070783,4.456643775017144e-05,3.2636571918455125e-06,0.12662822319430217,,6.833688049899925,6851915909425.827,1.2922737208091915
2021-09-16,shrink,2751.5935096374396,4089.7789713070783,3.154828524933359e-06,3.2636571918455125e-06,0.14908027399399992,,0.0011501763362098808,5500821861531.818,1.0165889409904576
2021-09-16,persistence,3311.8932986577015,4089.7789713070783,3.1655993313061635e-06,3.2636571918455125e-06,0.04605465166828116,,0.0009306157453194261,2406298542618.2583,1.3765039028491948
2021-09-23,D0_pca8,9792.10505989347,3040.828073455366,2.2353593929965994e-07,2.7667586361477825e-06,34.841616085134795,,6.3295285500556995,1392566938364343.8,3.2665426239248943
2021-09-23,rolling,3737.7566118734903,3040.828073455366,3.2144446547065725e-06,2.7667586361477825e-06,0.05822814341375596,,0.02249342722875101,4925843587301.56,1.415028566983731
2021-09-23,ewma,3751.4327240850625,3040.828073455366,3.1600368844088173e-06,2.7667586361477825e-06,0.04011613886293784,,0.01766432042722175,4658011418909.362,1.4074177379420685
2021-09-23,ledoit_wolf,221.6602042758581,3040.828073455366,4.5630738736081566e-05,2.7667586361477825e-06,0.10974895143680677,,7.856275191327455,9708703846254.324,1.3192741773394745
2021-09-23,oas,213.02771398243993,3040.828073455366,4.721011637250787e-05,2.7667586361477825e-06,0.1119788484957605,,8.048179721422615,9733608117805.09,1.3166310486248118
2021-09-23,shrink,2689.073771945575,3040.828073455366,3.2144446547073963e-06,2.7667586361477825e-06,0.12014645080475761,,0.02249342722877659,7797765463460.539,1.0167842536511715
2021-09-23,persistence,4440.131082648604,3040.828073455366,3.050621980031811e-06,2.7667586361477825e-06,0.0534634874957363,,0.009539232880130795,2975562873152.967,1.4459010434837163
2021-09-30,D0_pca8,9570.587050684842,2325.82544522584,1.2975281950608574e-07,2.5025244985558615e-06,33.10084125106478,,8.758147448869693,4015986448129135.0,4.016375509196878
2021-09-30,rolling,3522.8593732260388,2325.82544522584,3.0729711261304885e-06,2.5025244985558615e-06,0.07618958771309324,,0.04216648325084803,6116739414712.424,1.4406767752822007
2021-09-30,ewma,4051.9969702683793,2325.82544522584,3.10213402478103e-06,2.5025244985558615e-06,0.09654326794862708,,0.046134817436529106,5850823049073.831,1.418781756722693
2021-09-30,ledoit_wolf,187.73232742885216,2325.82544522584,4.7797013709562934e-05,2.5025244985558615e-06,0.11922382337455328,,8.700510411792328,12005578731544.018,1.3296407575852505
2021-09-30,oas,182.0295590270271,2325.82544522584,4.9057423511649186e-05,2.5025244985558615e-06,0.12082731094373438,,8.854737637829619,12025920697795.852,1.3276402979597584
2021-09-30,shrink,2542.7040095848815,2325.82544522584,3.072971126131359e-06,2.5025244985558615e-06,0.11596039253714123,,0.04216648325088684,9610164019506.234,1.0165487473368267
2021-09-30,persistence,4353.611118862237,2325.82544522584,3.2455465247428643e-06,2.5025244985558615e-06,0.11298231024995611,,0.06759149476734964,3694377624278.5537,1.4039543605680065
2021-10-07,D0_pca8,9641.541533899146,2455.484659768808,1.878057223527064e-07,2.7129487078929456e-06,34.52980174358381,,7.13092087195686,1991182471299766.2,3.857486345975472
2021-10-07,rolling,3394.2600089392267,2455.484659768808,3.268190702738083e-06,2.7129487078929456e-06,0.06745950014134024,,0.03467056653892968,5225235872657.963,1.4314721132594388
2021-10-07,ewma,3755.2658491255343,2455.484659768808,3.3854725642078187e-06,2.7129487078929456e-06,0.0959506525929529,,0.04904333631056105,5040861643731.99,1.405809684360252
2021-10-07,ledoit_wolf,160.33997273025116,2455.484659768808,5.6244909046540055e-05,2.7129487078929456e-06,0.12298549267920034,,9.191077879643982,10270025926197.727,1.32411058468267
2021-10-07,oas,166.62034619386262,2455.484659768808,5.4474854752444083e-05,2.7129487078929456e-06,0.1205688073380166,,8.998216509256146,10249794771242.219,1.3268759604832925
2021-10-07,shrink,2448.2699140147574,2455.484659768808,3.2681907027388074e-06,2.7129487078929456e-06,0.11448622925813097,,0.034670566538963686,8152721089650.971,1.01630549682939
2021-10-07,persistence,4456.1615063283625,2455.484659768808,3.388735819655e-06,2.7129487078929456e-06,0.11537333554739673,,0.04947098394897755,3164464124883.8877,1.3619412170425917
2021-10-14,D0_pca8,9670.973065470234,2619.013284478702,1.3442394825567897e-07,3.0575495044526433e-06,38.150168445410735,,9.761646329560856,3862832581980207.0,3.818165166322589
2021-10-14,rolling,3460.5310599643967,2619.013284478702,3.1650972110169247e-06,3.0575495044526433e-06,0.1056591493796765,,0.0011950834335834903,4100032563914.8203,1.4150963310046163
2021-10-14,ewma,3289.4349749490043,2619.013284478702,3.0198718060951863e-06,3.0575495044526433e-06,0.1027036347378018,,0.0001537449554060244,3956088734294.792,1.3788620005204837
2021-10-14,ledoit_wolf,168.89270821080427,2619.013284478702,5.300690270344531e-05,3.0575495044526433e-06,0.2069816799875625,,8.138513809875953,7977695732451.258,1.3271805785522113
2021-10-14,oas,175.77752514803817,2619.013284478702,5.126396627981424e-05,3.0575495044526433e-06,0.20311884603027627,,7.9488697886188415,7958038268424.111,1.3296505576116664
2021-10-14,shrink,2498.605089337168,2619.013284478702,3.165097211017415e-06,3.0575495044526433e-06,0.19129017798142567,,0.0011950834335885503,6291752007307.79,1.0172481385242713
2021-10-14,persistence,4089.7789713062534,2619.013284478702,3.2636571918461736e-06,3.0575495044526433e-06,0.09320138279599299,,0.004255553601040781,2549831498447.2993,1.471986138455962
2021-10-21,D0_pca8,9324.770842994065,2590.54518489056,9.644073604706041e-08,3.3730914242115445e-06,35.14557235327793,,12.635509474988867,7250591198506086.0,4.262898272497944
2021-10-21,rolling,3339.121428774327,2590.54518489056,3.011716662604468e-06,3.3730914242115445e-06,0.19327231327890523,,0.01284128389261901,3558035936314.714,1.4461304465427762
2021-10-21,ewma,3049.829089809721,2590.54518489056,2.7994973114582526e-06,3.3730914242115445e-06,0.14644733576941024,,0.03474113154088594,3555512901963.714,1.4095437054846984
2021-10-21,ledoit_wolf,150.86657430881394,2590.54518489056,5.377828864592737e-05,3.3730914242115445e-06,0.35178567890395224,,7.667581916015939,6503170855596.303,1.3500975036237859
2021-10-21,oas,162.03063503797867,2590.54518489056,5.069025733089098e-05,3.3730914242115445e-06,0.341686785850308,,7.343578561173468,6471856879238.117,1.3544118826942944
2021-10-21,shrink,2411.874351290325,2590.54518489056,3.011716662605465e-06,3.3730914242115445e-06,0.32296640442456864,,0.012841283892599203,5152054815305.452,1.016795900225797
2021-10-21,persistence,3040.8280734550476,2590.54518489056,2.7667586361480675e-06,3.3730914242115445e-06,0.0596335131577735,,0.0392646620951684,3065420893743.459,1.3754777128950897
2021-10-28,D0_pca8,9440.039537490893,3048.401662992508,9.887524628384489e-08,5.53416996104208e-06,42.34396692056744,,16.199240607257373,7056970796380542.0,3.7636348892808877
2021-10-28,rolling,3171.5031975387033,3048.401662992508,3.0146597991814604e-06,5.53416996104208e-06,0.6699694629026303,,0.3690009140574855,2626834178112.1987,1.4641727408156113
2021-10-28,ewma,2953.0847863495073,3048.401662992508,2.729540059428923e-06,5.53416996104208e-06,0.6670340629326456,,0.4995779570799758,3150426282704.575,1.4591619916249259
2021-10-28,ledoit_wolf,125.81843460797248,3048.401662992508,5.9857566212596814e-05,5.53416996104208e-06,1.0077912842270496,,5.6692852249386165,2308245780723.826,1.3632057158757682
2021-10-28,oas,140.54519142707727,3048.401662992508,5.471041318719787e-05,5.53416996104208e-06,0.9768425539010769,,5.249195593670001,2282562485189.1133,1.3713662165390663
2021-10-28,shrink,2292.8426893850874,3048.401662992508,3.0146597991821075e-06,5.53416996104208e-06,0.9492321476317785,,0.3690009140573943,2227198754832.062,1.0171323828047654
2021-10-28,persistence,2325.8254452254596,3048.401662992508,2.5025244985562744e-06,5.53416996104208e-06,0.5455947887837123,,0.6298665961616801,5694237189290.895,1.396452279649747
2021-11-04,D0_pca8,9671.281842699796,3398.276903774775,1.8642654511045815e-07,5.989624453759869e-06,41.12385265674548,,12.039106042359572,2177557852392695.8,4.260993571183196
2021-11-04,rolling,3111.8386595647016,3398.276903774775,3.060619862782575e-06,5.989624453759869e-06,0.7486467400289992,,0.4507928515966048,2572974973024.1016,1.4467830884195418
2021-11-04,ewma,3042.7399186300095,3398.276903774775,3.1409509361442658e-06,5.989624453759869e-06,0.5128785284253338,,0.41667407554221764,2305995189433.161,1.4354769191721974
2021-11-04,ledoit_wolf,119.09305569225948,3398.276903774775,6.255284853512531e-05,5.989624453759869e-06,1.1116087386740194,,5.503635815922864,1960802444586.1404,1.3452019335862824
2021-11-04,oas,130.34566706814076,3398.276903774775,5.816632979648619e-05,5.989624453759869e-06,1.0842438182256262,,5.167791942788386,1942618900317.6746,1.351190841619035
2021-11-04,shrink,2246.8865539861104,3398.276903774775,3.0606198627834896e-06,5.989624453759869e-06,1.0728794354719782,,0.4507928515964677,2005516793960.1123,1.0168085990914655
2021-11-04,persistence,2455.4846597688825,3398.276903774775,2.712948707892865e-06,5.989624453759869e-06,0.5151866842522959,,0.6272519387405197,4841241888491.346,1.3650261781424433
2021-11-11,D0_pca8,9295.248566695926,3601.5739437559596,1.0150042506937427e-07,6.0035636969626276e-06,38.74224380021368,,16.64669253301658,6716213587373695.0,4.050296632198984
2021-11-11,rolling,2997.1495630161467,3601.5739437559596,3.0743071114400213e-06,6.0035636969626276e-06,0.687592579166066,,0.4479270679174972,2569287727482.1006,1.445387437496307
2021-11-11,ewma,2886.5778605709543,3601.5739437559596,3.2501656215655604e-06,6.0035636969626276e-06,0.43646053630777076,,0.37656281951166604,2156084149284.627,1.4342541823701183
2021-11-11,ledoit_wolf,105.72374170225098,3601.5739437559596,6.703876285794126e-05,6.0035636969626276e-06,1.055843138775581,,5.822171383763802,1969041263360.9556,1.3566628540474945
2021-11-11,oas,117.90967908536159,3601.5739437559596,6.147695463757616e-05,6.0035636969626276e-06,1.0221104258732043,,5.411713519473242,1948630991712.7168,1.3638673787373465
2021-11-11,shrink,2161.7705247489625,3601.5739437559596,3.074307111440806e-06,6.0035636969626276e-06,1.0428381290181612,,0.44792706791736564,1998758888658.0105,1.0173319418054112
2021-11-11,persistence,2619.013284478713,3601.5739437559596,3.0575495044526345e-06,6.0035636969626276e-06,0.402357847923107,,0.45527312608227105,3420937758889.7773,1.2592761997737147
2021-11-18,D0_pca8,9471.412391451164,3724.468830120722,9.257567874714327e-08,6.015945129141366e-06,42.13338180648909,,17.423375035220868,8021680516932236.0,3.1074514940301534
2021-11-18,rolling,3021.933978668836,3724.468830120722,3.0060775834668973e-06,6.015945129141366e-06,0.6907752098343894,,0.4813268015974873,2740627710158.826,1.4642240508752686
2021-11-18,ewma,2785.4461583080665,3724.468830120722,2.889647221771515e-06,6.015945129141366e-06,0.5987758720162195,,0.5376978863247264,2894364013985.753,1.4566895295851146
2021-11-18,ledoit_wolf,106.12949648154252,3724.468830120722,6.577382667438416e-05,6.015945129141366e-06,1.068548472151125,,5.72074728591482,1955505036491.3997,1.3313547021252092
2021-11-18,oas,121.23419087367331,3724.468830120722,5.917054439915414e-05,6.015945129141366e-06,1.0268894580975063,,5.2258428271258275,1930076224809.7783,1.3417392376874016
2021-11-18,shrink,2178.804242812272,3724.468830120722,3.006077583467613e-06,6.015945129141366e-06,1.0476761116831856,,0.4813268015973563,2031685253531.189,1.0167719971902287
2021-11-18,persistence,2590.54518489064,3724.468830120722,3.37309142421144e-06,6.015945129141366e-06,0.24789283098870557,,0.33475906911136827,2570603452460.7656,1.3054446479639916
2021-11-26,D0_pca8,9463.309212677139,4766.99468740128,1.243254860928926e-07,4.535533122456214e-06,35.5535889381193,,12.936877267368368,4505893157685820.0,3.535797970205523
2021-11-26,rolling,2672.3026192700145,4766.99468740128,3.682640452880903e-06,4.535533122456214e-06,0.08141550682923983,,0.043394128343584276,2064573789611.196,1.4571531804950135
2021-11-26,ewma,3563.777341873844,4766.99468740128,4.846254473672647e-06,4.535533122456214e-06,0.04270921650084052,,0.004390849445217319,1666827924646.792,1.4195264674467662
2021-11-26,ledoit_wolf,47.313101451069066,4766.99468740128,0.00013204704860522143,4.535533122456214e-06,0.3469831284677788,,11.365093549769151,3727630425444.0425,1.245049450216359
2021-11-26,oas,99.03672069072869,4766.99468740128,7.730252407205187e-05,4.535533122456214e-06,0.1996899998445261,,8.041669570187164,3610137187194.579,1.311839466609196
2021-11-26,shrink,1985.2160805443584,4766.99468740128,3.6826404528814664e-06,4.535533122456214e-06,0.18764524945779568,,0.043394128343555334,2841516950427.809,1.0179488909616572
2021-11-26,persistence,3048.40166299225,4766.99468740128,5.5341699610425635e-06,4.535533122456214e-06,0.19296727166565514,,0.03960056987391035,1070626517295.5278,1.313323502611005
