date,raw_anchor,method,split,embedder,pca_k,k_neighbors,aggregation,eta,raw_frob,raw_logeuc,raw_corr_frob,cond_stein,cond_kl,nll,gmvp_var,var_regret,pred_var,leverage_l1,max_abs_w,hhi
2017-01-09,2400,D0_pca8,test,pca_only,8,20,log_euclidean,0.01,9.713136334511292e-05,1868.6665979146846,7966.344756525946,71400.32715283065,35700.16357641532,34436.939304130385,4.120180317408008e-05,4.120109442751471e-05,4.43534589872569e-08,3.140127769813811,0.10248996507121402,0.16697955130845807
2017-01-09,2400,rolling,test,pca_only,8,20,log_euclidean,0.01,127.16638465159738,5144.746447317311,1028.9881043212613,423.36948404726536,211.68474202364928,-227.6139437006346,2.1628317837812225e-05,2.1627609091246852e-05,3.1323834772830624e-05,1.1615482793027028,0.024510714959594688,0.017183897119791743
2017-01-09,2400,ewma,test,pca_only,8,20,log_euclidean,0.01,40.16573273031368,4868.458258890594,943.375584723136,382.73666283804937,191.36833141912058,-248.10158005427002,1.9972353727689258e-05,1.9971644981123884e-05,2.163183900266221e-05,1.2728575970269205,0.03243783370466182,0.022141791169584764
2017-01-09,2400,ledoit_wolf,test,pca_only,8,20,log_euclidean,0.01,33.30636517548164,19941.278654273716,814.0175509872303,775.3487363608459,387.6743681804232,-51.45456936103143,2.3622455777461635e-05,2.3621747030896262e-05,0.0005823138242270021,1.0030162781689058,0.010755320289380232,0.010406210614945424
2017-01-09,2400,oas,test,pca_only,8,20,log_euclidean,0.01,112.70800562589244,14106.056513893676,799.1763386724691,540.1622061520235,270.0811030760086,-169.0909805232305,2.225085488838664e-05,2.2250146141821266e-05,8.136431730341546e-05,1.0090343886749402,0.016720629800699868,0.011590239610897888
2017-01-09,2400,shrink,test,pca_only,8,20,log_euclidean,0.01,79.63761350819615,8593.823617866037,822.4720079410754,441.36736032211286,220.68368016105617,-218.59911931712676,2.2104787477173602e-05,2.210407873060823e-05,2.577139190529953e-05,1.0807121182597839,0.020638756019226046,0.014533521530414178
2017-01-09,2400,persistence,test,pca_only,8,20,log_euclidean,0.01,0.00013287861105296285,3252.00136922454,1133.0005171442813,8219.711229002667,4109.855614501327,3613.896840661396,3.7724691268391426e-05,3.7723982521826056e-05,1.60023945821119e-07,2.187540472178496,0.06668228789215114,0.07071883087663629
2017-01-17,2405,D0_pca8,test,pca_only,8,20,log_euclidean,0.01,0.0001077847996861403,1945.124877353462,7976.401141677026,33682.70389873073,16841.351949365373,16072.159942297221,3.4755448865704597e-05,3.475480885371069e-05,9.371421649154623e-08,2.8799263690306067,0.1218174956659707,0.13497278987642256
2017-01-17,2405,rolling,test,pca_only,8,20,log_euclidean,0.01,127.16541165045965,5032.836752178564,1006.6836454148524,423.39005723543323,211.6950286176754,-228.4968284516895,2.383066974710179e-05,2.3830029735107884e-05,3.0471491669080314e-05,1.1289739177724074,0.023425885589168166,0.01637878231046827
2017-01-17,2405,ewma,test,pca_only,8,20,log_euclidean,0.01,21.63353161680059,4779.963057419822,850.2457819415126,367.5049961398685,183.75249806992417,-256.67346810864115,2.3971052669728545e-05,2.397041265773464e-05,1.642236045512018e-05,1.2960837088681703,0.03425095007809035,0.022688976783190082
2017-01-17,2405,ledoit_wolf,test,pca_only,8,20,log_euclidean,0.01,33.305576308505906,19940.785326898804,801.3444017697288,777.0087545053224,388.504377252661,-51.49575542277078,2.6443094757664305e-05,2.64424547456704e-05,0.0005805135974958125,1.0030181329679313,0.010744032102985038,0.010405433322823402
2017-01-17,2405,oas,test,pca_only,8,20,log_euclidean,0.01,112.71042686975343,14087.534293450622,784.4153649094823,541.0537750030908,270.52688750155016,-169.51565317454265,2.513175584339683e-05,2.5131115831402924e-05,7.954081008421367e-05,1.0081018042232879,0.01628460601098048,0.01139520269121048
2017-01-17,2405,shrink,test,pca_only,8,20,log_euclidean,0.01,79.6373603543461,8406.290619663352,792.9992537935752,441.5307667292891,220.76538336464404,-219.40812560888307,2.499753954604014e-05,2.4996899534046235e-05,2.494676295445089e-05,1.0603619454226,0.019885073933914813,0.013960335707485373
2017-01-17,2405,persistence,test,pca_only,8,20,log_euclidean,0.01,0.00012845496516991994,3312.4565183485784,1060.9326004091756,7968.595662148641,3984.2978310743238,3488.6221367814737,3.246557339839613e-05,3.246493338640222e-05,1.1457011272897688e-07,1.844352823887162,0.04948782345943612,0.05042012443657086
2017-01-24,2410,D0_pca8,test,pca_only,8,20,log_euclidean,0.01,0.00011948356488039225,1978.840662303251,8266.98367131644,31922.305482415562,15961.152741207752,15150.348338122005,5.0718683175049326e-05,5.0717960876275115e-05,1.3353726002662328e-07,2.8881671365579695,0.1408668473879342,0.1589942011737815
2017-01-24,2410,rolling,test,pca_only,8,20,log_euclidean,0.01,127.16273464415963,5043.881759190752,1045.6655989010128,419.23085593396434,209.61542796698689,-228.09995442949645,2.1016965125394754e-05,2.1016242826620543e-05,2.3529214072784386e-05,1.0782158176450207,0.021721456643146488,0.014034092301191523
2017-01-24,2410,ewma,test,pca_only,8,20,log_euclidean,0.01,11.651720814244026,4793.24448574269,837.2185367596301,353.3042953403819,176.65214767021203,-261.5304917612569,2.0095995271828477e-05,2.0095272973054266e-05,1.1596579448594877e-05,1.3212612872317293,0.03336207416822023,0.022854098777578154
2017-01-24,2410,ledoit_wolf,test,pca_only,8,20,log_euclidean,0.01,33.303655140583245,19922.99327269839,729.391014254705,771.9534699046216,385.97673495231106,-51.50558667555815,2.3193880060522632e-05,2.319315776174842e-05,0.0005741759208482192,1.003238971363318,0.01066098278912432,0.010404397877428103
2017-01-24,2410,oas,test,pca_only,8,20,log_euclidean,0.01,112.70980967743202,14072.417447841246,716.6362796066021,535.9490577353885,267.97452886769435,-169.56111284461878,2.209282115572243e-05,2.209209885694822e-05,6.953709809289331e-05,1.0075369813232464,0.015218202974695835,0.011103820214732088
2017-01-24,2410,shrink,test,pca_only,8,20,log_euclidean,0.01,79.63543719855001,8318.25694757402,800.6895740043975,437.43576620718375,218.717883103592,-218.98555870140348,2.2002953497882365e-05,2.2002231199108154e-05,1.9611148813866143e-05,1.0290893688380256,0.0176591369365549,0.012494615643678611
2017-01-24,2410,persistence,test,pca_only,8,20,log_euclidean,0.01,0.00012128194591101349,3368.918973271035,1046.474953979178,9213.07468417502,4606.537342087512,4084.4971246370405,2.0655744713256656e-05,2.0655022414482445e-05,1.1971609365540639e-07,1.9873534270876352,0.058455026939796054,0.0558519240668259
2017-01-31,2415,D0_pca8,test,pca_only,8,20,log_euclidean,0.01,7.339044578576856e-05,1990.8306444580749,7553.000722392357,78090.26242737044,39045.131213685214,37807.196728403236,4.83137909334458e-05,4.8312974012684866e-05,4.402678161654684e-08,3.1049733682233165,0.13751507660522908,0.16492004735061058
2017-01-31,2415,rolling,test,pca_only,8,20,log_euclidean,0.01,127.16027610290755,4868.817284220802,944.8302366619581,427.1784938387897,213.5892469194412,-230.88697721215067,2.064174510474349e-05,2.0640928183982557e-05,2.3399503821367093e-05,1.0704620123522592,0.02201793853225005,0.014599637267984257
2017-01-31,2415,ewma,test,pca_only,8,20,log_euclidean,0.01,6.275442276539566,4624.204170415365,830.9797503663485,345.76517238745566,172.8825861936832,-271.9617626052972,1.8400946726437764e-05,1.840012980567683e-05,9.596722733495271e-06,1.4516714186096706,0.03901247036222906,0.028065357785807436
2017-01-31,2415,ledoit_wolf,test,pca_only,8,20,log_euclidean,0.01,33.30304984852527,19921.57993971464,840.1937989078106,785.4321990295364,392.7160995147675,-51.61165836994555,2.5265736013276397e-05,2.5264919092515464e-05,0.0005745740539803972,1.0034288484218636,0.010730463453748416,0.010404529771878775
2017-01-31,2415,oas,test,pca_only,8,20,log_euclidean,0.01,112.71396183396796,14031.34829682901,825.7374719817266,547.6251863962799,273.8125931981555,-170.54239285952235,2.2898596143783714e-05,2.289777922302278e-05,7.052648734427708e-05,1.0086323764442426,0.0164762798553914,0.011192078040593786
2017-01-31,2415,shrink,test,pca_only,8,20,log_euclidean,0.01,79.6319155618315,7958.169213680964,779.9343477567338,444.95210885888764,222.47605442944334,-221.97088182818453,2.1887961258346626e-05,2.1887144337585692e-05,1.979728123880069e-05,1.02313576247516,0.018890115803476427,0.012944681252623073
2017-01-31,2415,persistence,test,pca_only,8,20,log_euclidean,0.01,0.00011643693310661908,3440.3030264213226,950.0574298242445,5427.66152983607,2713.8307649180115,2238.148303557536,1.9971317861720742e-05,1.997050094095981e-05,1.0566997123436758e-07,1.582178644622976,0.03673313907480233,0.03612972304286909
2017-02-07,2420,D0_pca8,test,pca_only,8,20,log_euclidean,0.01,5.794631478068668e-05,1865.1972195112598,6980.28815582579,17049.713881522846,8524.856940761429,7903.417622002077,2.429432545279255e-05,2.4293299864062945e-05,9.636040093309321e-08,2.4889981630470164,0.10719662674833089,0.10927322783349067
2017-02-07,2420,rolling,test,pca_only,8,20,log_euclidean,0.01,127.15853040615573,4793.348140196367,1044.214461879135,447.4527486243047,223.7263743121626,-233.0299736459789,2.2960275000937326e-05,2.2959249412207723e-05,2.2920649736982723e-05,1.0840959167241053,0.02278948241422882,0.014722201993784188
2017-02-07,2420,ewma,test,pca_only,8,20,log_euclidean,0.01,3.3798647680868474,4569.007763264994,936.7803768902406,344.19104525190664,172.0955226258641,-284.7757158533917,1.6608494492778573e-05,1.660746890404897e-05,7.314199235555415e-06,1.4603984272915302,0.03991590967984405,0.02923556675666692
2017-02-07,2420,ledoit_wolf,test,pca_only,8,20,log_euclidean,0.01,33.3025914389255,19969.055106678556,1076.8969591200696,810.1108222149443,405.05541110747237,-51.6478531349167,3.0442740081634137e-05,3.0441714492904534e-05,0.0005743481313533967,1.003607782244627,0.010720230021109943,0.010404560207799795
2017-02-07,2420,oas,test,pca_only,8,20,log_euclidean,0.01,112.7107868562447,14057.379177696923,1055.3811365964002,571.4408235369544,285.72041176847875,-171.001253183169,2.684810867830368e-05,2.6847083089574076e-05,6.977653279206626e-05,1.0094940668274324,0.01606548629139888,0.011226208598412743
2017-02-07,2420,shrink,test,pca_only,8,20,log_euclidean,0.01,79.63076322177292,7961.557907228165,920.083468725074,465.2259274149021,232.6129637074514,-224.14255531104794,2.4148936090008882e-05,2.414791050127928e-05,1.9802317070046933e-05,1.0288246286374039,0.019229446359892002,0.012989666074329671
2017-02-07,2420,persistence,test,pca_only,8,20,log_euclidean,0.01,0.00011002227291291583,3353.59966653039,1136.7133369934522,4014.836155505781,2007.4180777528882,1541.9279780971565,1.536502870988452e-05,1.5364003121154916e-05,9.392408230853716e-08,1.4706072386826927,0.04203949797319733,0.031134166494204495
2017-02-14,2425,D0_pca8,test,pca_only,8,20,log_euclidean,0.01,3.4919034407730146e-05,1782.3506750760398,6357.340991523142,45752.06416488188,22876.03208244094,22128.88539006764,4.7009424919497134e-05,4.700846965422023e-05,4.879135307447288e-08,3.2272967640335724,0.14853260999990187,0.18424156901066263
2017-02-14,2425,rolling,test,pca_only,8,20,log_euclidean,0.01,5.348110563384776e-05,4442.5848784486425,864.1280435263222,2063.933561137018,1031.9667805685015,565.4024425275265,2.285699602466431e-05,2.2856040759387408e-05,3.904541786818499e-07,2.889601188118789,0.08899387016773856,0.13367281021393032
2017-02-14,2425,ewma,test,pca_only,8,20,log_euclidean,0.01,7.475065989149776e-05,4247.6123134317295,915.6768156155194,2049.738780233027,1024.869390116511,558.5731615376856,2.271553088556231e-05,2.2714575620285408e-05,3.8198864234164766e-07,2.7830293488999236,0.08707015891187635,0.12231540220909955
2017-02-14,2425,ledoit_wolf,test,pca_only,8,20,log_euclidean,0.01,3.566797120888626e-05,7833.272860720412,905.5371051348309,326.76959208431003,163.38479604215536,-297.29659482371244,1.603623685080428e-05,1.6035281585527378e-05,6.808947626840755e-06,1.4898714391725758,0.041151734984960914,0.03090784608851899
2017-02-14,2425,oas,test,pca_only,8,20,log_euclidean,0.01,3.8470318666666374e-05,7503.501478282917,859.6816494911243,327.04888548122966,163.52444274061514,-297.2009285156117,1.5539852579872097e-05,1.5538897314595195e-05,6.006385041467724e-06,1.7246803393964287,0.047943606037277,0.04227728320156161
2017-02-14,2425,shrink,test,pca_only,8,20,log_euclidean,0.01,4.336678880307904e-05,6879.167919212398,824.9288361888159,359.7524159202245,179.87620796011254,-281.08303957898426,1.4350861992749054e-05,1.4349906727472152e-05,3.7323357810716953e-06,1.943832466390492,0.09325222454151037,0.07450944032470229
2017-02-14,2425,persistence,test,pca_only,8,20,log_euclidean,0.01,0.00011247461770760565,3282.8826452983953,1176.8283159532302,3934.45066811096,1967.2253340555112,1491.1172078203642,2.3590119742204602e-05,2.35891644769277e-05,9.496458870874033e-08,1.4681933942620227,0.043481829390056126,0.03204295557528199
2017-02-22,2430,D0_pca8,test,pca_only,8,20,log_euclidean,0.01,4.0741633864838894e-05,1707.815069328673,5295.673479547291,40923.790969448404,20461.8954847242,19839.17893750073,6.225024325659248e-05,6.2249015136198e-05,8.047040590572871e-08,4.156964027962448,0.19894722927066544,0.2898965358842481
2017-02-22,2430,rolling,test,pca_only,8,20,log_euclidean,0.01,4.662534973371224e-05,4213.664949652648,947.9622780233606,1826.1012138736119,913.0506069367982,432.5987139133132,1.853121308149926e-05,1.852998496110479e-05,4.250583675149208e-07,3.112078998247738,0.09336676968305252,0.15568721715872522
2017-02-22,2430,ewma,test,pca_only,8,20,log_euclidean,0.01,5.8866567530346904e-05,4059.541889502148,1082.2203266746433,1849.343825709614,924.6719128548125,443.61622596097004,2.3598955136012755e-05,2.3597727015618285e-05,4.337551412872709e-07,3.1049876089978454,0.09286604431894493,0.14847821740559686
2017-02-22,2430,ledoit_wolf,test,pca_only,8,20,log_euclidean,0.01,4.0349095355574276e-05,7749.151925259961,1201.4392375450452,314.92378503384293,157.4618925169213,-302.58287587459745,1.926570578705129e-05,1.926447766665682e-05,6.585600097906346e-06,1.4084462527218538,0.03428546405328513,0.02802235844495093
2017-02-22,2430,oas,test,pca_only,8,20,log_euclidean,0.01,4.000602679213517e-05,7415.868822096225,1113.2552937711484,311.54096338740135,155.77048169370025,-304.5037474155939,1.694059489935366e-05,1.693936677895919e-05,6.046002574535987e-06,1.6561254223989652,0.04065955975433762,0.040002307115209954
2017-02-22,2430,shrink,test,pca_only,8,20,log_euclidean,0.01,4.29064151216509e-05,6735.196166119235,1007.6474598452805,317.0507385018112,158.5253692509059,-302.55827404933314,1.534489690531609e-05,1.534366878492162e-05,3.805899737804388e-06,1.9842720455852891,0.08395149426903142,0.07729861393359663
2017-02-22,2430,persistence,test,pca_only,8,20,log_euclidean,0.01,0.00011442784500674267,3217.4943801439385,1346.9129023207174,3496.1072166348536,1748.0536083174507,1244.7268354630698,2.8185786290444256e-05,2.8184558170049785e-05,1.0362285918795103e-07,1.512092557606941,0.045708806168789085,0.033613795035754644
2017-03-01,2435,D0_pca8,test,pca_only,8,20,log_euclidean,0.01,2.5050296502300135e-05,1668.5869934751154,5228.106934249411,37794.056642362295,18897.028321181144,17982.486034747344,4.3866472821269946e-05,4.38655245830609e-05,7.632072137788254e-08,4.375101896666685,0.21853297446476394,0.32942281956847125
2017-03-01,2435,rolling,test,pca_only,8,20,log_euclidean,0.01,3.354640382313819e-05,4283.929390796811,854.7628025458503,1540.2097021716447,770.1048510858207,270.3763564140269,1.6709996034358384e-05,1.6709047796149334e-05,4.1749421006037766e-07,3.167757511418072,0.10227561990309328,0.1545041959210753
2017-03-01,2435,ewma,test,pca_only,8,20,log_euclidean,0.01,4.044493197322464e-05,4112.607547507856,1028.3054005882268,1578.950269669972,789.4751348349863,288.7580023559928,2.3524640425178682e-05,2.3523692186969633e-05,4.4774232982453765e-07,3.2519921810751113,0.09978154708271243,0.15205975053217885
2017-03-01,2435,ledoit_wolf,test,pca_only,8,20,log_euclidean,0.01,2.381752037153212e-05,7723.0956585929,1070.916507843816,320.81462017091786,160.4073100854592,-309.3239153141314,1.4613384196759714e-05,1.4612435958550662e-05,5.840649966992907e-06,1.338812750105689,0.03306269581989141,0.025719793934065937
2017-03-01,2435,oas,test,pca_only,8,20,log_euclidean,0.01,2.4555477943474617e-05,7386.197143453882,991.1076234886009,314.7162302529637,157.3581151264821,-312.699668173837,1.2887866266320526e-05,1.2886918028111475e-05,5.353364722396114e-06,1.5511950531615921,0.0391549799809859,0.03541070116552746
2017-03-01,2435,shrink,test,pca_only,8,20,log_euclidean,0.01,2.8331014426642142e-05,6695.688619223612,901.4074483960974,313.87002611523457,156.93501305761734,-314.2022277931284,1.2711691244257867e-05,1.2710743006048816e-05,3.202549611197204e-06,1.871466086835199,0.08783043423563759,0.07020208722208605
2017-03-01,2435,persistence,test,pca_only,8,20,log_euclidean,0.01,7.280218871150863e-05,3044.4695241116524,1187.515732131373,3004.8627946572224,1502.43139732862,987.1810952510608,1.376518661279151e-05,1.3764238374582459e-05,1.0463946692624952e-07,1.6322327133671117,0.05751812990144545,0.03913733660851366
2017-03-08,2440,D0_pca8,test,pca_only,8,20,log_euclidean,0.01,2.2144416915841003e-05,1684.048695132526,5303.188500890938,43920.81564236011,21960.407821180055,21151.91576868304,2.5403074788450637e-05,2.540191003880229e-05,5.436315989050856e-08,4.120315781011297,0.13460142140314485,0.2635127507452891
2017-03-08,2440,rolling,test,pca_only,8,20,log_euclidean,0.01,3.0399628007366757e-05,4237.374909240722,748.232540743252,1553.0088292564371,776.5044146282146,279.21858453441274,1.5165396016809167e-05,1.5164231267160822e-05,3.5523970287390404e-07,2.884689216381946,0.08064907097026605,0.13454802136411148
2017-03-08,2440,ewma,test,pca_only,8,20,log_euclidean,0.01,3.037921679980629e-05,4072.8580087278256,819.3207727861678,1735.1036020055478,867.5518010027928,367.1812511651274,1.926391702080805e-05,1.9262752271159702e-05,3.5178907641974663e-07,2.923188626381015,0.09059862957011183,0.13716008594682405
2017-03-08,2440,ledoit_wolf,test,pca_only,8,20,log_euclidean,0.01,1.9655592093664897e-05,7675.132276222274,938.4124598308631,322.4434919320402,161.22174596602008,-310.26883748756603,1.2026277661468395e-05,1.202511291182005e-05,6.17646525766161e-06,1.4682086742614358,0.03634276803911708,0.03015196301936739
2017-03-08,2440,oas,test,pca_only,8,20,log_euclidean,0.01,2.077086814119289e-05,7330.9696792706545,856.5922011685522,316.7495997990948,158.3747998995474,-313.392465182066,1.0556536266240392e-05,1.0555371516592047e-05,5.447470952145814e-06,1.6886669122855267,0.04521358516968004,0.04113813331606346
2017-03-08,2440,shrink,test,pca_only,8,20,log_euclidean,0.01,2.4707088388576595e-05,6672.958565222155,777.3530197062003,316.23134997483606,158.11567498741735,-314.48873803303417,1.0451600176866947e-05,1.0450435427218602e-05,3.1775791939541404e-06,1.8924817059216759,0.10352957132661385,0.0722525636926139
2017-03-08,2440,persistence,test,pca_only,8,20,log_euclidean,0.01,3.726303699181426e-05,2992.6331275361376,1016.8145793255436,3824.8974378459507,1912.4487189229767,1398.4689070284062,1.5673259651290622e-05,1.5672094901642275e-05,1.0634007074442162e-07,1.8623645406949185,0.05742360656917268,0.05057968671934662
2017-03-15,2445,D0_pca8,test,pca_only,8,20,log_euclidean,0.01,2.3480680906838304e-05,1709.984588696315,6445.8326419787445,34708.571562997255,17354.285781498624,16573.61467180003,2.8486628636361585e-05,2.8486012817344836e-05,8.030940711726205e-08,3.958263457854736,0.21316513098125525,0.2718957715731712
2017-03-15,2445,rolling,test,pca_only,8,20,log_euclidean,0.01,3.230481520428802e-05,4337.468122078796,739.0558682090357,1574.3424545537132,787.1712272768539,296.7342304388957,1.571065595427438e-05,1.5710040135257633e-05,3.2164454432072345e-07,2.6890536103494505,0.0878203048409426,0.12142257067325644
2017-03-15,2445,ewma,test,pca_only,8,20,log_euclidean,0.01,3.0132623432021294e-05,4134.711812830658,810.8316593735801,1859.9854570262723,929.9927285131372,436.0431371911753,1.9123182379075712e-05,1.9122566560058963e-05,2.735082474423738e-07,2.647435958351217,0.08760510711289723,0.11898673941093554
2017-03-15,2445,ledoit_wolf,test,pca_only,8,20,log_euclidean,0.01,2.21824939971948e-05,7745.235186324321,883.4291987420062,325.61832179346675,162.80916089673318,-309.4667406749808,9.337070658882586e-06,9.336454839865838e-06,5.691197676609653e-06,1.4020258865600472,0.03421926827424446,0.027361997135325614
2017-03-15,2445,oas,test,pca_only,8,20,log_euclidean,0.01,2.3055649232458357e-05,7394.61723644964,809.0149910498064,319.2452902647918,159.62264513239606,-312.86452486768883,8.869178004206052e-06,8.868562185189303e-06,4.973498887445484e-06,1.6118106773133922,0.04264722287509126,0.037318024358365384
2017-03-15,2445,shrink,test,pca_only,8,20,log_euclidean,0.01,2.708836741239611e-05,6723.0363677996775,747.8929889630317,320.88905563313153,160.444527816566,-313.088940782823,1.0628140852444543e-05,1.0627525033427794e-05,2.7120830722619977e-06,1.8034468949062834,0.10596968258927417,0.06883508899850303
2017-03-15,2445,persistence,test,pca_only,8,20,log_euclidean,0.01,4.2742273079011665e-05,2985.4022016054805,1070.530661969192,4089.837116224112,2044.9185581120237,1531.245787167696,1.8985456395165474e-05,1.8984840576148725e-05,9.866596140820549e-08,1.8106691693183088,0.0579110617812686,0.05018332399900663
2017-03-22,2450,D0_pca8,test,pca_only,8,20,log_euclidean,0.01,2.2669166550857865e-05,1714.6788400789333,6641.84675281596,38193.192122923756,19096.59606146187,18230.00122288472,2.600626856102417e-05,2.600576045799314e-05,4.002496601281683e-08,3.444701220207253,0.12208001145141185,0.1828093638908197
2017-03-22,2450,rolling,test,pca_only,8,20,log_euclidean,0.01,3.602121064926618e-05,4370.62852967137,705.017073439489,1689.4069357285878,844.7034678642962,357.43015764515155,1.3594679969617215e-05,1.3594171866586186e-05,2.608084078206461e-07,2.579915037784616,0.10319240106630179,0.1051432481794602
2017-03-22,2450,ewma,test,pca_only,8,20,log_euclidean,0.01,3.791266727307527e-05,4146.164241987474,783.4518884627538,1838.1589733701865,919.0794866851047,427.7200155826498,1.6461945116693556e-05,1.6461437013662525e-05,2.6063968104910567e-07,2.7320278782306966,0.09745310585831292,0.11405248834960051
2017-03-22,2450,ledoit_wolf,test,pca_only,8,20,log_euclidean,0.01,2.223138024722699e-05,7626.044203367668,768.499027444374,328.8070836072271,164.40354180361368,-310.59436826859036,1.0449758439276619e-05,1.044925033624559e-05,5.75527547405779e-06,1.4901047189784822,0.038659867163096336,0.03284119942901857
2017-03-22,2450,oas,test,pca_only,8,20,log_euclidean,0.01,2.431227117136199e-05,7323.733589988157,720.3328325884133,324.89655711618235,162.44827855809183,-312.6574443320943,1.0485744007722512e-05,1.0485235904691483e-05,4.9543035391151765e-06,1.6754488702756685,0.04648409312204821,0.042547862346065696
2017-03-22,2450,shrink,test,pca_only,8,20,log_euclidean,0.01,2.8461405908297975e-05,6731.475806510698,671.4592781263557,326.13135501431816,163.06567750715942,-312.7103257030109,9.490949930832627e-06,9.490441827801598e-06,2.7766905989183608e-06,1.8413686177159145,0.1004288332304823,0.07281264350290002
2017-03-22,2450,persistence,test,pca_only,8,20,log_euclidean,0.01,4.633631481737829e-05,2952.5598278581438,1046.9372170973334,3703.220476122052,1851.610238061011,1349.4841042999233,1.811905158473689e-05,1.811854348170586e-05,1.2982772745126517e-07,2.0069489882141096,0.06733584742980635,0.06364658277483222
2017-03-29,2455,D0_pca8,test,pca_only,8,20,log_euclidean,0.01,3.3900454251677855e-05,1747.9856565114915,6391.482975754443,54165.447289844815,27082.723644922422,26267.501067448862,2.8125513966978063e-05,2.8124723894078304e-05,5.836665405993684e-08,4.14942874267401,0.20657826801096738,0.2794690250274165
2017-03-29,2455,rolling,test,pca_only,8,20,log_euclidean,0.01,3.9157091220787574e-05,4255.460236784952,713.1701735040617,2057.743693007822,1028.8718465039103,558.2442450118684,1.840568118186555e-05,1.840489110896579e-05,2.9419199085798035e-07,2.79340118246877,0.09606621532584347,0.12084873387382031
2017-03-29,2455,ewma,test,pca_only,8,20,log_euclidean,0.01,3.34148489646614e-05,4038.7890895315195,705.4970067623271,2461.201070033303,1230.6005350166588,746.7028631380392,1.9087434838132778e-05,1.908664476523302e-05,3.2223692099636534e-07,3.1714719770949693,0.10232962629421946,0.1553943465083529
2017-03-29,2455,ledoit_wolf,test,pca_only,8,20,log_euclidean,0.01,2.9325176172706e-05,7548.379075551482,822.6806768737413,321.8163827693676,160.9081913846835,-303.0257302911549,1.5598248657184523e-05,1.5597458584284763e-05,5.6777536845437835e-06,1.5320619730266263,0.035747683680437924,0.033970584253107776
2017-03-29,2455,oas,test,pca_only,8,20,log_euclidean,0.01,3.0508839361401103e-05,7225.54013029853,763.443861883276,322.5888723949912,161.29443619749617,-302.67790625922794,1.6081739848500786e-05,1.6080949775601027e-05,4.8483512056543354e-06,1.734515105427522,0.04251364716890927,0.043962496569584106
2017-03-29,2455,shrink,test,pca_only,8,20,log_euclidean,0.01,3.327099464329843e-05,6693.914474108771,703.3889870231621,328.6056185643531,164.30280928217672,-300.0523279042513,1.189925018457787e-05,1.189846011167811e-05,2.915028724859233e-06,1.9268685262185437,0.08588278234692294,0.07031151997092197
2017-03-29,2455,persistence,test,pca_only,8,20,log_euclidean,0.01,3.846746707639046e-05,2983.3355058016386,961.842366111589,5996.772086799711,2998.3860433998457,2492.6594099985764,1.8794935042459818e-05,1.879414496956006e-05,9.617967211765737e-08,2.0096255309751827,0.07228199959338723,0.057914711089291894
2017-04-05,2460,D0_pca8,test,pca_only,8,20,log_euclidean,0.01,6.415754857574706e-05,1812.4806224402432,6936.126864961631,64939.841030183095,32469.920515091526,31590.137447998975,5.991874505452057e-05,5.991818119309767e-05,4.734678089742841e-08,3.7010807875737806,0.16123063492080575,0.22464765884782018
2017-04-05,2460,rolling,test,pca_only,8,20,log_euclidean,0.01,5.463529165866476e-05,4245.498742113799,657.2737533799207,2653.7170450408526,1326.8585225204224,884.268566390607,2.0422330799630373e-05,2.0421766938207467e-05,2.864455931442874e-07,2.789166528752841,0.09981868804178301,0.11800594688291255
2017-04-05,2460,ewma,test,pca_only,8,20,log_euclidean,0.01,5.228989156749577e-05,4034.306138223467,674.7109854368373,3355.42357005418,1677.711785027082,1207.4331196915896,2.7671267363447943e-05,2.7670703502025038e-05,2.745613290903109e-07,3.0778506480714403,0.10528961450566689,0.14037975226046626
2017-04-05,2460,ledoit_wolf,test,pca_only,8,20,log_euclidean,0.01,5.07205424971961e-05,7565.634070062142,682.716457707669,316.2793166991015,158.1396583495506,-290.37173942537265,1.527644430917432e-05,1.5275880447751414e-05,5.717258837325803e-06,1.5387483360253966,0.038059780968760136,0.03382367443349965
2017-04-05,2460,oas,test,pca_only,8,20,log_euclidean,0.01,5.017421331267381e-05,7240.290193345318,641.0886567827647,322.0141976157406,161.0070988078702,-287.315999273684,1.5428237418160078e-05,1.5427673556737173e-05,4.8797679171914886e-06,1.7490026315998664,0.04690302961257473,0.04399175353882397
2017-04-05,2460,shrink,test,pca_only,8,20,log_euclidean,0.01,4.924248320585283e-05,6661.59414046717,602.5469026161074,333.89346677641436,166.94673338820706,-281.19223197307747,1.1813149697503935e-05,1.181258583608103e-05,2.7434274799809087e-06,1.9477959663634727,0.08976137728938999,0.07464565583876102
2017-04-05,2460,persistence,test,pca_only,8,20,log_euclidean,0.01,5.9456816480614524e-05,2972.6369748384677,973.5932617688043,8129.513114693897,4064.756557346962,3646.0744652779276,1.8140499014304564e-05,1.813993515288166e-05,1.0384392568331946e-07,2.114962581417193,0.0676271427614308,0.06558172199344131
2017-04-12,2465,D0_pca8,test,pca_only,8,20,log_euclidean,0.01,8.155561727273125e-05,1835.3144356993175,7317.442938986678,55404.82756262533,27702.4137813127,27519.7131490673,3.863706356211962e-05,3.863638301932716e-05,5.2067785839779236e-08,3.117609506923458,0.13616727728739655,0.16171195379884287
2017-04-12,2465,rolling,test,pca_only,8,20,log_euclidean,0.01,6.425838416004516e-05,4190.879973252395,654.2038776985999,3503.8494190513115,1751.924709525659,1303.4584246698232,2.9352958626209324e-05,2.935227808341686e-05,2.687547564545382e-07,2.8758877859215706,0.08972619528521655,0.1210165621097351
2017-04-12,2465,ewma,test,pca_only,8,20,log_euclidean,0.01,6.337070571887181e-05,4002.52569279,651.5234113990888,4716.461459831633,2358.230729915817,1894.5914505532714,3.399158021119135e-05,3.399089966839889e-05,2.3714629679478114e-07,3.049052103681645,0.0905283765736059,0.1407138064343481
2017-04-12,2465,ledoit_wolf,test,pca_only,8,20,log_euclidean,0.01,6.634280442141629e-05,7478.673941223169,636.2325653078049,319.4183414824786,159.7091707412389,-279.7463919117922,1.3681564620219485e-05,1.368088407742702e-05,5.353429697894667e-06,1.489454671328774,0.035789831047857136,0.03112482500635839
2017-04-12,2465,oas,test,pca_only,8,20,log_euclidean,0.01,6.385717513119815e-05,7078.09424488306,594.5598833320562,336.8292853926422,168.4146426963204,-271.0496227276989,1.4833434759887406e-05,1.4832754217094941e-05,4.498496110265892e-06,1.7474448805268914,0.046473776112898914,0.044356340491029704
2017-04-12,2465,shrink,test,pca_only,8,20,log_euclidean,0.01,6.182757275028928e-05,6478.36524898977,573.9659378950697,377.9324747355157,188.96623736775751,-250.19044500956807,1.4006202338055034e-05,1.4005521795262569e-05,2.5770617571889285e-06,2.0200371677551905,0.08598530030121339,0.07662419743740656
2017-04-12,2465,persistence,test,pca_only,8,20,log_euclidean,0.01,7.124276960664586e-05,3051.9683405234355,961.8819722290509,9873.98169067002,4936.990845335,4464.222020134105,1.3122183545448533e-05,1.3121503002656068e-05,6.300056831779595e-08,1.6500137578848821,0.042905407610111405,0.04014157224947465
2017-04-20,2470,D0_pca8,test,pca_only,8,20,log_euclidean,0.01,0.0001250228382609235,1873.817671198652,6717.748697973352,87508.36865371455,43754.18432685728,43092.79772596875,6.252374808879071e-05,6.252267958931021e-05,6.60558722090352e-08,4.267841661317445,0.184563287325279,0.31105212050895137
2017-04-20,2470,rolling,test,pca_only,8,20,log_euclidean,0.01,9.327365857999433e-05,4199.61180899177,637.1013269920112,4601.486784024441,2300.7433920122285,1830.5006364683766,3.2634528179446224e-05,3.263345967996572e-05,2.3289699267869367e-07,2.8883466595717127,0.10531126945367929,0.12799070335613244
2017-04-20,2470,ewma,test,pca_only,8,20,log_euclidean,0.01,9.885186980168294e-05,4012.7085213500377,696.4228562500409,5124.967057334369,2562.4835286671905,2084.4148403485183,3.525311941576998e-05,3.5252050916289475e-05,2.3208546587468836e-07,2.9395675779421437,0.11343289174302826,0.13773606917019718
2017-04-20,2470,ledoit_wolf,test,pca_only,8,20,log_euclidean,0.01,0.00010183331577172584,6901.454662775362,650.9535889949667,354.7677798675252,177.38388993376236,-257.8052314016431,1.9991008157773853e-05,1.9989939658293352e-05,4.3347753716340746e-06,1.7878894693801806,0.053425581008041026,0.048010864590602394
2017-04-20,2470,oas,test,pca_only,8,20,log_euclidean,0.01,0.00010073376484078002,6808.30239149754,638.4635715785672,366.0007320343309,183.00036601716516,-252.3212002726183,2.062030018985654e-05,2.061923169037604e-05,4.0905918843248745e-06,1.8568844133184108,0.05757489279290237,0.05189536082792711
2017-04-20,2470,shrink,test,pca_only,8,20,log_euclidean,0.01,9.67684924134249e-05,6352.471317925272,596.2503288416018,386.93783007731577,193.46891503865774,-243.32330485406865,1.6034806277441235e-05,1.6033737777960734e-05,2.5981803596358197e-06,2.093448312945915,0.09583526169928841,0.0866229748409749
2017-04-20,2470,persistence,test,pca_only,8,20,log_euclidean,0.01,0.00010924397764033904,3049.475507201453,931.0562049208561,11276.961609892749,5638.480804946386,5154.04142549068,1.7408846400848104e-05,1.7407777901367604e-05,4.830672861448106e-08,1.529625168499723,0.04700139166939792,0.032610304996719124
2017-04-27,2475,D0_pca8,test,pca_only,8,20,log_euclidean,0.01,0.00011894244625383299,1902.7439350681273,6464.440714859099,104760.47404760728,52380.23702380363,52285.50349214831,5.624346452043725e-05,5.624180914110284e-05,5.133955735121095e-08,3.9252268862298108,0.17063767954107747,0.2817908369991449
2017-04-27,2475,rolling,test,pca_only,8,20,log_euclidean,0.01,8.548704123305379e-05,4224.2734747967825,624.4328561050273,4186.2111461027935,2093.1055730513935,1656.6126392888225,4.024141751006099e-05,4.023976213072658e-05,2.5920467682295827e-07,3.0044249241011816,0.1071741108304778,0.13686508270628356
2017-04-27,2475,ewma,test,pca_only,8,20,log_euclidean,0.01,0.00010136752559503458,4053.576272125254,753.6719268973185,4132.006830410404,2066.003415205212,1635.8489746100763,3.982783010576534e-05,3.982617472643093e-05,2.7918910015565826e-07,3.067010650125872,0.11015455163191117,0.13968150507350266
2017-04-27,2475,ledoit_wolf,test,pca_only,8,20,log_euclidean,0.01,9.186120795795817e-05,6895.588351211616,567.1909184368121,352.567557678844,176.28377883942224,-259.62296321083466,1.9745314309488133e-05,1.9743658930153727e-05,4.460144243116907e-06,1.874807954235956,0.054223679397824645,0.05133358077302553
2017-04-27,2475,oas,test,pca_only,8,20,log_euclidean,0.01,9.08281986298455e-05,6786.210557855709,558.2528636258298,365.6908759685051,182.8454379842528,-253.03189482050053,2.082055583749038e-05,2.0818900458155976e-05,4.152075179743157e-06,1.951275005307465,0.05885553035108469,0.05596155495102709
2017-04-27,2475,shrink,test,pca_only,8,20,log_euclidean,0.01,8.816803929623911e-05,6425.1731888235245,544.9500496185588,376.282546745585,188.14127337279245,-248.9488625843036,1.4437830330263331e-05,1.4436174950928926e-05,2.648217511417968e-06,2.067245307522612,0.11528953213726638,0.09473497464118566
2017-04-27,2475,persistence,test,pca_only,8,20,log_euclidean,0.01,0.00010676087930390463,3138.0517001347807,907.4955939900987,8329.575640894756,4164.787820447377,3783.164817992982,1.2789792068439807e-05,1.2788136689105401e-05,7.764107833515563e-08,1.6983632699149955,0.05651175223308545,0.04173694006238876
2017-05-04,2480,D0_pca8,test,pca_only,8,20,log_euclidean,0.01,6.283798549112795e-05,1836.0372571347725,6051.055767878235,57855.92275244722,28927.961376223608,28499.07658025431,3.365218401943225e-05,3.365086671539545e-05,6.465429456594852e-08,3.7478238114111146,0.17239225425304075,0.2478532030475721
2017-05-04,2480,rolling,test,pca_only,8,20,log_euclidean,0.01,4.383904084477093e-05,4212.090811016225,603.0893802835249,2807.931008924394,1403.9655044621973,940.2310444927559,2.0370834467131953e-05,2.0369517163095152e-05,2.7941539981212765e-07,2.894331445548353,0.12251977873709125,0.13035641649459087
2017-05-04,2480,ewma,test,pca_only,8,20,log_euclidean,0.01,7.81865802066304e-05,4049.737596888848,755.7587614332484,2333.7007516957074,1166.8503758478578,707.5085553170713,2.1111229023537837e-05,2.1109911719501037e-05,3.336954547439001e-07,2.7469783049907526,0.12047149429510613,0.1171849742878966
2017-05-04,2480,ledoit_wolf,test,pca_only,8,20,log_euclidean,0.01,4.820950823390757e-05,7182.760509405891,674.4218507203307,314.64535815786076,157.3226790789302,-291.718279726316,1.4999478209869439e-05,1.4998160905832637e-05,4.978591031198348e-06,1.6662958065754265,0.04953169604669232,0.04122981567689736
2017-05-04,2480,oas,test,pca_only,8,20,log_euclidean,0.01,4.621258389495632e-05,6923.771603063412,624.3992012366347,326.26723430561276,163.13361715280644,-286.0588726791642,1.5498624834933725e-05,1.5497307530896925e-05,4.289792922766789e-06,1.8366808166276232,0.06216759110552227,0.05063051281739548
2017-05-04,2480,shrink,test,pca_only,8,20,log_euclidean,0.01,4.6403508233341205e-05,6434.0649716826865,589.8370209701781,347.58110483605446,173.7905524180276,-276.51607604251205,1.3746397897023254e-05,1.3745080592986452e-05,2.380340526738222e-06,2.0094346433982384,0.11016422276405281,0.08975396650140176
2017-05-04,2480,persistence,test,pca_only,8,20,log_euclidean,0.01,7.642799207244693e-05,3244.7770019207956,863.8684376689249,5007.005291939293,2503.502645969647,2084.9014692566175,2.171679570032216e-05,2.171547839628536e-05,8.341279534100372e-08,1.5743041290310387,0.05059942736454641,0.03351005739102156
2017-05-11,2485,D0_pca8,test,pca_only,8,20,log_euclidean,0.01,8.060915041899966e-05,1773.7891708672068,6793.720594790624,61836.210346602114,30918.105173301068,29721.775346890245,2.624127374769056e-05,2.623995942275226e-05,5.412242367630887e-08,3.695332491359618,0.16752015015562105,0.23529529478133968
2017-05-11,2485,rolling,test,pca_only,8,20,log_euclidean,0.01,5.793804467098674e-05,4208.984713347794,796.5321029985682,2879.9415232872666,1439.9707616436376,945.1966577577443,2.7197509402902063e-05,2.7196195077963764e-05,2.3482993935621744e-07,2.62236335312272,0.1014128765245834,0.11062942923667958
2017-05-11,2485,ewma,test,pca_only,8,20,log_euclidean,0.01,8.043391973322061e-05,4061.6519669122363,905.9882814570838,2429.763636916515,1214.8818184582624,728.2258145754288,2.8795622959543113e-05,2.8794308634604814e-05,2.9846915057362446e-07,2.561104715881986,0.09723061745722826,0.10456681875692303
2017-05-11,2485,ledoit_wolf,test,pca_only,8,20,log_euclidean,0.01,6.31705295079787e-05,7219.830327472195,785.7494209810963,315.70543000780594,157.8527150039033,-291.58895457726345,2.1260199127774995e-05,2.1258884802836696e-05,4.678590774432674e-06,1.6246196431373323,0.050700125849887284,0.03889839352773372
2017-05-11,2485,oas,test,pca_only,8,20,log_euclidean,0.01,6.0906454930623625e-05,6957.629240551689,750.6184709241577,327.1062665604409,163.5531332802206,-286.3661883450596,2.2582701236774148e-05,2.258138691183585e-05,3.9865937981178e-06,1.7731442430720854,0.05777189370613209,0.04704943837406354
2017-05-11,2485,shrink,test,pca_only,8,20,log_euclidean,0.01,6.066092323398955e-05,6434.3162776011795,736.9492356082749,362.99678281165995,181.4983914058301,-270.01454470656455,2.155028174422729e-05,2.154896741928899e-05,1.9948010877152848e-06,1.9199573266909804,0.1289767182568344,0.09355294059001897
2017-05-11,2485,persistence,test,pca_only,8,20,log_euclidean,0.01,9.505894935632955e-05,3237.287958687002,1099.91275211957,4380.956555568569,2190.4782777843,1672.051281174015,2.7403630240578084e-05,2.7402315915639785e-05,1.0364329791728393e-07,1.5937132727572159,0.05183209772569269,0.03525114490681357
2017-05-18,2490,D0_pca8,test,pca_only,8,20,log_euclidean,0.01,4.9103547936457716e-05,1822.539332580644,8231.697301715547,38811.53635073437,19405.76817536719,18453.135125354613,4.208422145961577e-05,4.2083399706839896e-05,7.463565528915086e-08,3.479472565745572,0.12084817189027569,0.2060929806161206
2017-05-18,2490,rolling,test,pca_only,8,20,log_euclidean,0.01,5.383348474213809e-05,4363.136607017538,1020.6417266003953,2796.5490973910623,1398.2745486955328,908.3365238871535,3.692034540432609e-05,3.691952365155022e-05,2.7214923343499815e-07,2.778036917245275,0.10852418151768273,0.1163456457865686
2017-05-18,2490,ewma,test,pca_only,8,20,log_euclidean,0.01,0.00010352963680508186,4184.600748076521,1166.0246192954255,2182.206298323337,1091.1031491616698,610.0387963856298,3.303454039348663e-05,3.3033718640710756e-05,3.5066995138975955e-07,2.620845532660587,0.09712213011286276,0.1044343426903664
2017-05-18,2490,ledoit_wolf,test,pca_only,8,20,log_euclidean,0.01,4.1772986365074124e-05,7305.453871943683,762.4749036508174,328.08612964036195,164.04306482018086,-292.25772574445034,2.2334623213813597e-05,2.2333801461037728e-05,5.153739963593369e-06,1.655198176633636,0.042163402840515375,0.04084880630203756
2017-05-18,2490,oas,test,pca_only,8,20,log_euclidean,0.01,4.388328930421696e-05,7004.327996790893,783.789003417332,342.62461656456793,171.31230828228374,-285.4165559364295,2.4379842034737117e-05,2.437902028196125e-05,4.282556171430097e-06,1.852665497783033,0.049215310306352754,0.05111931736345303
2017-05-18,2490,shrink,test,pca_only,8,20,log_euclidean,0.01,4.6740058407813637e-05,6550.179645321597,811.7886082102334,378.12499521890476,189.06249760945244,-269.04229549979294,2.389719735851791e-05,2.389637560574204e-05,2.4197459506557517e-06,2.0199646111214906,0.09646662289476247,0.0928810826967082
2017-05-18,2490,persistence,test,pca_only,8,20,log_euclidean,0.01,0.000126930429838541,3399.972404842867,1265.0584165627192,3713.9238024352044,1856.9619012176245,1353.2172006211335,2.449088178255776e-05,2.449006002978189e-05,1.3886063491304824e-07,1.707369000137242,0.054967927020252924,0.04170162061912356
2017-05-25,2495,D0_pca8,test,pca_only,8,20,log_euclidean,0.01,5.8215419147614285e-05,1834.259943275659,7734.872974805952,65641.28515338156,32820.64257669078,31748.647828872858,4.122540013672332e-05,4.122455757204021e-05,3.809417929852389e-08,3.5290049691732825,0.14285545376475867,0.2116844014686107
2017-05-25,2495,rolling,test,pca_only,8,20,log_euclidean,0.01,5.39725721264354e-05,4305.141744013874,939.4723963717305,2332.844025106363,1166.422012553184,680.2745589289468,2.314551326505958e-05,2.314467070037647e-05,3.1994767407590954e-07,2.9623714699805546,0.08360552082286875,0.1310748766148639
2017-05-25,2495,ewma,test,pca_only,8,20,log_euclidean,0.01,7.24821051580436e-05,4122.69774815939,972.8959531103169,2003.3293939817336,1001.6646969908577,523.6247462010231,2.182094390999722e-05,2.182010134531411e-05,3.548117235677048e-07,2.7193960372991444,0.07797009962555912,0.11570194124372492
2017-05-25,2495,ledoit_wolf,test,pca_only,8,20,log_euclidean,0.01,4.526589183440449e-05,7352.041203583314,747.9469621060807,313.9959043602683,156.9979521801342,-298.0113619913458,1.851208876892804e-05,1.851124620424493e-05,5.358566770240642e-06,1.6470558803380646,0.040685889195673244,0.039719645741386894
2017-05-25,2495,oas,test,pca_only,8,20,log_euclidean,0.01,4.632688039354991e-05,7057.868346297555,754.030334605301,321.81100522532176,160.90550261266094,-294.4366719765748,1.9183472029566725e-05,1.9182629464883616e-05,4.539080149947926e-06,1.8148113860788093,0.04861065204722779,0.049201424183845724
2017-05-25,2495,shrink,test,pca_only,8,20,log_euclidean,0.01,4.814358027987485e-05,6591.0471025074185,774.7021757296129,350.44393836845484,175.2219691842269,-281.32694686256815,1.9034991203347286e-05,1.9034148638664176e-05,2.586922027718073e-06,1.9635160570933239,0.12639604221615539,0.0980462353171681
2017-05-25,2495,persistence,test,pca_only,8,20,log_euclidean,0.01,0.00011014429799522682,3273.03117973384,1146.3924591001914,3450.7191037359758,1725.3595518679806,1239.8469832026083,2.3579520707969065e-05,2.3578678143285955e-05,1.6116122220392676e-07,1.9244838580301062,0.05488346838309208,0.05076484120862744
2017-06-02,2500,D0_pca8,test,pca_only,8,20,log_euclidean,0.01,8.074819723382346e-05,1828.3200340030592,7526.046419124207,62434.29960384114,31217.149801920557,30297.84919002463,8.268339394995033e-05,8.268206281016511e-05,4.841461843276253e-08,3.679540330261188,0.1498052750489476,0.226990342146111
2017-06-02,2500,rolling,test,pca_only,8,20,log_euclidean,0.01,6.791469183298139e-05,4318.969422860138,914.942905259891,2704.502141750573,1352.2510708752861,880.9311996864226,3.877622398242607e-05,3.877489284264084e-05,2.787644739352102e-07,2.7202386507240233,0.09802099549151082,0.11822426352858224
2017-06-02,2500,ewma,test,pca_only,8,20,log_euclidean,0.01,7.076385728703902e-05,4130.190700314124,955.2171531242534,2503.0998293313914,1251.5499146657035,787.1015003444372,3.569457570685704e-05,3.5693244567071813e-05,2.97567712769876e-07,2.637791009357406,0.10133993595670573,0.11235550401377162
2017-06-02,2500,ledoit_wolf,test,pca_only,8,20,log_euclidean,0.01,6.582699127994406e-05,7432.954895659826,871.1956938716683,315.34014602024536,157.67007301012305,-291.44132775250915,3.287192934440451e-05,3.2870598204619285e-05,4.683508140090697e-06,1.4813540691157328,0.041252866217127725,0.03126771339486196
2017-06-02,2500,oas,test,pca_only,8,20,log_euclidean,0.01,6.49750077128776e-05,7111.270198419686,849.4609064300246,325.32597360060254,162.6629868003016,-286.6247328056406,3.421935419898186e-05,3.421802305919663e-05,3.977174196640272e-06,1.6346492972312274,0.051352846496014834,0.0393936600653838
2017-06-02,2500,shrink,test,pca_only,8,20,log_euclidean,0.01,6.607020955605405e-05,6547.600141219755,830.5136613482083,362.003438230292,181.00171911514596,-268.93398314294836,2.9111418298144352e-05,2.911008715835913e-05,2.4187140596740926e-06,1.8502410645496392,0.10978701363779675,0.07858105676963129
2017-06-02,2500,persistence,test,pca_only,8,20,log_euclidean,0.01,8.589087155752828e-05,3244.3211464743963,1175.020707481188,4966.321464245229,2483.1607321225893,2016.5625622102282,3.456226748551369e-05,3.4560936345728466e-05,1.4622170928831956e-07,2.006211634608123,0.05680004671960704,0.058854790896909176
2017-06-09,2505,D0_pca8,test,pca_only,8,20,log_euclidean,0.01,519.2653330640136,2139.2931257357022,7300.350048283229,151335928.4446677,75667964.22233385,71326793.67861483,0.018809247505491664,0.018786617538550203,2.9592866799204404e-08,3.3415332991326347,0.1318922976162127,0.18024477863655985
2017-06-09,2505,rolling,test,pca_only,8,20,log_euclidean,0.01,519.2601261155304,4775.065010800526,1251.5808877249563,6287926.705411858,3143963.352705929,2963829.2254413487,0.002806456363198261,0.0027838263962568005,3.1395006582392345e-07,2.8710770639846146,0.11386761095587804,0.12755326675531756
2017-06-09,2505,ewma,test,pca_only,8,20,log_euclidean,0.01,519.2597182839735,4590.254473778172,1235.5050785008498,6491164.898977433,3245582.4494887167,3059898.940064154,0.0015866507968352516,0.001564020829893791,3.0330863512810855e-07,2.760205361162685,0.10529975409329301,0.11837064096739242
2017-06-09,2505,ledoit_wolf,test,pca_only,8,20,log_euclidean,0.01,519.2583822458723,7621.474738670683,1211.6524738851094,199132.71419966404,99566.35709983202,93630.18799790941,0.0025819110766637622,0.0025592811097223016,5.029242318112411e-06,1.4922094449283256,0.0401489803762953,0.032461934062846726
2017-06-09,2505,oas,test,pca_only,8,20,log_euclidean,0.01,519.2589187132785,7335.822341220575,1192.1833545726813,267498.80663078465,133749.40331539232,125849.6932372279,0.001062967137764356,0.0010403371708228954,4.356003727095073e-06,1.6557585994657402,0.04711305125759431,0.040962584193254686
2017-06-09,2505,shrink,test,pca_only,8,20,log_euclidean,0.01,519.2607471119605,6801.060872915412,1169.6684043625082,915682.969138765,457841.4845693825,432529.64769440965,4.107956965331591e-05,1.844960271185529e-05,2.783239102072136e-06,1.893949911788382,0.08752532054080159,0.0747350187461969
2017-06-09,2505,persistence,test,pca_only,8,20,log_euclidean,0.01,519.258809508973,3604.2850675479185,1360.583233007115,7717694.359145679,3858847.1795728393,3634219.567817211,0.006592212396329866,0.006569582429388405,1.4863108960372184e-07,1.9989914388239682,0.06149431264306566,0.057099151810717605
2017-06-16,2510,D0_pca8,test,pca_only,8,20,log_euclidean,0.01,519.265531521856,2131.764699027125,7160.430417237352,150064903.0767192,75032451.5383596,70723732.15915251,0.025042353421559846,0.0250186422162979,4.274850583442908e-08,3.7111027867058612,0.16314036753210034,0.24910792052065875
2017-06-16,2510,rolling,test,pca_only,8,20,log_euclidean,0.01,519.260021798743,4758.771714401559,1244.637217295815,6157801.570886326,3078900.785443163,2903215.191956266,0.002274116986270074,0.0022504057810081293,3.937583458452087e-07,3.078395917444215,0.10025609336331538,0.15012314957914838
2017-06-16,2510,ewma,test,pca_only,8,20,log_euclidean,0.01,519.2603705736459,4574.123313199207,1256.4619473557407,6310126.219781349,3155063.1098906747,2974833.7310874662,0.0026514097710722342,0.0026276985658102896,3.6472199078958576e-07,2.911433050022824,0.09077809259457092,0.13455221307825668
2017-06-16,2510,ledoit_wolf,test,pca_only,8,20,log_euclidean,0.01,519.2581162349089,7703.257991467341,1225.0351467309165,186520.76116895466,93260.38058447733,87690.31621177265,0.004440755643982938,0.004417044438720994,5.7372474827225386e-06,1.478201414098354,0.04723739931211959,0.03269709433569782
2017-06-16,2510,oas,test,pca_only,8,20,log_euclidean,0.01,519.2587290780987,7397.157452129448,1197.2673961448882,255475.11898414767,127737.55949207384,120191.02634083242,0.0024756487850892423,0.0024519375798272977,5.019689808675816e-06,1.6723748945399866,0.05611137499835908,0.04262244083584152
2017-06-16,2510,shrink,test,pca_only,8,20,log_euclidean,0.01,519.2606657338484,6906.405094606878,1184.3079124445512,920163.484332176,460081.742166088,434919.79994773155,0.008787605301201564,0.00876389409593962,3.455179157702374e-06,1.969016209446084,0.1004509734142565,0.0768994979442938
2017-06-16,2510,persistence,test,pca_only,8,20,log_euclidean,0.01,519.2605588917376,3530.611519197059,1447.579940805531,9506019.038367255,4753009.519183627,4477583.001256984,0.024414398298070357,0.02439068709280841,9.088194750179137e-08,1.7160133704324423,0.04529758047874061,0.04155107062370289
2017-06-23,2515,D0_pca8,test,pca_only,8,20,log_euclidean,0.01,519.2657637089511,2115.3367234269404,7610.075941754794,163653156.77850124,81826578.38925062,77126193.62389146,0.028412910736532102,0.028391539989685462,3.8139103602001573e-08,3.800884391141039,0.18142024703610815,0.25822035486269335
2017-06-23,2515,rolling,test,pca_only,8,20,log_euclidean,0.01,519.2600403983146,4803.7582002326535,1333.708982295966,5687128.22281401,2843564.111407005,2680846.118406648,0.02911791315104622,0.02909654240419958,5.493629509546317e-07,3.373237439783785,0.12793184939550825,0.19539306525929734
2017-06-23,2515,ewma,test,pca_only,8,20,log_euclidean,0.01,519.2610438363604,4595.6730377162585,1318.142213088879,5930722.34988404,2965361.17494202,2795387.220232224,0.04462214330687723,0.04460077256003059,4.950717785511923e-07,3.2366815005632543,0.11439536466185718,0.17793277301763677
2017-06-23,2515,ledoit_wolf,test,pca_only,8,20,log_euclidean,0.01,519.2580916129289,7762.655083743002,1258.9321725227542,181618.7561584576,90809.3780792288,85385.92455482672,0.010727921332297486,0.010706550585450844,6.517624239096686e-06,1.472094683296338,0.055147341772003186,0.03341533891787965
2017-06-23,2515,oas,test,pca_only,8,20,log_euclidean,0.01,519.2586625658221,7489.62014678039,1245.7338177926376,239857.48467739968,119928.74233869984,112835.31878157766,0.011342140567319582,0.011320769820472941,5.9289277097363085e-06,1.6345503008689461,0.06551155332754005,0.042779975165018115
2017-06-23,2515,shrink,test,pca_only,8,20,log_euclidean,0.01,519.2606337694513,7002.114624822445,1242.3098553115578,869166.0263617705,434583.01318088523,410846.6303455866,0.05306439118751572,0.05304302044066908,4.194824281155491e-06,1.8845723983980782,0.121427144603438,0.07780926322834202
2017-06-23,2515,persistence,test,pca_only,8,20,log_euclidean,0.01,519.2625274547805,3530.7337825966806,1486.867614768409,9367059.424148543,4683529.712074271,4412491.310027228,0.05316514849245265,0.05314377774560601,9.58499809306849e-08,1.6782612378022903,0.052147285710834386,0.04275323679095545
2017-06-30,2520,D0_pca8,test,pca_only,8,20,log_euclidean,0.01,519.2645123994316,2194.955186262763,8870.068455672652,113751411.19765882,56875705.59882941,53601741.526920296,0.014052385903485372,0.014036062630363957,4.6346479674035025e-08,3.5343005395030738,0.17085579774791837,0.2094430185067017
2017-06-30,2520,rolling,test,pca_only,8,20,log_euclidean,0.01,519.2590029191256,4749.8665886157905,1284.7809836860501,5454673.122033833,2727336.5610169163,2570969.594061503,0.036575456833073686,0.03655913355995227,5.283377184531171e-07,3.4248267704706707,0.11644849819975035,0.18569586983579714
2017-06-30,2520,ewma,test,pca_only,8,20,log_euclidean,0.01,519.2602239183016,4544.7783514558605,1392.9600515213804,6066717.84764894,3033358.92382447,2859691.0757025024,0.0334903417397166,0.03347401846659519,4.792137867920856e-07,3.406423949897878,0.11401786743758273,0.1827449433663404
2017-06-30,2520,ledoit_wolf,test,pca_only,8,20,log_euclidean,0.01,519.2572229404102,7694.414454088297,1083.7612608197437,192521.18010435285,96260.59005217643,90531.5795323503,0.013980134324559978,0.013963811051438563,6.909186820228492e-06,1.5657523639377184,0.058965924058267144,0.0398762454950977
2017-06-30,2520,oas,test,pca_only,8,20,log_euclidean,0.01,519.2576969837772,7449.610620968719,1096.38631664494,246886.28152465,123443.140762325,116157.60704400793,0.01555127285564832,0.015534949582526904,6.216456858718518e-06,1.7523837208485329,0.06608568200139264,0.04946370937999399
2017-06-30,2520,shrink,test,pca_only,8,20,log_euclidean,0.01,519.2595949463772,7019.338568824728,1126.0186158791314,756008.2970312972,378004.1485156486,357216.43857033766,0.030722587860848853,0.030706264587727437,4.012296487107378e-06,1.976217444958164,0.12710704924255628,0.08628201825554693
2017-06-30,2520,persistence,test,pca_only,8,20,log_euclidean,0.01,519.2608747538176,3539.949766679222,1489.1987592051119,8315319.096938756,4157659.548469378,3917378.8656265065,0.031132045209014803,0.031115721935893386,1.3525780832305847e-07,1.8923900652509327,0.08554392795399926,0.053589717610476116
2017-07-10,2525,D0_pca8,test,pca_only,8,20,log_euclidean,0.01,5.342123459077541e-05,1962.8629667949833,8886.135793200989,71284.1287836994,35642.06439184969,34925.380912794004,4.9045532851428605e-05,4.904513559458257e-05,5.580294379030664e-08,3.6678609140458716,0.15903237695755523,0.23482145292863732
2017-07-10,2525,rolling,test,pca_only,8,20,log_euclidean,0.01,78.07390803066833,4877.461997921614,993.3739232208465,415.3435400756713,207.67177003783613,-240.74252416688455,9.129157783447474e-06,9.128760526601436e-06,2.2549277030453767e-05,1.1422582121723925,0.025244912046779942,0.017139850478632732
2017-07-10,2525,ewma,test,pca_only,8,20,log_euclidean,0.01,543.965100610275,4702.47441947129,1388.4565204503292,494.7014376261433,247.35071881310932,-201.02837675113966,1.1544946858856075e-05,1.1544549602010036e-05,3.7775885068716094e-05,1.0093468888901727,0.018702869022796685,0.011591380318929475
2017-07-10,2525,ledoit_wolf,test,pca_only,8,20,log_euclidean,0.01,20.444367169283325,19302.694370432408,680.9803499268123,769.3092712411128,384.6546356205565,-63.69957224594543,1.1106175316314898e-05,1.110577805946886e-05,0.00045052821934595574,1.0000852013294879,0.01128131035039397,0.010301266944079495
2017-07-10,2525,oas,test,pca_only,8,20,log_euclidean,0.01,69.20084551273554,13553.229417379329,669.9878172478143,533.1510506896449,266.57552534481783,-181.794763145231,9.55930383228384e-06,9.558906575437802e-06,6.154933746917977e-05,1.007320715316681,0.01747048497321129,0.011466353095346615
2017-07-10,2525,shrink,test,pca_only,8,20,log_euclidean,0.01,51.52530372644108,7958.115044219776,743.9286595057998,430.4194473073776,215.20972365368925,-233.20663394406847,9.101517640404356e-06,9.101120383558317e-06,1.93835879199034e-05,1.075306631273208,0.021783515774751187,0.014657336822396795
2017-07-10,2525,persistence,test,pca_only,8,20,log_euclidean,0.01,519.2618850339531,3678.8513111229186,1563.2137804055494,492.75493064961415,246.3774653248592,-202.00042591792857,1.1432734672390144e-05,1.1432337415544105e-05,3.752692698342885e-05,1.0210388403816835,0.01900703153074596,0.012188196572257117
2017-07-17,2530,D0_pca8,test,pca_only,8,20,log_euclidean,0.01,5.89466184750202e-05,1926.0421710291182,7081.509352332463,48893.33471117164,24446.667355585814,23635.747135919497,1.7571264765372643e-05,1.75701849713322e-05,5.6060654950342066e-08,3.0108130070495984,0.10055941390783597,0.15211079471635494
2017-07-17,2530,rolling,test,pca_only,8,20,log_euclidean,0.01,78.0733450082997,4847.790407721879,863.8773158057285,403.9974074333347,201.99870371666864,-240.61319552380854,1.8417252755500432e-05,1.841617296145999e-05,2.3496731957407865e-05,1.1545398757814012,0.026253405580748138,0.01744658268657415
2017-07-17,2530,ewma,test,pca_only,8,20,log_euclidean,0.01,292.9864608731736,4659.271827893739,1142.8310584320088,456.73995078316216,228.36997539160745,-214.13507858372773,2.8415915256967517e-05,2.8414835462927074e-05,3.144826254341065e-05,1.02585712478606,0.018952907887140092,0.012316085419101291
2017-07-17,2530,ledoit_wolf,test,pca_only,8,20,log_euclidean,0.01,20.443619169283185,19290.837646841355,841.9447612935626,757.3503411810389,378.6751705905197,-63.69432195885453,3.570434662102224e-05,3.5703266826981795e-05,0.00045115424672788037,1.0000768364941053,0.011316921351752093,0.0103012861839842
2017-07-17,2530,oas,test,pca_only,8,20,log_euclidean,0.01,69.20182132006302,13537.766759249207,814.8301817413158,521.2087590755406,260.60437953776795,-181.82889050033324,2.7412127838792836e-05,2.7411048044752393e-05,6.279540384908739e-05,1.007566362370367,0.017382162647650197,0.011504450664402444
2017-07-17,2530,shrink,test,pca_only,8,20,log_euclidean,0.01,51.524834054465124,7868.345974343645,687.719320813228,419.3576780552587,209.67883902762935,-232.94283611047587,2.1525150220984243e-05,2.15240704269438e-05,2.0039123952705456e-05,1.0798428237966153,0.022393940758770506,0.014882514744398698
2017-07-17,2530,persistence,test,pca_only,8,20,log_euclidean,0.01,519.2611953995729,3638.2092091764307,1433.2672237434092,481.7354394836111,240.86771974180635,-201.60442916605808,3.1365554409893945e-05,3.13644746158535e-05,3.803103877610991e-05,1.014761898028425,0.019559300588066927,0.01187505272473175
2017-07-24,2535,D0_pca8,test,pca_only,8,20,log_euclidean,0.01,7.09508642642464e-05,1898.2368426392159,5626.740579063908,122088.18284095752,61044.091420478755,59681.1097505443,4.177443242534028e-05,4.177290378356663e-05,3.2520161709142354e-08,3.7037011331319167,0.1768220284718698,0.25551824405904483
2017-07-24,2535,rolling,test,pca_only,8,20,log_euclidean,0.01,78.07330609095511,4870.957266475194,959.6360092867767,403.88134124787894,201.9406706239638,-240.66173098247242,2.4173833922102458e-05,2.41723052803288e-05,2.3898066312814767e-05,1.1449362626003239,0.026679394105784092,0.01765207823187725
2017-07-24,2535,ewma,test,pca_only,8,20,log_euclidean,0.01,157.80704825014357,4681.392708500169,1176.3672133734544,431.42329846293774,215.7116492315017,-226.84756362321022,3.493338181987078e-05,3.493185317809712e-05,2.5059338892695063e-05,1.0387599947864121,0.019727858572601373,0.013052881346658158
2017-07-24,2535,ledoit_wolf,test,pca_only,8,20,log_euclidean,0.01,20.44354074969702,19298.27405205903,1038.576321208678,757.549612689584,378.77480634479156,-63.695108329968626,4.376038428923863e-05,4.3758855647464974e-05,0.00045114889494345085,1.0000863798067903,0.011313938707686669,0.010300944996954322
2017-07-24,2535,oas,test,pca_only,8,20,log_euclidean,0.01,69.20227450490248,13542.020086922557,1009.5015659864382,521.2403070804112,260.6201535402062,-181.87419827544073,3.442760247579973e-05,3.442607383402608e-05,6.311181581847796e-05,1.00823053562469,0.017406610698604386,0.011475509230953964
2017-07-24,2535,shrink,test,pca_only,8,20,log_euclidean,0.01,51.52480302713598,7843.252683757796,805.5763889653977,419.2732862138803,209.6366431069397,-232.9466472042315,2.815338009683514e-05,2.815185145506148e-05,2.0473874548524397e-05,1.0695932596564635,0.022983957115995955,0.014881263350071252
2017-07-24,2535,persistence,test,pca_only,8,20,log_euclidean,0.01,519.2616201945352,3700.655648671901,1634.1467342167944,481.7810288414894,240.890514420736,-201.60958030481632,4.1408546498331486e-05,4.140701785655783e-05,3.2975421674789726e-05,1.007113273012525,0.017473687386940363,0.011527547727733907
2017-07-31,2540,D0_pca8,test,pca_only,8,20,log_euclidean,0.01,4.9896427563141926e-05,1837.7544785352788,5178.007057557596,55961.70854529452,27980.854272647255,27221.374006954422,5.813394006160024e-05,5.813259395781069e-05,4.9220898168297607e-08,3.216621267510178,0.140282648806461,0.181457369453996
2017-07-31,2540,rolling,test,pca_only,8,20,log_euclidean,0.01,78.07258056735552,4840.779350807177,1357.7121067784274,419.57709074031675,209.78854537016176,-242.8593363636033,3.640431752788907e-05,3.640297142409952e-05,2.012266344717609e-05,1.0682991363460355,0.023999980216938607,0.01456053453836017
2017-07-31,2540,ewma,test,pca_only,8,20,log_euclidean,0.01,84.99663690286563,4641.408824145385,1563.6612737704668,425.29243726693494,212.64621863345704,-239.9942719452766,4.2077772744254595e-05,4.2076426640465044e-05,1.838194555744152e-05,1.045994181444037,0.02089100634925698,0.01349840293629893
2017-07-31,2540,ledoit_wolf,test,pca_only,8,20,log_euclidean,0.01,20.44340005511833,19324.115792216013,1428.7558996060482,777.5054848244356,388.75274241221825,-63.75858397660979,5.202970247799323e-05,5.202835637420368e-05,0.0004461850568470093,1.0002092944983165,0.011265337466699348,0.010299145217183649
2017-07-31,2540,oas,test,pca_only,8,20,log_euclidean,0.01,69.20177913931634,13551.460755175853,1411.8866971724938,540.251698941648,270.1258494708189,-182.41830094452934,4.52717565618418e-05,4.527041045805225e-05,5.603832980537247e-05,1.004576558435318,0.01649526110728334,0.01101007618143233
2017-07-31,2540,shrink,test,pca_only,8,20,log_euclidean,0.01,51.52412006608963,7854.520055488506,1225.2234154888342,434.7069284391507,217.35346421957507,-235.28509057136426,4.096603309533047e-05,4.096468699154092e-05,1.6930809556862684e-05,1.0302809132173445,0.019734375470028678,0.012817845762846428
2017-07-31,2540,persistence,test,pca_only,8,20,log_euclidean,0.01,519.2595661202105,3675.270056376359,2069.437258797931,500.58794310864585,250.29397155431946,-202.28105797752133,5.211722767510854e-05,5.211588157131899e-05,2.6702112882412466e-05,1.0035389679506412,0.014672822708241563,0.010672205505524219
2017-08-07,2545,D0_pca8,test,pca_only,8,20,log_euclidean,0.01,5.077243106218043e-05,1815.3974866811564,4747.549879846755,42058.205058484964,21029.102529242486,20237.010086823262,3.089109764344277e-05,3.0889919867891285e-05,3.764890245753042e-08,3.0231173918662946,0.13214668887753916,0.1487616841580334
2017-08-07,2545,rolling,test,pca_only,8,20,log_euclidean,0.01,78.07345752304343,4817.774200309566,1569.3853622503661,429.7825456388682,214.89127281946014,-244.45369117175193,4.1001189764803564e-05,4.100001198925208e-05,1.887258642063143e-05,1.0472433694951282,0.023275184496924103,0.01395301789513896
2017-08-07,2545,ewma,test,pca_only,8,20,log_euclidean,0.01,45.78120803598585,4631.7949574548,1756.6274794544045,413.5272616433358,206.76363082167873,-252.62366833432142,4.608195383763803e-05,4.608077606208655e-05,1.334778260154982e-05,1.0485380132533648,0.021273584077378324,0.013559683438981602
2017-08-07,2545,ledoit_wolf,test,pca_only,8,20,log_euclidean,0.01,20.4440357849267,19352.944373733266,1759.6328326250882,790.8502712797497,395.4251356398742,-63.78214073814638,5.8324046140729806e-05,5.832286836517832e-05,0.0004451326211707412,1.000201657904191,0.011261720741062794,0.010298812993607676
2017-08-07,2545,oas,test,pca_only,8,20,log_euclidean,0.01,69.20216053052674,13565.639800904986,1736.3235245289802,553.0504846087438,276.52524230437507,-182.7200571797137,5.08115124906405e-05,5.0810334715089016e-05,5.4449318518104924e-05,1.004889805913285,0.016329624950597792,0.010905761179862786
2017-08-07,2545,shrink,test,pca_only,8,20,log_euclidean,0.01,51.5249876864173,7900.6969247391735,1485.2935509463641,444.9736563059953,222.48682815299742,-236.8660013563816,4.588818894715962e-05,4.5887011171608136e-05,1.584388495527604e-05,1.0197031640567358,0.01890797256695312,0.01248802191942613
2017-08-07,2545,persistence,test,pca_only,8,20,log_euclidean,0.01,9.685199674356614e-05,3378.1548539780747,1970.4478679808103,4858.624981923052,2429.3124909615135,1933.6116614960167,4.413578353934884e-05,4.4134605763797354e-05,5.74286476012245e-08,1.3325571471479662,0.04185505670572576,0.023519818581490704
2017-08-14,2550,D0_pca8,test,pca_only,8,20,log_euclidean,0.01,3.444600477421176e-05,1805.633000971648,5899.330344080232,67961.77283894736,33980.88641947368,33340.18518318336,7.706005646598106e-05,7.705882302623713e-05,5.425319774662818e-08,4.128003269302231,0.22234284608621094,0.3072463529272624
2017-08-14,2550,rolling,test,pca_only,8,20,log_euclidean,0.01,78.07264553099021,4781.956582194597,1062.431293072765,431.37274231308015,215.68637115652,-244.28872355786638,2.3361651441192567e-05,2.3360418001448643e-05,2.151516067622682e-05,1.1133972890885624,0.02560809186480422,0.016280803477112665
2017-08-14,2550,ewma,test,pca_only,8,20,log_euclidean,0.01,24.65804002323667,4564.534836477277,931.8924484132169,391.68343681387137,195.8417184069509,-264.1624246554767,2.078349529855531e-05,2.0782261858811387e-05,1.5080751391634125e-05,1.296596241775521,0.03778768706279011,0.02351834402786549
2017-08-14,2550,ledoit_wolf,test,pca_only,8,20,log_euclidean,0.01,20.443627769559203,19335.768426194445,1211.3180683548608,792.2338842268642,396.116942113432,-63.7790805859666,3.943300162575381e-05,3.943176818600989e-05,0.0004487645734045381,1.0000590277569743,0.011338164121078423,0.010300568693352557
2017-08-14,2550,oas,test,pca_only,8,20,log_euclidean,0.01,69.20084102813142,13553.270244632786,1184.300655994459,554.4465663863773,277.2232831931934,-182.6978186097335,3.1795002667291575e-05,3.179376922754765e-05,5.901210669428265e-05,1.0074365315590783,0.017473926988065488,0.011369044807757033
2017-08-14,2550,shrink,test,pca_only,8,20,log_euclidean,0.01,51.52433267578507,7923.212549861096,958.9519150761826,446.16961477792074,223.08480738896088,-236.89867814244712,2.605300040353759e-05,2.6051766963793668e-05,1.8477472358558934e-05,1.0414376008204955,0.02185667682306881,0.014057053662701668
2017-08-14,2550,persistence,test,pca_only,8,20,log_euclidean,0.01,6.185196754620897e-05,3336.1805707279764,986.0637156079063,3810.6988173474674,1905.3494086737587,1423.9973676638497,1.7447946041912517e-05,1.7446712602168593e-05,1.3585183056520482e-07,1.8185246729912803,0.053271826398867114,0.04892351483880511
2017-08-21,2555,D0_pca8,test,pca_only,8,20,log_euclidean,0.01,2.4615730088157733e-05,1790.1724187815025,7389.01140592636,56927.61469130865,28463.807345654302,27718.82056556046,4.385877250130786e-05,4.3858092743853795e-05,3.394727169220942e-08,3.4755661974994454,0.11006172803844204,0.17620153032017352
2017-08-21,2555,rolling,test,pca_only,8,20,log_euclidean,0.01,78.07293983608254,4772.9451898310435,897.7181480865453,437.7082017040399,218.85410085200184,-244.4715100197257,1.236835085907376e-05,1.236767110161969e-05,2.536916264623039e-05,1.1622242383840264,0.02752274511906635,0.017998501893277577
2017-08-21,2555,ewma,test,pca_only,8,20,log_euclidean,0.01,13.281322835500042,4545.911109966575,836.5114856490909,378.68261010921384,189.34130505460539,-274.05647811165016,1.2853816631010058e-05,1.2853136873555989e-05,1.599497193246284e-05,1.5049256480014126,0.03660945297020406,0.03299817246043526
2017-08-21,2555,ledoit_wolf,test,pca_only,8,20,log_euclidean,0.01,20.44369023211496,19335.259175087347,841.413484759533,798.9954696902244,399.49773484511223,-63.786984915130645,2.237275547224489e-05,2.237207571479082e-05,0.0004522503626358033,1.0,0.01132647264745523,0.010301401174792758
2017-08-21,2555,oas,test,pca_only,8,20,log_euclidean,0.01,69.20094445617411,13552.893373758183,818.5989549862023,561.0168316507113,280.50841582535736,-182.77245003879423,1.7265735066197792e-05,1.726505530874372e-05,6.450428555690342e-05,1.0094181086406664,0.01817307880982287,0.011588303101084716
2017-08-21,2555,shrink,test,pca_only,8,20,log_euclidean,0.01,51.52460562110981,7946.123622880703,717.8816344261074,452.35214304737315,226.17607152368674,-237.12954742030274,1.3617066183850894e-05,1.3616386426396825e-05,2.1536844978178774e-05,1.0644168957545712,0.023489246038657163,0.01507868706303736
2017-08-21,2555,persistence,test,pca_only,8,20,log_euclidean,0.01,6.468763789362528e-05,3304.1802935453093,969.7337282703456,3798.9469295415397,1899.4734647707646,1416.174642889148,1.508692171554951e-05,1.5086241958095442e-05,1.7099549628028395e-07,1.9490525728033785,0.06523965016188091,0.061251660790365016
2017-08-28,2560,D0_pca8,test,pca_only,8,20,log_euclidean,0.01,2.9659313664542367e-05,1805.4478526520725,8061.3517452067035,46651.61928586262,23325.809642931337,22740.67508204145,3.0500269788898635e-05,3.049993566236664e-05,6.54193285472424e-08,3.7563070468216835,0.16018518080080996,0.24506410206216234
2017-08-28,2560,rolling,test,pca_only,8,20,log_euclidean,0.01,78.07367200668905,4760.245896732427,910.4918156524681,436.07691635898266,218.03845817948124,-244.33878775566154,5.670105519108372e-06,5.669771392576378e-06,2.6050711154366247e-05,1.1691222907114909,0.02912294338690736,0.018276087662612815
2017-08-28,2560,ewma,test,pca_only,8,20,log_euclidean,0.01,7.1538580340354505,4536.467939292842,913.6319572550663,361.0243659324292,180.51218296618026,-281.88575514251966,3.6746893273679245e-06,3.67435520083593e-06,1.493573041687846e-05,1.6215123686434105,0.05067984904140351,0.03886667100704505
2017-08-28,2560,ledoit_wolf,test,pca_only,8,20,log_euclidean,0.01,20.444075090091502,19344.115703512358,811.298313711404,797.157708631928,398.578854315964,-63.795845665456305,1.5965918215838223e-05,1.596558408930623e-05,0.000452856897091794,1.0000238706646842,0.01131900311644567,0.010301337701349703
2017-08-28,2560,oas,test,pca_only,8,20,log_euclidean,0.01,69.2024364543142,13561.207821844191,787.9666444627205,559.1077174483645,279.5538587241798,-182.80986524325687,1.0557292116594322e-05,1.0556957990062327e-05,6.566890526439866e-05,1.0080470282260374,0.018726716818448435,0.011620848248577237
2017-08-28,2560,shrink,test,pca_only,8,20,log_euclidean,0.01,51.52539216336611,7920.590930403162,714.3070227767796,450.92384844806224,225.4619242240303,-236.8959038391281,7.028634526911125e-06,7.028300400379131e-06,2.2030017614557983e-05,1.0738024696421706,0.024323056409149106,0.01534178361587244
2017-08-28,2560,persistence,test,pca_only,8,20,log_euclidean,0.01,5.82044155480681e-05,3263.8111387908084,1301.1945275389185,4714.997269313541,2357.4986346567775,1882.8238467948777,7.491980825703724e-06,7.49164669917173e-06,1.5814374728384315e-07,1.971864762189579,0.0745972153289594,0.06916442265064468
2017-09-05,2565,D0_pca8,test,pca_only,8,20,log_euclidean,0.01,2.8652007109087315e-05,1832.5225941127958,8161.130491412524,87978.08096816424,43989.04048408212,43510.05617339331,5.4350305134672635e-05,5.4349908044914696e-05,3.340587077903383e-08,3.5129362431662114,0.1946508598232616,0.239333488506674
2017-09-05,2565,rolling,test,pca_only,8,20,log_euclidean,0.01,78.07352382845058,4677.098895950781,953.2442214811107,437.07141228811236,218.5357061440541,-244.29980510701313,6.001281351339396e-06,6.00088426158146e-06,2.5050784117349615e-05,1.1600618547846608,0.0277644211618885,0.017918863254681585
2017-09-05,2565,ewma,test,pca_only,8,20,log_euclidean,0.01,3.8531056848062892,4432.412514578507,898.579558534136,348.83663054937006,174.4183152746803,-288.17181538369096,6.316189237817991e-06,6.315792148060055e-06,1.1155779699529303e-05,1.5995722622440134,0.051236265220152316,0.03984531979888784
2017-09-05,2565,ledoit_wolf,test,pca_only,8,20,log_euclidean,0.01,20.44386087232567,19339.69800865068,724.8617394829066,798.2943222357989,399.1471611178993,-63.80913073102465,1.27662839869607e-05,1.2765886897202764e-05,0.0004521294425394055,1.0001039563048848,0.011329113936338023,0.010301358514467463
2017-09-05,2565,oas,test,pca_only,8,20,log_euclidean,0.01,69.2029787442499,13557.054838171985,710.9346448145999,560.0774050416804,280.0387025208424,-182.8818903836049,8.82785675687836e-06,8.827459667120424e-06,6.445283413023789e-05,1.0066038578445646,0.018547381842319032,0.011590951158144156
2017-09-05,2565,shrink,test,pca_only,8,20,log_euclidean,0.01,51.525237946469254,7881.101197400123,719.5082310686256,451.9994968147213,225.99974840736144,-236.82337210460247,6.7859498856059455e-06,6.7855527958480094e-06,2.1295390416164314e-05,1.071981500163766,0.023541250964232634,0.01509059394985203
2017-09-05,2565,persistence,test,pca_only,8,20,log_euclidean,0.01,6.3257096957805e-05,3149.061336474354,1529.8473646666114,5008.177597833395,2504.088798916702,2112.8041275635105,1.5625676694104648e-05,1.5625279604346712e-05,1.3663108292896531e-07,2.034096414298422,0.06757977519186063,0.06746252719557087
2017-09-12,2570,D0_pca8,test,pca_only,8,20,log_euclidean,0.01,2.2169018886030053e-05,1847.3221300975497,8839.699804993072,55219.312406566954,27609.656203283503,26780.989437152886,3.9035082310009714e-05,3.903472285096879e-05,3.1414455216240294e-08,3.1246867362099184,0.10083894130123038,0.16149328724699671
2017-09-12,2570,rolling,test,pca_only,8,20,log_euclidean,0.01,78.07399669094598,4737.533937543054,963.700907162309,447.7601374111215,223.88006870555836,-245.436846835753,6.827692852579292e-06,6.827333393538369e-06,2.3363869977245276e-05,1.1547647205740048,0.029509095362553917,0.017626018046067414
2017-09-12,2570,ewma,test,pca_only,8,20,log_euclidean,0.01,2.0755147352902954,4504.728728509511,995.0900690946921,347.8032748483417,173.90163742416348,-295.54715826727426,1.0273083688828428e-05,1.0272724229787506e-05,8.171361396588826e-06,1.599932670441782,0.05766868468091032,0.0402237974004627
2017-09-12,2570,ledoit_wolf,test,pca_only,8,20,log_euclidean,0.01,20.44420617920846,19359.567428373746,701.4043242022826,810.8235649226723,405.4117824613364,-63.83880320162747,8.823888212704741e-06,8.823528753663819e-06,0.00045104138759152345,1.0000281884949025,0.01132781471564159,0.010301105057374152
2017-09-12,2570,oas,test,pca_only,8,20,log_euclidean,0.01,69.20335860199036,13572.603583133463,691.7437241367334,572.2263766269062,286.11318831345335,-183.14996302232885,7.060035698006268e-06,7.059676238965345e-06,6.258781095883271e-05,1.0115172308572866,0.018280002777531616,0.01156598197014051
2017-09-12,2570,shrink,test,pca_only,8,20,log_euclidean,0.01,51.52563087505396,7879.224334432064,726.7363973748918,462.7149227650002,231.35746138250016,-237.9498615486381,6.772977920229782e-06,6.772618461188859e-06,2.009797642339546e-05,1.0718902741735896,0.025090102175207678,0.015012502809383875
2017-09-12,2570,persistence,test,pca_only,8,20,log_euclidean,0.01,4.393916511769695e-05,3268.282278562846,1300.378972885279,4953.693232122093,2476.846616061066,1976.0904701230945,1.757857694788662e-05,1.75782174888457e-05,1.2858103288869417e-07,2.056085542693903,0.06635343360049732,0.06567688176595245
2017-09-19,2575,D0_pca8,test,pca_only,8,20,log_euclidean,0.01,1.906115043090724e-05,1819.8469842809723,8897.392820375513,57444.16474454696,28722.082372273475,27520.766198438632,4.0720688057187326e-05,4.072031918974381e-05,4.0547045900309517e-08,3.748010901137403,0.1497082921564822,0.21666855329835
2017-09-19,2575,rolling,test,pca_only,8,20,log_euclidean,0.01,2.9889058639539288e-05,4428.382469275768,816.1607291430411,2215.9363426315203,1107.968171315766,613.2951401638901,1.919227070921026e-05,1.9191901841766745e-05,2.4528592914250503e-07,2.677337904037581,0.0766234763036438,0.10868064762137264
2017-09-19,2575,ewma,test,pca_only,8,20,log_euclidean,0.01,3.124399567464108e-05,4226.070302295998,911.3921200769076,2406.4787687567177,1203.2393843783543,706.4171056905769,2.1072225970616734e-05,2.107185710317322e-05,2.3099219465403712e-07,2.645503684571733,0.07865116029194842,0.10956780465378876
2017-09-19,2575,ledoit_wolf,test,pca_only,8,20,log_euclidean,0.01,1.7273568597475705e-05,7451.511709957793,606.1907879625987,331.8517042642528,165.92585213212652,-306.3443561161564,8.327211564626075e-06,8.326842697182563e-06,5.243677495265698e-06,1.5352615107721308,0.05082750671621913,0.036291572509001946
2017-09-19,2575,oas,test,pca_only,8,20,log_euclidean,0.01,1.877900347827929e-05,7264.999244587576,617.4410967397907,333.4902853984282,166.7451426992142,-305.68522601354346,9.324471585190702e-06,9.32410271774719e-06,4.739228262575056e-06,1.6617546438976234,0.054944358620762704,0.04290699059997098
2017-09-19,2575,shrink,test,pca_only,8,20,log_euclidean,0.01,2.1210080785630296e-05,6779.202448942195,655.0066706836276,369.8135806804574,184.906790340229,-287.9983100418084,1.3334792070111974e-05,1.3334423202668462e-05,3.0259517089160247e-06,1.8568136936409372,0.13680214376773073,0.07652147729359984
2017-09-19,2575,persistence,test,pca_only,8,20,log_euclidean,0.01,3.008593508712388e-05,3149.4784316745922,1014.6153230735504,4996.682160445094,2498.341080222536,1976.2302280460976,7.98575365297682e-06,7.985384785533308e-06,7.495896256254281e-08,1.5690290467518204,0.07211254637613891,0.0416504576529468
2017-09-26,2580,D0_pca8,test,pca_only,8,20,log_euclidean,0.01,1.2850944171949008e-05,1838.49356771455,8116.3516801144,52325.268685118506,26162.63434255925,25533.447926258894,3.276214977853044e-05,3.276178798797619e-05,3.835932471163984e-08,3.406315987410448,0.1148908627549086,0.18625774392544409
2017-09-26,2580,rolling,test,pca_only,8,20,log_euclidean,0.01,2.942543189006002e-05,4546.120138756958,793.0475679914497,2167.595963179783,1083.7979815898798,615.0330712645443,2.1301819488997533e-05,2.1301457698443275e-05,2.636405199290357e-07,2.698884059646687,0.08193672796837057,0.1151567535415383
2017-09-26,2580,ewma,test,pca_only,8,20,log_euclidean,0.01,3.212860001370148e-05,4337.022112748991,866.5721231386768,2356.2556181342175,1178.1278090671092,710.3481503892268,2.2355690954879777e-05,2.235532916432552e-05,2.5767583345658616e-07,2.6688483279318547,0.0883519051717484,0.11881975833102512
2017-09-26,2580,ledoit_wolf,test,pca_only,8,20,log_euclidean,0.01,1.4580495248169632e-05,7492.870358047382,564.0715157933855,338.098359463516,169.04917973175816,-307.48454296052944,7.920812186156046e-06,7.92045039560179e-06,5.358600469259822e-06,1.5014272445083814,0.046740091747898456,0.034812091254078595
2017-09-26,2580,oas,test,pca_only,8,20,log_euclidean,0.01,1.642143350618751e-05,7315.349445450558,578.0254927990602,339.1043529006387,169.55217645031954,-306.9644554750118,8.93551301268805e-06,8.935151222133794e-06,4.909624828431934e-06,1.6307845536334598,0.05162857521801159,0.04142315690098187
2017-09-26,2580,shrink,test,pca_only,8,20,log_euclidean,0.01,1.9120190232878495e-05,6836.308259077327,621.6112606663,359.2468084783009,179.62340423915023,-296.78296604817075,1.2955128611293494e-05,1.2954766820739237e-05,3.156449848345961e-06,1.8521288268307357,0.15885739647746644,0.08083283644731352
2017-09-26,2580,persistence,test,pca_only,8,20,log_euclidean,0.01,3.271444839965028e-05,3166.009866932304,1026.9825616817539,4551.975205666995,2275.987602833506,1817.8672667768478,5.709914443560342e-06,5.709552653006085e-06,4.583872677178404e-08,1.3077661379094114,0.03795073768186033,0.024847577517275128
2017-10-03,2585,D0_pca8,test,pca_only,8,20,log_euclidean,0.01,6.225422062294825e-05,1908.9125256598522,8295.116503032019,68527.22570917242,34263.6128545862,33411.58577445934,5.048391570514604e-05,5.048346680531942e-05,6.213778187630998e-08,3.710441426838549,0.13045472600905875,0.22893664227594754
2017-10-03,2585,rolling,test,pca_only,8,20,log_euclidean,0.01,7.099472001951865e-05,4657.808617493985,915.898636045771,3853.105197571066,1926.5525987855485,1461.0602218710153,3.760371302344151e-05,3.760326412361489e-05,2.8381884205198336e-07,2.8456818812092797,0.0931654170168584,0.12343921053893193
2017-10-03,2585,ewma,test,pca_only,8,20,log_euclidean,0.01,7.102684430538779e-05,4451.989579862284,977.5100936101019,4452.220981818616,2226.110490909301,1750.7141563596656,3.409199381291033e-05,3.409154491308371e-05,2.476757583603629e-07,2.8052885362689155,0.10340616704376088,0.12101125594199277
2017-10-03,2585,ledoit_wolf,test,pca_only,8,20,log_euclidean,0.01,5.8540862965252526e-05,7480.408690376449,661.6367409246079,351.4194961461217,175.70974807306024,-277.04564934708895,1.1495690870193246e-05,1.1495241970366625e-05,5.157563115732812e-06,1.5047942729934176,0.05065267234133451,0.03476873801146796
2017-10-03,2585,oas,test,pca_only,8,20,log_euclidean,0.01,6.00328346543193e-05,7299.322907584576,680.0328433820524,363.9501444131374,181.97507220656883,-270.7896148583509,1.359229908994285e-05,1.359185019011623e-05,4.707841666265317e-06,1.6302237346509878,0.05458904024349359,0.041184448818030434
2017-10-03,2585,shrink,test,pca_only,8,20,log_euclidean,0.01,6.0967759764017597e-05,6861.714281054905,727.499630247815,393.30553965869433,196.65276982934694,-256.5488977862166,1.5773083699406675e-05,1.5772634799580056e-05,3.1139720602512317e-06,1.7904213220342329,0.16060168702926034,0.07992025202352286
2017-10-03,2585,persistence,test,pca_only,8,20,log_euclidean,0.01,7.526355273633888e-05,3384.821825976477,1134.0459439996007,8437.916204518951,4218.958102259471,3755.0485153068016,8.139903051485962e-06,8.139454151659341e-06,4.716267681700117e-08,1.3464767238708002,0.041663613086072346,0.02603118680611658
2017-10-10,2590,D0_pca8,test,pca_only,8,20,log_euclidean,0.01,0.00010376720610519607,2072.9963114537604,8645.202805858204,124363.4607894447,62181.73039472236,61053.946060004026,4.647401853700351e-05,4.647359734093955e-05,2.708698269882745e-08,2.9659571863168788,0.11359742715293374,0.14727817812563979
2017-10-10,2590,rolling,test,pca_only,8,20,log_euclidean,0.01,0.00010341719504216904,4588.8685102509235,953.8015371049382,5483.596749093459,2741.7983745467345,2249.6553933822956,5.0759308151777776e-05,5.0758886955713815e-05,3.3842747123345803e-07,3.33262231638555,0.10920053607289894,0.16394491865308736
2017-10-10,2590,ewma,test,pca_only,8,20,log_euclidean,0.01,0.00010193227051458885,4383.618334988776,941.4733148805165,6241.919274141041,3120.9596370705376,2606.2893548680386,3.905348896958861e-05,3.905306777352465e-05,3.0046649314714e-07,3.309700006156845,0.09617514656941974,0.16064011336830747
2017-10-10,2590,ledoit_wolf,test,pca_only,8,20,log_euclidean,0.01,9.542270874115018e-05,7213.882216377234,661.9882632774036,390.53739474463123,195.26869737231573,-245.4396441003841,9.954664252142699e-06,9.954243056078734e-06,4.9075651740688955e-06,1.594663298210667,0.05985401570790912,0.040053668163537025
2017-10-10,2590,oas,test,pca_only,8,20,log_euclidean,0.01,9.62088276669878e-05,7065.106624433904,685.4036206553361,412.9211379080898,206.46056895404558,-234.60207498103273,1.1787184441357331e-05,1.1786763245293366e-05,4.5581230941628266e-06,1.7156300884771716,0.06194767422674634,0.04608577633498741
2017-10-10,2590,shrink,test,pca_only,8,20,log_euclidean,0.01,9.5944077343116e-05,6732.5310956688845,735.6141219746755,449.6462259290183,224.82311296450982,-217.63900564955367,9.470378239655323e-06,9.469957043591358e-06,3.302401893476289e-06,1.8992864826446756,0.127774621517733,0.0731848424834621
2017-10-10,2590,persistence,test,pca_only,8,20,log_euclidean,0.01,0.00010888462668438853,3423.781059938078,1163.8024862907132,12814.4272678499,6407.213633924937,5955.775408127973,1.4534882036491873e-05,1.4534460840427908e-05,4.0547631010040674e-08,1.3296469942693692,0.036559117106861355,0.02552083401232739
2017-10-17,2595,D0_pca8,test,pca_only,8,20,log_euclidean,0.01,0.0001212062115341438,2028.6369534968353,8594.475696536701,161390.17323240114,80695.08661620055,79559.86698942339,5.037361479919227e-05,5.0373118287267636e-05,3.63177221876796e-08,3.7843553050357683,0.17997474213106204,0.25748459531804874
2017-10-17,2595,rolling,test,pca_only,8,20,log_euclidean,0.01,0.00011580357118092661,4561.278465833266,955.6001382998387,6559.803417394271,3279.901708697138,2830.7108358182977,4.499086274171665e-05,4.499036622979202e-05,3.2093674782852625e-07,3.2266267174414276,0.10968518071394526,0.1684290248178253
2017-10-17,2595,ewma,test,pca_only,8,20,log_euclidean,0.01,0.00011326020767096676,4366.644521586892,861.9864625977136,7524.730768752589,3762.365384376288,3295.87487740887,3.401673112272902e-05,3.4016234610804384e-05,2.7407212014914316e-07,3.134605806040991,0.10223459928295553,0.15578564085133564
2017-10-17,2595,ledoit_wolf,test,pca_only,8,20,log_euclidean,0.01,0.0001099780310135707,7050.790811893941,663.7733145876339,427.358705067659,213.67935253382996,-220.4223863793496,1.4712472702912568e-05,1.4711976190987934e-05,4.585499050304551e-06,1.6744993896770204,0.06075322430214345,0.04398298589043479
2017-10-17,2595,oas,test,pca_only,8,20,log_euclidean,0.01,0.00011054075365486479,6897.486795780205,690.9302625685359,461.43626554729076,230.7181327736455,-203.5052298913398,1.6278661005969563e-05,1.6278164494044927e-05,4.211180761584594e-06,1.7972907532521003,0.06198420907958399,0.050728367821638864
2017-10-17,2595,shrink,test,pca_only,8,20,log_euclidean,0.01,0.00010978533098306647,6638.284517454351,724.1210202374506,480.8059471950892,240.40297359754425,-194.75596544165734,8.777923680005887e-06,8.777427168081253e-06,3.319999040309341e-06,1.8774070372567784,0.12360579208127923,0.07317797466871924
2017-10-17,2595,persistence,test,pca_only,8,20,log_euclidean,0.01,0.00012007098878219977,3495.961583714359,1109.6911384837028,14932.850333319853,7466.4251666599375,6998.970135085707,1.5728546911737445e-05,1.5728050399812808e-05,3.946837606503083e-08,1.3851378013977749,0.03241197758831461,0.026061478558968287
2017-10-24,2600,D0_pca8,test,pca_only,8,20,log_euclidean,0.01,0.00013900374521682055,2161.85758384299,8210.786758916329,142858.86038150924,71429.43019075462,70486.4547502209,0.00010401703449517926,0.00010401634515917078,2.7536628594967017e-08,2.984497936008108,0.10305549879940222,0.14727741898133814
2017-10-24,2600,rolling,test,pca_only,8,20,log_euclidean,0.01,0.00012509637990380025,4487.8496037274235,796.2855542566264,7245.743483700844,3622.871741850426,3169.574055239873,5.042081130369748e-05,5.0420121967688995e-05,2.63936433414803e-07,3.165650571544647,0.09524175736256582,0.14864983400286685
2017-10-24,2600,ewma,test,pca_only,8,20,log_euclidean,0.01,0.00012931403977858245,4320.209481099826,810.8092439204607,7939.651978977053,3969.8259894885273,3513.1541088305626,4.570672284521734e-05,4.570603350920886e-05,2.3225346341674693e-07,3.0074745249077326,0.09438951791894837,0.13378133394546984
2017-10-24,2600,ledoit_wolf,test,pca_only,8,20,log_euclidean,0.01,0.00012565921876955737,7159.146340499809,609.548176801343,408.50021483554326,204.25010741777157,-225.0424312937033,1.6121738634232537e-05,1.6121049298224052e-05,4.318261994265487e-06,1.498086143450915,0.055595473219688774,0.03325069969279414
2017-10-24,2600,oas,test,pca_only,8,20,log_euclidean,0.01,0.0001253145757464453,7068.579676708447,613.9695745640223,423.76018848710123,211.8800942435505,-217.4992915949912,1.68006232985073e-05,1.6799933962498814e-05,4.18342143679822e-06,1.5740666040055042,0.05759869848344405,0.036924801941978246
2017-10-24,2600,shrink,test,pca_only,8,20,log_euclidean,0.01,0.0001237136270110697,6584.900121537728,651.8043151592876,492.8825050091791,246.44125250458907,-182.93443529096893,1.1667795446498087e-05,1.1667106110489604e-05,3.0616491166517426e-06,1.8106102101406278,0.12221044563395227,0.0656553787404494
2017-10-24,2600,persistence,test,pca_only,8,20,log_euclidean,0.01,0.00013498145811245853,3514.0040087929456,1042.3397166373275,17832.36376124234,8916.181880621172,8463.673297692254,2.7010504259756222e-05,2.7009814923747737e-05,3.6459390606341654e-08,1.3602478852886717,0.037260501163356496,0.027031756068438995
2017-10-31,2605,D0_pca8,test,pca_only,8,20,log_euclidean,0.01,917.9819913784321,2289.6935604427854,8133.5533337721,175985934.2217575,87992967.11087875,82839599.60800974,0.07708570257906996,0.07706774944844821,4.234833335632964e-08,3.7542870376564306,0.13529056509100362,0.24052051909572006
2017-10-31,2605,rolling,test,pca_only,8,20,log_euclidean,0.01,917.9774997264185,4854.482197678235,867.255554551959,10402387.193548573,5201193.596774287,4903075.005439089,0.06566519714327294,0.06564724401265119,1.4639214450987246e-07,2.207406358789133,0.08068592688654513,0.07728599265412663
2017-10-31,2605,ewma,test,pca_only,8,20,log_euclidean,0.01,917.9749975183789,4686.300608916445,1010.2841201595738,8917398.816543818,4458699.408271909,4203120.333019817,0.060621580041333625,0.060603626910711875,1.8754818870042557e-07,2.2452834875538854,0.06858269819046137,0.07790988457762767
2017-10-31,2605,ledoit_wolf,test,pca_only,8,20,log_euclidean,0.01,917.9754004333231,7589.604412549794,769.0314800265278,259362.48803013645,129681.24401506822,122005.010142429,0.023165611815085564,0.023147658684463817,3.215795164712866e-06,1.227642622418582,0.041600685927009634,0.02129601043594962
2017-10-31,2605,oas,test,pca_only,8,20,log_euclidean,0.01,917.975936703952,7379.636595930623,764.6963569414818,324520.08064275415,162260.04032137708,152710.70711110832,0.025078635275169094,0.025060682144547347,2.9217805005918377e-06,1.3406422487576943,0.0459171297502778,0.026141941546879616
2017-10-31,2605,shrink,test,pca_only,8,20,log_euclidean,0.01,917.9772674298655,6834.825580197752,774.9243056154847,654002.8831349236,327001.4415674618,307882.0777900698,0.02520487002804435,0.0251869168974226,1.773179831392579e-06,1.5177764963964753,0.0947263377123447,0.04706476096874249
2017-10-31,2605,persistence,test,pca_only,8,20,log_euclidean,0.01,917.969985248253,3900.153594179268,1227.4585677330688,10625659.532482043,5312829.766241021,5000300.334399836,0.012617046674792274,0.012599093544170525,6.123365743166781e-08,1.3409503745579252,0.036226176853954774,0.026694744888343103
2017-11-07,2610,D0_pca8,test,pca_only,8,20,log_euclidean,0.01,917.9838652120774,2273.474836401738,8123.950564244243,161847056.45164672,80923528.22582336,76073895.79602915,0.0014457663989744605,0.0014247595253008703,4.4363441886534696e-08,4.049495692781612,0.22432760007344035,0.30060301674262446
2017-11-07,2610,rolling,test,pca_only,8,20,log_euclidean,0.01,917.9792707441356,4877.544730619158,940.9861999855298,9103598.58962958,4551799.29481479,4292232.4287957605,0.0007684637286548807,0.0007474568549812906,1.3804206245540822e-07,1.9819222426609313,0.06452750943822716,0.060201913117421305
2017-11-07,2610,ewma,test,pca_only,8,20,log_euclidean,0.01,917.9756656135164,4698.488287984556,1074.0570494230892,6715242.005218104,3357621.002609052,3165820.414262334,0.001287257855330179,0.001266250981656589,1.999917477419716e-07,1.9916405340880927,0.062148072332422505,0.05912876800508057
2017-11-07,2610,ledoit_wolf,test,pca_only,8,20,log_euclidean,0.01,917.9759098919327,8003.788471467005,900.7734072831615,183960.6011018764,91980.3005509382,86477.74251825493,0.01659108699849554,0.016570080124821952,3.1791997699601736e-06,1.0809301818575288,0.028782198307843117,0.015171100733463031
2017-11-07,2610,oas,test,pca_only,8,20,log_euclidean,0.01,917.9773638410323,7572.3771847385515,869.623224288546,287351.57739921927,143675.78869960963,135213.09915985996,0.012444330081992543,0.012423323208318952,2.6434003793934686e-06,1.228841223577977,0.034272937082539104,0.021495872471258014
2017-11-07,2610,shrink,test,pca_only,8,20,log_euclidean,0.01,917.9793198921072,6947.536459315797,870.8869794552047,780114.624955324,390057.312477662,367962.7676429426,0.008342216446968082,0.008321209573294491,1.4437583460950118e-06,1.3536014200803783,0.09134599540184475,0.0412113997418283
2017-11-07,2610,persistence,test,pca_only,8,20,log_euclidean,0.01,917.9752523506966,3884.9137283135206,1292.2514924134948,8472084.803961715,4236042.401980857,3988287.607572805,0.014075575991406457,0.014054569117732866,6.392848026391385e-08,1.2361983959283003,0.03586899708019944,0.021168706689286703
2017-11-14,2615,D0_pca8,test,pca_only,8,20,log_euclidean,0.01,917.9838637547141,2253.5608724345834,7997.07929764813,143179219.15649793,71589609.57824896,67138370.49994966,0.003760432946277023,0.003739807866883787,4.435226300435997e-08,4.124314900485819,0.1870119848704827,0.30994800686152774
2017-11-14,2615,rolling,test,pca_only,8,20,log_euclidean,0.01,917.9786192435574,4901.8135778377855,1001.4231032513128,7732513.675447109,3866256.8377235546,3642271.494645007,0.015714035715214323,0.015693410635821088,1.579121763609919e-07,2.055930410506362,0.08609831003277021,0.06607524103819325
2017-11-14,2615,ewma,test,pca_only,8,20,log_euclidean,0.01,917.9751626271725,4705.278400955628,1113.755755112996,6156879.7665067585,3078439.8832533793,2899698.523398459,0.010218637831703665,0.010198012752310429,1.9906412225832973e-07,1.9996613435797117,0.07501505203048354,0.06280743358504132
2017-11-14,2615,ledoit_wolf,test,pca_only,8,20,log_euclidean,0.01,917.9752015498038,8047.38353021291,947.9553115422923,180650.27088255234,90325.13544127617,84914.8378923296,0.020285765256761804,0.02026514017736857,3.42904595914693e-06,1.0712408935461366,0.02817111365991451,0.015476464221801241
2017-11-14,2615,oas,test,pca_only,8,20,log_euclidean,0.01,917.9765603792905,7662.508757648795,923.929194887493,266411.764818207,133205.8824091035,125327.09488859939,0.021656720518006572,0.021636095438613338,2.9944709857030373e-06,1.2113382423189065,0.03942589781619254,0.021590694868436906
2017-11-14,2615,shrink,test,pca_only,8,20,log_euclidean,0.01,917.9785639307969,7035.513630182508,927.9959184510963,632905.7985186382,316452.8992593191,298158.1367834113,0.008420227778684924,0.008399602699291688,1.5857805600711172e-06,1.407086353306393,0.08969689970931159,0.04226437710458272
2017-11-14,2615,persistence,test,pca_only,8,20,log_euclidean,0.01,917.9741229563779,3872.030272364796,1297.2758230571299,7629927.059896893,3814963.5299484464,3591807.0828735665,0.0049823462269775335,0.004961721147584298,7.780425260237893e-08,1.2991498663858232,0.037488993014745425,0.022995468622701944
2017-11-21,2620,D0_pca8,test,pca_only,8,20,log_euclidean,0.01,917.9826189750368,2188.2984954040353,8349.091716226607,96914789.86633758,48457394.93316879,45455290.76102869,0.016734091804360626,0.01671237010499758,3.714123359510653e-08,3.288905220290113,0.1321626457795935,0.17413142035737122
2017-11-21,2620,rolling,test,pca_only,8,20,log_euclidean,0.01,917.9789628697962,4969.149609441985,1074.9476837778805,7728880.399547682,3864440.199773841,3641138.4031029353,0.034842160998654975,0.034820439299291926,1.6712552687652162e-07,1.9798202119493575,0.0805363542967544,0.06847916496960936
2017-11-21,2620,ewma,test,pca_only,8,20,log_euclidean,0.01,917.9748954141033,4779.842718935214,1202.3001500939913,6318643.922310657,3159321.9611553284,2976206.035374747,0.021928086849928984,0.02190636515056594,2.0931362609171994e-07,2.0167281943862863,0.08139580489528675,0.06690653479429795
2017-11-21,2620,ledoit_wolf,test,pca_only,8,20,log_euclidean,0.01,917.9755564562305,8096.270132733203,1009.1266936822868,174785.46942325053,87392.73471162526,82152.07030485378,0.020573268191084588,0.020551546491721542,3.597208931012561e-06,1.0735650171485676,0.02844956774210256,0.01529439155915971
2017-11-21,2620,oas,test,pca_only,8,20,log_euclidean,0.01,917.9769459617164,7701.290968813359,992.2918080692359,261254.81771947563,130627.40885973781,122900.95720424989,0.024128442941483787,0.02410672124212074,3.1820861751258334e-06,1.2551575348017385,0.03927151480035022,0.02209521494858119
2017-11-21,2620,shrink,test,pca_only,8,20,log_euclidean,0.01,917.9789739290133,7056.9840949930285,996.9732798509543,661367.2200070821,330683.61000354105,311637.6759152106,0.022491785596774606,0.02247006389741156,1.7348157304592236e-06,1.3667744445205015,0.09753733605857447,0.040564813518177305
2017-11-21,2620,persistence,test,pca_only,8,20,log_euclidean,0.01,917.9742924606174,3815.328769215502,1348.848839053724,7342003.651232524,3671001.825616262,3457687.0459422953,0.01495838241304584,0.014936660713682794,1.0328190705178274e-07,1.3788228849462059,0.03699688496029596,0.027791862932542936
2017-11-29,2625,D0_pca8,test,pca_only,8,20,log_euclidean,0.01,3.599933082836142e-05,1779.242013152282,7917.849300093504,63438.17640704541,31719.088203522704,30397.094298844204,1.800646919843968e-05,1.8005985256201814e-05,2.608245576107464e-08,3.105332972756947,0.1205554616550674,0.1586709320750765
2017-11-29,2625,rolling,test,pca_only,8,20,log_euclidean,0.01,138.02146650217412,4846.907274651885,894.8970497396506,464.0143565454679,232.00717827273306,-232.62889952074812,1.7232417927176875e-05,1.723193398493901e-05,1.6693040891352893e-05,1.017412079868144,0.016700180169473004,0.011561350508342567
2017-11-29,2625,ewma,test,pca_only,8,20,log_euclidean,0.01,1088.2574576904171,4673.729783134557,980.3801959035886,556.2397870678755,278.1198935339379,-186.44756502065454,1.7859427181737893e-05,1.7858943239500026e-05,3.667067505918276e-05,1.0048312508297634,0.012218788161640463,0.01059929244250179
2017-11-29,2625,ledoit_wolf,test,pca_only,8,20,log_euclidean,0.01,36.1486467988168,20116.00504361246,924.2126938438298,829.6874400357982,414.8437200178986,-49.68216513430853,1.8391102299715235e-05,1.839061835747737e-05,0.0005960760736636436,1.0031955126003576,0.010721066914705984,0.010516297381131513
2017-11-29,2625,oas,test,pca_only,8,20,log_euclidean,0.01,122.34479308853261,14163.41758306885,912.979485830994,589.7267015228095,294.863350761402,-169.68910916583314,1.7750930946892292e-05,1.7750447004654426e-05,6.077681165373177e-05,1.0074892085061151,0.014508614231521798,0.01081507618189021
2017-11-29,2625,shrink,test,pca_only,8,20,log_euclidean,0.01,82.07639518175093,8062.191398286267,820.8533405757903,488.6157329393619,244.3078664696804,-220.3204550976575,1.7607225029700317e-05,1.760674108746245e-05,1.4490584022798447e-05,1.0003959752085236,0.013318076443944685,0.010961377088894213
2017-11-29,2625,persistence,test,pca_only,8,20,log_euclidean,0.01,917.9749227393064,3553.41127336283,1078.0042039851473,549.3959641014158,274.697982050704,-189.8671470160742,1.8610696100620176e-05,1.861021215838231e-05,3.386327226313114e-05,1.0043411107603237,0.013002650124537397,0.010714418271289557
2017-12-06,2630,D0_pca8,test,pca_only,8,20,log_euclidean,0.01,2.5608399419781632e-05,1785.2167580732128,6995.655911063135,58883.7899238726,29441.894961936297,28537.38664751149,2.7944147920140372e-05,2.794363639125364e-05,3.4491337557706456e-08,3.332052054114202,0.15326550135506553,0.192888663782457
2017-12-06,2630,rolling,test,pca_only,8,20,log_euclidean,0.01,138.02106929111773,4921.833236368699,951.7572732835381,474.25702584089754,237.128512920449,-232.82921218684095,1.9064112574715116e-05,1.9063601045828383e-05,1.7212472930856847e-05,1.0198989810610963,0.016736096305121396,0.011589078951208852
2017-12-06,2630,ewma,test,pca_only,8,20,log_euclidean,0.01,586.1504349748219,4739.832366535107,1224.6337376996244,538.676727993941,269.3383639969789,-200.64627132303127,2.282914120045505e-05,2.2828629671568317e-05,2.739159788161763e-05,1.0034413311690633,0.012153344289693677,0.010589252348246626
2017-12-06,2630,ledoit_wolf,test,pca_only,8,20,log_euclidean,0.01,36.1489962146346,20129.392397354008,872.62223876544,840.8760720961218,420.4380360480612,-49.668870582259316,2.3195786700949933e-05,2.31952751720632e-05,0.0005966769941170497,1.0031641546463315,0.010707673424215563,0.010516236064733094
2017-12-06,2630,oas,test,pca_only,8,20,log_euclidean,0.01,122.34207390042408,14175.715700324037,860.5102945079046,600.9091310188318,300.4545655094195,-169.6108654328833,2.1204933339766594e-05,2.120442181087986e-05,6.174132936318818e-05,1.0065964829264014,0.014262508468429469,0.010804639034520856
2017-12-06,2630,shrink,test,pca_only,8,20,log_euclidean,0.01,82.07614162591231,8210.726957360432,828.4980301870692,498.58730158098547,249.29365079049285,-220.60693801760266,2.0319503781204944e-05,2.031899225231821e-05,1.4714645944120073e-05,1.0003303347488526,0.013383367769148972,0.01097644496910616
2017-12-06,2630,persistence,test,pca_only,8,20,log_euclidean,0.01,917.9759271025658,3645.9780116971024,1341.672095460026,559.5854745734653,279.79273728672797,-190.21859735212334,2.322810328890161e-05,2.3227591760014877e-05,3.411838689285206e-05,1.003767427805253,0.011785686017125367,0.010585827179999719
2017-12-13,2635,D0_pca8,test,pca_only,8,20,log_euclidean,0.01,3.103733500528418e-05,1749.6063218913423,6845.6715800730235,61780.11226166765,30890.056130833833,30582.56295123382,3.874515403747405e-05,3.874457575030351e-05,3.2395577328830825e-08,3.2360127795278926,0.12143850809411438,0.1700473647034782
2017-12-13,2635,rolling,test,pca_only,8,20,log_euclidean,0.01,138.02129714938218,4919.366247236894,971.9050365151967,462.32439729425414,231.16219864713693,-231.88267021926254,2.01952269243337e-05,2.0194648637163163e-05,1.731597146141599e-05,1.0197601964559293,0.01631415306583701,0.011542935149968972
2017-12-13,2635,ewma,test,pca_only,8,20,log_euclidean,0.01,315.7090223490397,4722.2127775726,1146.5997062065926,497.5996461266252,248.79982306332494,-214.27925595434348,2.300572842011911e-05,2.3005150132948575e-05,2.2973484492833665e-05,1.005553346320417,0.013387290732288306,0.010774001333878756
2017-12-13,2635,ledoit_wolf,test,pca_only,8,20,log_euclidean,0.01,36.14884713230907,20106.553339256046,868.9646515083139,827.2262318070665,413.6131159035329,-49.646841453175895,2.558126370039427e-05,2.5580685413223732e-05,0.0005967691813364426,1.0031501596174652,0.01068401223147188,0.010516191084124294
2017-12-13,2635,oas,test,pca_only,8,20,log_euclidean,0.01,122.34234160548664,14167.067372436239,857.1635788702417,587.6445115076256,293.8222557538128,-169.3766551924746,2.3119829570597515e-05,2.311925128342698e-05,6.199450622928263e-05,1.0063351629898818,0.01391747284748649,0.010793539275961045
2017-12-13,2635,shrink,test,pca_only,8,20,log_euclidean,0.01,82.07614401821995,8207.485330861058,838.3896326119271,486.6656692955472,243.33283464777367,-219.6321036887989,2.1555243849267336e-05,2.15546655620968e-05,1.4683433242473936e-05,1.000323390596028,0.013514262950112994,0.010942173518763424
2017-12-13,2635,persistence,test,pca_only,8,20,log_euclidean,0.01,917.9758778411956,3652.7367696628994,1411.078414713901,546.5974261111949,273.2987130555817,-189.82124374052336,2.571667723449641e-05,2.5716098947325874e-05,3.2890432712154836e-05,1.0038431069514286,0.011069979752714355,0.01054090681630281
2017-12-20,2640,D0_pca8,test,pca_only,8,20,log_euclidean,0.01,3.9012500860114375e-05,1777.8155940749039,7089.638043026507,74321.05270988133,37160.52635494065,36961.65382938336,5.2571539052858715e-05,5.25709562994325e-05,4.7427494407476195e-08,4.052368486526646,0.12514451862958614,0.26253090279174335
2017-12-20,2640,rolling,test,pca_only,8,20,log_euclidean,0.01,138.0220276767416,4938.011775623442,953.9159299131645,455.16145816948676,227.5807290847661,-231.42584556108187,1.881921367998146e-05,1.8818630926555248e-05,1.8865284438758947e-05,1.0340042238254612,0.017279956699823833,0.012121416910818748
2017-12-20,2640,ewma,test,pca_only,8,20,log_euclidean,0.01,170.0469699366247,4714.951599905548,1039.7513677911788,463.1356004075866,231.56780020378426,-227.46524525439486,1.617300629112206e-05,1.6172423537695845e-05,2.2134741886406676e-05,1.075518576152467,0.01964454444860931,0.01330583798219459
2017-12-20,2640,ledoit_wolf,test,pca_only,8,20,log_euclidean,0.01,36.14905702843385,20100.261843541884,866.2031587364036,819.143997156735,409.57199857836713,-49.62730526477389,2.684036260009386e-05,2.6839779846667645e-05,0.000598312671874569,1.0031945029150808,0.010704304756220069,0.010516482879232689
2017-12-20,2640,oas,test,pca_only,8,20,log_euclidean,0.01,122.34238075222524,14176.066770573927,853.2046314825596,579.894070010037,289.947035005014,-169.19575042034677,2.3206839798460256e-05,2.3206257045034042e-05,6.431251821537297e-05,1.0069435466310142,0.013918465549848153,0.010877696677167752
2017-12-20,2640,shrink,test,pca_only,8,20,log_euclidean,0.01,82.07661459615112,8289.365134452724,823.0849612848208,479.55347266270417,239.77673633135169,-219.16840303542796,2.042979406496444e-05,2.0429211311538228e-05,1.588470202784219e-05,1.0081380576804948,0.014488534226572852,0.011300984029892939
2017-12-20,2640,persistence,test,pca_only,8,20,log_euclidean,0.01,917.9779762937151,3680.3807482779016,1484.6009410525335,538.9191646948016,269.45958234741533,-189.61257527488615,2.625865463521115e-05,2.6258071881784936e-05,3.341766880083785e-05,1.0034733161628067,0.011935235128870219,0.010562322531079948
2017-12-28,2645,D0_pca8,test,pca_only,8,20,log_euclidean,0.01,7.228714502607612e-05,1907.7248207749878,6965.302258244875,101634.32802587475,50817.164012937385,50855.42334716403,7.300179209607691e-05,7.300056256313479e-05,4.032286637013054e-08,3.8313291315692597,0.13106608008374204,0.2337430904837388
2017-12-28,2645,rolling,test,pca_only,8,20,log_euclidean,0.01,138.0217168521338,4991.798877430238,939.268951145985,429.4994313313921,214.74971566570107,-228.99977379953287,2.5294003406939426e-05,2.5292773873997305e-05,1.88015595959595e-05,1.0329326156215086,0.017212547477661624,0.01210874345557184
2017-12-28,2645,ewma,test,pca_only,8,20,log_euclidean,0.01,91.58898488098347,4764.94311027955,980.2682588212947,413.42048292364734,206.71024146184305,-236.99424003544829,2.1728835086873956e-05,2.1727605553931835e-05,1.6781373252835392e-05,1.0723487672070675,0.020077151175238762,0.013457597704956298
2017-12-28,2645,ledoit_wolf,test,pca_only,8,20,log_euclidean,0.01,36.14807333898918,20043.619586734945,850.1832367474376,788.815652486921,394.4078262434601,-49.56664701541693,3.5326985512793016e-05,3.5325755979850895e-05,0.0005982402162226538,1.0031726214269079,0.010707475731359448,0.010516497059226141
2017-12-28,2645,oas,test,pca_only,8,20,log_euclidean,0.01,122.3421572492038,14148.16420801515,837.6774906335274,550.7158697335394,275.35793486677085,-168.55281947748102,3.0483648715619145e-05,3.0482419182677024e-05,6.417477074947351e-05,1.0065629353036647,0.01416975700304068,0.01087887566337554
2017-12-28,2645,shrink,test,pca_only,8,20,log_euclidean,0.01,82.07628580834425,8291.41508496592,807.222413609704,453.85313307652837,226.92656653826404,-216.7699688001654,2.687525916190504e-05,2.687402962896292e-05,1.584162638567592e-05,1.0085177950181945,0.01444302921792142,0.011292283145286084
2017-12-28,2645,persistence,test,pca_only,8,20,log_euclidean,0.01,8.413712300097559e-05,3450.9877735498585,1260.4393045620554,9330.464597316055,4665.232298658026,4306.973817551248,2.1831992025592154e-05,2.1830762492650033e-05,5.966123047302238e-08,1.4684153454462843,0.041763303419472424,0.03302783717543813
2018-01-05,2650,D0_pca8,test,pca_only,8,20,log_euclidean,0.01,0.0003039245730568388,1957.6306208242654,3054.7247371337908,177142.0758079535,88571.03790397674,86088.35680338918,0.00022157892233465207,0.0002215732059917727,2.5252643446245868e-08,3.7937836666812985,0.15730288161910136,0.23262418741428487
2018-01-05,2650,rolling,test,pca_only,8,20,log_euclidean,0.01,138.01151618503553,4975.3705989906475,1993.5489467364764,398.50105513357096,199.25052756678875,-225.68162489224636,0.00012206550948025733,0.00012205979313737798,1.998222176194688e-05,1.0580153296052948,0.01879600118202794,0.01300752387901089
2018-01-05,2650,ewma,test,pca_only,8,20,log_euclidean,0.01,49.325657064030906,4745.500699802569,1706.781391444575,363.69903679524236,181.84951839761175,-243.1741109960923,0.00010881854903662945,0.0001088128326937501,1.431742876387542e-05,1.1552942938878017,0.02802309204838749,0.017173920248988127
2018-01-05,2650,ledoit_wolf,test,pca_only,8,20,log_euclidean,0.01,36.141579677891315,20011.377745832302,2385.3686878614294,750.6625710814654,375.331285540733,-49.45335923273548,0.00014783862172607868,0.00014783290538319932,0.0006000295375276044,1.0032504046174684,0.010761189485389242,0.010517125785388779
2018-01-05,2650,oas,test,pca_only,8,20,log_euclidean,0.01,122.3319197253644,14130.381601684665,2352.5549587766727,514.5683848729623,257.2841924364832,-167.54092226806205,0.00013502094389082972,0.00013501522754795037,6.644600615077887e-05,1.007978430660019,0.01495642629663579,0.011041290334631266
2018-01-05,2650,shrink,test,pca_only,8,20,log_euclidean,0.01,82.06823728802061,8258.062910098137,2004.2808281491532,423.8413994380453,211.92069971902225,-213.06281472300515,0.0001294944378251649,0.00012948872148228554,1.7005494730843177e-05,1.0276224956624456,0.01603552655071259,0.011931731742073608
2018-01-05,2650,persistence,test,pca_only,8,20,log_euclidean,0.01,0.0002526973831516066,3464.9151051680556,1743.8433551476278,13411.768972213671,6705.884486106824,6224.296639338709,0.00010015971589156264,0.00010015399954868329,5.514729442132398e-08,1.425380272936293,0.06321409049669628,0.03435096661476636
2018-01-12,2655,D0_pca8,test,pca_only,8,20,log_euclidean,0.01,0.0007487399874364753,2029.421830899704,2275.3238985498874,171980.20785181987,85990.10392590993,82489.31018813812,0.00024246269090807867,0.0002424530501088358,3.5919005474498616e-08,3.774025113460387,0.18410164848827676,0.25581429832410824
2018-01-12,2655,rolling,test,pca_only,8,20,log_euclidean,0.01,138.003406967302,4927.98337826961,2661.36776503223,379.6674854859551,189.83374274297836,-221.92379673293348,0.00021951735670765622,0.00021950771590841336,1.917878019168099e-05,1.0311395316396397,0.018707918277153738,0.012444299344468751
2018-01-12,2655,ewma,test,pca_only,8,20,log_euclidean,0.01,26.563121138266467,4722.617835463994,2324.049513488314,335.5756948925308,167.78784744626054,-244.54689384432695,0.00019690209372125829,0.00019689245292201543,1.2357131961423804e-05,1.1606972140337624,0.031458366433437183,0.018564267857655234
2018-01-12,2655,ledoit_wolf,test,pca_only,8,20,log_euclidean,0.01,36.13587698262157,19988.526209092237,3182.7292483160973,723.8767276192251,361.9383638096127,-49.353536866849,0.0002474565722623784,0.00024744693146313553,0.0005991760875513807,1.003273594373792,0.010751616826937281,0.010516872199714896
2018-01-12,2655,oas,test,pca_only,8,20,log_euclidean,0.01,122.32576645869811,14112.95557778716,3146.1413722496677,489.6608167765813,244.8304083882906,-166.57465398525468,0.00023347183144378932,0.00023346219064454646,6.549231889238624e-05,1.0082120779497237,0.014836566078970536,0.010951247228685092
2018-01-12,2655,shrink,test,pca_only,8,20,log_euclidean,0.01,82.06180546071461,8167.311571997199,2712.254303131099,406.1653468342562,203.08267341712894,-208.68827513700063,0.000228039938329362,0.00022803029753011914,1.629057147416933e-05,1.010505348489197,0.01599494865802433,0.011532921770789465
2018-01-12,2655,persistence,test,pca_only,8,20,log_euclidean,0.01,0.0006656081241946491,3540.9938638922504,2268.602365345183,14702.891798900066,7351.445899450022,6702.087426093074,0.0001868523455130859,0.00018684270471384305,6.782041115813043e-08,1.4965321706615318,0.06284382324596673,0.03696021051947182
2018-01-22,2660,D0_pca8,test,pca_only,8,20,log_euclidean,0.01,0.0008262010115851124,2090.910780056169,2398.040560854602,191946.92127359568,95973.46063679784,93153.84919891873,0.00027629336149663573,0.00027628532052424975,3.067888281720708e-08,3.804701923972916,0.10022751259542699,0.2180831181548474
2018-01-22,2660,rolling,test,pca_only,8,20,log_euclidean,0.01,137.998854105439,5086.06295640657,2431.671378201575,373.9694481021568,186.98472405107557,-221.23532853850793,0.0002145482996612485,0.00021454025868886253,2.0677794832514197e-05,1.0597801024048072,0.020511091371129088,0.013473040084556454
2018-01-22,2660,ewma,test,pca_only,8,20,log_euclidean,0.01,14.304947743166014,4873.713855336211,2098.2549871337797,325.7099998364107,162.85499991823264,-245.99310748014858,0.000194454639273788,0.00019444659830140202,1.1455765903120085e-05,1.257802618594658,0.036122858447537876,0.022866137963763015
2018-01-22,2660,ledoit_wolf,test,pca_only,8,20,log_euclidean,0.01,36.13319941802323,19972.177641930546,3085.9325753872167,717.1094341042775,358.55471705213824,-49.349136146109785,0.00025621582037952637,0.0002562077794071404,0.0006006964127455898,1.0032865501004118,0.01077925816674156,0.010517122382776503
2018-01-22,2660,oas,test,pca_only,8,20,log_euclidean,0.01,122.32387911092536,14104.560490594216,3044.152416200425,483.03994582492317,241.519972912456,-166.47623804032827,0.00023776221190071532,0.00023775417092832934,6.805487443284252e-05,1.0082403243706628,0.015313500624786132,0.01105681233298211
2018-01-22,2660,shrink,test,pca_only,8,20,log_euclidean,0.01,82.05787819089204,8190.0137656711895,2519.596286617219,400.1466002127961,200.07330010639808,-208.18958521037626,0.0002266423473940265,0.00022663430642164053,1.8012546079637245e-05,1.0222303360565588,0.017574025472249934,0.012089181826005446
2018-01-22,2660,persistence,test,pca_only,8,20,log_euclidean,0.01,0.0007379078613399698,3527.0039725946226,2296.556530399992,14479.195291664448,7239.597645832197,6639.134452355067,0.00020874610279793433,0.00020873806182554835,7.403367627200604e-08,1.5534984800247011,0.05499210541014932,0.03725060557810155
2018-01-29,2665,D0_pca8,test,pca_only,8,20,log_euclidean,0.01,0.0009125179479485667,2053.8911806210826,2154.9892480491617,153666.84667706763,76833.42333853382,75142.94036374174,0.0002844021234643085,0.00028439143950997637,3.244230940317882e-08,3.2296037348297397,0.13809361385088317,0.19777026843684953
2018-01-29,2665,rolling,test,pca_only,8,20,log_euclidean,0.01,137.99816345793127,5084.549410860592,2650.275724490899,375.24642237631525,187.623211188156,-222.2457401848673,0.00023268955226552236,0.00023267886831119025,2.0739708436379935e-05,1.057059561907767,0.021945997521141906,0.013644513710967828
2018-01-29,2665,ewma,test,pca_only,8,20,log_euclidean,0.01,7.703676370970315,4831.481172734739,2220.7068662387264,315.712923331581,157.85646166575958,-252.68500760240073,0.00020771231491352498,0.00020770163095919288,1.054087079598448e-05,1.3660962263538465,0.0431516387941105,0.02795495509451459
2018-01-29,2665,ledoit_wolf,test,pca_only,8,20,log_euclidean,0.01,36.13286462501601,19978.98132776603,3315.740776627689,720.4597560250729,360.2298780125367,-49.35603519456655,0.00027920556294577586,0.00027919487899144373,0.0006011955252856367,1.0032151508539402,0.010770111617067007,0.010517393863062508
2018-01-29,2665,oas,test,pca_only,8,20,log_euclidean,0.01,122.32243973076996,14108.28060149573,3271.8023396830563,486.0375651227695,243.0187825613829,-166.65491989616015,0.00025916199098354386,0.00025915130702921173,6.850600295339802e-05,1.0070236649079378,0.015561123635447042,0.011105354648799685
2018-01-29,2665,shrink,test,pca_only,8,20,log_euclidean,0.01,82.0572838315594,8202.736734205613,2742.857435972778,401.3824619283412,200.69123096416996,-209.20952991620902,0.0002444751658811831,0.000244464481926851,1.8102888265938123e-05,1.0262976517325866,0.018379499477304675,0.012304606579704825
2018-01-29,2665,persistence,test,pca_only,8,20,log_euclidean,0.01,0.000793381783077913,3524.4199265817188,2341.860807022652,9084.724182835507,4542.362091417748,4032.366081862065,0.00023953857053633798,0.00023952788658200587,1.3428666680318078e-07,1.8047386645479158,0.074772776927826,0.05002197341448272
2018-02-05,2670,D0_pca8,test,pca_only,8,20,log_euclidean,0.01,0.00042946692275666425,2049.1572138235697,2886.4254017711482,138260.48226292737,69130.24113146367,67821.40438787095,0.0002148039611450569,0.00021479970085586174,3.9284955068179826e-08,3.6271555367686754,0.11488400231911439,0.22416941568229007
2018-02-05,2670,rolling,test,pca_only,8,20,log_euclidean,0.01,138.0068748574897,5097.776895123167,1670.2797385804847,387.61407085988145,193.80703542994388,-225.63735330261528,0.0001539046041436313,0.00015390034385443614,2.9979406995402507e-05,1.1285981604857753,0.02769330490523055,0.01706000575431204
2018-02-05,2670,ewma,test,pca_only,8,20,log_euclidean,0.01,4.149953348086275,4844.141633526957,1328.2940743038637,323.04278182450577,161.52139091223873,-258.56847352808495,0.0001627640014948511,0.00016275974120565594,1.2033301566348294e-05,1.7069552202797338,0.06375846161131139,0.04612587239452083
2018-02-05,2670,ledoit_wolf,test,pca_only,8,20,log_euclidean,0.01,36.13894843827411,19992.852943660597,2628.9606302221655,739.8014206739236,369.9007103369614,-49.43020351277791,0.00018670041963816922,0.00018669615934897407,0.0006100391230144278,1.0032040347835174,0.010942498528783142,0.01051915351963917
2018-02-05,2670,oas,test,pca_only,8,20,log_euclidean,0.01,122.32886906912489,14114.838261431232,2564.301602390582,503.7404634824146,251.87023174120893,-167.50217863042292,0.00017224569846394398,0.00017224143817474882,8.164811292136367e-05,1.0068644257572599,0.01784304754291804,0.011668182226890353
2018-02-05,2670,shrink,test,pca_only,8,20,log_euclidean,0.01,82.06402360323179,8298.798652594949,1809.0138108715196,412.70614061098877,206.35307030549427,-213.11038759097178,0.00015834105866019955,0.0001583367983710044,2.5140281319991523e-05,1.0614563904202106,0.023374892326176296,0.014567478948267772
2018-02-05,2670,persistence,test,pca_only,8,20,log_euclidean,0.01,0.00017627889101667535,3583.600188920629,737.4452286021108,4738.075673074773,2369.037836537377,1925.3698478553633,0.000141880147829585,0.00014187588754038983,6.260724800040763e-07,3.0670475980812415,0.10446045405856873,0.15211475788092485
2018-02-12,2675,D0_pca8,test,pca_only,8,20,log_euclidean,0.01,0.00012868964789756126,2056.591971271119,4309.973942002307,100802.71127882857,50401.35563941429,49280.394710333516,0.00014804410724509112,0.0001480417618706498,3.7275638663662205e-08,3.4014564686995477,0.1369122057986669,0.19318419733986436
2018-02-12,2675,rolling,test,pca_only,8,20,log_euclidean,0.01,9.027418354288722e-05,4660.095502737841,671.6351555302856,2585.1179223570725,1292.5589611785422,835.9754908896651,0.00011324718799576535,0.00011324484262132402,1.49126931212918e-06,4.879390885835403,0.1798731529083423,0.3783616686935735
2018-02-12,2675,ewma,test,pca_only,8,20,log_euclidean,0.01,0.0004122876743154248,4481.1357498801235,1043.9922672415921,1872.857351935142,936.4286759675698,489.31757298247504,8.323749039847213e-05,8.32351450240308e-05,1.7523058183801453e-06,4.222203582400116,0.1557613188036067,0.2871461216185919
2018-02-12,2675,ledoit_wolf,test,pca_only,8,20,log_euclidean,0.01,6.98751505265019e-05,7688.2899778065985,682.5703129932032,326.46084163368437,163.23042081684213,-270.77452424345654,6.831546721770995e-05,6.831312184326862e-05,1.707474867390089e-05,2.5804984150926513,0.08135056191800731,0.10652698431959752
2018-02-12,2675,oas,test,pca_only,8,20,log_euclidean,0.01,7.434590419597942e-05,7205.207133365734,630.898615611095,369.8293198149481,184.91465990747383,-249.70167530942248,7.30636452232835e-05,7.306129984884216e-05,1.2634445773649921e-05,3.1117752894362796,0.10436836955587275,0.15192466256958106
2018-02-12,2675,shrink,test,pca_only,8,20,log_euclidean,0.01,7.045730355100023e-05,7478.987721425023,642.6914549053256,331.13902591131114,165.56951295565568,-268.3588089518227,8.185714194596319e-05,8.185479657152186e-05,1.3643219274425805e-05,2.737573903689251,0.12107873792592821,0.14533681149474492
2018-02-12,2675,persistence,test,pca_only,8,20,log_euclidean,0.01,0.00044252517172150055,3559.1662490013796,1133.181647750205,3051.122047853634,1525.5610239268076,1088.9075543009328,0.00013605329772943656,0.00013605095235499524,1.013593696346123e-06,3.4086889145574797,0.1176946739157505,0.18296876747216326
2018-02-20,2680,D0_pca8,test,pca_only,8,20,log_euclidean,0.01,0.0008333170797441136,2113.8445376512705,4345.1241466067,186061.29074596037,93030.64537298019,90872.52493951649,0.00010780945496877144,0.00010780579105148886,4.69295425230681e-08,3.239726771829884,0.14048798082670721,0.19131156129147028
2018-02-20,2680,rolling,test,pca_only,8,20,log_euclidean,0.01,0.0008023559953536103,4728.223072881739,675.1646596976194,4893.03147274935,2446.515736374673,1955.6739835869134,8.864906883170837e-05,8.864540491442579e-05,1.3104752923562686e-06,4.878864762160041,0.14541901826787962,0.3492626328463534
2018-02-20,2680,ewma,test,pca_only,8,20,log_euclidean,0.01,0.0009990126915403632,4581.448570078599,912.6368388401436,3847.1360477348862,1923.568023867438,1453.6707237164244,6.76574841784727e-05,6.765382026119012e-05,1.566867408722795e-06,4.459857592463181,0.11745272030830524,0.28392526977431254
2018-02-20,2680,ledoit_wolf,test,pca_only,8,20,log_euclidean,0.01,0.0007764484003109623,7576.063051178753,627.4059181736477,449.3969197199506,224.69845985997506,-193.45600961322188,8.387176274044616e-05,8.386809882316358e-05,1.5278440253659597e-05,2.7567038808236033,0.08883374052609022,0.11839047966875649
2018-02-20,2680,oas,test,pca_only,8,20,log_euclidean,0.01,0.0007833941463263258,7132.260057490275,604.1312859060636,577.1921724220967,288.5960862110478,-131.9813307092207,7.770702702721097e-05,7.77033631099284e-05,1.1134204897191975e-05,3.2649666437767633,0.09808713468188494,0.15976255208934026
2018-02-20,2680,shrink,test,pca_only,8,20,log_euclidean,0.01,0.0007773893986766861,7501.517378492033,610.3931494001213,456.7119727957586,228.3559863978791,-189.88772100483175,6.221586650051156e-05,6.221220258322898e-05,1.3986907796378814e-05,2.757896053075003,0.10985522085808617,0.13528145261058475
2018-02-20,2680,persistence,test,pca_only,8,20,log_euclidean,0.01,0.0012085939302725914,3755.0236849297976,1094.305229641896,6374.929364402154,3187.464682201081,2731.799098962792,0.00018729572746298067,0.0001872920635456981,9.58448630828699e-07,3.354600976437148,0.10551418727508041,0.16320546228031005
2018-02-27,2685,D0_pca8,test,pca_only,8,20,log_euclidean,0.01,0.0010385160364243292,2030.3728639881829,3268.550382494601,264381.5652370673,132190.78261853365,129766.62115185976,0.000138129469504566,0.00013812252757065046,3.095628012851838e-08,3.417513703042883,0.14555779747738615,0.18845136698280254
2018-02-27,2685,rolling,test,pca_only,8,20,log_euclidean,0.01,0.0008120785211448682,4707.9635777848,553.2809055619464,4723.684272766107,2361.842136383055,1879.2613629947184,0.0001312152040825206,0.00013120826214860505,1.5073860606027054e-06,5.018246670524819,0.15015416637078352,0.389597069495143
2018-02-27,2685,ewma,test,pca_only,8,20,log_euclidean,0.01,0.0008235668994217262,4537.025863956985,603.2132429220894,4231.358997528499,2115.679498764247,1645.1918915451602,0.00012396002987206147,0.00012395308793814594,1.6353332945168651e-06,4.672525252279448,0.13740519702943998,0.34085297488926203
2018-02-27,2685,ledoit_wolf,test,pca_only,8,20,log_euclidean,0.01,0.0008314639738890739,7568.4980067936285,741.9075148357553,440.1203040043772,220.06015200218874,-191.95389004686533,9.367815545711716e-05,9.367121352320162e-05,1.7857509056307153e-05,2.869938531157004,0.08421763286509223,0.13817112524024358
2018-02-27,2685,oas,test,pca_only,8,20,log_euclidean,0.01,0.0008221892179103611,7180.495859298287,640.9036476352651,548.5748801148868,274.2874400574433,-139.76614505363284,9.457888992359166e-05,9.457194798967612e-05,1.3606770748982796e-05,3.3387611479151316,0.09677094781159072,0.1848251969390873
2018-02-27,2685,shrink,test,pca_only,8,20,log_euclidean,0.01,0.0008420647353934785,7563.190828301708,747.8240297532079,440.64732241652337,220.32366120826146,-191.7243388466736,6.231170149690755e-05,6.230475956299202e-05,1.678685893374706e-05,2.8899204897576,0.11928660247462676,0.1513543048969876
2018-02-27,2685,persistence,test,pca_only,8,20,log_euclidean,0.01,0.001016915550792939,3552.5431705996243,777.6865745019197,6565.096166218035,3282.5480831090194,2826.088977383294,0.0002076443932831885,0.00020763745134927297,1.1163925559916056e-06,3.6254664160561845,0.10000442118906333,0.1952634882698782
2018-03-06,2690,D0_pca8,test,pca_only,8,20,log_euclidean,0.01,0.001200258950066672,1988.2402533346833,2579.069860567608,222750.03831164504,111375.01915582252,108950.87868860802,0.000134244260291933,0.00013423590663066227,4.295426606174115e-08,3.559271186810072,0.1672064954993476,0.21054506268387527
2018-03-06,2690,rolling,test,pca_only,8,20,log_euclidean,0.01,0.0008520411577790901,4813.284151376923,525.2598640203672,4749.780884340554,2374.890442170281,1899.3780892823604,0.00018209270907481069,0.00018208435541353996,1.691414620215976e-06,5.172851120745128,0.21224687731622752,0.42171489170513393
2018-03-06,2690,ewma,test,pca_only,8,20,log_euclidean,0.01,0.0008341773066670173,4617.494015305644,516.9006677127476,4524.418307801514,2262.209153900755,1788.4572294274717,0.00016809748063912125,0.00016808912697785053,1.6519006979017457e-06,4.8930226620733475,0.15020960983277729,0.3677426152915003
2018-03-06,2690,ledoit_wolf,test,pca_only,8,20,log_euclidean,0.01,0.0008953793893617475,7535.8748327360345,781.8159080267294,451.97633787626296,225.98816893813125,-184.60790015621748,0.00012668672443760093,0.0001266783707763302,1.877242578347334e-05,3.255023240891437,0.09420958135858178,0.16113240176715662
2018-03-06,2690,oas,test,pca_only,8,20,log_euclidean,0.01,0.0008807588666945225,7223.212887999354,677.1449181778607,546.4034684777017,273.20173423885115,-139.0878964897183,0.00013241373445074136,0.00013240538078947064,1.4915538259530387e-05,3.619202843951644,0.10781665888968443,0.20215626917405696
2018-03-06,2690,shrink,test,pca_only,8,20,log_euclidean,0.01,0.0009198560027598626,7635.687473608602,850.6456343749156,435.7626399428209,217.8813199714106,-192.28206107221018,8.751554001034878e-05,8.750718634907806e-05,1.939428213183229e-05,3.038513507695927,0.11971960378772471,0.16026771578406193
2018-03-06,2690,persistence,test,pca_only,8,20,log_euclidean,0.01,0.0008475924015008831,3507.226534351978,588.4256993946381,8083.165006255869,4041.582503127939,3558.4525392847668,0.00013273449377123938,0.00013272614010996866,6.216036213073058e-07,3.045455923916474,0.09624616978998278,0.13550563620949876
2018-03-13,2695,D0_pca8,test,pca_only,8,20,log_euclidean,0.01,0.0014000572316263922,1969.180536186477,2084.4098817694944,260909.4769883705,130454.73849418525,128158.887417366,0.00013852158985058419,0.0001385116396083976,3.166272616321933e-08,3.43592204159146,0.19677448102832543,0.2078718445692198
2018-03-13,2695,rolling,test,pca_only,8,20,log_euclidean,0.01,0.0009174653433870355,4898.935913113919,629.1106587821562,4631.567976921761,2315.783988460878,1852.0770086640891,0.00015194679935310581,0.00015193684911091922,1.5772563310651942e-06,5.041906377367315,0.14162103332572898,0.38165799919563803
2018-03-13,2695,ewma,test,pca_only,8,20,log_euclidean,0.01,0.0009313169099253346,4697.043080234877,709.4032447596185,4823.054896134349,2411.527448067168,1945.802912718535,0.00015653719822032383,0.00015652724797813724,1.4969733573770034e-06,4.953017675955367,0.14731463619173757,0.3569943066187315
2018-03-13,2695,ledoit_wolf,test,pca_only,8,20,log_euclidean,0.01,0.0009831562767254837,7601.0225705599605,970.1377070643066,446.15674608964605,223.07837304482322,-184.6917522486332,0.0001265960791470656,0.000126586128904879,1.817781502216992e-05,3.301885599550789,0.09669493290925962,0.16112690234067725
2018-03-13,2695,oas,test,pca_only,8,20,log_euclidean,0.01,0.0009643747681234592,7330.461587424453,854.7898913948635,525.4287720224572,262.7143860112287,-146.27478366330791,0.0001283024468551791,0.00012829249661299252,1.4738272357648064e-05,3.592973492411529,0.10605413180142814,0.19387085047332783
2018-03-13,2695,shrink,test,pca_only,8,20,log_euclidean,0.01,0.0010199765237821682,7731.907038965484,1087.2266268335275,424.0745229981551,212.03726149907777,-195.3087329099921,8.483685435899026e-05,8.482690411680367e-05,1.9530650323374173e-05,3.05904508372426,0.11276449421073818,0.15537785217847952
2018-03-13,2695,persistence,test,pca_only,8,20,log_euclidean,0.01,0.0010987816065180208,3604.092115178594,1183.855481697862,11476.187505137666,5738.093752568829,5261.891394976341,0.0001562031799913999,0.0001561932297492133,3.3615442510020883e-07,2.5427336457090286,0.0923640493474394,0.09997319049858135
2018-03-20,2700,D0_pca8,test,pca_only,8,20,log_euclidean,0.01,0.0007026524610193731,1765.8012762380336,2199.085856604497,61189.166325547776,30594.583162773884,28830.026879528257,0.00010838707101534803,0.00010837840847446597,4.8596387054040035e-08,3.4221948448987085,0.1939105772916699,0.20300754478843525
2018-03-20,2700,rolling,test,pca_only,8,20,log_euclidean,0.01,0.0003633309374506318,4903.136547346652,685.31528821039,1634.4670563027128,817.2335281513544,365.18760166778446,0.0001405804815719498,0.00014057181903106775,2.0661375941988154e-06,4.924538345785789,0.15569810521996616,0.3954222870453975
2018-03-20,2700,ewma,test,pca_only,8,20,log_euclidean,0.01,0.0013960251640827937,4689.916808871198,786.6291647813155,1282.249274782908,641.1246373914522,198.216781549665,0.00013163716556909596,0.0001316285030282139,2.462314912487973e-06,4.560870470531734,0.14135860736379535,0.3289780076730255
2018-03-20,2700,ledoit_wolf,test,pca_only,8,20,log_euclidean,0.01,0.000449530808679843,8597.825148413282,1700.7693114758117,290.99290769020894,145.49645384510478,-277.7366918218123,9.477980184356263e-05,9.477113930268057e-05,2.9992325821101883e-05,2.2810735954339325,0.0639783033818019,0.07889894845762187
2018-03-20,2700,oas,test,pca_only,8,20,log_euclidean,0.01,0.00038090760300426034,7651.225237146273,978.2346643669317,306.5658299447492,153.28291497237473,-271.3381812850634,0.00010607998588057513,0.00010607132333969308,1.8910214421855383e-05,3.346593044417911,0.0943866557556415,0.1738006176544891
2018-03-20,2700,shrink,test,pca_only,8,20,log_euclidean,0.01,0.00046115168012801785,7802.384082269698,1124.7723809741628,287.7258336677966,143.86291683389848,-280.158230593127,8.22305175691032e-05,8.222185502822114e-05,1.9761736333780003e-05,3.0472374274442044,0.13068428236341845,0.16616703742250313
2018-03-20,2700,persistence,test,pca_only,8,20,log_euclidean,0.01,0.001127159429884423,3467.9132961970263,1079.4811682311313,3046.8477239369713,1523.423861968476,1047.4452445875327,0.00013665803788154518,0.00013664937534066312,4.586329259960458e-07,2.3062252844939377,0.09564274431900131,0.0851679177436664
2018-03-27,2705,D0_pca8,test,pca_only,8,20,log_euclidean,0.01,0.0002783071894223936,1812.2244520280547,3240.8752460039195,45535.68951093146,22767.84475546571,21591.199579931596,0.00011360517027308736,0.00011360131221161007,9.391433364389978e-08,4.082887086138913,0.154775215986688,0.2755819356220192
2018-03-27,2705,rolling,test,pca_only,8,20,log_euclidean,0.01,0.000241642472104838,4960.521841651449,517.5609321047076,1494.2518151772006,747.1259075885978,293.36303883447033,0.00013622706831133477,0.00013622321024985747,2.6791654667333505e-06,5.399865609432441,0.2184118172775618,0.4674853482447096
2018-03-27,2705,ewma,test,pca_only,8,20,log_euclidean,0.01,0.0007441665964113279,4743.818690961172,537.5471305610025,1276.2139620834955,638.1069810417442,188.23104859314395,0.00011708850610546534,0.00011708464804398805,2.7935182272588124e-06,4.811644765896588,0.20148896352196055,0.3730645886419389
2018-03-27,2705,ledoit_wolf,test,pca_only,8,20,log_euclidean,0.01,0.0001701808802296483,8428.46298613191,781.7325717601193,305.9118437218501,152.95592186092532,-280.2997754838556,7.71858324701335e-05,7.718197440865621e-05,3.203721401073598e-05,2.5824386484548136,0.07449818724218735,0.10517854608333271
2018-03-27,2705,oas,test,pca_only,8,20,log_euclidean,0.01,0.00019564124576618773,7621.807487236372,531.6509423731898,324.3932376245144,162.19661881225719,-272.0978302935724,9.573477275727282e-05,9.573091469579553e-05,2.0846914897445255e-05,3.4683982494205576,0.12138272858461045,0.1951523676512475
2018-03-27,2705,shrink,test,pca_only,8,20,log_euclidean,0.01,0.00022490837431717582,7921.160580774824,629.8074521029616,300.91160763944333,150.4558038197215,-283.2682790787221,6.952154593542519e-05,6.95176878739479e-05,2.328356732348694e-05,3.008714653542815,0.19103187569033248,0.17978287729534767
2018-03-27,2705,persistence,test,pca_only,8,20,log_euclidean,0.01,0.0008341824548240993,3407.836887389095,661.7728877911597,2231.1471516993442,1115.5735758496803,660.2994366096016,9.757094249528976e-05,9.756708443381246e-05,7.037964019756517e-07,2.567804397668428,0.10395728423304175,0.11334154700443971
2018-04-04,2710,D0_pca8,test,pca_only,8,20,log_euclidean,0.01,0.0001778823694713502,1913.5095272331805,5212.352001785082,64994.91346299414,32497.456731497045,31798.05993702577,0.0001276195298486127,0.00012761757188105936,5.618729869171121e-08,3.207152028577027,0.15250267287738148,0.18779318634213654
2018-04-04,2710,rolling,test,pca_only,8,20,log_euclidean,0.01,0.00035766236380305687,4937.272236036625,905.0297116257766,1666.8042908579464,833.4021454289825,386.0469096015277,0.00012376811339222653,0.0001237661554246732,2.6278464643623963e-06,5.307800288772148,0.18566076843039478,0.45022766307120154
2018-04-04,2710,ewma,test,pca_only,8,20,log_euclidean,0.01,0.0006272698574203427,4715.165040271429,1047.9875799669276,1582.7309943158443,791.3654971579244,345.17180564112175,0.00011903805679691317,0.00011903609882935983,2.6852788005977208e-06,4.996112575473353,0.16793571933165435,0.4075015380891947
2018-04-04,2710,ledoit_wolf,test,pca_only,8,20,log_euclidean,0.01,0.00019773448657481915,8297.453982689041,497.85012678376876,322.5566477102107,161.2783238551051,-272.0972079255255,7.869932515756014e-05,7.86973671900068e-05,3.268226067986629e-05,2.8676201481609764,0.09064627829156614,0.13208712641030476
2018-04-04,2710,oas,test,pca_only,8,20,log_euclidean,0.01,0.000266627274178065,7582.094715953634,617.4475708391685,356.80088782841136,178.4004439142053,-255.64802729772288,9.714582040842818e-05,9.714386244087485e-05,2.10188715408075e-05,3.6991023271499675,0.11707861069672805,0.22176105793816697
2018-04-04,2710,shrink,test,pca_only,8,20,log_euclidean,0.01,0.00024341653864001789,7991.598127815707,530.1009860304841,319.2502060268332,159.62510301341678,-273.9070767080375,7.84749611475193e-05,7.847300317996597e-05,2.546896022242324e-05,3.142709134239253,0.15488755450123828,0.18964502078094367
2018-04-04,2710,persistence,test,pca_only,8,20,log_euclidean,0.01,0.0009916258244395046,3455.2140742807683,1105.190674915062,2480.567164203149,1240.2835821015606,793.4598009511705,6.539312792806567e-05,6.539116996051234e-05,8.922116545689479e-07,2.7908663835234138,0.11441157173225329,0.1352834210287355
2018-04-11,2715,D0_pca8,test,pca_only,8,20,log_euclidean,0.01,7.472886309999961e-05,1987.4893497272942,6783.451102271469,57036.09919993008,28518.049599965034,27602.971620182907,0.00010062949770028053,0.0001006279768860836,7.620260064583875e-08,3.4705715126751095,0.17846476872838218,0.19882617880332312
2018-04-11,2715,rolling,test,pca_only,8,20,log_euclidean,0.01,0.0004972895926853176,4887.571757687068,1602.2647777465359,1548.6456875186675,774.3228437593311,319.863342452655,0.00013407453914134003,0.00013407301832714312,2.7124379556951017e-06,5.379432503207339,0.17888637818759956,0.45212514757708633
2018-04-11,2715,ewma,test,pca_only,8,20,log_euclidean,0.01,0.0006422030495924473,4632.420428997319,1846.9339023098164,1510.9949745835047,755.4974872917522,300.5989656377451,0.0001204261316266686,0.00012042461081247169,2.5231351574865713e-06,4.949391849295957,0.15628348356383065,0.38391595512557614
2018-04-11,2715,ledoit_wolf,test,pca_only,8,20,log_euclidean,0.01,0.00026873073210447585,8183.630422592616,786.9341742562174,329.8632871494864,164.93164357474336,-275.33811838800955,7.062982676526782e-05,7.06283059510709e-05,3.1737990383200266e-05,3.0888651415165826,0.09884581990431243,0.14730823491804085
2018-04-11,2715,oas,test,pca_only,8,20,log_euclidean,0.01,0.00036664127650284245,7521.661712158981,1107.0665682089611,361.8027442358641,180.90137211793217,-260.104327221775,9.093576261629701e-05,9.093424180210009e-05,2.0639248796428704e-05,3.9282690709185575,0.12204091816341955,0.2323242904829189
2018-04-11,2715,shrink,test,pca_only,8,20,log_euclidean,0.01,0.00028535338197984594,8027.647704646495,825.6062316451639,330.4815593722858,165.24077968614276,-275.02349257068056,7.720085081026109e-05,7.719932999606417e-05,2.6001649821816254e-05,3.136403383516207,0.1457236241046398,0.18483810964778638
2018-04-11,2715,persistence,test,pca_only,8,20,log_euclidean,0.01,0.0012226565903463921,3454.803528096554,2169.70987211215,2288.720658306258,1144.3603291531315,675.6627163655579,4.844774626701031e-05,4.84462254528134e-05,9.79395317824779e-07,2.951556119945091,0.11296857859094903,0.1400629612029856
2018-04-18,2720,D0_pca8,test,pca_only,8,20,log_euclidean,0.01,6.852941088099895e-05,1978.2543706925012,6767.627154736828,70944.54694927232,35472.27347463616,34509.250992769805,9.631659571454477e-05,9.631519864920146e-05,4.945990378268815e-08,3.2549472713809533,0.15590997738217457,0.18945053507533477
2018-04-18,2720,rolling,test,pca_only,8,20,log_euclidean,0.01,0.000498100446219825,4811.659470403045,1696.5979889033047,1613.3030673871292,806.6515336935649,350.94815749412845,9.626558648603796e-05,9.626418942069465e-05,3.0711349442461777e-06,6.048926987355856,0.18621791555797854,0.5171302987097498
2018-04-18,2720,ewma,test,pca_only,8,20,log_euclidean,0.01,0.0004003497323707462,4587.1328364417,1669.3685545601056,1799.4571355120472,899.7285677560179,442.2245680644993,8.879707356963714e-05,8.879567650429383e-05,2.632573278824046e-06,5.8303765821280535,0.16210444631658333,0.4790940330215163
2018-04-18,2720,ledoit_wolf,test,pca_only,8,20,log_euclidean,0.01,0.0002627068848270976,8165.187962461228,823.2898507494003,332.82715862561025,166.41357931280507,-276.02434587587766,4.049996804310907e-05,4.0498570977765764e-05,3.1785896690044815e-05,3.0456928532747503,0.0904105279034892,0.13344627710286
2018-04-18,2720,oas,test,pca_only,8,20,log_euclidean,0.01,0.00037139152273305194,7426.740615110204,1192.90048394128,370.4790795968909,185.2395397984449,-257.9329024507664,5.2236556666331336e-05,5.223515960098803e-05,2.0775076695989034e-05,3.9747260661315553,0.11551275313144206,0.2299128846397626
2018-04-18,2720,shrink,test,pca_only,8,20,log_euclidean,0.01,0.0002897991911806956,7942.340506483006,884.246338471618,334.60794934539393,167.30397467269725,-275.29271908033434,4.779155890361757e-05,4.779016183827426e-05,2.6627625669244808e-05,3.0920973695933855,0.13351891388495502,0.17091423174758621
2018-04-18,2720,persistence,test,pca_only,8,20,log_euclidean,0.01,0.0005779462846603337,3430.769439986627,2243.5852486859476,3296.6569520739445,1648.3284760369552,1180.6125413013483,5.074553330811788e-05,5.074413624277457e-05,7.87770993437991e-07,3.3236276082286547,0.09268090316558779,0.1677283984241487
2018-04-25,2725,D0_pca8,test,pca_only,8,20,log_euclidean,0.01,6.033321547198271e-05,1976.3024226547075,7041.702400911272,77253.97285119594,38626.98642559796,37898.61011247561,9.63925847781105e-05,9.63911928683532e-05,6.107522215187898e-08,3.627725451914273,0.15026817408596563,0.2175227995852113
2018-04-25,2725,rolling,test,pca_only,8,20,log_euclidean,0.01,0.00033666069970908,4843.667276436094,1403.5506577814156,1989.5286510589167,994.7643255294612,535.0347813591791,7.556101141449224e-05,7.555961950473493e-05,1.8116024880293652e-06,4.666501500085739,0.15037890898867,0.36671819341058
2018-04-25,2725,ewma,test,pca_only,8,20,log_euclidean,0.01,0.00027718694357155906,4617.497456828676,1464.6035819655367,2218.249583921157,1109.124791960579,649.2431830565122,8.580291067984371e-05,8.58015187700864e-05,1.6417529227213496e-06,4.770985199535092,0.16327519958953385,0.3686270507081265
2018-04-25,2725,ledoit_wolf,test,pca_only,8,20,log_euclidean,0.01,0.00014578190031989252,8323.793541901035,651.674484659331,336.7660711225699,168.38303556128534,-275.61253205962356,3.182717044794085e-05,3.182577853818355e-05,2.4330612698359325e-05,2.27789758371123,0.0684535673818221,0.08219821547262846
2018-04-25,2725,oas,test,pca_only,8,20,log_euclidean,0.01,0.0002475776161981284,7394.051140217427,966.3322455282046,382.88362476665134,191.4418123833267,-253.143783357392,4.138183680111561e-05,4.138044489135831e-05,1.471860417762888e-05,3.186940758821866,0.10108563228501267,0.16648638510163655
2018-04-25,2725,shrink,test,pca_only,8,20,log_euclidean,0.01,0.00022703612659403773,7656.167883489499,812.8155439034597,351.51128930314974,175.75564465157515,-268.73450043228473,3.9698473964055596e-05,3.9697082054298295e-05,1.5722615020572033e-05,2.7929425865427393,0.156361234626476,0.16810316891345267
2018-04-25,2725,persistence,test,pca_only,8,20,log_euclidean,0.01,0.00028990457034985915,3512.7784622483623,1756.6826862292817,4459.121011290479,2229.560505645243,1770.4305961373873,3.6410750848217937e-05,3.6409358938460636e-05,4.273424889206797e-07,2.8835919551609233,0.0855768039141136,0.11682817319396431
2018-05-02,2730,D0_pca8,test,pca_only,8,20,log_euclidean,0.01,4.9022423945948137e-05,1896.714578838917,6246.912076198633,56284.12021948921,28142.060109744594,27120.56062360091,9.00138895321756e-05,9.001125969386175e-05,1.0173641002975313e-07,4.211788225217346,0.18252911244393585,0.2994013400102836
2018-05-02,2730,rolling,test,pca_only,8,20,log_euclidean,0.01,0.00029395469447393677,4780.153416590858,960.3527888674614,1730.2225053425898,865.1112526712997,403.3707378600813,6.374941000409813e-05,6.374678016578428e-05,1.9527163279843052e-06,4.903410998268932,0.16998280704312602,0.3936928109620246
2018-05-02,2730,ewma,test,pca_only,8,20,log_euclidean,0.01,0.00018948264561483008,4567.093597409001,888.6384995321978,1975.0191791052926,987.5095895526388,523.6300563612027,6.601704821910292e-05,6.601441838078907e-05,1.7016808384787514e-06,4.84370635878624,0.17205320294391,0.3792133723896968
2018-05-02,2730,ledoit_wolf,test,pca_only,8,20,log_euclidean,0.01,0.00011576910193956875,8366.646913293884,535.8587051995189,332.70163279570306,166.35081639785244,-282.4092337132402,3.1321716456494515e-05,3.131908661818067e-05,2.5170393501071494e-05,2.1934090370628265,0.06303041670105654,0.07647073152642782
2018-05-02,2730,oas,test,pca_only,8,20,log_euclidean,0.01,0.00021084294496268388,7401.805557796968,659.3893281543455,359.09535036105757,179.54767518052884,-269.9941301591147,3.7967070559197364e-05,3.796444072088352e-05,1.570703398879291e-05,3.2683977112306004,0.1045292693904637,0.16573564316156977
2018-05-02,2730,shrink,test,pca_only,8,20,log_euclidean,0.01,0.0002003930952629261,7621.965519198992,584.1703379711523,334.15166792942523,167.0758339647127,-282.0592159553498,2.7940755307251077e-05,2.7938125468937234e-05,1.5961112750536082e-05,2.953586365971841,0.13587296370029528,0.1663711246672269
2018-05-02,2730,persistence,test,pca_only,8,20,log_euclidean,0.01,0.00018218321331933286,3459.7629879118904,979.2857682965275,4215.635042762846,2107.8175213814316,1608.8727939361254,5.658545792544813e-05,5.6582828087134286e-05,2.339382401871055e-07,2.06848232703249,0.0662004941217427,0.0670981231734823
2018-05-09,2735,D0_pca8,test,pca_only,8,20,log_euclidean,0.01,5.351644564285786e-05,1848.5832916058225,5997.378439711381,84161.81985943358,42080.9099297168,40999.54388475006,9.258547710855223e-05,9.258332037395937e-05,4.901568094708363e-08,3.9522133651418354,0.1395737166561457,0.26067110530987425
2018-05-09,2735,rolling,test,pca_only,8,20,log_euclidean,0.01,0.0002845321216201147,4736.9590234752395,861.8962497562951,1737.8213382936538,868.91066914683,405.96524148340455,6.968816727172513e-05,6.968601053713227e-05,1.7227307886921855e-06,4.83586062209584,0.1366875785774631,0.3531358723966708
2018-05-09,2735,ewma,test,pca_only,8,20,log_euclidean,0.01,0.00012557271085762587,4556.84548243495,762.7976145449749,2152.140806211063,1076.0704031055293,610.0152763807489,6.599537216190261e-05,6.599321542730974e-05,1.367049452963444e-06,4.684857888139643,0.1464099282927929,0.3377698119896648
2018-05-09,2735,ledoit_wolf,test,pca_only,8,20,log_euclidean,0.01,0.00010905135119182612,8373.767692327601,537.2096622170575,331.6668175077701,165.8334087538849,-283.9404678388404,2.8063895441495284e-05,2.8061738706902415e-05,2.3160233955640805e-05,2.0631906120091124,0.06837554813004569,0.07008761292819637
2018-05-09,2735,oas,test,pca_only,8,20,log_euclidean,0.01,0.00020368171911188619,7381.051134391256,619.4619281481718,354.0568402822677,177.028420141134,-273.4845225428202,3.797815804648299e-05,3.797600131189012e-05,1.4230012909824503e-05,3.1316159035185542,0.08821605599973718,0.15177133900124423
2018-05-09,2735,shrink,test,pca_only,8,20,log_euclidean,0.01,0.0001959218130223922,7606.625189923169,545.0448395912705,327.1071741455096,163.55358707275468,-286.67647435740184,3.1975244113509644e-05,3.197308737891677e-05,1.4887145537305682e-05,2.7874421870834007,0.16165106684516012,0.1432604062013558
2018-05-09,2735,persistence,test,pca_only,8,20,log_euclidean,0.01,8.953775495277498e-05,3437.3342571405037,915.9529660852709,4803.5344773550405,2401.7672386775207,1943.7592684187034,3.149210909729297e-05,3.14899523627001e-05,1.9254524120229916e-07,2.009656103637923,0.07265896319922775,0.06553628905821081
2018-05-16,2740,D0_pca8,test,pca_only,8,20,log_euclidean,0.01,4.8619843211926094e-05,1849.8522571694814,6374.35875660168,62040.692110348806,31020.346055174414,29853.52626043245,7.015413468383743e-05,7.015112679466094e-05,5.413087741893985e-08,3.323356359370539,0.14200153689000164,0.18763223380764477
2018-05-16,2740,rolling,test,pca_only,8,20,log_euclidean,0.01,0.0002737472621644774,4696.847907651138,815.1795990725385,1704.9245252471005,852.4622626235576,374.4019641160436,5.115910118955113e-05,5.115609330037465e-05,1.7049618768229103e-06,4.784092367127447,0.14029911913550394,0.3572811846826612
2018-05-16,2740,ewma,test,pca_only,8,20,log_euclidean,0.01,9.114321439982017e-05,4496.477799524475,722.3205649678199,2336.228701424636,1168.114350712307,679.2008395945743,5.161652724706773e-05,5.161351935789125e-05,1.2050509942083642e-06,4.613781711803768,0.14214043747298033,0.34447980218975777
2018-05-16,2740,ledoit_wolf,test,pca_only,8,20,log_euclidean,0.01,9.955359726047121e-05,8401.81367008339,550.2865132326724,332.8573113031448,166.42865565157234,-284.4887647212184,2.845904381704082e-05,2.8456035927864338e-05,2.1202780628342472e-05,1.8885148451705152,0.07023335003114732,0.06033128474347912
2018-05-16,2740,oas,test,pca_only,8,20,log_euclidean,0.01,0.0001971517433173943,7341.381540487111,601.6009945768295,353.47885532390956,176.73942766195432,-275.4918344716699,3.124096983365931e-05,3.123796194448283e-05,1.31877909382732e-05,2.952697276960748,0.09802270693389507,0.1381745949408272
2018-05-16,2740,shrink,test,pca_only,8,20,log_euclidean,0.01,0.00019305620721714065,7561.967339825376,530.8316538622823,333.1099065900733,166.55495329503663,-285.3647809098868,2.8825358742596585e-05,2.8822350853420104e-05,1.307238378669294e-05,2.520497182527842,0.17876441630158338,0.1369300513353891
2018-05-16,2740,persistence,test,pca_only,8,20,log_euclidean,0.01,8.348922988657076e-05,3413.2196895074685,959.100040313712,4873.928942438429,2436.9644712192176,1942.9888469339833,2.771070203041005e-05,2.7707694141233568e-05,1.758709824697645e-07,1.9658626351371775,0.07197551367094034,0.06284449217041127
2018-05-23,2745,D0_pca8,test,pca_only,8,20,log_euclidean,0.01,3.9251570625350744e-05,1797.65438129192,6504.317339499958,31605.895108313587,15802.947554156779,15285.190148577085,5.449646797390496e-05,5.449519228135091e-05,9.954832398242843e-08,3.4564463805443983,0.13587268115444032,0.20188110975787482
2018-05-23,2745,rolling,test,pca_only,8,20,log_euclidean,0.01,0.0002530032587363221,4634.26129638109,813.8475419170442,1452.8819587964208,726.4409793982057,267.59656292707837,4.6077438623376457e-05,4.60761629308224e-05,1.55874921442128e-06,4.590455217492653,0.1414734898534845,0.3302218769539972
2018-05-23,2745,ewma,test,pca_only,8,20,log_euclidean,0.01,6.755812868296953e-05,4431.493688600025,700.9483151626027,2033.091362010999,1016.5456810054972,555.1641200643137,4.246919596446299e-05,4.2467920271908935e-05,1.056796166508812e-06,4.41944266028173,0.14433488420057733,0.31188635849995944
2018-05-23,2745,ledoit_wolf,test,pca_only,8,20,log_euclidean,0.01,8.626555532153436e-05,8415.34487373093,595.8075831209204,332.8323258703087,166.41616293515472,-287.6431475885797,3.1072513410894165e-05,3.107123771834011e-05,2.0605943150175966e-05,1.911538516438859,0.07350191080983233,0.0588472793721957
2018-05-23,2745,oas,test,pca_only,8,20,log_euclidean,0.01,0.0001799783756792116,7326.067422871744,609.1851392923229,339.08714003089386,169.54357001544713,-284.749677717563,3.727338188295761e-05,3.7272106190403555e-05,1.2397622353309382e-05,2.9080523357842702,0.10635192408921887,0.13304821472744136
2018-05-23,2745,shrink,test,pca_only,8,20,log_euclidean,0.01,0.0001800459680373639,7521.77645497028,552.2295213993629,322.1274554537538,161.0637277268771,-293.5490771387841,2.5762433370007982e-05,2.576115767745393e-05,1.2383840576086475e-05,2.4982843980329608,0.19094190828278657,0.13377685209917944
2018-05-23,2745,persistence,test,pca_only,8,20,log_euclidean,0.01,7.555146944726997e-05,3267.7024106331273,1054.0120022890878,4419.034899067443,2209.517449533726,1742.4889235623311,3.177301340568732e-05,3.177173771313327e-05,1.6129162399205218e-07,1.9548657598697814,0.06403065829054815,0.060115917694959935
2018-05-31,2750,D0_pca8,test,pca_only,8,20,log_euclidean,0.01,5.236621050862909e-05,1779.6549633551572,7053.5514893824575,45047.05056923635,22523.525284618165,21953.757815259603,8.421520140680769e-05,8.421460451805401e-05,9.018199274764361e-08,4.148499012337004,0.15718130781626483,0.288604319990016
2018-05-31,2750,rolling,test,pca_only,8,20,log_euclidean,0.01,0.00012191175178612565,4502.415750874792,936.5805244050391,1815.5425152181533,907.7712576090735,435.7883254311694,5.0238429743801135e-05,5.023783285504747e-05,1.6490364804430723e-06,5.260255679936347,0.21441032919265554,0.44017630441400335
2018-05-31,2750,ewma,test,pca_only,8,20,log_euclidean,0.01,6.2028352814376e-05,4319.695490510776,795.7109111440321,2177.5439423221724,1088.7719711610812,613.2337006050113,4.942640772531185e-05,4.942581083655818e-05,1.2981472713456525e-06,4.933796780171349,0.1890916817490113,0.3929443858840535
2018-05-31,2750,ledoit_wolf,test,pca_only,8,20,log_euclidean,0.01,8.249496038307604e-05,7141.857764729964,701.0152253702718,336.60390234196745,168.3019511709843,-284.8983186769227,2.1608601559333183e-05,2.1608004670579513e-05,1.3428197322459248e-05,3.0041836810932137,0.1048470028868936,0.14457733897676006
2018-05-31,2750,oas,test,pca_only,8,20,log_euclidean,0.01,8.688358848530527e-05,7011.588347732586,723.713470569603,347.12887217404466,173.5644360870226,-279.84805587193375,2.316342346420363e-05,2.3162826575449958e-05,1.2329003178550856e-05,3.1644084084621142,0.1101181402988498,0.1597431474482282
2018-05-31,2750,shrink,test,pca_only,8,20,log_euclidean,0.01,6.537805299368051e-05,7438.588501644228,655.3996294333939,317.88329786694953,158.94164893347505,-294.22443796262513,1.9859528084514974e-05,1.9858931195761303e-05,1.3482114724465905e-05,2.55556693421195,0.1747495942274017,0.14243009886022778
2018-05-31,2750,persistence,test,pca_only,8,20,log_euclidean,0.01,7.685725833696247e-05,3243.535890511939,1064.236419383724,4990.364190435042,2495.182095217512,2008.4785746884766,3.6441787818683024e-05,3.644119092992936e-05,2.384592493680017e-07,2.539630978725676,0.08067445098065301,0.09578915655817712
2018-06-07,2755,D0_pca8,test,pca_only,8,20,log_euclidean,0.01,4613.474590711072,2166.6852505303023,9197.019568755426,246772713.8843452,123386356.9421726,116116066.78188269,0.006428110520337664,0.006398104666557715,7.047741655061707e-08,3.9365162583268485,0.19872137003813212,0.2565436182058022
2018-06-07,2755,rolling,test,pca_only,8,20,log_euclidean,0.01,4613.412593331179,5011.08433804897,1936.9101946679327,15346680.47433493,7673340.237167465,7237548.752910169,0.42535322457704133,0.4253232187232614,1.1305987578455456e-06,4.705947723207051,0.17119265939824863,0.34145885618608124
2018-06-07,2755,ewma,test,pca_only,8,20,log_euclidean,0.01,4613.441667330133,4827.9276289622185,1791.5076599656104,17765959.949610755,8882979.974805377,8378352.495407408,0.41401981206792626,0.4139898062141463,9.450933717250681e-07,4.437344041262171,0.16044981400058975,0.30661614722704117
2018-06-07,2755,ledoit_wolf,test,pca_only,8,20,log_euclidean,0.01,4613.422758126335,7508.361520970449,1520.3732587424502,782478.1664546413,391239.08322732063,368494.25741779373,0.34194983533525514,0.3419198294814752,1.2190591834604386e-05,2.6572537619533363,0.10210903177750721,0.10751494472486929
2018-06-07,2755,oas,test,pca_only,8,20,log_euclidean,0.01,4613.421027995932,7326.9851110877025,1580.5101034980887,964677.3536345458,482338.6768172729,454389.57664191135,0.3609330807793684,0.3609030749255885,1.084108741324159e-05,2.8846777437994597,0.10830970007084009,0.12568933184428002
2018-06-07,2755,shrink,test,pca_only,8,20,log_euclidean,0.01,4613.429890435211,7525.671609433433,1510.802081892587,1038448.2430808896,519224.1215404448,489833.1803266724,0.5217667959500073,0.5217367900962273,1.0714996918466194e-05,2.5116912822236834,0.1499247252652013,0.1358772310629003
2018-06-07,2755,persistence,test,pca_only,8,20,log_euclidean,0.01,4613.454826234562,3781.7138555607926,1908.7248964287598,24412924.17194347,12206462.085971735,11491628.810354639,0.1582757800999528,0.15824577424617287,2.0277139327248778e-07,2.3989080955977222,0.07062945333749199,0.08365827726659891
2018-06-14,2760,D0_pca8,test,pca_only,8,20,log_euclidean,0.01,4613.491897949453,2196.0255760570285,8558.32326236817,412675023.1715435,206337511.58577174,194331018.79394916,0.0397207725978244,0.0396824917079294,3.740183431714175e-08,3.657134207243007,0.1389553971150618,0.21398849311937726
2018-06-14,2760,rolling,test,pca_only,8,20,log_euclidean,0.01,4613.444657599989,4953.236445038992,1598.565963314303,16080355.148794925,8040177.574397462,7580061.240000645,0.07902676689584888,0.07898848600595389,7.459150976558711e-07,4.025571148548862,0.13004180156928727,0.253999419505907
2018-06-14,2760,ewma,test,pca_only,8,20,log_euclidean,0.01,4613.4596661154,4760.301677890706,1607.0058477056098,18857663.485352013,9428831.742676007,8889665.845640574,0.09126136190434966,0.09122308101445467,6.263302402735121e-07,3.9028532550555,0.1259636940401259,0.24219706134431215
2018-06-14,2760,ledoit_wolf,test,pca_only,8,20,log_euclidean,0.01,4613.452484338772,7719.303523717759,1345.741226444799,595824.0346141446,297912.0173070723,280471.32085010497,0.22450551504300084,0.22446723415310585,1.0210250751136323e-05,2.027231659986533,0.06541563276803726,0.06374206081276307
2018-06-14,2760,oas,test,pca_only,8,20,log_euclidean,0.01,4613.4506731546735,7457.502770006622,1377.7080186471885,788765.0398636082,394382.5199318041,371391.5429421774,0.22748103877670983,0.22744275788681484,8.933313240490743e-06,2.3390575457206326,0.06804583885617634,0.08172223659892947
2018-06-14,2760,shrink,test,pca_only,8,20,log_euclidean,0.01,4613.455566051623,7378.965678529351,1385.1212706031192,1127381.2565548164,563690.6282774082,531602.5766772734,0.3425689596212513,0.3425306787313563,8.164978325084371e-06,2.313558794828511,0.1247419329941205,0.10279314980588677
2018-06-14,2760,persistence,test,pca_only,8,20,log_euclidean,0.01,4613.460981908524,3707.47502182032,1809.946713987826,24894711.094520785,12447355.547260392,11719024.25284034,0.15858080747910547,0.15854252658921048,2.3517025470690622e-07,2.4630740009207037,0.08359021264161356,0.09814424460935586
2018-06-21,2765,D0_pca8,test,pca_only,8,20,log_euclidean,0.01,4613.480673068423,2212.5654503246597,8682.703978744954,307749935.92059433,153874967.96029717,144844755.16094914,0.019709571291260025,0.019673681694265463,4.8251570795838054e-08,3.506827423935701,0.15290799516912124,0.20811810233256933
2018-06-21,2765,rolling,test,pca_only,8,20,log_euclidean,0.01,4613.452845090623,5006.6220881680265,1488.843703326771,18853312.55023506,9426656.27511753,8888713.718337908,0.04591575942078367,0.04587986982378911,7.249597620125995e-07,4.375375558456545,0.1427033090289138,0.27823944503026005
2018-06-21,2765,ewma,test,pca_only,8,20,log_euclidean,0.01,4613.4572442381,4797.233023533105,1546.5569921300753,21207333.87035853,10603666.935179265,9999189.785238782,0.08887974749069891,0.08884385789370434,6.29779383468702e-07,4.15675418420888,0.138411240397841,0.2582040053044959
2018-06-21,2765,ledoit_wolf,test,pca_only,8,20,log_euclidean,0.01,4613.457679731207,7712.089729216594,1333.9674761874942,585253.4339282803,292626.7169641401,275496.8281851423,0.1614972344642211,0.16146134486722655,8.662998056963082e-06,1.7554653048724553,0.06304953715668005,0.04680873179724998
2018-06-21,2765,oas,test,pca_only,8,20,log_euclidean,0.01,4613.45719623386,7607.661566094057,1336.6474884361535,656107.7644846425,328053.88224232127,308892.6827424937,0.16726803636167506,0.1672321467646805,8.408760347272934e-06,1.8874369315127455,0.06497608545104759,0.05289229930435908
2018-06-21,2765,shrink,test,pca_only,8,20,log_euclidean,0.01,4613.459687577401,7277.921366969348,1360.295902231947,1248550.7624824806,624275.3812412403,588740.5169741004,0.2545943281233506,0.254558438526356,6.560122000322156e-06,2.1178138716020682,0.12073966263654966,0.08308362599506151
2018-06-21,2765,persistence,test,pca_only,8,20,log_euclidean,0.01,4613.443403467996,3644.6859351856915,1870.1434096474036,27211999.32237449,13605999.661187245,12811228.346077617,0.02480255963101277,0.02476667003401821,1.3804177518799104e-07,2.1046035548105624,0.06302310562483145,0.06244405176711588
2018-06-28,2770,D0_pca8,test,pca_only,8,20,log_euclidean,0.01,4613.483694688911,2302.6320069150074,9171.840101448688,379796953.44803333,189898476.72401667,178819393.27430484,0.013063208601375664,0.013039817941728362,4.919097301630554e-08,3.8015385901618504,0.1583560890474605,0.24581509979509722
2018-06-28,2770,rolling,test,pca_only,8,20,log_euclidean,0.01,4613.446360149665,5159.532233925089,1535.4741736784954,14573452.140373092,7286726.070186546,6859704.245875801,0.03698656198089794,0.03696317132125064,6.140702146843119e-07,3.7687242601474957,0.13478248657801276,0.22503160517233609
2018-06-28,2770,ewma,test,pca_only,8,20,log_euclidean,0.01,4613.436587754616,4926.997765750155,1704.467599823048,15029292.943922155,7514646.471961077,7074941.023949057,0.03752287037635718,0.03749947971670988,5.799961635171502e-07,3.6541830930175543,0.1316520804789785,0.20935959177073055
2018-06-28,2770,ledoit_wolf,test,pca_only,8,20,log_euclidean,0.01,4613.453177338019,7790.2409096163765,1254.6916023583717,543342.0811697769,271671.0405848884,255638.5730753941,0.10990982042421112,0.10988642976456381,8.196989121026822e-06,1.718167318853698,0.07215302111152448,0.04795110186855781
2018-06-28,2770,oas,test,pca_only,8,20,log_euclidean,0.01,4613.452458887932,7685.518171158106,1270.7525079955967,605660.9847878723,302830.49239393615,284977.2409186755,0.11008886273790879,0.11006547207826148,7.854511504054315e-06,1.8232501973132336,0.07517097878611481,0.05350789615575118
2018-06-28,2770,shrink,test,pca_only,8,20,log_euclidean,0.01,4613.454354411131,7373.875224238572,1317.980653382786,912191.4566239235,456095.72831196175,429092.4231272096,0.10944934456343486,0.10942595390378755,5.7504777456364736e-06,1.9467486604388966,0.1109265735069242,0.08457159043216289
2018-06-28,2770,persistence,test,pca_only,8,20,log_euclidean,0.01,4613.444886256824,3812.0217354082138,1925.4796004505522,24813607.217198964,12406803.608599482,11678068.980872747,0.025693439379035753,0.02567004871938845,8.471955302907991e-08,1.5102944569584014,0.06931685210289308,0.036668903853227984
2018-07-06,2775,D0_pca8,test,pca_only,8,20,log_euclidean,0.01,9.495815739378198e-05,1952.8727987335228,7607.061233671506,129976.43997256878,64988.21998628437,62691.8002493761,5.23905677638161e-05,5.2389870769979806e-05,3.5836257460177797e-08,3.3296808585247497,0.18177978855796326,0.21949884926366606
2018-07-06,2775,rolling,test,pca_only,8,20,log_euclidean,0.01,693.6400977304215,5187.941516893365,1302.7947054128795,488.60156325283606,244.3007816264059,-194.87852199096207,2.6321055344673357e-05,2.6320358350837064e-05,4.1298111080542195e-05,1.0161220418630623,0.018736740067173203,0.011703835101438027
2018-07-06,2775,ewma,test,pca_only,8,20,log_euclidean,0.01,6189.124267422203,4989.209144567503,1717.0117390613996,590.3915737571864,295.19578687859536,-143.89893447721767,3.0606729643293455e-05,3.060603264945716e-05,8.586227572689447e-05,1.0028084502258738,0.01169340465269356,0.010910880632047081
2018-07-06,2775,ledoit_wolf,test,pca_only,8,20,log_euclidean,0.01,181.67384470815824,22247.308315996444,881.1003170925773,859.1552193650557,429.57760968252836,-9.47290978320012,3.0507084127723e-05,3.0506387133886708e-05,0.001384773942916868,1.0022136393448633,0.011663318804073152,0.010893225096852869
2018-07-06,2775,oas,test,pca_only,8,20,log_euclidean,0.01,614.9096133832589,15900.95610553354,928.8418137638005,616.3889527816305,308.194476390824,-130.88663179237864,2.8709717417738324e-05,2.870902042390203e-05,0.0001451926428787641,1.0083435485187957,0.01576184774242007,0.01112474853152352
2018-07-06,2775,shrink,test,pca_only,8,20,log_euclidean,0.01,381.07580072272384,9603.385504526479,982.4367274094398,535.182659529403,267.59132976470175,-171.58408899691779,2.8791133523520192e-05,2.8790436529683898e-05,3.428725604600971e-05,1.001346528523407,0.014001666864530917,0.011355852155232108
2018-07-06,2775,persistence,test,pca_only,8,20,log_euclidean,0.01,4613.423691302993,3853.044711446497,1849.6601529047264,576.3016638430266,288.1508319215096,-150.95134887518856,3.0607032292247056e-05,3.060633529841076e-05,7.413504500594243e-05,1.0028166418658444,0.0116935465816363,0.010911071368255754
2018-07-13,2780,D0_pca8,test,pca_only,8,20,log_euclidean,0.01,0.00034589706446551643,2175.947732455221,8759.135233666892,13846.444755317954,6923.2223776589835,6379.325623563044,0.00011264666581010599,0.00011264609064189012,1.903028718229847e-07,2.337915276484704,0.09955364680260191,0.09781329237180485
2018-07-13,2780,rolling,test,pca_only,8,20,log_euclidean,0.01,693.6439550679813,5159.723633877488,1402.4844006468752,485.5809059693248,242.7904529846971,-194.6426678249165,2.0878858929141207e-05,2.0878283760925333e-05,4.159551888447911e-05,1.0133817100268905,0.02117692542834545,0.011683619721315965
2018-07-13,2780,ewma,test,pca_only,8,20,log_euclidean,0.01,3333.559557641509,4954.292152458312,1742.8622018763117,557.5390703701427,278.7695351850673,-158.61465330731113,2.304076904808891e-05,2.3040193879873036e-05,6.302184509400348e-05,1.0028103606179497,0.011693452010477416,0.010910921577863202
2018-07-13,2780,ledoit_wolf,test,pca_only,8,20,log_euclidean,0.01,181.67568389253938,22231.73091095865,815.4355026172375,855.7279053856652,427.86395269283247,-9.474213945581301,2.298592033501486e-05,2.2985345166798986e-05,0.0013847537825207308,1.0022691841725242,0.011681878352170003,0.01089325380791077
2018-07-13,2780,oas,test,pca_only,8,20,log_euclidean,0.01,614.9156622724488,15893.092367429128,863.4901521268501,612.9380466304684,306.46902331522995,-130.8918484972225,2.2041201313910584e-05,2.204062614569471e-05,0.00014519922789813208,1.009006635286257,0.01682926194105271,0.011132047494841795
2018-07-13,2780,shrink,test,pca_only,8,20,log_euclidean,0.01,381.07808980286023,9536.01841944454,1016.5861542649,532.0860220602126,266.0430110301076,-171.38677132192336,2.1802950823007587e-05,2.1802375654791713e-05,3.418497246668332e-05,1.003292736427674,0.014685805068531904,0.011348281837858097
2018-07-13,2780,persistence,test,pca_only,8,20,log_euclidean,0.01,4613.441895971811,3893.145248134624,1945.2773728294019,572.989412862454,286.49470643124175,-150.8822508749049,2.3040910683132654e-05,2.304033551491678e-05,7.413637090792213e-05,1.0028175444060325,0.011693570821865715,0.010911090280111573
2018-07-20,2785,D0_pca8,test,pca_only,8,20,log_euclidean,0.01,0.00020228030355887503,2254.976148774214,7909.202599222152,21525.625482739288,10762.812741369655,10155.802121230827,0.00012059796596951705,0.0001205964345254693,1.3990323365067764e-07,2.443961584211051,0.10415288277193874,0.10123762560481028
2018-07-20,2785,rolling,test,pca_only,8,20,log_euclidean,0.01,693.6400300054661,5125.327879804516,1366.281760270631,470.1260431168822,235.06302155843048,-193.76442417612336,3.454899109926587e-05,3.4547459655218124e-05,3.944174084774117e-05,1.0118522355387947,0.019881655524453545,0.011569651273369029
2018-07-20,2785,ewma,test,pca_only,8,20,log_euclidean,0.01,1795.494579546148,4939.23339241881,1605.0004574232803,512.5603764112303,256.28018820562914,-172.50519137367291,3.917365223519308e-05,3.917212079114533e-05,4.74143766583692e-05,1.003359707186813,0.011807333604866957,0.010916196469556778
2018-07-20,2785,ledoit_wolf,test,pca_only,8,20,log_euclidean,0.01,181.67228154962152,22197.229322805197,857.4815205123083,838.4843687610286,419.2421843805144,-9.457649442528545,3.915696171244868e-05,3.915543026840093e-05,0.0013830629297606676,1.0021812694128052,0.011664646799104169,0.010893235527702964
2018-07-20,2785,oas,test,pca_only,8,20,log_euclidean,0.01,614.9140475758144,15876.872055223861,907.6797773168621,596.0315675925438,298.01578379627546,-130.71401104642464,3.672717148651095e-05,3.67256400424632e-05,0.00014228953249844408,1.007080150522252,0.016636563883305026,0.011117384527936553
2018-07-20,2785,shrink,test,pca_only,8,20,log_euclidean,0.01,381.07554444825234,9526.699361076722,1004.6692821929857,516.8356104744602,258.4178052372298,-170.40999829585948,3.724277240038941e-05,3.724124095634166e-05,3.295469965315251e-05,1.0000000000000002,0.013880174085512186,0.01128002635569627
2018-07-20,2785,persistence,test,pca_only,8,20,log_euclidean,0.01,4613.424955219603,3890.8859216925966,1929.907875498362,556.5212058379185,278.260602918966,-150.49182493601478,3.9296730340135575e-05,3.929519889608783e-05,7.413576391264356e-05,1.0028167487871522,0.011693546499302402,0.010911072794822242
2018-07-27,2790,D0_pca8,test,pca_only,8,20,log_euclidean,0.01,8.379834021836735e-05,1954.5114841694017,6875.550370456933,102552.58420154973,51276.29210077489,50369.99140299719,6.130220930289034e-05,6.130097574428427e-05,4.009344271104583e-08,3.5693414061362865,0.14182888274054664,0.22388479917537854
2018-07-27,2790,rolling,test,pca_only,8,20,log_euclidean,0.01,693.6501440647337,5035.363826408682,1259.617715953481,487.2174339778835,243.6087169889461,-194.93315171207604,3.335884447745681e-05,3.3357610918850724e-05,3.833778283926655e-05,1.0105020411720866,0.01871668149228486,0.011452324546297094
2018-07-27,2790,ewma,test,pca_only,8,20,log_euclidean,0.01,967.0954751332245,4854.514841636967,1425.452911276015,503.0183631075756,251.50918155377855,-187.02610489561943,3.763681704998503e-05,3.763558349137895e-05,3.710301745708847e-05,1.0049199623563767,0.013335744973649267,0.010969746777537401
2018-07-27,2790,ledoit_wolf,test,pca_only,8,20,log_euclidean,0.01,181.68009547898467,22237.75599476386,908.824515257277,857.9713660504386,428.9856830252194,-9.474276085379799,3.8712258228312754e-05,3.871102466970667e-05,0.001382303034867077,1.002131925253963,0.011652180364887011,0.01089320529185955
2018-07-27,2790,oas,test,pca_only,8,20,log_euclidean,0.01,614.919857319052,15902.686673228707,955.9376764706028,615.1106812743186,307.5553406371593,-130.9235510290912,3.559350139908975e-05,3.5592267840483666e-05,0.0001408666846350684,1.007163296493829,0.016274756833583263,0.011103571980573063
2018-07-27,2790,shrink,test,pca_only,8,20,log_euclidean,0.01,381.082562237879,9488.730154702942,959.6483613234196,533.9775044761437,266.98875223807255,-171.553169494192,3.698243122995922e-05,3.698119767135313e-05,3.228683497952029e-05,1.0,0.013239901682738307,0.011261155446919418
2018-07-27,2790,persistence,test,pca_only,8,20,log_euclidean,0.01,4613.44362766706,3870.46554322587,1804.6877483048024,575.1245605960862,287.5622802980655,-150.93173736159372,3.889999040251741e-05,3.8898756843911327e-05,7.413904889340606e-05,1.0028155239968166,0.011693506376540543,0.010911050891049594
2018-08-03,2795,D0_pca8,test,pca_only,8,20,log_euclidean,0.01,0.000622446894209235,2136.432237621681,6972.956652194441,6202.169244448439,3101.0846222242235,2643.816467554262,2.385152194988014e-05,2.385017483975891e-05,2.5980316566800896e-07,2.291189650307726,0.09374820266822856,0.08837303686216305
2018-08-03,2795,rolling,test,pca_only,8,20,log_euclidean,0.01,693.6557866451669,4931.026792707418,1233.7068951041697,509.31552322670416,254.657761613373,-195.97293605766225,2.664339267996053e-05,2.66420455698393e-05,3.993438209064575e-05,1.007774529634696,0.019719815591948422,0.011704616643268738
2018-08-03,2795,ewma,test,pca_only,8,20,log_euclidean,0.01,520.8976094951422,4771.071754034438,1379.756449086713,497.76647802866614,248.88323901433824,-201.75640999237697,2.941092724831249e-05,2.940958013819126e-05,3.400754174855379e-05,1.0132554915808933,0.02001969137192099,0.012561737552153783
2018-08-03,2795,ledoit_wolf,test,pca_only,8,20,log_euclidean,0.01,181.68535128204815,22285.835171728926,1000.2209997458301,882.2337928351956,441.11689641759875,-9.490453252516456,3.239794146042765e-05,3.2396594350306424e-05,0.0013834151937513223,1.0021317645936,0.011634107386050115,0.010893343915366036
2018-08-03,2795,oas,test,pca_only,8,20,log_euclidean,0.01,614.9216058576064,15924.185051051129,1047.1165179253737,638.9903544910658,319.4951772455324,-131.11671183477605,2.91313108509022e-05,2.912996374078097e-05,0.00014221296135523762,1.006801816796919,0.015852345693905114,0.01115167697961024
2018-08-03,2795,shrink,test,pca_only,8,20,log_euclidean,0.01,381.0867496864673,9579.042585454197,982.6424373439897,556.0508313603667,278.02541568018256,-172.60490022930907,2.9637232571857312e-05,2.9635885461736082e-05,3.399237870856081e-05,1.0004478829837564,0.01422181210419716,0.011357773342266324
2018-08-03,2795,persistence,test,pca_only,8,20,log_euclidean,0.01,0.00011866269061342388,3418.0693624274772,1111.5043453990543,4733.97692095967,2366.9884604798144,1897.4044000764084,2.282310091265681e-05,2.282175380253558e-05,1.0782458821062708e-07,1.5508806427637238,0.05640079257940833,0.03582904249271464
2018-08-10,2800,D0_pca8,test,pca_only,8,20,log_euclidean,0.01,0.0003976633367730957,2101.7786029882695,7336.171396478588,8108.616941419086,4054.3084707095413,3665.839440237275,2.9928969258777767e-05,2.9926548027951484e-05,2.2255047686594325e-07,2.304423200688531,0.0991620238465352,0.09109204291705428
2018-08-10,2800,rolling,test,pca_only,8,20,log_euclidean,0.01,693.6524573931182,4995.014607134733,1257.892907776041,504.22332183718436,252.11166091858001,-195.67426843151293,2.870164404062118e-05,2.8699222809794897e-05,3.7175110056928234e-05,1.0061136712528622,0.01855987579767957,0.01151399487151606
2018-08-10,2800,ewma,test,pca_only,8,20,log_euclidean,0.01,280.5603758789332,4804.101247363256,1282.4073736579646,465.65489890181345,232.82744945091997,-214.95080031666734,2.861405099946137e-05,2.8611629768635086e-05,2.590096374650465e-05,1.0142879778609093,0.024617691199396562,0.012752714826520533
2018-08-10,2800,ledoit_wolf,test,pca_only,8,20,log_euclidean,0.01,181.68248433705864,22287.774557152392,985.5509525518993,876.6507471242136,438.3253735621067,-9.485348672544578,3.476929749486223e-05,3.4766876264035953e-05,0.0013809540558727322,1.0020949717028484,0.01168029778296597,0.010893310866616325
2018-08-10,2800,oas,test,pca_only,8,20,log_euclidean,0.01,614.9195023376767,15929.506059584128,1035.5270298477576,633.4975347506678,316.74876737534004,-131.05702969712792,3.101177410967679e-05,3.100935287885051e-05,0.00013783009268368625,1.006452453641415,0.015449618344406233,0.01113584275274114
2018-08-10,2800,shrink,test,pca_only,8,20,log_euclidean,0.01,381.08468520365966,9584.10447417192,1001.2298721639718,550.9622529190642,275.4811264595318,-172.30572258060138,3.2438431767355e-05,3.243601053652872e-05,3.2575297385454565e-05,1.0,0.013549115474191254,0.011247678042366881
2018-08-10,2800,persistence,test,pca_only,8,20,log_euclidean,0.01,0.0001225459563346716,3506.2653350098344,1198.2485957450665,5003.079697725299,2501.5398488626333,2080.038394068953,2.647562239631995e-05,2.647320116549367e-05,8.901993273814853e-08,1.3507867355704268,0.05383820239145593,0.028932724767011482
2018-08-17,2805,D0_pca8,test,pca_only,8,20,log_euclidean,0.01,3.780980519672442e-05,1750.1446696374992,7861.224084354177,76271.49925535037,38135.74962767517,37130.446814762036,3.2438083341246885e-05,3.243755546906182e-05,3.3106066869604145e-08,3.7161206223758914,0.14873030541814206,0.21484208908580701
2018-08-17,2805,rolling,test,pca_only,8,20,log_euclidean,0.01,693.6562114435078,4828.94577270232,1150.727511177648,524.0780981470365,262.03904907350307,-196.5109147463599,1.510993746184133e-05,1.5109409589656263e-05,3.8005941042393505e-05,1.009555558304143,0.019253787505218885,0.011662854876761037
2018-08-17,2805,ewma,test,pca_only,8,20,log_euclidean,0.01,151.11588449192737,4628.791716179975,1089.7498242591232,458.52611385330226,229.26305692662626,-229.24641846475157,1.3894334125520677e-05,1.389380625333561e-05,2.5634434501887478e-05,1.0708214885138043,0.025247849423236428,0.01544870490999757
2018-08-17,2805,ledoit_wolf,test,pca_only,8,20,log_euclidean,0.01,181.6858285198785,22321.16027743953,852.1645497339448,898.1583942221251,449.0791971110623,-9.501956817060293,2.0353900986831834e-05,2.0353373114646767e-05,0.0013817309105336136,1.0021774430645856,0.011671238743134619,0.010893357305087023
2018-08-17,2805,oas,test,pca_only,8,20,log_euclidean,0.01,614.9217474336363,15940.837473574631,892.646949789282,654.6615881761672,327.33079408807737,-131.24396482291587,1.7111350890099877e-05,1.711082301791481e-05,0.0001390170962020539,1.0069819957763526,0.015329455660935496,0.011150595930378699
2018-08-17,2805,shrink,test,pca_only,8,20,log_euclidean,0.01,381.08758357167324,9564.897474622274,886.0446537818302,570.7480609891413,285.3740304945701,-173.17100027914972,1.800896356743652e-05,1.8008435695251454e-05,3.333191114766809e-05,1.0,0.014138223676136803,0.011288430286878029
2018-08-17,2805,persistence,test,pca_only,8,20,log_euclidean,0.01,0.0001270443028202371,3383.663051579717,1078.1627542035344,3356.4321866793903,1678.2160933397026,1249.3508522727648,2.262897491494361e-05,2.2628447042758542e-05,1.7246600297449093e-07,1.7810217884729644,0.054580909260071225,0.047343833924218474
2018-08-24,2810,D0_pca8,test,pca_only,8,20,log_euclidean,0.01,0.00029521098002310733,2008.8125881253895,8613.086554492145,7809.972045156624,3904.986022578305,3379.6127305394994,2.0757339048309716e-05,2.0756913312899453e-05,1.6159813032218747e-07,2.2420290535784266,0.08539478139206534,0.08329265888092145
2018-08-24,2810,rolling,test,pca_only,8,20,log_euclidean,0.01,693.6572138974477,4862.816522693833,1151.0647184954346,524.7857025063488,262.39285125318435,-196.59066065355978,1.5110259261603339e-05,1.5109833526193077e-05,3.814236683057259e-05,1.0121614386661917,0.019983343428151362,0.01177793408414066
2018-08-24,2810,ewma,test,pca_only,8,20,log_euclidean,0.01,81.39410375825217,4648.568028838917,1019.6633290857272,433.9424337514919,216.9712168757804,-242.08966860807382,1.4604834757637641e-05,1.460440902222738e-05,1.9583991089606e-05,1.1077263918523734,0.024710693976825907,0.016132113460383818
2018-08-24,2810,ledoit_wolf,test,pca_only,8,20,log_euclidean,0.01,181.68681099865177,22324.149471476925,852.3420320939829,898.8300060164656,449.41500300823225,-9.503590585831668,1.8464881971230713e-05,1.846445623582045e-05,0.0013819054789575452,1.0022348517140367,0.01167257676819256,0.010893402015961081
2018-08-24,2810,oas,test,pca_only,8,20,log_euclidean,0.01,614.9220328926365,15947.405901618673,893.0221645781332,655.3483332497872,327.67416662489325,-131.25966771989428,1.623865896404072e-05,1.6238233228630456e-05,0.0001391434996695208,1.007968070448242,0.015527530602083962,0.011162084327036715
2018-08-24,2810,shrink,test,pca_only,8,20,log_euclidean,0.01,381.08862556298016,9662.94831283202,888.1951802031579,571.5052976397959,285.75264881989784,-173.2282997011277,1.6761558428878447e-05,1.6761132693468183e-05,3.3709187292936584e-05,1.0,0.014727174933861853,0.011318597320736822
2018-08-24,2810,persistence,test,pca_only,8,20,log_euclidean,0.01,9.33971057264381e-05,3282.7190619466396,999.7612206962477,3820.7849918192373,1910.3924959096064,1423.4845072532303,2.1179954323400836e-05,2.1179528587990573e-05,1.4602578129707053e-07,1.8621359045768933,0.053124037465926886,0.04866637861545768
2018-08-31,2815,D0_pca8,test,pca_only,8,20,log_euclidean,0.01,0.0003538248229981516,1992.3255325681735,9094.493593617859,7676.975160045889,3838.487580022952,3321.9009826731017,2.6333013554977514e-05,2.6332617672871937e-05,2.2925311766222568e-07,2.561719220128223,0.0972426526120853,0.10615280008176602
2018-08-31,2815,rolling,test,pca_only,8,20,log_euclidean,0.01,693.6543243939293,4809.700091978731,1133.431982388809,521.1531178865062,260.5765589432266,-196.5065335296336,1.0313400151391515e-05,1.0313004269285938e-05,3.938163844660098e-05,1.0117747808460862,0.020330796227286712,0.011851161075519104
2018-08-31,2815,ewma,test,pca_only,8,20,log_euclidean,0.01,43.83941731847183,4565.92957206943,940.0609573458462,407.2843403484446,203.6421701742098,-253.55136342560937,7.896275303199336e-06,7.895879421093759e-06,1.7816219345853767e-05,1.1956255896562515,0.027740766647809566,0.01919633189968761
2018-08-31,2815,ledoit_wolf,test,pca_only,8,20,log_euclidean,0.01,181.68528073929028,22284.688387318805,752.2927818179191,895.0578740059641,447.52893700298137,-9.500274490511268,1.3358267932669877e-05,1.33578720505643e-05,0.0013829154070397875,1.0022089877518958,0.011663795876143433,0.010893430200253879
2018-08-31,2815,oas,test,pca_only,8,20,log_euclidean,0.01,614.9183103888379,15915.025393769894,792.0304303590337,651.6459764403994,325.82298822020016,-131.218982608151,1.1478953321713011e-05,1.1478557439607434e-05,0.00014082073598406804,1.0073969040955013,0.015398245891487479,0.011178145047021281
2018-08-31,2815,shrink,test,pca_only,8,20,log_euclidean,0.01,381.08523686998285,9594.12923271255,841.8554305726104,567.7209300782855,283.8604650391424,-173.22080052803375,1.1595503484707302e-05,1.1595107602601725e-05,3.4380168892372885e-05,1.0,0.014932092771789751,0.011386528865529507
2018-08-31,2815,persistence,test,pca_only,8,20,log_euclidean,0.01,6.866246993677824e-05,3173.895661865604,1058.8663947047903,4763.52615327761,2381.7630766388015,1901.1864264751198,1.8716337144812964e-05,1.8715941262707387e-05,1.2850344637164963e-07,1.9404525133972954,0.055115080630246914,0.05414499456365551
2018-09-10,2820,D0_pca8,test,pca_only,8,20,log_euclidean,0.01,3.501447132000378e-05,1776.5573955562627,7972.4346943505225,62933.39322428056,31466.69661214027,30240.90253317324,2.752129728859423e-05,2.752084009998406e-05,2.893921853365548e-08,3.229534911753091,0.1376395616254672,0.16261141279019117
2018-09-10,2820,rolling,test,pca_only,8,20,log_euclidean,0.01,693.650966034865,4889.814492840708,1180.856074903877,525.3410943288102,262.6705471643795,-196.73694239241792,1.3764298843939021e-05,1.376384165532885e-05,3.590256589688876e-05,1.0076544917732577,0.01545882806363936,0.01137794506303354
2018-09-10,2820,ewma,test,pca_only,8,20,log_euclidean,0.01,23.61213059642134,4636.929497224473,954.1165129538917,388.9716984283692,194.48584921419138,-265.0207169293386,8.728884204510833e-06,8.728427015900662e-06,1.3386240962682906e-05,1.2030338712218855,0.02905881070683203,0.019727565816518685
2018-09-10,2820,ledoit_wolf,test,pca_only,8,20,log_euclidean,0.01,181.6827051738585,22291.955574017164,856.2671284880515,899.7106806245886,449.85534031229446,-9.507484834898985,1.719781359794556e-05,1.719735640933539e-05,0.0013801357798721501,1.0020981447695747,0.011662549558603063,0.010893195972451123
2018-09-10,2820,oas,test,pca_only,8,20,log_euclidean,0.01,614.917374953014,15913.78899536944,897.153072976306,656.13703731437,328.06851865718323,-131.30476975908442,1.4820357399468226e-05,1.4819900210858054e-05,0.00013664066338558992,1.0053383805764777,0.013854349556617247,0.011102053207563634
2018-09-10,2820,shrink,test,pca_only,8,20,log_euclidean,0.01,381.08313950137745,9540.52441248366,913.1912052437045,571.961852735621,285.98092636781143,-173.423718877487,1.5934699161759446e-05,1.5934241973149275e-05,3.175696190264202e-05,1.0,0.0125420320215507,0.0112122363250413
2018-09-10,2820,persistence,test,pca_only,8,20,log_euclidean,0.01,6.204144639400336e-05,3199.307849972221,960.7852147079069,3987.738943269327,1993.8694716346463,1504.759522707292,1.4180295587585058e-05,1.4179838398974887e-05,1.5480374217895104e-07,1.975673558947053,0.0633425397175579,0.06081040679383358
2018-09-17,2825,D0_pca8,test,pca_only,8,20,log_euclidean,0.01,0.0001587205255554054,1815.2190282986287,5084.063310361807,70364.15353752668,35182.07676876335,33738.105743455984,8.447956029222957e-05,8.447565084239757e-05,6.550021464583691e-08,4.093358543503324,0.17726314075999425,0.29248858326240573
2018-09-17,2825,rolling,test,pca_only,8,20,log_euclidean,0.01,0.00013290404548689118,4607.158230507761,1144.6523764398926,2632.5912403171087,1316.295620158549,833.0647169226995,7.51395878710109e-05,7.513567842117891e-05,3.636516151527332e-07,2.9090920626036754,0.08868397185687749,0.13153094027052636
2018-09-17,2825,ewma,test,pca_only,8,20,log_euclidean,0.01,0.00013869956762757347,4387.022880667272,1245.5899723177388,2859.059401440258,1429.529700720121,940.788918815547,6.96960886015897e-05,6.969217915175772e-05,3.2091513500924745e-07,2.867972215915793,0.09479295347456028,0.12751740564941974
2018-09-17,2825,ledoit_wolf,test,pca_only,8,20,log_euclidean,0.01,0.00014869999928919365,7898.736469165678,1391.040560500821,309.6237532214847,154.8118766107423,-285.7399188661967,5.727118717878555e-05,5.726727772895356e-05,6.032919453793812e-06,1.3358983582165855,0.04045228665831508,0.025448995867488194
2018-09-17,2825,oas,test,pca_only,8,20,log_euclidean,0.01,0.00014241728300490306,7622.760099530649,1306.0386309690718,312.11632093429296,156.0581604671463,-284.85510958265957,5.6336236895375716e-05,5.633232744554373e-05,5.59073797551075e-06,1.5315275784685431,0.04867531835912687,0.03391669012216522
2018-09-17,2825,shrink,test,pca_only,8,20,log_euclidean,0.01,0.00014012940729625338,7061.3504905827285,1212.8099904723126,341.9740357883092,170.9870178941546,-271.25970645699687,6.55244566051567e-05,6.55205471553247e-05,3.54771362846414e-06,1.7806167957878487,0.09686216325797456,0.06621699824093986
2018-09-17,2825,persistence,test,pca_only,8,20,log_euclidean,0.01,0.0001382882212318366,3210.398851185054,1464.6332433699172,6791.612335284655,3395.8061676423335,2871.695789401674,5.276838771366609e-05,5.2764478263834106e-05,6.032968209688685e-08,1.4127637156948294,0.05865177021822801,0.029745692932412054
2018-09-24,2830,D0_pca8,test,pca_only,8,20,log_euclidean,0.01,0.00028440325995892127,1829.2231142114756,3988.413453538568,142239.93253094188,71119.96626547092,68644.7653425944,0.00011679727542755582,0.00011679331672777295,1.911846897960399e-08,3.409975578266059,0.14451672787448278,0.1857756892165647
2018-09-24,2830,rolling,test,pca_only,8,20,log_euclidean,0.01,0.00023122010087692712,4635.493211286102,1428.149999562362,3098.0746854304457,1549.0373427152094,1045.3547848016283,8.5758418844249e-05,8.575446014446613e-05,3.0069352305206907e-07,2.7124671946384025,0.08158091104588099,0.11062989740496608
2018-09-24,2830,ewma,test,pca_only,8,20,log_euclidean,0.01,0.0002282261522669417,4416.492638816345,1409.2463641565582,3453.699615749387,1726.8498078747025,1217.5234742427945,7.76619087989533e-05,7.765795009917043e-05,2.6206300968770464e-07,2.6663636898471283,0.09623234115860571,0.11268966354585885
2018-09-24,2830,ledoit_wolf,test,pca_only,8,20,log_euclidean,0.01,0.0002567176780866091,7901.365729624056,1644.185580156822,311.8216677039534,155.91083385197643,-276.8932392233886,8.639888816622486e-05,8.639492946644199e-05,5.150158863240532e-06,1.3040274672790888,0.03604266492675024,0.02298480053208379
2018-09-24,2830,oas,test,pca_only,8,20,log_euclidean,0.01,0.0002476909085697736,7621.4538063414275,1564.4626531533288,317.8608950619797,158.93044753099002,-274.44980497993595,8.465869429273863e-05,8.465473559295576e-05,4.6813754631774435e-06,1.47853040378911,0.0415615412956532,0.03023587606456803
2018-09-24,2830,shrink,test,pca_only,8,20,log_euclidean,0.01,0.0002422520723902618,7054.944130605794,1484.7885971738624,365.93101780772116,182.9655089038605,-251.92139310251187,8.600031348351568e-05,8.599635478373281e-05,3.0954378793787964e-06,1.671228665764056,0.09081877473882875,0.05638089700987204
2018-09-24,2830,persistence,test,pca_only,8,20,log_euclidean,0.01,0.00024247552388549773,3209.850210636492,1666.8697929530758,8267.161631963249,4133.58081598164,3599.062474160849,8.763007297843284e-05,8.762611427864997e-05,5.412811490776989e-08,1.3640601875589842,0.0471427641231454,0.02693498083460132
2018-10-01,2835,D0_pca8,test,pca_only,8,20,log_euclidean,0.01,0.0006972814429523973,1906.446675964824,3857.8016500979124,209490.88515778934,104745.44257889467,103460.0476043208,0.00011426984327390422,0.00011426344153655501,1.8842229063636243e-08,3.323148320355612,0.1465742419651559,0.1997069629342524
2018-10-01,2835,rolling,test,pca_only,8,20,log_euclidean,0.01,0.0005915521023446575,4688.17050951411,1528.3683434053353,4386.621149189697,2193.3105745948487,1759.9968459985769,0.00010769577478966423,0.00010768937305231502,3.208824635710738e-07,2.836206675003746,0.08285635513973122,0.11569279009586149
2018-10-01,2835,ewma,test,pca_only,8,20,log_euclidean,0.01,0.0006170747407261964,4460.166416491975,1587.1193526202633,5103.386468650476,2551.6932343252333,2120.577873293014,8.953370202085861e-05,8.95273002835094e-05,2.738787786165922e-07,2.7958011209832394,0.09832215988863104,0.11794715083872455
2018-10-01,2835,ledoit_wolf,test,pca_only,8,20,log_euclidean,0.01,0.0006451435120394186,7937.6515219914945,1820.3757470389796,327.1750047651444,163.58750238257235,-247.05957930994055,0.0001252180711841207,0.0001252116694467715,5.402563812490486e-06,1.3133301457302575,0.04077059794864921,0.023642771208002608
2018-10-01,2835,oas,test,pca_only,8,20,log_euclidean,0.01,0.0006289550922968692,7667.091265649439,1729.6583621824636,342.6962025377394,171.3481012688698,-239.65422081844827,0.00011944733544122017,0.00011944093370387096,4.937989624531282e-06,1.4842217908561208,0.04700073262442029,0.03106770075923382
2018-10-01,2835,shrink,test,pca_only,8,20,log_euclidean,0.01,0.0006162966801239584,7075.102299245596,1616.1981077310397,415.42473018058195,207.71236509029075,-204.25164937758217,0.00012639362204797756,0.00012638722031062835,3.5163555284346553e-06,1.6977414451085577,0.11615372963676658,0.05932193953482649
2018-10-01,2835,persistence,test,pca_only,8,20,log_euclidean,0.01,0.0006333735918605493,3366.4894478737006,1957.2905593619994,12562.547193466235,6281.273596733132,6060.109774761275,0.00014767980428589419,0.00014767340254854497,5.345397034119895e-08,1.3115599934195505,0.046185727097628054,0.026187443805230217
2018-10-08,2840,D0_pca8,test,pca_only,8,20,log_euclidean,0.01,0.0013337225904874366,2062.4208981203824,3808.5575529470625,226288.68874892476,113144.34437446238,108767.47165366488,0.00016089716587575336,0.00016089013123093512,2.8514751617948282e-08,3.6624244728839477,0.1481046501996491,0.22327057979747836
2018-10-08,2840,rolling,test,pca_only,8,20,log_euclidean,0.01,0.0011500615700538027,4578.120731231842,1465.3154392647716,5722.609037859079,2861.3045189295335,2359.123324447064,0.00013953479556903076,0.00013952776092421252,3.347548561311354e-07,2.9050041090054175,0.08176556926050951,0.12791809564473175
2018-10-08,2840,ewma,test,pca_only,8,20,log_euclidean,0.01,0.0011532902672340322,4383.819590525789,1583.793159758587,6460.996078295143,3230.4980391475647,2715.6503455005904,0.00013955991682457837,0.00013955288217976013,2.8858016996648835e-07,2.766943190517442,0.07945724270686047,0.11961013573458053
2018-10-08,2840,ledoit_wolf,test,pca_only,8,20,log_euclidean,0.01,0.0012381446106199242,7681.785262651514,1739.9833114517926,362.27950358475243,181.13975179237593,-218.76033620376205,0.00014493379701845235,0.0001449267623736341,5.250370951821386e-06,1.4332497086306966,0.04331023261342464,0.02928660262003087
2018-10-08,2840,oas,test,pca_only,8,20,log_euclidean,0.01,0.0012234094715218504,7528.360009400226,1688.5545920943118,380.53761381310886,190.2688069065544,-210.1439039277716,0.0001425028363553272,0.00014249580171050896,4.9425589504982835e-06,1.525221694907317,0.04757043926929582,0.03381580092067528
2018-10-08,2840,shrink,test,pca_only,8,20,log_euclidean,0.01,0.0012014029786200334,6974.691173162084,1576.3761913116937,488.61670304935217,244.30835152467537,-158.78762666204244,0.00014381955819020386,0.00014381252354538562,3.312469363034215e-06,1.7885966389657,0.11655427484448651,0.0672296142902806
2018-10-08,2840,persistence,test,pca_only,8,20,log_euclidean,0.01,0.001196205884864369,3461.682304914442,1792.137833246575,16722.161131386074,8361.080565693055,7758.552289607129,0.00018845562505379127,0.00018844859040897304,5.827654488824102e-08,1.3518384987814045,0.0590936238547375,0.0298448666872356
2018-10-15,2845,D0_pca8,test,pca_only,8,20,log_euclidean,0.01,0.0011807707835575108,2040.9513794792556,4417.120063049038,196496.54287450723,98248.27143725361,94751.14231341684,0.00016555957223868964,0.0001655530347804228,4.212203528323291e-08,3.851268038644025,0.23670013104970117,0.2789355262634873
2018-10-15,2845,rolling,test,pca_only,8,20,log_euclidean,0.01,0.0008675215815251304,4510.278487216952,780.0979865850469,5600.707876674276,2800.3539383371412,2280.382563060067,0.00017619121275442743,0.0001761846752961606,6.814595052329754e-07,3.849905543890322,0.1661758829081369,0.24048693599852414
2018-10-15,2845,ewma,test,pca_only,8,20,log_euclidean,0.01,0.0006355450055979058,4325.314165289441,774.2581780639323,4689.355199001016,2344.6775995005078,1843.9133521645485,0.00017612533908840605,0.0001761188016301392,7.384421140789085e-07,3.506524402093262,0.14711799050898494,0.19444500645632004
2018-10-15,2845,ledoit_wolf,test,pca_only,8,20,log_euclidean,0.01,0.0009786277970811014,7495.239061761351,1090.5574928216538,371.39057578779733,185.69528789389895,-216.0641770182495,0.00010390280601904763,0.0001038962685607808,9.231786264858128e-06,1.8703218089454143,0.09629480759797758,0.059613218188944155
2018-10-15,2845,oas,test,pca_only,8,20,log_euclidean,0.01,0.0009426458319940616,7154.873768618589,965.1731577483038,436.84149800220155,218.42074900110092,-185.22868425988224,0.00011278618316691794,0.00011277964570865111,7.738968348500374e-06,2.193538663620252,0.10914066685384485,0.08048490150336735
2018-10-15,2845,shrink,test,pca_only,8,20,log_euclidean,0.01,0.000952546794045694,7039.604123283738,952.1600029699398,436.7208053056569,218.36040265282855,-185.71320641209223,9.991777159763764e-05,9.991123413937081e-05,7.622491740578909e-06,2.265806372244337,0.12120508483031801,0.10293041026514367
2018-10-15,2845,persistence,test,pca_only,8,20,log_euclidean,0.01,0.000700874654395224,3452.1429531832346,874.1184075171653,9769.122685505028,4884.561342752508,4334.084293173673,0.00014102789163839084,0.000141021354180124,3.2219620483857745e-07,2.44474422498954,0.10076950745527942,0.10485026492264943
2018-10-22,2850,D0_pca8,test,pca_only,8,20,log_euclidean,0.01,0.0011752608634360022,2123.2092308517804,5150.916484731048,213895.4081642865,106947.70408214326,104606.70814646754,0.0001280063547384647,0.00012800323847247236,4.997355228076407e-08,3.6950842062181843,0.2215583509053134,0.2667642140396603
2018-10-22,2850,rolling,test,pca_only,8,20,log_euclidean,0.01,0.0008024273877329611,4587.553489911392,625.7835312585803,5917.115216229469,2958.5576081147346,2481.0064992700186,0.00020155156818351544,0.00020154845191752309,9.289343154683205e-07,4.4643178539811945,0.13409243107061106,0.30022853944576183
2018-10-22,2850,ewma,test,pca_only,8,20,log_euclidean,0.01,0.0006026800962761406,4411.392032211328,708.8855486012394,4900.185833105446,2450.0929165527255,1983.2294406245085,0.00020834313540612936,0.000208340019140137,9.823695094743215e-07,3.9951028934119255,0.12378513974391789,0.24309114569129708
2018-10-22,2850,ledoit_wolf,test,pca_only,8,20,log_euclidean,0.01,0.0008957820367126412,7338.6352241209515,759.3319434823038,434.3983348819038,217.19916744095244,-180.98492877016426,9.575768893228778e-05,9.575457266629544e-05,9.979294421454041e-06,2.228950152025947,0.10871828183743443,0.08124934695139327
2018-10-22,2850,oas,test,pca_only,8,20,log_euclidean,0.01,0.0008709874234266767,7072.743879338966,702.6861484981868,510.94814200067026,255.47407100033513,-144.07782277608723,0.00010722896963789996,0.00010722585337190762,8.538223793794525e-06,2.494498853941695,0.11478480754162644,0.10085474967369673
2018-10-22,2850,shrink,test,pca_only,8,20,log_euclidean,0.01,0.0008982591070311514,7149.128777051141,730.9078662860231,430.5900402421919,215.29502012109577,-183.55311138412554,8.614772718889763e-05,8.614461092290529e-05,9.802034285398287e-06,2.3176754165181372,0.12019416574739566,0.10076047504512341
2018-10-22,2850,persistence,test,pca_only,8,20,log_euclidean,0.01,0.0006220815809569475,3601.419457740636,883.1980042184589,9168.431873898828,4584.215936949403,4086.5678686493748,0.00010879759152665074,0.0001087944752606584,4.2817311619962314e-07,2.5288340079902083,0.15539275941717343,0.11766845707132476
2018-10-29,2855,D0_pca8,test,pca_only,8,20,log_euclidean,0.01,19580.152981976054,2339.224461326206,6603.761597604047,470718999.2628988,235359499.6314494,220671558.25626642,1.1745787097591494,1.1744421673051133,4.8730790519003795e-08,3.7221248766190147,0.1277137524468322,0.22206290867091774
2018-10-29,2855,rolling,test,pca_only,8,20,log_euclidean,0.01,19579.945582620312,4823.154538997949,1175.1677385676762,10891243.632424427,5445621.816212214,5074955.1293732105,0.5389183187705289,0.5387817763164929,9.925088725438153e-07,4.130226584857503,0.12245068461437535,0.2645580237921472
2018-10-29,2855,ewma,test,pca_only,8,20,log_euclidean,0.01,19579.856130451913,4645.563611914469,1592.5759468393844,8074756.589880826,4037378.294940413,3767448.8450537375,0.5948836785198606,0.5947471360658246,1.2848969457185165e-06,3.5478743565112065,0.1285552626305379,0.2029835328225637
2018-10-29,2855,ledoit_wolf,test,pca_only,8,20,log_euclidean,0.01,19579.985469257263,7690.605089106004,999.6366121710264,726563.3916083225,363281.69580416125,339677.0212665734,0.7109163290240172,0.7107797865699813,1.0392845729254191e-05,2.061948190137866,0.11418271939889302,0.07477402038996538
2018-10-29,2855,oas,test,pca_only,8,20,log_euclidean,0.01,19579.972571690734,7299.277091089631,1026.457019561332,1015508.8762393432,507754.4381196716,474369.8421796736,0.6593383943166093,0.6592018518625734,8.16788846917464e-06,2.398613200702,0.12064215565272711,0.09918717421149764
2018-10-29,2855,shrink,test,pca_only,8,20,log_euclidean,0.01,19580.000170598007,7556.725929046167,1006.4262788385228,894742.9906283891,447371.49531419453,418287.4821496794,0.6725851138050936,0.6724485713510576,9.770657163307205e-06,2.084159934355884,0.10847926917265951,0.09017881161859816
2018-10-29,2855,persistence,test,pca_only,8,20,log_euclidean,0.01,19579.78131469658,3854.6286223563484,1559.0944189719066,13733276.592089182,6866638.296044591,6427661.114939949,0.35073029713587256,0.3505937546818366,6.414504243059547e-07,2.4475328747919973,0.15342663452319644,0.11645282099719981
2018-11-05,2860,D0_pca8,test,pca_only,8,20,log_euclidean,0.01,19580.090866681498,2253.1916203202236,5448.428115898626,389092863.45334727,194546431.72667363,182094889.9466199,1.206480741864111,1.2063011822632446,6.475636959397683e-08,3.993083218613618,0.11808751509642182,0.24668807157100453
2018-11-05,2860,rolling,test,pca_only,8,20,log_euclidean,0.01,19579.845868379205,4870.868810230748,1123.299590138426,9807558.256963467,4903779.128481734,4576753.645363752,0.5230600439830179,0.5228804843821514,9.90080961699396e-07,3.8271517416145433,0.1093830038785142,0.221263374563148
2018-11-05,2860,ewma,test,pca_only,8,20,log_euclidean,0.01,19579.72819375884,4690.21759731971,1273.2154739829766,7038984.573273795,3519492.2866368974,3284996.20646491,0.3868446250779381,0.3866650654770717,1.3286742141838273e-06,3.5005947604742933,0.11939331167048106,0.18542340363999224
2018-11-05,2860,ledoit_wolf,test,pca_only,8,20,log_euclidean,0.01,19579.889243774942,7864.456078604018,1137.6461367411737,664398.6315505244,332199.3157752622,310740.6896514947,0.6750793266815601,0.6748997670806937,1.124731501890561e-05,2.1875196324391766,0.10474956612291778,0.07658878407950126
2018-11-05,2860,oas,test,pca_only,8,20,log_euclidean,0.01,19579.87602203668,7482.08121876605,1105.1789462834977,918917.8950988029,459458.94754940143,429508.1688472568,0.6229216632537322,0.6227421036528658,8.729592969055785e-06,2.4945712166739864,0.11025075779909468,0.09795008645644787
2018-11-05,2860,shrink,test,pca_only,8,20,log_euclidean,0.01,19579.91036336018,7762.177699808557,1137.3498329377371,825394.1068305874,412697.0534152937,386184.39483617654,0.6152400656931439,0.6150605060922775,1.124807581105164e-05,2.127076770284209,0.09275214154990055,0.08767562330742741
2018-11-05,2860,persistence,test,pca_only,8,20,log_euclidean,0.01,19579.6199806765,3925.577102577818,1374.503418952825,11482679.234571928,5741339.617285964,5384381.341465584,0.910739162785626,0.9105596031847596,8.092072749244787e-07,2.431038960409311,0.1484063381787103,0.10703614451730178
2018-11-12,2865,D0_pca8,test,pca_only,8,20,log_euclidean,0.01,19580.152489711516,2339.094898245934,5530.040048374449,585925676.2602005,292962838.13010025,274884664.20006186,2.903969786395055,2.9037928658913392,3.839974645103661e-08,3.359530570268826,0.16100070769981248,0.21693773398908653
2018-11-12,2865,rolling,test,pca_only,8,20,log_euclidean,0.01,19579.882627989766,4892.507817495487,1132.9652598145642,9685264.759387357,4842632.379693679,4522023.374712482,0.34106766722319637,0.3408907467194809,1.0517093909920958e-06,3.946709330854065,0.13751772855999553,0.23019932318842629
2018-11-12,2865,ewma,test,pca_only,8,20,log_euclidean,0.01,19579.83302323769,4736.683271173876,1246.1963989891658,7839199.861489563,3919599.9307447816,3660540.949832598,0.31081543446336474,0.31063851395964925,1.3014600934150802e-06,3.6700320844910452,0.14086817892484868,0.20463150738020447
2018-11-12,2865,ledoit_wolf,test,pca_only,8,20,log_euclidean,0.01,19579.92589839744,7889.6903033680255,1130.0630494949048,678318.6044370146,339159.3022185073,317337.89808045374,0.5981878868754631,0.5980109663717477,1.2552959921996145e-05,2.3167165714794167,0.11475955015190781,0.08725924919425901
2018-11-12,2865,oas,test,pca_only,8,20,log_euclidean,0.01,19579.91420006076,7559.09405091575,1107.4076176109477,903197.8277533267,451598.91387666337,422342.5871237791,0.5282795346094276,0.5281026141057121,1.0022524831127056e-05,2.6158943420804097,0.122293210096068,0.10998088297758497
2018-11-12,2865,shrink,test,pca_only,8,20,log_euclidean,0.01,19579.94991083652,7873.267831851812,1140.2120796828624,795981.813697573,397990.9068487865,372642.72774154466,0.668197731887607,0.6680208113838916,1.2469317183645545e-05,2.221414174068027,0.10811237693276564,0.09828927304068755
2018-11-12,2865,persistence,test,pca_only,8,20,log_euclidean,0.01,19579.800340572194,3960.526107379669,1402.472067240127,12290886.957891392,6145443.478945696,5766804.677852127,0.8983529494166214,0.8981760289129059,6.811959967096641e-07,2.2940838393284353,0.09295307277353565,0.09189456904294117
2018-11-19,2870,D0_pca8,test,pca_only,8,20,log_euclidean,0.01,19580.253075577104,2292.212022253223,5084.393133405663,372029732.5105122,186014866.2552561,174041120.38967553,1.3058362119957017,1.305641307072345,5.723103143532205e-08,3.528845763507205,0.13328155368687294,0.2279552149441232
2018-11-19,2870,rolling,test,pca_only,8,20,log_euclidean,0.01,19579.99092241179,5090.962982173303,1236.9912505224588,7930841.292744033,3965420.6463720165,3695171.882871757,0.5622046159163229,0.562009710992966,1.2014564593525558e-06,4.025483928070875,0.14999291344378665,0.2382662113680766
2018-11-19,2870,ewma,test,pca_only,8,20,log_euclidean,0.01,19580.007231672684,4934.576293695331,1338.1949460941632,6588263.512005313,3294131.7560026566,3068395.7587959087,0.4539402598364888,0.453745354913132,1.3613889468386996e-06,3.713680652934066,0.15004879832653434,0.201954151140217
2018-11-19,2870,ledoit_wolf,test,pca_only,8,20,log_euclidean,0.01,19580.030225490336,7989.566648814586,1256.1326668065813,640434.3758781448,320217.1879390724,299500.9576038445,0.7216718253543948,0.721476920431038,1.3332898697388856e-05,2.347410158412404,0.12012880800543375,0.08972671776580238
2018-11-19,2870,oas,test,pca_only,8,20,log_euclidean,0.01,19580.021448999294,7721.822044547012,1231.0094177822764,798561.6635019397,399280.83175096987,373225.38059231837,0.6744323472146947,0.6742374422913379,1.1126854997833172e-05,2.6161776590324934,0.1274001705967658,0.10852105548466288
2018-11-19,2870,shrink,test,pca_only,8,20,log_euclidean,0.01,19580.05844067334,8023.573695163595,1284.029249968914,736719.3850150681,368359.69250753406,344781.00404457294,0.812652922599608,0.8124580176762511,1.3379303306117305e-05,2.206270301014687,0.10358780438269889,0.09619913330156861
2018-11-19,2870,persistence,test,pca_only,8,20,log_euclidean,0.01,19579.973628107662,3985.1789469143155,1464.3583505989313,11857725.826216694,5928862.913108347,5564792.344592022,1.0892948711262498,1.089099966202893,4.7469962375154766e-07,1.9680652864289774,0.07035349427051284,0.06070050110941807
2018-11-27,2875,D0_pca8,test,pca_only,8,20,log_euclidean,0.01,5922.756980634956,2588.4038295511646,6029.803840191042,54785077.429098934,27392538.714549467,25773211.270830307,0.21175708292670486,0.21164754261252883,1.4352255257341721e-07,2.3642134313263816,0.10424751365144748,0.10087427218274204
2018-11-27,2875,rolling,test,pca_only,8,20,log_euclidean,0.01,8011.705984097133,5445.102506938159,1889.1036920501444,12586.64040656583,6293.320203283109,5816.1364140059095,0.041542357988136665,0.04143281767396062,0.00013913807760218292,1.1659723757371347,0.027364197232570272,0.017452045347733158
2018-11-27,2875,ewma,test,pca_only,8,20,log_euclidean,0.01,29638.888705768815,5314.960965483754,2025.4479408385653,4270.727521930223,2135.3637609650523,1910.6856938828216,0.030909970548306877,0.030800430234130833,0.00023412404996418226,1.015652813853522,0.014348646927328516,0.012212556893915228
2018-11-27,2875,ledoit_wolf,test,pca_only,8,20,log_euclidean,0.01,6222.529627401616,24253.29309968724,2865.658266945982,516.0641401110847,258.03207005554054,153.78069147981697,0.02792471211751514,0.027815171803339096,0.00318295408597929,1.0078746785612813,0.012393000747379325,0.011971097246504109
2018-11-27,2875,oas,test,pca_only,8,20,log_euclidean,0.01,7724.641182814512,17612.789057771195,2879.328015208819,3233.931359645203,1616.9656798226015,1423.9482851522907,0.031099957565870605,0.03099041725169456,0.0003966034402621186,1.0411635926592246,0.020028675797478607,0.012901681777535999
2018-11-27,2875,shrink,test,pca_only,8,20,log_euclidean,0.01,6791.750056316159,11706.924780821693,1836.6288839337658,7969.745000879331,3984.872500439667,3635.2396963129004,0.03470580050827939,0.03459626019410335,0.00011854184794260025,1.01987054186732,0.02306544161603473,0.014550617426407146
2018-11-27,2875,persistence,test,pca_only,8,20,log_euclidean,0.01,23297.837742677486,4295.769492499903,2105.3957807580728,4938.941477338436,2469.470738669048,2224.3905099976696,0.036286339265683906,0.03617679895150786,0.00022018217347827377,1.0225352342695047,0.015987920858248912,0.012609900761096252
2018-12-04,2880,D0_pca8,test,pca_only,8,20,log_euclidean,0.01,5922.797004962111,2408.625160265636,5940.57121858997,103432464.57078148,51716232.28539074,48655240.9806604,0.2270523667094015,0.22693942365751837,9.256805775229098e-08,2.7617075649713008,0.10993369457376548,0.12718030550992696
2018-12-04,2880,rolling,test,pca_only,8,20,log_euclidean,0.01,8011.67769201441,5470.875809540199,1809.9279039022304,12576.537704484075,6288.26885224198,5811.157323026623,0.042711230269628864,0.04259828721774575,0.0001473078934307317,1.1967467632267055,0.027415234257693415,0.018327971438395662
2018-12-04,2880,ewma,test,pca_only,8,20,log_euclidean,0.01,18197.833431716623,5314.6229510967605,1911.7055244409257,5781.7501917738455,2890.8750958870883,2619.9044117084013,0.035201382282796116,0.035088439230913,0.00020979566248971926,1.0435829806751098,0.01671619765193347,0.012955759406548136
2018-12-04,2880,ledoit_wolf,test,pca_only,8,20,log_euclidean,0.01,6222.515789165176,24276.840565751663,2823.25105939932,516.079397054421,258.03969852720985,153.76333325988458,0.027944130779436523,0.02783118772755341,0.0031924038979045935,1.0078611505513604,0.012393366496577034,0.011971454361005426
2018-12-04,2880,oas,test,pca_only,8,20,log_euclidean,0.01,7724.60364265293,17629.409339270558,2828.069863163551,3231.357624027238,1615.6788120135955,1422.6738559600512,0.031710728850298325,0.03159778579841521,0.0004106004880398817,1.0467786516778872,0.020006838562083837,0.013024203328788356
2018-12-04,2880,shrink,test,pca_only,8,20,log_euclidean,0.01,6791.731230411868,11882.690726553294,1763.5699448690661,7959.458925355361,3979.7294626776807,3630.2390049902665,0.03583775080210508,0.035724807750221965,0.00012615790123196387,1.037586696959649,0.023437523542479917,0.015107814758199242
2018-12-04,2880,persistence,test,pca_only,8,20,log_euclidean,0.01,23297.701430611047,4151.905338833216,1988.7923133845034,4922.011720741526,2461.0058603703924,2216.2526337448985,0.03836062684771862,0.038247683795835506,0.00026428329706859756,1.0473585001162258,0.018504911411214995,0.01319044390154583
2018-12-12,2885,D0_pca8,test,pca_only,8,20,log_euclidean,0.01,5922.788406445048,2613.828876476144,5856.039793366518,46282458.20619816,23141229.10309908,21764915.99828907,0.08114385554229152,0.08102687908488944,1.3812599669739909e-07,2.3253822971688685,0.09333219366221712,0.08741618129054927
2018-12-12,2885,rolling,test,pca_only,8,20,log_euclidean,0.01,8011.668132194007,5686.690500308307,1766.6512458396796,12549.811725512065,6274.905862756125,5798.52421295005,0.04359997676320547,0.0434830003058034,0.00016645442482934782,1.2554039255859193,0.032738689866709275,0.02029959069599616
2018-12-12,2885,ewma,test,pca_only,8,20,log_euclidean,0.01,12168.266570163018,5483.506857642509,1824.9929014670317,7819.738643533644,3909.8693217667665,3576.762537204629,0.04175775870306675,0.04164078224566468,0.00022689420103014107,1.1405498779177263,0.026499597672547063,0.016405103934493098
2018-12-12,2885,ledoit_wolf,test,pca_only,8,20,log_euclidean,0.01,6222.52482312325,24271.005008338085,2811.574366533111,516.0958399779195,258.0479199889631,153.74153182751303,0.02795720748278357,0.027840231025381496,0.0032138291349626913,1.0079690840246038,0.012523034808562499,0.011972338028010088
2018-12-12,2885,oas,test,pca_only,8,20,log_euclidean,0.01,7724.580810194704,17627.93705627322,2803.915773943324,3229.7703697357283,1614.885184867835,1421.9156207231304,0.03209379676281218,0.03197682030541011,0.000442030027082376,1.0515000844159321,0.022488682213549424,0.013328867212684349
2018-12-12,2885,shrink,test,pca_only,8,20,log_euclidean,0.01,6791.730394757,11947.51518494698,1696.0572960113,7941.614867860538,3970.8074339302693,3621.7660561758735,0.038725260331662806,0.03860828387426073,0.00014348913823593212,1.0722066817877103,0.028036252725163097,0.01643468138141265
2018-12-12,2885,persistence,test,pca_only,8,20,log_euclidean,0.01,23297.680471883974,4227.672347876036,2032.9583625269602,4910.286546159937,2455.143273080031,2210.674360386964,0.031609549279465826,0.031492572822063754,0.00025205350516991,1.0379360339541224,0.01782961531400062,0.012885415090673827
2018-12-19,2890,D0_pca8,test,pca_only,8,20,log_euclidean,0.01,5922.73187447114,2500.101707194447,6353.90453864076,38418708.344978765,19209354.172489382,18066829.116778694,0.10377065507829497,0.10366899659886511,2.0178618063365555e-07,2.4518014193204487,0.10640837500646587,0.10101965624671742
2018-12-19,2890,rolling,test,pca_only,8,20,log_euclidean,0.01,8011.682125018342,5639.664857644802,1811.1273928008382,12547.34915716655,6273.674578583097,5797.216936479884,0.04510324656261116,0.0450015880831813,0.0001723396123368056,1.2714490377069942,0.03264290909718047,0.020695749697788382
2018-12-19,2890,ewma,test,pca_only,8,20,log_euclidean,0.01,9018.083416207055,5447.654886151871,1911.7031690917804,10607.928402788139,5303.9642013939765,4886.052249529841,0.037408748452447474,0.03730708997301761,0.00019263713774773103,1.1895529001948213,0.02886987523202875,0.018076830635065134
2018-12-19,2890,ledoit_wolf,test,pca_only,8,20,log_euclidean,0.01,6222.523885539238,24291.799682663303,2717.9480513304998,516.2829148960448,258.1414574480218,153.72808170858013,0.027904925692858486,0.027803267213428625,0.0032189361573680773,1.007970870295933,0.01251277796708968,0.01197239478204252
2018-12-19,2890,oas,test,pca_only,8,20,log_euclidean,0.01,7724.586173223103,17644.20707394513,2712.463611598794,3228.5410577420475,1614.2705288710306,1421.2334655220106,0.03180987903002883,0.03170822055059897,0.000451139559766353,1.0507282338797002,0.02234900541278594,0.013339899354601755
2018-12-19,2890,shrink,test,pca_only,8,20,log_euclidean,0.01,6791.72808671669,12005.829107557354,1694.3491837059921,7939.7065409839515,3969.8532704919767,3620.7584955806014,0.039973074596297724,0.03987141611686786,0.00014811707013501628,1.0826095860273972,0.028006927554326877,0.016665743144863288
2018-12-19,2890,persistence,test,pca_only,8,20,log_euclidean,0.01,23297.81090295018,4355.213426990247,2164.687987753737,4899.317989154889,2449.658994577374,2205.3625807406797,0.03044300192277391,0.03034134344334405,0.00026926648502755186,1.0423369348700708,0.017143480006452716,0.01300473293373899
2018-12-27,2895,D0_pca8,test,pca_only,8,20,log_euclidean,0.01,0.00021630756622425905,2042.9866812659714,4566.590096194107,14268.940445520011,7134.470222760011,6632.026378717375,9.336020762827185e-05,9.335811597771872e-05,2.163688090616471e-07,2.7197912577592818,0.11728407223461633,0.12831751722847867
2018-12-27,2895,rolling,test,pca_only,8,20,log_euclidean,0.01,4165.9410870408,5849.390865450457,1578.4363743526676,569.8264624108317,284.91323120541404,-136.13894491975694,0.00010124152910918771,0.00010123943745863458,0.00021927019764098082,1.1340185792187631,0.023446242001573546,0.016404092092478888
2018-12-27,2895,ewma,test,pca_only,8,20,log_euclidean,0.01,11015.122060728329,5671.530577465167,2043.9865566079977,616.3368275256101,308.1684137627891,-112.8750676854515,0.00013829319708821646,0.00013829110543766334,0.00027801950822366455,1.0734137367831722,0.018112487739312857,0.013560537989512279
2018-12-27,2895,ledoit_wolf,test,pca_only,8,20,log_euclidean,0.01,1267.0984872756053,25505.29087145959,2060.1726377259533,934.5427493559912,467.27137467799594,46.23578601969966,0.00017437483671573804,0.00017437274506518493,0.004708654623693868,1.0407486375377923,0.012891354065757973,0.012352275002843903
2018-12-27,2895,oas,test,pca_only,8,20,log_euclidean,0.01,3588.7142734084055,19680.512237912197,2109.993378823545,729.756517075736,364.87825853787,-56.15896877543405,0.00015108744535715648,0.00015108535370660336,0.0007647426395974305,1.0560683310364942,0.016489648078666517,0.012793267157393843
2018-12-27,2895,shrink,test,pca_only,8,20,log_euclidean,0.01,2225.1802969414935,13435.532492273842,1349.7577344690617,665.9002964183801,332.95014820919016,-88.0916410731965,0.0001289499691799089,0.0001289478775293558,0.00018327782832041668,1.0050568619306033,0.020128684286121003,0.01431277799969724
2018-12-27,2895,persistence,test,pca_only,8,20,log_euclidean,0.01,5922.700140527955,4057.513340401727,1896.7845572583499,553.9047175090692,276.9523587545176,-144.10389477923223,7.771588625993746e-05,7.771379460938433e-05,0.00019569130371818472,1.1070897006232172,0.029805637175168744,0.016329517589261242
2019-01-04,2900,D0_pca8,test,pca_only,8,20,log_euclidean,0.01,0.0006324440096892449,2293.1361362805947,6850.639039673181,8937.124749225628,4468.562374612817,3926.5457781622936,8.6831977006036e-05,8.68303661183453e-05,2.462876845000242e-07,2.2181690386476336,0.08320097607261948,0.08054369619193663
2019-01-04,2900,rolling,test,pca_only,8,20,log_euclidean,0.01,4165.972066279961,5802.578378929099,1593.929789474107,580.4615567585076,290.2307783792599,-136.19753935067368,3.9389296604738246e-05,3.938768571704753e-05,0.00021965531403737924,1.1318098000142616,0.02281473786713681,0.016370495749524025
2019-01-04,2900,ewma,test,pca_only,8,20,log_euclidean,0.01,5932.939718135025,5612.602799599792,2025.7143804270343,596.9736896202984,298.48684481013396,-127.93232168329885,4.796205925303001e-05,4.79604483653393e-05,0.00023666362416834312,1.097639355101277,0.020520590247686696,0.014828833158905765
2019-01-04,2900,ledoit_wolf,test,pca_only,8,20,log_euclidean,0.01,1267.1158180938514,25474.198015957973,1055.8021651712274,945.2512914470046,472.6256457235025,46.227757788535,7.798494217751076e-05,7.798333128982006e-05,0.004708441370299108,1.040769585449865,0.012876700575757677,0.01235220186469695
2019-01-04,2900,oas,test,pca_only,8,20,log_euclidean,0.01,3588.746305191831,19659.95278707731,1115.6719785219252,740.3993356962844,370.199667848144,-56.20034207281991,6.443049450509389e-05,6.442888361740318e-05,0.0007644568330396734,1.056522988313859,0.016219421390873276,0.01279326205573546
2019-01-04,2900,shrink,test,pca_only,8,20,log_euclidean,0.01,2225.2056518361815,13443.755917772865,1048.4182652698673,676.3797033190457,338.1898516595229,-88.22098253276623,5.233006997491266e-05,5.2328459087221944e-05,0.00018322850619285734,1.0046573723245287,0.019689116335908672,0.01429461002199122
2019-01-04,2900,persistence,test,pca_only,8,20,log_euclidean,0.01,5922.7482438589905,4072.071406900457,2242.5966660493295,564.5396439955739,282.26982199780633,-144.1660606151113,3.2496703930785713e-05,3.2495093043095e-05,0.00019407089798051508,1.0937008971035058,0.0261577957060277,0.015953313773932925
2019-01-11,2905,D0_pca8,test,pca_only,8,20,log_euclidean,0.01,0.0004770151676226148,2150.5860959999245,6559.421885694832,9270.62409981485,4635.312049907404,4081.481004386341,9.098541722544969e-05,9.098416444853379e-05,2.2802307320375664e-07,2.210376882247374,0.08734452987343648,0.08173535255248468
2019-01-11,2905,rolling,test,pca_only,8,20,log_euclidean,0.01,4166.033604193954,5797.17746065125,1633.8811797844544,585.3627413168059,292.6813706584134,-136.33175837043103,4.7752353988842714e-05,4.775110121192682e-05,0.00021918672133244187,1.1269244893872805,0.02262720769833116,0.016214480839700427
2019-01-11,2905,ewma,test,pca_only,8,20,log_euclidean,0.01,3195.6494989521175,5571.65563426283,1886.2880968256463,572.2725585243165,286.1362792621333,-142.88412671033348,4.354793283775329e-05,4.3546680060837396e-05,0.0002179052458501542,1.1456293303973146,0.027169532284961953,0.017512862651115107
2019-01-11,2905,ledoit_wolf,test,pca_only,8,20,log_euclidean,0.01,1267.1749011793613,25501.40666091637,1157.3712358580021,950.3683475329819,475.1841737664904,46.22008239986788,8.628054279150293e-05,8.627929001458703e-05,0.004706484729596267,1.0406399334001584,0.0128818453372169,0.012352203261380347
2019-01-11,2905,oas,test,pca_only,8,20,log_euclidean,0.01,3588.817835522019,19686.73035742595,1219.916071987327,745.4357556262914,372.7178778131484,-56.254835415516894,7.28999890477793e-05,7.28987362708634e-05,0.0007621870702320253,1.0535246141052454,0.01589956697738802,0.012776532966096689
2019-01-11,2905,shrink,test,pca_only,8,20,log_euclidean,0.01,2225.2446418894588,13513.718622392238,1081.5783598781675,681.4066799916513,340.7033399958261,-88.3045827069366,6.121649983933285e-05,6.121524706241695e-05,0.00018167241211367431,1.008780568640183,0.019303418471588292,0.014218331090927303
2019-01-11,2905,persistence,test,pca_only,8,20,log_euclidean,0.01,5922.797364827888,3919.8720020038927,2132.97718921859,569.3457564185475,284.6728782092744,-144.34584315175283,3.6398049345000985e-05,3.639679656808509e-05,0.00019272294141286408,1.0766246223594278,0.02395531561815603,0.015349010764500931
2019-01-18,2910,D0_pca8,test,pca_only,8,20,log_euclidean,0.01,0.0001337497890013152,2058.2520575077315,6541.4535030828865,45731.40359866637,22865.701799333176,21811.538692399605,9.384153769075997e-05,9.384070185685297e-05,7.281799922677501e-08,2.750491208778988,0.11951692040225917,0.1272547202047357
2019-01-18,2910,rolling,test,pca_only,8,20,log_euclidean,0.01,4166.0035747024285,5696.1924695970865,1530.2754487680093,586.2980803388996,293.1490401694323,-136.35309914332603,4.908636922578917e-05,4.9085533391882165e-05,0.0002088894499469571,1.1020522875321503,0.021320818943637597,0.015143046244601308
2019-01-18,2910,ewma,test,pca_only,8,20,log_euclidean,0.01,1721.2235985142731,5488.081537263193,1581.1805784539004,543.838280276075,271.9191401380499,-157.6091710952874,4.145724889011075e-05,4.145641305620375e-05,0.0001650262781135999,1.1459427864003042,0.027289246215679182,0.017756318588053224
2019-01-18,2910,ledoit_wolf,test,pca_only,8,20,log_euclidean,0.01,1267.1447369419611,25508.38884829891,1164.0120709594453,951.3350149899179,475.66750749495833,46.21168858991036,7.862818739980776e-05,7.862735156590076e-05,0.004693336256050945,1.0406353395737828,0.012878787019355567,0.01235177522890885
2019-01-18,2910,oas,test,pca_only,8,20,log_euclidean,0.01,3588.829645505344,19680.972420863374,1224.4781211337222,746.297086490515,373.1485432452523,-56.315322264811826,6.824160135520921e-05,6.824076552130222e-05,0.0007441557078462288,1.0516474779091536,0.015613978733353157,0.012693710532816637
2019-01-18,2910,shrink,test,pca_only,8,20,log_euclidean,0.01,2225.2169154324365,13330.798576012266,1006.2798866639863,682.1031148374606,341.0515574187294,-88.44514348698877,6.342850548882146e-05,6.342766965491446e-05,0.00016908055904549913,1.001883874106875,0.01812152144142509,0.013683885974408375
2019-01-18,2910,persistence,test,pca_only,8,20,log_euclidean,0.01,5922.779438153675,3974.755988319779,2036.9726518774592,570.2954524645625,285.1477262322694,-144.35963788121788,4.4280736594880146e-05,4.427990076097314e-05,0.00016765368236104798,1.0529808552552782,0.021240479156495008,0.01378455625894575
2019-01-28,2915,D0_pca8,test,pca_only,8,20,log_euclidean,0.01,0.0007113195748893587,2248.2180540210084,7539.858962135288,7639.882666675185,3819.9413333376106,3301.138215003079,7.282262060604388e-05,7.282187301283632e-05,3.1237001294083494e-07,2.442257615218727,0.09158271745287697,0.10002696524453505
2019-01-28,2915,rolling,test,pca_only,8,20,log_euclidean,0.01,4166.009195864595,5608.315726802261,1678.1478938436999,605.0766032595523,302.5383016297857,-136.58471390284276,3.053865819061491e-05,3.0537910597407356e-05,0.00021266618151162905,1.112456349366779,0.02189312141359828,0.015449154292480451
2019-01-28,2915,ewma,test,pca_only,8,20,log_euclidean,0.01,927.0966608212952,5383.493008369647,1609.5508873422332,533.4298263928539,266.71491319640165,-172.4438263479073,3.0149893905452005e-05,3.014914631224445e-05,0.00012967677263134956,1.2924895489209163,0.03112991597435314,0.02194701420513018
2019-01-28,2915,ledoit_wolf,test,pca_only,8,20,log_euclidean,0.01,1267.157373297788,25515.89831700724,968.9369474337402,970.5974744461919,485.29873722309594,46.204033134293226,4.221715179529357e-05,4.221640420208602e-05,0.004697308544305081,1.0406028293443401,0.012876968275105177,0.012351917273909677
2019-01-28,2915,oas,test,pca_only,8,20,log_euclidean,0.01,3588.830311292694,19672.2156486181,1034.1715922055746,765.4615382307803,382.7307691153886,-56.36787832676883,3.7711047062735353e-05,3.77102994695278e-05,0.0007496974868527887,1.0515597308375237,0.015697615675072586,0.012719427704869184
2019-01-28,2915,shrink,test,pca_only,8,20,log_euclidean,0.01,2225.220684014878,13205.96539679994,1039.7537365350347,700.7610536744481,350.3805268372237,-88.73643300235457,3.630696230965545e-05,3.63062147164479e-05,0.000172901035685892,1.0041030497806585,0.0185792433924717,0.013814807779281828
2019-01-28,2915,persistence,test,pca_only,8,20,log_euclidean,0.01,0.00034330482666954863,3635.958355998606,1459.9817622102885,4123.295677974261,2061.6478389871295,1579.430272466629,4.0933269551345006e-05,4.093252195813745e-05,3.308192126057265e-07,2.1742165515260234,0.07088671468363789,0.0736526408156977
2019-02-04,2920,D0_pca8,test,pca_only,8,20,log_euclidean,0.01,0.0001886090945042573,2265.795726179842,7457.408100222488,15622.797700238125,7811.398850119083,7145.258805838186,2.4003457067289423e-05,2.4002719397068427e-05,1.5131720799948124e-07,2.4678549126314704,0.092573916675344,0.0971675138345596
2019-02-04,2920,rolling,test,pca_only,8,20,log_euclidean,0.01,4166.0202212885,5722.2190766531185,1675.0799836750925,608.1397631567972,304.06988157841334,-136.62130713624623,3.358540841245408e-05,3.3584670742233086e-05,0.0002071373153779975,1.114220848532273,0.02125433627001356,0.01533326259526222
2019-02-04,2920,ewma,test,pca_only,8,20,log_euclidean,0.01,499.3455204597285,5483.718548492319,1449.1808832523996,508.3114138806724,254.15570694038615,-186.6160669178295,3.568372670394541e-05,3.5682989033724414e-05,8.665366775374161e-05,1.2930478814800366,0.04408486191387108,0.02286987082536243
2019-02-04,2920,ledoit_wolf,test,pca_only,8,20,log_euclidean,0.01,1267.1701615681282,25522.134588864224,1054.4909251857719,973.6934269547953,486.84671347739686,46.19903281061235,3.7911030610699946e-05,3.791029294047895e-05,0.004693118254466683,1.0405507317408158,0.012893397822807942,0.012351959517180426
2019-02-04,2920,oas,test,pca_only,8,20,log_euclidean,0.01,3588.8532094233924,19680.71943490147,1119.7203041195153,768.5084372664253,384.2542186332096,-56.4011695475567,3.616969462400221e-05,3.6168956953781215e-05,0.0007429878903714766,1.0509755497213833,0.015566050477023518,0.012711400992377357
2019-02-04,2920,shrink,test,pca_only,8,20,log_euclidean,0.01,2225.226843177323,13127.272248494413,1068.0946722885765,703.7670083859263,351.8835041929628,-88.80761858225208,3.671575575134287e-05,3.6715018081121876e-05,0.00016881692491869574,1.007503217766857,0.018127376896488974,0.013754517865848687
2019-02-04,2920,persistence,test,pca_only,8,20,log_euclidean,0.01,0.00019841758389524286,3796.987809524129,1134.2120155551877,4948.674741642759,2474.337370821364,1970.4636457679487,3.850065232310491e-05,3.8499914652883914e-05,2.253398294593551e-07,1.9953374887785678,0.05647929588702314,0.05885593751032982
2019-02-11,2925,D0_pca8,test,pca_only,8,20,log_euclidean,0.01,7.715514219823672e-05,2102.532627762966,5888.23481897326,24021.098669685758,12010.549334842894,11318.981997068162,2.8310727426584502e-05,2.8309513938527575e-05,1.159967240930216e-07,2.7196423413358057,0.10244086277515044,0.12390245398746733
2019-02-11,2925,rolling,test,pca_only,8,20,log_euclidean,0.01,890.5388482138317,5436.896308902525,1237.0029165944661,501.96604592047186,250.98302296031142,-189.2339444893527,4.326479185889597e-05,4.3263578370839044e-05,9.794072245665255e-05,1.2956531157369386,0.04149491955725357,0.02332971722850873
2019-02-11,2925,ewma,test,pca_only,8,20,log_euclidean,0.01,194.01672802686232,5224.619186409652,1110.152753870494,436.95674198900133,218.47837099452084,-221.8440759226422,4.3000391762336955e-05,4.299917827428003e-05,4.7909222712257265e-05,1.2754216592215817,0.033637956105516044,0.023631633614143856
2019-02-11,2925,ledoit_wolf,test,pca_only,8,20,log_euclidean,0.01,233.25003204205566,22608.387646375606,1297.1868629474243,873.8706707216604,436.93533536083044,-3.179863581757784,5.7835950406711214e-05,5.783473691865429e-05,0.0016361993605297157,1.0021086745138843,0.011562808789076022,0.01088886371261544
2019-02-11,2925,oas,test,pca_only,8,20,log_euclidean,0.01,789.41941338758,16220.00212276404,1276.2000741074926,631.4065617197722,315.7032808599006,-124.4368968687518,4.827471896395085e-05,4.8273505475893926e-05,0.00025813049119896147,1.0467549559252867,0.02079897703127885,0.01319513326183165
2019-02-11,2925,shrink,test,pca_only,8,20,log_euclidean,0.01,487.6386302927443,10155.281355831125,846.9670818030233,547.1849329803551,273.5924664901777,-166.63525399730037,4.164233973125652e-05,4.164112624319959e-05,8.657728872543837e-05,1.1525613998127855,0.03495695227785628,0.019362584498626885
2019-02-11,2925,persistence,test,pca_only,8,20,log_euclidean,0.01,0.00015550332044212756,3695.4388533159945,1007.8362231845833,4832.797376722439,2416.3986883612297,1929.8950657454284,3.60891971096652e-05,3.608798362160827e-05,1.9536468548403912e-07,1.8886047712235496,0.0582313990049493,0.0534816891335732
2019-02-19,2930,D0_pca8,test,pca_only,8,20,log_euclidean,0.01,5.587740243328696e-05,1965.3279744555502,5538.4658930967635,76782.60587373137,38391.302936865686,36827.036241679794,4.0772179876126975e-05,4.0771279224477835e-05,2.7066267225782563e-08,2.659667183896783,0.12069402777009473,0.12822155653065415
2019-02-19,2930,rolling,test,pca_only,8,20,log_euclidean,0.01,890.5534025151917,5343.509082896584,1275.4782046486762,516.6585719689643,258.3292859844942,-189.90573149145655,3.0724746705920816e-05,3.0723846054271676e-05,9.829669343270092e-05,1.2831411025460133,0.040286543347828434,0.022652060091485376
2019-02-19,2930,ewma,test,pca_only,8,20,log_euclidean,0.01,104.5091515029747,5118.076791408359,1008.6423137190989,426.34484314631095,213.1724215731353,-235.2581506843689,2.3383104689638024e-05,2.3382204037988884e-05,4.31819948811205e-05,1.3505403760587953,0.03836437463295189,0.02764493926921111
2019-02-19,2930,ledoit_wolf,test,pca_only,8,20,log_euclidean,0.01,233.25777235285273,22634.219615328617,1123.255521983095,889.838661154282,444.91933057714124,-3.1983949373210256,4.623096552233802e-05,4.623006487068888e-05,0.0016313829206748066,1.0017715576372535,0.01161752225547229,0.010887306281605396
2019-02-19,2930,oas,test,pca_only,8,20,log_euclidean,0.01,789.4351318461073,16236.227904004696,1111.0499692418593,647.0670551733328,323.53352758666574,-124.61324975448034,3.651544446278355e-05,3.651454381113441e-05,0.00025470017470060805,1.0387464971589893,0.020193797655145423,0.012904842484781047
2019-02-19,2930,shrink,test,pca_only,8,20,log_euclidean,0.01,487.65897782890096,10170.289724777416,826.9577109751375,562.6821161005533,281.34105805027644,-166.88708980778497,3.2531492837725603e-05,3.2530592186076463e-05,8.591777940638273e-05,1.139345277366085,0.032911358680128254,0.018663424991828294
2019-02-19,2930,persistence,test,pca_only,8,20,log_euclidean,0.01,0.00013386949085848857,3596.7977292850583,943.8221320043072,4044.3179676632344,2022.1589838316286,1503.1559856335841,2.2134401983929916e-05,2.2133501332280776e-05,1.5627054993573084e-07,1.68382951503236,0.04635741076745594,0.04277582040153262
2019-02-26,2935,D0_pca8,test,pca_only,8,20,log_euclidean,0.01,0.00014595863503018175,2017.4077181337389,4944.609491636638,26154.90517606001,13077.452588030003,12482.796102560593,3.2084408839138427e-05,3.208335931665486e-05,1.3965956849819232e-07,2.838938397055832,0.12088650073977544,0.1345759957797322
2019-02-26,2935,rolling,test,pca_only,8,20,log_euclidean,0.01,890.5241436403488,5338.743802580982,1304.3679885075467,484.3076012264547,242.1538006132284,-188.5480157323843,4.576967116457112e-05,4.576862164208755e-05,8.608756942307856e-05,1.1824167424267586,0.031033914315373973,0.01914579417351855
2019-02-26,2935,ewma,test,pca_only,8,20,log_euclidean,0.01,56.28517635439264,5114.274220753568,1132.7096725064473,378.2454807118914,189.12274035594632,-241.80170077695053,4.1624501446967737e-05,4.162345192448417e-05,3.106835140378459e-05,1.3535923601058177,0.03776992076411872,0.026795996116893966
2019-02-26,2935,ledoit_wolf,test,pca_only,8,20,log_euclidean,0.01,233.23993427564392,22608.40214995184,1657.97456020863,854.8981677848834,427.44908389244154,-3.1755710744703967,8.194336582335624e-05,8.194231630087267e-05,0.0016100734633611863,1.0018600950420202,0.011631637081958067,0.010884285214716825
2019-02-26,2935,oas,test,pca_only,8,20,log_euclidean,0.01,789.4197360791745,16219.76289062163,1651.5096300811867,612.6613876454436,306.33069382272646,-124.31611718515157,6.509386331524592e-05,6.509281379276235e-05,0.00022747323222718243,1.0246703269914714,0.01787491299921446,0.012176150077104066
2019-02-26,2935,shrink,test,pca_only,8,20,log_euclidean,0.01,487.6396581898578,10088.765814764789,1060.7638418399752,530.5114584887971,265.2557292443987,-165.4597318142149,5.275704641925861e-05,5.275599689677504e-05,7.421708795476744e-05,1.0744304573828143,0.023645617326179053,0.01590606504152355
2019-02-26,2935,persistence,test,pca_only,8,20,log_euclidean,0.01,0.00020366872948265994,3584.451140870192,1273.4968669270456,7061.858233697092,3530.929116848538,3027.0185341153833,6.047401245848149e-05,6.047296293599792e-05,1.143969120956115e-07,1.6707617309573142,0.04412918237988974,0.03871334043835676
2019-03-05,2940,D0_pca8,test,pca_only,8,20,log_euclidean,0.01,0.00019024240617820595,1836.2549991877936,4363.646307636115,66654.46157179541,33327.23078589769,32106.699564202456,3.567728659564079e-05,3.567613800462888e-05,3.0053132356513216e-08,2.533771881542608,0.10945680965736748,0.10874167469115266
2019-03-05,2940,rolling,test,pca_only,8,20,log_euclidean,0.01,890.5037216566526,5161.294067999674,1346.9005528457674,489.1343444328852,244.5671722164297,-189.0346764111119,4.476369626829821e-05,4.47625476772863e-05,7.884132395452821e-05,1.1573627880981132,0.027840191282401294,0.017998591248784824
2019-03-05,2940,ewma,test,pca_only,8,20,log_euclidean,0.01,30.313288036372477,4946.206544083841,1225.038049468776,364.19545847309325,182.0977292365351,-251.91209972834523,3.90689225782669e-05,3.906777398725499e-05,2.3564589004000345e-05,1.3531648563111525,0.04151791598642709,0.02810229647606853
2019-03-05,2940,ledoit_wolf,test,pca_only,8,20,log_euclidean,0.01,233.22826824691552,22617.90633094245,1909.7661074630835,860.6250518182763,430.31252590913834,-3.184977205844489,8.949689777462932e-05,8.94957491836174e-05,0.0016027449930180282,1.0018383204112238,0.011566365584142502,0.010883835621602174
2019-03-05,2940,oas,test,pca_only,8,20,log_euclidean,0.01,789.4031130405374,16209.302384383634,1897.0596434771182,618.2034623161294,309.10173115806134,-124.42327313018502,6.927687286749934e-05,6.927572427648742e-05,0.00021575965035287636,1.0238404941400157,0.01773603422296637,0.012047840889534901
2019-03-05,2940,shrink,test,pca_only,8,20,log_euclidean,0.01,487.62541137216624,9884.629607775276,1171.671468982146,535.5716676498945,267.78583382494674,-165.8141093161704,5.4391848534672785e-05,5.439069994366087e-05,6.823216491835403e-05,1.0671213611505637,0.022350943934563775,0.015131972853707687
2019-03-05,2940,persistence,test,pca_only,8,20,log_euclidean,0.01,0.0002249228463169703,3559.2917228043984,1442.5318101129274,7138.290315059751,3569.145157529874,3057.024479642871,5.715629228088232e-05,5.7155143689870404e-05,1.0472265792028024e-07,1.5788258436816194,0.053142847589090755,0.03670767694378271
2019-03-12,2945,D0_pca8,test,pca_only,8,20,log_euclidean,0.01,0.00017752833003587787,1783.8935233311684,4928.663829507521,112466.07296383451,56233.03648191725,54625.192697751314,0.00016000623736333968,0.00016000529804622318,3.565700151303146e-08,3.4371672998062177,0.1971617651845699,0.2213294042466947
2019-03-12,2945,rolling,test,pca_only,8,20,log_euclidean,0.01,0.0001408834367350088,4725.205267512631,684.2238357711334,2593.8386826882243,1296.9193413441076,818.6801602768357,5.3550233388590965e-05,5.354929407147448e-05,6.719527976631318e-07,3.425312848856936,0.11548036599855717,0.18281097255813888
2019-03-12,2945,ewma,test,pca_only,8,20,log_euclidean,0.01,0.00014370199194157685,4553.9685088924425,769.6419934521919,3023.447139369124,1511.7235696845462,1027.158975201229,5.460756644885088e-05,5.460662713173439e-05,6.354618935726318e-07,3.448939373919833,0.13688950116953286,0.19266671416742961
2019-03-12,2945,ledoit_wolf,test,pca_only,8,20,log_euclidean,0.01,0.00012401124034926243,7657.70771905857,748.1417000345349,341.4650751076391,170.73253755381955,-268.4464764580174,3.314253541324071e-05,3.314159609612422e-05,1.001551318536109e-05,2.290812167476543,0.07317978577582607,0.07822050458321367
2019-03-12,2945,oas,test,pca_only,8,20,log_euclidean,0.01,0.00012579233159019124,7448.4544105903515,716.6439531913179,358.7694249699215,179.3847124849608,-260.3134076810752,3.4723207085442056e-05,3.472226776832557e-05,8.60379522044866e-06,2.460628471430519,0.0806173496465385,0.09070379467216959
2019-03-12,2945,shrink,test,pca_only,8,20,log_euclidean,0.01,0.00012472601166134067,7457.316342991569,728.8447228769148,333.41495324400074,166.7074766220005,-273.02277180251446,3.140615494302058e-05,3.1405215625904097e-05,8.019187499793898e-06,2.28140594345692,0.1392678023368968,0.11502285568598263
2019-03-12,2945,persistence,test,pca_only,8,20,log_euclidean,0.01,0.00018044805695507514,3577.015705025247,1035.5542792748745,6564.986102495222,3282.4930512476258,2762.2839639177937,1.7269207423773358e-05,1.7268268106656872e-05,1.6974612447643458e-07,1.9831291673494826,0.05867326494575065,0.05830572129103824
2019-03-19,2950,D0_pca8,test,pca_only,8,20,log_euclidean,0.01,0.0001790141855109465,1807.5879253423946,5342.864042600465,105207.9706215724,52603.98531078619,52373.383456258205,6.860305088515489e-05,6.860173296112488e-05,5.75381783616504e-08,4.237068519634698,0.13435008824347833,0.29599199899829154
2019-03-19,2950,rolling,test,pca_only,8,20,log_euclidean,0.01,0.00013906439549124554,4822.475499477214,765.0775579281002,2801.0008332997195,1400.5004166498675,933.6871366641129,4.021683300036837e-05,4.021551507633836e-05,5.649376029087371e-07,3.247969456163864,0.1004652538972583,0.16564063824258438
2019-03-19,2950,ewma,test,pca_only,8,20,log_euclidean,0.01,0.00014160762413884326,4628.98051230099,827.4481748295668,3498.7002927329695,1749.3501463664845,1276.5796990416222,4.742808422635964e-05,4.7426766302329625e-05,5.269068556186927e-07,3.5492954567438844,0.11875576451532267,0.18849083171535835
2019-03-19,2950,ledoit_wolf,test,pca_only,8,20,log_euclidean,0.01,0.00013115821507883217,7698.777973938542,855.2133135517782,343.4226493808002,171.7113246904002,-265.69328214332603,2.9572952653326424e-05,2.957163472929641e-05,9.258581754997364e-06,2.1484555007885033,0.06181276189532032,0.06881979092704175
2019-03-19,2950,oas,test,pca_only,8,20,log_euclidean,0.01,0.00013122963889139076,7514.78969180555,821.9914895571317,358.34085048259124,179.1704252412955,-258.5205167230346,3.059505080076883e-05,3.059373287673882e-05,8.126272942012124e-06,2.2985898503420255,0.0659856102899383,0.07926591808858398
2019-03-19,2950,shrink,test,pca_only,8,20,log_euclidean,0.01,0.00013301453759087642,7397.020114082525,816.7439750657447,344.84069151052313,172.42034575526134,-265.9441904318907,2.9659830404409916e-05,2.9658512480379903e-05,6.395930563212055e-06,2.221436678848992,0.17958961631059467,0.1276826738325767
2019-03-19,2950,persistence,test,pca_only,8,20,log_euclidean,0.01,0.00016411284776337242,3452.9336791503383,1024.175728389684,7131.067889888189,3565.5339449440858,3132.114403823017,1.6427863058111777e-05,1.6426545134081764e-05,1.2367779018383e-07,1.794067289749779,0.06448279266583445,0.05029078690171321
2019-03-26,2955,D0_pca8,test,pca_only,8,20,log_euclidean,0.01,4.2847985295803366e-05,1871.2598451774588,7476.1625726930915,65534.55754675086,32767.27877337542,32546.204516928246,3.7540879614308843e-05,3.7540396877491804e-05,5.17115032204587e-08,3.6304409192409657,0.15554361973380576,0.23476129697375392
2019-03-26,2955,rolling,test,pca_only,8,20,log_euclidean,0.01,8.341264039997824e-05,4861.759691912146,780.3070393811241,2031.0575094782525,1015.5287547391285,569.3433076695586,1.8468380148693574e-05,1.846789741187654e-05,6.29651835503355e-07,3.203844493015123,0.13845052206205258,0.1774100069998524
2019-03-26,2955,ewma,test,pca_only,8,20,log_euclidean,0.01,0.00018171566949062862,4656.922857635511,928.7724923725748,1882.8102054872938,941.4051027436501,494.62021561167796,1.8768418058461893e-05,1.8767935321644857e-05,6.827650958338607e-07,3.1376470228506506,0.1302564291811338,0.16558648110951682
2019-03-26,2955,ledoit_wolf,test,pca_only,8,20,log_euclidean,0.01,4.642928960542212e-05,7965.057845019215,643.3296478661971,332.1005340618613,166.0502670309307,-286.4661818183248,1.0073096233852704e-05,1.0072613497035669e-05,9.876223021678617e-06,1.7430990718898713,0.05160171320176021,0.04845260320653085
2019-03-26,2955,oas,test,pca_only,8,20,log_euclidean,0.01,5.44529097435813e-05,7643.210966704821,642.9175769450576,339.1745615551473,169.58728077757365,-282.8657892039548,1.0570348150527991e-05,1.0569865413710955e-05,8.344187568815968e-06,1.992451463822125,0.06598832716887194,0.06452608195853453
2019-03-26,2955,shrink,test,pca_only,8,20,log_euclidean,0.01,5.740030479516623e-05,7395.19625974573,650.7787716797375,344.6302927445786,172.31514637228906,-280.0983314089255,9.337382173858793e-06,9.336899437041758e-06,6.236254036306375e-06,2.083176438073493,0.11744764165274812,0.10450034277198708
2019-03-26,2955,persistence,test,pca_only,8,20,log_euclidean,0.01,0.00017965193532021355,3416.9211038792455,1164.5071443331547,3425.8313379273313,1712.915668963673,1282.2019642331416,1.354478295081755e-05,1.3544300214000514e-05,1.9837641057876457e-07,1.8819302237802698,0.05478186968855906,0.054331352044641706
2019-04-02,2960,D0_pca8,test,pca_only,8,20,log_euclidean,0.01,4.914628485389951e-05,1992.175524387564,7873.43521381995,67501.52940311324,33750.76470155664,32756.395089494523,3.725557281868805e-05,3.7255083793972956e-05,5.067800881817995e-08,3.3055917042814578,0.16957529911207156,0.1842048426734985
2019-04-02,2960,rolling,test,pca_only,8,20,log_euclidean,0.01,0.00010084107213353801,4931.906719534429,940.8593458193808,2421.5067357041394,1210.7533678520726,742.6186675530054,3.057945099541077e-05,3.057896197069567e-05,6.345118790338078e-07,3.3400878450122486,0.11320809504949195,0.17546917650169502
2019-04-02,2960,ewma,test,pca_only,8,20,log_euclidean,0.01,0.00014720218243503385,4713.959025453665,1148.9213840023713,2389.8659811920093,1194.9329905959953,725.9005927312862,3.559135476805086e-05,3.559086574333576e-05,6.350228540136423e-07,3.206522114329971,0.10043649591465695,0.16196455420427638
2019-04-02,2960,ledoit_wolf,test,pca_only,8,20,log_euclidean,0.01,5.8999368202761556e-05,7913.209374080184,660.9692006920651,340.0039604835575,170.00198024177857,-278.31780589458856,1.9370870002049134e-05,1.9370380977334037e-05,8.925461268720333e-06,1.789291032026004,0.0513649363085566,0.0482329101320748
2019-04-02,2960,oas,test,pca_only,8,20,log_euclidean,0.01,6.829219587085937e-05,7606.512864083576,696.7924994084872,354.5321974659066,177.26609873295314,-271.34174528986813,2.099263926805574e-05,2.099215024334064e-05,7.504499776613856e-06,2.0108359750956133,0.05608248027769324,0.06138050017918176
2019-04-02,2960,shrink,test,pca_only,8,20,log_euclidean,0.01,6.961402419329732e-05,7396.128674013963,710.0832934433652,366.8957353525982,183.4478676762993,-265.68920771527803,1.5114670392418717e-05,1.5114181367703617e-05,6.148639270382557e-06,2.0592565771658546,0.12559510357963097,0.08859532909559947
2019-04-02,2960,persistence,test,pca_only,8,20,log_euclidean,0.01,0.00019287959421970417,3444.815772366469,1517.7631304337128,4249.50286994063,2124.751434970291,1657.0391881224896,2.401482369374022e-05,2.4014334669025122e-05,1.934944697916458e-07,1.8725398659131807,0.0617431251749547,0.05534985093842774
2019-04-09,2965,D0_pca8,test,pca_only,8,20,log_euclidean,0.01,5.5969107492083586e-05,2065.0276256056886,7370.154882770705,71257.85555708343,35628.9277785417,34726.93398092737,3.200883751971637e-05,3.200809524966497e-05,4.820107712579351e-08,3.2042824921456945,0.15493092824674232,0.17288363220023706
2019-04-09,2965,rolling,test,pca_only,8,20,log_euclidean,0.01,8.179880444602029e-05,4878.635319568653,788.5016232333371,3007.3138724897735,1503.6569362448763,1053.8691201585957,2.4251422890755673e-05,2.4250680620704273e-05,5.65430888991397e-07,3.3102664367668173,0.10532365100356345,0.17249898977058342
2019-04-09,2965,ewma,test,pca_only,8,20,log_euclidean,0.01,9.792743486548235e-05,4656.502867461551,911.6268403393727,3113.8626425099505,1556.9313212549782,1097.709887317514,2.6073815089065215e-05,2.6073072819013815e-05,5.272328809112553e-07,3.2019625672570697,0.09496420544649746,0.15614633524103477
2019-04-09,2965,ledoit_wolf,test,pca_only,8,20,log_euclidean,0.01,5.36484923462535e-05,7991.99627956736,617.2451297614623,336.46203112337463,168.23101556168706,-274.04683819382615,2.191598335594622e-05,2.191524108589482e-05,8.708323385798327e-06,1.6191796151850957,0.045365441371486626,0.03934250771982427
2019-04-09,2965,oas,test,pca_only,8,20,log_euclidean,0.01,6.019704081691388e-05,7599.179886080588,621.0830205893838,356.66996579135565,178.33498289567785,-264.0524013600424,2.2091699152992325e-05,2.2090956882940926e-05,7.240895299593954e-06,1.924076493210102,0.051690598082207044,0.0550023733710488
2019-04-09,2965,shrink,test,pca_only,8,20,log_euclidean,0.01,6.50783867773461e-05,7256.169935567879,630.649594833171,395.35174820793515,197.67587410396692,-245.271496168575,2.123252373641177e-05,2.123178146636037e-05,5.31508143834012e-06,2.1054503936261897,0.11514916582327393,0.08473877724795371
2019-04-09,2965,persistence,test,pca_only,8,20,log_euclidean,0.01,0.00016697271468447467,3509.4339620693218,1197.9798269677797,5170.219228389808,2585.1096141949065,2120.803045508922,2.5721231324585013e-05,2.5720489054533613e-05,1.5278269154497665e-07,1.770746239046524,0.06165135959609834,0.04654862970099215
2019-04-16,2970,D0_pca8,test,pca_only,8,20,log_euclidean,0.01,0.00010296353227332391,1982.3267557504892,5656.508732507638,78395.22626008405,39197.613130042024,38647.39021651278,9.261398853216474e-05,9.261286762281455e-05,6.187835458197271e-08,3.6303636601182356,0.17632237911313184,0.2327257689032143
2019-04-16,2970,rolling,test,pca_only,8,20,log_euclidean,0.01,7.630697725295709e-05,4701.355011798516,644.8519528150055,3003.632955955009,1501.816477977492,1044.3139058447973,3.602741535696794e-05,3.602629444761775e-05,4.808292281407806e-07,3.0192883606372587,0.1064567909834875,0.1506453658450423
2019-04-16,2970,ewma,test,pca_only,8,20,log_euclidean,0.01,7.933860908532588e-05,4505.834907938416,694.5863477771394,3216.479793914635,1608.2398969573167,1142.8895836792324,3.5026705910599316e-05,3.502558500124912e-05,4.107033876861276e-07,2.804065332612666,0.09480991847565441,0.12740853571449712
2019-04-16,2970,ledoit_wolf,test,pca_only,8,20,log_euclidean,0.01,8.042144417730391e-05,7855.232079965761,802.5878035704952,321.24636711226856,160.6231835561342,-275.67818749715684,2.689144113325711e-05,2.6890320223906916e-05,7.182906878754301e-06,1.5684210369258924,0.04769654480349431,0.03943133854304475
2019-04-16,2970,oas,test,pca_only,8,20,log_euclidean,0.01,7.570485836485316e-05,7422.106753594198,694.4983692834692,343.7654400926982,171.88272004634928,-264.6751176814874,2.6676074969120423e-05,2.6674954059770228e-05,5.535255757412602e-06,1.792653100954602,0.05457183258419281,0.05135027447592235
2019-04-16,2970,shrink,test,pca_only,8,20,log_euclidean,0.01,8.05468080344284e-05,7092.64019878629,656.8559844800027,385.41677956631736,192.70838978315862,-244.84125615452234,2.2221102823017993e-05,2.2219981913667798e-05,4.245077940473998e-06,1.8313685661126569,0.12015511155052783,0.07812774813299911
2019-04-16,2970,persistence,test,pca_only,8,20,log_euclidean,0.01,0.00014735340594115246,3494.029786704541,839.4692598041801,5085.6162880721295,2542.8081440360634,2091.7607116904574,2.52711217488164e-05,2.5270000839466206e-05,1.7240237058522714e-07,1.8614599668762135,0.049491858267370105,0.052105763973554715
2019-04-24,2975,D0_pca8,test,pca_only,8,20,log_euclidean,0.01,0.0001477594709003966,1958.9665215227596,4547.178697844698,124726.82270434735,62363.41135217369,62437.041662549695,5.8198798868522855e-05,5.819778411557614e-05,3.7164949161771245e-08,3.556103847611632,0.1751191384759911,0.2264364866068478
2019-04-24,2975,rolling,test,pca_only,8,20,log_euclidean,0.01,9.023405882744811e-05,4780.347384418121,710.0476606345499,3067.787911331148,1533.8939556655746,1111.2982404812565,5.584522380833495e-05,5.584420905538823e-05,3.3433392160514145e-07,2.682922642418448,0.09989649584962305,0.11159217887465701
2019-04-24,2975,ewma,test,pca_only,8,20,log_euclidean,0.01,0.00010069094454363147,4582.95017943176,840.649102451574,3227.1680196518682,1613.5840098259255,1195.5911124952945,5.096417965249759e-05,5.0963164899550876e-05,3.0434634652638437e-07,2.5828617056240986,0.0938494470857057,0.10327010789049054
2019-04-24,2975,ledoit_wolf,test,pca_only,8,20,log_euclidean,0.01,0.00010671031867526224,7913.9395622438715,1029.9752190683007,316.0164517515135,158.00822587575692,-277.57766166073145,3.204084376598766e-05,3.2039829013040943e-05,7.195506385647362e-06,1.5618725260468818,0.046031187568660085,0.03753679976105744
2019-04-24,2975,oas,test,pca_only,8,20,log_euclidean,0.01,9.713911264756428e-05,7483.0371870488325,869.2128238888752,335.6561458560508,167.82807292802576,-267.3864243518682,3.431704824528777e-05,3.431603349234106e-05,5.4883545812314e-06,1.8171577457005939,0.054292775450664306,0.050945410475840176
2019-04-24,2975,shrink,test,pca_only,8,20,log_euclidean,0.01,0.00010128322247246479,7111.031815128175,800.9207274568014,376.66867268825627,188.33433634412864,-247.67207728449603,2.6010750817260662e-05,2.6009736064313946e-05,4.027402007953204e-06,1.9143862164526493,0.10371624665431685,0.07704660590415041
2019-04-24,2975,persistence,test,pca_only,8,20,log_euclidean,0.01,0.00011585366347178175,3439.7668900964222,1165.9180899485668,7185.84390218911,3592.9219510945586,3211.4779563641455,3.467292331958059e-05,3.4671908566633875e-05,7.503520285235316e-08,1.498183250996896,0.043721629739473945,0.03342715827165925
2019-05-01,2980,D0_pca8,test,pca_only,8,20,log_euclidean,0.01,0.00014965705551751976,1934.179481700277,4557.148123494071,70485.95211882764,35242.97605941383,35630.81270067234,6.812791647476367e-05,6.81250256111242e-05,5.360839692938604e-08,3.4391254403188505,0.16481023588085092,0.21096266698991623
2019-05-01,2980,rolling,test,pca_only,8,20,log_euclidean,0.01,0.00010320840537344719,4748.842836792321,837.7535408691658,2964.84503438437,1482.4225171921914,1053.9512342914613,4.511243359568091e-05,4.510954273204145e-05,2.805882875273214e-07,2.4488551440840713,0.08588613136954745,0.0971961549691622
2019-05-01,2980,ewma,test,pca_only,8,20,log_euclidean,0.01,0.00012969541259467762,4560.107318876657,1176.856338825798,3024.8420713626533,1512.421035681333,1086.3991861680404,4.3978732413749025e-05,4.3975841550109565e-05,2.718528876849632e-07,2.41634137338451,0.08122405001938493,0.09425326905664339
2019-05-01,2980,ledoit_wolf,test,pca_only,8,20,log_euclidean,0.01,0.00012456335314016564,7886.212159560582,1248.8590697399677,312.45753411564135,156.22876705782102,-279.3075758616454,3.363831869779547e-05,3.363542783415601e-05,6.816397622535949e-06,1.537722799868182,0.04362939835304859,0.03664954153943236
2019-05-01,2980,oas,test,pca_only,8,20,log_euclidean,0.01,0.0001135778033929035,7472.50400723798,1072.1642224925322,329.4011288239452,164.70056441197272,-270.7471972552193,3.4056834078903906e-05,3.4053943215264445e-05,5.1998168360639496e-06,1.794688443883628,0.05018480650423825,0.04957713116523293
2019-05-01,2980,shrink,test,pca_only,8,20,log_euclidean,0.01,0.0001168829064793684,7109.048624065603,989.4545193362945,360.0228919544347,180.01144597721748,-255.84811195308043,2.9260263105767683e-05,2.925737224212822e-05,3.644137238835515e-06,1.8868612758291832,0.10135255878311872,0.07596014125984896
2019-05-01,2980,persistence,test,pca_only,8,20,log_euclidean,0.01,0.00015104009648778162,3498.92511998139,1581.0300224911707,6596.625642412707,3298.312821206374,2916.9115306586214,5.783255305658757e-05,5.782966219294811e-05,8.110902519509053e-08,1.5255306503856747,0.046513065883674126,0.03282678669376206
2019-05-08,2985,D0_pca8,test,pca_only,8,20,log_euclidean,0.01,0.0002972449753720031,1980.7840920992026,3809.6730269519926,90198.40551031467,45099.20275515733,45590.45753548483,0.00011744676660506635,0.00011744379628552351,6.813725037787176e-08,4.372705994734872,0.18144772000186385,0.33126964044384777
2019-05-08,2985,rolling,test,pca_only,8,20,log_euclidean,0.01,0.00017458561777081508,4742.518446884546,839.896971040694,2655.030684617607,1327.515342308811,895.6249336244131,4.8181174759946475e-05,4.8178204440403644e-05,3.106370673399364e-07,2.615432190713027,0.07177597143191398,0.10123584932091721
2019-05-08,2985,ewma,test,pca_only,8,20,log_euclidean,0.01,0.0001938900646521757,4573.73743757024,1047.323507357627,2669.1027406174467,1334.5513703087277,906.7068325218394,4.819121778095027e-05,4.818824746140744e-05,3.044637354014978e-07,2.5919325220677982,0.07194033694915246,0.09675298874941599
2019-05-08,2985,ledoit_wolf,test,pca_only,8,20,log_euclidean,0.01,0.0002223695254814104,7860.436381184245,1326.920008202138,297.7172548069815,148.85862740349052,-279.08322940404224,4.597697716269827e-05,4.597400684315544e-05,7.203010530096365e-06,1.6652700141853591,0.044880274535904215,0.04262293135447131
2019-05-08,2985,oas,test,pca_only,8,20,log_euclidean,0.01,0.00020361709091865304,7490.812547633487,1143.439524722817,311.09113465918347,155.5455673295918,-272.4291215896832,4.4609784646007794e-05,4.460681432646496e-05,5.539984810006282e-06,1.8889450192644868,0.048341541249431866,0.05414261693538841
2019-05-08,2985,shrink,test,pca_only,8,20,log_euclidean,0.01,0.0002086905801604705,7205.580259229089,1071.2854620102416,327.09680267470196,163.54840133735092,-265.74980608346334,4.047241534759463e-05,4.04694450280518e-05,4.1063586404383845e-06,2.018297472678404,0.11140558621789853,0.07597845716480633
2019-05-08,2985,persistence,test,pca_only,8,20,log_euclidean,0.01,0.0002500286953627768,3618.838674433234,1453.6959858187258,6200.737444736486,3100.3687223682327,2716.302251851691,6.665636012455457e-05,6.665338980501174e-05,1.1644352245273242e-07,1.652692292404738,0.06950362137164107,0.04214024078206078
2019-05-15,2990,D0_pca8,test,pca_only,8,20,log_euclidean,0.01,0.00019656496285896653,1917.092012014426,4600.916689684749,129651.64263931694,64825.82131965848,64277.13615199762,0.0001264585587179181,0.0001264550913258208,4.2748358765250733e-08,3.8934191476741127,0.19191225602217096,0.2664453630145098
2019-05-15,2990,rolling,test,pca_only,8,20,log_euclidean,0.01,8.970877601563107e-05,4629.717342522947,597.3473914155446,2668.7277165885353,1334.363858294268,888.3655537642459,4.5444350829101766e-05,4.544088343700446e-05,3.6304733896609596e-07,2.7545940863344702,0.08309926310196457,0.11651536072487922
2019-05-15,2990,ewma,test,pca_only,8,20,log_euclidean,0.01,8.395725730538046e-05,4468.983953130471,681.789616035775,2581.528702919069,1290.7643514595345,849.6101737507486,4.640205345981068e-05,4.6398586067713374e-05,3.774962509731674e-07,2.724377274724397,0.08069064546666409,0.11125227172383571
2019-05-15,2990,ledoit_wolf,test,pca_only,8,20,log_euclidean,0.01,0.00010509592520929566,7609.112908793786,728.6602362769937,312.61721412587326,156.3086070629364,-275.61030920596863,4.376595583341434e-05,4.3762488441317034e-05,7.0876378907703635e-06,1.9056645820734908,0.057622614880858396,0.05449187139300944
2019-05-15,2990,oas,test,pca_only,8,20,log_euclidean,0.01,9.702620006428551e-05,7203.622139550733,644.7994131694834,341.82907636144944,170.91453818072475,-261.2298268758238,4.3657998226497344e-05,4.3654530834400036e-05,5.140242648781845e-06,2.157801373362606,0.06402328395565929,0.0689228539476583
2019-05-15,2990,shrink,test,pca_only,8,20,log_euclidean,0.01,0.00010548597771351022,7218.363837602372,659.1966754005506,336.42269818708365,168.21134909354217,-265.00786245961297,4.5007869308806645e-05,4.500440191670934e-05,4.835103206709157e-06,2.0424307437878935,0.1258426358216118,0.08530645037576105
2019-05-15,2990,persistence,test,pca_only,8,20,log_euclidean,0.01,0.00011167824805701118,3515.355739069153,826.2615440907175,5126.409312924545,2563.204656462272,2123.7312305559185,5.6607759528205116e-05,5.660429213610781e-05,1.8176402183218013e-07,1.9053251296676046,0.06159955717646752,0.0575037941089864
2019-05-22,2995,D0_pca8,test,pca_only,8,20,log_euclidean,0.01,0.00018500898789877438,1847.392699173512,4269.922798503867,145904.3480570809,72952.17402854045,71173.26317231,7.971687557773699e-05,7.971410299262833e-05,1.9432198005497196e-08,3.4489191815509437,0.11391890109651741,0.1898263777456391
2019-05-22,2995,rolling,test,pca_only,8,20,log_euclidean,0.01,8.537045187139828e-05,4589.919038334443,600.6555254208902,2487.3293619042756,1243.6646809521437,800.5241280476689,4.995678880640857e-05,4.995401622129991e-05,3.294944605495495e-07,2.6407595010914364,0.0769551580510114,0.10612645050474044
2019-05-22,2995,ewma,test,pca_only,8,20,log_euclidean,0.01,7.958778710583428e-05,4421.699701860342,681.077396295617,2480.526356706936,1240.2631783534664,797.0657693960807,4.992056127314378e-05,4.991778868803512e-05,3.3468080148677816e-07,2.580516291978005,0.07833921780800751,0.10412733331203175
2019-05-22,2995,ledoit_wolf,test,pca_only,8,20,log_euclidean,0.01,0.00010054871513077721,7681.778108570654,743.5637731114066,308.0439951408147,154.02199757040742,-281.13652716767706,4.4229112925632413e-05,4.422634034052375e-05,6.871767897845546e-06,1.7968132580806948,0.046767428614166585,0.04827333316508673
2019-05-22,2995,oas,test,pca_only,8,20,log_euclidean,0.01,9.204857642251734e-05,7252.0037112397895,651.214415694926,331.1603878717392,165.58019393586932,-269.857943166167,4.52735570644967e-05,4.527078447938804e-05,4.943108678616982e-06,2.063185995863034,0.05229999847376623,0.0624111568708725
2019-05-22,2995,shrink,test,pca_only,8,20,log_euclidean,0.01,9.926850941117596e-05,7212.978343562147,658.776221068631,334.05032547198255,167.0251627359911,-268.8164124839628,4.388245433746316e-05,4.387968175235449e-05,4.1555983712604726e-06,2.0503281131004156,0.10475242790810863,0.08122601164987632
2019-05-22,2995,persistence,test,pca_only,8,20,log_euclidean,0.01,9.519192633574612e-05,3462.5461242517677,807.122043630706,4928.438413745182,2464.2192068725817,1986.5532585897613,5.159718549105175e-05,5.159441290594309e-05,1.7252555376123977e-07,1.834046511823579,0.06715023622115093,0.054302351014512334
2019-05-30,3000,D0_pca8,test,pca_only,8,20,log_euclidean,0.01,0.0001249985024256644,1913.8712807250283,5832.593255539059,78766.02540576019,39383.01270288008,37955.04966841626,7.670821034179559e-05,7.670389518965298e-05,4.584293813722999e-08,3.5000994646746175,0.14109902249444883,0.1967812670430848
2019-05-30,3000,rolling,test,pca_only,8,20,log_euclidean,0.01,6.866131689938477e-05,4605.842380938686,554.7411280988811,2306.5690023239954,1153.284501161998,678.5250982075428,4.942295833853119e-05,4.941864318638858e-05,4.786669187810927e-07,3.0647133610302233,0.11488911696133437,0.1435933244250431
2019-05-30,3000,ewma,test,pca_only,8,20,log_euclidean,0.01,7.091802726843709e-05,4422.120854930612,602.2218944061465,2331.446027494268,1165.723013747134,688.448054861417,4.593547985499516e-05,4.593116470285256e-05,4.798057788027302e-07,2.988366216129068,0.11683535804013447,0.14278032455188647
2019-05-30,3000,ledoit_wolf,test,pca_only,8,20,log_euclidean,0.01,6.746955289640811e-05,7663.899629238367,591.1366773676442,312.47406349759143,156.23703174879563,-284.04381065650455,4.28540217351284e-05,4.2849706582985795e-05,8.154823698225103e-06,1.9644539330452793,0.058198496103973825,0.05693883029045516
2019-05-30,3000,oas,test,pca_only,8,20,log_euclidean,0.01,6.530123435308862e-05,7302.901003992458,543.2702891455631,330.6594764558225,165.32973822791126,-275.5618872415399,4.4929358028689625e-05,4.492504287654702e-05,6.320107586047346e-06,2.2067781775089554,0.07121566862022372,0.07242574529007151
2019-05-30,3000,shrink,test,pca_only,8,20,log_euclidean,0.01,7.018988840619011e-05,7296.595766911951,557.408194588017,329.9604785997583,164.98023929987903,-275.9927484211462,4.221246474034198e-05,4.220814958819938e-05,5.371665144245739e-06,2.1615846475665723,0.14241189509797997,0.09878991538997085
2019-05-30,3000,persistence,test,pca_only,8,20,log_euclidean,0.01,9.627610216559441e-05,3324.2099771098174,875.8615955920322,4432.9830982148305,2216.4915491074244,1720.7295906498998,3.577619993601264e-05,3.577188478387004e-05,2.7818043754102325e-07,2.2489236426826738,0.12120603044185523,0.08616902233869879
2019-06-06,3005,D0_pca8,test,pca_only,8,20,log_euclidean,0.01,2014.9155844364434,2196.980305808136,7167.437909773869,191949894.14560178,95974947.07280089,90399593.86382714,0.16383572705415916,0.16381025851489728,5.100561732554897e-08,3.2544630882435692,0.15865256140940673,0.18040683213399505
2019-06-06,3005,rolling,test,pca_only,8,20,log_euclidean,0.01,2014.8940606181645,4932.4194023872515,926.7562513753791,8165857.802455391,4082928.9012276954,3844232.7426832267,0.2836404518882716,0.2836149833490097,5.904951100644777e-07,3.464378947995401,0.11845671496947979,0.1831623488323904
2019-06-06,3005,ewma,test,pca_only,8,20,log_euclidean,0.01,2014.8857118798835,4739.232947919185,1182.4078016542667,6462367.302423575,3231183.6512117875,3040754.969048073,0.2314380633244434,0.2314125947851815,7.133898831469882e-07,3.36693259265481,0.11511415907140189,0.17450911633661095
2019-06-06,3005,ledoit_wolf,test,pca_only,8,20,log_euclidean,0.01,2014.8947344540102,7511.242438096383,701.0903517965867,468606.73857994244,234303.36928997122,220446.2290941906,0.19455023789916087,0.19452476935989899,7.904300331643772e-06,2.3504177148806145,0.07463955805241425,0.08182696706431651
2019-06-06,3005,oas,test,pca_only,8,20,log_euclidean,0.01,2014.8947183389753,7384.809418200017,719.8130718055852,536610.7707540019,268305.38537700096,252460.05534783384,0.20302113919958492,0.20299567066032304,7.151588995969151e-06,2.4558476537316976,0.07899518514763491,0.08930042535287992
2019-06-06,3005,shrink,test,pca_only,8,20,log_euclidean,0.01,2014.896839664189,7521.1302734837245,699.9346724069075,697488.6180052966,348744.3090026482,328906.46106457687,0.37225080183503123,0.37222533329576935,6.864932977989945e-06,2.2838481280072376,0.09534009074378813,0.09925959440962925
2019-06-06,3005,persistence,test,pca_only,8,20,log_euclidean,0.01,2014.8842320074746,3647.8344525668417,1556.770786274848,9997759.966188649,4998879.983094324,4705356.257518992,0.23779860394102287,0.23777313540176098,3.4940767814451594e-07,2.3947456864403396,0.09053465772037818,0.09110843928894792
2019-06-13,3010,D0_pca8,test,pca_only,8,20,log_euclidean,0.01,2014.916031914946,2224.910519037773,7336.504900938607,181691300.65014952,90845650.32507476,85566280.65628979,0.23272509689246804,0.23270025560818708,4.3109330933114337e-08,3.1473212088632088,0.13133517564200706,0.162779490825647
2019-06-13,3010,rolling,test,pca_only,8,20,log_euclidean,0.01,2014.895056487528,4903.557783715359,864.5119718876097,8472867.017122695,4236433.508561348,3989478.337816243,0.3552813058749803,0.3552564645906993,6.121229873345192e-07,3.4049407791403348,0.12929071291966504,0.19301435571233716
2019-06-13,3010,ewma,test,pca_only,8,20,log_euclidean,0.01,2014.8930074027157,4697.076258928768,979.070507269501,6881497.271920382,3440748.635960191,3236615.242376109,0.30065999660317655,0.30063515531889556,6.677641569488764e-07,3.337945639216465,0.12749390084485868,0.18434475368003794
2019-06-13,3010,ledoit_wolf,test,pca_only,8,20,log_euclidean,0.01,2014.8957808239375,7537.6361022227775,664.7172359027421,449676.0539266376,224838.0269633188,211530.62592472957,0.16841932844323637,0.1683944871589554,8.183950943661695e-06,2.2358907926268112,0.07997666449266348,0.07824935982188672
2019-06-13,3010,oas,test,pca_only,8,20,log_euclidean,0.01,2014.8957540397616,7397.327900361914,681.5516235569826,522266.4771699977,261133.23858499885,245704.51000338435,0.1795694445640631,0.17954460327978214,7.3744707130013496e-06,2.3536905663374057,0.08534620812574226,0.08672809630854775
2019-06-13,3010,shrink,test,pca_only,8,20,log_euclidean,0.01,2014.8975754892247,7504.2284204343305,664.430662445649,682024.4417749312,341012.2208874656,321556.79483064904,0.35868630012989944,0.35866145884561845,6.970442305062503e-06,2.2416637907476495,0.11009733588247166,0.09600133763982634
2019-06-13,3010,persistence,test,pca_only,8,20,log_euclidean,0.01,2014.890283766892,3652.9139590363984,1155.7140014381248,11002165.470044022,5501082.735022011,5179041.60022044,0.15344578381515092,0.15342094253086996,3.295772286262127e-07,2.5182270319058793,0.07531668240274669,0.09284879923191591
2019-06-20,3015,D0_pca8,test,pca_only,8,20,log_euclidean,0.01,2014.9182201953715,2144.8588008121906,7474.223413603704,185348851.77790523,92674425.88895261,87284824.2930651,0.06115625364324942,0.06113200234665853,5.5254003796306146e-08,3.4766659808717026,0.177293675415149,0.20670494688547517
2019-06-20,3015,rolling,test,pca_only,8,20,log_euclidean,0.01,2014.8981751245724,4898.781908121245,947.1397465808978,9033833.213746088,4516916.606873044,4256389.112494906,0.3804282976008482,0.3804040463042573,7.231075822952243e-07,3.684310524473892,0.1357612413441524,0.22159449974954515
2019-06-20,3015,ewma,test,pca_only,8,20,log_euclidean,0.01,2014.9011067020567,4692.95005426356,978.44477693758,8429464.14094624,4214732.07047312,3968850.4217988327,0.30790060225858,0.3078763509619891,7.02606220050486e-07,3.5946069707564683,0.13146671741576602,0.21065905326388995
2019-06-20,3015,ledoit_wolf,test,pca_only,8,20,log_euclidean,0.01,2014.898536717382,7505.296273850699,727.9980624085113,490549.86957807495,245274.93478903748,230880.08035392774,0.17198766127013848,0.1719634099735476,8.28829841597264e-06,2.2300413322553303,0.08010123908638378,0.0791441162369372
2019-06-20,3015,oas,test,pca_only,8,20,log_euclidean,0.01,2014.89856156487,7380.017937277324,746.7095803919177,563377.2193160249,281688.60965801246,265189.58721417334,0.1813753203006524,0.1813510690040615,7.591167096088378e-06,2.339387365563347,0.08479641437043992,0.08704387491351559
2019-06-20,3015,shrink,test,pca_only,8,20,log_euclidean,0.01,2014.9005046464404,7515.005928844059,711.7487917841556,825942.0168153525,412971.00840767624,389932.30155505764,0.5008780232625337,0.5008537719659428,7.360714160828817e-06,2.163316434320287,0.12164270805597781,0.09408329416688863
2019-06-20,3015,persistence,test,pca_only,8,20,log_euclidean,0.01,2014.8930820438284,3643.9535606688896,1178.6922212442191,11487131.86816594,5743565.93408297,5407349.036112047,0.1526961547271355,0.1526719034305446,3.061934457388401e-07,2.5218721302840974,0.07779149836581704,0.09025108450170587
2019-06-27,3020,D0_pca8,test,pca_only,8,20,log_euclidean,0.01,2014.9221511544652,2155.042030329682,7179.40397716755,150267288.7199939,75133644.35999694,70739051.85332236,0.020468457302552645,0.020439992380061098,8.566849826776318e-08,3.7427230592337946,0.17793844185430716,0.24087594358516734
2019-06-27,3020,rolling,test,pca_only,8,20,log_euclidean,0.01,2014.9046437107522,5034.705524127657,886.1088949943371,8688271.399770482,4344135.699885241,4092730.6356465435,0.5862241488183142,0.5861956838958227,1.0254508070647249e-06,4.371599738970991,0.13096642751167026,0.30720809606518423
2019-06-27,3020,ewma,test,pca_only,8,20,log_euclidean,0.01,2014.9099120412145,4812.90344153065,907.3343938143106,9210036.232154395,4605018.116077198,4337813.421503151,0.44364515812227917,0.44361669319978764,9.627247640868558e-07,4.342443040148922,0.1271807541105042,0.306463396728766
2019-06-27,3020,ledoit_wolf,test,pca_only,8,20,log_euclidean,0.01,2014.9047797391347,7564.624743188237,685.0070933931661,478042.99349496653,239021.49674748327,224994.31325442455,0.2216145428392017,0.22158607791671017,1.0583621297092184e-05,2.399240203090391,0.08421201443467066,0.0882591093314481
2019-06-27,3020,oas,test,pca_only,8,20,log_euclidean,0.01,2014.904832854323,7447.046151979001,700.3241194503255,544754.2688401464,272377.1344200732,256422.33671468357,0.23856300361660893,0.2385345386941174,9.858754916819025e-06,2.5333408302965816,0.08845365237761325,0.0982946834307508
2019-06-27,3020,shrink,test,pca_only,8,20,log_euclidean,0.01,2014.9068664708016,7570.373630631361,676.341519310394,792439.3284058587,396219.66420292936,374096.1852375753,0.49371825063084945,0.4936897857083579,9.653344689581941e-06,2.284492264416275,0.12046163480996554,0.10610952397839182
2019-06-27,3020,persistence,test,pca_only,8,20,log_euclidean,0.01,2014.9056919271566,3660.2748426151766,1064.3144670988113,12486423.563468628,6243211.781734314,5876788.824112934,0.1098148371732361,0.10978637225074456,3.5379383796106104e-07,2.771329978307757,0.0847121627538356,0.11518118256710126
2019-07-05,3025,D0_pca8,test,pca_only,8,20,log_euclidean,0.01,0.00018209316997172068,1991.6592158264698,7765.835444782233,52900.56015810362,26450.280079051827,25522.742450764286,0.0001140328098134719,0.00011403145917801834,7.957534778285719e-08,3.026349106726486,0.1160853186396153,0.1523662537513209
2019-07-05,3025,rolling,test,pca_only,8,20,log_euclidean,0.01,72.85974696041697,5062.742932474001,1001.5130944358987,382.8342603178194,191.41713015889582,-236.32755592459498,1.6263572871442737e-05,1.626222223598917e-05,3.680631988508648e-05,1.266125047877432,0.0439986924165806,0.026071319353493667
2019-07-05,3025,ewma,test,pca_only,8,20,log_euclidean,0.01,719.4854278818689,4864.675602851828,1024.6089420594692,469.7818999352885,234.89094996766704,-192.63126996843727,2.613999691052992e-05,2.6138646275076355e-05,4.816930783185659e-05,1.0598291445498544,0.02124979057950531,0.013876465709721187
2019-07-05,3025,ledoit_wolf,test,pca_only,8,20,log_euclidean,0.01,0.8723618190629826,20873.641478202455,1060.254426640956,788.0243802754238,394.0121901377115,-33.39063997844994,4.747493869086349e-05,4.747358805540992e-05,0.0008455637587634259,1.0,0.01063974845838649,0.010460271734125684
2019-07-05,3025,oas,test,pca_only,8,20,log_euclidean,0.01,64.57598809868202,13477.584800616976,998.5918011936576,491.8210825417898,245.9105412708978,-181.5799078142907,2.517406358698423e-05,2.5172712951530663e-05,8.879873829256532e-05,1.035610519688977,0.0266365596247298,0.014464135717815983
2019-07-05,3025,shrink,test,pca_only,8,20,log_euclidean,0.01,41.937413419215076,8719.308650811625,792.6539101253898,412.24330614966084,206.1216530748305,-221.61519877678975,1.653226494977125e-05,1.6530914314317684e-05,3.031235266287992e-05,1.1751615631970362,0.03716807916466976,0.022144222900431935
2019-07-05,3025,persistence,test,pca_only,8,20,log_euclidean,0.01,2014.902994997645,3810.162730225608,1151.4990983931423,515.8027194419441,257.90135972096726,-169.57416769897014,4.03579707293625e-05,4.035662009390893e-05,5.3428104473047825e-05,1.0093528633438347,0.013542105631529222,0.010930630963094101
2019-07-12,3030,D0_pca8,test,pca_only,8,20,log_euclidean,0.01,0.00030061800458236015,1942.8097214333366,4731.39772983113,79541.83183837158,39770.91591918578,38667.11031736836,0.0001448212320488297,0.0001448187811545328,4.326135646905424e-08,2.7437283744833803,0.13294077467760343,0.13057111662068682
2019-07-12,3030,rolling,test,pca_only,8,20,log_euclidean,0.01,302.94142659434726,4957.456000681596,748.7131899291462,419.63386291510665,209.81693145755872,-210.37639547272852,6.156549185757358e-05,6.156304096327668e-05,4.7234253300382624e-05,1.1750532465474253,0.031189703799181366,0.019439948044085078
2019-07-12,3030,ewma,test,pca_only,8,20,log_euclidean,0.01,1647.7720763481557,4786.797035612421,915.0500322311525,493.07613653902206,246.53806826952354,-173.57370261169376,0.00010606396741814463,0.00010606151652384774,5.549051595210503e-05,1.0106345949334152,0.01478754716408939,0.011180200095516185
2019-07-12,3030,ledoit_wolf,test,pca_only,8,20,log_euclidean,0.01,79.33919767039448,21077.22394380686,1756.3961840021002,780.1969137184311,390.0984568592153,-29.955732784327108,0.00012159800183564344,0.00012159555094134654,0.0009227628026267395,1.0025809629708449,0.011207419524726876,0.010648515986879938
2019-07-12,3030,oas,test,pca_only,8,20,log_euclidean,0.01,268.53977940303764,14976.52215678112,1678.4001957582786,540.9807152579797,270.49035762899297,-149.59387484774132,9.388193344032187e-05,9.387948254602498e-05,0.0001335989906373108,1.0123309463468502,0.020313950867209767,0.01220416387397128
2019-07-12,3030,shrink,test,pca_only,8,20,log_euclidean,0.01,174.36860395662436,8774.135336791092,806.9135875931265,450.0813626051554,225.04068130257738,-195.14329271145945,6.989882244280767e-05,6.989637154851077e-05,4.141522862056879e-05,1.0940352624796088,0.02742354035756719,0.016629169511434002
2019-07-12,3030,persistence,test,pca_only,8,20,log_euclidean,0.01,2014.8768969451778,3786.565321534306,1288.6223586568603,502.5135883926953,251.25679419631433,-168.84666946465023,0.00011696383597376738,0.00011696138507947049,5.116770321908082e-05,1.0062345845652456,0.01382918430375877,0.010749982518750574
2019-07-19,3035,D0_pca8,test,pca_only,8,20,log_euclidean,0.01,0.0005087344208982096,2094.7288929604965,3383.260842599946,37687.92669356533,18843.963346782668,18301.175547605893,0.0001478552897885989,0.0001478515390945004,1.0710738347644732e-07,2.7818580228279277,0.11420467425302722,0.1318909470604342
2019-07-19,3035,rolling,test,pca_only,8,20,log_euclidean,0.01,302.9342183749502,5025.787927213025,1012.261322211633,403.04089809133865,201.52044904567504,-209.30673970718166,0.00011964283456626488,0.0001196390838721664,4.392505603471124e-05,1.1624254934257245,0.030921812784817565,0.0186320985273724
2019-07-19,3035,ewma,test,pca_only,8,20,log_euclidean,0.01,887.4974481839014,4847.296837994862,1380.494040616275,449.4374272267286,224.7187136133613,-186.08003732520507,0.00018150608058818923,0.00018150232989409075,4.3544162038891353e-05,1.015000842686202,0.023885211104914105,0.011803348737050029
2019-07-19,3035,ledoit_wolf,test,pca_only,8,20,log_euclidean,0.01,79.33391077286349,21059.880961739036,2549.7485623352104,761.6814988937559,380.8407494468783,-29.89783546581622,0.000217077456292191,0.00021707370559809251,0.000919377831793762,1.0026824530324663,0.011176054937924914,0.010647952039215789
2019-07-19,3035,oas,test,pca_only,8,20,log_euclidean,0.01,268.53406459850925,14959.865123147967,2455.235913741151,523.1308496069286,261.5654248034625,-149.1926396392321,0.0001740259489953701,0.0001740221983012716,0.0001287901874668207,1.011464932712406,0.0196270288764299,0.012045745750778991
2019-07-19,3035,shrink,test,pca_only,8,20,log_euclidean,0.01,174.36318864832486,8715.983983097209,1241.9465117206194,433.9118106239164,216.955905311958,-193.8612184582618,0.00013544216595924423,0.00013543841526514574,3.900943335799228e-05,1.0784000048876234,0.027052262249438137,0.01598013664649683
2019-07-19,3035,persistence,test,pca_only,8,20,log_euclidean,0.01,2014.8613749051246,3837.3077815216584,1851.7449760459237,486.431426111737,243.215713055877,-167.5519757173301,0.00022044912243917637,0.00022044537174507788,4.785279202180903e-05,1.0031301534113946,0.010702925269007192,0.010655553989772613
2019-07-26,3040,D0_pca8,test,pca_only,8,20,log_euclidean,0.01,0.0006845099097839934,2051.3815963217967,2592.625655877295,32771.56872660248,16385.78436330125,15932.622816458595,0.0001874673598941172,0.00018746377789968213,1.0845883636632943e-07,2.6339275629363677,0.10819880545083012,0.11659345654322341
2019-07-26,3040,rolling,test,pca_only,8,20,log_euclidean,0.01,302.9303864016992,4993.466440321015,1737.3724779723702,400.80788305568507,200.40394152783736,-208.4776336356871,0.00017062238908568112,0.00017061880709124606,3.9090483534420606e-05,1.114195602509071,0.02517108210384316,0.01621117545689313
2019-07-26,3040,ewma,test,pca_only,8,20,log_euclidean,0.01,478.0115400420766,4823.909820246137,2033.23832798102,420.7126140464403,210.35630702320492,-198.4951238990641,0.00020452502753448093,0.00020452144554004587,3.586182978359269e-05,1.032240554805687,0.02254430086594238,0.013067001975385788
2019-07-26,3040,ledoit_wolf,test,pca_only,8,20,log_euclidean,0.01,79.33153879682787,21087.611355857778,3336.868133471091,758.0631122885012,379.0315561442506,-29.873228969809855,0.00026162173011682515,0.0002616181481223901,0.0009113408058848055,1.0027274451625858,0.01106405340836299,0.0106461049134565
2019-07-26,3040,oas,test,pca_only,8,20,log_euclidean,0.01,268.5319723470277,14985.217107351862,3248.810984064866,519.9302919954638,259.96514599773286,-148.91412532346854,0.00022436736277126995,0.0002243637807768349,0.00011820203300281307,1.011977728753636,0.016826317003557224,0.011605526859224514
2019-07-26,3040,shrink,test,pca_only,8,20,log_euclidean,0.01,174.36107356896875,8728.48935939468,2034.8146150018151,432.14887029998636,216.0744351499934,-192.7682983008708,0.00018606523901516694,0.00018606165702073188,3.3964345440530105e-05,1.049284571902745,0.022743285413228672,0.014307140225005874
2019-07-26,3040,persistence,test,pca_only,8,20,log_euclidean,0.01,2014.8570569011258,4013.8418557564264,2371.7820694390284,483.6450208180851,241.8225104090411,-166.97131552268237,0.00026447750299537825,0.0002644739210009432,4.7853221186845346e-05,1.0031323058723838,0.01070299694517541,0.010655581074896331
2019-08-02,3045,D0_pca8,test,pca_only,8,20,log_euclidean,0.01,0.0009811545915668126,1864.271998998698,1198.3113699259297,102511.25133686983,51255.625668434914,49359.61530524594,0.00010410640863255718,0.00010410307724468718,1.991982936278276e-08,2.899882727330483,0.11935948453496437,0.14617480086040094
2019-08-02,3045,rolling,test,pca_only,8,20,log_euclidean,0.01,302.9300150699898,5025.127586927632,2526.836900999093,418.73065380730736,209.36532690363555,-212.20338678343478,0.00018796863168044146,0.00018796530029257147,3.967405523798759e-05,1.0970942902348526,0.024542892445888094,0.01628753480719957
2019-08-02,3045,ewma,test,pca_only,8,20,log_euclidean,0.01,257.45993827424365,4827.596980004652,3145.2922858871034,415.5862912353306,207.79314561765665,-213.83790204443002,0.00021744908487591845,0.00021744575348804846,3.0876189523889204e-05,1.0840639550004507,0.023730104078864975,0.015201364291021981
2019-08-02,3045,ledoit_wolf,test,pca_only,8,20,log_euclidean,0.01,79.33367264334491,21142.613052226494,4422.768574019453,782.9394726318396,391.46973631591976,-29.93625891117249,0.0002808293811086334,0.0002808260497207634,0.0009134805302144955,1.0027144562922357,0.011055355664537778,0.010647138058899493
2019-08-02,3045,oas,test,pca_only,8,20,log_euclidean,0.01,268.52604406697793,15014.8800275258,4316.216720725006,543.5011004273011,271.7505502136551,-149.70808482017628,0.00024127090577353934,0.00024126757438566935,0.0001201085579710128,1.0116005605373546,0.01689446455341772,0.011716962160425731
2019-08-02,3045,shrink,test,pca_only,8,20,log_euclidean,0.01,174.3605415147169,8789.09226263208,2918.9012676394095,449.7395916228636,224.8697958114322,-196.7198279826413,0.00020230121845377932,0.00020229788706590933,3.390982103326566e-05,1.03826012055057,0.022371136077991682,0.014574452458587399
2019-08-02,3045,persistence,test,pca_only,8,20,log_euclidean,0.01,0.0008677438434103494,3586.68450825263,3359.765780488267,4659.75606206251,2329.8780310312395,1850.9212412354136,0.0001840444050082573,0.00018404107362038732,1.5843242526456204e-07,1.6960706038813573,0.04491890086397253,0.04097487864125745
2019-08-09,3050,D0_pca8,test,pca_only,8,20,log_euclidean,0.01,0.00041183126049918243,2048.705853426889,2637.5681007053518,12733.427557360657,6366.713778680336,5801.392335873258,7.533210587578536e-05,7.53280127398484e-05,1.6526453420812825e-07,2.445353789975594,0.09063742463395875,0.10518897056454754
2019-08-09,3050,rolling,test,pca_only,8,20,log_euclidean,0.01,302.9421828724167,5077.193725995605,1530.5929487211529,422.12756530223123,211.0637826511326,-212.93335036328358,0.00013380937473920514,0.00013380528160326818,5.068168672588716e-05,1.184237952163297,0.02905771578010837,0.019686130881721928
2019-08-09,3050,ewma,test,pca_only,8,20,log_euclidean,0.01,138.6803595221912,4863.104149496618,1311.287443175041,391.7652487975085,195.8826243987381,-228.1331197285791,0.00010079068480339584,0.00010078659166745888,5.00363576758677e-05,1.355266343514265,0.05388972519505249,0.030657284952800335
2019-08-09,3050,ledoit_wolf,test,pca_only,8,20,log_euclidean,0.01,79.34173695458153,21135.71956359473,3569.8217681670358,787.7905785090903,393.8952892545452,-29.93619023878292,0.000235445667406694,0.00023544157427075703,0.0009246481750024875,1.0028175718771506,0.011167259232282095,0.010648528435321119
2019-08-09,3050,oas,test,pca_only,8,20,log_euclidean,0.01,268.5333891209921,15006.782860906507,3442.130648791207,548.1409600906692,274.0704800453385,-149.81551805287296,0.0001862232953033227,0.00018621920216738575,0.00013683025780425462,1.0207867180195844,0.019666383361704943,0.01217849067483865
2019-08-09,3050,shrink,test,pca_only,8,20,log_euclidean,0.01,174.36882194610052,8906.700906568114,1918.2761209802984,452.75487658396185,226.3774382919808,-197.64181844631858,0.0001435839509575211,0.00014357985782158415,4.310362614662064e-05,1.1044848247199963,0.02572291994689252,0.01674081143970745
2019-08-09,3050,persistence,test,pca_only,8,20,log_euclidean,0.01,0.000447369113285752,3441.595891463093,1250.5611892427446,2968.534244961407,1484.267122480695,1035.1178729342128,6.972690736381877e-05,6.972281422788181e-05,3.4749090578941517e-07,2.172267383771328,0.08865481776448943,0.07571414282938173
2019-08-16,3055,D0_pca8,test,pca_only,8,20,log_euclidean,0.01,0.0001634657604869495,1984.6454283770097,4523.94481353305,15761.388830665579,7880.694415332793,7338.511370614234,7.011709256256968e-05,7.011489035841005e-05,1.3259174882164995e-07,2.4315290114468207,0.09712860497682445,0.10343282785607147
2019-08-16,3055,rolling,test,pca_only,8,20,log_euclidean,0.01,302.94798748485897,5025.26756706759,764.8016426422795,436.7354154058198,218.3677077029148,-213.0263664302206,5.0421946523706375e-05,5.0419744319546745e-05,5.9649334211682374e-05,1.212637282237203,0.03506195179230932,0.021685237436226135
2019-08-16,3055,ewma,test,pca_only,8,20,log_euclidean,0.01,74.69930704450084,4787.791027573567,733.1938555402762,382.92038944390896,191.4601947219228,-240.04138796350534,2.6326437226682802e-05,2.6324235022523172e-05,5.630327693815237e-05,1.694281951648557,0.06521651004241423,0.04594039689405166
2019-08-16,3055,ledoit_wolf,test,pca_only,8,20,log_euclidean,0.01,79.34496322443445,21117.8642653755,2143.188662671173,802.6699847088672,401.33499235443384,-29.97221290504575,0.0001282678540307105,0.00012826565182655087,0.0009332979673007408,1.0028214492330274,0.011299788956653964,0.010649936285691965
2019-08-16,3055,oas,test,pca_only,8,20,log_euclidean,0.01,268.5384548500448,14996.08883059452,2034.170778662042,562.5690050586588,281.284502529326,-150.0365769975957,8.990051055927765e-05,8.989830835511802e-05,0.0001495597864698278,1.0214663483372315,0.021740920649527828,0.012537312526054467
2019-08-16,3055,shrink,test,pca_only,8,20,log_euclidean,0.01,174.37219942884113,8887.857862919225,900.927466462741,466.74996269054543,233.37498134527232,-197.9959859324585,5.935134472024182e-05,5.934914251608219e-05,5.003621423727726e-05,1.1213983783449408,0.030015680211416394,0.01819902722231856
2019-08-16,3055,persistence,test,pca_only,8,20,log_euclidean,0.01,0.0003031407764167565,3366.9488963216727,814.3615415094193,2486.338624334785,1243.1693121674027,782.487317328614,2.9600476236839587e-05,2.9598274032679957e-05,5.638249586390291e-07,2.4938924481726694,0.1020630369132844,0.09923476646674977
2019-08-23,3060,D0_pca8,test,pca_only,8,20,log_euclidean,0.01,0.0001638473917527859,1938.5784027508719,6727.592323757724,68357.30341883331,34178.65170941665,32600.888935384468,4.7779377120246494e-05,4.777779670347551e-05,5.8455836968920325e-08,3.408052502679514,0.13564447403994317,0.1892504495561059
2019-08-23,3060,rolling,test,pca_only,8,20,log_euclidean,0.01,302.95709978396377,5053.705961823982,867.6164318358676,448.0959578958658,224.04797894794063,-212.96628754736201,2.088273907537859e-05,2.0881158658607603e-05,6.37293183283554e-05,1.2593235994214655,0.03913483123807468,0.023296647220824595
2019-08-23,3060,ewma,test,pca_only,8,20,log_euclidean,0.01,40.237279971397186,4816.257327718546,1184.5315464784005,373.7655622870609,186.8827811435206,-250.3556617461892,1.9375679595081836e-05,1.937409917831085e-05,4.327355967474667e-05,1.7267604276080537,0.06944936827869065,0.049463353606504896
2019-08-23,3060,ledoit_wolf,test,pca_only,8,20,log_euclidean,0.01,79.35078476764556,21125.70640396606,1394.0776880943981,813.7145729250456,406.85728646252306,-29.992101837988923,6.51761123631905e-05,6.517453194641951e-05,0.0009386332536417824,1.0028157038190997,0.011404075805210542,0.010651088170748137
2019-08-23,3060,oas,test,pca_only,8,20,log_euclidean,0.01,268.54574136908406,15005.903537625287,1315.583561434016,573.5504628994263,286.775231449718,-150.10398813786964,3.8497971949172656e-05,3.849639153240167e-05,0.0001566041664534679,1.0234672882395572,0.023518722511146128,0.012849503869980822
2019-08-23,3060,shrink,test,pca_only,8,20,log_euclidean,0.01,174.3785531289425,8929.95338725666,719.0160668201347,477.8738941176987,238.9369470588494,-198.05523017577576,2.2880970962199512e-05,2.2879390545428526e-05,5.385783525057622e-05,1.1520994060101102,0.03339640170053748,0.019267403080581995
2019-08-23,3060,persistence,test,pca_only,8,20,log_euclidean,0.01,0.0006701327480463494,3420.5871506808035,2011.5270812792883,2452.405698968063,1226.2028494840365,753.2253459023086,3.27817651617549e-05,3.278018474498392e-05,6.12952584164056e-07,2.4439557480614194,0.10889619079302351,0.10087234334511436
2019-08-30,3065,D0_pca8,test,pca_only,8,20,log_euclidean,0.01,0.0001493445029685984,2010.8504195601806,7562.791204982017,23603.058935756668,11801.52946787835,10979.21057727612,8.462614036108479e-05,8.462554186605648e-05,8.982521873774068e-08,2.435513836988661,0.09035219045771865,0.10000098322170643
2019-08-30,3065,rolling,test,pca_only,8,20,log_euclidean,0.01,302.9620551186952,5033.664240206655,1176.080354712824,447.7442039542433,223.8721019771706,-212.80102667533646,1.7341112462427245e-05,1.734051396739894e-05,7.419348407454572e-05,1.3352625749699283,0.0492832351130571,0.0267324621847186
2019-08-30,3065,ewma,test,pca_only,8,20,log_euclidean,0.01,21.67493197826182,4798.552766521273,1732.4419237302627,355.39576681109,177.69788340554436,-259.39131937827676,2.651091550688027e-05,2.6510317011851965e-05,3.664250031017885e-05,1.9028770605287466,0.09507309774456343,0.06181998634537548
2019-08-30,3065,ledoit_wolf,test,pca_only,8,20,log_euclidean,0.01,79.35379305692425,21123.8466219165,1270.5592660679083,812.9820552107526,406.4910276053762,-29.98319209431579,5.9642016736729504e-05,5.96414182417012e-05,0.0009512860091586457,1.0027662903924062,0.011682928528211131,0.010653696365004253
2019-08-30,3065,oas,test,pca_only,8,20,log_euclidean,0.01,268.5473393184712,15009.20915699238,1191.3105021015404,572.927782555004,286.46389127750916,-150.05824112931194,3.08683123925393e-05,3.0867713897511e-05,0.00017385969100474144,1.0354658617774508,0.028231403995356057,0.013510494724299217
2019-08-30,3065,shrink,test,pca_only,8,20,log_euclidean,0.01,174.38257933431214,9069.672089624102,832.3903250213975,477.6413577531099,238.82067887655523,-197.84449361080323,1.7259806085454467e-05,1.7259207590426164e-05,6.279785631994895e-05,1.2106942755737309,0.04212141789187885,0.021648243069984884
2019-08-30,3065,persistence,test,pca_only,8,20,log_euclidean,0.01,0.0007033841778345976,3362.5466619153676,3056.6454928284693,3277.6384713039324,1638.8192356519844,1148.5600916533303,2.81918839368933e-05,2.8191285441864997e-05,5.036962310766831e-07,2.514278137459305,0.12149699763386253,0.10392680373480133
2019-09-09,3070,D0_pca8,test,pca_only,8,20,log_euclidean,0.01,0.00015730256078161245,2032.8623748488903,6215.341318240035,13658.863639255482,6829.431819627751,6183.786422235751,6.585977802897043e-05,6.585854828660213e-05,1.45525978440958e-07,2.470791853478025,0.08682989669168246,0.10104954463672877
2019-09-09,3070,rolling,test,pca_only,8,20,log_euclidean,0.01,302.958209617804,5038.946779790231,1087.950118651912,454.08145134625886,227.04072567312045,-212.95706596355075,4.431782199256232e-05,4.4316592250194024e-05,7.297108839500214e-05,1.34412273223325,0.05230250212301221,0.027433943839694604
2019-09-09,3070,ewma,test,pca_only,8,20,log_euclidean,0.01,11.67389193461003,4777.7325828792245,1378.8825302995888,346.4229463890497,173.21147319451438,-267.4647327003046,4.4414445923678745e-05,4.441321618131045e-05,2.707286339114049e-05,1.8668400299404464,0.09519811161767348,0.060837328545166096
2019-09-09,3070,ledoit_wolf,test,pca_only,8,20,log_euclidean,0.01,79.35285728109625,21122.240998621317,1281.2448727123185,819.5650550795609,409.7825275397807,-29.99452667687918,6.04549758159821e-05,6.045374607361381e-05,0.0009553236164593163,1.0028724742234711,0.011860696018743351,0.010656867967300072
2019-09-09,3070,oas,test,pca_only,8,20,log_euclidean,0.01,268.54280666427087,15007.109174877334,1195.2595139860284,579.3639632399576,289.68198161996816,-150.14629895096627,4.6953017243069774e-05,4.695178750070148e-05,0.000175050576882793,1.045175330421789,0.03022879610445882,0.014072297456266925
2019-09-09,3070,shrink,test,pca_only,8,20,log_euclidean,0.01,174.3797253418434,9082.8574465585,753.1685980042078,483.94380170390343,241.9719008519518,-198.02260163477135,4.312894249029111e-05,4.312771274792282e-05,6.230901963426695e-05,1.222499633238424,0.04509720758077105,0.02245629374009513
2019-09-09,3070,persistence,test,pca_only,8,20,log_euclidean,0.01,0.0005871780751645233,3303.8520597897896,1871.96102478389,3428.6739056739607,1714.3369528369876,1215.780037432746,6.165157738869916e-05,6.165034764633087e-05,4.786552284610702e-07,2.488720691201798,0.12437339353640343,0.10470102170117539
2019-09-16,3075,D0_pca8,test,pca_only,8,20,log_euclidean,0.01,0.00010910999651687079,1792.2813030335576,4294.650614595559,50184.3413059382,25092.1706529691,24105.319303017575,4.90942733789992e-05,4.909280144388031e-05,7.261586695141727e-08,3.9411281855015043,0.18490848812280378,0.2629300974141384
2019-09-16,3075,rolling,test,pca_only,8,20,log_euclidean,0.01,72.59997882917457,4945.548642878322,764.4125283075794,402.11209785369,201.0560489268184,-243.8418059813183,4.667584930239985e-05,4.667437736728096e-05,4.702652162271276e-05,1.537020028956068,0.06609714998630994,0.03974588407248578
2019-09-16,3075,ewma,test,pca_only,8,20,log_euclidean,0.01,1.6681128148452578,4706.076574089702,809.5939067195627,319.9570480604892,159.97852403024868,-285.640446043211,4.264938390341103e-05,4.264791196829214e-05,1.3071282751240069e-05,2.213755795562981,0.1018023490035571,0.08011573567380514
2019-09-16,3075,ledoit_wolf,test,pca_only,8,20,log_euclidean,0.01,0.8726864243559467,20934.324585324408,1928.9633807598252,822.6567054099726,411.3283527049862,-33.486047346598085,8.998557910311344e-05,8.998410716799456e-05,0.0008468739559990727,0.9999999999999999,0.010658126761600172,0.010445893233997318
2019-09-16,3075,oas,test,pca_only,8,20,log_euclidean,0.01,64.33946997822565,13495.535285037564,1684.8619351930406,523.4054620826322,261.70273104132343,-183.12946424586136,5.409043088783473e-05,5.408895895271584e-05,0.00011844037022764147,1.1582256274097709,0.041050192977939715,0.01891256068331197
2019-09-16,3075,shrink,test,pca_only,8,20,log_euclidean,0.01,41.7879906856524,8940.67117763669,750.3209374257463,431.7229400484233,215.86147002421183,-229.03702944319633,4.7092559693858116e-05,4.709108775873923e-05,4.0883452877440865e-05,1.4220552228667613,0.057963378143515126,0.033315275154879656
2019-09-16,3075,persistence,test,pca_only,8,20,log_euclidean,0.01,0.00012814614898411575,3275.796045615464,824.9346625079876,3181.2864771540007,1590.6432385769958,1097.7514286827065,4.795861253580819e-05,4.79571406006893e-05,2.953433225681435e-07,2.274923689816004,0.10197076887231583,0.07966883810463657
2019-09-23,3080,D0_pca8,test,pca_only,8,20,log_euclidean,0.01,0.00011266172004774872,1821.613403926121,4109.077169797501,45590.74026321488,22795.370131607444,21699.77683323509,4.484730152127561e-05,4.484600451818538e-05,5.333077252687956e-08,3.080713619506718,0.1449961925336664,0.1647412276917413
2019-09-23,3080,rolling,test,pca_only,8,20,log_euclidean,0.01,0.00012358361273664796,4685.149815773129,698.5272311402018,1406.1325035842597,703.0662517921287,238.47043362876803,4.030590716373603e-05,4.0304610160645796e-05,1.6030669664497059e-06,4.516861909501478,0.15594910865540618,0.3254047277617278
2019-09-23,3080,ewma,test,pca_only,8,20,log_euclidean,0.01,0.0001182078916397153,4489.702026800471,822.373528310267,1533.7457742172437,766.8728871086213,300.5775381153577,3.1984895880626056e-05,3.198359887753582e-05,1.3525790576388423e-06,4.246418348071287,0.1504613313522285,0.27901655731150443
2019-09-23,3080,ledoit_wolf,test,pca_only,8,20,log_euclidean,0.01,7.489433640612544e-05,7490.063243327351,728.6034720969187,315.02580559956715,157.51290279978406,-292.4478469394385,2.7712272085522178e-05,2.7710975082431946e-05,1.2147116345823747e-05,2.488270668280462,0.09732917822320426,0.101425880853954
2019-09-23,3080,oas,test,pca_only,8,20,log_euclidean,0.01,8.38655884818102e-05,7234.620645740375,703.3100553854583,327.4746701383229,163.73733506916176,-286.58437129743527,2.84420998155116e-05,2.8440802812421368e-05,1.029044494372723e-05,2.704641573532187,0.10054865701083396,0.11835073618436859
2019-09-23,3080,shrink,test,pca_only,8,20,log_euclidean,0.01,6.315645833574038e-05,7681.126033412918,783.2875843632958,313.0433580887423,156.5216790443711,-293.25881670905244,2.221315594198111e-05,2.2211858938890877e-05,1.3673004693798714e-05,2.2979086282227925,0.1272995174929248,0.11358356269801075
2019-09-23,3080,persistence,test,pca_only,8,20,log_euclidean,0.01,0.00012866645417430165,3385.7073039589245,1397.018569985813,3466.667735949131,1733.3338679745625,1238.1817303239059,3.540890478946985e-05,3.540760778637962e-05,1.7295739734718289e-07,1.815976621712654,0.07176691853869907,0.05309311589342592
2019-09-30,3085,D0_pca8,test,pca_only,8,20,log_euclidean,0.01,0.00014475329471135267,1963.2430065930762,4787.163620515348,119466.8179798581,59733.40898992903,57873.97992132055,6.460711221966691e-05,6.460594666504951e-05,3.918817394857715e-08,3.937065906710244,0.1767887975107696,0.24932954699783036
2019-09-30,3085,rolling,test,pca_only,8,20,log_euclidean,0.01,0.00016229127760767554,4757.740372020065,763.8006913540434,2134.639207781309,1067.3196038906494,600.1646801314913,6.397105275943426e-05,6.396988720481687e-05,1.44122027977659e-06,4.245917606734698,0.14855923375735824,0.30121164075384455
2019-09-30,3085,ewma,test,pca_only,8,20,log_euclidean,0.01,0.0001034818078991589,4543.692753909969,795.1218242603184,2599.100987529004,1299.5504937644973,826.0681432548988,4.241112290970394e-05,4.240995735508654e-05,1.1334510969816962e-06,4.0566239117380585,0.12683393244368796,0.26365807850037604
2019-09-30,3085,ledoit_wolf,test,pca_only,8,20,log_euclidean,0.01,0.00010813403752484122,7452.707652107978,668.8470087534132,351.33472057540894,175.66736028770453,-263.8424615275882,3.7488332883989136e-05,3.748716732937174e-05,1.1403994480567858e-05,2.4528938459336675,0.10437020179632599,0.10274963444294867
2019-09-30,3085,oas,test,pca_only,8,20,log_euclidean,0.01,0.0001184792100227535,7201.045374280059,674.4682189975948,381.7591361244587,190.87956806222974,-249.3064013871055,3.9689810620684e-05,3.9688645066066606e-05,9.581467946307868e-06,2.651246086792045,0.109044441928833,0.11931553611323725
2019-09-30,3085,shrink,test,pca_only,8,20,log_euclidean,0.01,9.120909779238762e-05,7687.781075288217,681.6305188362621,342.25542869750603,171.12771434875302,-268.3248570981937,3.0109408951092732e-05,3.0108243396475338e-05,1.307198871779258e-05,2.3549169352736787,0.12274597382542385,0.1163013796242664
2019-09-30,3085,persistence,test,pca_only,8,20,log_euclidean,0.01,0.00014621099155430096,3444.617351778955,1365.747640432671,5125.107630050034,2562.55381502502,2063.788584621544,4.576921701060863e-05,4.5768051455991235e-05,1.066970711373209e-07,1.5154570009625028,0.04218505187196031,0.03274232427714394
2019-10-07,3090,D0_pca8,test,pca_only,8,20,log_euclidean,0.01,0.00013848673486425184,2057.6561054365893,6802.178704554415,75013.53708736341,37506.768543681705,36391.25093016956,5.807608753632652e-05,5.8074684590661564e-05,7.07829329832686e-08,3.437826324967162,0.17937415916076688,0.20300576966425352
2019-10-07,3090,rolling,test,pca_only,8,20,log_euclidean,0.01,0.00022677525094718854,4740.1051388026135,1001.1802745362215,2453.6244945207072,1226.8122472603563,755.0178391453383,6.897186608420464e-05,6.897046313853968e-05,9.416298609079568e-07,3.7384793407488717,0.11533833722599822,0.20739613239619611
2019-10-07,3090,ewma,test,pca_only,8,20,log_euclidean,0.01,0.0001340546326945504,4541.534861670567,926.5604545521362,3109.4685558437195,1554.734277921863,1072.0669740465407,6.562898456851868e-05,6.562758162285372e-05,7.408939641594293e-07,3.7440554923930622,0.11235403291990345,0.20638896109667176
2019-10-07,3090,ledoit_wolf,test,pca_only,8,20,log_euclidean,0.01,0.00016084543374745176,7378.048329437817,687.6975718360654,373.37094838423604,186.685474192118,-246.88059030225864,3.180962953761828e-05,3.180822659195332e-05,9.986079276706382e-06,2.724131701609781,0.10522606230613567,0.11697501002558547
2019-10-07,3090,oas,test,pca_only,8,20,log_euclidean,0.01,0.0001720462078278431,7166.922993038737,734.800173459928,407.50610060963953,203.7530503048202,-230.6012953985356,3.625048632175722e-05,3.624908337609226e-05,8.275813944542067e-06,2.8764530187454564,0.10757142268938755,0.12883965457081833
2019-10-07,3090,shrink,test,pca_only,8,20,log_euclidean,0.01,0.0001284456189593773,7670.771680836155,644.6784972429723,351.5500787619595,175.77503938097968,-256.87387481639365,1.9607475763284584e-05,1.9606072817619625e-05,1.1207340251942653e-05,2.4650754614799846,0.2699135669982661,0.16167892556866761
2019-10-07,3090,persistence,test,pca_only,8,20,log_euclidean,0.01,0.00014237762394031379,3440.641402295535,1076.9901776652791,6746.205173630653,3373.102586815332,2849.8219096955995,2.9844730134390265e-05,2.9843327188725307e-05,1.787623972303051e-07,1.9335653470947614,0.08337991396376417,0.059448037723149334
2019-10-14,3095,D0_pca8,test,pca_only,8,20,log_euclidean,0.01,0.00016216249261962024,2144.802385201111,8305.058881286403,126237.98462771125,63118.99231385563,61358.51880544253,0.00011762712193271111,0.00011762661199367139,9.770492900654375e-08,4.667656665899231,0.19070529576425263,0.38401003082841323
2019-10-14,3095,rolling,test,pca_only,8,20,log_euclidean,0.01,0.00036163599557827815,4873.17058876687,1964.179157316657,4174.11075556446,2087.0553777822242,1611.7320485956232,0.00015519875647817172,0.000155198246539132,8.604073704888019e-07,3.7056397581354883,0.11964633842236258,0.20896146631874063
2019-10-14,3095,ewma,test,pca_only,8,20,log_euclidean,0.01,0.00023904881904925074,4657.815257696669,1686.3512651963647,5137.914088264018,2568.9570441320075,2081.7657246326053,0.00014875223010018905,0.00014875172016114933,6.827828985853319e-07,3.63870998804841,0.11854738611222593,0.20210883679718394
2019-10-14,3095,ledoit_wolf,test,pca_only,8,20,log_euclidean,0.01,0.00029045361513725166,7063.743527748954,1446.210563212897,573.04695150693,286.52347575346505,-142.86852924208978,0.00010226577483389884,0.00010226526489485911,7.446914910958343e-06,2.9355913061387517,0.10946254488892311,0.13485518255355974
2019-10-14,3095,oas,test,pca_only,8,20,log_euclidean,0.01,0.0002970173343794618,6966.405029955438,1496.4382661021523,617.7812483254131,308.8906241627062,-121.1335800325874,0.00010633502834721114,0.00010633451840817141,6.739764300253851e-06,2.999754101913723,0.11000649869698328,0.14043395235250208
2019-10-14,3095,shrink,test,pca_only,8,20,log_euclidean,0.01,0.00022278585568236546,7615.20053206344,1120.8017243149447,475.4629964068786,237.73149820344008,-188.62292033857952,0.00010723708019708849,0.00010723657025804876,9.926221908635887e-06,2.407838164791717,0.2500070757475338,0.16149889520039168
2019-10-14,3095,persistence,test,pca_only,8,20,log_euclidean,0.01,0.0001997455966786947,3584.3154061072964,1718.6551087128792,9532.225830533644,4766.112915266824,4223.771941644123,2.638711088960474e-05,2.6386600950565018e-05,1.9839562878397754e-07,2.1708070008826232,0.07618682203043918,0.07225675469879624
2019-10-21,3100,D0_pca8,test,pca_only,8,20,log_euclidean,0.01,0.0001838028221843783,2102.9193171015345,8557.515655991021,120708.55398774915,60354.27699387457,59165.255448587726,7.168719811811551e-05,7.168673070665678e-05,4.5235985588604427e-08,3.1390767231363537,0.1273211829186383,0.15971890600329958
2019-10-21,3100,rolling,test,pca_only,8,20,log_euclidean,0.01,0.0003095427781353939,4788.735198258239,1818.0977410464575,4768.47327107708,2384.2366355385384,1906.6825288169941,0.00012237163229963105,0.00012237116488817231,8.176280984268974e-07,3.867929216248091,0.11453757697352307,0.22550571218090393
2019-10-21,3100,ewma,test,pca_only,8,20,log_euclidean,0.01,0.00020710279067935087,4585.919835687794,1523.8369387147964,5943.00751534082,2971.5037576704026,2480.6359511256355,0.00010211539697438732,0.00010211492956292859,6.409085874234064e-07,3.758536112961095,0.12211301538312018,0.2140237820784154
2019-10-21,3100,ledoit_wolf,test,pca_only,8,20,log_euclidean,0.01,0.00025580412300959724,6978.5211051917595,1349.5250435662924,595.8745954539914,297.93729772699646,-129.16090495707607,8.382347636316606e-05,8.382300895170734e-05,7.119350856633828e-06,2.7926056493234706,0.10794034277927983,0.12517422374087778
2019-10-21,3100,oas,test,pca_only,8,20,log_euclidean,0.01,0.0002631037363063498,6834.423883128084,1416.3690415699466,669.6646833515377,334.8323416757697,-93.22979838500633,8.868316446802948e-05,8.868269705657075e-05,6.194012702883674e-06,2.9181494621020536,0.10937982612707828,0.1352118945146529
2019-10-21,3100,shrink,test,pca_only,8,20,log_euclidean,0.01,0.00021198168228841107,7440.56121837861,1084.8370543642277,490.520494812974,245.2602474064868,-179.06097512031607,9.282002824465912e-05,9.281956083320039e-05,8.695839666023657e-06,2.3226000021138167,0.22268435746945395,0.14980184198098537
2019-10-21,3100,persistence,test,pca_only,8,20,log_euclidean,0.01,0.000232429861695828,3513.9537383216502,2091.197565956759,10726.622761012806,5363.311380506395,4819.683892546314,3.153818701128928e-05,3.1537719599830556e-05,1.8099326673181942e-07,2.088548937369538,0.08060554361868986,0.07068141658528909
2019-10-28,3105,D0_pca8,test,pca_only,8,20,log_euclidean,0.01,0.00018314305167856345,1993.4688459972208,7959.899595769937,114464.51450076266,57232.25725038134,55573.88903560142,5.428937533100199e-05,5.4288901578372566e-05,4.937951338366425e-08,3.5897514189378765,0.12470803760656692,0.22046023239753582
2019-10-28,3105,rolling,test,pca_only,8,20,log_euclidean,0.01,0.00019117272095085742,4705.457421220796,1093.053141056137,4177.337455871581,2088.6687279357893,1615.86511325419,0.00013802441816393,0.00013802394441130055,6.696020416034602e-07,3.490073102095554,0.12551106686915117,0.19154241528469423
2019-10-28,3105,ewma,test,pca_only,8,20,log_euclidean,0.01,0.00019329240085889685,4515.417560598994,1012.9909128743616,4189.021276840238,2094.5106384201144,1623.0433671877422,9.723568422961384e-05,9.723521047698442e-05,6.15350377714516e-07,3.218428954808984,0.12543416983824568,0.1678285911154627
2019-10-28,3105,ledoit_wolf,test,pca_only,8,20,log_euclidean,0.01,0.00016296738826865215,7200.510238365079,785.6794871162849,458.04834078766316,229.02417039383147,-199.63248777960283,6.37738940239174e-05,6.377342027128797e-05,7.150346480941819e-06,2.3839675009517936,0.09733119273373733,0.09183687881644002
2019-10-28,3105,oas,test,pca_only,8,20,log_euclidean,0.01,0.0001660859306851927,7068.785247997585,817.6345645028018,494.84338887696117,247.42169443848096,-181.73131038982157,6.90750272168002e-05,6.907455346417077e-05,6.393847268311354e-06,2.475723681930702,0.09873959315601953,0.09872033920177224
2019-10-28,3105,shrink,test,pca_only,8,20,log_euclidean,0.01,0.00015226509234885925,7353.7367755598825,741.251667923664,455.4208312794931,227.710415639747,-199.83603550390154,6.524837772010844e-05,6.524790396747902e-05,6.773997998318366e-06,2.1806022519675845,0.15964160267415886,0.11981583013776964
2019-10-28,3105,persistence,test,pca_only,8,20,log_euclidean,0.01,0.0002212256851763376,3515.7432473957824,1488.8178478789496,7570.052859649104,3785.0264298245647,3288.031528462565,4.160449069423202e-05,4.16040169416026e-05,1.909598809175081e-07,1.9103890291063004,0.07586949707349244,0.0600615140186375
2019-11-04,3110,D0_pca8,test,pca_only,8,20,log_euclidean,0.01,10356.202028071244,2293.7225340337427,6935.657218355282,609038534.9705384,304519267.4852692,286625202.1453745,1.7431884170345366,1.7431577449718088,4.529737605072432e-08,4.148535560874534,0.17981319945127236,0.2815723529108236
2019-11-04,3110,rolling,test,pca_only,8,20,log_euclidean,0.01,10356.066207741778,5024.538086351392,1062.437406078929,17235979.26069411,8617989.630347054,8114641.452032442,0.1182690327253256,0.11823836066259776,6.435366989133035e-07,3.3281132954159904,0.1252817291808336,0.1824524485761247
2019-11-04,3110,ewma,test,pca_only,8,20,log_euclidean,0.01,10356.120927334174,4838.660058273224,1010.4851711160219,17172924.42191109,8586462.210955545,8085020.62923269,0.15569705511731635,0.15566638305458852,6.01805784297768e-07,3.0337707243626544,0.12067687341206818,0.15424809511173485
2019-11-04,3110,ledoit_wolf,test,pca_only,8,20,log_euclidean,0.01,10356.085972888448,7475.553805042987,804.5709996610706,1100100.0212531579,550050.0106265789,517536.45084572025,0.25718526309493417,0.25715459103220634,7.526274941017131e-06,2.2824859116379663,0.10356610006417728,0.08580210223144273
2019-11-04,3110,oas,test,pca_only,8,20,log_euclidean,0.01,10356.083234676167,7330.860944275784,831.3545718425213,1290066.938417932,645033.469208966,606953.1652549492,0.24342790856083774,0.2433972364981099,6.6726143939155514e-06,2.381828322701948,0.10655925132836239,0.0934998324156967
2019-11-04,3110,shrink,test,pca_only,8,20,log_euclidean,0.01,10356.099299230216,7532.890103296835,763.9714336345608,1341507.854362334,670753.927181167,631944.2566423604,0.3973815978363982,0.39735092577367037,6.688120751552389e-06,2.1428259507925125,0.18146709278297193,0.11985258276426816
2019-11-04,3110,persistence,test,pca_only,8,20,log_euclidean,0.01,10356.129125737963,3842.1565645895444,1208.456973491923,23643314.02897019,11821657.014485095,11125539.622522568,0.2904480952228196,0.2904174231600918,1.6646151937047599e-07,1.7968245880220282,0.06426328829962608,0.045989870123513854
2019-11-11,3115,D0_pca8,test,pca_only,8,20,log_euclidean,0.01,10356.18921366761,2273.9673589273416,6655.195908182363,371249855.9902792,185624927.9951396,174637696.3613721,0.706750146363101,0.7067091160303413,7.507863483058246e-08,4.1525072235140845,0.15694767923252811,0.2892915673898509
2019-11-11,3115,rolling,test,pca_only,8,20,log_euclidean,0.01,10356.117983166734,4988.341763006781,832.6130947182263,16805329.470836725,8402664.735418363,7911701.918195307,0.17707874164777235,0.17703771131501267,4.023746590414671e-07,2.7182172009223753,0.0932479365996436,0.11218777302593722
2019-11-11,3115,ewma,test,pca_only,8,20,log_euclidean,0.01,10356.143624372922,4795.777658501029,955.772296907521,14947353.108683914,7473676.554341957,7037614.608833367,0.18510850794474878,0.1850674776119891,4.487797257940178e-07,2.597199453800136,0.09312992112674479,0.10351216104076093
2019-11-11,3115,ledoit_wolf,test,pca_only,8,20,log_euclidean,0.01,10356.131065084253,7867.072630766521,747.6418462487637,752675.6486009586,376337.8243004793,354034.22545201733,0.2356915694844123,0.23565053915165263,6.884440279498285e-06,1.7855240029358872,0.06236117125184896,0.050229028681157556
2019-11-11,3115,oas,test,pca_only,8,20,log_euclidean,0.01,10356.128699921617,7655.3181033767305,744.4081746343506,930469.0027173933,465234.50135869667,437714.8161348954,0.22494979089224354,0.22490876055948386,5.898120111095173e-06,1.9048373371025713,0.06688382136682011,0.0573732713347231
2019-11-11,3115,shrink,test,pca_only,8,20,log_euclidean,0.01,10356.137870755176,7475.773569148341,730.8013887799883,1441754.2573951758,720877.1286975879,679203.009184174,0.3848315500023264,0.3847905196695667,4.901153857348744e-06,1.9985914872847834,0.13079772032620451,0.08148003325676086
2019-11-11,3115,persistence,test,pca_only,8,20,log_euclidean,0.01,10356.191077160092,3775.578051951611,1221.7736396726418,22529420.53710536,11264710.26855268,10606410.84722496,0.3086965641656545,0.3086555338328948,9.8110865263515e-08,1.322443805959899,0.04053404943748302,0.02443975726422675
2019-11-18,3120,D0_pca8,test,pca_only,8,20,log_euclidean,0.01,10356.225866924111,2219.446304229693,6453.649386786548,501352137.4199918,250676068.7099959,235838101.30404186,1.6359435407714502,1.6358980120128435,5.4525976492936846e-08,4.003741462699661,0.18353757756504002,0.26748606567362176
2019-11-18,3120,rolling,test,pca_only,8,20,log_euclidean,0.01,10356.154546262718,5030.418672537425,816.0735728004986,18802085.313089456,9401042.656544728,8857480.70049737,0.39770493314455596,0.39765940438594916,4.1319448395665094e-07,2.776365024655222,0.09398224192933992,0.1196009938853503
2019-11-18,3120,ewma,test,pca_only,8,20,log_euclidean,0.01,10356.185028917223,4833.6215306677495,881.1200401391442,18804223.124406245,9402111.562203122,8858758.958257286,0.36759920013266645,0.36755367137405964,4.030329239489654e-07,2.6722240570255265,0.09148317451337581,0.11066961157597488
2019-11-18,3120,ledoit_wolf,test,pca_only,8,20,log_euclidean,0.01,10356.165888084373,7963.714151314061,778.2192054090657,714102.1742713752,357051.0871356876,335991.4201040212,0.3105081403998103,0.3104626116412035,7.497842226983583e-06,1.7169425834774386,0.061521562468824585,0.04669862957615938
2019-11-18,3120,oas,test,pca_only,8,20,log_euclidean,0.01,10356.163508029666,7711.344753168592,761.9771300472478,923250.0928006679,461625.04640033393,434484.89874123316,0.31645610758746817,0.31641057882886137,6.345929850061048e-06,1.868247441360912,0.06766423205238083,0.05600060996515464
2019-11-18,3120,shrink,test,pca_only,8,20,log_euclidean,0.01,10356.171169055451,7440.01009456927,746.2419967760504,1702331.187848597,851165.5939242985,802607.7809069414,0.5143563675527394,0.5143108387941326,5.000825137432521e-06,1.9958296699874478,0.14787788445346525,0.08296209934192907
2019-11-18,3120,persistence,test,pca_only,8,20,log_euclidean,0.01,10356.217920275192,3797.9290514489885,1262.9674762548511,21806882.235188305,10903441.117594153,10267840.496375006,0.2697612712121357,0.2697157424535289,9.36603315220872e-08,1.2885416991306844,0.030359273104638144,0.022154531712708037
2019-11-25,3125,D0_pca8,test,pca_only,8,20,log_euclidean,0.01,12866.904894459345,2639.854703774469,6342.463004987433,766903768.9014381,383451884.45071906,366160930.35823715,1.7806173051696157,1.780577551577658,4.135012550845896e-08,3.9270321111746265,0.15725593337007715,0.2451931736382261
2019-11-25,3125,rolling,test,pca_only,8,20,log_euclidean,0.01,12866.803891243977,5262.5759577305535,976.8982384092,23115156.367870454,11557578.183935227,11016866.619280826,0.3510981619870742,0.3510584083951166,4.215553507040725e-07,2.7168490108228665,0.08244890881395833,0.1166472702439556
2019-11-25,3125,ewma,test,pca_only,8,20,log_euclidean,0.01,12866.841709452117,5069.3722303818895,1051.2872372134475,22527601.901242863,11263800.950621432,10737396.459524896,0.3277643915988389,0.3277246380068813,4.1624306867211814e-07,2.5757716646590847,0.08017707298461965,0.10568488303576598
2019-11-25,3125,ledoit_wolf,test,pca_only,8,20,log_euclidean,0.01,12866.818916359456,8262.126983511218,839.6370803960476,847898.5186084236,423949.2593042118,404618.4341013275,0.4332382117892573,0.4331984581972997,8.00563067542066e-06,1.6193579774419478,0.05495202687202623,0.04273954117064798
2019-11-25,3125,oas,test,pca_only,8,20,log_euclidean,0.01,12866.815616698595,7991.815013972775,836.9154865710107,1102674.1435506542,551337.0717753271,526141.0323711678,0.43406739122227767,0.43402763763032004,6.752547166626932e-06,1.7927261352738684,0.05946302450206382,0.05199132227259113
2019-11-25,3125,shrink,test,pca_only,8,20,log_euclidean,0.01,12866.824388208748,7571.5749610283,837.2255750454472,2377841.2748703966,1188920.6374351983,1136028.0068219586,0.8352814159115012,0.8352416623195436,4.57703735755106e-06,2.0133538984286865,0.13196204569389708,0.08300695744754112
2019-11-25,3125,persistence,test,pca_only,8,20,log_euclidean,0.01,12866.858365885728,4140.584356090738,1329.9327422709198,31365706.85296238,15682853.42648119,14981770.69815706,0.297099804933471,0.29706005134151336,1.0092816735615176e-07,1.3486293371074372,0.046108607954681455,0.025307869504062833
2019-12-03,3130,D0_pca8,test,pca_only,8,20,log_euclidean,0.01,6581.754698505073,2366.532295523518,8652.638964292022,40534134.69643094,20267067.34821547,19058001.19647465,0.2668787420841836,0.2668565652074867,1.72957874944485e-07,2.3369591039569557,0.09389915401230702,0.08872296987465757
2019-12-03,3130,rolling,test,pca_only,8,20,log_euclidean,0.01,7300.681420369221,5156.179272245159,1272.3542318352033,17759.089753818054,8879.544876909009,8243.883853129915,0.044436229917808004,0.0444140530411111,6.211092935627773e-05,1.0256670181675065,0.019466925429705826,0.01249721398344561
2019-12-03,3130,ewma,test,pca_only,8,20,log_euclidean,0.01,17973.13857249391,4975.649919143521,1311.2199164090607,5984.685168352305,2992.3425841762814,2715.6650631606703,0.03678604012785383,0.03676386325115693,0.00013422454362826803,1.007341233469421,0.011418405362056587,0.011383435551551677
2019-12-03,3130,ledoit_wolf,test,pca_only,8,20,log_euclidean,0.01,6536.088272481749,23503.78748475798,1131.9972827257604,589.8871791825292,294.943589591265,189.26750809677415,0.03744858863377093,0.03742641175707403,0.0021613904528037086,1.0062133630169219,0.011608499712063895,0.011354580984025229
2019-12-03,3130,oas,test,pca_only,8,20,log_euclidean,0.01,7170.8098675308065,16960.092254830703,1148.9066932296314,4550.638786108332,2275.319393054151,2042.7721275740648,0.04315797248818279,0.04313579561148589,0.00022210611811515683,1.0151925744624561,0.016198008433915553,0.011667990718656056
2019-12-03,3130,shrink,test,pca_only,8,20,log_euclidean,0.01,6761.595945717807,10179.182572712596,1024.8239322657237,12176.310289647365,6088.155144823682,5603.78212301626,0.035466975440227665,0.03544479856353076,5.316646710691807e-05,1.0015351779210602,0.015173311348022746,0.011659652231815022
2019-12-03,3130,persistence,test,pca_only,8,20,log_euclidean,0.01,14776.149091929561,3971.9254879738683,1484.9772026711448,6927.232098700844,3463.6160493505045,3158.054632986157,0.036791281046242436,0.036769104169545534,0.00011587563450892106,1.0073108086623346,0.011418151260465022,0.01138286725451431
2019-12-10,3135,D0_pca8,test,pca_only,8,20,log_euclidean,0.01,6581.914919746042,2279.2313681158316,8107.310434585643,221213705.26113114,110606852.63056557,103933612.80632715,0.24780201361743615,0.24778032387275903,3.590325110672636e-08,2.644178145091004,0.11918322336314659,0.11746386309313901
2019-12-10,3135,rolling,test,pca_only,8,20,log_euclidean,0.01,7300.683779592842,5175.683216038413,1320.5543366172863,17754.22325809608,8877.11162904817,8242.069946840975,0.04506187046573025,0.045040180721053126,6.325013824790334e-05,1.0290934569339927,0.02010612408017765,0.012686479734207879
2019-12-10,3135,ewma,test,pca_only,8,20,log_euclidean,0.01,12228.335150254698,4951.289594827573,1349.6718164229028,8145.826637754675,4072.9133188774463,3730.301699008253,0.03678409122393758,0.03676240147926046,9.851465626770824e-05,1.0073430018593543,0.011418382507627278,0.01138346799073425
2019-12-10,3135,ledoit_wolf,test,pca_only,8,20,log_euclidean,0.01,6536.089362680057,23473.44251724754,1139.7754808951127,589.8789688064769,294.93948440323777,189.27549397677478,0.03746700560728566,0.03744531586260853,0.002162400020816026,1.006207138059891,0.011623870932975662,0.01135468562611447
2019-12-10,3135,oas,test,pca_only,8,20,log_euclidean,0.01,7170.81217981082,16939.277256771922,1159.1508955022168,4550.351888583119,2275.175944291609,2042.75063060522,0.04362187668736972,0.0436001869426926,0.0002233850726536144,1.0154949069233847,0.01646296967446666,0.011698729363498979
2019-12-10,3135,shrink,test,pca_only,8,20,log_euclidean,0.01,6761.598556039934,10165.790944418077,1053.674655280583,12158.077139886314,6079.038569943156,5595.611932703709,0.03533315098990382,0.035311461245226695,5.444473761633063e-05,1.0014141839005621,0.015801720834114692,0.011758702214792062
2019-12-10,3135,persistence,test,pca_only,8,20,log_euclidean,0.01,14776.1482605247,3812.8689167169796,1540.0199039086724,6927.6511993378,3463.825599668929,3158.429986696667,0.03678955037272212,0.036767860628045,0.00011586874795684399,1.0073115542083335,0.011418138084136045,0.011382880927750437
2019-12-17,3140,D0_pca8,test,pca_only,8,20,log_euclidean,0.01,6581.781488806358,2463.074067291014,8976.095266212205,47603264.57586326,23801632.28793163,22381438.079291727,0.28259309237597946,0.2825783355672629,1.4022632844689003e-07,2.288474830004909,0.08768104672046712,0.08843901938908552
2019-12-17,3140,rolling,test,pca_only,8,20,log_euclidean,0.01,7300.684927285847,5114.392415416142,1306.1883263088282,17778.835560985288,8889.417780492724,8253.710433396016,0.042481425098862984,0.04246666829014642,5.827256400141166e-05,1.0248489830142977,0.018236150292768972,0.012347102410122336
2019-12-17,3140,ewma,test,pca_only,8,20,log_euclidean,0.01,9264.258272274608,4911.179494748156,1394.560554447533,11094.424874556964,5547.212437278292,5114.746730755002,0.040550267511681504,0.04053551070296494,7.846877152965839e-05,1.0121680165763771,0.013152410524042915,0.011468652151602643
2019-12-17,3140,ledoit_wolf,test,pca_only,8,20,log_euclidean,0.01,6536.087532693101,23460.540696459913,1109.2730119756209,589.8983277500315,294.9491638750186,189.2822208022339,0.03737239321562176,0.0373576364069052,0.0021568458512836643,1.0061771575977505,0.01159554785885022,0.011354637101380663
2019-12-17,3140,oas,test,pca_only,8,20,log_euclidean,0.01,7170.815886320801,16929.389682532885,1135.3270849712753,4553.157359104478,2276.5786795522113,2044.0575106756794,0.041367914054168384,0.04135315724545182,0.00021338840510987095,1.0150380336431921,0.01586425911507761,0.011678713606316948
2019-12-17,3140,shrink,test,pca_only,8,20,log_euclidean,0.01,6761.6009876202925,10001.935078934917,1053.7963279557925,12194.367994105523,6097.183997052761,5612.722640462313,0.035220439847948246,0.03520568303923168,5.1401296422628825e-05,1.0015123501127503,0.014596778716957956,0.011623817452484465
2019-12-17,3140,persistence,test,pca_only,8,20,log_euclidean,0.01,14776.186351894698,3749.4614141280026,1589.2726824214312,6927.730058208796,3463.8650291042104,3158.427397494064,0.036784193288174574,0.03676943647945801,0.00011586767086163489,1.0073127868145864,0.011418139747131453,0.011382902639925207
2019-12-24,3145,D0_pca8,test,pca_only,8,20,log_euclidean,0.01,1484.967841854424,2468.364537694647,8336.400742071775,10585886.118805442,5292943.059402721,5241572.883293412,0.15760572497023445,0.15758058147324905,2.96409026863454e-07,2.2606395133891746,0.08591945859315779,0.08313888868243764
2019-12-24,3145,rolling,test,pca_only,8,20,log_euclidean,0.01,2644.744957171746,5134.550180514908,1174.2670538411464,8455.070091225996,4227.535045612814,4050.471760902725,0.018956094298209686,0.018930950801224287,5.189576240064186e-05,1.0185021471428182,0.014808832179361752,0.011822775924715227
2019-12-24,3145,ewma,test,pca_only,8,20,log_euclidean,0.01,3187.0273736138734,4936.517728147925,1225.0512274675439,7178.874200216305,3589.437100108258,3419.374973591993,0.019920822350995886,0.019895678854010487,5.965762230618311e-05,1.0133401526807118,0.01455823469329238,0.011668785671164637
2019-12-24,3145,ledoit_wolf,test,pca_only,8,20,log_euclidean,0.01,1677.8270938768894,23450.27512574537,1151.1541238123339,464.61291474864834,232.30645737432485,100.00254537927349,0.017663667291051434,0.017638523794066035,0.0021499214866125957,1.006234548156025,0.01151678903973012,0.011354400578187984
2019-12-24,3145,oas,test,pca_only,8,20,log_euclidean,0.01,2490.2381476977444,16919.99548496489,1175.9631068849235,2222.519607968093,1111.2598039840414,968.3029861719573,0.019233234381986767,0.019208090885001368,0.00020211531846500992,1.0141529113669412,0.01434522495613067,0.011584540052988151
2019-12-24,3145,shrink,test,pca_only,8,20,log_euclidean,0.01,2006.7838489433047,9928.230996938284,1003.7486384472402,5841.683580611711,2920.841790305855,2749.5835714115665,0.016947058825323925,0.016921915328338526,4.733466199501004e-05,1.0017930109242597,0.01249810929210104,0.011443579182177081
2019-12-24,3145,persistence,test,pca_only,8,20,log_euclidean,0.01,10358.118925016084,3481.4581070655777,1007.5630937290409,64.48833845353346,32.24416922676758,-111.83296730329036,2.8084214465797542e-05,2.940717480399368e-06,0.00016738503501131276,1.0434870857386678,0.01246567705445316,0.011929594432889561
2020-01-02,3150,D0_pca8,test,pca_only,8,20,log_euclidean,0.01,6.142004842223675e-05,1978.0504384470732,5692.620580818614,25192.44983484775,12596.224917423864,12195.377992956344,5.398599321317871e-05,5.398471727481539e-05,1.1868332418575472e-07,2.9965284651250568,0.12230699590947537,0.14635872648726153
2020-01-02,3150,rolling,test,pca_only,8,20,log_euclidean,0.01,2871.734993173512,5240.560880269177,1317.8721873462193,592.3716446993542,296.18582234967096,-145.11443450083956,6.862662661787066e-05,6.862535067950734e-05,8.463681894553836e-05,1.0434826011719265,0.012464452989434651,0.011929109307306871
2020-01-02,3150,ewma,test,pca_only,8,20,log_euclidean,0.01,7960.433290375163,5027.4232736372505,1406.5228373305022,636.6650297397778,318.33251486991094,-122.96787943712391,6.862639989181667e-05,6.862512395345335e-05,0.00013393523527235223,1.0434857469355028,0.012464626285709218,0.011929260288297001
2020-01-02,3150,ledoit_wolf,test,pca_only,8,20,log_euclidean,0.01,925.7047101001592,24930.274468182783,1449.5058700594766,954.2815155850515,477.14075779252573,35.84013319822743,6.828836911108976e-05,6.828709317272644e-05,0.003585188116412829,1.041729946975106,0.012493323584170123,0.011879856464893358
2020-01-02,3150,oas,test,pca_only,8,20,log_euclidean,0.01,2468.45420164216,19324.787482286745,1477.3866811860003,754.6504687074987,377.3252343537477,-63.97551029278477,6.592260537617144e-05,6.592132943780812e-05,0.0004842557535492168,1.0417318353467377,0.013233876026982557,0.011962782998265389
2020-01-02,3150,shrink,test,pca_only,8,20,log_euclidean,0.01,1567.0799328015828,11506.100772151982,1196.7608184294977,672.3533839880233,336.17669199401206,-105.13873316100944,6.815396453668492e-05,6.81526885983216e-05,8.656903115697943e-05,1.0022819889888526,0.012808924455398529,0.012199704277665627
2020-01-02,3150,persistence,test,pca_only,8,20,log_euclidean,0.01,6581.859981082975,3605.0961350690222,1658.2272116154954,597.670118227737,298.8350591138793,-142.4653699263164,6.444123263286549e-05,6.443995669450217e-05,8.996828958535272e-05,1.0034039779988495,0.011810711993077752,0.011086998084132719
2020-01-09,3155,D0_pca8,test,pca_only,8,20,log_euclidean,0.01,0.00041277472902664805,2284.5647342480843,5685.085933722037,7758.484665633226,3879.2423328166265,3429.8690313732286,4.772722844835675e-05,4.772594619979329e-05,2.4487703751753444e-07,2.2627349275651905,0.08691492216439838,0.08369448855714767
2020-01-09,3155,rolling,test,pca_only,8,20,log_euclidean,0.01,2871.7095323463273,5425.512486924844,1441.636915304691,575.5452155083615,287.7726077541894,-144.73729253799988,0.00010181463593947047,0.00010181335369090702,8.46354812614761e-05,1.0434824548344313,0.01246443381336919,0.011929107665639803
2020-01-09,3155,ewma,test,pca_only,8,20,log_euclidean,0.01,4287.5787250070525,5202.6811623831945,1536.444472851635,589.6995271917148,294.84976359587773,-137.65450720124258,0.00010181438755172437,0.00010181310530316091,9.830650802072384e-05,1.0434858199312211,0.012464600029588317,0.01192926708237668
2020-01-09,3155,ledoit_wolf,test,pca_only,8,20,log_euclidean,0.01,925.6873216943294,24913.228749042068,1664.284814894244,936.6349927599126,468.3174963799564,35.847125064780585,0.0001012647307403487,0.00010126344849178524,0.0035856514340917383,1.0417400583146577,0.01249945658828915,0.011879835938388615
2020-01-09,3155,oas,test,pca_only,8,20,log_euclidean,0.01,2468.435763736908,19316.463962436595,1690.6745774898918,737.1058723086697,368.55293615433595,-63.923632468008336,9.73604082538601e-05,9.735912600529664e-05,0.0004851887395521221,1.0418161537679291,0.013295229614013868,0.011960767702576003
2020-01-09,3155,shrink,test,pca_only,8,20,log_euclidean,0.01,1567.0570430682183,11428.328666195455,1337.5171899451168,655.3741411589164,327.6870705794581,-104.82922587591705,9.914194644085896e-05,9.91406641922955e-05,8.65678149274739e-05,1.002283426423925,0.012808846149657657,0.012199723801244943
2020-01-09,3155,persistence,test,pca_only,8,20,log_euclidean,0.01,6581.834520970633,3893.2385359962195,1894.6089140475679,580.7561552136592,290.3780776068188,-142.12756973255551,9.523246815382186e-05,9.52311859052584e-05,8.997266932225951e-05,1.0034034992989556,0.011810700694311334,0.011086989151934004
2020-01-16,3160,D0_pca8,test,pca_only,8,20,log_euclidean,0.01,0.0010306485092121407,2321.7486092180743,5676.03536997946,5925.119878673611,2962.559939336785,2545.2870740651406,3.4354358061018535e-05,3.435328129251269e-05,3.302102118729133e-07,2.160063374004875,0.08295077000599972,0.07623623421642765
2020-01-16,3160,rolling,test,pca_only,8,20,log_euclidean,0.01,2871.701626838595,5320.492821849337,1395.7835074309196,567.0678249982536,283.53391249912767,-144.5164714584293,0.00010281385812775244,0.0001028127813592466,8.46329147678292e-05,1.043481401635802,0.01246439780374714,0.011929080293239096
2020-01-16,3160,ewma,test,pca_only,8,20,log_euclidean,0.01,2309.3316344024333,5133.536577420381,1488.112342971318,551.8600204300776,275.9300102150812,-152.12580453750817,0.00010281364776998017,0.00010281257100147432,7.21534360023476e-05,1.0434863910299093,0.012464615885056835,0.011929293486037613
2020-01-16,3160,ledoit_wolf,test,pca_only,8,20,log_euclidean,0.01,925.6796455258223,24893.602280749292,1587.8559459541357,927.7380352101891,463.86901760509465,35.84929039032692,0.00010230892789569958,0.00010230785112719373,0.0035826425992236126,1.0417633813905192,0.012493925787431224,0.011879770348236368
2020-01-16,3160,oas,test,pca_only,8,20,log_euclidean,0.01,2468.4382679033733,19306.87777727853,1612.543649921174,728.2355466420952,364.11777332104936,-63.9066879352517,9.880654194980521e-05,9.880546518129936e-05,0.00048075796353914935,1.0420687598319616,0.013232807434996812,0.011949426577180367
2020-01-16,3160,shrink,test,pca_only,8,20,log_euclidean,0.01,1567.051415448168,11399.378694269672,1284.125487879049,646.8837579026066,323.4418789513038,-104.60928667118124,9.986037300771443e-05,9.985929623920859e-05,8.656432547890832e-05,1.0022846305523436,0.012808748214272742,0.012199574332646006
2020-01-16,3160,persistence,test,pca_only,8,20,log_euclidean,0.01,6581.821023567715,3950.582895492912,1899.9566233746866,572.2221290220201,286.1110645109942,-141.93636349836174,9.620664235168415e-05,9.62055655831783e-05,8.997223053881925e-05,1.0034032977755492,0.011810693121839851,0.011086985026887338
2020-01-24,3165,D0_pca8,test,pca_only,8,20,log_euclidean,0.01,0.0003819369892287748,2092.9296971529643,4194.345397781963,72467.14989172724,36233.574945863606,35135.91048547616,7.138951080785522e-05,7.138815684121817e-05,5.1047667803646336e-08,2.9719724712067834,0.13807303622639205,0.1509752557549506
2020-01-24,3165,rolling,test,pca_only,8,20,log_euclidean,0.01,2871.6560612323283,5307.083395374278,1631.3077821326074,550.2970956228404,275.1485478113956,-144.0017331319279,0.00016953824275867802,0.00016953688879204097,8.462885904682486e-05,1.0434813858847076,0.012464395198798009,0.011929080672819932
2020-01-24,3165,ewma,test,pca_only,8,20,log_euclidean,0.01,1243.8012345549296,5120.820719257084,1760.5881629624046,507.033251107208,253.51662555361034,-165.6689812862801,0.0001695377389136995,0.00016953638494706245,5.296094833208439e-05,1.043487450708705,0.012464683143004819,0.011929336205634154
2020-01-24,3165,ledoit_wolf,test,pca_only,8,20,log_euclidean,0.01,925.6496124675348,24870.41340448133,2109.6461093477583,909.8969623545277,454.9484811772642,35.855881043646704,0.00016875044336768513,0.00016874908940104808,0.003583205028838852,1.0417881421081316,0.01249633037781251,0.011879754572697146
2020-01-24,3165,oas,test,pca_only,8,20,log_euclidean,0.01,2468.4126503625425,19291.0066140247,2126.851794015722,710.4814762860899,355.2407381430455,-63.86091507985933,0.00016327646836787263,0.00016327511440123558,0.0004819840814014281,1.0423704645052418,0.0132659413716905,0.011948486191035468
2020-01-24,3165,shrink,test,pca_only,8,20,log_euclidean,0.01,1567.0176787684545,11350.525134132358,1613.0998698250187,630.0579264002898,315.0289632001451,-104.11082090028829,0.00016545433723991963,0.00016545298327328258,8.655986551657986e-05,1.002285614181649,0.012808691844600666,0.01219953106296312
2020-01-24,3165,persistence,test,pca_only,8,20,log_euclidean,0.01,1485.0556950035423,3934.3231170558784,1914.884382810937,487.0115628237536,243.5057814119263,-175.69435100247364,0.00015588594373688313,0.00015588458977024608,4.363133838050379e-05,1.0044688538548598,0.012282938064671704,0.01110770086019933
2020-01-31,3170,D0_pca8,test,pca_only,8,20,log_euclidean,0.01,0.011061000700980726,2394.8577995133965,3212.0121123482295,54881.764045188705,27440.882022594345,26733.439329274224,0.00025995211878980604,0.0002599335668406629,2.674186068265074e-07,2.4699226688864004,0.10147890752215545,0.10191744785747682
2020-01-31,3170,rolling,test,pca_only,8,20,log_euclidean,0.01,2871.4220931532045,5645.174023983256,2201.4140951159325,456.0532779725993,228.02663898629817,-135.94026243699065,0.0002915064328474226,0.00029148788089827945,8.463119940623164e-05,1.043483241165916,0.012464448428135584,0.011929138477821769
2020-01-31,3170,ewma,test,pca_only,8,20,log_euclidean,0.01,669.8285405428458,5422.276605173342,2156.80167861243,401.87688727862496,200.9384436393099,-163.1388772896692,0.0002455428309382233,0.00024552427898908016,5.5982538326828556e-05,1.0584046464001067,0.019489314650728656,0.013563198797222984
2020-01-31,3170,ledoit_wolf,test,pca_only,8,20,log_euclidean,0.01,925.4589450635028,24801.55692782386,2884.366919425094,799.8343398090922,399.91716990454563,36.048887424539615,0.000290648821312917,0.00029063026936377385,0.0035897937104521363,1.041752144399654,0.012510192354007982,0.01187981591970253
2020-01-31,3170,oas,test,pca_only,8,20,log_euclidean,0.01,2468.179679116363,19251.91269662256,2893.2922326271364,603.0443413879239,301.5221706939613,-62.36239781861965,0.0002840490155897686,0.00028403046364062546,0.000492312616538782,1.0419456886067986,0.013436725013008785,0.011962902280118572
2020-01-31,3170,shrink,test,pca_only,8,20,log_euclidean,0.01,1566.8477657272285,11548.436338080463,2245.007620033514,535.6383004869699,267.81915024348484,-96.12136474100639,0.00028374349912366843,0.0002837249471745253,8.65651928469682e-05,1.0022905365872632,0.01280911854152263,0.012200001275106329
2020-01-31,3170,persistence,test,pca_only,8,20,log_euclidean,0.01,0.01137914562849122,3856.339683002859,1499.8009592689846,40828.895526854394,20414.447763427193,19826.229871912867,0.00018612241401905978,0.00018610386206991664,1.6655899136144584e-07,1.9923782199601263,0.07668548399382305,0.058257642675147915
2020-02-07,3175,D0_pca8,test,pca_only,8,20,log_euclidean,0.01,0.032188110411490105,2402.2197874015874,1834.0973135552263,72209.23853568194,36104.619267840964,36057.9503914752,0.0005195119502174681,0.0005193261233899286,2.2476495590694124e-07,2.276339302012039,0.08799605673457295,0.0860133001481881
2020-02-07,3175,rolling,test,pca_only,8,20,log_euclidean,0.01,2870.4972963031273,5621.376802056651,3096.794506259768,420.0856344045876,210.04281720229716,-125.09827399055402,0.0009783043902135628,0.0009781185633860232,8.503822854990477e-05,1.043352905842921,0.01252076803722112,0.011929381706563233
2020-02-07,3175,ewma,test,pca_only,8,20,log_euclidean,0.01,360.4868925647114,5421.089490687305,3023.0408218828256,366.7709998067101,183.38549990340846,-151.4443476292885,0.000577030077733968,0.0005768442509064284,6.13419165209573e-05,1.1388924118529817,0.032823008919294946,0.018789361639129653
2020-02-07,3175,ledoit_wolf,test,pca_only,8,20,log_euclidean,0.01,924.8704743200054,24780.792075379926,4354.430136961395,745.37016080409,372.68508040204534,36.3066008843218,0.000976818571468932,0.0009766327446413924,0.003599057772852324,1.0416498308562803,0.012529071422190688,0.01187990141039257
2020-02-07,3175,oas,test,pca_only,8,20,log_euclidean,0.01,2467.307267695698,19243.83162214462,4349.13136486063,551.3502926706533,275.67514633532284,-60.525917784031705,0.0009285677306105555,0.0009283819037830159,0.0005069177553609982,1.040694825715816,0.013981008925289364,0.011982448240835135
2020-02-07,3175,shrink,test,pca_only,8,20,log_euclidean,0.01,1566.1515135136974,11682.71111022804,3307.445241183942,497.34773589659653,248.67386794829892,-86.55394692371061,0.0009462442342347267,0.0009460584074071871,8.65728241668667e-05,1.0022943749681241,0.01280996227459598,0.012200846461228612
2020-02-07,3175,persistence,test,pca_only,8,20,log_euclidean,0.01,0.03392078397045111,4002.323343732247,2353.406187838604,50411.17479053417,25205.587395267074,25379.195406365354,0.0006297961129417743,0.0006296102861142347,1.8480798124412104e-07,1.847195953913822,0.06113730023414124,0.05313525637928118
2020-02-14,3180,D0_pca8,test,pca_only,8,20,log_euclidean,0.01,0.13075634300053346,2506.3492833746513,796.2556357556443,2151861.5841607237,1075930.7920803619,1079592.6525633058,0.002028651255389238,0.0020278716126663583,1.2000778853835024e-08,2.774547727696086,0.08767441401317747,0.11993736223675071
2020-02-14,3180,rolling,test,pca_only,8,20,log_euclidean,0.01,988.1637118676176,5633.929281766616,3950.941346806138,357.2291409416191,178.61457047078662,-125.62132418707009,0.0021757226659446655,0.0021749430232217855,5.504521404106411e-05,1.054490981233554,0.020236914922719437,0.01316741603317003
2020-02-14,3180,ewma,test,pca_only,8,20,log_euclidean,0.01,148.26129641088224,5468.3505749137385,3740.8363439719433,401.625313753491,200.81265687672922,-101.64052023879108,0.0017495943423021525,0.0017488146995792728,3.392217812426528e-05,1.234713650251498,0.03401055924428226,0.021772222102912582
2020-02-14,3180,ledoit_wolf,test,pca_only,8,20,log_euclidean,0.01,258.3808708065713,22568.52815801027,5587.636081642379,617.6598650634346,308.82993253171753,1.2060270279790408,0.0028444497617062187,0.0028436701189833388,0.0016846902276484283,1.0026997242482467,0.01197627332543814,0.01106597904779558
2020-02-14,3180,oas,test,pca_only,8,20,log_euclidean,0.01,875.9242066131872,16253.72717292129,5582.11860409867,404.34223070790785,202.17111535395685,-104.33365296467726,0.002549544804922752,0.002548765162199872,0.00018081393064526944,1.020922996614427,0.016442364028168996,0.011545574634675142
2020-02-14,3180,shrink,test,pca_only,8,20,log_euclidean,0.01,534.7391318349182,9770.116606965685,4258.069761536559,417.9082664459854,208.95413322299214,-94.2991923893863,0.002497560240247443,0.002496780597524563,4.704501213784618e-05,1.0,0.016542432480434723,0.011745120071371542
2020-02-14,3180,persistence,test,pca_only,8,20,log_euclidean,0.01,0.12429502423897389,4387.583789446917,3094.9545759961893,64376.313209160304,32188.156604580152,32953.31958100235,0.001608902965122336,0.0016081233223994562,1.8019408925337073e-07,1.7385144269377357,0.0536016699729145,0.04768706512612504
2020-02-24,3185,D0_pca8,test,pca_only,8,20,log_euclidean,0.01,0.14674460380408993,2783.4728255923064,2039.9784852921562,170989.838477984,85494.91923899199,85532.94200698823,0.0014602364554908564,0.0014590321765007787,1.946199035465823e-07,2.4112881100238175,0.09186921719750084,0.09620050454133137
2020-02-24,3185,rolling,test,pca_only,8,20,log_euclidean,0.01,988.0794299478273,5829.8700606434195,2985.3191674049085,367.39117790305806,183.6955889515471,-103.73427854143695,0.0025486057123088888,0.002547401433318811,5.419527594502462e-05,1.0395332040482503,0.020296302103043645,0.013001638169631801
2020-02-24,3185,ewma,test,pca_only,8,20,log_euclidean,0.01,79.78914065382544,5608.42938161645,2895.2279228544617,547.3260564160785,273.66302820805566,-10.415169456207584,0.0020333197174943938,0.002032115438504316,2.4345461518465536e-05,1.273889337309942,0.03431553395386767,0.02237756283003963
2020-02-24,3185,ledoit_wolf,test,pca_only,8,20,log_euclidean,0.01,258.31150447943367,22470.11981955909,4165.387224938124,587.673648193916,293.83682409695797,1.6859277386406775,0.003146471218558531,0.0031452669395684533,0.0016835640312950835,1.0026593756446178,0.011972946425568535,0.011065926685885328
2020-02-24,3185,oas,test,pca_only,8,20,log_euclidean,0.01,875.8416139735325,16224.434514214137,4167.575773014953,383.9024877410119,191.9512438705069,-98.74713796357945,0.0028735910526719254,0.0028723867736818475,0.00017886206375701785,1.0172326711003958,0.016378867298361497,0.01153224874157676
2020-02-24,3185,shrink,test,pca_only,8,20,log_euclidean,0.01,534.6638394257456,9860.035176133328,3162.608536242953,425.25091484534676,212.62545742267258,-73.60435823437288,0.0028420789498169925,0.0028408746708269146,4.6313577717835425e-05,1.0000000000000002,0.016497276654281287,0.011677491329436887
2020-02-24,3185,persistence,test,pca_only,8,20,log_euclidean,0.01,0.14571146050698217,4554.627738764451,1632.6380653070676,66653.29926500411,33326.649632502056,33389.57974521957,0.0013623248999996358,0.001361120621009558,2.5379072909613485e-07,1.8858797424306246,0.07457130061701575,0.055270687217785004
2020-03-02,3190,D0_pca8,test,pca_only,8,20,log_euclidean,0.01,0.2519323180921054,2920.4005975060104,1609.8326442948678,95740.98709456279,47870.493547281396,47259.59186534369,0.0016447567606437726,0.0016435886864475883,2.664535989980349e-07,2.2931420924162493,0.09625327494453417,0.08918782782397018
2020-03-02,3190,rolling,test,pca_only,8,20,log_euclidean,0.01,987.2853069770499,5850.466506473122,2039.2660450575038,322.2514417806759,161.12572089030533,-125.40642143295887,0.0027701041457369813,0.002768936071540797,9.84573026676166e-05,1.1784075047277838,0.029235229011564584,0.018768219447079813
2020-03-02,3190,ewma,test,pca_only,8,20,log_euclidean,0.01,42.87308859171803,5640.832777107327,1484.0910602296678,465.58631190954395,232.79315595476444,-57.385509680024214,0.0014329128540585736,0.0014317447798623893,6.160441411348061e-05,2.106105741230962,0.0757748267158804,0.07254128951842635
2020-03-02,3190,ledoit_wolf,test,pca_only,8,20,log_euclidean,0.01,257.95145747976824,22441.120386989212,4404.0598331675665,575.9912169350573,287.9956084675289,1.7335877676713423,0.0043766288767605405,0.004375460802564356,0.0017245294991737072,1.0030427004376505,0.012162344084260281,0.011067756765320323
2020-03-02,3190,oas,test,pca_only,8,20,log_euclidean,0.01,875.0738482838733,16205.38012977684,4341.879367063566,367.6981652970921,183.84908264855702,-102.49603184506165,0.0037215985100999723,0.003720430435903788,0.00024501026169324855,1.0285448031512374,0.018964723980277477,0.01217853623980432
2020-03-02,3190,shrink,test,pca_only,8,20,log_euclidean,0.01,534.0919430683351,10148.048836432052,2439.2308797182186,374.92669250831204,187.46334625415602,-98.94724262778485,0.003297719011917889,0.003296550937721705,8.332321896739577e-05,1.035316500360489,0.0236051341406636,0.014916896950761536
2020-03-02,3190,persistence,test,pca_only,8,20,log_euclidean,0.01,0.25811735778224765,4507.43309818805,995.0164513840233,14304.004192967475,7152.002096483742,6732.386154541266,0.0013512168377107685,0.0013500487635145842,1.7532211084205554e-06,2.6533246891838855,0.07676912811398275,0.1068729875747992
2020-03-09,3195,D0_pca8,test,pca_only,8,20,log_euclidean,0.01,0.23608006785565405,2816.4066824036513,1716.5219900804784,279213.8809976462,139606.9404988231,133415.12555906377,0.001704120605124728,0.0017037804280179629,1.397596070545191e-07,2.9218664675422694,0.12095912331454634,0.14882556188368687
2020-03-09,3195,rolling,test,pca_only,8,20,log_euclidean,0.01,987.3472827240705,5897.1919200482635,1656.5402694093186,304.1914310393627,152.09571551972155,-138.10239630282763,0.002304612549930903,0.002304272372824138,0.0001374440038628621,1.2769003130192282,0.04303379780582937,0.0240304548366903
2020-03-09,3195,ewma,test,pca_only,8,20,log_euclidean,0.01,23.09253845965056,5666.246391371142,1237.3766385640693,468.1671244438942,234.0835622219484,-62.94862746910568,0.0013651902502844603,0.0013648500731776952,8.763103631767119e-05,2.7303793768904994,0.09766701168094828,0.1277526875154601
2020-03-09,3195,ledoit_wolf,test,pca_only,8,20,log_euclidean,0.01,258.0007836174552,22426.916251273513,4320.705517008888,580.1384289098479,290.06921445492367,1.5814599568425998,0.004153016282460726,0.004152676105353961,0.0017669864222968287,1.0033761531879273,0.012857194358926499,0.011072730456474571
2020-03-09,3195,oas,test,pca_only,8,20,log_euclidean,0.01,875.0142801760203,16237.21735123011,4195.79554458754,366.6689985007503,183.33449925037948,-105.69363020852033,0.003403820884658271,0.0034034807075515056,0.00030535508645503426,1.033749518262965,0.023366985738075042,0.012879984026237383
2020-03-09,3195,shrink,test,pca_only,8,20,log_euclidean,0.01,534.1232376639109,10578.112735474922,2044.2647456598033,353.33668940453913,176.66834470226843,-113.5170685451591,0.002836736174451569,0.0028363959973448038,0.00012070034187805479,1.0991891317534015,0.03713926149810248,0.01867325685761557
2020-03-09,3195,persistence,test,pca_only,8,20,log_euclidean,0.01,0.1724197398451045,4450.94709645261,629.4708699936049,6151.237016424097,3075.6185082120446,2655.254658947789,0.0018228035520868437,0.0018224633749800785,7.119994152144781e-06,3.748681796847793,0.1359490773934824,0.22651861774676169
2020-03-16,3200,D0_pca8,test,pca_only,8,20,log_euclidean,0.01,0.06502326572931956,2841.1442634243913,3105.814597119191,113890.09515902946,56945.047579514714,53651.0496905741,0.001298230279312695,0.0012981858893215345,2.0131992415279105e-07,2.379866726349445,0.09921677468850088,0.09893156199919965
2020-03-16,3200,rolling,test,pca_only,8,20,log_euclidean,0.01,0.03693112730219243,5635.151371776559,963.0881725351073,4171.937635779343,2085.9688178896645,1659.613192790765,0.0023377181560969252,0.0023376737661057645,1.1668139364276329e-05,5.611775414308384,0.17246430248865086,0.47862136092359514
2020-03-16,3200,ewma,test,pca_only,8,20,log_euclidean,0.01,0.03961209448054787,5413.859475861482,1364.6260883925002,2383.873800133969,1191.936900066979,817.41391255554,0.001985558582032361,0.0019855141920412,1.9548705885122316e-05,4.870570716567909,0.15726816421669118,0.3611119281644675
2020-03-16,3200,ledoit_wolf,test,pca_only,8,20,log_euclidean,0.01,0.04620072803819286,10703.825385716136,869.0669995143973,327.22036679947394,163.61018339973685,-149.8152794724481,0.0011937051735195063,0.0011936607835283458,0.00011709225972761963,2.3053872081317013,0.08442363743984792,0.08191770879267607
2020-03-16,3200,oas,test,pca_only,8,20,log_euclidean,0.01,0.038833491677215136,8795.95426288322,706.963192061925,735.5376900271602,367.76884501357983,40.05931328026982,0.0015511474815501271,0.0015511030915589666,5.483717171458666e-05,3.8630842012156283,0.12595876916758,0.22777809525655313
2020-03-16,3200,shrink,test,pca_only,8,20,log_euclidean,0.01,0.04460500515199001,9715.804482809297,619.3471243925442,421.071990072636,210.53599503631787,-107.76354789771092,0.0011208119619291338,0.0011207675719379733,8.109945239167445e-05,3.02906204507089,0.12299816275538487,0.16424016234699867
2020-03-16,3200,persistence,test,pca_only,8,20,log_euclidean,0.01,0.04929141946423457,4171.023024700587,1305.7403740737063,2456.832145268102,1228.4160726340515,850.6710414343173,0.0014158931159420096,0.001415848725950849,1.8878594128667028e-05,4.446645757537517,0.1537926804897308,0.3257875775073467
2020-03-23,3205,D0_pca8,test,pca_only,8,20,log_euclidean,0.01,0.045507876731031766,2540.5526703094583,2583.346430475969,86508.20676234105,43254.103381170535,40767.692488543034,0.0006511876837338889,0.000651139992587603,1.8325988535582946e-07,2.687125619213651,0.11208827995178146,0.11728487762310302
2020-03-23,3205,rolling,test,pca_only,8,20,log_euclidean,0.01,0.013678034800300195,5666.941631133048,608.8409163701244,1544.6946427660466,772.34732138302,401.5118347868338,0.0007598665748449818,0.000759818883698696,1.5801806700175955e-05,5.314421603982113,0.17620648254583568,0.456846801273849
2020-03-23,3205,ewma,test,pca_only,8,20,log_euclidean,0.01,0.04940499272940005,5451.808551631043,668.8492944474677,935.4301846312878,467.71509231564335,115.95367905729822,0.0005414426007665226,0.0005413949096202368,2.6124451313198187e-05,4.671763575034553,0.14571206514706161,0.3624806094440253
2020-03-23,3205,ledoit_wolf,test,pca_only,8,20,log_euclidean,0.01,0.0171582694817268,10799.251608192186,750.8933374473776,261.32706370994936,130.66353185497456,-197.23141935109737,0.00040228040950426695,0.0004022327183579811,0.00014560455773018706,2.6634047261813367,0.08476297840751221,0.11230261886215819
2020-03-23,3205,oas,test,pca_only,8,20,log_euclidean,0.01,0.014434338073054696,9338.572653008952,543.6648962039362,339.818314601641,169.90915730082108,-162.5091994218921,0.00046745403561142837,0.0004674063444651425,7.721742039240077e-05,3.6285572362787186,0.12019822835560855,0.2167276942923594
2020-03-23,3205,shrink,test,pca_only,8,20,log_euclidean,0.01,0.01862471478812404,10440.349871921682,676.9442185006383,259.5637988203981,129.7818994101993,-198.87974760289492,0.00037316972881639506,0.0003731220376701092,0.00012203197114421803,2.8070594071191723,0.1305246620209003,0.15003785163267838
2020-03-23,3205,persistence,test,pca_only,8,20,log_euclidean,0.01,0.06086831879748577,4218.085802092804,730.4672047721056,1060.5700846262378,530.2850423131306,174.58920801520415,0.0004640806179917785,0.0004640329268454926,2.602237675460224e-05,4.70154751174852,0.15276633926675623,0.36056095629634993
2020-03-30,3210,D0_pca8,test,pca_only,8,20,log_euclidean,0.01,0.01583685832278598,2440.6499626036,3578.7211794599866,76754.75733745201,38377.37866872601,36756.298619184454,0.0004171269180651976,0.0004170933780636133,1.2363436920733828e-07,2.4772667569373312,0.09817911956779962,0.09811783350244449
2020-03-30,3210,rolling,test,pca_only,8,20,log_euclidean,0.01,0.01838536597648838,5750.686096329868,752.3414506805391,895.8480830959089,447.92404154794684,81.30017220915589,0.00041032136635982567,0.00041028782635824134,2.0759032446467156e-05,5.47361895776481,0.15581413614033443,0.4730957663439374
2020-03-30,3210,ewma,test,pca_only,8,20,log_euclidean,0.01,0.08834430913305097,5552.869919853731,784.273992177714,672.7550542253193,336.37752711265296,-23.792467478351846,0.000336355007261572,0.00033632146725998764,2.67370789068767e-05,4.864374071894998,0.14476874198654333,0.36476853643739793
2020-03-30,3210,ledoit_wolf,test,pca_only,8,20,log_euclidean,0.01,0.010084612171783374,10825.661027210837,534.6134447194772,273.9213795285002,136.9606897642502,-210.6938758167155,0.00025372921634711227,0.00025369567634552794,0.00016168351650915414,3.0384585144225955,0.095022514764699,0.13755719335232128
2020-03-30,3210,oas,test,pca_only,8,20,log_euclidean,0.01,0.01408162662280648,9663.866424616284,582.3527109014694,290.56967673384105,145.28483836692104,-204.17170870810278,0.00026507670766273266,0.00026504316766114833,9.491372954974237e-05,3.8464963193208725,0.11113709989536957,0.22184927345530242
2020-03-30,3210,shrink,test,pca_only,8,20,log_euclidean,0.01,0.008784721437088342,10903.765290668842,575.83284799633,270.1143976733605,135.05719883668,-212.5725184371501,0.00026590079420925973,0.0002658672542076754,0.0001554126919340874,2.89708476180092,0.14103645148102467,0.1520932172079467
2020-03-30,3210,persistence,test,pca_only,8,20,log_euclidean,0.01,0.1749549484491092,4179.21099147095,862.8905325523593,729.5378812739328,364.7689406369647,3.23932524200424,0.00028812402442517175,0.0002880904844235874,2.7756100390905793e-05,4.562722490545055,0.1896866116498304,0.3427448280252218
2020-04-06,3215,D0_pca8,test,pca_only,8,20,log_euclidean,0.01,0.008517894870582925,2271.662521864033,4664.423433584556,74872.88364127546,37436.4418206377,36015.23500349528,0.0003589599128826373,0.000358948494046012,1.3265348608776755e-07,2.6852402726337994,0.1187508426063178,0.12487576155728344
2020-04-06,3215,rolling,test,pca_only,8,20,log_euclidean,0.01,0.024961223452256674,5657.069714381449,1249.2534330128772,656.4248581359689,328.21242906798756,-43.905696706285184,0.0001418604747881126,0.00014184905595148725,2.134946182977514e-05,5.478430148495299,0.16866756726197896,0.47794272565305534
2020-04-06,3215,ewma,test,pca_only,8,20,log_euclidean,0.01,0.05839782389746932,5464.0825788076345,1183.1323007109477,601.2670253306338,300.63351266531015,-69.08931254282534,0.00020160121399988908,0.00020158979516326372,2.4398532002800014e-05,5.111165564317805,0.16785279249603385,0.40234511540134266
2020-04-06,3215,ledoit_wolf,test,pca_only,8,20,log_euclidean,0.01,0.013616947849694264,10878.85376047227,767.272051425432,284.3170546589443,142.15852732947178,-216.9729222908562,0.00015240783258229875,0.0001523964137456734,0.00017249506711616123,3.1298167499794127,0.10578224441960207,0.14696985356163964
2020-04-06,3215,oas,test,pca_only,8,20,log_euclidean,0.01,0.018894956060649584,9828.261921801984,954.2483466144149,278.8775076485264,139.4387538242625,-220.80042794424088,0.00013674617513792452,0.00013673475630129916,0.00010547241785281428,3.9246516604461568,0.1184083385220703,0.23236217783422594
2020-04-06,3215,shrink,test,pca_only,8,20,log_euclidean,0.01,0.010506168715864942,11031.590968957562,813.5295572127952,286.60939183668074,143.30469591834057,-215.81346943624993,0.00015880319614847176,0.0001587917773118464,0.00016934413205972035,2.9651325122873584,0.11467911191773408,0.15192840029227084
2020-04-06,3215,persistence,test,pca_only,8,20,log_euclidean,0.01,0.16994105862401332,4230.531212754364,1414.1030093033955,675.1795891343131,337.5897945671573,-30.506617761235635,0.0003081429372726797,0.00030813151843605435,1.775846583278314e-05,4.033366818440255,0.12333176090138365,0.24265599620429518
2020-04-14,3220,D0_pca8,test,pca_only,8,20,log_euclidean,0.01,0.006403991414729687,2311.0321020610113,4678.955022557868,54201.387538527706,27100.69376926384,25782.870212282196,0.00018400133001009205,0.00018399576816021851,1.4060427835088605e-07,2.6384287792647068,0.10534440022074801,0.11610122920856747
2020-04-14,3220,rolling,test,pca_only,8,20,log_euclidean,0.01,0.03524118415187011,5898.9419704604015,1235.7103055765278,586.5701551688745,293.28507758443874,-83.86888664070719,0.00021331981877464412,0.0002133142569247706,2.2968933994204112e-05,5.4883866787015565,0.1661551089405443,0.47516186620194095
2020-04-14,3220,ewma,test,pca_only,8,20,log_euclidean,0.01,0.04855459289710943,5688.918595137486,1099.3144163294533,603.4626069538001,301.7313034769016,-75.42348078077596,0.00019419368890917897,0.00019418812705930544,2.2492585659181966e-05,5.149091831128571,0.15703464622064772,0.4143746729147058
2020-04-14,3220,ledoit_wolf,test,pca_only,8,20,log_euclidean,0.01,0.021323228171702686,10861.081503100339,757.4496437163094,290.89103065556816,145.44551532778456,-220.94353778642002,0.00014842934891463893,0.0001484237870647654,0.0001758234315451856,3.372999133222392,0.09191568151631073,0.16521476420428263
2020-04-14,3220,oas,test,pca_only,8,20,log_euclidean,0.01,0.02702365722960729,10006.68087154397,927.5941869211374,282.1787470484789,141.08937352423973,-226.13528127734722,0.00016364123699393399,0.00016363567514406045,0.0001150341849680601,4.037390924680671,0.11683178656453642,0.24164075167457644
2020-04-14,3220,shrink,test,pca_only,8,20,log_euclidean,0.01,0.014546591640919461,11230.745472187016,788.5125175259304,300.4000278607886,150.20001393039433,-216.07255908572105,0.00014831976459479817,0.00014831420274492464,0.0001881145345696395,3.0647647599963346,0.10992828589190662,0.15617668538228738
2020-04-14,3220,persistence,test,pca_only,8,20,log_euclidean,0.01,0.03972861159535876,4244.722127838824,912.8155471179493,840.0837159855922,420.04185799279594,39.83420311942502,0.0001239823123730512,0.00012397675052317766,6.4320346424443345e-06,3.0628368528433603,0.09134634267610668,0.13690642184865298
2020-04-21,3225,D0_pca8,test,pca_only,8,20,log_euclidean,0.01,0.004873983198521323,2309.1813839463766,5226.939970465362,34146.6386461975,17073.31932309876,16178.493842240336,0.00010551569542039126,0.00010550652292995837,2.1573422208003038e-07,2.465703482454858,0.0997467806050309,0.10928998987294226
2020-04-21,3225,rolling,test,pca_only,8,20,log_euclidean,0.01,0.04032227385469466,5946.767895438127,1413.7594902201881,582.4438496479536,291.2219248239767,-86.85429962821063,0.00018399518366265217,0.0001839860111722193,2.7955740746094586e-05,5.898805943814448,0.20416841067359023,0.5521392651472443
2020-04-21,3225,ewma,test,pca_only,8,20,log_euclidean,0.01,0.03179526287568116,5721.78619084932,1132.4820526813814,671.3742665369704,335.68713326848973,-43.43403303656513,0.00017923917006896893,0.00017922999757853604,2.305238669438017e-05,5.652917329327675,0.17166903375758838,0.4928169356774161
2020-04-21,3225,ledoit_wolf,test,pca_only,8,20,log_euclidean,0.01,0.02555716297650344,10824.062249103143,840.706047577432,294.51670975575405,147.25835487787708,-221.8419297484291,0.00012205508013189809,0.0001220459076414652,0.00019139788585285133,3.494157918136263,0.09022294333010464,0.1799614198706237
2020-04-21,3225,oas,test,pca_only,8,20,log_euclidean,0.01,0.031234535748927154,10041.643357297697,1042.8233863714736,286.58301753569924,143.29150876784823,-226.47998641181417,0.00013897748810370387,0.00013896831561327098,0.0001319215151964125,4.160973997585485,0.11895763722604774,0.26033130255227166
2020-04-21,3225,shrink,test,pca_only,8,20,log_euclidean,0.01,0.017072056102435777,11274.6497033599,850.3295653436483,307.1078141503011,153.55390707515056,-215.44349788685713,9.70425249471559e-05,9.703335245672302e-05,0.00020927482675273367,3.1564995225027634,0.11818605497770396,0.16282380178869654
2020-04-21,3225,persistence,test,pca_only,8,20,log_euclidean,0.01,0.024779343034974997,4050.2555225647466,1076.2619393081789,1069.2541002952642,534.6270501476313,151.0102777374189,0.00011567058141732433,0.00011566140892689144,4.45966877735045e-06,2.9119094566963155,0.10391512393305555,0.12970238622850563
2020-04-28,3230,D0_pca8,test,pca_only,8,20,log_euclidean,0.01,0.006800097533776168,2236.9701584484937,5064.202942635934,77718.49950415385,38859.24975207692,36828.93380860303,0.00013897456449052107,0.00013896295759164545,9.007380669754571e-08,2.680424568893621,0.1181286102976938,0.12129743041143655
2020-04-28,3230,rolling,test,pca_only,8,20,log_euclidean,0.01,0.041538274827914425,5990.960926560492,1386.656230669478,561.2036859104248,280.6018429552122,-100.054036253303,0.0002509390110136812,0.0002509274041148056,2.8885844384525813e-05,5.876252199362678,0.2096258030990875,0.5567148363041204
2020-04-28,3230,ewma,test,pca_only,8,20,log_euclidean,0.01,0.016021244931557224,5750.420171561511,1026.1872738790025,741.380400642888,370.6902003214483,-15.682407405093675,0.00022642423091182978,0.00022641262401295416,1.8692148968196614e-05,5.560194485393383,0.1832767215318561,0.48672500715154754
2020-04-28,3230,ledoit_wolf,test,pca_only,8,20,log_euclidean,0.01,0.02675271595104106,10819.91983790439,848.0635247711464,292.65024912019965,146.32512456010005,-222.79381123153684,0.00017741192803527638,0.00017740032113640076,0.00019084491465935297,3.5305596360972857,0.09203062730445305,0.18247800258134747
2020-04-28,3230,oas,test,pca_only,8,20,log_euclidean,0.01,0.03214429001297587,10089.818499782472,1027.169048275037,284.1558463977316,142.07792319886454,-227.857293246305,0.00019987198077030857,0.00019986037387143295,0.00013485633293276554,4.132079230581572,0.11764310097446236,0.25681944824297975
2020-04-28,3230,shrink,test,pca_only,8,20,log_euclidean,0.01,0.017599077118223706,11311.740062267942,862.7675696077363,307.02898101456844,153.51449050728405,-215.33780021789252,0.00014774965342601298,0.00014773804652713735,0.00021281938538451458,3.1267851150352937,0.12378282766118774,0.16153992596332156
2020-04-28,3230,persistence,test,pca_only,8,20,log_euclidean,0.01,0.005597037850522222,4057.3689601823553,807.8663232573058,1718.1048619571945,859.0524309785949,452.16954054066616,0.00014968991628647527,0.00014967830938759965,2.6294706796254072e-06,2.811319658333587,0.0755143076575613,0.1195971258820902
2020-05-05,3235,D0_pca8,test,pca_only,8,20,log_euclidean,0.01,0.005094887566741835,2217.886850561651,5712.053217226989,65402.83966377096,32701.41983188548,31287.104788809567,0.0001855066581488386,0.00018549524155106828,1.1808094440593157e-07,2.929490291659047,0.12174393611348637,0.139707518335851
2020-05-05,3235,rolling,test,pca_only,8,20,log_euclidean,0.01,0.05157711729622816,6016.194774371902,1617.2502756115568,513.3185026359439,256.65925131797616,-128.11799661066692,0.00025925490310803627,0.0002592434865102659,3.059593144086025e-05,6.073706108681086,0.21621425783537446,0.5685545631494728
2020-05-05,3235,ewma,test,pca_only,8,20,log_euclidean,0.01,0.013295885683575457,5769.086684602089,1038.334431966024,732.1338826207565,366.0669413103798,-26.33375370762972,0.00023446977624665485,0.00023445835964888454,1.647980225006298e-05,5.506019104527844,0.17056125658242716,0.47846914323694795
2020-05-05,3235,ledoit_wolf,test,pca_only,8,20,log_euclidean,0.01,0.03518769395616006,10804.23467138131,1056.325220999479,300.27592818476637,150.13796409238316,-225.06527717375417,0.00018216510097038963,0.00018215368437261931,0.00019283722098602967,3.5659395111148804,0.10084781524025262,0.19181805844535002
2020-05-05,3235,oas,test,pca_only,8,20,log_euclidean,0.01,0.04064589195025946,10162.040482989192,1234.3707146419733,289.9385138550296,144.96925692751512,-230.83941078332236,0.00020001064815147756,0.00019999923155370725,0.00014149745223751076,4.081569981418273,0.11858942162190239,0.26077421462684613
2020-05-05,3235,shrink,test,pca_only,8,20,log_euclidean,0.01,0.023155165798091723,11380.768922789624,988.8140983883649,316.984075975011,158.49203798750574,-216.4566909924221,0.000181493268833657,0.00018148185223588667,0.0002198065670704735,3.1317187012032632,0.12899178540125816,0.16461912614446958
2020-05-05,3235,persistence,test,pca_only,8,20,log_euclidean,0.01,0.0021470642777634535,3885.8277700413064,725.4951380541787,1936.448602068152,968.2243010340592,549.6091565644267,0.00014617801399715577,0.00014616659739938545,1.6196884389550836e-06,2.475554164798259,0.07785630107543558,0.09627036840285884
2020-05-12,3240,D0_pca8,test,pca_only,8,20,log_euclidean,0.01,0.008014811682921803,2168.2335115711903,6296.624812998542,62118.00646737052,31059.00323368525,29371.20004694879,0.0001965403533096767,0.00019653266276219874,1.1043759997152442e-07,2.7015873852072856,0.10862880986710965,0.12133857544388593
2020-05-12,3240,rolling,test,pca_only,8,20,log_euclidean,0.01,0.04680024743209771,6016.250084346791,2039.883060062722,493.1254446126525,246.56272230632652,-132.55491708973233,0.00022529961745128762,0.00022529192690380967,2.4292717956746467e-05,5.593064715818919,0.1547282875995057,0.46420406234169037
2020-05-12,3240,ewma,test,pca_only,8,20,log_euclidean,0.01,0.006123439071342444,5734.043099273212,1271.5611014578726,785.3101667173701,392.65508335867986,3.0626465558933837,0.00019121834101833258,0.00019121065047085462,1.2874659084066346e-05,5.750223739163946,0.16980367198218757,0.4824871418434677
2020-05-12,3240,ledoit_wolf,test,pca_only,8,20,log_euclidean,0.01,0.0312885697749466,10844.714014818175,1382.0901596715976,288.8942675229355,144.44713376146763,-224.26261627706782,0.00019513675819101387,0.00019512906764353592,0.00017374321862964902,3.5227570935373613,0.09088318152595316,0.17995282908783297
2020-05-12,3240,oas,test,pca_only,8,20,log_euclidean,0.01,0.03665365675796238,10169.152300992951,1604.2428855127725,277.4754245241081,138.73771226205415,-230.69108294375238,0.00020744405426778272,0.00020743636372030477,0.00012196549629539282,4.061777765584111,0.10012533984061826,0.24182541861835868
2020-05-12,3240,shrink,test,pca_only,8,20,log_euclidean,0.01,0.020721894094840092,11356.061351298133,1301.664526144712,303.4645068291163,151.73225341455782,-216.66653896830644,0.0002001665434950427,0.00020015885294756474,0.00019718709994761025,3.105690563880565,0.12032102785534045,0.16475779613303976
2020-05-12,3240,persistence,test,pca_only,8,20,log_euclidean,0.01,0.002160371804582425,3903.6460955265916,923.5284434866652,2399.948549122769,1199.9742745613876,768.6161316813709,0.00010414378971567779,0.00010413609916819985,1.0402598809165171e-06,2.0488273272255118,0.06566206017235879,0.07150407690082965
2020-05-19,3245,D0_pca8,test,pca_only,8,20,log_euclidean,0.01,0.011334476161891606,2134.643739679684,3865.743602415927,57826.690787170046,28913.345393585027,27201.546866749697,0.00029185427594525474,0.0002918294076035075,1.3225057610923563e-07,2.679219785528496,0.10676090953228373,0.12514784791964362
2020-05-19,3245,rolling,test,pca_only,8,20,log_euclidean,0.01,0.037195825011773126,5855.33639452212,798.5276916331964,462.90360631821716,231.4518031591106,-141.7665137363678,0.00016387624388939222,0.000163851375547645,2.223334779878181e-05,5.5923274568751316,0.15677707020480827,0.4616874728363158
2020-05-19,3245,ewma,test,pca_only,8,20,log_euclidean,0.01,0.003598812404645132,5576.197731462182,455.22115926501243,745.6440361800661,372.8220180900362,-9.997446387476064,0.00021733384908587057,0.00021730898074412335,1.2451587037132314e-05,5.917961129129036,0.17607545982598463,0.521044352350475
2020-05-19,3245,ledoit_wolf,test,pca_only,8,20,log_euclidean,0.01,0.02510710778675225,10461.025353089999,591.9136491437848,266.6463715203282,133.3231857601644,-231.15814405256089,0.00015381514672236314,0.00015379027838061593,0.00014285055984916706,3.616747398397883,0.10664956577209032,0.1897011269654486
2020-05-19,3245,oas,test,pca_only,8,20,log_euclidean,0.01,0.02904083741843322,9841.45982968339,645.7833024766977,258.71468053352834,129.35734026676428,-235.8008326162264,0.000152611572695487,0.00015258670435373977,0.00010132458273089302,4.152461334447641,0.11336579176952033,0.24837474488065903
2020-05-19,3245,shrink,test,pca_only,8,20,log_euclidean,0.01,0.01432005478386005,11238.81975880339,651.6831598579474,288.2828314729747,144.14141573648703,-219.88139374772382,0.00019435053862578474,0.00019432567028403752,0.00018045221295318208,3.039384997151147,0.11573917569451145,0.1588072197990057
2020-05-19,3245,persistence,test,pca_only,8,20,log_euclidean,0.01,0.002976067382545143,3772.3504284401897,693.7576702108087,2387.190315788655,1193.5951578943257,771.2878247080228,0.00015454450132324968,0.00015451963298150246,9.963239571155383e-07,2.0987838428247945,0.07615942786369119,0.07272467022600511
2020-05-27,3250,D0_pca8,test,pca_only,8,20,log_euclidean,0.01,0.011095190757126804,2156.438202595458,3264.344111376203,119968.37777138391,59984.18888569197,56576.88832573489,0.0001718668825401664,0.00017184355935234802,6.183929245017614e-08,2.8550339151272404,0.14034702723723433,0.13838791224076943
2020-05-27,3250,rolling,test,pca_only,8,20,log_euclidean,0.01,0.013207266818194608,5768.175119626729,506.97772808484297,545.9024382761622,272.95121913807884,-108.09477518886175,0.00017127081701040988,0.0001712474938225915,1.4069140871802674e-05,4.9176560319539595,0.16249170762361917,0.36964105861102486
2020-05-27,3250,ewma,test,pca_only,8,20,log_euclidean,0.01,0.002170342002648454,5466.0833970888825,394.6179818939661,865.4378340286942,432.7189170143477,41.1562016243649,0.00023063872812168512,0.00023061540493386675,8.687819078555442e-06,5.2675564100344525,0.1699031638193995,0.4411584937987486
2020-05-27,3250,ledoit_wolf,test,pca_only,8,20,log_euclidean,0.01,0.008204549420520445,10206.3955318401,504.9354570333538,262.9959323847665,131.49796619238265,-237.26405881855308,0.00015631452113257224,0.00015629119794475388,8.759019472934478e-05,2.9366859501184592,0.07861112385558058,0.13215476600974987
2020-05-27,3250,oas,test,pca_only,8,20,log_euclidean,0.01,0.0100065573302299,9512.44197793934,478.7054290241598,257.7037559721922,128.8518779860957,-240.87640506600883,0.00015515781303019927,0.0001551344898423809,6.007427525051263e-05,3.3722810958131135,0.09183208416460067,0.17395729805794763
2020-05-27,3250,shrink,test,pca_only,8,20,log_euclidean,0.01,0.005197955297912689,10775.15297541568,660.4233813913729,276.5819529200901,138.2909764600455,-230.04008920766486,0.00015687193255709862,0.00015684860936928026,9.661089732718486e-05,2.5738593103970113,0.10984870184000861,0.12812462941219407
2020-05-27,3250,persistence,test,pca_only,8,20,log_euclidean,0.01,0.002384155376152901,3673.3238114766145,664.0761083896966,1995.2776973279201,997.6388486639611,569.8451240228208,0.00013862803115630775,0.00013860470796848938,1.187557542330632e-06,2.375661880798733,0.07855188345558806,0.08468754378619274
2020-06-03,3255,D0_pca8,test,pca_only,8,20,log_euclidean,0.01,0.009401506852518088,2173.8605853863664,2517.5146222911017,110509.08575238081,55254.5428761904,52270.75042630486,0.0001476343210925783,0.00014760501768474558,5.990393575025792e-08,2.7267970659119922,0.12158830353230746,0.13140584196951302
2020-06-03,3255,rolling,test,pca_only,8,20,log_euclidean,0.01,0.003745801493777469,5628.239727358805,505.4304678453076,752.0194326650554,376.00971633252976,-12.730054785305352,0.0001512992680908262,0.00015126996468299347,9.37953470245077e-06,4.85910456918392,0.15966529227726767,0.3772524542386399
2020-06-03,3255,ewma,test,pca_only,8,20,log_euclidean,0.01,0.0019439836412525648,5356.215805623939,729.6341191270803,1050.3870838431385,525.1935419215715,127.20422561049263,0.0001583848478198428,0.00015835554441201007,7.649719443125148e-06,5.475910693949737,0.1733578667549314,0.45608313480811585
2020-06-03,3255,ledoit_wolf,test,pca_only,8,20,log_euclidean,0.01,0.0027202202727197094,9359.500530874127,586.231437448452,258.74667357428655,129.37333678714384,-242.58124473196722,0.00016115583346146695,0.00016112653005363422,5.37915749006817e-05,3.049451956241903,0.10347322041957642,0.14848271986115352
2020-06-03,3255,oas,test,pca_only,8,20,log_euclidean,0.01,0.002917807883825222,9018.52254670342,552.8222241837486,267.02143462234363,133.51071731117173,-239.1976875798519,0.0001570030062634932,0.00015697370285566048,4.383976668498874e-05,3.327965465060099,0.11233840710783918,0.17646479366233897
2020-06-03,3255,shrink,test,pca_only,8,20,log_euclidean,0.01,0.002172468713254055,10101.392067988145,800.7743593055553,260.73979789171244,130.36989894585645,-240.80926813219912,0.00017955825391573855,0.00017952895050790582,6.268715470992409e-05,2.406216584218377,0.1808597538588488,0.1408540160966502
2020-06-03,3255,persistence,test,pca_only,8,20,log_euclidean,0.01,0.0026209069153779237,3636.009235781881,1263.569816541165,2370.5382931880154,1185.2691465939952,753.6310976524544,0.00018600701907706656,0.00018597771566923382,1.0656254357004808e-06,2.393920948561442,0.07548737077694989,0.08633734634210545
2020-06-10,3260,D0_pca8,test,pca_only,8,20,log_euclidean,0.01,0.004717515772966961,2082.2312206914894,2249.3832220621816,102083.63944093263,51041.81972046631,50274.52369532363,0.0001335875450961361,0.00013357729410667612,4.8355159581430765e-08,2.7752434855084815,0.1146429530859716,0.12972739034039815
2020-06-10,3260,rolling,test,pca_only,8,20,log_euclidean,0.01,0.00219165689072758,5373.147634150679,939.6333306123702,789.8868999902448,394.94344999511685,-1.192218994956295,0.00027237830478543917,0.00027236805379597916,7.866278762976067e-06,5.098019389827853,0.17470922142364229,0.40273810472373617
2020-06-10,3260,ewma,test,pca_only,8,20,log_euclidean,0.01,0.002313218927992108,5134.144460838399,1239.2619920590273,872.0638441091456,436.0319220545669,36.95056137377514,0.00025617722903479467,0.00025616697804533466,6.918941251975388e-06,4.8136772747442205,0.16951476516246242,0.355475422928172
2020-06-10,3260,ledoit_wolf,test,pca_only,8,20,log_euclidean,0.01,0.0016468534704891995,8642.630873163595,1020.4644330930045,277.1733110286313,138.5866555143152,-246.20693784359418,0.00023942395930735098,0.000239413708317891,3.5335545147970304e-05,3.420710795544957,0.10994843976448639,0.17267344209271623
2020-06-10,3260,oas,test,pca_only,8,20,log_euclidean,0.01,0.0016322806873186057,8680.604184658347,1024.7491391309788,275.5105907273193,137.7552953636599,-246.9673565181901,0.00023857428437883179,0.0002385640333893718,3.6180392354212836e-05,3.3840003655067656,0.10833309426934801,0.16872939955573593
2020-06-10,3260,shrink,test,pca_only,8,20,log_euclidean,0.01,0.001117762138305067,9597.450553306193,1275.564231246889,269.7241415231673,134.86207076158394,-249.10327590196457,0.0002185009749361377,0.00021849072394667773,4.8760782079465216e-05,2.4880556316240083,0.13945427020112758,0.12243867597224649
2020-06-10,3260,persistence,test,pca_only,8,20,log_euclidean,0.01,0.002829309247789081,3596.375050879781,1913.0731395702537,1810.5176309655994,905.2588154827984,495.650009622174,0.00020177754636362116,0.0002017672953741612,8.143138957509614e-07,2.0612564242389757,0.05114855069076671,0.056142680311800704
2020-06-17,3265,D0_pca8,test,pca_only,8,20,log_euclidean,0.01,0.0015573285832844131,2047.0304200033245,4295.840495439351,147635.0964453632,73817.54822268158,71278.75836157959,8.902249232751249e-05,8.90163989684704e-05,3.98250207253223e-08,2.9639594554177155,0.1617763187284608,0.16572665982345688
2020-06-17,3265,rolling,test,pca_only,8,20,log_euclidean,0.01,0.0050614313119520474,5254.03926065236,754.2130067200669,820.665555745431,410.33277787271777,2.702264597966791,0.0002199729197523927,0.00021996682639335063,5.913406945188966e-06,4.321550024347231,0.17061539482701743,0.3221640432014696
2020-06-17,3265,ewma,test,pca_only,8,20,log_euclidean,0.01,0.006471748838571449,5031.9262729293505,734.8414621241866,839.4530295938489,419.72651479692945,10.323080725816453,0.00020431509151825586,0.00020430899815921378,5.206926303642043e-06,3.8961445279354923,0.15330807308909408,0.2608238384900702
2020-06-17,3265,ledoit_wolf,test,pca_only,8,20,log_euclidean,0.01,0.0038471485266235532,8506.185763432259,646.5603787177846,303.7725318074008,151.88626590370023,-246.36606235995396,0.00018389645844456512,0.00018389036508552304,2.965283666218864e-05,3.2976548916729596,0.12926912434311644,0.17831465896824197
2020-06-17,3265,oas,test,pca_only,8,20,log_euclidean,0.01,0.003870398845406171,8480.705239015111,648.4064969514493,305.16259626872045,152.58129813435994,-245.7162454641511,0.0001846898307854883,0.0001846837374264462,2.909967056707198e-05,3.314061700553389,0.1301670859748543,0.18055170266031936
2020-06-17,3265,shrink,test,pca_only,8,20,log_euclidean,0.01,0.0018472378215236278,9522.88449297806,605.8607778392043,294.01841681865034,147.0092084093254,-250.45737851204566,0.0001295816424418222,0.00012957554908278013,4.596102030724642e-05,2.4824187900319825,0.18789903481010564,0.14263056733108673
2020-06-17,3265,persistence,test,pca_only,8,20,log_euclidean,0.01,0.006297812535648197,3659.884844289976,805.2766820322729,1538.9234795393513,769.46173976968,347.7849940222821,0.00010140969443457768,0.0001014036010755356,1.9074832171225334e-06,2.6116102145344904,0.1100323892531304,0.11609766762842579
2020-06-24,3270,D0_pca8,test,pca_only,8,20,log_euclidean,0.01,0.0011662759455149565,2039.6826926396711,5535.666256687367,137499.3528393595,68749.67641967974,65807.99388993999,0.00017253127780741202,0.00017252783160175456,4.858624407684749e-08,3.346493863346044,0.15484859844178492,0.1862421058455251
2020-06-24,3270,rolling,test,pca_only,8,20,log_euclidean,0.01,0.0035890495722784425,5114.259802769775,926.7021097851734,960.331146641315,480.16557332065696,65.60436555690393,0.00017033349253385793,0.00017033004632820048,5.6937806427257195e-06,4.747593382801099,0.15281914659338988,0.3537881842306428
2020-06-24,3270,ewma,test,pca_only,8,20,log_euclidean,0.01,0.0033456710334917364,4897.087574527506,970.5525061826124,1051.8013640705292,525.9006820352668,109.73162260216618,0.00016430841929975393,0.00016430497309409648,4.391613147896951e-06,4.186363680355607,0.1387159390153396,0.2686244159565733
2020-06-24,3270,ledoit_wolf,test,pca_only,8,20,log_euclidean,0.01,0.002747788264929092,8242.120491049209,780.4369807848249,316.6634296896626,158.33171484483123,-242.48389925094057,0.0001359561546857119,0.00013595270848005444,2.6082286747378238e-05,3.3027085060760126,0.12451791467219431,0.17182053313930398
2020-06-24,3270,oas,test,pca_only,8,20,log_euclidean,0.01,0.0027545528264127806,8231.7119422574,781.6116924265203,317.46202519742883,158.7310125987154,-242.1109075248641,0.000136251725576439,0.00013624827937078155,2.589457113488878e-05,3.3127904209895163,0.12479808316374758,0.1727923263387523
2020-06-24,3270,shrink,test,pca_only,8,20,log_euclidean,0.01,0.0013735314555099192,9203.928094698513,663.9459115618295,293.87375995307474,146.93687997653674,-252.74692512953303,0.00010127186322253555,0.0001012684170168781,3.742893310765099e-05,2.4646080306127,0.24222672975752677,0.15129176022052465
2020-06-24,3270,persistence,test,pca_only,8,20,log_euclidean,0.01,0.00645421509777201,3664.243555342739,1207.4878024729178,1790.0077944879263,895.0038972439588,469.4706883199377,9.094304523399508e-05,9.093959902833763e-05,1.7041828950843349e-06,2.605042143024365,0.11385284776723523,0.11249404994143115
2020-07-01,3275,D0_pca8,test,pca_only,8,20,log_euclidean,0.01,0.000751197589497649,2043.1055445767533,6235.109051570553,145202.40160641726,72601.20080320865,69811.49999267029,4.255331055591838e-05,4.2550779242881055e-05,4.112720596807314e-08,3.2890837996395526,0.13232352332111175,0.17313431254928338
2020-07-01,3275,rolling,test,pca_only,8,20,log_euclidean,0.01,0.0036986859205909613,5128.203117841428,1025.1054835799737,994.7269195876197,497.3634597938006,83.98638298975429,0.00012553767803712964,0.00012553514672409232,4.708348789596672e-06,4.530260466074459,0.16331373711573854,0.31271640432390657
2020-07-01,3275,ewma,test,pca_only,8,20,log_euclidean,0.01,0.00344778896538899,4887.990716864323,1297.8078470516311,1052.3560269776701,526.1780134888436,112.33533036600822,0.00012705965377559516,0.00012705712246255784,4.140370918149936e-06,4.244743844588673,0.17424029235634783,0.29047717618996916
2020-07-01,3275,ledoit_wolf,test,pca_only,8,20,log_euclidean,0.01,0.002830863389425462,8241.9676558501,812.4856944725768,321.945276846614,160.9726384233083,-242.82265755676235,7.83402538122847e-05,7.833772249924738e-05,2.3327652444992993e-05,3.066860593814076,0.12397288225623254,0.15348325840976523
2020-07-01,3275,oas,test,pca_only,8,20,log_euclidean,0.01,0.002871754899965816,8180.619048398081,822.6421212568873,326.69633801149064,163.34816900574577,-240.55244480702595,7.979739029443893e-05,7.979485898140161e-05,2.233576540455098e-05,3.125038978320323,0.12595598819880618,0.15866794044719645
2020-07-01,3275,shrink,test,pca_only,8,20,log_euclidean,0.01,0.001476081149707673,9109.910851384604,649.599461744281,298.8847841171115,149.44239205855592,-253.83735424943052,5.3720129074556437e-05,5.371759776151911e-05,3.0406186425266073e-05,2.3026560279229273,0.2568583743980432,0.16222617787717314
2020-07-01,3275,persistence,test,pca_only,8,20,log_euclidean,0.01,0.006141475753418957,3624.8235592253955,1708.5328277474255,1847.8059023556348,923.9029511777961,500.85018766491214,8.595638657328354e-05,8.595385526024622e-05,1.8587093934390135e-06,2.5918038204171054,0.11190606343552112,0.12917943220279737
2020-07-09,3280,D0_pca8,test,pca_only,8,20,log_euclidean,0.01,0.0004992872796423203,2077.1205346174684,7391.720220493289,118906.94793808897,59453.47396904449,56913.02831412314,0.0001064040031735493,0.00010640114759465237,5.921120324561664e-08,3.454165419143441,0.17923493460573686,0.19880155935262686
2020-07-09,3280,rolling,test,pca_only,8,20,log_euclidean,0.01,0.0042266520814564015,5226.43029662835,1340.2667956258313,1226.311027185683,613.1555135928409,196.53366325332337,0.00015366233752247535,0.00015365948194357842,3.7523463534152985e-06,4.118162335387893,0.1324485497654351,0.2674439884310888
2020-07-09,3280,ewma,test,pca_only,8,20,log_euclidean,0.01,0.0024149967360947624,4959.974681751153,1487.4460614403215,1454.6527527577125,727.3263763788502,308.0258950698206,0.00014836269492420154,0.0001483598393453046,2.9986247302779777e-06,4.027354018679592,0.12653984360011783,0.2602995966412258
2020-07-09,3280,ledoit_wolf,test,pca_only,8,20,log_euclidean,0.01,0.003306619787925771,8201.581173678369,1057.3253414506794,351.3958253130651,175.69791265653362,-228.94699721573292,0.00010115241218860546,0.00010114955660970854,2.0076693781978003e-05,2.9964969684735934,0.1015083605920769,0.14399692724079352
2020-07-09,3280,oas,test,pca_only,8,20,log_euclidean,0.01,0.0033781809529866372,8101.280444523776,1080.7888154209115,362.99350631103243,181.49675315551633,-223.35414246255124,0.00010462903686535565,0.00010462618128645873,1.8589448151686016e-05,3.071062660781664,0.10294376519979741,0.15154883708928654
2020-07-09,3280,shrink,test,pca_only,8,20,log_euclidean,0.01,0.0018453548525344575,9028.628359998505,761.5066397704798,310.42412468871964,155.2120623443593,-248.7744184977436,5.528194755537745e-05,5.5279091976480526e-05,2.9618842489511477e-05,2.174610516787528,0.15932026665950705,0.12297302208630377
2020-07-09,3280,persistence,test,pca_only,8,20,log_euclidean,0.01,0.0034036158675366263,3593.838706701592,2505.037972254922,2722.8508034353777,1361.425401717684,931.0779812511082,0.00010921330732688527,0.00010921045174798835,1.177626347174324e-06,2.7143916169856523,0.09074027923679698,0.11091124590179782
2020-07-16,3285,D0_pca8,test,pca_only,8,20,log_euclidean,0.01,0.00042193387263874977,2130.167928205234,8580.328362111068,101035.63870314683,50517.81935157341,48474.59569569833,0.00019230348755228555,0.00019230182372729923,5.45624111672494e-08,2.9551523084102325,0.12689916923860944,0.14447980099905874
2020-07-16,3285,rolling,test,pca_only,8,20,log_euclidean,0.01,0.0040195307420082885,5156.690510944022,1659.1946242650506,1383.5466692231394,691.7733346115735,270.3348418074355,0.0001354310650055425,0.00013542940118055618,3.944683991323856e-06,4.265545526586074,0.16943606651660678,0.3022462545047109
2020-07-16,3285,ewma,test,pca_only,8,20,log_euclidean,0.01,0.00247550402556025,4922.428302517113,1677.0703838128802,1610.145557829071,805.0727789145222,381.8837245659844,0.00012745804659060954,0.00012745638276562323,3.6142232750674085e-06,4.27002211784616,0.15566646307302565,0.3055307354971765
2020-07-16,3285,ledoit_wolf,test,pca_only,8,20,log_euclidean,0.01,0.003142279184136536,8176.7324921328145,1308.08517668008,364.6198849041592,182.30994245207842,-226.02224312634945,9.888759363483904e-05,9.888592980985271e-05,2.2031081642892872e-05,3.042739080912795,0.1114776859166208,0.15067388687308791
2020-07-16,3285,oas,test,pca_only,8,20,log_euclidean,0.01,0.0032514648068393192,8013.412737318194,1353.9644372394919,385.9840624508671,192.99203122543236,-215.691771133585,0.00010307253956595502,0.00010307087574096869,1.9528372625246156e-05,3.183300711496,0.11818574855507355,0.16534916108744005
2020-07-16,3285,shrink,test,pca_only,8,20,log_euclidean,0.01,0.0018669074301212352,8929.594819198748,997.3235618449695,323.2888002546399,161.64440012731947,-245.89331147987613,5.395285337559134e-05,5.3951189550605015e-05,2.9777468410791765e-05,2.288827531489545,0.14350221273901376,0.13298472041680917
2020-07-16,3285,persistence,test,pca_only,8,20,log_euclidean,0.01,0.0011341629977139286,3588.820170168359,1714.9413788171837,3782.4628809652254,1891.2314404825952,1437.5166270713983,7.88741939693976e-05,7.887253014441127e-05,6.636454626312168e-07,2.4312371388383265,0.08178017004918879,0.0864125540807054
2020-07-23,3290,D0_pca8,test,pca_only,8,20,log_euclidean,0.01,0.00029839148501811395,2160.642231236931,8451.150105719938,96665.45525633376,48332.72762816689,46998.349018319685,0.00018161736226033698,0.00018161592451046803,4.9455624116413974e-08,2.7707194133476474,0.13813864464838974,0.1377527071670781
2020-07-23,3290,rolling,test,pca_only,8,20,log_euclidean,0.01,0.0038499318631506794,5072.020797327096,1611.6382434378852,1206.5648694889237,603.2824347444572,184.79032449860034,0.00012790438484238913,0.00012790294709252018,4.313778430852679e-06,4.634528778650148,0.16292937389823567,0.34294276435572846
2020-07-23,3290,ewma,test,pca_only,8,20,log_euclidean,0.01,0.0015325850960364682,4843.72568411746,1326.7727442277753,1564.5114372279604,782.2557186139906,361.3397208108778,0.00016417559850443115,0.0001641741607545622,3.587516300832649e-06,4.755872330643104,0.14925183270314732,0.3660730566642311
2020-07-23,3290,ledoit_wolf,test,pca_only,8,20,log_euclidean,0.01,0.002974611991757914,8172.407662877458,1247.4222365802439,347.25643040839907,173.62821520419976,-239.43036161629362,6.921535088458278e-05,6.921391313471384e-05,2.5078160390400718e-05,3.119780916368986,0.11877175587933672,0.16239761759938057
2020-07-23,3290,oas,test,pca_only,8,20,log_euclidean,0.01,0.0031114695672136657,7962.953893695939,1306.5419448362213,367.9795559432016,183.98977797160018,-229.2402529377792,7.714245249762837e-05,7.714101474775944e-05,2.1586863865960017e-05,3.327331613146229,0.12286684284675066,0.18492989874774257
2020-07-23,3290,shrink,test,pca_only,8,20,log_euclidean,0.01,0.0017834499116335142,8873.704775630247,954.5303645774381,319.0795992928955,159.53979964644756,-253.34600113248956,4.2641018727000454e-05,4.263958097713151e-05,3.0157267337854642e-05,2.311717313039569,0.1681479021958154,0.14463990569797075
2020-07-23,3290,persistence,test,pca_only,8,20,log_euclidean,0.01,0.0007620065904435905,3464.605713227732,1305.2851786285764,3309.990682414171,1654.9953412070936,1211.0453928751692,3.8337578861653126e-05,3.8336141111784184e-05,4.780567584349662e-07,2.0415650389857314,0.07212662625694949,0.06561007751295324
2020-07-30,3295,D0_pca8,test,pca_only,8,20,log_euclidean,0.01,0.00033961733926573883,2114.3864463926734,8750.9263876105,98461.38183187284,49230.690915936415,48556.301673391856,0.00021158850884781395,0.00021158621998344977,5.2063162270357213e-08,3.1617608350400563,0.13484460498573167,0.16802587534221455
2020-07-30,3295,rolling,test,pca_only,8,20,log_euclidean,0.01,0.00251774332885743,5047.526138297413,1501.621593777493,1110.4274889511303,555.2137444755758,139.45868572647072,0.00010201363224002836,0.00010201134337566418,4.4093037539112125e-06,4.85253901709959,0.1489099207817199,0.3691339532552574
2020-07-30,3295,ewma,test,pca_only,8,20,log_euclidean,0.01,0.0007171447558920519,4822.910915230431,1254.615810781487,1459.4137327037606,729.7068663518801,316.2891360750192,0.00014461914952422587,0.00014461686065986168,3.583713399404332e-06,5.0579816938200475,0.1565807017834964,0.3961904629219683
2020-07-30,3295,ledoit_wolf,test,pca_only,8,20,log_euclidean,0.01,0.0018261281945577198,8223.26029990306,1114.265264599745,322.48176467579196,161.24088233789706,-255.7748713403542,4.246035556335795e-05,4.2458066698993766e-05,2.550784050598279e-05,2.8335166833556653,0.1047124949171907,0.13833136089254286
2020-07-30,3295,oas,test,pca_only,8,20,log_euclidean,0.01,0.0019784161549464213,7917.591120729911,1198.5895263200146,343.0145212012682,171.50726060063553,-245.4343537943925,5.004889552355146e-05,5.0046606659187277e-05,2.0984673731124575e-05,3.1590407892280017,0.10943370565697923,0.1685032915083467
2020-07-30,3295,shrink,test,pca_only,8,20,log_euclidean,0.01,0.0011172198894690555,8759.068326282082,954.8694442523176,313.7388933816149,156.8694466908075,-260.41907605006566,3.2333602677573026e-05,3.2331313813208844e-05,2.6654172151002728e-05,2.2551860132655364,0.17132687549287992,0.1495658499490204
2020-07-30,3295,persistence,test,pca_only,8,20,log_euclidean,0.01,0.000364074600635017,3447.399717840997,1111.0060005893893,3157.5244437390447,1578.762221869516,1155.7397516187027,4.114619167084958e-05,4.1143902806485395e-05,3.634284906329312e-07,1.8714494171111533,0.0583454713990945,0.055457305624574
2020-08-06,3300,D0_pca8,test,pca_only,8,20,log_euclidean,0.01,0.009457267691803344,2120.514313873654,6333.1151769765975,477929.4789863468,238964.73949317337,235960.08878497797,0.00020656883557827285,0.0002065451867412391,3.885385538637496e-08,2.978584399342195,0.1242730849615815,0.14850841754310828
2020-08-06,3300,rolling,test,pca_only,8,20,log_euclidean,0.01,0.011022688445740676,5160.382038998781,896.9012719433326,6111.79749662417,3055.898748312088,2656.1339982187083,0.00040425092213470913,0.0004042272732976754,4.378566426728813e-06,4.802607620539715,0.15694206882316772,0.38100322003269993
2020-08-06,3300,ewma,test,pca_only,8,20,log_euclidean,0.01,0.009366783377211153,4907.998135365649,765.3322677460707,7813.358145959808,3906.6790729799045,3493.32756613697,0.00012356913638818538,0.00012354548755115163,3.4441311391701886e-06,5.034717677970074,0.17545987475689517,0.4064929157077521
2020-08-06,3300,ledoit_wolf,test,pca_only,8,20,log_euclidean,0.01,0.01040562393531797,8303.461921010672,730.7886640220107,742.0235482174581,371.01177410872873,-3.1704516179127125,0.0001497567968013626,0.00014973314796432884,2.5691224711269037e-05,2.7360626210800993,0.1046686242512969,0.12899823406053537
2020-08-06,3300,oas,test,pca_only,8,20,log_euclidean,0.01,0.010561553706366595,7952.812138311114,765.0552458102283,972.5099515114341,486.2549757557172,110.88572489464332,0.00017907236794280327,0.00017904871910576952,2.0685440661725753e-05,3.0779766715009234,0.11136422165403395,0.1630975888995773
2020-08-06,3300,shrink,test,pca_only,8,20,log_euclidean,0.01,0.009889464397610358,8755.861507562215,662.4489675893512,632.1056967726358,316.0528483863172,-57.80798683408305,8.339785354713654e-05,8.33742047101028e-05,2.4666619974417304e-05,2.2264064288165346,0.19018645736115755,0.16267831427276597
2020-08-06,3300,persistence,test,pca_only,8,20,log_euclidean,0.01,0.009274547864629144,3612.549512061087,954.7667050469236,13718.927850439239,6859.463925219623,6411.150433414493,0.00012314646047041584,0.0001231228116333821,3.5844082994022834e-07,1.9557026012848864,0.05777230774345565,0.057061531712132955
2020-08-13,3305,D0_pca8,test,pca_only,8,20,log_euclidean,0.01,0.009403791901616828,2119.6479536761335,4620.533466370582,518622.25829972647,259311.12914986323,257385.32253945223,0.00016898014361178696,0.0001689575879894921,3.459301648583377e-08,2.844322045449838,0.1353747268376301,0.14290969737974807
2020-08-13,3305,rolling,test,pca_only,8,20,log_euclidean,0.01,0.010573829491658197,5155.851606727618,791.0735335211127,6429.4686219761315,3214.734310988063,2816.103424607731,0.00023637218703200376,0.0002363496314097089,2.808559607345578e-06,4.275562526405646,0.12567557988846448,0.274390226824791
2020-08-13,3305,ewma,test,pca_only,8,20,log_euclidean,0.01,0.009262527800790383,4884.980233009601,915.6703089788812,8051.483080802309,4025.7415404011535,3626.213259433628,0.00010433963908633365,0.0001043170834640388,2.315770996326593e-06,4.341593610980523,0.1310130762487944,0.29838606483056057
2020-08-13,3305,ledoit_wolf,test,pca_only,8,20,log_euclidean,0.01,0.010017729264384784,8372.490592002705,748.0532304955025,694.5918249113352,347.295912455668,-25.96969656726327,0.00013146305376952048,0.00013144049814722562,2.2798318683148617e-05,2.7236795303448766,0.08300551272282332,0.11888549424875493
2020-08-13,3305,oas,test,pca_only,8,20,log_euclidean,0.01,0.010183190188489979,7945.212615638138,747.4831859734805,960.9747607178158,480.4873803589079,105.92467445936873,0.00014804637758726496,0.0001480238219649701,1.680226130712639e-05,3.099532169795906,0.09401866223318002,0.15272355429388196
2020-08-13,3305,shrink,test,pca_only,8,20,log_euclidean,0.01,0.009653241241541061,8712.223851772666,694.2322909056526,592.325576657305,296.1627883286525,-76.99870662530218,8.988306371088578e-05,8.986050808859093e-05,2.170670047942888e-05,2.3565041564895624,0.1768945119148342,0.14869565808625643
2020-08-13,3305,persistence,test,pca_only,8,20,log_euclidean,0.01,0.009289379872966462,3576.811987994957,1478.8666078621477,14460.557248456913,7230.27862422846,6753.49157050487,0.00011791699323768707,0.00011789443761539223,2.2629339072487927e-07,1.6361403080691157,0.05236800490014555,0.03876232546181746
2020-08-20,3310,D0_pca8,test,pca_only,8,20,log_euclidean,0.01,0.009473998505978064,2088.4841397320515,4334.982246236847,462238.89543759526,231119.44771879763,230649.23328715283,0.0005476501578564582,0.0005476266148346798,3.816518792776925e-08,2.7547701269263856,0.13962580850544482,0.13597462798022672
2020-08-20,3310,rolling,test,pca_only,8,20,log_euclidean,0.01,0.00962283395214003,5070.524020572131,694.1479427170082,7388.133350565088,3694.0666752825396,3278.658211073828,0.00019823969979786648,0.00019821615677608804,2.1265743956633704e-06,4.221196552011497,0.11765426131223151,0.25185583475195766
2020-08-20,3310,ewma,test,pca_only,8,20,log_euclidean,0.01,0.00924103139123945,4799.649591109912,964.5501879590043,9126.694351226186,4563.34717561309,4140.033080031231,0.00043416169314813065,0.00043413815012635225,1.8649781364420329e-06,4.424900082858382,0.15335957181582074,0.2908254025758593
2020-08-20,3310,ledoit_wolf,test,pca_only,8,20,log_euclidean,0.01,0.009330954396237583,8380.6852904039,688.948143495156,660.5894164013689,330.2947082006845,-41.08771905145795,0.00013759642217995978,0.00013757287915818134,2.1249039397734694e-05,2.595826062961011,0.07001335943213768,0.1030463050182923
2020-08-20,3310,oas,test,pca_only,8,20,log_euclidean,0.01,0.009435135413593431,7827.694458399859,666.0726299761862,993.7316368049005,496.8658184024507,123.30287905136734,0.00015171192007511404,0.0001516883770533356,1.4352199047177616e-05,3.070447419125247,0.0796103194069475,0.13938877792393883
2020-08-20,3310,shrink,test,pca_only,8,20,log_euclidean,0.01,0.009246561747910992,8501.42243273257,651.9163346866579,609.8021997206514,304.90109986032564,-66.83384742545108,8.958152432902096e-05,8.955798130724255e-05,1.895272917751985e-05,2.376256700376896,0.15691477860730893,0.13897500636193522
2020-08-20,3310,persistence,test,pca_only,8,20,log_euclidean,0.01,0.009364417574908353,3628.50169860372,1578.6074179526145,17592.41297724645,8796.20648862322,8285.704415702276,0.0001370647760046219,0.00013704123298284346,1.8771606036403522e-07,1.6071564530347184,0.046488680134280765,0.03622231997659588
2020-08-27,3315,D0_pca8,test,pca_only,8,20,log_euclidean,0.01,0.009665004460806521,2122.4670755785605,3893.1767126802133,468711.87138974416,234355.93569487208,231926.8062920129,0.0011248305238022592,0.0011248087928502684,7.367526872263972e-08,4.1848195014518375,0.18935837382919013,0.28106546618961914
2020-08-27,3315,rolling,test,pca_only,8,20,log_euclidean,0.01,0.00923947563600017,5059.475525398448,973.656738185896,8753.460283183766,4376.730141591881,3968.5737526464727,0.0001548850760325943,0.0001548633450806035,1.3288727979005925e-06,3.676051401695065,0.09931080280433785,0.20044790447888755
2020-08-27,3315,ewma,test,pca_only,8,20,log_euclidean,0.01,0.009313012920286497,4808.9207329474775,1268.4617039980826,9435.363215922865,4717.6816079614355,4307.653429148032,0.0003353990165802707,0.0003353772856282799,1.3201239877289821e-06,3.9339092697296163,0.10023802522386152,0.22713932091326
2020-08-27,3315,ledoit_wolf,test,pca_only,8,20,log_euclidean,0.01,0.009218906155682806,7964.355074699999,1066.5629327986117,840.2541787412214,420.12708937061035,51.23539528769626,0.0001982279103521576,0.00019820617940016682,1.1550831569151032e-05,2.3891631262130333,0.06891333034585213,0.08407383845613088
2020-08-27,3315,oas,test,pca_only,8,20,log_euclidean,0.01,0.00921945915555381,7874.618588364677,1055.5611030031089,901.3051702870464,450.6525851435227,81.40838128939008,0.00019887611812142308,0.0001988543871694323,1.083950944613357e-05,2.457167207641621,0.07048115305100956,0.08857016255882975
2020-08-27,3315,shrink,test,pca_only,8,20,log_euclidean,0.01,0.009233414606890776,8182.1178896716265,1077.057207615916,639.3366601524194,319.66833007620954,-49.535387327689946,0.00014238481917242703,0.00014236308822043625,1.1100170492405254e-05,2.201627364549582,0.1489307464248719,0.10243296794920603
2020-08-27,3315,persistence,test,pca_only,8,20,log_euclidean,0.01,0.009468775500041163,3654.991118500223,1917.2792616511083,18646.529018343397,9323.264509171704,8865.791488675928,0.00025082915524954086,0.0002508074242975501,1.9188296452447992e-07,1.6916528932042365,0.04473954229145799,0.040307323154966324
2020-09-03,3320,D0_pca8,test,pca_only,8,20,log_euclidean,0.01,0.0007221631146551283,2021.3744445540697,3932.1758972413722,133214.22132667355,66607.11066333676,64018.837601577034,0.00021604126626075846,0.00021603642976337147,4.556002067315397e-08,3.3641575839047317,0.19410608081428934,0.21296350580726264
2020-09-03,3320,rolling,test,pca_only,8,20,log_euclidean,0.01,0.0017374995383506928,5045.012139079695,940.9635975473672,1284.2067839922963,642.1033919961466,216.8578068781389,8.219963747219312e-05,8.219480097480613e-05,2.1783661094323264e-06,3.502823058964067,0.11057462320041704,0.19700166099968588
2020-09-03,3320,ewma,test,pca_only,8,20,log_euclidean,0.01,0.011157104233973722,4849.67213584895,1185.9302561158486,954.5907739651748,477.29538698259216,58.018056719581935,8.354964783342092e-05,8.354481133603393e-05,3.3391379486878424e-06,3.3306398225024427,0.1023250577852485,0.169492185846922
2020-09-03,3320,ledoit_wolf,test,pca_only,8,20,log_euclidean,0.01,0.0006247748341016069,10296.76944671671,1742.0011941574512,328.9567665195619,164.47838325978117,-241.59031312551923,0.00013339981418902217,0.00013339497769163517,2.476616125712669e-05,1.1656721281818159,0.031773320735511354,0.019148550997385265
2020-09-03,3320,oas,test,pca_only,8,20,log_euclidean,0.01,0.0013754857365061175,8215.481451440417,1039.9658879773815,315.93208143903286,157.96604071951694,-249.79488209423727,8.50634395129418e-05,8.50586030155548e-05,1.4184517574891091e-05,2.3478460274538944,0.0673109612127315,0.08538964030833288
2020-09-03,3320,shrink,test,pca_only,8,20,log_euclidean,0.01,0.001704811348300435,8275.254078456808,1050.3506764662302,303.4080932137167,151.70404660685818,-256.34084608051336,8.07748895136824e-05,8.07700530162954e-05,1.2179246956209192e-05,2.2006297507719896,0.14845678025356962,0.1066296043022966
2020-09-03,3320,persistence,test,pca_only,8,20,log_euclidean,0.01,0.009315695469581123,3572.5745717877385,1133.2694463160078,1663.7849606257537,831.8924803128758,409.31422098164353,0.0001456170755372195,0.0001456122390398325,1.2099242655593273e-06,2.398348664556289,0.06932262373948457,0.08347462435063108
2020-09-11,3325,D0_pca8,test,pca_only,8,20,log_euclidean,0.01,0.00074654237756974,1967.7910441284093,3758.686775226906,80730.02335432573,40365.01167716287,38645.23785321331,6.886307797827039e-05,6.886114651396199e-05,7.867087379477347e-08,3.778598085938035,0.16097234018430537,0.25023865857519645
2020-09-11,3325,rolling,test,pca_only,8,20,log_euclidean,0.01,0.0017635331125991545,5078.477311246603,976.827424750981,1212.0620376324089,606.0310188162075,176.7627558155446,0.00014369961295004625,0.00014369768148573785,2.409997677476392e-06,3.736153370551797,0.13348338031333462,0.22997678344504371
2020-09-11,3325,ewma,test,pca_only,8,20,log_euclidean,0.01,0.006371116734664548,4860.3958433646785,960.8073893011691,951.5726523679843,475.7863261839904,50.075705804664324,0.00012866408675823876,0.00012866215529393037,3.1337308603038967e-06,3.387645626214752,0.13688612046417525,0.19532988095963272
2020-09-11,3325,ledoit_wolf,test,pca_only,8,20,log_euclidean,0.01,0.0007168172155918909,10331.596263844558,1962.2217813003658,333.32988435396084,166.66494217698025,-243.0784225917787,0.00013511600791686542,0.00013511407645255702,2.5030734498371557e-05,1.1414587942969363,0.024876153786794006,0.01668700312075073
2020-09-11,3325,oas,test,pca_only,8,20,log_euclidean,0.01,0.001421289388426698,8208.885596743114,1096.3557233373083,308.22036235331325,154.1101811766564,-257.4128289313843,0.00011360027177443378,0.00011359834031012538,1.6953182717722912e-05,2.5696755978786503,0.08713724780702929,0.10494048077115681
2020-09-11,3325,shrink,test,pca_only,8,20,log_euclidean,0.01,0.001787894507488617,8272.715676589125,1138.8711727104162,297.084893676572,148.54244683828554,-262.9277188769917,8.209772335060965e-05,8.209579188630125e-05,1.5737677746380636e-05,2.468733847505093,0.14757344030629926,0.130332571464931
2020-09-11,3325,persistence,test,pca_only,8,20,log_euclidean,0.01,0.009290453206258393,3486.356889473449,1026.1574571518995,1413.5329898008001,706.7664949004023,274.46743423034604,0.00011916337933211692,0.00011916144786780852,1.4773346356051866e-06,2.566901123693182,0.09808308364269881,0.10128037855225622
2020-09-18,3330,D0_pca8,test,pca_only,8,20,log_euclidean,0.01,0.0006172837528682307,1971.447929404527,3890.439922222522,113569.86452847441,56784.932264237206,55446.11427311719,0.0001436151709412476,0.00014361334755371815,5.0667188585489045e-08,3.4152785974783715,0.16946080773163458,0.22004352244515465
2020-09-18,3330,rolling,test,pca_only,8,20,log_euclidean,0.01,0.0017048818688989368,5004.087671359543,937.4844116728054,1127.1021024724935,563.5510512362501,135.50090754538957,9.068335762715403e-05,9.068153423962459e-05,2.400416986187309e-06,3.6951763579371115,0.13835800913770047,0.23549734309420695
2020-09-18,3330,ewma,test,pca_only,8,20,log_euclidean,0.01,0.0034825100097578858,4790.191493903685,866.5764163858798,1036.931370329489,518.4656851647444,91.38220012360782,9.109591605170497e-05,9.109409266417553e-05,2.6782314222780507e-06,3.3862801529736486,0.16016265902706547,0.20467834160259085
2020-09-18,3330,ledoit_wolf,test,pca_only,8,20,log_euclidean,0.01,0.0005808575640791156,10317.479067259948,1864.1408133885711,338.79369890121313,169.39684945060677,-244.2876171078526,0.00011909553070124758,0.00011909370731371814,2.5126669506159357e-05,1.1193008646412277,0.024067379856987495,0.016067875046894557
2020-09-18,3330,oas,test,pca_only,8,20,log_euclidean,0.01,0.0013524524426411374,8177.782205326543,1039.6606105638907,308.35331310469553,154.1766565523476,-260.903873755543,8.34934555978639e-05,8.349163221033446e-05,1.7585609877763876e-05,2.553703149020262,0.10270187298723255,0.1128615492395981
2020-09-18,3330,shrink,test,pca_only,8,20,log_euclidean,0.01,0.0016992013398182027,8229.315139864611,1075.1733445763584,299.7007423717282,149.85037118586425,-265.2192660652342,6.777331357890555e-05,6.777149019137611e-05,1.576116163871116e-05,2.48783525397132,0.14627899675282363,0.14285568722464784
2020-09-18,3330,persistence,test,pca_only,8,20,log_euclidean,0.01,0.009170920978525876,3526.3682419747547,881.928437561402,1334.9070154208448,667.4535077104255,236.25656265172324,9.882268420760352e-05,9.882086082007408e-05,1.7083639122340426e-06,2.623267987119736,0.11030585029284909,0.11467290072856327
2020-09-25,3335,D0_pca8,test,pca_only,8,20,log_euclidean,0.01,0.0003516859243328931,2010.9867232942927,4860.323467685435,149391.7418648104,74695.8709324052,72972.25313146871,9.224220723802602e-05,9.22403728140399e-05,4.019537599857571e-08,3.637444681648722,0.1646241954025013,0.24325425520612445
2020-09-25,3335,rolling,test,pca_only,8,20,log_euclidean,0.01,0.001601031972732155,5012.200211412295,635.8228064659929,976.1508939706694,488.0754469853375,53.32001606019702,3.260793344055838e-05,3.2606099016572264e-05,2.2009300509260593e-06,3.6094085400309965,0.14224762466858504,0.22016414693930741
2020-09-25,3335,ewma,test,pca_only,8,20,log_euclidean,0.01,0.001975699032568382,4804.771522811877,665.7440788629727,956.3584549748923,478.17922748744104,44.553671978562754,3.588267307655445e-05,3.588083865256834e-05,2.175181017730543e-06,3.408681141775765,0.14439249199292023,0.19475378922924183
2020-09-25,3335,ledoit_wolf,test,pca_only,8,20,log_euclidean,0.01,0.0003404535199036164,10310.910729562562,1268.841132225517,351.6907263043753,175.8453631521877,-247.1105747970721,6.663443256984577e-05,6.663259814585966e-05,2.4521536200047343e-05,1.0835566765608775,0.028918328050828442,0.0159221568599328
2020-09-25,3335,oas,test,pca_only,8,20,log_euclidean,0.01,0.0012306347802722882,8154.947404193634,648.7172336301998,306.186242466521,153.09312123326055,-270.79201196903233,3.986777924229722e-05,3.9865944818311105e-05,1.6334701415271832e-05,2.566466923928268,0.10579891128301264,0.10907758750761233
2020-09-25,3335,shrink,test,pca_only,8,20,log_euclidean,0.01,0.001553537896097626,8198.862424748882,668.7718342317143,299.0399135572827,149.5199567786417,-274.1970961078233,3.6023233269060186e-05,3.602139884507407e-05,1.4977281078379776e-05,2.4274532324753446,0.15692737946759486,0.12960029225252265
2020-09-25,3335,persistence,test,pca_only,8,20,log_euclidean,0.01,0.009212659105594774,3595.4421039235076,902.2264884637707,1139.4365193506276,569.7182596753119,133.17608369604136,5.3838952294916936e-05,5.383711787093082e-05,1.8776214193450813e-06,2.638606265361786,0.1057835122249695,0.11762993229161649
2020-10-02,3340,D0_pca8,test,pca_only,8,20,log_euclidean,0.01,0.0006962873781704499,1987.1904630902234,3460.692111737279,94876.57632285047,47438.28816142523,46003.46502695398,0.0001796754001742763,0.00017966992926640366,6.122618023744388e-08,3.359951608783183,0.15358819315553335,0.1978607230315919
2020-10-02,3340,rolling,test,pca_only,8,20,log_euclidean,0.01,0.0016859860889331861,5073.080633350854,755.8408981047745,1187.4767767279936,593.7383883639989,168.78714983632784,7.905672237705979e-05,7.905125146918716e-05,2.0846722043727166e-06,3.6343951695707055,0.14239235057947586,0.2129650315043425
2020-10-02,3340,ewma,test,pca_only,8,20,log_euclidean,0.01,0.0011403630916794608,4851.435435754286,642.6030041010758,1262.6069118521355,631.3034559260693,202.1855344655566,7.988418166636051e-05,7.987871075848788e-05,1.9206083134616925e-06,3.564284224049486,0.1433809674381379,0.20426632435944397
2020-10-02,3340,ledoit_wolf,test,pca_only,8,20,log_euclidean,0.01,0.0006644266931441027,10307.9813787132,1985.2431551893928,334.68197620965617,167.3409881048278,-244.63139131703701,0.00012213567599279204,0.0001221302050849194,2.6515936504186895e-05,1.0990075415146374,0.02932802116786521,0.017005142669368416
2020-10-02,3340,oas,test,pca_only,8,20,log_euclidean,0.01,0.0013565018787227308,8154.021376971301,922.7619763717919,305.98335695926676,152.99167847963378,-259.8395259360271,6.629643587867073e-05,6.62909649707981e-05,1.6447314160300785e-05,2.6520417884991563,0.10289489458452541,0.11507324329646704
2020-10-02,3340,shrink,test,pca_only,8,20,log_euclidean,0.01,0.0017295726278266103,8204.142036138739,972.6055993214313,295.4646139999877,147.7323069999937,-265.1040619191635,6.168245470956213e-05,6.16769838016895e-05,1.599226640906544e-05,2.4445997900580614,0.16702941703921445,0.1311875803402869
2020-10-02,3340,persistence,test,pca_only,8,20,log_euclidean,0.01,0.00029339276791791037,3551.055727153627,743.9658175453607,3121.3383282382333,1560.6691641191085,1112.1478551749033,7.50310756832113e-05,7.502560477533868e-05,6.816310155341104e-07,2.688361276996259,0.0968889686404122,0.10945237637761418
2020-10-09,3345,D0_pca8,test,pca_only,8,20,log_euclidean,0.01,0.0010358494639500933,2089.349742900118,4328.832861670651,159018.31758131605,79509.15879065801,76757.91117888516,0.0001641792240777239,0.0001641740971283816,3.4886772475949434e-08,2.7400714956163226,0.1253148991396278,0.14310736843039057
2020-10-09,3345,rolling,test,pca_only,8,20,log_euclidean,0.01,0.0019285145039379822,5158.528012926277,695.4324748536451,2002.3995106829643,1001.1997553414819,571.9136551031067,0.00016862021927366934,0.00016861509232432703,2.1883631309454933e-06,3.7191445607662943,0.1487606593553455,0.22384887487772703
2020-10-09,3345,ewma,test,pca_only,8,20,log_euclidean,0.01,0.0009898549709305257,4930.23546405579,721.8982758964651,2362.5823759786017,1181.291187989309,744.616097742159,0.0001597480436543751,0.00015974291670503278,1.8145057278888762e-06,3.663246426757304,0.1457185933812116,0.21762530608212427
2020-10-09,3345,ledoit_wolf,test,pca_only,8,20,log_euclidean,0.01,0.0009320719403983501,10268.998333681031,1622.8373684052253,325.61203364312416,162.80601682156254,-234.41439406681198,0.00013802585302026982,0.0001380207260709275,2.9746974945551018e-05,1.1739904183538874,0.035357568557368615,0.01958391669636625
2020-10-09,3345,oas,test,pca_only,8,20,log_euclidean,0.01,0.0016070220089686408,8119.504736989543,753.1535049872638,379.05242399047677,189.52621199523847,-210.6759547070954,0.0001424485841527156,0.0001424434572033733,1.6956300586676147e-05,2.759574772016688,0.1140468571536791,0.1248681568961106
2020-10-09,3345,shrink,test,pca_only,8,20,log_euclidean,0.01,0.001977658230639919,8202.655084807644,790.7404815626779,352.2208663671854,176.11043318359253,-223.8940624243565,0.00011666714660625792,0.00011666201965691562,1.6396833161503103e-05,2.5578675014782504,0.15955167221661856,0.13932259895445037
2020-10-09,3345,persistence,test,pca_only,8,20,log_euclidean,0.01,0.0005880804542268776,3633.8771116789508,927.8958432354643,5934.3049280785635,2967.152464039288,2467.870918389476,0.00012717865004548796,0.00012717352309614565,4.250067144445273e-07,2.2416179931788744,0.06626867738210182,0.07284005641036556
2020-10-16,3350,D0_pca8,test,pca_only,8,20,log_euclidean,0.01,0.005564736629545782,2142.8837941565107,5675.1046302485065,229674.84138501616,114837.42069250808,109648.0733134425,0.00019641232758542136,0.0001963861006452364,3.772561628593089e-08,2.893706945911663,0.12239022505573773,0.14474203080473852
2020-10-16,3350,rolling,test,pca_only,8,20,log_euclidean,0.01,0.005212849189553868,5049.4101311368995,883.9690800646431,2468.0459321481308,1234.0229660740667,793.6244355802412,0.0002334099835146063,0.00023338375657442134,2.1869075249054638e-06,3.776565490466584,0.1284793969757153,0.22994948353552347
2020-10-16,3350,ewma,test,pca_only,8,20,log_euclidean,0.01,0.0041938275770708675,4851.738889634756,1007.5838427320314,3400.003766463281,1700.0018832316357,1232.7900108819874,0.0002219718074147703,0.00022194558047458534,1.5393890262524605e-06,3.7253796619849666,0.12363159351936029,0.22389361103909652
2020-10-16,3350,ledoit_wolf,test,pca_only,8,20,log_euclidean,0.01,0.0051774859120103656,10225.789379443102,1814.673979250519,303.0903754178982,151.54518770894938,-222.6294103198339,0.00016792519784893266,0.0001678989709087477,2.9382053831127108e-05,1.162371194786464,0.03547405266721778,0.019549250593621958
2020-10-16,3350,oas,test,pca_only,8,20,log_euclidean,0.01,0.005060820125837061,8010.769982125497,899.2817449286728,403.3852435688797,201.6926217844395,-178.87518022070353,0.00017927927546016582,0.00017925304851998085,1.6344963462835264e-05,2.837874475820941,0.10347345520282719,0.13015172080650447
2020-10-16,3350,shrink,test,pca_only,8,20,log_euclidean,0.01,0.005638576046837486,8137.063691985746,970.2855213011092,366.52968196679774,183.2648409833988,-196.2976733162918,0.0001439867599900092,0.00014396053304982425,1.639823033359491e-05,2.6243669834018837,0.13084604660274748,0.13618697621531095
2020-10-16,3350,persistence,test,pca_only,8,20,log_euclidean,0.01,0.003609194116326082,3666.5481280002004,1254.9156369759621,9045.579041029945,4522.789520514994,3964.3660713781924,0.00014750027304609957,0.0001474740461059146,3.7859890606899826e-07,2.0591521989173844,0.08177404871287712,0.07116589558825696
2020-10-23,3355,D0_pca8,test,pca_only,8,20,log_euclidean,0.01,0.005601729242730236,2158.617668869478,5476.1814090496155,258977.39041184617,129488.69520592308,123875.93812803978,0.00027729262594113145,0.0002772470348182895,4.106439712093767e-08,3.0838848523623503,0.1401509771349804,0.16736174482252322
2020-10-23,3355,rolling,test,pca_only,8,20,log_euclidean,0.01,0.00513044938541791,5117.288493997265,878.8939537296617,2660.5769152985213,1330.2884576492595,881.2940005011154,0.00016882814943998994,0.00016878255831714805,2.1002592745154775e-06,3.5896859329332065,0.14209081999694978,0.22392581816523577
2020-10-23,3355,ewma,test,pca_only,8,20,log_euclidean,0.01,0.0038540430707904097,4923.198926808127,965.3981392973825,3851.891876164142,1925.9459380820717,1441.6575793810555,0.00016403017481635273,0.00016398458369351084,1.4544785782519563e-06,3.54139483861176,0.1394886901291224,0.21998986963974582
2020-10-23,3355,ledoit_wolf,test,pca_only,8,20,log_euclidean,0.01,0.005159377720262254,10180.420192174926,1856.192359365586,301.8125576186886,150.90627880934395,-223.84543872735907,0.00017270070165249495,0.00017265511052965305,2.9600947770404165e-05,1.1976822324748682,0.03726578669219525,0.020833332442517265
2020-10-23,3355,oas,test,pca_only,8,20,log_euclidean,0.01,0.004993087656177522,7966.797058536138,903.3500910180429,425.4291833143718,212.7145916571858,-169.3766010576586,0.00014555775629356287,0.00014551216517072097,1.530805256933351e-05,2.712965626107773,0.1066576378385094,0.12827753673037637
2020-10-23,3355,shrink,test,pca_only,8,20,log_euclidean,0.01,0.005582135830555296,8128.922384109101,977.2189777803146,400.1484564302192,200.07422821510954,-181.11746832285309,0.00015011644316763068,0.0001500708520447888,1.521536608308931e-05,2.5058515069367533,0.15453492405333996,0.1395585849055479
2020-10-23,3355,persistence,test,pca_only,8,20,log_euclidean,0.01,0.004018576649694178,3653.028794878842,1183.7642570679814,10746.033570478163,5373.016785239073,4743.5434241283565,0.0002026324737569466,0.0002025868826341047,2.9171669569523257e-07,2.093621465034756,0.06761664088411679,0.06771922461747575
2020-10-30,3360,D0_pca8,test,pca_only,8,20,log_euclidean,0.01,1041.9288551325049,2534.3704708646137,7626.8873797791075,153847709.64589894,76923854.82294947,72498226.72268362,0.0007707097218944939,0.0007159376242807641,5.808856877031197e-08,3.7074287998654514,0.16463818980835174,0.24031226760588675
2020-10-30,3360,rolling,test,pca_only,8,20,log_euclidean,0.01,1041.8569183225507,5318.029478117263,1493.0390452412053,1589075.254210373,794537.6271051865,746492.3204594989,0.011463055176304478,0.011408283078690748,2.949888546150101e-06,4.088621054017619,0.2039304122188662,0.2952785079467813
2020-10-30,3360,ewma,test,pca_only,8,20,log_euclidean,0.01,1041.8454891496142,5128.354187123444,1773.1403289029072,2232279.43541463,1116139.717707315,1048720.138430919,0.020833204161917404,0.020778432064303673,2.0665945387933536e-06,3.946718495247519,0.19615007748217864,0.27894247413660045
2020-10-30,3360,ledoit_wolf,test,pca_only,8,20,log_euclidean,0.01,1041.8694190842175,10278.600290139117,1518.967641624623,45874.83934119923,22937.419670599615,21452.288546622185,0.03587531500300076,0.035820542905387026,3.846320021450891e-05,1.3614459574180018,0.04486399977339271,0.02766754239595036
2020-10-30,3360,oas,test,pca_only,8,20,log_euclidean,0.01,1041.8599663439784,8196.421688614728,1247.4358417393325,210404.43679568742,105202.21839784371,98837.17126555918,0.06533686064827152,0.06528208855065779,2.039553278592373e-05,2.94804936621113,0.12840992487148534,0.15186528787084522
2020-10-30,3360,shrink,test,pca_only,8,20,log_euclidean,0.01,1041.8688068586196,8411.83172466716,1241.4063469533412,168822.85986112824,84411.42993056412,79180.43695564478,0.09059059477157763,0.0905358226739639,2.0297378051618845e-05,2.651680400790768,0.1589904328171132,0.16005403287731243
2020-10-30,3360,persistence,test,pca_only,8,20,log_euclidean,0.01,1041.8438709765257,3900.785235852897,1934.8725941872226,5033784.445559143,2516892.2227795715,2370201.6722958405,0.021012844543562,0.02095807244594827,6.817373706617314e-07,2.862592110241324,0.09206205265045607,0.12377362904463364
2020-11-06,3365,D0_pca8,test,pca_only,8,20,log_euclidean,0.01,1041.8860852475254,2470.3537652402592,7875.156838707251,130867601.01370081,65433800.50685041,61665103.766192876,0.0034053219288040404,0.0033663897120289224,6.636029683044855e-08,3.794423323913207,0.16008298969111992,0.2515351333758472
2020-11-06,3365,rolling,test,pca_only,8,20,log_euclidean,0.01,1041.8017625786229,5335.129221757215,1680.7879859927073,1462861.9267032056,731430.9633516028,687091.6756547426,0.0034938056051109535,0.0034548733883358355,3.0117898066280713e-06,4.065128529257779,0.17602046283804978,0.2806247895459426
2020-11-06,3365,ewma,test,pca_only,8,20,log_euclidean,0.01,1041.766136716351,5139.195757266403,1879.3394390994342,1896756.950109272,948378.475054636,891278.1773220354,0.013293984267053267,0.013255052050278148,2.33963508827871e-06,3.802598553028722,0.17362737072145218,0.257295860537241
2020-11-06,3365,ledoit_wolf,test,pca_only,8,20,log_euclidean,0.01,1041.8199375898387,10392.511817453762,1642.2824644526602,42398.682592024874,21199.341296012437,19811.071782361363,0.023513565965109142,0.023474633748334025,4.46317054335841e-05,1.3992834223641535,0.045297647646331644,0.029579868439343886
2020-11-06,3365,oas,test,pca_only,8,20,log_euclidean,0.01,1041.8061839005195,8407.209725364377,1416.4921879045655,175324.4093522369,87662.20467611845,82307.71687517315,0.028639834626486806,0.02860090240971169,2.378379577944386e-05,3.0368212014594214,0.11897507190940342,0.15661605891589822
2020-11-06,3365,shrink,test,pca_only,8,20,log_euclidean,0.01,1041.8165069329177,8578.831540722751,1421.8212941639506,135656.31624923987,67828.15812461993,63507.148796679256,0.04705771819159614,0.04701878597482102,2.2992272257156123e-05,2.746162943814844,0.19417368047763678,0.18729285660191525
2020-11-06,3365,persistence,test,pca_only,8,20,log_euclidean,0.01,1041.771698443496,3992.4224146801207,1947.8987905176984,3261256.971337412,1630628.485668706,1533800.4184128286,0.00018317596078742574,0.0001442437440123076,7.985526079127086e-07,2.488966838865714,0.11167177375030009,0.1060474552416535
2020-11-13,3370,D0_pca8,test,pca_only,8,20,log_euclidean,0.01,1041.8021522669567,2373.585658423555,6647.435128576792,129909938.55956593,64954969.279782966,61207325.74212812,0.00044051820009130365,0.00040968072103861244,5.000301817371984e-08,3.404312625202024,0.1410649285077941,0.1860994486822242
2020-11-13,3370,rolling,test,pca_only,8,20,log_euclidean,0.01,1041.6868612140067,5251.302134528869,961.3867727544649,1765440.2148703232,882720.1074351617,829340.0195290984,0.15269533288084813,0.15266449540179544,3.0356909636504044e-06,4.43586345820686,0.17962937378008478,0.33311470433715407
2020-11-13,3370,ewma,test,pca_only,8,20,log_euclidean,0.01,1041.6240967085264,5055.398214938625,1119.1538551741278,1469028.8033667973,734514.4016833986,690732.1138383244,0.14951059966999375,0.14947976219094106,3.7776214913317635e-06,4.048940475719516,0.14960967695530158,0.27619573756799837
2020-11-13,3370,ledoit_wolf,test,pca_only,8,20,log_euclidean,0.01,1041.7070487774602,9013.859328014962,689.2095169030545,101261.71460193317,50630.857300966585,47488.47696298531,0.05087653561210546,0.050845698133052765,3.716315893818272e-05,2.49768535898973,0.09531904714030041,0.10100000092420863
2020-11-13,3370,oas,test,pca_only,8,20,log_euclidean,0.01,1041.6962508335248,8103.74665239385,780.4030026884327,216770.28255374476,108385.14127687238,101790.36381000649,0.08339293951670003,0.08336210203764734,2.128543175232656e-05,3.2712688655239237,0.1262310099751947,0.17305393442083905
2020-11-13,3370,shrink,test,pca_only,8,20,log_euclidean,0.01,1041.7059522400193,8735.374000347014,727.8996583311748,126140.42392111135,63070.21196055567,59077.83830983207,0.0905816239817809,0.09055078650272821,2.7793474603603355e-05,2.624479283582312,0.1989603068114499,0.17571962954828904
2020-11-13,3370,persistence,test,pca_only,8,20,log_euclidean,0.01,1041.5972486421806,4005.433773632665,1155.6172419189413,1941549.5276884087,970774.7638442044,913184.7810378864,0.0150137231071122,0.01498288562805951,1.7796702475384223e-06,2.989991193789075,0.11133539958736845,0.13583818209993273
2020-11-20,3375,D0_pca8,test,pca_only,8,20,log_euclidean,0.01,1041.7881539853415,2302.6683127058095,6529.265370710262,93678449.57684566,46839224.78842283,44115228.90039837,0.0014685910759728153,0.0014340839830480564,5.925453366906823e-08,3.0832635952895395,0.14399842493704312,0.16128115040499455
2020-11-20,3375,rolling,test,pca_only,8,20,log_euclidean,0.01,1041.6656999988666,5295.4781795101135,852.351673704227,1922910.1908625625,961455.0954312813,903839.7087539677,0.026123017323037137,0.02608851023011238,2.720757536858195e-06,4.431409733873071,0.15117668080533803,0.31464357437674517
2020-11-20,3375,ewma,test,pca_only,8,20,log_euclidean,0.01,1041.6249654430492,5104.832615003661,998.6858534745197,1706895.0354128643,853447.5177064323,802834.313684506,0.059042527473843226,0.059008020380918465,3.3395557748782767e-06,4.271660165283491,0.14414990021559712,0.29897819523937863
2020-11-20,3375,ledoit_wolf,test,pca_only,8,20,log_euclidean,0.01,1041.6869231734695,8855.606461925741,647.5683177868249,119267.77267234353,59633.88633617177,55981.15635157245,0.0028434568882374466,0.0028089497953126875,3.277171929038856e-05,2.479276829704799,0.08030887329402908,0.09940012776918328
2020-11-20,3375,oas,test,pca_only,8,20,log_euclidean,0.01,1041.6758026440873,7994.431489841883,711.7400778333628,252343.51671770454,126171.75835885227,118575.82605655317,0.008663224698589924,0.008628717605665165,1.8980704986236778e-05,3.281844001601973,0.10646348783952428,0.17569756839472717
2020-11-20,3375,shrink,test,pca_only,8,20,log_euclidean,0.01,1041.6872925218127,8646.921513010126,672.201402574472,131361.13384078845,65680.56692039422,61491.46470152853,0.0350621232273153,0.03502761613439054,2.6510485865964905e-05,2.6906746188478383,0.12926241013127382,0.1488864613857301
2020-11-20,3375,persistence,test,pca_only,8,20,log_euclidean,0.01,1041.5824069992425,3932.658818489592,1148.9979944705115,1851637.6407868813,925818.8203934407,870382.0436679231,0.04365941935310588,0.04362491226018112,2.208725135930513e-06,3.2285980670190177,0.1165740265349398,0.16841585048930732
2020-11-30,3380,D0_pca8,test,pca_only,8,20,log_euclidean,0.01,2087.8484363777434,2281.523949213914,7038.9630680104265,120142441.3649405,60071220.68247025,56463141.75434734,0.018430560792911263,0.018387670317966235,5.123007092641303e-08,2.949037353269502,0.14447234041374132,0.14428474537837105
2020-11-30,3380,rolling,test,pca_only,8,20,log_euclidean,0.01,2125.0511874696667,5685.960041594248,1110.0479166050534,68005.3013697987,34002.65068489935,31872.690176777898,0.14298615798561612,0.1429432675106711,5.9275713395762675e-05,1.861463503483571,0.05530753190669418,0.05532823005990455
2020-11-30,3380,ewma,test,pca_only,8,20,log_euclidean,0.01,2456.532979620411,5513.178306077776,1245.600517952385,22851.65777939778,11425.828889698892,10626.518389105653,0.08112318217073619,0.08108029169579116,7.665576600305579e-05,1.2684265018172582,0.034370656748994845,0.02270579041130018
2020-11-30,3380,ledoit_wolf,test,pca_only,8,20,log_euclidean,0.01,2083.0427200847857,20033.761192770293,1195.9610338489765,945.1206050799894,472.5603025399961,326.8121675238461,0.024611856139821243,0.024568965664876215,0.0006080407139232311,1.0,0.010566128163408534,0.010291724566332372
2020-11-30,3380,oas,test,pca_only,8,20,log_euclidean,0.01,2120.5664087542386,13003.304112879398,896.7611291028591,17200.48629653126,8600.24314826563,7968.6600942909745,0.07145499241442073,0.0714121019394757,0.00012369087915962138,1.2633033570169516,0.031986583537952355,0.02242596186262055
2020-11-30,3380,shrink,test,pca_only,8,20,log_euclidean,0.01,2110.833815195376,9513.598793535082,809.3779922035934,68318.51153145792,34159.25576572896,32037.90125186764,0.13247652888003217,0.13243363840508715,5.089887929978558e-05,1.6400800842031302,0.05093790946045888,0.04382595563085087
2020-11-30,3380,persistence,test,pca_only,8,20,log_euclidean,0.01,3129.584031877802,4344.465633545552,1560.3139546946566,13684.015431566002,6842.007715782999,6313.657544889372,0.04797255189484465,0.04792966141989962,7.795647747649417e-05,1.1328118139536694,0.02926549891981543,0.01702372501171789
2020-12-07,3385,D0_pca8,test,pca_only,8,20,log_euclidean,0.01,2087.860543396856,2198.742626421653,6722.412379840939,94160302.30032685,47080151.15016343,44288110.92179341,0.0019317811743961425,0.0018806045734889826,8.472074631978082e-08,3.0848298477437917,0.14932298118794718,0.1780049679385722
2020-12-07,3385,rolling,test,pca_only,8,20,log_euclidean,0.01,2244.4218464983915,5618.7669076985785,1075.630635633344,34503.12713296511,17251.563566482557,16106.92389816372,0.11434455290676343,0.11429337630585627,7.650023484157516e-05,1.4273923700741946,0.041254238780344066,0.030075804291381653
2020-12-07,3385,ewma,test,pca_only,8,20,log_euclidean,0.01,2939.962463385962,5426.675779734032,1197.6774199637323,15211.971078957282,7605.985539478637,7032.389878552545,0.049108315244657114,0.049057138643749956,7.561790753845922e-05,1.1450515733119462,0.02501825251083059,0.01735841177806544
2020-12-07,3385,ledoit_wolf,test,pca_only,8,20,log_euclidean,0.01,2123.3792301219532,20237.034408819047,1340.729068869352,917.6384607502239,458.8192303751126,314.1985650577154,0.026396611638916864,0.026345435038009703,0.0007226817055519014,1.0051328777395432,0.012130518060090275,0.01054897506699206
2020-12-07,3385,oas,test,pca_only,8,20,log_euclidean,0.01,2226.1352224657385,14403.617075298283,1146.0992679891106,8764.983518761954,4382.491759380977,4000.298291640672,0.05390023587372676,0.053849059272819605,0.00015946742987409254,1.102776245906365,0.023893432050211175,0.0155686985945774
2020-12-07,3385,shrink,test,pca_only,8,20,log_euclidean,0.01,2184.6579870506584,9526.617316821063,854.9898349787306,34937.89400716251,17468.947003581252,16318.602778930775,0.09742316912954756,0.0973719925286404,6.173832688326478e-05,1.278763750778112,0.03576900458511721,0.02470568128853929
2020-12-07,3385,persistence,test,pca_only,8,20,log_euclidean,0.01,3129.5389380037864,4160.179039953687,1704.9857847614387,13781.64251029101,6890.8212551455035,6359.489942016443,0.02722643689710428,0.02717526029619712,5.777737423170403e-05,1.106375240318938,0.020782161005311533,0.015137301529601903
2020-12-14,3390,D0_pca8,test,pca_only,8,20,log_euclidean,0.01,2087.860273763129,2075.0510221995837,6718.540340558288,95746499.3886433,47873249.69432165,50016268.127257325,0.0018639889411448968,0.001812728945476072,5.365814708939968e-08,2.647288463751106,0.11141128450816809,0.12098267453328206
2020-12-14,3390,rolling,test,pca_only,8,20,log_euclidean,0.01,2244.423899557082,5645.90023596615,1151.0565152422687,34488.10844440029,17244.054222200146,17914.013636794236,0.11461471066557047,0.11456345066990165,6.85814955366284e-05,1.4138851137554114,0.04035404026172033,0.028748243950574234
2020-12-14,3390,ewma,test,pca_only,8,20,log_euclidean,0.01,2546.7824279521487,5437.64313356825,1215.848932507998,20736.494338821107,10368.247169410553,10724.454865753096,0.057513120143629706,0.05746186014796088,5.753485419778981e-05,1.142516324380696,0.02783373772540042,0.017725896610145956
2020-12-14,3390,ledoit_wolf,test,pca_only,8,20,log_euclidean,0.01,2123.3804911574853,20682.729765653545,1372.0517441809707,918.0712949966303,459.0356474983148,354.3420899061596,0.026441063945695325,0.026389803950026502,0.0007184745145447375,1.005058166628711,0.012222052410177384,0.010552331508496235
2020-12-14,3390,oas,test,pca_only,8,20,log_euclidean,0.01,2226.1390760248582,14745.303541907477,1188.085476342857,8764.74230129388,4382.371150646939,4462.819722852544,0.05484414463455016,0.05479288463888134,0.00015070618046187886,1.0998256662225079,0.02364242333412498,0.015491253242446448
2020-12-14,3390,shrink,test,pca_only,8,20,log_euclidean,0.01,2184.6590233146444,9733.917261903356,918.1430875005176,34964.35775287022,17482.17887643511,18170.08738288509,0.09683742203392706,0.09678616203825824,5.601092881560494e-05,1.2712517480171017,0.03508053655502202,0.023701967511245085
2020-12-14,3390,persistence,test,pca_only,8,20,log_euclidean,0.01,3129.5080385511096,3986.0167214692447,1364.8455494805812,13909.979442918046,6954.989721459024,7154.070934860307,0.028500644375103742,0.02844938437943492,5.3539764037184475e-05,1.0988006944016002,0.02076937910735609,0.014810639046788105
2020-12-21,3395,D0_pca8,test,pca_only,8,20,log_euclidean,0.01,2087.8514028000372,2147.983805578568,7858.426518074503,103541891.11230306,51770945.55615153,54120198.071828514,0.006961413364988109,0.006920601059448714,7.174392612091576e-08,2.967583664743082,0.1190656330953003,0.1532079403178931
2020-12-21,3395,rolling,test,pca_only,8,20,log_euclidean,0.01,2244.4162297292664,5640.432291605113,1256.1047205079012,34658.25911445734,17329.12955722867,18005.4855981294,0.10845688963032905,0.10841607732478965,6.275472925697159e-05,1.3622527174146208,0.03778741973128954,0.026331136092180008
2020-12-21,3395,ewma,test,pca_only,8,20,log_euclidean,0.01,2335.010968419114,5427.343790915131,1230.7557286599072,28221.71237563843,14110.856187819216,14640.635349626504,0.07645342814073647,0.07641261583519707,4.778223499678803e-05,1.1909880695099937,0.026661667255151004,0.018811424272473544
2020-12-21,3395,ledoit_wolf,test,pca_only,8,20,log_euclidean,0.01,2123.373360333585,20664.151376220034,1134.0759029462627,918.2830558298771,459.14152791494166,354.54006114901443,0.02628050617500168,0.026239693869462285,0.0007119965142706136,1.0047771276811697,0.012261355269372057,0.010554610230343979
2020-12-21,3395,oas,test,pca_only,8,20,log_euclidean,0.01,2226.132160910783,14742.355061880278,996.3647197876727,8784.089678595525,4392.044839297763,4473.5128970274145,0.05240564475637395,0.05236483245083456,0.0001408949516971594,1.0770539870589777,0.022522290660854538,0.015036236569116984
2020-12-21,3395,shrink,test,pca_only,8,20,log_euclidean,0.01,2184.6507087329965,9735.452116953662,925.1323149412913,35101.8818284085,17550.94091420425,18244.332533481844,0.0896292129904611,0.0895884006849217,5.090527916501851e-05,1.2315681426795997,0.03223625975749445,0.0218513753249849
2020-12-21,3395,persistence,test,pca_only,8,20,log_euclidean,0.01,3129.4980019013396,4001.6408220283224,1462.4533596445403,13935.924705548869,6967.962352774435,7168.549782889941,0.03302282833412232,0.032982016028582924,5.838930921211418e-05,1.0825715068606097,0.021388564520547375,0.01489724420070643
2020-12-29,3400,D0_pca8,test,pca_only,8,20,log_euclidean,0.01,0.00038972209142717736,1879.1416956792032,7455.610470561323,46249.000837548316,23124.50041877415,24915.67227671611,9.386679029097761e-05,9.386419689258788e-05,1.1685082974345544e-07,3.0742072376700493,0.11755576478843364,0.15425537416843774
2020-12-29,3400,rolling,test,pca_only,8,20,log_euclidean,0.01,470.57819687618064,5707.823454302295,1576.5316161078108,471.91249602860637,235.9562480142722,-180.31742424487248,5.945529954702737e-05,5.9452706148637644e-05,8.969926225625509e-05,1.160113682884958,0.02493353842331649,0.01815143418352557
2020-12-29,3400,ewma,test,pca_only,8,20,log_euclidean,0.01,2934.3527498710487,5475.283544852001,1600.877270508618,537.9731315032993,268.9865657516206,-147.60445012783327,7.534427652518123e-05,7.53416831267915e-05,0.00010043612817215171,1.0523198328427712,0.01883865450261521,0.013803738777424279
2020-12-29,3400,ledoit_wolf,test,pca_only,8,20,log_euclidean,0.01,124.26888160177603,23205.30565912028,1625.6745220423952,833.3157357446116,416.65786787230604,-0.2463705613319157,9.186924606856372e-05,9.186665267017399e-05,0.001694197374912069,1.0034132604903352,0.011814215254663129,0.010988752732696122
2020-12-29,3400,oas,test,pca_only,8,20,log_euclidean,0.01,401.16030071900155,17745.795560792707,1585.30000239862,631.982005772503,315.9910028862504,-100.81263228277024,7.344230746179354e-05,7.343971406340381e-05,0.00032043058154088746,1.0262519712343043,0.017098153918278337,0.012615207499921666
2020-12-29,3400,shrink,test,pca_only,8,20,log_euclidean,0.01,282.8004738028358,10897.79981506803,1324.1031579677056,511.0679337112773,255.53396685563916,-160.7484952848581,6.93432306811034e-05,6.934063728271367e-05,7.132439920534747e-05,1.0976289541091555,0.02220208876671715,0.016751544456118
2020-12-29,3400,persistence,test,pca_only,8,20,log_euclidean,0.01,2087.8116537245805,3716.1697894206795,1778.7193503535104,499.3875540867398,249.69377704338126,-166.75619437043156,8.330358638584324e-05,8.330099298745351e-05,6.923621783317855e-05,1.0402732158069177,0.019381580408410256,0.012806216376770185
2021-01-06,3405,D0_pca8,test,pca_only,8,20,log_euclidean,0.01,0.0005671920294474311,1959.8785032363674,6127.797343500453,124909.48798406984,62454.74399203491,67001.51273595047,0.00021096268524000946,0.00021096064876463332,7.291814084713505e-08,3.5245184635970963,0.1453591587913781,0.22928590689016526
2021-01-06,3405,rolling,test,pca_only,8,20,log_euclidean,0.01,470.58463637520975,5693.680584437152,1440.9044913106152,459.73923239157534,229.86961619578454,-179.1505895170558,0.00011611462043365503,0.00011611258395827891,9.137215459524743e-05,1.1614840238682964,0.025163808950149972,0.01832955607824415
2021-01-06,3405,ewma,test,pca_only,8,20,log_euclidean,0.01,1580.478883336788,5447.57533357803,1397.5978296379687,496.7356542920828,248.3678271460491,-160.83687647154946,0.00012393710036320168,0.00012393506388782554,8.646375595652272e-05,1.0750527006393689,0.020119645392990926,0.014600979698996668
2021-01-06,3405,ledoit_wolf,test,pca_only,8,20,log_euclidean,0.01,124.26843709059762,23183.419772351455,1595.709722320612,818.7716483093945,409.3858241546973,-0.22267034117369633,0.00013853403160942268,0.00013853199513404654,0.0016940945672477244,1.0035013580293446,0.011776058948386799,0.010987332523653918
2021-01-06,3405,oas,test,pca_only,8,20,log_euclidean,0.01,401.1698117609098,17731.45068271677,1556.1463231296545,617.7644309779125,308.8822154889622,-100.63078314395854,0.0001246500154501134,0.00012464797897473727,0.0003220794930281456,1.0276426982678144,0.017268800083209548,0.012592483438760179
2021-01-06,3405,shrink,test,pca_only,8,20,log_euclidean,0.01,282.80439117853604,10823.65949302204,1214.1688871245785,498.76352543579503,249.38176271789828,-159.6419842613171,0.0001256497837615199,0.00012564774728614377,7.290912983940767e-05,1.0911860098444721,0.022109897995906368,0.016796201571248143
2021-01-06,3405,persistence,test,pca_only,8,20,log_euclidean,0.01,2087.813490216992,3702.668207252131,1638.4352618004514,486.5046951217412,243.25234756089685,-165.92709590782164,0.00012625596864263673,0.0001262539321672606,7.94714195501204e-05,1.0279241500055403,0.019598984654892494,0.01300774872148847
2021-01-13,3410,D0_pca8,test,pca_only,8,20,log_euclidean,0.01,0.0006242118817856342,2158.612539497011,6022.992234937692,127726.45431244903,63863.22715622452,61566.49233805279,0.0001486786151785831,0.00014867515213039465,6.056204506978355e-08,3.298695667710673,0.16269067254452352,0.18059162829114986
2021-01-13,3410,rolling,test,pca_only,8,20,log_euclidean,0.01,470.5754407968532,5591.633544833321,1444.0941813560962,442.26670932363413,221.13335466179842,-179.23891694749756,0.00011625221900619896,0.00011624875595801048,7.028421541610154e-05,1.1041483077776448,0.023162557826181988,0.01608604627470107
2021-01-13,3410,ewma,test,pca_only,8,20,log_euclidean,0.01,851.2748052930206,5337.462354183906,1291.5863095933707,452.1425407673581,226.07127038365402,-174.27128341026383,0.00011900687205322209,0.00011900340900503362,6.888524431552034e-05,1.091273187175492,0.02062306549764313,0.01519779295323459
2021-01-13,3410,ledoit_wolf,test,pca_only,8,20,log_euclidean,0.01,124.2566909063614,22674.27497660255,1443.6252395665051,799.7684118876922,399.88420594384576,-0.23956623683661177,0.00014420772368737672,0.00014420426063918825,0.0016711155359481265,1.0032867994591301,0.011662361601204378,0.010982366190890106
2021-01-13,3410,oas,test,pca_only,8,20,log_euclidean,0.01,401.172277196398,17319.182831800637,1413.750702332166,598.9036976267402,299.45184881337116,-100.71224949436433,0.00012703137267461634,0.00012702790962642788,0.0002899342195035677,1.026868873088111,0.016162033802454345,0.012269912351318163
2021-01-13,3410,shrink,test,pca_only,8,20,log_euclidean,0.01,282.79809883616616,10502.778985990175,1195.0882955048269,481.45855593466047,240.72927796733057,-159.6318320588247,0.00012485979965575964,0.00012485633660757117,5.77981629838209e-05,1.0486504408047777,0.020735577351905107,0.015216707422463645
2021-01-13,3410,persistence,test,pca_only,8,20,log_euclidean,0.01,2087.8032658336842,3681.20837017296,1485.1015692240949,468.38250786177093,234.19125393091463,-166.1108335161196,0.0001238786139491551,0.00012387515090096662,8.086475291155029e-05,1.0258835057712163,0.01876702339456175,0.012759375349823639
2021-01-21,3415,D0_pca8,test,pca_only,8,20,log_euclidean,0.01,0.0005661373076762822,2149.3282950859652,6097.5276652155635,152109.56051552546,76054.78025776272,72773.47796567874,0.00017157405536256343,0.00017157123113741547,4.8555673716200906e-08,3.1129877910675043,0.15879951888681768,0.1789416977898542
2021-01-21,3415,rolling,test,pca_only,8,20,log_euclidean,0.01,470.5638689457641,5553.562155150991,1418.8382317758324,443.9336832649209,221.96684163246465,-179.8635973830721,0.00010580516962830421,0.00010580234540315625,5.939519669599457e-05,1.1006619899022205,0.021061191214964567,0.015321136123050173
2021-01-21,3415,ewma,test,pca_only,8,20,log_euclidean,0.01,458.4987947272006,5285.534543160533,1186.8362397126725,428.99518201236435,214.49759100617942,-187.3600408242035,9.921907422927739e-05,9.921625000412943e-05,5.760395557261726e-05,1.1291973161090016,0.027519713578855333,0.01719527832267098
2021-01-21,3415,ledoit_wolf,test,pca_only,8,20,log_euclidean,0.01,124.2503291650393,22675.49420004082,1369.0550884107402,802.5068161105294,401.2534080552649,-0.26747883797244115,0.00013312826049332433,0.00013312543626817637,0.001664894175161614,1.003305767156051,0.011670886610674544,0.010983453779264647
2021-01-21,3415,oas,test,pca_only,8,20,log_euclidean,0.01,401.17548649021364,17315.661121191843,1341.1928691831486,601.3016138380497,300.65080691901784,-100.91725061511934,0.0001150026676830519,0.00011499984345790393,0.00027683700274219546,1.0256926617284199,0.016349428669366176,0.012321806280846241
2021-01-21,3415,shrink,test,pca_only,8,20,log_euclidean,0.01,282.78964741756795,10369.531716062982,1157.7260815348943,483.05993676483286,241.52996838241688,-160.29423140933142,0.00011021786207968655,0.00011021503785453858,4.985712358647396e-05,1.039016548199306,0.020931467806199693,0.014833735696681939
2021-01-21,3415,persistence,test,pca_only,8,20,log_euclidean,0.01,2087.7915353716003,3766.0663460506885,1398.1385353509827,470.7633333438356,235.38166667190893,-166.331232898494,0.00010611334382892858,0.00010611051960378061,6.755227081482808e-05,1.028781935557183,0.018702856670903944,0.01209951450908023
2021-01-28,3420,D0_pca8,test,pca_only,8,20,log_euclidean,0.01,0.0004973122759535589,2144.270083261249,5641.880139873909,105813.63791794669,52906.81895897335,52233.34950908764,0.00016389221657758877,0.00016388902820350988,5.644186953490704e-08,3.0279096329187385,0.15021946875499526,0.1571286935709342
2021-01-28,3420,rolling,test,pca_only,8,20,log_euclidean,0.01,470.5410627459244,5406.310893013295,989.0470739081862,447.6961803611189,223.84809018056106,-181.1615751665958,0.00011104654230889776,0.00011104335393481887,6.414392525991548e-05,1.1297275988217146,0.025243045545373887,0.016543877822245596
2021-01-28,3420,ewma,test,pca_only,8,20,log_euclidean,0.01,246.94198925593238,5135.112710195604,1358.0016286552477,409.38759963087125,204.69379981546277,-200.4088245795682,0.0001074173374433278,0.00010741414906924891,4.8745822550141316e-05,1.1448118001436423,0.028488305668899608,0.018043138588974827
2021-01-28,3420,ledoit_wolf,test,pca_only,8,20,log_euclidean,0.01,124.23816975965667,22672.885832841384,1317.3879588432349,809.3051427293389,404.6525713646701,-0.32747730778556844,0.00014826226078899836,0.00014825907241491947,0.0016495190057132679,1.0026784815784278,0.011385495573351147,0.0109682245951712
2021-01-28,3420,oas,test,pca_only,8,20,log_euclidean,0.01,401.1891788588304,17301.933249491543,1293.5668427049281,607.4318954720907,303.71594773604085,-101.26461320640732,0.00012669872394313597,0.00012669553556905709,0.00027348606241025885,1.0237038373376692,0.015651788272560366,0.011812944990160239
2021-01-28,3420,shrink,test,pca_only,8,20,log_euclidean,0.01,282.7738651442737,10083.513602610812,891.3444672446294,487.0103347584883,243.50516737924409,-161.48360852283372,0.00011048529511217841,0.00011048210673809952,5.732541776734197e-05,1.0539890703003063,0.02126702457426504,0.014822684645118366
2021-01-28,3420,persistence,test,pca_only,8,20,log_euclidean,0.01,0.0005088991578067911,3505.1741996482842,1551.9723800149277,5160.570810195741,2580.2854050978654,2108.3247653145,0.00011524357635457894,0.00011524038798050005,3.2172594306034137e-07,1.8824761317560252,0.0712289608937117,0.060806688541492654
2021-02-04,3425,D0_pca8,test,pca_only,8,20,log_euclidean,0.01,0.0003028234067876124,2041.4012705756982,6577.88079893917,74771.76400439159,37385.88200219579,36649.83086727553,0.00011186455892975072,0.00011186131250238767,7.582092110451156e-08,3.2616537232857885,0.14098323480811548,0.1734433561489362
2021-02-04,3425,rolling,test,pca_only,8,20,log_euclidean,0.01,470.5546707482393,5456.044474202662,906.448733402612,464.3208370180745,232.16041850902678,-182.09126748661922,7.156457264893148e-05,7.156132622156844e-05,7.698784209966918e-05,1.1106736460273499,0.025721606767701483,0.016605015872617847
2021-02-04,3425,ewma,test,pca_only,8,20,log_euclidean,0.01,133.0211877379687,5209.6955473847,1156.2231787258813,403.01774955906103,201.50887477950195,-212.9290234062039,7.34015889676758e-05,7.339834254031276e-05,5.918271262759504e-05,1.3901527433109349,0.06008862523937778,0.03027555548826448
2021-02-04,3425,ledoit_wolf,test,pca_only,8,20,log_euclidean,0.01,124.25042869627701,22701.910208401237,1144.0653532993167,827.5835519126232,413.7917759563116,-0.3502993446070747,0.00010406364721992451,0.00010406040079256147,0.0016549268679296257,1.0024713388560376,0.011380916005225589,0.010966981624605358
2021-02-04,3425,oas,test,pca_only,8,20,log_euclidean,0.01,401.1948116534523,17323.392911312472,1122.0992314390219,625.5039171109319,312.7519585554653,-101.39801840977731,8.794609657100362e-05,8.794285014364058e-05,0.00028552434753294003,1.0224553324699912,0.01621219664651393,0.011738589082329979
2021-02-04,3425,shrink,test,pca_only,8,20,log_euclidean,0.01,282.7858365260555,10215.914717880003,775.1967503806022,503.6245891919101,251.81229459595562,-162.39286322465526,7.678304904061985e-05,7.67798026132568e-05,6.305007130698823e-05,1.0524790680730498,0.021881126134948685,0.014985675122552949
2021-02-04,3425,persistence,test,pca_only,8,20,log_euclidean,0.01,0.0005148463922760162,3618.818213776325,1233.4424402579489,4115.070161964364,2057.5350809822075,1579.480353626966,7.174012813254971e-05,7.173688170518666e-05,3.5738606576713473e-07,1.87096007655291,0.092359013356884,0.058329218199807104
2021-02-11,3430,D0_pca8,test,pca_only,8,20,log_euclidean,0.01,0.00030390679260684626,2104.3741709084534,6550.824920996627,33581.97224268624,16790.98612134314,15992.788545261297,0.00014242796983230814,0.00014242255371271794,1.3604563381139853e-07,2.775854704460067,0.11461969449114752,0.12905310430703087
2021-02-11,3430,rolling,test,pca_only,8,20,log_euclidean,0.01,351.766273140698,5377.545484151091,952.509906438007,437.10280257082377,218.5514012854395,-191.42224858601514,9.444918492309748e-05,9.444376880350728e-05,7.012934909786187e-05,1.1277752675387454,0.0293422925650101,0.017790273051468766
2021-02-11,3430,ewma,test,pca_only,8,20,log_euclidean,0.01,69.25880195663815,5149.797410434368,1125.6233277285032,371.3820816513416,185.69104082564925,-224.62442022661662,9.972668792779633e-05,9.972127180820613e-05,4.48393322216552e-05,1.509183648780392,0.060721870041994655,0.03396333001780462
2021-02-11,3430,ledoit_wolf,test,pca_only,8,20,log_euclidean,0.01,76.23928792373631,22274.86756620601,1288.7784231496998,804.2754866279384,402.1377433139696,-7.62887310232563,0.0001126915590112075,0.0001126861428916173,0.0014345541432069803,1.0019737810287626,0.01131584355993373,0.010960638287248508
2021-02-11,3430,oas,test,pca_only,8,20,log_euclidean,0.01,303.9992905073635,16460.048040533493,1259.5453936108906,583.2758624138205,291.63793120691315,-118.15496082531169,0.00010132761861152168,0.00010132220249193148,0.00021818790481708896,1.0240203645465236,0.017187576268732227,0.011894116454155858
2021-02-11,3430,shrink,test,pca_only,8,20,log_euclidean,0.01,209.32104261619955,10009.924448865107,870.7559164294944,476.0193388415539,238.0096694207764,-171.923448165819,9.86576346350145e-05,9.86522185154243e-05,5.7554165728598445e-05,1.0431690032753353,0.023470768755776833,0.015358404899047608
2021-02-11,3430,persistence,test,pca_only,8,20,log_euclidean,0.01,0.0006026557204292409,3751.7653875913206,1281.8446931439926,4091.6332669460617,2045.816633473042,1590.098239456513,0.00011957851067231479,0.00011957309455272459,4.5367472439152086e-07,2.0622114186854597,0.09420790327961655,0.06729434172195298
2021-02-19,3435,D0_pca8,test,pca_only,8,20,log_euclidean,0.01,0.0005157502175181885,2002.8065344799174,4965.783965271965,183860.9155233853,91930.45776169265,87519.57623496183,8.105739066352894e-05,8.105203072327619e-05,2.74281885257245e-08,3.3427074332413733,0.1514833608454019,0.2031273672196295
2021-02-19,3435,rolling,test,pca_only,8,20,log_euclidean,0.01,313.89414179552546,5161.23579297682,983.6325718254706,403.4069678959016,201.70348394797645,-206.99971381044352,9.524760283704804e-05,9.524224289679528e-05,5.850329521662925e-05,1.1735515960254579,0.03324972379340245,0.020033046011352668
2021-02-19,3435,ewma,test,pca_only,8,20,log_euclidean,0.01,36.83184721061083,4965.065318168557,1079.9148820933249,340.72768379161056,170.36384189579607,-238.86458374726453,9.615531628888021e-05,9.614995634862745e-05,3.0803025087919714e-05,1.547038749544951,0.06577610798541565,0.03534108790145964
2021-02-19,3435,ledoit_wolf,test,pca_only,8,20,log_euclidean,0.01,82.20781009884273,21094.03788010027,1410.2173209838597,758.8301073551443,379.4150536775716,-28.913916537934437,0.0001319158908230736,0.00013191053088282083,0.0009372066316235631,1.001363204356591,0.011076944644628927,0.010525887956058367
2021-02-19,3435,oas,test,pca_only,8,20,log_euclidean,0.01,278.2253873765436,15030.938039620705,1358.3002598629346,522.0548410508362,261.0274205254185,-147.39121767056963,0.00010995890572348653,0.00010995354578323378,0.00014539962209085484,1.0222877318282686,0.02024820696466214,0.012389947771984863
2021-02-19,3435,shrink,test,pca_only,8,20,log_euclidean,0.01,185.9041821372374,9265.133143819794,928.2884049568236,428.8434436271515,214.42172181357512,-194.27259605347643,9.957782303780646e-05,9.95724630975537e-05,4.816800630451497e-05,1.0806322678750122,0.027063896148356456,0.016831157357010757
2021-02-19,3435,persistence,test,pca_only,8,20,log_euclidean,0.01,0.0005599897028599743,3686.6007289953286,1278.4119227341448,4252.108190776218,2126.054095388109,1650.4016483139585,0.0001326645471775913,0.00013265918723733854,4.3461294056628236e-07,2.0281275240925405,0.09795407783405348,0.06672085672155323
2021-02-26,3440,D0_pca8,test,pca_only,8,20,log_euclidean,0.01,0.0004983759262048819,1999.462128704445,6301.0211143356655,80490.47333415113,40245.236667075565,38410.9315585929,5.592808251421781e-05,5.592506500565016e-05,8.570850615959595e-08,3.702708233191514,0.16722101401160444,0.24006272109951038
2021-02-26,3440,rolling,test,pca_only,8,20,log_euclidean,0.01,313.9016100239022,5012.604662170674,1061.059405601979,408.6670549240983,204.33352746207117,-207.9035784688437,7.451813833950991e-05,7.451512083094227e-05,6.174577870636707e-05,1.206363913213842,0.03431654657558581,0.02164313776265894
2021-02-26,3440,ewma,test,pca_only,8,20,log_euclidean,0.01,19.839939318153313,4831.825054781539,1123.7260687621697,327.9528322838478,163.97641614196715,-248.81266285685106,8.361073533574587e-05,8.360771782717823e-05,2.5168428664997928e-05,1.6195973567544173,0.06391277594460491,0.04006701435505096
2021-02-26,3440,ledoit_wolf,test,pca_only,8,20,log_euclidean,0.01,82.21299631072151,21114.756785147678,1512.477569107189,766.1294408754337,383.06472043771646,-28.908773170337316,0.00012416644643997916,0.00012416342893141152,0.000944558631743298,1.0016432589494637,0.011171894707324772,0.010529021440744583
2021-02-26,3440,oas,test,pca_only,8,20,log_euclidean,0.01,278.2268668708596,15035.747994034215,1450.3147138272514,529.1432207592786,264.5716103796411,-147.47335495845397,9.626945600515525e-05,9.626643849658761e-05,0.0001533161012174823,1.0276341966874043,0.02075906800533786,0.012817197274905236
2021-02-26,3440,shrink,test,pca_only,8,20,log_euclidean,0.01,185.90945711565183,9348.748492519986,1005.317061614182,434.05016463094637,217.02508231547233,-195.21820031380645,8.125114152301457e-05,8.124812401444692e-05,5.148501042837756e-05,1.09521166718881,0.028161831268719337,0.018108131826180037
2021-02-26,3440,persistence,test,pca_only,8,20,log_euclidean,0.01,0.00044320145518622574,3474.9805784902746,1170.7105364885756,3854.2112756969937,1927.105637848502,1452.7052529201244,0.00012942653175697296,0.00012942351424840532,4.5661949145951344e-07,2.1747209103169585,0.07629944360426717,0.07588248074048459
2021-03-05,3445,D0_pca8,test,pca_only,8,20,log_euclidean,0.01,0.0004531297276856832,1958.8235839899714,7284.217925855131,74955.60715031115,37477.803575155565,36433.77828448883,0.00011871972683407184,0.0001187160914917732,4.24597795157578e-08,2.62241645815669,0.10861605845396032,0.12187403321584052
2021-03-05,3445,rolling,test,pca_only,8,20,log_euclidean,0.01,313.90615685376207,5010.061813061492,1175.4829948587403,412.65387954019843,206.3269397700916,-208.03115486497168,6.1023893128204716e-05,6.102025778590609e-05,6.568896103037419e-05,1.214340224424759,0.03652290698569336,0.022883311270852275
2021-03-05,3445,ewma,test,pca_only,8,20,log_euclidean,0.01,10.686468563259025,4826.435062197672,1150.5709022453666,320.4497287554684,160.22486437773335,-254.85170070529176,6.746133527678294e-05,6.74576999344843e-05,2.7295327211717457e-05,1.921587037041094,0.07244206362521412,0.05632702790176087
2021-03-05,3445,ledoit_wolf,test,pca_only,8,20,log_euclidean,0.01,82.215816079306,21122.718796941583,1442.4511446126323,770.563625741607,385.28181287080423,-28.906462024252072,9.043776261892798e-05,9.043412727662935e-05,0.0009478069496612401,1.001790032305353,0.011192395678056813,0.010528119096787903
2021-03-05,3445,oas,test,pca_only,8,20,log_euclidean,0.01,278.2289598805803,15044.960970061504,1386.9105264280925,533.5689060647729,266.78445303238357,-147.4356055542009,6.875121043275497e-05,6.874757509045633e-05,0.00015985095035547634,1.023702782557116,0.02150079949100663,0.012855239205193648
2021-03-05,3445,shrink,test,pca_only,8,20,log_euclidean,0.01,185.91252932220527,9395.674303352385,1059.9142945881254,438.0437837829095,219.02189189145497,-195.31636593420953,6.270329205485693e-05,6.269965671255829e-05,5.4867446488007484e-05,1.105994414608377,0.03096842745421915,0.019054449278844397
2021-03-05,3445,persistence,test,pca_only,8,20,log_euclidean,0.01,0.00041142838526673483,3410.195252905888,1207.6637710665825,4291.759873270996,2145.8799366354992,1675.659977912605,6.320176079071018e-05,6.319812544841155e-05,3.74982476666266e-07,2.2951046998497904,0.07831513711554478,0.0751481608532355
2021-03-12,3450,D0_pca8,test,pca_only,8,20,log_euclidean,0.01,0.00025304072556654587,1857.8015499465469,7280.900301635066,59086.49880370177,29543.249401850895,28322.77818778382,0.00012008112714645846,0.00012007783542725473,8.471288050872991e-08,3.7971804277343897,0.14541802542455487,0.23758822201537555
2021-03-12,3450,rolling,test,pca_only,8,20,log_euclidean,0.01,0.00021793213012762363,4658.784627075507,826.4049773758134,1475.2894766633474,737.6447383316739,293.31385864070313,9.205005275430924e-05,9.20467610351055e-05,1.4127527319505793e-06,3.9517676907532127,0.13206734164846717,0.24261007040156016
2021-03-12,3450,ewma,test,pca_only,8,20,log_euclidean,0.01,0.00026322541059636427,4494.31085857238,877.3500359045355,1481.853150936875,740.9265754684188,295.41708598339244,8.556677490402762e-05,8.556348318482389e-05,1.3468277485822829e-06,3.7997944796448038,0.1220131193542312,0.21465965966216993
2021-03-12,3450,ledoit_wolf,test,pca_only,8,20,log_euclidean,0.01,0.0001693226234396374,8351.79259233944,734.5880642249163,299.8450166474177,149.92250832370883,-277.25418387512826,4.366085936775014e-05,4.3657567648546405e-05,2.045631853862632e-05,2.321942206828632,0.0881846423720163,0.08072804610639353
2021-03-12,3450,oas,test,pca_only,8,20,log_euclidean,0.01,0.00017572938250544,8058.53213756658,730.7325999569694,301.3481275443894,150.67406377219518,-276.73255735326563,4.9360003779492786e-05,4.9356712060289055e-05,1.7482547801444624e-05,2.589830073992432,0.09500661212567117,0.10060339505841175
2021-03-12,3450,shrink,test,pca_only,8,20,log_euclidean,0.01,0.0001709600334110718,8116.731029302569,748.5089084300537,297.54480713716316,148.77240356858175,-278.7239907397192,4.5285008098959916e-05,4.5281716379756184e-05,1.546403007123898e-05,2.354582886592249,0.22374815053561253,0.12834563154346193
2021-03-12,3450,persistence,test,pca_only,8,20,log_euclidean,0.01,0.0002849208237325222,3195.9276576727543,943.341221753668,2763.5570688156267,1381.7785344078047,920.2926550968338,4.9635210214402114e-05,4.963191849519838e-05,5.325976995747193e-07,2.4813692337100157,0.08431033833611742,0.09537486527428368
2021-03-19,3455,D0_pca8,test,pca_only,8,20,log_euclidean,0.01,0.00016916852955180272,1872.7374302814505,7470.685925846972,60502.70569810235,30251.352849051178,29133.54571252563,0.00010595812100735098,0.0001059568508443368,4.4205791498054104e-08,2.9956920148401935,0.14328758654377224,0.15586353129893432
2021-03-19,3455,rolling,test,pca_only,8,20,log_euclidean,0.01,0.0002175397495126239,4741.4860573144315,832.3653946173841,1192.8695310510009,596.4347655254919,151.96474032097564,5.523210748432773e-05,5.5230837321313554e-05,1.2744616364757655e-06,3.832808262792136,0.12911309227368808,0.2124427373672486
2021-03-19,3455,ewma,test,pca_only,8,20,log_euclidean,0.01,0.0002294831509775444,4568.310049063011,804.3689805250565,1211.339632323273,605.6698161616262,161.13964893439018,5.693562287326448e-05,5.69343527102503e-05,1.2476211550830316e-06,3.735615012462648,0.13096697692365436,0.20793293732534285
2021-03-19,3455,ledoit_wolf,test,pca_only,8,20,log_euclidean,0.01,0.00013829689934329967,8382.893919373702,755.6441283716083,303.84490244528007,151.92245122264012,-283.81683633145565,4.156854195948793e-05,4.156727179647375e-05,1.776509948321551e-05,2.1973678252095388,0.0846879701601558,0.07243555072549357
2021-03-19,3455,oas,test,pca_only,8,20,log_euclidean,0.01,0.0001505179171763854,8127.109524037949,751.4844166411376,301.91133288580806,150.95566644290423,-284.90911887045326,4.3139252076815315e-05,4.313798191380114e-05,1.540794049135866e-05,2.4027744550183505,0.09287189865057985,0.0865387085745533
2021-03-19,3455,shrink,test,pca_only,8,20,log_euclidean,0.01,0.0001407124714041343,8166.464651414858,757.8840082312713,298.2779579345522,149.13897896727636,-286.7574207746205,3.5980823697527914e-05,3.597955353451374e-05,1.3163639986640495e-05,2.1769616496308943,0.23333720272599903,0.11899390250518183
2021-03-19,3455,persistence,test,pca_only,8,20,log_euclidean,0.01,0.0003320362435425284,3252.089162853902,1038.249137249819,2291.213052057396,1145.606526028694,682.7612190646086,5.081928836621069e-05,5.081801820319651e-05,5.227631377550607e-07,2.4030736240146466,0.08330301079411717,0.08967198193448556
2021-03-26,3460,D0_pca8,test,pca_only,8,20,log_euclidean,0.01,0.00011509113484811797,1908.3162648405262,7729.4535118692875,63777.44978311997,31888.724891559996,30597.734397958884,0.0001506817043141575,0.00015068033534553637,3.558590872682434e-08,2.786424120162657,0.10936766180718871,0.13002662617533742
2021-03-26,3460,rolling,test,pca_only,8,20,log_euclidean,0.01,0.0002295102992827103,4891.347539057733,818.9675692984705,1299.9113589512738,649.955679475632,197.39271073146767,7.016354599974186e-05,7.016217703112073e-05,1.6044094791226097e-06,4.135598330666725,0.15012766087570636,0.25616810227904085
2021-03-26,3460,ewma,test,pca_only,8,20,log_euclidean,0.01,0.000273918729830439,4689.935693002823,864.2754315569375,1362.1804230511627,681.0902115255819,228.2031671699461,8.026588596382053e-05,8.02645169951994e-05,1.6431927039298187e-06,4.257371764513835,0.1594918231257748,0.27284258501639835
2021-03-26,3460,ledoit_wolf,test,pca_only,8,20,log_euclidean,0.01,0.00013119760461062914,8348.464806742286,716.0883734455073,314.7912853192236,157.39564265961178,-282.8204037697565,4.603648371814515e-05,4.6035114749524006e-05,1.8391346853148973e-05,2.2956506408035127,0.08247055013200763,0.07488808074763345
2021-03-26,3460,oas,test,pca_only,8,20,log_euclidean,0.01,0.00014464000422463285,8146.035486053617,719.1894583136009,314.74936875413715,157.37468437706863,-282.9887509494605,4.8033652334839235e-05,4.8032283366218094e-05,1.6571849361303876e-05,2.4706295645822545,0.08961105222181409,0.08680749435285066
2021-03-26,3460,shrink,test,pca_only,8,20,log_euclidean,0.01,0.00013064209480904805,8192.087141942544,713.7646968515828,309.3317752899546,154.66588764497757,-285.7116761733633,3.861956036678949e-05,3.8618191398168346e-05,1.4223353481909656e-05,2.211737297201378,0.20941082177213052,0.1163943959339229
2021-03-26,3460,persistence,test,pca_only,8,20,log_euclidean,0.01,0.0003715259949705638,3276.7579728987175,1157.2659657885124,2377.608456119715,1188.8042280598636,719.9078233451562,4.128500431695445e-05,4.128363534833331e-05,3.5772073419679293e-07,2.0216913127851908,0.0732522160362636,0.0650159872887853
2021-04-05,3465,D0_pca8,test,pca_only,8,20,log_euclidean,0.01,8.055478168298642e-05,1886.7839523194912,7876.219620161051,51076.0427131822,25538.021356591107,24607.763085102193,0.00014281780194867714,0.0001428169286985123,7.581495970225617e-08,3.4937568380089257,0.13736967227125893,0.20025829870524092
2021-04-05,3465,rolling,test,pca_only,8,20,log_euclidean,0.01,0.00022824115180632525,4960.931510782277,762.7867747213536,1374.8785382974886,687.439269148749,242.03324500604555,6.399706155189237e-05,6.399618830172754e-05,1.8163228078835487e-06,4.3442869681611445,0.13874121972257944,0.2895528717105432
2021-04-05,3465,ewma,test,pca_only,8,20,log_euclidean,0.01,0.00021467075951940646,4727.914390408876,782.8504743543236,1523.2153685840224,761.6076842920118,315.98859819508385,7.658379627222617e-05,7.658292302206134e-05,1.6808998295436499e-06,4.340100606343528,0.15936144684905765,0.29604681667891153
2021-04-05,3465,ledoit_wolf,test,pca_only,8,20,log_euclidean,0.01,0.00012278950425917851,8326.652776357883,624.9939859757519,323.6746754017621,161.83733770088085,-280.74250173111125,3.139736298547463e-05,3.13964897353098e-05,1.983879568029609e-05,2.294059911917507,0.08496010530423939,0.08037278758135973
2021-04-05,3465,oas,test,pca_only,8,20,log_euclidean,0.01,0.00013746192463377424,8126.446014559326,633.575961475769,324.8636726373072,162.431836318654,-280.20793493525855,3.3875655781734725e-05,3.38747825315699e-05,1.7943918807979096e-05,2.458320233061156,0.08997308711280158,0.09369332719399792
2021-04-05,3465,shrink,test,pca_only,8,20,log_euclidean,0.01,0.00012176339331871376,8188.85926812169,630.9125107710597,321.76331311220974,160.88165655610499,-281.69687007642824,3.198206195504436e-05,3.198118870487953e-05,1.5392697490377373e-05,2.2419491888220735,0.1867953004271047,0.11925667279262706
2021-04-05,3465,persistence,test,pca_only,8,20,log_euclidean,0.01,0.0003478095240249273,3337.730788378422,1158.3744695228015,2520.9173494857155,1260.4586747428527,800.4028910725767,3.594478274281389e-05,3.5943909492649064e-05,3.6978750052411605e-07,2.1612168092221564,0.06261131451648655,0.07034366026337975
2021-04-12,3470,D0_pca8,test,pca_only,8,20,log_euclidean,0.01,0.00013075037489214614,1932.858224123861,7479.58723027473,88642.85761845621,44321.42880922812,42909.248962714875,8.443941976922915e-05,8.443834472693896e-05,6.70023167855637e-08,4.326402900591207,0.12384942428602559,0.29235869336771503
2021-04-12,3470,rolling,test,pca_only,8,20,log_euclidean,0.01,0.00016936534091585706,4834.996274327164,749.3907398898637,1639.3270071869224,819.6635035934642,369.4593937687031,6.452010760593885e-05,6.451903256364866e-05,1.5987613589301562e-06,4.23966545427785,0.1531615547940144,0.28555470730042565
2021-04-12,3470,ewma,test,pca_only,8,20,log_euclidean,0.01,0.00012877882177220014,4605.604048070045,763.3929992469846,1940.3875920418345,970.193796020925,514.4671236982128,7.395889296619227e-05,7.395781792390208e-05,1.5301519640867565e-06,4.334764666710944,0.1629286343509245,0.3178441736163914
2021-04-12,3470,ledoit_wolf,test,pca_only,8,20,log_euclidean,0.01,0.00010272308099490416,8158.68754739499,619.5501194476503,316.33800008158835,158.16900004079397,-275.9537567148124,3.8041059799044335e-05,3.803998475675414e-05,1.7895171122677142e-05,2.218821872981878,0.09284721112561563,0.080024006781295
2021-04-12,3470,oas,test,pca_only,8,20,log_euclidean,0.01,0.00011172015743503672,7951.710489226667,627.5306505434102,321.2388911819111,160.61944559095596,-273.6849838731576,4.0897436933893876e-05,4.089636189160368e-05,1.611643349547825e-05,2.4020527817701693,0.10096839056134442,0.09458962921793979
2021-04-12,3470,shrink,test,pca_only,8,20,log_euclidean,0.01,0.00010230041604546524,8019.513362801795,628.703742410656,316.248525979493,158.1242629897469,-276.0743475483037,2.9779694125998295e-05,2.97786190837081e-05,1.391204443184624e-05,2.170279103726095,0.21199130343297154,0.12316164558039572
2021-04-12,3470,persistence,test,pca_only,8,20,log_euclidean,0.01,0.00017656244576368964,3263.0973415403128,993.5584687248181,3707.5885001533065,1853.7942500766533,1375.1649556255575,3.126834765474962e-05,3.1267272612459425e-05,2.759299624836187e-07,2.0202943671214535,0.08000127255322599,0.06730104778290988
2021-04-19,3475,D0_pca8,test,pca_only,8,20,log_euclidean,0.01,0.00037577417943396725,2017.266930931945,4896.7048665456,162744.91228189386,81372.45614094693,78482.38531079407,0.00011073169360830394,0.00011073056491740172,2.7862477013690638e-08,3.8203269127257022,0.21080221853011202,0.23568639264950114
2021-04-19,3475,rolling,test,pca_only,8,20,log_euclidean,0.01,0.00017454432613590244,4736.001777163812,858.1679015000134,1936.7369067127079,968.3684533563478,522.6242529288396,0.00011242689903596102,0.0001124257703450588,1.4002941281511774e-06,4.384993504372577,0.1334510581570036,0.28178563887587227
2021-04-19,3475,ewma,test,pca_only,8,20,log_euclidean,0.01,0.00020092519839584025,4501.442188079309,921.0242923346087,2298.4635831550245,1149.231791577511,697.976761217067,7.496522148281364e-05,7.496409279191143e-05,1.3342281692914353e-06,4.525282016371517,0.157330803508656,0.3202578994380681
2021-04-19,3475,ledoit_wolf,test,pca_only,8,20,log_euclidean,0.01,0.00018435675043649056,7886.154321420755,893.4560878268026,302.9522388397331,151.4761194198665,-270.6260718061371,6.360518637480534e-05,6.360405768390313e-05,1.3276011709513592e-05,2.103468490882896,0.07218779186617583,0.06738068713561027
2021-04-19,3475,oas,test,pca_only,8,20,log_euclidean,0.01,0.0001818149943820114,7764.638217408134,881.7149336370807,308.17849597568875,154.0892479878442,-268.18440049364955,6.588479003833859e-05,6.588366134743637e-05,1.2563273351539918e-05,2.2223864894072434,0.0768744671075881,0.07481946420364222
2021-04-19,3475,shrink,test,pca_only,8,20,log_euclidean,0.01,0.00018925544219975705,7779.91748994813,896.3722953845761,304.29099683712855,152.14549841856393,-270.35172001554895,5.242271641471188e-05,5.242158772380967e-05,1.0870605131892441e-05,2.160252882397393,0.11212602714815563,0.09342031634287327
2021-04-19,3475,persistence,test,pca_only,8,20,log_euclidean,0.01,0.00022552422937543678,3217.22109165638,1239.2425323266639,5048.681576089883,2524.340788044932,2037.1254320667608,6.590130601371365e-05,6.590017732281144e-05,1.6722626722923746e-07,1.8156015167661255,0.0548553216666137,0.0493396638537815
2021-04-26,3480,D0_pca8,test,pca_only,8,20,log_euclidean,0.01,0.0002771245843169891,1959.2897434050897,5461.384996301328,93073.9861965035,46536.99309825173,45024.56565648599,0.00013213644998060381,0.0001321347095865997,6.697133765196048e-08,3.8731430978636845,0.21828355135162858,0.2875438906177734
2021-04-26,3480,rolling,test,pca_only,8,20,log_euclidean,0.01,0.00014433707979063221,4643.642121166477,808.8702588123454,1973.4942606299392,986.7471303149661,533.7622545242464,0.0001336201124688627,0.0001336183720748586,9.281522438449768e-07,3.6310981192045775,0.1052081234901174,0.19743072165191608
2021-04-26,3480,ewma,test,pca_only,8,20,log_euclidean,0.01,0.00013439797282039642,4412.000793371679,819.7116506681887,2322.5992212096103,1161.2996106048026,703.2324943061041,0.00011290273334454927,0.00011290099295054516,8.557548922198245e-07,3.636273864197752,0.12328977024246807,0.21512422655669344
2021-04-26,3480,ledoit_wolf,test,pca_only,8,20,log_euclidean,0.01,0.00013624380933502045,7696.647874542204,803.0613381218775,310.67853249416623,155.33926624708317,-269.4497246937172,8.123614163453176e-05,8.123440124052765e-05,1.1165318175296567e-05,2.303546088565949,0.06213893483414094,0.08114748261609736
2021-04-26,3480,oas,test,pca_only,8,20,log_euclidean,0.01,0.00013597912727426295,7598.226676560862,797.8377563991191,316.40797628414714,158.20398814207377,-266.7589265754761,8.434831905582457e-05,8.434657866182045e-05,1.0471538490069359e-05,2.3866238334300944,0.06372596024098372,0.0870001693059412
2021-04-26,3480,shrink,test,pca_only,8,20,log_euclidean,0.01,0.0001388514651346467,7723.156035180839,806.9421184262882,303.5525613716702,151.77628068583522,-272.93936038906463,6.343991016607546e-05,6.343816977207134e-05,1.0348887225435291e-05,2.2119671915942,0.11760759490618151,0.09646611756546761
2021-04-26,3480,persistence,test,pca_only,8,20,log_euclidean,0.01,0.0001973736220189139,3249.362114292501,1176.4100790436255,6021.039865543223,3010.519932771601,2525.7341201786267,0.00010143253846894818,0.00010143079807494407,1.5742162709378652e-07,1.842632686472454,0.056878773139286375,0.051457586792476605
2021-05-03,3485,D0_pca8,test,pca_only,8,20,log_euclidean,0.01,0.0003392027410826691,1934.0766610743021,4555.532535571466,184687.05470419675,92343.52735209839,90234.47712437157,7.054697646040164e-05,7.054503269942091e-05,2.5177534068407717e-08,4.130487596385078,0.21288102098539485,0.2830111822999211
2021-05-03,3485,rolling,test,pca_only,8,20,log_euclidean,0.01,0.0001379139191259432,4513.222352168152,712.684548043066,1680.0995891540651,840.0497945770337,398.73030116933217,6.289361309556917e-05,6.289166933458844e-05,1.140543903578602e-06,3.9490147772509934,0.1245755816442019,0.24348506727053984
2021-05-03,3485,ewma,test,pca_only,8,20,log_euclidean,0.01,0.0001541872033505028,4319.138302406091,780.9063769988879,2049.143737135093,1024.5718685675483,580.8267192240631,5.0869672830749805e-05,5.0867729069769074e-05,9.604309336234974e-07,3.8530549131272984,0.14884888536600815,0.24839716204672985
2021-05-03,3485,ledoit_wolf,test,pca_only,8,20,log_euclidean,0.01,0.0001417445805032897,7652.659360724412,750.6815413066992,292.7735440385999,146.38677201929957,-278.80692584817336,4.2725578548020155e-05,4.2723634787039425e-05,1.1716685956546877e-05,2.2144358004225753,0.06474714350784391,0.075834459485398
2021-05-03,3485,oas,test,pca_only,8,20,log_euclidean,0.01,0.00014002196650876237,7524.467560875668,738.3695073850032,297.75112137937737,148.8755606896885,-276.427243729325,4.368531087952007e-05,4.368336711853934e-05,1.092418703848564e-05,2.321227520722267,0.06637715626008635,0.08387136283775277
2021-05-03,3485,shrink,test,pca_only,8,20,log_euclidean,0.01,0.0001468911398683007,7645.041156396234,760.2180749434302,286.29445627510455,143.1472281375521,-282.54277231402915,4.460425314083549e-05,4.460230937985476e-05,1.0310652781435217e-05,2.19490869786386,0.1337243906096385,0.10375476876451421
2021-05-03,3485,persistence,test,pca_only,8,20,log_euclidean,0.01,0.00021192517104107,3254.3749323430316,1087.1915641255782,5874.990159607872,2937.49507980394,2445.0232086162823,4.9623835443919356e-05,4.9621891682938625e-05,1.1599195540363854e-07,1.6478217883921318,0.054372857261027474,0.040672820056806384
2021-05-10,3490,D0_pca8,test,pca_only,8,20,log_euclidean,0.01,0.0002921939955671532,1906.056760633858,4776.23236452054,107899.6004126983,53949.80020634916,52864.04141063123,7.534287415375764e-05,7.534090433354324e-05,4.830455215602222e-08,3.7317311838989506,0.13765814653462477,0.2550123997513359
2021-05-10,3490,rolling,test,pca_only,8,20,log_euclidean,0.01,0.00015886250156997187,4594.637997356605,820.0203911685256,2423.8215927376414,1211.9107963688143,764.2366318858193,8.213928867299757e-05,8.213731885278317e-05,1.0705356909968257e-06,4.097992449404136,0.13767319698962324,0.24424904421561255
2021-05-10,3490,ewma,test,pca_only,8,20,log_euclidean,0.01,0.000179843650735115,4401.771813686831,931.3842563701272,2656.5753205052333,1328.287660252619,878.0344031303566,9.904135577948378e-05,9.903938595926938e-05,9.778768023383366e-07,3.8729963066404114,0.1349676802914622,0.2354777103816426
2021-05-10,3490,ledoit_wolf,test,pca_only,8,20,log_euclidean,0.01,0.00016149128897678143,7681.33990213534,879.5988373141481,320.70444667790866,160.35222333895445,-264.6947964153986,5.2754514566255474e-05,5.275254474604107e-05,1.105540884422123e-05,2.0732526535916747,0.07698405985395526,0.06710975378997426
2021-05-10,3490,oas,test,pca_only,8,20,log_euclidean,0.01,0.00016012345303214077,7565.07694241949,865.7455822964142,328.6311723285649,164.31558616428234,-260.87335600204324,5.4126655824802894e-05,5.412468600458849e-05,1.0427756590967449e-05,2.1779216600032556,0.07919747046072059,0.07399334744743671
2021-05-10,3490,shrink,test,pca_only,8,20,log_euclidean,0.01,0.0001639858210208666,7584.324632076496,869.8169738736779,321.86421217893644,160.93210608946842,-264.5328166543204,5.0869057561022426e-05,5.086708774080802e-05,9.190438503030514e-06,2.118215981860564,0.1224424604978653,0.09631296641436428
2021-05-10,3490,persistence,test,pca_only,8,20,log_euclidean,0.01,0.00021243028921014647,3383.4198562981896,1171.2949226680025,5844.010713980923,2922.0053569904667,2435.339084093793,4.932446919520502e-05,4.932249937499061e-05,1.4068810035629503e-07,1.6243017025050146,0.04955035228064922,0.041413358686364185
2021-05-17,3495,D0_pca8,test,pca_only,8,20,log_euclidean,0.01,0.00011678026910459308,1900.597274544823,7805.899458130416,86650.2998655293,43325.14993276467,42307.53937655596,0.0001338644459533479,0.00013386334971520608,6.353489787227838e-08,4.140378641697789,0.13478689444843459,0.26529937856890373
2021-05-17,3495,rolling,test,pca_only,8,20,log_euclidean,0.01,0.00017722317557839986,4614.849313413778,796.4923789644081,2164.306446975439,1082.1532234877145,642.189317197772,7.99624177873567e-05,7.99613215492149e-05,9.948496277123269e-07,3.6904915600957136,0.14064014022079702,0.221648580847495
2021-05-17,3495,ewma,test,pca_only,8,20,log_euclidean,0.01,0.00028759437812325716,4413.504970658363,1165.9617862635243,2066.2308088156465,1033.1154044078212,593.5550467353098,8.735070951540412e-05,8.734961327726231e-05,9.683777078026345e-07,3.4567548115203386,0.1301483022477355,0.19140788168261913
2021-05-17,3495,ledoit_wolf,test,pca_only,8,20,log_euclidean,0.01,0.00012535623080580087,7557.751817900407,636.6751147854925,340.9925445858884,170.49627229294413,-268.7119961406594,3.4441680911487585e-05,3.444058467334577e-05,1.0184712102163082e-05,2.1779075119707785,0.07428041487222364,0.07501970504397712
2021-05-17,3495,oas,test,pca_only,8,20,log_euclidean,0.01,0.00013001858677232973,7441.557230008457,646.1824270280192,349.55992934772854,174.77996467386413,-264.4351744981692,3.711283284115129e-05,3.7111736603009475e-05,9.50956055017822e-06,2.2805933533958846,0.07878139391096026,0.08213382982907264
2021-05-17,3495,shrink,test,pca_only,8,20,log_euclidean,0.01,0.00011378423374424888,7597.92239323387,630.3722474969813,337.09571326160665,168.5478566308031,-271.21093363306807,3.0394581542073754e-05,3.039348530393194e-05,8.750090664377626e-06,2.0779623876561195,0.155673590361901,0.0970706956490546
2021-05-17,3495,persistence,test,pca_only,8,20,log_euclidean,0.01,0.0003118611276685806,3310.242411042574,1357.7532224056492,3535.2557090165237,1767.6278545082487,1333.0881539474935,2.6325834022607957e-05,2.6324737784466144e-05,2.293491166579535e-07,1.8642769788481097,0.052239162105054415,0.050761062645372015
2021-05-24,3500,D0_pca8,test,pca_only,8,20,log_euclidean,0.01,0.00021711031463569964,1884.7705525147965,5956.685078140423,102701.22716736012,51350.61358368005,49862.02385613864,9.52681887834048e-05,9.526608323920506e-05,4.476634081170137e-08,4.008579214425275,0.16403562221764165,0.26484066555580693
2021-05-24,3500,rolling,test,pca_only,8,20,log_euclidean,0.01,0.0001703366602809003,4638.136767016322,797.4973035414472,2330.5227398552165,1165.2613699276092,716.0842389426998,0.00010975141385222858,0.00010974930830802884,7.775242597925817e-07,3.4500260720924674,0.11596707363041477,0.18739725424667034
2021-05-24,3500,ewma,test,pca_only,8,20,log_euclidean,0.01,0.00020254399540972864,4421.396304736426,882.0579278293468,2280.8705438419493,1140.4352719209724,692.4800698032329,9.997742265729916e-05,9.997531711309941e-05,7.514455179599615e-07,3.280946017480547,0.1079090916507573,0.16700988890615576
2021-05-24,3500,ledoit_wolf,test,pca_only,8,20,log_euclidean,0.01,0.00014785177026090053,7395.420031832552,802.9154449571381,343.71849974875045,171.85924987437517,-262.69054841496,5.803001229674798e-05,5.802790675254824e-05,8.375406249714838e-06,2.2904079491262244,0.06984778658038401,0.08053289151894014
2021-05-24,3500,oas,test,pca_only,8,20,log_euclidean,0.01,0.00014841706359542474,7357.835359863157,800.6845947769765,347.36837466403495,173.6841873320172,-260.91274111253773,5.893275360504791e-05,5.893064806084817e-05,8.159054924448705e-06,2.3217696258047527,0.07094779973073585,0.08273047133739879
2021-05-24,3500,shrink,test,pca_only,8,20,log_euclidean,0.01,0.00014471515196650385,7498.598127931848,800.938875674176,331.0660747858732,165.5330373929366,-269.2814136788359,4.3335430847606335e-05,4.3333325303406594e-05,7.774747029711294e-06,2.1594347757549484,0.15529661053264063,0.09578800321327284
2021-05-24,3500,persistence,test,pca_only,8,20,log_euclidean,0.01,0.00024540325566026774,3280.2876707318155,1092.1937608087626,3893.9169424533275,1946.9584712266703,1477.3641642857528,3.1294307784660655e-05,3.1292202240460914e-05,2.6688377864911974e-07,2.03814928813049,0.05472955452278983,0.0620414057710131
2021-06-01,3505,D0_pca8,test,pca_only,8,20,log_euclidean,0.01,0.00018405617265211655,1890.1410034454796,5741.664634114661,91286.28010642047,45643.140053210234,44372.669888975695,0.00010811417902476485,0.0001081123341003446,7.177950895184365e-08,4.885438030825416,0.1565662967034472,0.3592345331992673
2021-06-01,3505,rolling,test,pca_only,8,20,log_euclidean,0.01,0.00014786721725900035,4581.387682538371,817.7507686137383,2448.216874076485,1224.10843703823,766.8986719159006,6.1499884179796e-05,6.149803925537575e-05,7.435256699744805e-07,3.3945772352973633,0.1408117392853595,0.19065537982428749
2021-06-01,3505,ewma,test,pca_only,8,20,log_euclidean,0.01,0.0001545418970521943,4369.322568071844,829.436254168043,2517.3566240851255,1258.6783120425705,801.7481948479583,6.221087817601009e-05,6.220903325158984e-05,6.815284833208121e-07,3.2180188061685677,0.12647732869262426,0.1704383126703437
2021-06-01,3505,ledoit_wolf,test,pca_only,8,20,log_euclidean,0.01,0.00012852809920609455,7366.4220552057395,837.4552934703613,347.57234895422505,173.78617447711267,-263.0991889325617,5.109673257511475e-05,5.109488765069449e-05,7.799047110300594e-06,2.1757271524357793,0.07539237755244274,0.07335859491725334
2021-06-01,3505,oas,test,pca_only,8,20,log_euclidean,0.01,0.00012945924253723453,7292.023152594664,831.8792929623321,354.9423503408543,177.4711751704274,-259.5295184369989,5.148258810387108e-05,5.148074317945083e-05,7.4175589678825565e-06,2.2289657401231877,0.0782601829999172,0.07725767386536127
2021-06-01,3505,shrink,test,pca_only,8,20,log_euclidean,0.01,0.00012712468236796739,7419.301317817154,831.5050649978302,338.8076098392431,169.40380491962193,-268.01415041062955,3.4683958749390296e-05,3.468211382497004e-05,7.231439223744975e-06,2.171718453746861,0.17464558757653384,0.09674881346013926
2021-06-01,3505,persistence,test,pca_only,8,20,log_euclidean,0.01,0.00024023626667724884,3316.302331212485,1018.8786011958779,3895.1631183938216,1947.581559196928,1490.2220873863141,4.277416425276842e-05,4.2772319328348164e-05,2.734574039661919e-07,2.057263412938308,0.05857323977982471,0.06464262160771785
2021-06-08,3510,D0_pca8,test,pca_only,8,20,log_euclidean,0.01,0.00018733572054920432,1832.7099136874385,5738.504957034299,80566.73827574222,40283.369137871116,39648.29799379278,8.978658322100835e-05,8.978462181435537e-05,5.602881915809013e-08,4.4793234920612255,0.14026964773373013,0.3046381000220344
2021-06-08,3510,rolling,test,pca_only,8,20,log_euclidean,0.01,0.00011980936955081315,4573.20708078042,972.9300771893777,1621.7388638475766,810.8694319238026,351.2118192126823,5.203908099429639e-05,5.203711958764341e-05,7.011136331712903e-07,3.4465823203045316,0.10650269996640789,0.18129289848456392
2021-06-08,3510,ewma,test,pca_only,8,20,log_euclidean,0.01,0.0001663763179359837,4362.818240124565,965.0400721949259,1517.7983186637555,758.8991593318764,303.8662784109731,5.1675075723828516e-05,5.1673114317175536e-05,7.205084945208988e-07,3.140220487376769,0.09835910118905772,0.15814355962364307
2021-06-08,3510,ledoit_wolf,test,pca_only,8,20,log_euclidean,0.01,0.00011292665618718636,7608.021346011457,1044.4669289367887,304.1819658387381,152.0909829193687,-293.03674704219947,4.664606650672448e-05,4.66441051000715e-05,8.623760062370403e-06,1.9653561794125638,0.05856083449291348,0.059914982509526885
2021-06-08,3510,oas,test,pca_only,8,20,log_euclidean,0.01,0.00011272528586045003,7472.600559856115,1026.0369839224556,306.97335664859327,153.4866783242964,-291.74660444088926,4.677880542941966e-05,4.6776844022766676e-05,7.969664984128326e-06,2.067001884805173,0.06224533773205662,0.06636469034846933
2021-06-08,3510,shrink,test,pca_only,8,20,log_euclidean,0.01,0.00011644349130317572,7350.0512827621,1004.335724174688,302.2244887414629,151.11224437073128,-294.35483687118085,3.7241641398923636e-05,3.7239679992270655e-05,6.851798317466511e-06,2.177422394786694,0.12915160382625662,0.08903445723683816
2021-06-08,3510,persistence,test,pca_only,8,20,log_euclidean,0.01,0.00020499375959625118,3185.4591687209863,1045.908713815389,2651.3821872432422,1325.691093621609,874.9225292184079,5.890158281281671e-05,5.889962140616373e-05,2.7696623104056627e-07,2.0667102583271766,0.05742148153978501,0.06475729034119877
2021-06-15,3515,D0_pca8,test,pca_only,8,20,log_euclidean,0.01,0.0002493126950773851,1796.4149257375445,5247.063391566698,74110.84635475505,37055.42317737754,35995.760464497565,4.4726510606124444e-05,4.472476327453386e-05,6.483831132457456e-08,4.502667669821676,0.17490385307096615,0.34815245204036427
2021-06-15,3515,rolling,test,pca_only,8,20,log_euclidean,0.01,0.00013800882916152477,4575.168870068029,979.8764450352767,1756.1212379097658,878.0606189548876,419.55731183036033,5.8461370199815865e-05,5.845962286822528e-05,6.541753411394487e-07,3.483927217975908,0.10259827494685486,0.17669085733567816
2021-06-15,3515,ewma,test,pca_only,8,20,log_euclidean,0.01,0.0001626152749531416,4339.852773194934,1005.9386858815071,1752.2640036050807,876.1320018025417,419.2319672915106,5.897906361296451e-05,5.897731628137393e-05,5.972469466052536e-07,3.1376868600003487,0.10531420066909941,0.15239894702070125
2021-06-15,3515,ledoit_wolf,test,pca_only,8,20,log_euclidean,0.01,0.00014768438370764766,7574.2681909731855,1101.3422026690569,300.33999680912825,150.16999840456424,-292.237587588609,5.0332107375293e-05,5.033036004370242e-05,7.809005878734686e-06,1.9071129802127518,0.05684488121943096,0.05457092504712418
2021-06-15,3515,oas,test,pca_only,8,20,log_euclidean,0.01,0.00014493705804478413,7409.824171237752,1072.0039219841137,304.74868254845416,152.37434127422654,-290.18690252362995,5.082670739316851e-05,5.0824960061577926e-05,7.104678185646924e-06,2.025713219021673,0.06152751919798389,0.061482536038803715
2021-06-15,3515,shrink,test,pca_only,8,20,log_euclidean,0.01,0.00015194570594432148,7293.836342580233,1052.4004097897455,299.8789341021504,149.93946705107544,-292.9628091663468,4.071316454288583e-05,4.0711417211295246e-05,6.218313173588056e-06,2.0453670517828617,0.12252411491137627,0.07971804600769283
2021-06-15,3515,persistence,test,pca_only,8,20,log_euclidean,0.01,0.0001958202957549208,3290.013617286837,1444.9360571510015,4084.5542079774586,2042.2771039887216,1561.4520117735697,6.244897692677943e-05,6.244722959518884e-05,1.2765206007185049e-07,1.6070273591581594,0.05778751264149952,0.04181536481095263
2021-06-22,3520,D0_pca8,test,pca_only,8,20,log_euclidean,0.01,0.00028571780351823475,1837.1041654976812,6632.261703225948,92742.80492296365,46371.402461481804,44880.98862624173,6.408744828599563e-05,6.408624320053657e-05,2.702449145542137e-08,3.1108548328968912,0.12106366611077438,0.16645620503221667
2021-06-22,3520,rolling,test,pca_only,8,20,log_euclidean,0.01,0.00012618507820975726,4440.510183046672,990.3149362904866,1558.6761679284903,779.3380839642456,319.7622250324897,4.448224936122103e-05,4.4481044275761974e-05,6.209009073443288e-07,3.2033051020179437,0.10049344933982887,0.16065723349866634
2021-06-22,3520,ewma,test,pca_only,8,20,log_euclidean,0.01,0.00014309224974147052,4202.298874284141,1105.663209493604,1504.7430066523311,752.3715033261562,295.7517260168744,4.604682836314553e-05,4.604562327768648e-05,6.333467473196492e-07,3.1400967955421417,0.10028145416125041,0.15456725916225553
2021-06-22,3520,ledoit_wolf,test,pca_only,8,20,log_euclidean,0.01,0.00013548504835560985,7432.83253666073,940.1729891662503,298.46807329668854,149.23403664834487,-293.4138248357441,3.218097067501435e-05,3.21797655895553e-05,7.893653838839811e-06,2.1710515522888207,0.07215860529781508,0.07274022701536384
2021-06-22,3520,oas,test,pca_only,8,20,log_euclidean,0.01,0.00013331294366397423,7298.147983365995,934.8037818588402,302.8325886015749,151.4162943007881,-291.38436741170455,3.306597744298819e-05,3.3064772357529137e-05,7.161165524184918e-06,2.2564374945577965,0.07542020319569918,0.07894511108144231
2021-06-22,3520,shrink,test,pca_only,8,20,log_euclidean,0.01,0.00014461018251195418,7361.889825226559,976.1492085590426,297.5902951540184,148.7951475770098,-294.1153381739191,2.94693871625907e-05,2.946818207713164e-05,7.342988312535264e-06,2.1671956018896714,0.09894333428946894,0.08751180859983504
2021-06-22,3520,persistence,test,pca_only,8,20,log_euclidean,0.01,0.00018454976324696693,3104.547979024208,1250.7356150939086,3278.040044846743,1639.0200224233902,1145.7136013134782,3.8157871653647055e-05,3.8156666568188e-05,2.3441182748434567e-07,2.060692189413648,0.07728613352285552,0.06620476548501524
2021-06-29,3525,D0_pca8,test,pca_only,8,20,log_euclidean,0.01,0.0002598823923536791,1755.1931728032657,7047.913160461174,62147.148894512015,31073.574447256015,29675.688368195195,4.2340097637963616e-05,4.2339624722327637e-05,6.409208687988493e-08,3.953515164753366,0.1964127374354408,0.2725152347805509
2021-06-29,3525,rolling,test,pca_only,8,20,log_euclidean,0.01,0.0001100314033598051,4333.679335511346,1153.4326123219735,1196.7218291243619,598.3609145621748,135.89553571579782,2.5356578090780702e-05,2.535610517514472e-05,7.588374277283604e-07,3.3496850798547766,0.12646341744388565,0.1871810757989996
2021-06-29,3525,ewma,test,pca_only,8,20,log_euclidean,0.01,0.00012590348389452578,4108.133044473779,1261.197785319514,1249.5730967981667,624.7865483990862,160.49995357611115,2.4074879102600808e-05,2.4074406186964824e-05,7.002100512472998e-07,3.287030317487804,0.12191214043894723,0.1801088661074638
2021-06-29,3525,ledoit_wolf,test,pca_only,8,20,log_euclidean,0.01,0.00011678645425163631,7410.443425723424,1076.994504207442,286.46569048750746,143.23284524375435,-303.09622405296176,1.6185791724703872e-05,1.618531880906789e-05,7.992217739019142e-06,2.1114008219948466,0.07525629941570589,0.0702558551759319
2021-06-29,3525,oas,test,pca_only,8,20,log_euclidean,0.01,0.00011505020086848719,7283.899271772756,1074.3619878267548,287.84828205373447,143.9241410268673,-302.55454964809576,1.6491654385094142e-05,1.649118146945816e-05,7.352425839471274e-06,2.190367089051002,0.07819995980356047,0.0758036401632691
2021-06-29,3525,shrink,test,pca_only,8,20,log_euclidean,0.01,0.0001260778227930374,7348.9028357127345,1124.9611014623392,284.58289027567577,142.29144513783837,-304.3001728918049,1.5721148558647718e-05,1.5720675643011735e-05,7.5845506499262595e-06,2.1086233641318572,0.08675600461669736,0.08320650593827884
2021-06-29,3525,persistence,test,pca_only,8,20,log_euclidean,0.01,0.00018012176538161396,3025.022293334264,1493.9052430854936,2972.355734648303,1486.177867324131,999.765444225771,4.30252597625838e-05,4.302478684694782e-05,2.1591787834707188e-07,2.0464573404882187,0.06709026426706519,0.0638091849068309
2021-07-07,3530,D0_pca8,test,pca_only,8,20,log_euclidean,0.01,0.00026806945591682194,1807.1080610118152,6662.394820804204,87952.78788953253,43976.39394476625,43488.837246897376,2.52359503577228e-05,2.5235420158746385e-05,3.7549001359800635e-08,3.4129298761768965,0.17472451503903377,0.20383659390221598
2021-07-07,3530,rolling,test,pca_only,8,20,log_euclidean,0.01,0.00011785958477388604,4375.72062640015,822.2262989924664,1774.895716401071,887.4478582005373,447.4219612238987,2.5708815057623077e-05,2.5708284858646662e-05,8.853412156718127e-07,3.787825807245343,0.11817906776727342,0.2286728894281889
2021-07-07,3530,ewma,test,pca_only,8,20,log_euclidean,0.01,0.00011629145669050464,4177.3557955444985,831.0102539567092,2042.245938564698,1021.1229692823463,576.9000169402661,2.716468847749638e-05,2.7164158278519966e-05,7.656086982960299e-07,3.781042463229459,0.11681395371389974,0.22943446850334526
2021-07-07,3530,ledoit_wolf,test,pca_only,8,20,log_euclidean,0.01,0.00012901234318123798,7435.17631979126,706.7868865425907,303.56033028300783,151.78016514150397,-286.41151359710966,1.1703426058098196e-05,1.170289585912178e-05,8.862850117449772e-06,2.097038362564407,0.0770126223268421,0.06873392718550772
2021-07-07,3530,oas,test,pca_only,8,20,log_euclidean,0.01,0.00012598660733113395,7259.401195524324,707.090901894036,311.1537890556734,155.57689452783666,-282.66513952658016,1.208301979591531e-05,1.2082489596938894e-05,8.005630231306848e-06,2.236083128942448,0.08101922054365374,0.07764143767838932
2021-07-07,3530,shrink,test,pca_only,8,20,log_euclidean,0.01,0.00013711738160091154,7281.352976485459,758.3829194433447,307.707539209219,153.8537696046095,-284.4891855405376,1.4984045084348687e-05,1.498351488537227e-05,7.525929595014064e-06,2.1345868775141312,0.09874665468078322,0.09135839125264622
2021-07-07,3530,persistence,test,pca_only,8,20,log_euclidean,0.01,0.0001288314356901151,3126.5182169867867,1096.2636381189122,4565.944644656294,2282.972322328143,1832.705914179284,3.050655963219911e-05,3.0506029433222697e-05,1.8331613651784245e-07,2.0349268124173787,0.0713563934223969,0.0641235324589529
2021-07-14,3535,D0_pca8,test,pca_only,8,20,log_euclidean,0.01,0.00023713029694019222,1897.9529785916543,7178.63470275998,87217.07444765503,43608.537223827516,43119.71536891292,2.6518695820961636e-05,2.6518212308749156e-05,5.442963595558574e-08,4.072435955211569,0.17017325046562876,0.27269717128567683
2021-07-14,3535,rolling,test,pca_only,8,20,log_euclidean,0.01,9.564162644793244e-05,4338.235933255877,769.3518555686715,1906.284794893155,953.1423974465791,504.5836464273125,5.345144154613442e-05,5.345095803392194e-05,9.295604923364623e-07,3.872863728190051,0.13193937044144713,0.24028572772646828
2021-07-14,3535,ewma,test,pca_only,8,20,log_euclidean,0.01,7.843047592562632e-05,4135.632910917789,701.3777795637005,2261.045684958992,1130.5228424794918,676.8862665491954,5.161325089150994e-05,5.161276737929746e-05,7.724727420424118e-07,3.8340741371253473,0.12807301247613467,0.2347191723439055
2021-07-14,3535,ledoit_wolf,test,pca_only,8,20,log_euclidean,0.01,9.901093741372755e-05,7268.250255806262,582.9009403319772,312.22002520458705,156.11001260229352,-280.11767767742515,1.1552017733660335e-05,1.1551534221447856e-05,8.545701826159495e-06,2.257799001670494,0.08469480864859538,0.07865536689660446
2021-07-14,3535,oas,test,pca_only,8,20,log_euclidean,0.01,9.756649123269669e-05,7113.341483533264,594.5359824635887,322.54396637064747,161.27198318532362,-275.0979030825884,1.3119962228613609e-05,1.311947871640113e-05,7.762311348707767e-06,2.3740602981773913,0.08829929847859308,0.0872686070382017
2021-07-14,3535,shrink,test,pca_only,8,20,log_euclidean,0.01,0.00010783233309958316,7225.388438537042,639.9220312369666,313.16676207121196,156.58338103560587,-280.271996116365,1.496202188477829e-05,1.496153837256581e-05,7.529921870147009e-06,2.1927012254298637,0.11974681784774559,0.10000434472414008
2021-07-14,3535,persistence,test,pca_only,8,20,log_euclidean,0.01,0.00010592571783196001,3115.4420209733316,1085.4943987539987,4350.17849235793,2175.0892461789726,1716.700089016364,1.4449869886105006e-05,1.4449386373892526e-05,1.9140995646553136e-07,1.9776539288412036,0.07121769712179456,0.06180028294993244
2021-07-21,3540,D0_pca8,test,pca_only,8,20,log_euclidean,0.01,0.0001132808828253354,1886.339659383831,7609.414682028692,73513.7017828798,36756.85089143992,36528.312471268524,7.623519375415542e-05,7.623456732274961e-05,8.154088128512497e-08,4.4125664425763444,0.19906923204650573,0.35566057630863473
2021-07-21,3540,rolling,test,pca_only,8,20,log_euclidean,0.01,0.0001041640442755912,4317.535467606674,823.4333739394025,1910.131432100267,955.0657160501285,502.20812044964003,3.811198468149586e-05,3.8111358250090056e-05,9.803058505378509e-07,4.005324641225501,0.14472627265630322,0.2431122163873792
2021-07-21,3540,ewma,test,pca_only,8,20,log_euclidean,0.01,0.00014432987575458209,4098.046560823816,897.2646015424,2033.4580005407597,1016.7290002703896,562.676351287275,3.599903942389929e-05,3.5998412992493485e-05,8.97961092127052e-07,3.8359040196905823,0.14419033776600318,0.22444878725729012
2021-07-21,3540,ledoit_wolf,test,pca_only,8,20,log_euclidean,0.01,7.530071367372061e-05,7059.678892762013,555.5208206210623,340.79994358867066,170.39997179433527,-273.3582481773264,1.933132948107073e-05,1.9330703049664926e-05,7.4340292757969495e-06,2.3627560537581775,0.09603605488162814,0.08573486870256339
2021-07-21,3540,oas,test,pca_only,8,20,log_euclidean,0.01,7.801559526146378e-05,6936.655059687299,577.7124929379311,352.92637033208024,176.4631851660402,-267.3631080373319,1.9992630267116974e-05,1.999200383571117e-05,6.846074524208516e-06,2.4582077952985664,0.09979866653298036,0.09281819344890119
2021-07-21,3540,shrink,test,pca_only,8,20,log_euclidean,0.01,6.666095345148575e-05,7181.83894996446,546.6725414361247,329.25497231291524,164.6274861564575,-279.81712765544825,2.317787384263851e-05,2.3177247411232704e-05,6.965867902723143e-06,2.13248730863722,0.12287245789488038,0.09755069931509297
2021-07-21,3540,persistence,test,pca_only,8,20,log_euclidean,0.01,0.00014846007432832724,3081.776790860069,1093.1780350755287,4178.162664233811,2089.0813321168985,1651.7345511693238,8.39781400457835e-06,8.397187573172544e-06,1.261448817212752e-07,1.607009984278665,0.050801850622824,0.04035637555504046
2021-07-28,3545,D0_pca8,test,pca_only,8,20,log_euclidean,0.01,0.00016502347136073835,1910.0252104205283,7350.191817895997,106707.39983735565,53353.69991867782,53011.97864436866,3.524798732083343e-05,3.524698923745719e-05,4.209764270182267e-08,3.451071819210898,0.16491645756573237,0.21309403890059278
2021-07-28,3545,rolling,test,pca_only,8,20,log_euclidean,0.01,9.599534590208858e-05,4177.112142619539,660.5973953836422,2522.581781450993,1261.2908907254969,818.1424603275939,2.95562837560536e-05,2.9555285672677358e-05,6.254611915146273e-07,3.4607975961591713,0.12433645188959092,0.18594649632055518
2021-07-28,3545,ewma,test,pca_only,8,20,log_euclidean,0.01,0.00012050272562396777,3979.793663567293,763.9842314551959,2624.355840503211,1312.177920251621,863.2227391035478,3.5796671631174295e-05,3.579567354779805e-05,6.07252335739162e-07,3.3613103449149615,0.12638396423425227,0.17676546159984263
2021-07-28,3545,ledoit_wolf,test,pca_only,8,20,log_euclidean,0.01,8.449736575307824e-05,6864.208710383653,478.3451866498214,369.54627050196797,184.77313525098418,-248.95278365808616,1.3941506681560927e-05,1.3940508598184688e-05,5.420630534543639e-06,2.211807330133616,0.086844582753695,0.07584685983102016
2021-07-28,3545,oas,test,pca_only,8,20,log_euclidean,0.01,8.510982831199621e-05,6776.982561479969,488.19019455776896,383.1141601920154,191.55708009600724,-242.2375855377573,1.438998023116359e-05,1.438898214778735e-05,5.0922639829260115e-06,2.2758868953767357,0.08928708970439424,0.08056611828354433
2021-07-28,3545,shrink,test,pca_only,8,20,log_euclidean,0.01,8.381471478878667e-05,6940.193850952501,474.75636741737594,326.77654258165035,163.38827129082495,-271.90771995279226,8.182116595147281e-06,8.181118511771042e-06,4.910240195886715e-06,2.040292328650876,0.1399003073012737,0.08796028907787419
2021-07-28,3545,persistence,test,pca_only,8,20,log_euclidean,0.01,0.0001424790279462667,2974.763064785274,1125.601080307816,5306.713598712985,2653.356799356483,2221.7341925537207,1.1631372870187344e-05,1.1630374786811104e-05,8.785892721110637e-08,1.3999981029130684,0.033793308875037266,0.030008819452195978
2021-08-04,3550,D0_pca8,test,pca_only,8,20,log_euclidean,0.01,0.00016692089658152108,1958.5697984601547,7653.63807988396,88928.96706238948,44464.48353119476,43222.929513146475,5.835089828840275e-05,5.835030413493161e-05,4.462214554254702e-08,3.470585061469155,0.19784800556323925,0.1991670814210594
2021-08-04,3550,rolling,test,pca_only,8,20,log_euclidean,0.01,8.443665325469951e-05,4222.936741230452,616.1252779912487,2170.722014283573,1085.3610071417875,626.7695035629874,1.303838048943125e-05,1.3037786335960107e-05,4.910316644922996e-07,3.150165353501828,0.1252756601936201,0.14777653861914286
2021-08-04,3550,ewma,test,pca_only,8,20,log_euclidean,0.01,8.974635336432004e-05,4022.933063669678,632.6664911641378,2229.335427799721,1114.6677138998639,656.4117363821117,1.5194426993689817e-05,1.5193832840218673e-05,4.645368361093768e-07,2.9514103508225045,0.1265070141279811,0.1355123582890064
2021-08-04,3550,ledoit_wolf,test,pca_only,8,20,log_euclidean,0.01,7.70145751800696e-05,6927.925699886533,433.2384400244754,337.89716291924185,168.94858145962132,-268.88917105455164,8.28731143332888e-06,8.286717279857737e-06,4.77524074937248e-06,2.0539495353075887,0.08668699458773907,0.06603061078325467
2021-08-04,3550,oas,test,pca_only,8,20,log_euclidean,0.01,7.732365085866832e-05,6817.266545865057,445.13139847037314,350.41544298769963,175.20772149385004,-262.842610762419,8.453408681706403e-06,8.45281452823526e-06,4.390482349388772e-06,2.1308446093128164,0.09005862899611597,0.07083356550577417
2021-08-04,3550,shrink,test,pca_only,8,20,log_euclidean,0.01,7.882081626031889e-05,6913.216053108139,445.10327036243666,287.22447074907967,143.61223537453995,-294.8353547111908,4.039359502919837e-06,4.0387653494486934e-06,4.203166437584123e-06,1.843961699620208,0.15564679807776438,0.08166733547444048
2021-08-04,3550,persistence,test,pca_only,8,20,log_euclidean,0.01,0.00012780548689627686,2964.7327649888557,685.5697726399509,4030.039891833936,2015.019945916964,1557.980916002094,6.9186342305834405e-06,6.918040077112297e-06,1.0149816901555796e-07,1.3664802811003562,0.04182139261141154,0.030781644589124184
2021-08-11,3555,D0_pca8,test,pca_only,8,20,log_euclidean,0.01,0.0001406406547828803,1926.5878284574908,7692.688102759227,113166.38325353517,56583.191626767584,55240.403555195706,7.035515142732711e-05,7.035435442532352e-05,3.461840905778867e-08,3.585939491228024,0.2168303168166973,0.22990452302478512
2021-08-11,3555,rolling,test,pca_only,8,20,log_euclidean,0.01,9.802741883271787e-05,4364.462332441382,734.0975555939883,2008.7478449847772,1004.3739224923819,551.0040031148428,1.913523463001785e-05,1.913443762801426e-05,4.5268860050748006e-07,2.971980941243438,0.12810206033265858,0.1306332233424628
2021-08-11,3555,ewma,test,pca_only,8,20,log_euclidean,0.01,0.00011018701968457277,4151.950199716195,752.7219073874751,2029.7105426380276,1014.8552713190197,561.8741116584591,1.6247556749424397e-05,1.624675974742081e-05,4.1632104201272406e-07,2.7678093686293836,0.12114095396644514,0.11620403104601888
2021-08-11,3555,ledoit_wolf,test,pca_only,8,20,log_euclidean,0.01,8.031261141575044e-05,6961.145584497242,530.8248835717907,338.6520036335796,169.32600181678924,-271.53317864742877,1.0716931812500428e-05,1.0716134810496839e-05,4.587097973042592e-06,2.0949319756442524,0.09140208527028247,0.06771182043144269
2021-08-11,3555,oas,test,pca_only,8,20,log_euclidean,0.01,8.137484471010122e-05,6879.273872730083,541.4045261314374,347.34668055476754,173.67334027738337,-267.2818062707126,1.0969231788575388e-05,1.09684347865718e-05,4.286524369718945e-06,2.1457249316129574,0.09388357472439683,0.0709881643224868
2021-08-11,3555,shrink,test,pca_only,8,20,log_euclidean,0.01,7.498413117535348e-05,6963.324964954482,527.864822414339,289.65884744824154,144.82942372412015,-297.0188857328749,5.184358849880459e-06,5.18356184787687e-06,3.8068126036266695e-06,1.8392345017211658,0.16802074873230746,0.09722389521088357
2021-08-11,3555,persistence,test,pca_only,8,20,log_euclidean,0.01,0.00013899228092882583,3039.6010986464894,741.2315384942748,3837.5041941191203,1918.7520970595579,1438.941250932569,1.1694902549890976e-05,1.1694105547887388e-05,9.532128671028037e-08,1.3608686197519424,0.030528874003990798,0.02826380161905699
2021-08-18,3560,D0_pca8,test,pca_only,8,20,log_euclidean,0.01,0.00014527908087264127,1879.7962280565007,7845.4863454545275,73344.83001859809,36672.41500929903,36006.85605825054,9.542178483402122e-05,9.542125681529685e-05,5.562672771698801e-08,3.622557652394083,0.13726902977290625,0.2299102655811174
2021-08-18,3560,rolling,test,pca_only,8,20,log_euclidean,0.01,0.00010223450943105283,4222.085959115198,788.9547828420286,2197.077287304135,1098.5386436520598,663.4747673125092,3.11195242636376e-05,3.1118996244913214e-05,4.4942000058465667e-07,2.9855350158744782,0.1264435637411266,0.13891006941066752
2021-08-18,3560,ewma,test,pca_only,8,20,log_euclidean,0.01,0.00010379849623933837,4010.9556131412405,724.1594915744246,2227.0609257056562,1113.5304628528202,679.1246212048052,2.2310391577774984e-05,2.2309863559050602e-05,3.863215970097117e-07,2.736467241703558,0.10639796817917689,0.11019225892181266
2021-08-18,3560,ledoit_wolf,test,pca_only,8,20,log_euclidean,0.01,8.884730552031383e-05,6570.059768435211,597.5147691998759,381.87474224747564,190.9373711237378,-247.26227860743202,1.4467626426637763e-05,1.446709840791338e-05,3.1489275005863504e-06,2.0952067371161864,0.08293514415495437,0.06734264586581268
2021-08-18,3560,oas,test,pca_only,8,20,log_euclidean,0.01,8.857829468213411e-05,6594.381074278581,593.9371794787651,377.6093982395214,188.80469911976076,-249.40435180808154,1.4271109341902556e-05,1.4270581323178174e-05,3.215497588541273e-06,2.080185753109704,0.08225035688740032,0.06643022797089611
2021-08-18,3560,shrink,test,pca_only,8,20,log_euclidean,0.01,7.868214253874626e-05,6831.049935785607,541.190147097815,284.1604891677123,142.08024458385628,-298.27272742885543,4.002508564829119e-06,4.001980546104736e-06,3.0138107045376564e-06,1.7421332860830003,0.26150895268370256,0.12822116130893862
2021-08-18,3560,persistence,test,pca_only,8,20,log_euclidean,0.01,0.00010916483249983101,2934.199078910693,739.3409244988268,4674.66145081134,2337.3307254056663,1892.468739968765,7.345724290731114e-06,7.34519627200673e-06,8.994307034914653e-08,1.430102699536469,0.03230446270085845,0.03219612746222776
2021-08-25,3565,D0_pca8,test,pca_only,8,20,log_euclidean,0.01,0.0001950932711253977,1858.3091180001366,6391.940254855059,98315.2147978576,49157.60739892879,48757.285826954496,6.623167234519036e-05,6.623101881070994e-05,5.1656491397257106e-08,4.484197580605649,0.18529098154959525,0.3283144720667416
2021-08-25,3565,rolling,test,pca_only,8,20,log_euclidean,0.01,7.376642277742864e-05,4266.510115849784,698.6160479221119,1995.7243292967778,997.8621646483834,580.6564043374244,1.927520432630454e-05,1.927455079182413e-05,4.038453329673394e-07,2.781110610200688,0.09760262601484444,0.12092898170062148
2021-08-25,3565,ewma,test,pca_only,8,20,log_euclidean,0.01,8.417415841998987e-05,4043.2928866878083,659.5681596145148,2041.4475840990954,1020.7237920495372,601.0253429461575,1.5534794574676773e-05,1.553414104019636e-05,3.623268155944424e-07,2.5366423783244696,0.09202781246337018,0.09801799798643311
2021-08-25,3565,ledoit_wolf,test,pca_only,8,20,log_euclidean,0.01,6.829397729754128e-05,6640.452773157005,517.9880455310054,367.6143014557747,183.80715072788735,-254.76221435825,1.102445401801228e-05,1.1023800483531868e-05,3.2220513308992897e-06,2.087255445024209,0.07816877440791793,0.06800254702580741
2021-08-25,3565,oas,test,pca_only,8,20,log_euclidean,0.01,6.822389230069767e-05,6675.88503741856,514.7789978582719,362.11908587170683,181.059542935853,-257.59969921885767,1.0854403335551181e-05,1.085374980107077e-05,3.3259666631487927e-06,2.0662318879875006,0.07753816573909163,0.06676707239001568
2021-08-25,3565,shrink,test,pca_only,8,20,log_euclidean,0.01,7.080979086516049e-05,6820.791952811091,557.5810370059535,293.3281467765686,146.66407338828466,-295.9956175307287,2.9367713820470884e-06,2.9361178475666775e-06,2.4973630715242435e-06,1.6800614093978223,0.3415463309134942,0.18705000042066722
2021-08-25,3565,persistence,test,pca_only,8,20,log_euclidean,0.01,0.00012029408733138233,3147.581089395852,711.8349519197409,3393.2995100237613,1696.6497550118966,1274.5480560779758,7.556535868218873e-06,7.555882333738462e-06,1.1427794408592589e-07,1.436202467870091,0.035233291944583994,0.03278241930518531
2021-09-01,3570,D0_pca8,test,pca_only,8,20,log_euclidean,0.01,0.00021410284634480888,1859.4970533332348,6499.379220514659,79669.28463940919,39834.64231970458,39727.658484439584,4.108805116765549e-05,4.108744803063783e-05,4.641348427612361e-08,3.7591482725245013,0.14713186502092468,0.22059953777552074
2021-09-01,3570,rolling,test,pca_only,8,20,log_euclidean,0.01,7.585867316344948e-05,4136.99296994939,570.29769610981,1947.9153597858274,973.9576798929207,560.254052501138,8.69381118514799e-06,8.693208048130332e-06,2.1494417025924722e-07,2.0783276526130674,0.07278083503500302,0.06761581513743695
2021-09-01,3570,ewma,test,pca_only,8,20,log_euclidean,0.01,9.213728004399939e-05,3956.5625434159865,571.8876999241586,1956.1606412259262,978.0803206129576,562.4877764713959,9.35402487626079e-06,9.353421739243131e-06,2.295718618008026e-07,1.9196200660906906,0.06307831440210555,0.06266358722419019
2021-09-01,3570,ledoit_wolf,test,pca_only,8,20,log_euclidean,0.01,7.824436125700205e-05,6668.910061156803,451.7503749537381,346.31632130535115,173.1581606526751,-262.29931612830165,8.224705760820328e-06,8.22410262380267e-06,2.085586058044642e-06,1.6397045885364927,0.04849144931484908,0.04362457559966683
2021-09-01,3570,oas,test,pca_only,8,20,log_euclidean,0.01,7.850966810281801e-05,6711.159741734372,451.4314375479252,340.90862849162966,170.45431424581523,-265.10185960076655,8.14129940119229e-06,8.140696264174632e-06,2.1697054654848217e-06,1.6252063750861847,0.048067369593613574,0.042951549152595254
2021-09-01,3570,shrink,test,pca_only,8,20,log_euclidean,0.01,8.79299270399522e-05,6499.982007136676,526.8703188291252,279.0022112227565,139.50110561137805,-303.143213605975,2.817682942109018e-07,2.8116515719324313e-07,5.348522521469187e-07,1.2709472838918594,0.19270586653172514,0.106842853373214
2021-09-01,3570,persistence,test,pca_only,8,20,log_euclidean,0.01,0.00011679387226300079,3146.3108157891966,661.1247959759227,3765.266671544283,1882.633335772131,1447.6458405021954,1.1002297030794506e-05,1.1001693893776848e-05,9.707432218626531e-08,1.386400164352131,0.036661895771154425,0.02940141143199792
2021-09-09,3575,D0_pca8,test,pca_only,8,20,log_euclidean,0.01,0.00024242625268454333,1811.1379009743296,6066.132114416911,87834.98579632438,43917.49289816217,43745.13075972598,2.4564385697092795e-05,2.4563782762242457e-05,4.442491119488967e-08,3.776970141453227,0.15533129943904192,0.2452370414571547
2021-09-09,3575,rolling,test,pca_only,8,20,log_euclidean,0.01,8.428270230170605e-05,4129.002132352683,670.294676405627,1950.7223497516457,975.3611748758161,521.6518785273946,2.9414712185688242e-06,2.940868283718486e-06,1.7539057852838332e-07,1.5690950267647765,0.06736439931381272,0.05522387874208273
2021-09-09,3575,ewma,test,pca_only,8,20,log_euclidean,0.01,0.00011035494342154293,3966.1553578998773,710.2159098395227,2056.5318686263613,1028.2659343131804,583.6271447244907,2.629839480702392e-06,2.629236545852054e-06,1.820541697428496e-07,1.5933709957163207,0.06514182983720374,0.05462019644944698
2021-09-09,3575,ledoit_wolf,test,pca_only,8,20,log_euclidean,0.01,9.075070252653456e-05,6706.233469958971,494.63680893432434,344.86860318020365,172.43430159010154,-263.7837962333293,5.6973103261144384e-06,5.6967073912641e-06,1.8404272480047444e-06,1.4026471051824212,0.049173696253675334,0.038422195371449336
2021-09-09,3575,oas,test,pca_only,8,20,log_euclidean,0.01,9.115599977200935e-05,6744.057072637986,495.58005782333305,340.1684766600195,170.08423833000938,-266.09167057997627,5.749448567166956e-06,5.748845632316618e-06,1.909044898628357e-06,1.3972934758391307,0.048726971037845415,0.03801142230143256
2021-09-09,3575,shrink,test,pca_only,8,20,log_euclidean,0.01,0.00010408081901911713,6211.9212855371425,627.215501838316,268.6810671964837,134.3405335982415,-310.79714570209916,6.422450314611631e-08,6.362156829577798e-08,2.2694444465724888e-07,1.1145208029540408,0.09314017427674971,0.06656657990515931
2021-09-09,3575,persistence,test,pca_only,8,20,log_euclidean,0.01,0.00013961944112572601,3158.1534379559876,785.7331354567276,4230.693890329133,2115.346945164568,1677.9519401841706,1.0137571777231598e-05,1.013696884238126e-05,1.0300717732479318e-07,1.452804606693776,0.035458933840619246,0.03335686307672115
2021-09-16,3580,D0_pca8,test,pca_only,8,20,log_euclidean,0.01,0.000187989611184083,1846.1429147861172,6417.007256629671,65658.73092497919,32829.36546248958,32155.199619284336,4.452115077064223e-05,4.4520516382954504e-05,6.262605619424149e-08,3.636995392620188,0.16058233098378324,0.2314154901603503
2021-09-16,3580,rolling,test,pca_only,8,20,log_euclidean,0.01,7.919361933458458e-05,4114.75571507306,464.9254188496199,1961.7152734804772,980.8576367402412,528.4852112370857,1.0588510113904487e-06,1.0582166237027194e-06,1.560818997483648e-07,1.3694655643571172,0.04947074800519186,0.04845346882565596
2021-09-16,3580,ewma,test,pca_only,8,20,log_euclidean,0.01,9.789838007516663e-05,3910.268921667454,570.2102561887092,2030.185984606076,1015.0929923030378,566.0774157246655,1.2818002462088533e-06,1.281165858521124e-06,1.4692426454298476e-07,1.3849038903399784,0.048371342209581315,0.04706309816149738
2021-09-16,3580,ledoit_wolf,test,pca_only,8,20,log_euclidean,0.01,7.835435091996454e-05,6740.265572474177,474.6235027157565,343.32688129622244,171.6634406481112,-266.9736330656522,2.7279190368220978e-06,2.7272846491343685e-06,1.7779587512084594e-06,1.296406412370437,0.042888072659730006,0.038466721931077835
2021-09-16,3580,oas,test,pca_only,8,20,log_euclidean,0.01,7.855024977014887e-05,6801.602539729742,476.8765645249502,336.25822158320227,168.12911079160128,-270.4243077438472,2.8641721040833854e-06,2.863537716395656e-06,1.8945794608339332e-06,1.2922737208091915,0.04251032582119786,0.037943187423267015
2021-09-16,3580,shrink,test,pca_only,8,20,log_euclidean,0.01,8.583706772652075e-05,5834.334950255208,512.4982432544409,263.3215854028895,131.66079270144448,-315.13671396661925,1.8530208959119627e-08,1.789582127139037e-08,1.7184157850214007e-07,1.0165889409904576,0.054466112102799086,0.053432672301654806
2021-09-16,3580,persistence,test,pca_only,8,20,log_euclidean,0.01,0.00013569555180462114,3131.8398428865053,770.2431547767973,4288.983768493557,2144.491884246777,1695.5365342772081,1.702128581887169e-05,1.702065143118396e-05,9.03169615698606e-08,1.3765039028491948,0.034174816081265824,0.028454200498460383
2021-09-23,3585,D0_pca8,test,pca_only,8,20,log_euclidean,0.01,9.200568502031899e-05,1903.7017765210956,7466.576307233979,60080.391141490436,30040.195570745207,29100.311003311108,2.034165489191438e-05,2.0341196182755195e-05,4.838061444318081e-08,3.2665426239248943,0.16092813368116843,0.1774933540201434
2021-09-23,3585,rolling,test,pca_only,8,20,log_euclidean,0.01,9.150894942125599e-05,4091.127203640744,474.037879808193,1573.2312931561244,786.6156465780675,324.9163577458072,1.32116620650372e-06,1.3207074973445346e-06,1.550193641817813e-07,1.415028566983731,0.04822369135491823,0.04752596378441933
2021-09-23,3585,ewma,test,pca_only,8,20,log_euclidean,0.01,0.00010924451580775343,3920.136073038466,521.9842306994938,1695.8252924534506,847.9126462267237,390.0881033206844,1.556126922529367e-06,1.5556682133701815e-06,1.4988674121088993e-07,1.4074177379420685,0.04742833189151108,0.0462820251223865
2021-09-23,3585,ledoit_wolf,test,pca_only,8,20,log_euclidean,0.01,7.189971628893894e-05,6844.666576409796,431.1357349015817,322.4447296966901,161.2223648483444,-283.6089626711348,2.4014145715183816e-06,2.400955862359196e-06,1.9303809225161855e-06,1.3192741773394745,0.042303457908867054,0.03801475353080464
2021-09-23,3585,oas,test,pca_only,8,20,log_euclidean,0.01,7.143522915776111e-05,6873.917956789233,430.5513170898272,320.3842364942691,160.19211824713472,-284.6050268625539,2.447932000119211e-06,2.447473290960025e-06,1.98904137903625e-06,1.3166310486248118,0.04213075179860391,0.0377623755134994
2021-09-23,3585,shrink,test,pca_only,8,20,log_euclidean,0.01,6.337297002089692e-05,5869.372809249055,410.5454031279588,255.59907314985213,127.79953657492626,-324.3652227513981,1.2763363003847574e-08,1.2304653844661962e-08,1.7526721706528842e-07,1.0167842536511715,0.054521819958455044,0.05353738646709954
2021-09-23,3585,persistence,test,pca_only,8,20,log_euclidean,0.01,0.00013572927015383687,3046.5729119005036,654.0765003060583,3898.636873760859,1949.3184368804123,1502.6572806021495,8.069609352238735e-06,8.06915064307955e-06,1.0039565630322468e-07,1.4459010434837163,0.039563198698641146,0.032803781369767394
2021-09-30,3590,D0_pca8,test,pca_only,8,20,log_euclidean,0.01,5.9662538681239405e-05,1957.2756438067363,7503.309630651263,98569.73332118483,49284.86666059239,47728.78327402011,2.9785687907357342e-05,2.978522812424399e-05,4.427824206895114e-08,4.016375509196878,0.2107967099114429,0.28093882719097624
2021-09-30,3590,rolling,test,pca_only,8,20,log_euclidean,0.01,8.496991323098247e-05,4114.858299106121,532.0148413628453,1770.786671214228,885.3933356071137,417.0252540555578,1.7528059371147393e-06,1.7523461540013848e-06,1.4257407426353622e-07,1.4406767752822007,0.04639430124082172,0.04582168789576011
2021-09-30,3590,ewma,test,pca_only,8,20,log_euclidean,0.01,0.0001149698601529425,3941.975746892049,607.2859431595164,1876.5554533888942,938.2777266944521,468.28168778307725,1.901335505896306e-06,1.9008757227829514e-06,1.4233878532256037e-07,1.418781756722693,0.045880805650173,0.044843102575774355
2021-09-30,3590,ledoit_wolf,test,pca_only,8,20,log_euclidean,0.01,6.17888224018204e-05,6890.790931287819,459.19504853045885,337.15543664237,168.57771832118527,-280.6105070871185,3.033213326580707e-06,3.0327535434673527e-06,1.9521321496294293e-06,1.3296407575852505,0.040841278345650114,0.03674041571960621
2021-09-30,3590,oas,test,pca_only,8,20,log_euclidean,0.01,6.134489152647633e-05,6913.118076625752,458.0583565426088,335.46603388801884,167.73301694400936,-281.41451378955037,3.068115034903953e-06,3.067655251790599e-06,1.997322420227353e-06,1.3276402979597584,0.04071312006585887,0.03654845248297189
2021-09-30,3590,shrink,test,pca_only,8,20,log_euclidean,0.01,5.266820015955627e-05,5836.1833765377205,427.1195653816052,277.66900680627714,138.83450340313863,-316.97916805062675,1.0454138265558222e-08,9.994355152203755e-09,1.6778471993977747e-07,1.0165487473368267,0.05459716760863971,0.053677136621302954
2021-09-30,3590,persistence,test,pca_only,8,20,log_euclidean,0.01,0.0001555789261687418,3099.6773477650763,798.94051617576,3745.3952701225303,1872.697635061264,1382.290631222618,5.631629917028096e-06,5.631170133914741e-06,1.02568147918268e-07,1.4039543605680065,0.0386653733149604,0.03151449883550322
2021-10-07,3595,D0_pca8,test,pca_only,8,20,log_euclidean,0.01,7.067156779613974e-05,2013.2564515314562,7665.4016001427735,83020.3188238586,41510.15941192929,40940.12082949143,3.302455667562278e-05,3.302410301843515e-05,5.79149059386955e-08,3.857486345975472,0.1874688827183967,0.24738982244683755
2021-10-07,3595,rolling,test,pca_only,8,20,log_euclidean,0.01,0.00010110279652513042,4213.581624206972,614.9375482707113,1912.6076852992664,956.3038426496271,504.9746294171003,9.282329908185807e-07,9.277793336309525e-07,1.5848487960453185e-07,1.4314721132594388,0.048491556473037364,0.04796899867130904
2021-10-07,3595,ewma,test,pca_only,8,20,log_euclidean,0.01,0.0001367133684440916,4050.961283058398,736.8614651393947,1943.5419064624045,971.770953231197,518.6558672915409,9.570183576952958e-07,9.565647005076676e-07,1.6237995479926304e-07,1.405809684360252,0.047960562979332134,0.04688209610707027
2021-10-07,3595,ledoit_wolf,test,pca_only,8,20,log_euclidean,0.01,7.376436383520741e-05,7090.816351821257,500.2443571802083,337.4930078418911,168.74650392094549,-275.1422281013679,1.604625701371078e-06,1.6041720441834498e-06,2.3664932229030145e-06,1.32411058468267,0.042073963663050384,0.03737761893655661
2021-10-07,3595,oas,test,pca_only,8,20,log_euclidean,0.01,7.439109369780154e-05,7063.015262620585,502.61145573902786,339.57767522133554,169.78883761066766,-274.12015357847474,1.5740899818791976e-06,1.5736363246915695e-06,2.301818412602521e-06,1.3268759604832925,0.04225384918199651,0.03764228102741954
2021-10-07,3595,shrink,test,pca_only,8,20,log_euclidean,0.01,6.515071207016847e-05,5926.104415327408,465.3696936704801,280.5787285126074,140.28936425630405,-310.9546222230267,6.11911082994898e-09,5.6654536423208395e-09,1.7864139223219874e-07,1.01630549682939,0.05465800224350144,0.053796255272451576
2021-10-07,3595,persistence,test,pca_only,8,20,log_euclidean,0.01,0.00018581941897468214,3207.437686225432,950.6945398503774,4072.064888098733,2036.032444049369,1557.754904323829,7.664011526702335e-06,7.663557869514707e-06,1.1110226454405203e-07,1.3619412170425917,0.03742780277113593,0.03270483798163168
2021-10-14,3600,D0_pca8,test,pca_only,8,20,log_euclidean,0.01,9.823804844903794e-05,1999.533079954655,8040.797213846666,117679.38692907426,58839.69346453712,57300.98405663337,5.0977714975145484e-05,5.0977402122975214e-05,4.3745132646005316e-08,3.818165166322589,0.16893921480133461,0.24731364820331048
2021-10-14,3600,rolling,test,pca_only,8,20,log_euclidean,0.01,9.062789009923088e-05,4225.874900751608,578.388237372325,2321.037633468068,1160.5188167340432,691.4562662878897,1.1709194706705805e-06,1.1706066185003088e-06,1.5518141855677117e-07,1.4150963310046163,0.04902704748085457,0.048422316410849243
2021-10-14,3600,ewma,test,pca_only,8,20,log_euclidean,0.01,9.358371664266164e-05,4057.0503290083743,648.5984547094467,2519.9443811456113,1259.9721905727945,790.0416706140142,1.2167943042137806e-06,1.2164814520435089e-06,1.4592141859240506e-07,1.3788620005204837,0.04831586652499088,0.04694631787610527
2021-10-14,3600,ledoit_wolf,test,pca_only,8,20,log_euclidean,0.01,7.133259996104408e-05,7016.749974016251,451.88933915550587,356.771554349163,178.38577717458108,-261.2245437187121,1.5382361152932968e-06,1.537923263123025e-06,2.2604713884567047e-06,1.3271805785522113,0.04264399701687684,0.03812522731043072
2021-10-14,3600,oas,test,pca_only,8,20,log_euclidean,0.01,7.176261758852083e-05,6988.021542697091,454.591013959234,359.9932015673434,179.99660078367185,-259.68123558308207,1.52242688082072e-06,1.5221140286504483e-06,2.195367400954826e-06,1.3296505576116664,0.04282390152953829,0.038388204085570206
2021-10-14,3600,shrink,test,pca_only,8,20,log_euclidean,0.01,6.589991822363928e-05,5865.923563396057,434.1150842844132,293.6692516562109,146.83462582810523,-301.040471908021,5.767252014413694e-09,5.45439984414211e-09,1.7306609899579065e-07,1.0172481385242713,0.054676890912036674,0.053834484612046256
2021-10-14,3600,persistence,test,pca_only,8,20,log_euclidean,0.01,0.0001494580905466488,3253.4869570788533,924.9078211175474,4948.355936926038,2474.177968463013,1993.374369673798,5.301505229421282e-06,5.3011923772510105e-06,1.1538776431672198e-07,1.471986138455962,0.03535509499545487,0.03526966836227821
2021-10-21,3605,D0_pca8,test,pca_only,8,20,log_euclidean,0.01,0.00013274078214846544,2006.3494809521362,7408.44563826293,160574.46455540162,80287.2322777008,80285.82303449401,5.4946635269190183e-05,5.49461447868781e-05,3.5193486278255246e-08,4.262898272497944,0.14207391424581056,0.29386627604236
2021-10-21,3605,rolling,test,pca_only,8,20,log_euclidean,0.01,9.413463139499868e-05,4196.355494559881,604.8167857890768,2484.934158148571,1242.467079074284,781.0673565747887,2.2311328456304065e-06,2.2306423633183263e-06,1.4195571600924492e-07,1.4461304465427762,0.04713273348391652,0.04660501132481445
2021-10-21,3605,ewma,test,pca_only,8,20,log_euclidean,0.01,9.279489652548572e-05,4012.3904103993086,636.5107512543684,2734.571866637718,1367.2859333188605,903.6523376246951,1.8792795761519028e-06,1.8787890938398228e-06,1.3184881857393481e-07,1.4095437054846984,0.04709309977367278,0.04591186284586043
2021-10-21,3605,ledoit_wolf,test,pca_only,8,20,log_euclidean,0.01,8.228448544145784e-05,7003.277568403608,466.33299925648873,356.93775639871023,178.46887819935483,-256.12884420378515,2.4475678234611797e-06,2.4470773411490995e-06,2.2314973033954735e-06,1.3500975036237859,0.0414936680826896,0.037609241457082866
2021-10-21,3605,oas,test,pca_only,8,20,log_euclidean,0.01,8.2670878360331e-05,6952.424866672886,471.5376710986985,362.9111719099302,181.4555859549639,-253.2435128100411,2.4158445170775817e-06,2.4153540347655015e-06,2.1172726330396206e-06,1.3544118826942944,0.0417680869273483,0.038012239598810935
2021-10-21,3605,shrink,test,pca_only,8,20,log_euclidean,0.01,7.942454375508546e-05,5827.141774024874,452.8978385190667,292.56881429672865,146.28440714836393,-298.41135209838063,5.896851365041651e-09,5.406369052961599e-09,1.6481672086001212e-07,1.016795900225797,0.054722517620674774,0.053922245410200374
2021-10-21,3605,persistence,test,pca_only,8,20,log_euclidean,0.01,0.000119071379021964,3305.7861140343043,775.152831546087,6410.129912451095,3205.064956225544,2730.380950831329,1.0955793362594934e-05,1.0955302880282853e-05,8.222283305912783e-08,1.3754777128950897,0.03281939667092682,0.02965983813184702
2021-10-28,3610,D0_pca8,test,pca_only,8,20,log_euclidean,0.01,0.0004991370088616948,1946.2600126186962,6996.475379400847,225907.74169672927,112953.87084836462,109537.43519517698,8.329871879146884e-05,8.329782892062062e-05,3.2341259829834934e-08,3.7636348892808877,0.18732383770809302,0.2587382834414126
2021-10-28,3610,rolling,test,pca_only,8,20,log_euclidean,0.01,0.00028527356619212894,4128.873246936753,452.5285423217689,2990.1292668789247,1495.0646334394646,1024.3489491518906,1.6468793308077758e-06,1.6459894599595602e-06,1.416724860719978e-07,1.4641727408156113,0.046992263334529015,0.04631237085311737
2021-10-28,3610,ewma,test,pca_only,8,20,log_euclidean,0.01,0.0003409550798733669,3987.527742319143,531.1633974935456,3417.435567955343,1708.7177839776723,1234.8856904585368,1.851629952953644e-06,1.8507400821054283e-06,1.2648445172502892e-07,1.4591619916249259,0.04633516701516202,0.045259447335792076
2021-10-28,3610,ledoit_wolf,test,pca_only,8,20,log_euclidean,0.01,0.00031220358655928784,7099.198212448689,420.2567499326734,354.04745195964153,177.0237259798207,-237.22330549763313,4.094883319147417e-06,4.093993448299202e-06,2.41217153489091e-06,1.3632057158757682,0.04029783392822374,0.0361706031290068
2021-10-28,3610,oas,test,pca_only,8,20,log_euclidean,0.01,0.00030974992132096945,7020.4825764438,419.9598707814169,364.761699083321,182.38084954166024,-232.13811441520343,3.925155760633243e-06,3.924265889785028e-06,2.2293843357308893e-06,1.3713662165390663,0.04074809013617473,0.036799310981771007
2021-10-28,3610,shrink,test,pca_only,8,20,log_euclidean,0.01,0.00031633514935633616,5829.146699251751,424.86328015262796,287.72599808436723,143.862999042183,-286.43961762558797,1.1582958440204391e-08,1.0693087591988728e-08,1.6484715158145086e-07,1.0171323828047654,0.054679051558201006,0.05383775240454686
2021-10-28,3610,persistence,test,pca_only,8,20,log_euclidean,0.01,0.0004034019116546326,3368.8291521719484,713.6998259531304,11339.16567700203,5669.582838501005,5117.86058097838,1.2233506263619883e-05,1.2232616392771667e-05,7.591329732774798e-08,1.396452279649747,0.0346486909970717,0.030272136761832213
2021-11-04,3615,D0_pca8,test,pca_only,8,20,log_euclidean,0.01,0.0006185041203889789,2011.5669691433627,6370.465961187309,160101.4604492833,80050.73022464164,79197.46643498873,9.19505101757417e-05,9.194926765119103e-05,8.057767016333147e-08,4.260993571183196,0.1706591060044935,0.3021757294610374
2021-11-04,3615,rolling,test,pca_only,8,20,log_euclidean,0.01,0.0003838601086400733,4150.95629995604,507.97456041702446,3073.809829413516,1536.9049147067603,1066.064831718622,1.7720946966925724e-06,1.7708521721418994e-06,1.399628008907123e-07,1.4467830884195418,0.045728422709192265,0.04518021738929143
2021-11-04,3615,ewma,test,pca_only,8,20,log_euclidean,0.01,0.00043609666127871426,3996.938590563643,673.4513179406687,3056.6970213001077,1528.348510650048,1057.6319383752664,1.7967823656626165e-06,1.7955398411119435e-06,1.4237262074075527e-07,1.4354769191721974,0.045325095061733024,0.04445299748757091
2021-11-04,3615,ledoit_wolf,test,pca_only,8,20,log_euclidean,0.01,0.0004214936514132597,7166.793816398942,567.6329438706372,358.26520495849513,179.1326024792478,-232.4214740112593,6.010908245573395e-06,6.009665721022722e-06,2.4621270261019227e-06,1.3452019335862824,0.03936009119992815,0.03523979679340558
2021-11-04,3615,oas,test,pca_only,8,20,log_euclidean,0.01,0.00041879264417819025,7102.912347763853,562.1276784021691,366.9159203562665,183.45796017813305,-228.34835622150263,5.6649868646348425e-06,5.66374434008417e-06,2.3108876121714968e-06,1.351190841619035,0.03972827418412742,0.0357569009561152
2021-11-04,3615,shrink,test,pca_only,8,20,log_euclidean,0.01,0.0004287453730116578,5890.900035966753,572.4607187427041,295.1978435119107,147.598921755955,-280.571435849864,1.953669740349583e-08,1.829417285282282e-08,1.6716807660127583e-07,1.0168085990914655,0.05461608459545264,0.05371575849843818
2021-11-04,3615,persistence,test,pca_only,8,20,log_euclidean,0.01,0.0005169960666084166,3399.5519580560003,902.5160943040476,11694.207988188182,5847.103994094083,5323.561223403953,2.7597387405260527e-05,2.7596144880709854e-05,7.614323040259846e-08,1.3650261781424433,0.02838738235405942,0.02800291492115727
2021-11-11,3620,D0_pca8,test,pca_only,8,20,log_euclidean,0.01,0.0006794442615329244,1946.4682269513946,5269.653887727292,228030.61128131463,114015.3056406573,110548.5322153195,9.261147974283924e-05,9.261014054915345e-05,4.2059689706020534e-08,4.050296632198984,0.18830027816708053,0.2987342563949818
2021-11-11,3620,rolling,test,pca_only,8,20,log_euclidean,0.01,0.00042726179308101076,4216.321181469916,611.1393808551404,3606.2025626308555,1803.101281315433,1332.1869108614776,2.7639831788732345e-06,2.7626439851874393e-06,1.3932655218737836e-07,1.445387437496307,0.04531786266677982,0.04476539110682737
2021-11-11,3620,ewma,test,pca_only,8,20,log_euclidean,0.01,0.00045638030261007376,4048.0545275049726,805.1779243041551,3621.9975436255,1810.998771812749,1347.4220768209584,3.0788747232918488e-06,3.0775355296060536e-06,1.4544048218338378e-07,1.4342541823701183,0.04474548070027109,0.043719571609931104
2021-11-11,3620,ledoit_wolf,test,pca_only,8,20,log_euclidean,0.01,0.00046969528255038533,7252.4616184612605,706.6515336446721,383.73764772535515,191.86882386267735,-219.93668344452243,7.197938359531127e-06,7.196599165845332e-06,2.592240069863844e-06,1.3566628540474945,0.03866715834181146,0.03450601867694704
2021-11-11,3620,oas,test,pca_only,8,20,log_euclidean,0.01,0.00046609445578547497,7176.344079133545,697.547993843985,395.8075703980085,197.90378519900466,-214.1648783330304,6.765969290514187e-06,6.764630096828393e-06,2.404729242307783e-06,1.3638673787373465,0.039115298269248706,0.035132800880213706
2021-11-11,3620,shrink,test,pca_only,8,20,log_euclidean,0.01,0.00047755795562185344,5932.946178425367,708.7395101933838,302.55689335079364,151.27844667539722,-277.3784797259288,2.478373570898734e-08,2.3444542023192168e-08,1.6776719832189798e-07,1.0173319418054112,0.0545676624373571,0.053623098834389746
2021-11-11,3620,persistence,test,pca_only,8,20,log_euclidean,0.01,0.0005269061309016872,3325.176003963968,1087.500761201673,9562.886236616949,4781.443118308466,4281.830901585798,3.278544849305456e-05,3.278410929936877e-05,6.916291636672495e-08,1.2592761997737147,0.0303676675056196,0.022592030242158622
2021-11-18,3625,D0_pca8,test,pca_only,8,20,log_euclidean,0.01,0.0007032528413598491,2035.7204447410231,5554.934996323018,274174.82790258393,137087.413951292,132020.4267720377,0.00012005383273206767,0.00012005260882892332,1.992892860285275e-08,3.1074514940301534,0.14351447891592642,0.1658526054932249
2021-11-18,3625,rolling,test,pca_only,8,20,log_euclidean,0.01,0.00044168675492490856,4289.566424998579,576.8731181678183,4230.758536462569,2115.379268231286,1625.6966364436926,3.657360294808329e-06,3.6561363916639794e-06,1.3392119007363326e-07,1.4642240508752686,0.04454835444333176,0.044010314326966546
2021-11-18,3625,ewma,test,pca_only,8,20,log_euclidean,0.01,0.0004930266426595498,4115.222754988561,784.7873102755536,4551.627724164429,2275.813862082213,1787.5989467424574,4.00492377297545e-06,4.0036998698311e-06,1.2838582636187286e-07,1.4566895295851146,0.04442627098337648,0.04346868687746297
2021-11-18,3625,ledoit_wolf,test,pca_only,8,20,log_euclidean,0.01,0.00048654257708843386,7230.829046481763,666.0969472751574,411.475336380263,205.73766819013096,-206.7607483718081,8.801009275213978e-06,8.79978537206963e-06,2.4998188476234383e-06,1.3313547021252092,0.03800564258417363,0.03377567824769807
2021-11-18,3625,oas,test,pca_only,8,20,log_euclidean,0.01,0.0004819798691230019,7138.726226753861,655.5900714411914,429.9695775426851,214.9847887713423,-197.95067659132135,8.200506468451546e-06,8.199282565307197e-06,2.2815708952058115e-06,1.3417392376874016,0.038558557139552946,0.03455075588651972
2021-11-18,3625,shrink,test,pca_only,8,20,log_euclidean,0.01,0.000496168413751551,5921.790872531403,671.3935396181765,330.4811763861125,165.24058819305606,-263.9245555547889,3.131903818583055e-08,3.009513504148101e-08,1.6375240232758406e-07,1.0167719971902287,0.054470341970974424,0.05343750548870048
2021-11-18,3625,persistence,test,pca_only,8,20,log_euclidean,0.01,0.0005398756227092291,3305.0661183706434,1037.656380995793,8381.08229382953,4190.541146914775,3645.7147881578285,3.319098972027611e-05,3.318976581713176e-05,8.298367916659944e-08,1.3054446479639916,0.026480026452827692,0.024529511184189137
2021-11-26,3630,D0_pca8,test,pca_only,8,20,log_euclidean,0.01,0.00049072245831193,1924.128869342706,5508.529430999763,132968.26681423688,66484.13340711842,63790.58808446043,7.331499769146763e-05,7.331416971478754e-05,3.560135901928318e-08,3.535797970205523,0.1528054735377117,0.2303934387955325
2021-11-26,3630,rolling,test,pca_only,8,20,log_euclidean,0.01,0.00029654076344691786,4224.505259986148,726.4513115793743,1796.742099210267,898.3710496051361,442.9125640762325,2.8296997667192847e-06,2.828871790039191e-06,1.6372438996600637e-07,1.4571531804950135,0.04445674858313364,0.04383982556540986
2021-11-26,3630,ewma,test,pca_only,8,20,log_euclidean,0.01,0.0005866935482387963,4059.3792491856416,1048.5957202216443,1545.5840396031695,772.7920198015805,322.42149090964097,3.03124506568182e-06,3.0304170890017265e-06,2.1030456339443718e-07,1.4195264674467662,0.04339241938586477,0.04200673717060781
2021-11-26,3630,ledoit_wolf,test,pca_only,8,20,log_euclidean,0.01,0.0003443376904515194,7945.401047303184,941.3272700251666,290.45581173970487,145.22790586985238,-278.3083605753959,1.3564039950919688e-05,1.3563211974239594e-05,4.397037532591909e-06,1.245049450216359,0.03329860190939037,0.027755824239935046
2021-11-26,3630,oas,test,pca_only,8,20,log_euclidean,0.01,0.00032090308365005643,7430.647714973549,843.9946955459907,301.60970821085874,150.8048541054295,-273.54738805079944,8.745471362810781e-06,8.744643386130688e-06,2.8702955325418577e-06,1.311839466609196,0.03713008770954136,0.03252672994969939
2021-11-26,3630,shrink,test,pca_only,8,20,log_euclidean,0.01,0.000335718262589745,6014.827655344302,858.0014865301337,266.2250138568239,133.11250692841168,-301.7176978566005,3.84124947526508e-08,3.7584518072556975e-08,1.9993559610725252e-07,1.0179488909616572,0.054288116006209426,0.05308971679982573
2021-11-26,3630,persistence,test,pca_only,8,20,log_euclidean,0.01,0.00041588939203642363,3164.3930648951164,865.3917525999377,2883.4493776388135,1441.724688819407,966.8330526045235,2.57308832497597e-05,2.5730055273079607e-05,1.434133859825113e-07,1.313323502611005,0.03506502073000949,0.025801593425448244
