date,raw_anchor,method,split,embedder,pca_k,k_neighbors,aggregation,eta,raw_frob,raw_logeuc,raw_corr_frob,cond_stein,cond_kl,nll,gmvp_var,var_regret,pred_var,leverage_l1,max_abs_w,hhi
2013-01-04,1390,similarity,select,pca_only,8,20,log_euclidean,0.01,0.00013554165027406467,1969.2139795078374,7036.902155114285,45905.060004579565,22952.53000228978,22172.839958695717,3.198660102018217e-05,3.198417283531975e-05,4.267341353213598e-08,2.247573374305497,0.10178903744006662,0.08993857273129098
2013-01-04,1390,rolling,select,pca_only,8,20,log_euclidean,0.01,0.0003245335148430688,4853.6062976243775,973.5826190586022,2030.1442717534987,1015.0721358767524,561.6456573310428,6.282379064745477e-05,6.282136246259234e-05,1.2152662934188866e-06,3.473506352914975,0.24394508982056543,0.22832763177826648
2013-01-04,1390,ewma,select,pca_only,8,20,log_euclidean,0.01,0.0009039025454042753,4651.352514010968,1305.5229475561969,1783.6340296946225,891.8170148473141,440.3554812823444,5.891483749240408e-05,5.891240930754166e-05,1.333827325745229e-06,3.325496977649093,0.22818822665999483,0.20627059002276366
2013-01-04,1390,ledoit_wolf,select,pca_only,8,20,log_euclidean,0.01,0.00013838427335039752,9063.182666501556,631.4461779353496,339.85765561592757,169.9288278079638,-266.534305773021,2.8796577786644484e-05,2.8794149601782062e-05,1.834290874336943e-05,1.3481819214380037,0.05778753957937165,0.028473789381099006
2013-01-04,1390,oas,select,pca_only,8,20,log_euclidean,0.01,0.00023612120499940704,7914.426786927203,633.0361415251759,346.14244858616985,173.0712242930851,-264.1826225610952,4.0886240438068396e-05,4.0883812253205974e-05,1.3406758044817383e-05,2.273969378174861,0.13364968259319618,0.08882761021858555
2013-01-04,1390,shrink,select,pca_only,8,20,log_euclidean,0.01,0.00026696221372563824,7444.574426192859,654.0262253048883,340.764684997721,170.38234249886074,-267.89892260856686,3.9463815543148115e-06,3.943953369452389e-06,3.20561653295103e-06,1.5533700471604948,0.6431577787732291,0.44356857434975105
2013-01-04,1390,persistence,select,pca_only,8,20,log_euclidean,0.01,0.0010564147902667603,3524.6684823877886,1453.2649604805106,3756.184427717163,1878.0922138585688,1428.5511938135267,5.533164084792245e-05,5.5329212663060025e-05,7.119741823222734e-07,2.746281064237266,0.12888482284973465,0.12702016959294435
2013-01-11,1395,similarity,select,pca_only,8,20,log_euclidean,0.01,0.00014474033788298773,1940.2538740005575,6888.460566087976,47291.43522595661,23645.71761297832,23073.86503417092,4.087941009353578e-05,4.087710678242142e-05,4.5706289508492244e-08,2.340703190311523,0.10336255016777338,0.09307742479801685
2013-01-11,1395,rolling,select,pca_only,8,20,log_euclidean,0.01,0.00031896184795301844,4807.27157802759,916.9654652083702,2240.009297643325,1120.0046488216617,666.6128361471058,7.163717869089467e-05,7.163487537978031e-05,1.2951574767169168e-06,3.612596939580889,0.2777193823598334,0.25961953778371183
2013-01-11,1395,ewma,select,pca_only,8,20,log_euclidean,0.01,0.0005495312081211682,4597.977894880249,1070.8329032720553,2209.367192810673,1104.6835964053407,653.2451787414577,5.960604338744478e-05,5.960374007633042e-05,1.286090303985265e-06,3.5268770641192284,0.26780836245247075,0.24484643201025977
2013-01-11,1395,ledoit_wolf,select,pca_only,8,20,log_euclidean,0.01,0.0001451580576140017,9018.850176239652,646.4480484471289,338.9437807250673,169.47189036253326,-264.238299993788,2.749124514052872e-05,2.7488941829414356e-05,1.648165632558916e-05,1.2399969630815502,0.05226699121394171,0.024279606335046888
2013-01-11,1395,oas,select,pca_only,8,20,log_euclidean,0.01,0.00024072411627550067,7786.5880026989025,625.2344914938519,356.1351344578919,178.06756722894576,-256.48898159320885,3.631310640915971e-05,3.631080309804535e-05,1.3043966051509803e-05,2.2196076230791157,0.14470454335053087,0.09077269114024986
2013-01-11,1395,shrink,select,pca_only,8,20,log_euclidean,0.01,0.00027158324116884064,7363.956054516374,631.6616789800516,347.15848955950446,173.57924477975172,-261.8472040504363,3.140041923661836e-06,3.1377386125474716e-06,3.0181422625926035e-06,1.4923701503855726,0.6468425320566098,0.4485341252139639
2013-01-11,1395,persistence,select,pca_only,8,20,log_euclidean,0.01,0.0010596661125764476,3512.139525830175,1402.9628864233903,3895.826265689278,1947.913132844631,1499.9231146825443,5.056977445167076e-05,5.05674711405564e-05,7.624529328235034e-07,2.8517193254162723,0.13832822595450267,0.13670994022132285
2013-01-18,1400,similarity,select,pca_only,8,20,log_euclidean,0.01,0.0001976321715335752,1975.0756864574344,6893.395748711584,93426.11934801211,46713.05967400604,45346.77267868076,3.4501242209574114e-05,3.449913147300896e-05,2.746650580646669e-08,2.50911527972378,0.10990269349032938,0.10420589104165066
2013-01-18,1400,rolling,select,pca_only,8,20,log_euclidean,0.01,0.00034582167891243,4706.380450997887,912.6218244549971,3122.532348271623,1561.266174135808,1108.0521040622389,5.0807808057772994e-05,5.080569732120784e-05,1.2273500173573888e-06,3.61483108449924,0.3054735850782168,0.28344091776283037
2013-01-18,1400,ewma,select,pca_only,8,20,log_euclidean,0.01,0.0003998652942202313,4496.603791309226,950.1335766461575,3256.304351132769,1628.1521755663796,1175.088802069885,3.826066111003782e-05,3.8258550373472666e-05,1.125953015610052e-06,3.471139882768839,0.28864825902448565,0.25966964883450744
2013-01-18,1400,ledoit_wolf,select,pca_only,8,20,log_euclidean,0.01,0.00019310389183787986,8808.788408379369,592.2599947469929,340.5416544803639,170.27082724018206,-256.92994944671284,2.5525723818274347e-05,2.55236130817092e-05,1.5129551211110246e-05,1.2309935061057289,0.054212064261237314,0.02408042800969415
2013-01-18,1400,oas,select,pca_only,8,20,log_euclidean,0.01,0.000284553638879499,7473.1642949664765,614.6892799111896,411.3357683400319,205.6678841700164,-223.13410696953815,2.7577972673978223e-05,2.7575861937413075e-05,1.1585174649823163e-05,2.392943019475992,0.168913775467731,0.11012572898630388
2013-01-18,1400,shrink,select,pca_only,8,20,log_euclidean,0.01,0.00030938015294418764,7224.135805477268,609.2538402099116,372.24017750869905,186.12008875434924,-243.87328763250676,2.6682931023462502e-06,2.6661823657811006e-06,2.72792718921295e-06,1.4748277441488955,0.6785977148053499,0.48797748393444823
2013-01-18,1400,persistence,select,pca_only,8,20,log_euclidean,0.01,0.001083286628508267,3512.8450443860897,1290.7634352211073,4430.127417977423,2215.0637089887277,1769.2051589088976,4.3875495526204985e-05,4.387338478963983e-05,7.432182755425355e-07,2.965738151430378,0.13622834886265955,0.13433763488389397
2013-01-28,1405,similarity,select,pca_only,8,20,log_euclidean,0.01,0.00013241535296508136,1992.6447175319886,5003.414895206277,50379.06758630208,25189.533793151044,24262.506968128575,4.9394052250541765e-05,4.9392574253256726e-05,4.652770971522761e-08,2.3816197347516073,0.10678396454207356,0.09763853647979345
2013-01-28,1405,rolling,select,pca_only,8,20,log_euclidean,0.01,0.00028131809548988175,4781.60476657927,663.4725621018749,2534.3776638802256,1267.188831940121,800.7144252038643,3.646177959010957e-05,3.646030159282453e-05,1.1221214540788953e-06,3.558701178529093,0.26872617821646866,0.2545314887346476
2013-01-28,1405,ewma,select,pca_only,8,20,log_euclidean,0.01,0.00036208069285214965,4567.3686650169975,732.1785760053058,2395.406518954511,1197.7032594772556,732.8421811995164,3.2002933792642e-05,3.2001455795356963e-05,1.195444510454306e-06,3.455827574173456,0.2659453782755854,0.24014180967109702
2013-01-28,1405,ledoit_wolf,select,pca_only,8,20,log_euclidean,0.01,0.00015629892189244034,8973.344575138059,1227.4350795603466,337.6747891740091,168.83739458700444,-264.0049572344668,4.5677482680062155e-05,4.5676004682777116e-05,1.1898665375830016e-05,1.043790399611762,0.037212542139671616,0.015645468943717815
2013-01-28,1405,oas,select,pca_only,8,20,log_euclidean,0.01,0.00022383082603411928,7651.635434146335,755.5421686170971,368.83350288076724,184.41675144038288,-249.95288919137857,2.2322887819498075e-05,2.2321409822213036e-05,1.1786676683427325e-05,2.258958112066852,0.14778155406957194,0.09238749700623126
2013-01-28,1405,shrink,select,pca_only,8,20,log_euclidean,0.01,0.0002665261939386614,7192.849178332686,703.2662979065863,371.9308634513401,185.96543172566993,-249.54240302092794,3.6798587422052303e-06,3.678380744920191e-06,2.6819732824733446e-06,1.5037843872960768,0.6418908909020107,0.44540655838228566
2013-01-28,1405,persistence,select,pca_only,8,20,log_euclidean,0.01,0.00020879164898945452,3372.806875311415,841.2118312208555,6039.2702985387,3019.635149269356,2494.9610296392298,4.866025430441603e-05,4.865877630713099e-05,4.09759510845976e-07,2.9370491967783767,0.12708206387855153,0.12601033113734164
2013-02-04,1410,similarity,select,pca_only,8,20,log_euclidean,0.01,9.495021295026593e-05,1959.7966303245564,4414.63175861569,42747.06299106082,21373.531495530406,20740.171612020764,3.149173588061969e-05,3.1490160124987446e-05,4.745783183187151e-08,2.4718579752690584,0.12139710707268259,0.11085193651898387
2013-02-04,1410,rolling,select,pca_only,8,20,log_euclidean,0.01,0.000246793004603322,4776.486887030188,854.9786672277306,2040.597876883272,1020.2989384416319,576.1941153737134,3.651670615678207e-05,3.6515130401149824e-05,1.0045204857056004e-06,3.437245066282794,0.24412978453119752,0.23163246778487656
2013-02-04,1410,ewma,select,pca_only,8,20,log_euclidean,0.01,0.00022503146249425022,4577.7735375285365,905.4023329622166,2034.808555473925,1017.4042777369667,573.0160900582733,2.8146223900362902e-05,2.8144648144730656e-05,1.0117404494885528e-06,3.433679445357305,0.24440762358393697,0.22355200803933822
2013-02-04,1410,ledoit_wolf,select,pca_only,8,20,log_euclidean,0.01,0.00012502196904791814,8984.683124118044,1526.8380764674532,339.0079132018096,169.5039566009048,-269.6186247446374,5.696748530594925e-05,5.6965909550317e-05,9.61835235330279e-06,1.0143891705166668,0.02930199673956476,0.013354020659164308
2013-02-04,1410,oas,select,pca_only,8,20,log_euclidean,0.01,0.0001904816412157953,7640.746795865502,1020.423397061597,341.94650865507964,170.9732543275398,-268.3754110459403,2.84811277433931e-05,2.8479551987760855e-05,1.047699453932197e-05,2.081634108443067,0.13116067011999263,0.07945498432534784
2013-02-04,1410,shrink,select,pca_only,8,20,log_euclidean,0.01,0.0002323604613594135,7134.578761713896,948.1416581107882,334.87208001222956,167.43604000611455,-272.9277702389175,3.9551446741931325e-06,3.953568918560886e-06,2.5730120982631264e-06,1.4865107341380333,0.6249008852907645,0.41958215330983134
2013-02-04,1410,persistence,select,pca_only,8,20,log_euclidean,0.01,0.00019609825378089215,3442.557945740132,1247.9561536553736,4859.75596928104,2429.877984640513,1960.521467954947,3.1188985882594224e-05,3.118741012696198e-05,2.1498883717353594e-07,2.0429659667139424,0.07531663127665007,0.0665551320433055
2013-02-11,1415,similarity,select,pca_only,8,20,log_euclidean,0.01,7.122270749379008e-05,1913.991152557045,4426.224563688614,30762.749282483986,15381.374641241995,14836.10493959552,1.5085381386969143e-05,1.5083689412751751e-05,5.1347130324553265e-08,2.2827841293621747,0.09732663010671448,0.0889676457707221
2013-02-11,1415,rolling,select,pca_only,8,20,log_euclidean,0.01,0.0002303996028878337,4787.792843816797,708.1017562191113,1731.226219286947,865.6131096434783,407.3247095766102,4.66508906883035e-05,4.6649198714086113e-05,1.0800396664868683e-06,3.5054464003438386,0.26190231307787365,0.24972211824780696
2013-02-11,1415,ewma,select,pca_only,8,20,log_euclidean,0.01,0.0001562349813692434,4579.6874098079015,754.2710924108655,1834.4644641560944,917.2322320780381,459.4086694117051,4.170012646939613e-05,4.169843449517874e-05,9.928587483635653e-07,3.385698094763467,0.2572583373534315,0.23601746619592526
2013-02-11,1415,ledoit_wolf,select,pca_only,8,20,log_euclidean,0.01,0.00010483815388780223,8960.362976011607,1396.1910860719693,341.5890621442213,170.79453107211066,-274.12980348676194,4.9116405693185055e-05,4.9114713718967666e-05,1.0828681001421364e-05,1.0460728042760776,0.033686398669780654,0.014402132096205073
2013-02-11,1415,oas,select,pca_only,8,20,log_euclidean,0.01,0.00017323528004996647,7621.079673062184,859.4202955355019,332.78158373284526,166.39079186642297,-279.0501952222637,2.7624449745464464e-05,2.762275777124707e-05,1.1486281838397238e-05,2.1056274658628515,0.14584438497398972,0.08929507222020641
2013-02-11,1415,shrink,select,pca_only,8,20,log_euclidean,0.01,0.00021450136426010916,7113.20358156982,788.7501991420195,332.1184146597104,166.05920732985493,-280.7034051723695,4.6991781785674215e-06,4.6974862043500294e-06,2.6211971763478094e-06,1.5327273663106578,0.6352068667678158,0.43423100962793504
2013-02-11,1415,persistence,select,pca_only,8,20,log_euclidean,0.01,0.00018643753939711702,3411.2056557352253,1138.1174663187687,3946.2017266548232,1973.1008633274198,1491.4328864729846,2.795248510071148e-05,2.795079312649409e-05,2.1130276069298118e-07,2.0695136917450627,0.06240516905130782,0.0619109837689543
2013-02-19,1420,similarity,select,pca_only,8,20,log_euclidean,0.01,2.9477006109528474e-05,1824.0733562283076,4104.063094581514,18149.530255122332,9074.76512756117,8644.54258958536,1.83228306296605e-05,1.8321655876654202e-05,6.824473735235226e-08,2.367806719009303,0.11464147075383135,0.10397658681138267
2013-02-19,1420,rolling,select,pca_only,8,20,log_euclidean,0.01,0.00020692767157903628,4773.607511987447,819.4809598514585,1406.1504972932257,703.0752486466095,242.2580462542178,4.8801582371283504e-05,4.8800407618277206e-05,1.0092337402250427e-06,3.5028141802127535,0.24198293415437314,0.22986912548949856
2013-02-19,1420,ewma,select,pca_only,8,20,log_euclidean,0.01,0.00016787316753466417,4577.686362092096,1004.8265300831893,1476.8825689599335,738.4412844799682,278.79452506755916,4.00590156612371e-05,4.0057840908230804e-05,9.134162966787092e-07,3.3590892826875796,0.23275032087704692,0.2105090447263368
2013-02-19,1420,ledoit_wolf,select,pca_only,8,20,log_euclidean,0.01,7.818386907172709e-05,8987.396935668712,1687.318754701543,351.21090885850623,175.60545442925306,-280.29895840509516,5.392878198878356e-05,5.392760723577726e-05,1.0016148058728015e-05,1.0305586994261753,0.030215658169258683,0.01376288026218257
2013-02-19,1420,oas,select,pca_only,8,20,log_euclidean,0.01,0.00014802369156908737,7627.680121308151,1060.0608183956251,324.99343829617885,162.4967191480893,-293.40989478456345,2.6118210629064188e-05,2.611703587605789e-05,1.0710204316643574e-05,2.1489914947047093,0.1325419912235298,0.0813283639233218
2013-02-19,1420,shrink,select,pca_only,8,20,log_euclidean,0.01,0.00019325429161331993,7074.907966707335,965.452531946396,330.22554616143225,165.11277308071595,-291.6259878288064,4.4680072904880835e-06,4.466832537481785e-06,2.577570514839619e-06,1.5369283129668194,0.6176011172009849,0.41138586894193097
2013-02-19,1420,persistence,select,pca_only,8,20,log_euclidean,0.01,0.00022408043168861417,3458.665679787592,1330.6731441276092,2856.268936465746,1428.1344682328725,972.6609391838927,3.635649957342822e-05,3.635532482042192e-05,2.1507362142530958e-07,1.917087105291694,0.05637860202044335,0.0547005146397807
2013-02-26,1425,similarity,select,pca_only,8,20,log_euclidean,0.01,2.1963143957455317e-05,1841.1446521384753,5880.661829943547,20372.29730982598,10186.148654912986,9599.950262592312,1.2330475957813727e-05,1.2329836518350459e-05,5.102895545021347e-08,2.262919952790205,0.1002376470552138,0.09123938560363437
2013-02-26,1425,rolling,select,pca_only,8,20,log_euclidean,0.01,0.0001913702450558395,4727.164746905372,720.2200560600957,1324.42137038717,662.2106851935847,186.52063960097558,5.505240355665579e-05,5.5051764117192526e-05,1.0121940400837538e-06,3.3155545886315188,0.23310675805100195,0.21882504046847198
2013-02-26,1425,ewma,select,pca_only,8,20,log_euclidean,0.01,0.00012079718904723254,4508.101399171075,804.0686322007072,1479.1804547468548,739.5902273734263,262.02081657313744,4.092238608219196e-05,4.092174664272869e-05,8.414293272066974e-07,3.2290063035021848,0.21812927129552426,0.19053806759278258
2013-02-26,1425,ledoit_wolf,select,pca_only,8,20,log_euclidean,0.01,3.471014873781018e-05,8924.354522500817,943.9384028745333,362.6905044287303,181.3452522143649,-284.3025891139236,2.245017073969541e-05,2.2449531300232143e-05,1.3966190073530064e-05,1.2089124623523237,0.044934868517367055,0.021067860129288497
2013-02-26,1425,oas,select,pca_only,8,20,log_euclidean,0.01,0.00012304909757344246,7602.989401123625,644.9918742435448,338.11193701804314,169.0559685090214,-296.9624770699829,2.781892141759752e-05,2.7818281978134253e-05,1.0704934663432441e-05,2.3185147878327896,0.13137237618359704,0.08801622413444962
2013-02-26,1425,shrink,select,pca_only,8,20,log_euclidean,0.01,0.00015890841122211588,7137.243800058457,616.525216019095,336.3465445169761,168.1732722584874,-298.479192456372,3.894220623155648e-06,3.89358118369238e-06,2.7569809610842276e-06,1.4840586768634265,0.6345424546942662,0.42801623024402025
2013-02-26,1425,persistence,select,pca_only,8,20,log_euclidean,0.01,0.0001462855696776175,3468.108785295656,943.374518905908,2998.4988121296637,1499.2494060648369,1023.3303597353967,2.74303680870247e-05,2.7429728647561434e-05,2.308938765784854e-07,2.047626949258991,0.06578935055439872,0.06555628079909086
2013-03-05,1430,similarity,select,pca_only,8,20,log_euclidean,0.01,2.846942172445105e-05,1881.462766893346,6397.088409864617,33580.52945441266,16790.264727206326,16043.387998388285,1.6677725579830166e-05,1.6677079729175484e-05,3.901196219584167e-08,2.3508511918008703,0.10869892103830801,0.10055552483529585
2013-03-05,1430,rolling,select,pca_only,8,20,log_euclidean,0.01,0.00019080995487269047,4709.873310275789,791.7970215426014,1530.1841735646346,765.0920867823208,288.8741053970019,2.273374426118871e-05,2.273309841053403e-05,1.2339596256696074e-06,3.6578988029207276,0.28806029341735984,0.26380141938568713
2013-03-05,1430,ewma,select,pca_only,8,20,log_euclidean,0.01,8.078318890371685e-05,4479.128624425872,868.5874394621299,1914.31872270601,957.159361353003,476.8338025962861,2.029909944454294e-05,2.0298453593888257e-05,8.782566690940956e-07,3.348084220648436,0.26342723973161447,0.22390614672254663
2013-03-05,1430,ledoit_wolf,select,pca_only,8,20,log_euclidean,0.01,3.9337630669093364e-05,8930.541349523623,882.4514073594189,355.92975091713856,177.96487545856917,-281.56363264861386,1.621999996136658e-05,1.62193541107119e-05,1.3526167517716752e-05,1.137423411422631,0.043039288829375584,0.01916090599100338
2013-03-05,1430,oas,select,pca_only,8,20,log_euclidean,0.01,0.0001248158059746838,7588.308849022391,654.0387179234284,340.006395771014,170.0031978855071,-290.1003859854357,9.631575997353072e-06,9.630930146698392e-06,1.1538583143652553e-05,2.3030272748262033,0.1436555364742431,0.09034794030682615
2013-03-05,1430,shrink,select,pca_only,8,20,log_euclidean,0.01,0.00016127751607041268,7134.051053016434,647.0630759280624,341.44769356122436,170.72384678061218,-289.6259741721009,1.6410370867324204e-06,1.64039123607774e-06,2.8243191122852427e-06,1.501728511963329,0.6589781762602691,0.4570797593136601
2013-03-05,1430,persistence,select,pca_only,8,20,log_euclidean,0.01,0.0001121493155029952,3463.679702674153,1139.8656101577226,3944.114025311661,1972.057012655825,1483.232497698559,2.1954152974681815e-05,2.1953507124027133e-05,2.2503992138104795e-07,2.126719299472879,0.07339618924634025,0.07312287184223817
2013-03-12,1435,similarity,select,pca_only,8,20,log_euclidean,0.01,4.6139417465395816e-05,1905.5410628868522,5668.683292529932,46597.03649933881,23298.5182496694,22436.564117278715,2.4890406737302737e-05,2.4889269476600714e-05,2.8588439421927988e-08,2.3254242284992803,0.1037980721090112,0.09298376834351543
2013-03-12,1435,rolling,select,pca_only,8,20,log_euclidean,0.01,6.961710547330296e-05,4703.3852668956815,666.4302669095185,2610.026178994758,1305.0130894973777,832.3249039545223,2.963332802708873e-05,2.9632190766386707e-05,9.062888355803954e-07,3.738908991480912,0.30124581898581276,0.2805191170455044
2013-03-12,1435,ewma,select,pca_only,8,20,log_euclidean,0.01,5.971114982711152e-05,4495.243195042167,687.783994331473,2948.824529809206,1474.4122649045967,998.7525656409343,2.3195370890340837e-05,2.3194233629638813e-05,6.877424101225004e-07,3.21409189197146,0.25767033637626396,0.2159872975130194
2013-03-12,1435,ledoit_wolf,select,pca_only,8,20,log_euclidean,0.01,4.677981666612811e-05,7833.114853085783,679.8189937620393,329.4739715319207,164.7369857659604,-286.1137474187439,1.3920015044874574e-05,1.391887778417255e-05,1.2225530179016499e-05,1.8110591145847899,0.10176094825948456,0.05572823010816705
2013-03-12,1435,oas,select,pca_only,8,20,log_euclidean,0.01,5.196305661395589e-05,7407.267077484234,609.6062181595481,345.4563156895794,172.72815784478968,-278.5033758433753,1.351655407460892e-05,1.3515416813906896e-05,1.020959724166041e-05,2.144568459544173,0.13826143798469054,0.08358156088606615
2013-03-12,1435,shrink,select,pca_only,8,20,log_euclidean,0.01,5.9733438130636276e-05,6978.53699209996,587.0583654877956,361.4077437533864,180.70387187669343,-271.22391470089934,1.1755247782360055e-06,1.1743875175339815e-06,2.18159525445975e-06,1.3689725900123892,0.7246972810479813,0.5382714633072807
2013-03-12,1435,persistence,select,pca_only,8,20,log_euclidean,0.01,9.803345277863945e-05,3361.443442167883,887.125583567878,4903.414587853173,2451.707293926598,1970.3139109501622,1.7596916281341165e-05,1.759577902063914e-05,2.0958088928548933e-07,2.16120572302049,0.07688318819681769,0.07617849371939309
2013-03-19,1440,similarity,select,pca_only,8,20,log_euclidean,0.01,0.00011773759212892238,1890.2040774161226,3650.079442894642,41750.369884405794,20875.184942202897,20407.04825099114,3.396476205268122e-05,3.396247291763732e-05,3.460746971162865e-08,2.2230106873637845,0.10111737157298341,0.09034594809379895
2013-03-19,1440,rolling,select,pca_only,8,20,log_euclidean,0.01,0.0001262208041951103,4730.01455800867,925.9838285303922,3132.0511702284944,1566.0255851142372,1118.2962448735761,3.610892221285323e-05,3.610663307780933e-05,3.9134946976530565e-07,2.665895608711446,0.13911255110083745,0.13463877223013887
2013-03-19,1440,ewma,select,pca_only,8,20,log_euclidean,0.01,0.00010697264032387257,4523.083566915684,857.4552922458729,3754.5762945159145,1877.2881472579534,1426.7537324520795,3.8160995513849084e-05,3.815870637880518e-05,3.2519855897286365e-07,2.6448016062118866,0.13885691915062814,0.1322918214343533
2013-03-19,1440,ledoit_wolf,select,pca_only,8,20,log_euclidean,0.01,0.00013446107054175925,7952.557796295071,1557.603776087725,317.53544749229803,158.76772374614904,-279.1011060737497,4.7913993628597614e-05,4.791170449355371e-05,8.693012452492774e-06,1.5476932452729255,0.06248763244343204,0.03845671401318302
2013-03-19,1440,oas,select,pca_only,8,20,log_euclidean,0.01,0.00012756919326328646,7486.906642755164,1299.1107726267792,335.6147311999167,167.80736559995813,-270.2495622954328,3.910682226486359e-05,3.9104533129819686e-05,6.851286538858676e-06,1.8699459935867022,0.0842821636383673,0.060017254159787994
2013-03-19,1440,shrink,select,pca_only,8,20,log_euclidean,0.01,0.0001366593226113775,6891.63529388997,1131.872152980716,372.7231476916239,186.36157384581213,-251.70047881449622,5.600503788358801e-06,5.598214653314902e-06,1.6571476245894265e-06,1.450985470737971,0.5883555544877203,0.3700279850786529
2013-03-19,1440,persistence,select,pca_only,8,20,log_euclidean,0.01,8.058127464954424e-05,3258.972738796097,745.9989586616168,6766.584558631553,3383.292279315771,2903.407081537007,3.9631212349330306e-05,3.9628923214286405e-05,1.5477491936159898e-07,2.0632669526373912,0.08063906794803172,0.07153125242364676
2013-03-26,1445,similarity,select,pca_only,8,20,log_euclidean,0.01,0.00018359194239181802,1927.0713493841167,3754.4329261070284,42148.866340851906,21074.433170425946,20374.70011403971,3.867490875087052e-05,3.867310450336462e-05,3.8453014891539266e-08,2.271232758675249,0.09785932865764713,0.08997696062734484
2013-03-26,1445,rolling,select,pca_only,8,20,log_euclidean,0.01,0.0001697082253731983,4687.2319081543665,823.30357924776,3439.157470792239,1719.5787353961296,1256.8113520300017,3.0176530183272966e-05,3.0174725935767064e-05,3.969653322824692e-07,2.6410615931015147,0.1412080377416324,0.13540805451573004
2013-03-26,1445,ewma,select,pca_only,8,20,log_euclidean,0.01,0.00016653810218971238,4505.32854124803,805.3511939825919,4336.453396894293,2168.2266984471444,1697.2949272963008,3.2951641035890064e-05,3.294983678838416e-05,3.29021250697876e-07,2.7022747602305732,0.14695922478172183,0.1400825381274819
2013-03-26,1445,ledoit_wolf,select,pca_only,8,20,log_euclidean,0.01,0.00019428491440377045,7907.429264881408,1368.9172788908882,318.12880570948516,159.06440285474247,-269.2810287265738,4.657941236695791e-05,4.657760811945201e-05,8.443422078449366e-06,1.5704461738751252,0.06332778891958889,0.04050927223756741
2013-03-26,1445,oas,select,pca_only,8,20,log_euclidean,0.01,0.00018106376953675888,7440.560549723881,1132.801799763759,344.9924206946217,172.49621034731135,-256.4834352942157,3.710687394675318e-05,3.710506969924728e-05,6.500646990079335e-06,1.842017010662781,0.08337834062882751,0.06026802120695241
2013-03-26,1445,shrink,select,pca_only,8,20,log_euclidean,0.01,0.00018516708730525365,6882.988906525945,999.3522158844761,378.3119409253711,189.15597046268522,-241.0099061409215,4.920182770196232e-06,4.918378522690331e-06,1.6742922006345972e-06,1.4309970507620118,0.5948870532291521,0.37642721459951745
2013-03-26,1445,persistence,select,pca_only,8,20,log_euclidean,0.01,0.00019207613693877633,3382.4006509399105,1106.4106641870726,11257.122281057204,5628.561140528613,5086.555802326088,6.91965470098969e-05,6.9194742762391e-05,7.971143418439716e-08,1.6460579583073,0.07762261621872951,0.04625348027858115
2013-04-03,1450,similarity,select,pca_only,8,20,log_euclidean,0.01,0.0002125083981392946,1918.017349699799,3805.1863903554677,63976.54272717681,31988.271363588403,31245.511560331546,3.5480418255967105e-05,3.547848704147256e-05,3.157253580320079e-08,2.3686603505240282,0.11749131439311528,0.10328366347924997
2013-04-03,1450,rolling,select,pca_only,8,20,log_euclidean,0.01,0.0001720696535467563,4717.052858068829,774.352207710418,3786.5092025174117,1893.2546012587097,1411.0623314476654,4.628665231593649e-05,4.628472110144195e-05,4.347155615701242e-07,2.7613727589164685,0.15079244540782025,0.14455914471681097
2013-04-03,1450,ewma,select,pca_only,8,20,log_euclidean,0.01,0.00018495413272246787,4544.57509193452,929.1194294682161,4686.228777334305,2343.1143886671416,1847.3578309288434,5.118996125497857e-05,5.118803004048403e-05,3.506730857470327e-07,2.7347230565073,0.1519189681330466,0.1443384234427611
2013-04-03,1450,ledoit_wolf,select,pca_only,8,20,log_euclidean,0.01,0.00019753095177049907,7931.910952660148,1310.463238868548,322.50292545593186,161.25146272796604,-263.62361933453934,5.573101196638336e-05,5.572908075188882e-05,8.867747725986408e-06,1.5605394819178653,0.0657764589713281,0.04160051143121642
2013-04-03,1450,oas,select,pca_only,8,20,log_euclidean,0.01,0.0001842437809975925,7480.578675681176,1084.8951529469048,353.82283016883406,176.91141508441723,-248.88701437762512,4.866178512785465e-05,4.865985391336011e-05,6.951024441816913e-06,1.8517704086909728,0.08639042756543117,0.06123735961621099
2013-04-03,1450,shrink,select,pca_only,8,20,log_euclidean,0.01,0.00018798854642689206,6918.4688115874715,948.0714312546918,379.2027071318829,189.601353565942,-238.5367063006946,6.083561265036976e-06,6.081630050542434e-06,1.744212012210186e-06,1.4390782412258887,0.6043535915448719,0.38567229672273096
2013-04-03,1450,persistence,select,pca_only,8,20,log_euclidean,0.01,0.00020365970864900942,3548.244220090125,1271.6082944875616,11239.14680321319,5619.57340160661,5128.076732599471,8.083826957965352e-05,8.083633836515898e-05,8.521857178916136e-08,1.7043148350902344,0.060990700889096826,0.04346929467856108
2013-04-10,1455,similarity,select,pca_only,8,20,log_euclidean,0.01,0.00020023710676290537,1973.9349941543946,4016.7524329928847,52189.46239203366,26094.731196016823,25125.107471692725,3.801087016548489e-05,3.800881029818282e-05,3.675061585614497e-08,2.3076304066101874,0.10144032673460823,0.0909619304692359
2013-04-10,1455,rolling,select,pca_only,8,20,log_euclidean,0.01,0.0001750315519945349,4762.495866357137,743.2190571452202,4111.671306061064,2055.835653030529,1550.7062173995423,5.561138346606289e-05,5.560932359876082e-05,4.2623178306829233e-07,2.80912421391418,0.1631392320860044,0.15696409578687714
2013-04-10,1455,ewma,select,pca_only,8,20,log_euclidean,0.01,0.00019260959877085923,4571.026001256773,945.5812989780602,4401.389959092862,2200.694979546428,1691.5097161863116,7.036148811167087e-05,7.035942824436881e-05,4.059345326262813e-07,2.817360198445437,0.16613286962992724,0.15571646617410614
2013-04-10,1455,ledoit_wolf,select,pca_only,8,20,log_euclidean,0.01,0.00020177358370891538,7712.297028616711,1122.827279501534,332.8419879583065,166.42099397915348,-259.6747594979903,5.023522313981548e-05,5.023316327251341e-05,8.191648835332315e-06,1.6930736106123538,0.07610413589905958,0.04914529635434121
2013-04-10,1455,oas,select,pca_only,8,20,log_euclidean,0.01,0.0001920401500974976,7405.950321011947,983.3258011036344,360.86058909712597,180.4302945485632,-246.607634422193,4.716286814113222e-05,4.7160808273830145e-05,6.842292524637979e-06,1.8933321011298652,0.09184258793398306,0.06373259606127392
2013-04-10,1455,shrink,select,pca_only,8,20,log_euclidean,0.01,0.00019479528329656779,6933.738424554061,887.945884301771,386.3599012411179,193.17995062055937,-236.0560849147192,5.234929819943831e-06,5.232869952641762e-06,1.6640769731983964e-06,1.4136017780811572,0.6361936232859859,0.42190860513356454
2013-04-10,1455,persistence,select,pca_only,8,20,log_euclidean,0.01,0.00018715018763066108,3539.6904559946033,1073.5921075836336,8620.97034460556,4310.4851723027805,3790.9041768922057,6.497267276746503e-05,6.497061290016296e-05,1.4037957619765595e-07,1.924693021213707,0.06936027920317903,0.05913818922190331
2013-04-17,1460,similarity,select,pca_only,8,20,log_euclidean,0.01,7.949443644257427e-05,2027.1758768818797,6211.391859374731,39232.1939356513,19616.09696782565,18869.442002190823,4.053169388521304e-05,4.053070637199465e-05,5.877094250038867e-08,2.5331012437254654,0.12942169868908462,0.12017275716007145
2013-04-17,1460,rolling,select,pca_only,8,20,log_euclidean,0.01,8.772535597987923e-05,4771.087048893177,818.8836679371638,3650.1183890500356,1825.0591945250171,1359.9304308822232,2.059669599449342e-05,2.0595708481275025e-05,5.160860163995751e-07,3.0222991076032995,0.18748556995989155,0.18159530047067582
2013-04-17,1460,ewma,select,pca_only,8,20,log_euclidean,0.01,0.00012420560474106092,4571.368093727293,1092.0497120710015,3331.812650667972,1665.9063253339914,1204.2710517029102,2.0426863030878147e-05,2.0425875517659753e-05,5.859117387161638e-07,3.1018971405448976,0.19130772571960017,0.18086555910405833
2013-04-17,1460,ledoit_wolf,select,pca_only,8,20,log_euclidean,0.01,7.49937859348205e-05,7472.114867437966,583.4346016648597,357.54091466804255,178.7704573340215,-256.7614855568622,1.4947461677544123e-05,1.494647416432573e-05,8.76263848885111e-06,2.1195463656091222,0.10919926741100652,0.07744215468792094
2013-04-17,1460,oas,select,pca_only,8,20,log_euclidean,0.01,7.689596804926964e-05,7205.751989546196,601.741382197419,390.8143738549023,195.40718692745122,-240.56964658921447,1.507171942473636e-05,1.5070731911517968e-05,7.120240999890391e-06,2.252846944606251,0.12322717647265742,0.09147258000603224
2013-04-17,1460,shrink,select,pca_only,8,20,log_euclidean,0.01,7.66782204185113e-05,7045.085984350795,596.6248198129927,370.937010634627,185.4685053173137,-251.4353817521156,2.067422838674856e-06,2.0664353254564626e-06,1.9268962958483377e-06,1.3888111377548578,0.6993711040751642,0.5015969306048735
2013-04-17,1460,persistence,select,pca_only,8,20,log_euclidean,0.01,0.0001385789140906508,3569.4691956272286,1291.3234555463014,5939.403320262424,2969.70166013122,2519.3967928712627,2.360948106132587e-05,2.3608493548107475e-05,3.1356962426025445e-07,2.545271432728056,0.10004451113133599,0.09963454741364208
2013-04-24,1465,similarity,select,pca_only,8,20,log_euclidean,0.01,6.488996528564584e-05,1987.8687107366845,5613.212811584167,35986.76197551657,17993.380987758308,17221.124074062987,2.7308748768954236e-05,2.7307429669640035e-05,3.9979790324391434e-08,2.2770340352305927,0.09375291569495277,0.08514162540778705
2013-04-24,1465,rolling,select,pca_only,8,20,log_euclidean,0.01,7.960337788267829e-05,4799.270153838383,747.532077515214,3148.097571918659,1574.048785959321,1108.4241136122314,2.4193571722055745e-05,2.4192252622741544e-05,4.936132561978409e-07,2.9340925036621397,0.16925856856983068,0.16539793591042593
2013-04-24,1465,ewma,select,pca_only,8,20,log_euclidean,0.01,0.00015775302090422044,4577.222637740956,920.7842029652702,2600.048653692726,1300.0243268463662,839.0013359325867,2.4676524224342005e-05,2.4675205125027803e-05,6.66953092954242e-07,3.0264111566731615,0.1860377135566951,0.17527524377433537
2013-04-24,1465,ledoit_wolf,select,pca_only,8,20,log_euclidean,0.01,6.161453756779647e-05,7486.175279896021,584.0723585897891,350.94721683795564,175.47360841897756,-266.8534224754919,1.9403535226166065e-05,1.9402216126851863e-05,8.85331386011794e-06,2.1982105991722256,0.1098775141050758,0.08124360473111393
2013-04-24,1465,oas,select,pca_only,8,20,log_euclidean,0.01,6.497365257018049e-05,7194.353760433998,586.1623049432999,382.6111727714175,191.30558638570875,-251.47609203874345,2.0093657813527024e-05,2.0092338714212822e-05,6.932470993734455e-06,2.346986245285113,0.12298336621156716,0.09592715856827534
2013-04-24,1465,shrink,select,pca_only,8,20,log_euclidean,0.01,6.416284325600508e-05,7081.643900662646,574.2216050597726,356.45284141808673,178.22642070904297,-265.10709209412846,2.355048154988791e-06,2.353729055674591e-06,1.9976753548459103e-06,1.4409371543327036,0.6843567840467735,0.4819971880539684
2013-04-24,1465,persistence,select,pca_only,8,20,log_euclidean,0.01,0.00017850043148473767,3544.6433905506037,1008.6499623683726,4174.694445189884,2087.347222594947,1614.7928874814893,2.7453125632494675e-05,2.7451806533180474e-05,3.184021531826504e-07,2.37820693635887,0.08170064763089585,0.08144792321049549
2013-05-01,1470,similarity,select,pca_only,8,20,log_euclidean,0.01,5.52495268917717e-05,1918.0361272895273,5995.512859602724,41828.532994197354,20914.26649709868,20120.938769422664,3.860177119114494e-05,3.8600828936050616e-05,4.865077095636518e-08,2.585889448886714,0.13985931430094167,0.1254469876626586
2013-05-01,1470,rolling,select,pca_only,8,20,log_euclidean,0.01,7.213464596690537e-05,4676.736039792028,770.6584863401081,2585.2664676873196,1292.6332338436605,829.7958484278012,2.9454694081233378e-05,2.9453751826139055e-05,4.942492987301688e-07,3.0449115322081712,0.1710472747194412,0.1673657753364422
2013-05-01,1470,ewma,select,pca_only,8,20,log_euclidean,0.01,0.00011694527529477489,4483.226044562065,794.5626082709646,2167.5756086882534,1083.7878043441224,623.4437391278313,2.5983382319476508e-05,2.5982440064382185e-05,6.681470082645225e-07,3.042329453553096,0.18851273357534362,0.1748790931061032
2013-05-01,1470,ledoit_wolf,select,pca_only,8,20,log_euclidean,0.01,5.344574666980707e-05,7318.4629974447,642.5280672407324,343.16585700493295,171.5829285024668,-276.32359616715195,2.4088678077804874e-05,2.408773582271055e-05,8.064692507016787e-06,2.338254706819506,0.11874554955179024,0.09010910623477252
2013-05-01,1470,oas,select,pca_only,8,20,log_euclidean,0.01,5.603865278068006e-05,7130.264942154404,645.6396689331625,360.56290866679444,180.28145433339722,-267.84113965317897,2.4814513540325163e-05,2.481357128523084e-05,6.834840166824897e-06,2.44727870546358,0.12701563886216413,0.0999179822578325
2013-05-01,1470,shrink,select,pca_only,8,20,log_euclidean,0.01,5.2054081818206385e-05,7107.297785202351,625.2826116470687,339.0946885849057,169.54734429245298,-277.8084694805109,3.827887599745691e-06,3.826945344651368e-06,2.0026778343773495e-06,1.4284389111250917,0.692440403962171,0.493727018846508
2013-05-01,1470,persistence,select,pca_only,8,20,log_euclidean,0.01,0.0001898667297478737,3360.588153346543,1014.0628131163647,3149.213109579835,1574.6065547899157,1116.2667691562244,3.879938898118924e-05,3.8798446726094915e-05,3.304331655240411e-07,2.3102002792325256,0.08001336831358198,0.07974055285840341
2013-05-08,1475,similarity,select,pca_only,8,20,log_euclidean,0.01,5.849450226582585e-05,2005.8376123334926,5198.180051287119,35625.752187911145,17812.87609395558,17022.180130111126,3.5986036705450546e-05,3.5984723051114085e-05,3.524622223271105e-08,2.2151302626603053,0.09141346816619088,0.08164859377194263
2013-05-08,1475,rolling,select,pca_only,8,20,log_euclidean,0.01,6.142070364243337e-05,4639.2891294958645,695.2019981758658,2368.5359857590124,1184.2679928795014,704.4343472688967,3.514413764683665e-05,3.514282399250019e-05,4.5708082541806803e-07,3.132410572439898,0.16038535544172555,0.15635818326308154
2013-05-08,1475,ewma,select,pca_only,8,20,log_euclidean,0.01,9.712594317319195e-05,4443.609212528876,736.4103113097201,2010.075044432137,1005.0375222160723,529.693171613148,3.262565711107279e-05,3.262434345673633e-05,5.739709311426938e-07,2.9687551413804174,0.1640950598430767,0.1521542469672265
2013-05-08,1475,ledoit_wolf,select,pca_only,8,20,log_euclidean,0.01,5.0411291038858434e-05,7481.863235541687,794.3516551851477,324.268683666006,162.13434183300294,-286.13458464547614,2.901002987509778e-05,2.900871622076132e-05,8.194202754984951e-06,2.143256436077344,0.09945151908129257,0.07167200672295528
2013-05-08,1475,oas,select,pca_only,8,20,log_euclidean,0.01,5.159142748010817e-05,7248.81443351612,748.7604348564884,336.83000717639305,168.41500358819656,-280.2491223717579,2.9315648144266366e-05,2.9314334489929906e-05,6.834230787906827e-06,2.2862736958573597,0.1098786849225947,0.08276946013239471
2013-05-08,1475,shrink,select,pca_only,8,20,log_euclidean,0.01,5.1159726082184065e-05,7085.615118002413,719.2764805898547,326.10354071414844,163.0517703570746,-285.9468150116804,3.428612652473711e-06,3.427298998137249e-06,1.995452109732242e-06,1.4228967755611237,0.6995467497919948,0.49998861426195446
2013-05-08,1475,persistence,select,pca_only,8,20,log_euclidean,0.01,0.00017951354890971045,3293.2262466874286,869.1958540329906,3048.068312109055,1524.0341560545457,1037.434730748207,3.996616802391043e-05,3.996485436957397e-05,3.344388982093138e-07,2.2852181535336893,0.08190577437632493,0.08160302393464534
2013-05-15,1480,similarity,select,pca_only,8,20,log_euclidean,0.01,7.809089988096135e-05,1915.7782474265198,4239.673785727707,43976.327030543514,21988.163515271754,21096.14022976898,4.477068351121173e-05,4.476884815248984e-05,4.753024328741024e-08,2.6259035144511307,0.1518213473409131,0.13222898537757352
2013-05-15,1480,rolling,select,pca_only,8,20,log_euclidean,0.01,5.616570987526325e-05,4666.150193960296,648.0310677168775,2339.2802824797755,1169.6401412398889,702.4582562291489,3.1185380836037064e-05,3.1183545477315175e-05,4.287425714254326e-07,3.0075822883944596,0.1478930623034024,0.14447540594327124
2013-05-15,1480,ewma,select,pca_only,8,20,log_euclidean,0.01,6.56183261857467e-05,4471.514167745921,620.9960248889331,2136.090354166304,1068.0451770831578,603.9357059552419,2.5490364095291685e-05,2.54885287365698e-05,5.067428809754805e-07,2.884013883176984,0.15677181255841022,0.14696744893569377
2013-05-15,1480,ledoit_wolf,select,pca_only,8,20,log_euclidean,0.01,5.599647665889238e-05,7501.399446054128,902.377914050442,320.3505954969281,160.17529774846412,-285.1615294964892,3.0796532766822156e-05,3.079469740810027e-05,7.916568930785888e-06,2.1392089870970317,0.09634122295045124,0.07161568015208794
2013-05-15,1480,oas,select,pca_only,8,20,log_euclidean,0.01,5.478236143741584e-05,7290.6575145902,830.5297673170207,331.8188800838635,165.90944004193227,-279.69999823817835,3.0213383857345226e-05,3.021154849862334e-05,6.662194954409397e-06,2.2651438528146857,0.10467795012051688,0.0809343980683272
2013-05-15,1480,shrink,select,pca_only,8,20,log_euclidean,0.01,5.692465548279568e-05,7117.046782991294,805.1673331870901,320.61286381425725,160.30643190712914,-285.80071461649743,3.7277931675766613e-06,3.7259578088547763e-06,1.960909853508442e-06,1.4315277781245948,0.6757509854675199,0.46962716501630886
2013-05-15,1480,persistence,select,pca_only,8,20,log_euclidean,0.01,0.00011067353084252493,3399.061461431569,1057.0031423985545,4193.424362571607,2096.7121812858204,1616.363212792695,5.036135001577065e-05,5.035951465704876e-05,1.5685902059260567e-07,1.8109799924598442,0.049145594043781396,0.048990560382548405
2013-05-22,1485,similarity,select,pca_only,8,20,log_euclidean,0.01,9.973250876545828e-05,1928.1085052056421,2687.7939776881108,23845.304207363562,11922.652103681785,11422.868245594922,6.113112463714198e-05,6.11287931884752e-05,5.279366227750045e-08,2.3004187827046274,0.09678299296949391,0.08977553711100997
2013-05-22,1485,rolling,select,pca_only,8,20,log_euclidean,0.01,7.767888154206834e-05,4736.6985039300735,821.1511925327886,2123.4316758321283,1061.7158379160653,607.053808363064,5.180105090450754e-05,5.179871945584077e-05,4.807149863824693e-07,2.959187746424685,0.15910680008470532,0.1548973294173218
2013-05-22,1485,ewma,select,pca_only,8,20,log_euclidean,0.01,9.532458962608119e-05,4549.125132958067,927.7940958711984,2115.808513765582,1057.9042568827863,604.8531957755512,4.7350138995352146e-05,4.734780754668538e-05,4.994999734517316e-07,2.9260732135833027,0.1639533729361533,0.1546781518206211
2013-05-22,1485,ledoit_wolf,select,pca_only,8,20,log_euclidean,0.01,9.1171203560903e-05,7542.695571845585,1279.0291915898163,310.93830766239535,155.4691538311975,-288.6553678761217,4.981040408793715e-05,4.980807263927038e-05,8.284860579379252e-06,2.1416728934399702,0.09979745893338876,0.072609699253294
2013-05-22,1485,oas,select,pca_only,8,20,log_euclidean,0.01,8.758114136594053e-05,7364.163539128354,1182.7302986903487,318.7964523244206,159.39822616220982,-284.8520391635158,4.920879985733323e-05,4.9206468408666464e-05,7.192329263972366e-06,2.2400693542286,0.10763353446920332,0.08091191767832069
2013-05-22,1485,shrink,select,pca_only,8,20,log_euclidean,0.01,9.368570309089309e-05,7182.688437407668,1155.699697596359,310.84984415599223,155.42492207799629,-289.25638710249564,6.244812670871498e-06,6.242481222204728e-06,2.0929277796153203e-06,1.4007008864851107,0.6921075662408787,0.4899184661405962
2013-05-22,1485,persistence,select,pca_only,8,20,log_euclidean,0.01,0.00013075360554159506,3506.2844399367877,1266.8741828327845,4615.7271406793525,2307.8635703396785,1853.5620236146265,7.266688049217532e-05,7.266454904350854e-05,1.745471875832266e-07,2.0037807815781834,0.06163762298965072,0.06139026811839709
2013-05-30,1490,similarity,select,pca_only,8,20,log_euclidean,0.01,0.00018576334350084894,1835.6125020589132,2285.8646833372427,40101.64267080892,20050.821335404464,18969.159884816137,6.465702835124018e-05,6.465432792092462e-05,3.510358099203073e-08,2.4820858301038387,0.1264387173618832,0.114868726102891
2013-05-30,1490,rolling,select,pca_only,8,20,log_euclidean,0.01,0.0001008279740834127,4831.072996978769,952.8092377937891,2017.4206577808827,1008.7103288904384,536.676040795075,5.412250499575467e-05,5.411980456543911e-05,5.498805499587732e-07,3.173526784977053,0.1753084274368537,0.16997897815004925
2013-05-30,1490,ewma,select,pca_only,8,20,log_euclidean,0.01,0.00013091846659198236,4625.28003974726,1182.6802920592427,2166.082261217906,1083.041130608949,607.5968021979106,5.363187268442741e-05,5.362917225411185e-05,4.904523782882458e-07,3.047202277676535,0.16763974803966908,0.15628606917035245
2013-05-30,1490,ledoit_wolf,select,pca_only,8,20,log_euclidean,0.01,0.00012374402458881803,7587.509382400465,1442.2093870341623,304.89246093196823,152.44623046598358,-291.5487409902785,4.9965798524812246e-05,4.996309809449669e-05,9.038003865147669e-06,2.1740402881991723,0.10651415301450314,0.07621350720988736
2013-05-30,1490,oas,select,pca_only,8,20,log_euclidean,0.01,0.00011909555095689228,7435.17887864104,1352.391127174405,310.5823795318198,155.29118976591005,-288.95136707843363,4.9164779848619606e-05,4.916207941830405e-05,8.038035805020737e-06,2.270274786575572,0.11399548085826333,0.08392555144098955
2013-05-30,1490,shrink,select,pca_only,8,20,log_euclidean,0.01,0.00012711138804634404,7242.8434313391235,1323.8025554224419,302.84726799299415,151.42363399649707,-293.6986377179077,5.259445405342689e-06,5.256744975027129e-06,2.254038112492771e-06,1.4004376907154796,0.7180668718938921,0.524613839204358
2013-05-30,1490,persistence,select,pca_only,8,20,log_euclidean,0.01,0.00016951413363022855,3455.639096438587,1566.2646273584255,5113.637452703912,2556.818726351966,2045.2288866972067,8.217069170177573e-05,8.216799127146017e-05,1.2944009148443928e-07,1.7435196691790438,0.0669368477405433,0.051179391798075624
2013-06-06,1495,similarity,select,pca_only,8,20,log_euclidean,0.01,0.0018374516321185874,1894.7472006769804,5166.307036211398,59772.52752603514,29886.26376301756,28079.15953739812,5.3972187717952034e-05,5.3963282007207196e-05,6.028964768491408e-08,2.2562766270668773,0.09313357157966903,0.08730296565203063
2013-06-06,1495,rolling,select,pca_only,8,20,log_euclidean,0.01,0.001782918748000119,4868.15832289714,1332.2816035424992,6317.207772600031,3158.603886300037,2597.4606248104524,0.00016639493481373257,0.00016638602910298774,7.073807379829974e-07,3.5097329833366833,0.22225086330860527,0.21459510574209573
2013-06-06,1495,ewma,select,pca_only,8,20,log_euclidean,0.01,0.0018005459985020963,4646.487546995737,1436.1103361962005,6835.241468984892,3417.620734492463,2842.904860332573,0.00017638158039925847,0.00017637267468851363,6.064728469599407e-07,3.4267413071889345,0.21848315060920642,0.2067898559413459
2013-06-06,1495,ledoit_wolf,select,pca_only,8,20,log_euclidean,0.01,0.0018015868468111097,7541.949439836248,1334.2057192723935,500.0517651001388,250.02588255006924,-165.72706427480145,0.00010299250377396709,0.00010298359806322225,9.972865986237901e-06,2.3481852755806885,0.12753434224216018,0.08609560253864992
2013-06-06,1495,oas,select,pca_only,8,20,log_euclidean,0.01,0.0017983295411060788,7414.966068694144,1317.2811664899154,537.8306301607003,268.9153150803496,-147.96589739211615,0.00010823484086572107,0.00010822593515497623,9.102943716955532e-06,2.4278931407350264,0.13596438448812645,0.09412721246981078
2013-06-06,1495,shrink,select,pca_only,8,20,log_euclidean,0.01,0.0018030967483815457,7286.026627588546,1328.439034557737,541.5777878951371,270.78889394756857,-148.2605619877529,5.070901174545388e-06,5.0619954638005505e-06,2.404543520677487e-06,1.404022924568996,0.7550037833993191,0.5774831627282848
2013-06-06,1495,persistence,select,pca_only,8,20,log_euclidean,0.01,0.0018260457147874103,3419.115063425665,1703.6687810063377,14385.19697944315,7192.598489721617,6445.743273652774,9.107479513285556e-05,9.106588942211072e-05,1.7371252236934594e-07,2.0410256599341254,0.07656597446953062,0.06773453281910845
2013-06-13,1500,similarity,select,pca_only,8,20,log_euclidean,0.01,0.0018401697509183557,1988.7034945073215,5658.611587983827,108047.17280185438,54023.58640092719,50754.66707959172,8.674761194355829e-05,8.673753355787938e-05,4.691763978476313e-08,2.6302762664036767,0.13130005495824326,0.11921524011744333
2013-06-13,1500,rolling,select,pca_only,8,20,log_euclidean,0.01,0.001763025551407564,4854.671621463502,1453.766797704243,6343.115618210438,3171.557809105219,2586.9024888870604,0.0001189295983435711,0.00011891951995789219,6.762877809099904e-07,3.41745967561491,0.20959317610475164,0.20277083062630888
2013-06-13,1500,ewma,select,pca_only,8,20,log_euclidean,0.01,0.0017770493192222495,4628.111381267945,1541.200346460325,7097.406994941223,3548.7034974706057,2941.751352478276,0.00011001039272055283,0.00011000031433487392,5.718885304540397e-07,3.3519049696355814,0.20537254360701043,0.19514606944352375
2013-06-13,1500,ledoit_wolf,select,pca_only,8,20,log_euclidean,0.01,0.0017669979971841278,7432.019919914049,1302.4312850103488,533.0949874139195,266.54749370695936,-151.88191842019916,8.098653613773169e-05,8.097645775205278e-05,9.217190562262647e-06,2.413394444169461,0.1319187433743794,0.0942109455215195
2013-06-13,1500,oas,select,pca_only,8,20,log_euclidean,0.01,0.0017660568723394548,7337.719417130158,1304.951029449088,565.3346410529705,282.667320526485,-136.836344300171,8.271559445510112e-05,8.270551606942221e-05,8.550343906523892e-06,2.4758460146569212,0.13744287981239314,0.09989358771771012
2013-06-13,1500,shrink,select,pca_only,8,20,log_euclidean,0.01,0.0017677965541301336,7280.0525184871585,1311.9101776268615,536.758374633975,268.3791873169869,-151.86987208566038,3.625274298748159e-06,3.6151959130692505e-06,2.465154571160418e-06,1.3750987921477997,0.7635322825142214,0.5898081275089929
2013-06-13,1500,persistence,select,pca_only,8,20,log_euclidean,0.01,0.0017893862325611479,3388.4820932812736,1784.547874614075,14591.572027630858,7295.786013815437,6505.069011915586,0.00010589885036061728,0.00010588877197493837,2.4466408943124145e-07,2.2610679714433335,0.08966496474478712,0.08932174791545913
2013-06-20,1505,similarity,select,pca_only,8,20,log_euclidean,0.01,0.0017882116040886882,2029.8826898173525,7659.425445846724,139822.96472457002,69911.48236228497,65983.08123085255,3.1804567048370135e-05,3.179818282487231e-05,2.774626422304069e-08,2.5238482043732904,0.1149033778688961,0.11040113147965121
2013-06-20,1505,rolling,select,pca_only,8,20,log_euclidean,0.01,0.0017883145725527561,4788.168667757442,2076.6289075359027,6684.486427801361,3342.243213900666,2755.695600655409,6.0317021105216836e-05,6.031063688171901e-05,6.706602793264948e-07,3.505664753090301,0.21236654118798723,0.20613971658040747
2013-06-20,1505,ewma,select,pca_only,8,20,log_euclidean,0.01,0.0017847626102443016,4562.6496153197395,2234.4695875742827,7045.872102403281,3522.9360512016474,2925.460070865537,4.4467154612833326e-05,4.44607703893355e-05,5.62979807244905e-07,3.478160905031849,0.21182105877756374,0.20359914050482564
2013-06-20,1505,ledoit_wolf,select,pca_only,8,20,log_euclidean,0.01,0.001765061545257204,7279.690217343733,1635.0601424840245,600.5346833849443,300.2673416924714,-121.27829646677085,5.359456884501583e-05,5.358818462151801e-05,8.625503040805482e-06,2.5873018178400558,0.1444181532766052,0.1070797928695218
2013-06-20,1505,oas,select,pca_only,8,20,log_euclidean,0.01,0.0017665785882863521,7203.922770883502,1662.161419375965,632.7514141197171,316.3757070598589,-106.16093018482961,5.4160015397924434e-05,5.415363117442661e-05,8.080413011783946e-06,2.6344841583981893,0.14872223875184332,0.11187879641640962
2013-06-20,1505,shrink,select,pca_only,8,20,log_euclidean,0.01,0.0017556291053699839,7270.29683811237,1595.4776319146213,544.8026244173354,272.40131220866795,-148.9664044942564,1.882671745228822e-06,1.8762875217309997e-06,2.447348230055905e-06,1.3800573202000506,0.7744990746778847,0.6062335678371524
2013-06-20,1505,persistence,select,pca_only,8,20,log_euclidean,0.01,0.0018443688504402706,3371.6448678032507,2898.375574805205,14294.175821731656,7147.0879108658155,6368.356579469227,4.646400574586659e-05,4.645762152236877e-05,3.3127923786214314e-07,2.6896291734422904,0.11562327542426964,0.1152142325641964
2013-06-27,1510,similarity,select,pca_only,8,20,log_euclidean,0.01,0.0018843665250947636,2179.652327813571,8348.594299845812,123012.13113031624,61506.06556515811,58842.872089913384,8.423176082187864e-05,8.422620696106512e-05,3.2646129491580684e-08,2.296280916626005,0.0911038416923093,0.08527754609420679
2013-06-27,1510,rolling,select,pca_only,8,20,log_euclidean,0.01,0.001895926177607608,4764.4228444648315,2413.370576351644,7547.831587687554,3773.9157938437734,3195.7808472166344,8.14381309242849e-05,8.143257706347138e-05,6.928623130269909e-07,3.6076050499443126,0.22397772495780197,0.21821078903019764
2013-06-27,1510,ewma,select,pca_only,8,20,log_euclidean,0.01,0.0019497349440810053,4537.052172977014,2980.559147314991,7476.252427215182,3738.1262136075884,3163.422419170114,5.611535661163302e-05,5.610980275081949e-05,6.525829853017512e-07,3.586088190031985,0.22160667219389435,0.21254389114674452
2013-06-27,1510,ledoit_wolf,select,pca_only,8,20,log_euclidean,0.01,0.0018686388187861107,7279.6098781463315,1869.0253368888402,678.1578093843252,339.0789046921628,-74.00436599535612,7.542814316753513e-05,7.542258930672161e-05,9.353806924182644e-06,2.705114296618726,0.15879099574212,0.11990234290600732
2013-06-27,1510,oas,select,pca_only,8,20,log_euclidean,0.01,0.001870452253347839,7206.414213953604,1903.6033562555406,714.6676597681535,357.33382988407635,-56.70649726661274,7.686442527630216e-05,7.685887141548864e-05,8.768313365483247e-06,2.7637149974637,0.16310407378249717,0.1251870031289758
2013-06-27,1510,shrink,select,pca_only,8,20,log_euclidean,0.01,0.0018556238577639166,7250.579928157307,1803.7787813540372,596.9833618694227,298.4916809347123,-114.61710628821393,2.396804828848703e-06,2.3912509680351784e-06,2.4401294091166813e-06,1.391107353866009,0.7883533749270264,0.6277326453065154
2013-06-27,1510,persistence,select,pca_only,8,20,log_euclidean,0.01,0.0020155974211618845,3539.3018900306456,3575.2465790949304,17705.97957471856,8852.989787359267,8087.855026262048,7.222821842060605e-05,7.222266455979253e-05,3.6921318980200275e-07,2.775872055612015,0.12429516950420123,0.12380657621763119
2013-07-05,1515,similarity,select,pca_only,8,20,log_euclidean,0.01,0.00014397222317197046,2037.9983694147973,7195.540443649147,85588.67803968114,42794.33901984056,42162.81916706312,3.5984229849752105e-05,3.598244274773416e-05,3.973490699154064e-08,2.788572130010677,0.1415127902682809,0.12630833248444107
2013-07-05,1515,rolling,select,pca_only,8,20,log_euclidean,0.01,0.00023256747008636858,4791.635045987989,1085.2271216304073,3444.1093035973454,1722.0546517986857,1259.5308249939021,3.2573416219948225e-05,3.257162911793028e-05,7.257910302256345e-07,3.438714005741901,0.2035845583082385,0.19784128047058364
2013-07-05,1515,ewma,select,pca_only,8,20,log_euclidean,0.01,0.0007858125176695475,4593.175122989238,1527.1169994555994,2554.124022232694,1277.0620111163666,815.8750697446477,3.19343746569599e-05,3.1932587554941954e-05,9.844368867832584e-07,3.3338548491402844,0.1968232019053205,0.1863335476893831
2013-07-05,1515,ledoit_wolf,select,pca_only,8,20,log_euclidean,0.01,0.00014871461896239838,8267.8595464864,633.4777684265481,344.5960211213429,172.29801056067163,-260.2070720985206,1.3377025186076465e-05,1.3375238084058519e-05,1.5674054132524712e-05,1.8325725161850537,0.0915389882287841,0.05495400296538428
2013-07-05,1515,oas,select,pca_only,8,20,log_euclidean,0.01,0.00019008086247248972,7379.2440039682115,787.288986646477,421.79943781031295,210.8997189051566,-222.87028954251687,2.0147780621099535e-05,2.014599351908159e-05,9.26693029560873e-06,2.565885478574924,0.1460124123896271,0.11144343360346819
2013-07-05,1515,shrink,select,pca_only,8,20,log_euclidean,0.01,0.00017992254882325876,7401.5017686723,736.6192201308229,368.28140750597095,184.14070375298553,-249.6786646148304,1.2494257681612358e-06,1.24763866614329e-06,2.6799297589657206e-06,1.4119200095878925,0.7512805916682727,0.5730992033356739
2013-07-05,1515,persistence,select,pca_only,8,20,log_euclidean,0.01,0.0019936981100488072,3555.372424692565,1968.6929150586152,3558.0432626101406,1779.0216313051203,1338.1814956041178,2.2545025256968038e-05,2.2543238154950094e-05,7.718021197518523e-07,2.6937976724786594,0.11273330656644057,0.11161542301856792
2013-07-12,1520,similarity,select,pca_only,8,20,log_euclidean,0.01,0.00014131719555598456,1999.6432324220668,7200.73055220115,60372.83820564739,30186.419102823682,29492.56668305041,7.766439873234413e-05,7.766341516330078e-05,4.346443855833693e-08,2.4809358418838268,0.11581849396411575,0.10485572011434419
2013-07-12,1520,rolling,select,pca_only,8,20,log_euclidean,0.01,0.0004410875403157751,4752.4647422727685,1274.3443571384119,2825.851416472203,1412.925708236105,956.6593602274464,2.6666182490807935e-05,2.666519892176458e-05,1.1080474747012462e-06,3.516872972256163,0.2583308033862601,0.2458928577181327
2013-07-12,1520,ewma,select,pca_only,8,20,log_euclidean,0.01,0.0016173592328161067,4559.4783784840665,1727.837388199755,2084.9766859003885,1042.4883429502252,588.3499493326105,3.641460728496035e-05,3.641362371591699e-05,1.6672377643292272e-06,3.4972255162194035,0.26335386947770933,0.23663166121925172
2013-07-12,1520,ledoit_wolf,select,pca_only,8,20,log_euclidean,0.01,0.00022854875745753554,8292.308619164174,765.8048699933354,347.72693387412806,173.86346693706432,-261.8090546594534,1.2911453769492032e-05,1.2910470200448677e-05,1.7692685075546255e-05,1.9099942512963461,0.1043304268633404,0.061334363971587647
2013-07-12,1520,oas,select,pca_only,8,20,log_euclidean,0.01,0.0003563627230101447,7182.037243335297,1006.5114233085437,460.0538943533136,230.02694717665324,-207.11218158059629,1.904107196330628e-05,1.904008839426292e-05,9.115506653631318e-06,2.7053281598338477,0.17946533965699818,0.13207064843148109
2013-07-12,1520,shrink,select,pca_only,8,20,log_euclidean,0.01,0.00031034106680913955,7474.348858076636,866.1640070511021,369.83903352487164,184.91951676243627,-252.24019949954896,1.2314265235132617e-06,1.2304429544699058e-06,3.2216831774536466e-06,1.3876070770799767,0.7507725988268049,0.5720475050574023
2013-07-12,1520,persistence,select,pca_only,8,20,log_euclidean,0.01,0.001947877036507339,3527.00715277146,1949.1007574323448,3247.8735120030183,1623.9367560014944,1174.438467701373,3.0540822522069385e-05,3.053983895302603e-05,7.480307311283285e-07,2.6688848747611895,0.1115681319813177,0.11024616739537167
2013-07-19,1525,similarity,select,pca_only,8,20,log_euclidean,0.01,0.00014527832615663738,1975.0636213539397,6207.23888239323,91961.9867192146,45980.99335960732,44969.096402221534,7.648578402028833e-05,7.648467573088627e-05,4.075264766578184e-08,2.954209480085569,0.1790334541546669,0.1582621303934441
2013-07-19,1525,rolling,select,pca_only,8,20,log_euclidean,0.01,0.0004279511543869192,4765.656076831466,1134.51790019902,3053.585894864368,1526.7929474321518,1067.4107499313639,5.2385422840770265e-05,5.238431455136819e-05,9.772648771097635e-07,3.555088295297835,0.2377913247967194,0.22756364577856214
2013-07-19,1525,ewma,select,pca_only,8,20,log_euclidean,0.01,0.000928600604886421,4581.10835900866,1455.1543947499017,2585.9347049531434,1292.9673524765542,835.0818395542732,6.220173285907794e-05,6.220062456967588e-05,1.2507789793271252e-06,3.436154893888647,0.24716523780803787,0.2234599985892899
2013-07-19,1525,ledoit_wolf,select,pca_only,8,20,log_euclidean,0.01,0.00022299565325896326,8266.112541334987,808.5498401061591,348.5730530457004,174.28652652285075,-261.2284425179807,2.9382306354303705e-05,2.9381198064901637e-05,1.6615731290918594e-05,1.8455559752456507,0.0988656315636935,0.0573892241997518
2013-07-19,1525,oas,select,pca_only,8,20,log_euclidean,0.01,0.00034998818112303733,7102.653589687761,943.3115595414255,481.73290085159056,240.86645042579516,-196.4722879041646,4.130334386353605e-05,4.1302235574133976e-05,8.157695457106466e-06,2.7175550969453743,0.1733816951461139,0.13164182740868702
2013-07-19,1525,shrink,select,pca_only,8,20,log_euclidean,0.01,0.00030690954881795675,7417.218331682136,822.5890312492571,385.4367153724338,192.71835768621656,-244.58679804550744,2.839466384412323e-06,2.838358095010253e-06,3.053084450960877e-06,1.3897971477565818,0.742520340660413,0.5600538689791663
2013-07-19,1525,persistence,select,pca_only,8,20,log_euclidean,0.01,0.001892928963998336,3568.0317263148927,1993.761159235249,3341.5669740868134,1670.7834870434222,1229.450409246698,3.20610267690972e-05,3.205991847969513e-05,4.0458405754966995e-07,2.0314366939655977,0.06377270755306298,0.06287753804644543
2013-07-26,1530,similarity,select,pca_only,8,20,log_euclidean,0.01,6.34914155138336e-05,1979.514104578381,5429.321954168292,31966.289702359016,15983.144851179512,15407.992024077404,4.326923279631153e-05,4.3268117660336735e-05,5.3685660353843937e-08,2.3464256924269993,0.1044221575440811,0.09606490110500278
2013-07-26,1530,rolling,select,pca_only,8,20,log_euclidean,0.01,0.0003463528235663845,4653.323169862517,1052.0120152181364,1746.0144066776434,873.0072033388242,419.04405829908046,1.1069826286076697e-05,1.1068711150101909e-05,9.718868322582168e-07,3.4434286888544174,0.2192120459904002,0.2105249374099532
2013-07-26,1530,ewma,select,pca_only,8,20,log_euclidean,0.01,0.0005872406397818227,4491.959681386352,1381.1713574066719,1559.413715876779,779.706857938377,322.43741153084267,1.2982420099443697e-05,1.2981304963468908e-05,1.2249752311128444e-06,3.267298927047901,0.2298165324571404,0.2070327489123073
2013-07-26,1530,ledoit_wolf,select,pca_only,8,20,log_euclidean,0.01,0.0001372408255655838,8432.666781458369,973.9079578132996,332.1052342612824,166.05261713064058,-280.2065199807035,2.32126849400458e-05,2.321156980407101e-05,1.6918936191197976e-05,1.7589208781790586,0.08720095556507983,0.04968329906700459
2013-07-26,1530,oas,select,pca_only,8,20,log_euclidean,0.01,0.0002619992201014394,7263.1605707203025,942.3296033664684,362.18093843106897,181.0904692155322,-265.6485803036014,1.4544560528661259e-05,1.454344539268647e-05,8.898680991566787e-06,2.5270007440043964,0.1553311238019796,0.11562917532107982
2013-07-26,1530,shrink,select,pca_only,8,20,log_euclidean,0.01,0.00022678380566633818,7453.40167947942,877.7901485264692,326.66338249724566,163.33169124862246,-284.2942448033113,1.6078121188951656e-06,1.6066969829203768e-06,3.217824352844089e-06,1.3975246153030705,0.72542677919103,0.5355904170724048
2013-07-26,1530,persistence,select,pca_only,8,20,log_euclidean,0.01,0.0019028559919090455,3585.5645019956028,2341.9764446214135,2039.5213164647748,1019.7606582323646,567.8767116249563,3.165408795490403e-05,3.165297281892924e-05,3.3312725781969376e-07,1.6586030804915561,0.05411066839179311,0.044065295845206714
2013-08-02,1535,similarity,select,pca_only,8,20,log_euclidean,0.01,6.606003438418925e-05,1905.3389755921544,4835.304148246307,39640.7581907565,19820.37909537825,18902.680460292413,6.183177345928207e-05,6.183074248184404e-05,5.471449468309806e-08,2.7332401995895803,0.1501413332134141,0.1399471492853847
2013-08-02,1535,rolling,select,pca_only,8,20,log_euclidean,0.01,0.0003398891863564096,4643.781176059181,1087.435686292818,1549.299022294976,774.6495111474718,310.0579181167819,2.3215805991443265e-05,2.3214775014005234e-05,1.0022539570015912e-06,3.353284465988772,0.2168509983229941,0.20665610283119185
2013-08-02,1535,ewma,select,pca_only,8,20,log_euclidean,0.01,0.00037097214921342743,4471.727326847549,1310.909830107055,1484.5110990766896,742.2555495383427,275.0060215297285,2.4773864948835623e-05,2.4772833971397592e-05,1.0955779125233652e-06,3.1966470801778475,0.2159985072474139,0.19546779402561446
2013-08-02,1535,ledoit_wolf,select,pca_only,8,20,log_euclidean,0.01,0.0001362336920797741,8510.146004222623,1129.0572795611822,329.8536646202784,164.92683231013893,-283.43337398558714,3.0207520400595135e-05,3.0206489423157104e-05,1.7221633678728275e-05,1.7364221772081365,0.08381906277202048,0.048654928868548566
2013-08-02,1535,oas,select,pca_only,8,20,log_euclidean,0.01,0.00025388483427732855,7355.15216014285,1013.8733610059669,340.2203246911406,170.11016234556945,-279.0940583095257,2.3217491891104757e-05,2.3216460913666726e-05,9.282098697761334e-06,2.4319879791835,0.14678367865981412,0.10766398355199214
2013-08-02,1535,shrink,select,pca_only,8,20,log_euclidean,0.01,0.00022579569301745304,7459.777499015099,975.5039264584143,314.40799798253516,157.20399899126767,-292.27453623088576,1.9079507852213673e-06,1.9069198077833366e-06,3.28407014286943e-06,1.4225162544810401,0.7102027681376544,0.5152491650704
2013-08-02,1535,persistence,select,pca_only,8,20,log_euclidean,0.01,0.00017978076443201984,3387.7628302768953,1347.0115675765767,3920.3118955284267,1960.1559477642013,1491.8540417665013,4.625411750324372e-05,4.625308652580569e-05,1.6098393067087065e-07,1.7247131521917396,0.05979900481711153,0.0454027968972043
2013-08-09,1540,similarity,select,pca_only,8,20,log_euclidean,0.01,6.635044611419493e-05,1882.7568054872313,4434.272162742942,24326.343428766955,12163.17171438348,11384.19614550714,2.96991801843455e-05,2.9697887852858647e-05,7.335915476940057e-08,2.511546814896487,0.12186712358194894,0.10784283820163276
2013-08-09,1540,rolling,select,pca_only,8,20,log_euclidean,0.01,0.00033483866406377745,4606.0836349102565,1177.8332739751634,1632.5612493645192,816.2806246822853,346.92058163778495,1.4504659671837197e-05,1.4503367340350344e-05,1.0963874688528826e-06,3.575863958373727,0.24145544087368237,0.22812665297190635
2013-08-09,1540,ewma,select,pca_only,8,20,log_euclidean,0.01,0.00022864758562122432,4409.7771442560825,1320.2265509378726,1796.0147792236098,898.0073896118065,423.2923369451358,1.6366397911186103e-05,1.636510557969925e-05,1.029283615488639e-06,3.3802935282003603,0.24608742165780276,0.21727771566641652
2013-08-09,1540,ledoit_wolf,select,pca_only,8,20,log_euclidean,0.01,0.0001428194586380559,8477.755448524482,1342.2256064700518,324.24994592102803,162.12497296051367,-283.4051979385921,3.19421552524213e-05,3.1940862920934445e-05,1.7156566004531933e-05,1.731816084845061,0.08468068883716309,0.04753369928145472
2013-08-09,1540,oas,select,pca_only,8,20,log_euclidean,0.01,0.0002545297140310664,7295.650019376102,1155.3045990721444,340.37605931366977,170.18802965683568,-276.77931518819963,2.0056016202592015e-05,2.0054723871105162e-05,9.481637708336801e-06,2.56017846235178,0.15616853827942856,0.11054860786660035
2013-08-09,1540,shrink,select,pca_only,8,20,log_euclidean,0.01,0.00022886265335027035,7409.508981865198,1122.1646344007647,312.39794324163785,156.19897162081864,-290.685940523544,1.8589008244861325e-06,1.8576084929992796e-06,3.2368353786273065e-06,1.4431052831625875,0.7125024795051772,0.5188057591037571
2013-08-09,1540,persistence,select,pca_only,8,20,log_euclidean,0.01,0.0001839474616823557,3274.10140630788,1472.2470988969376,3945.417132484719,1972.7085662423715,1487.1916357348248,3.597406435711537e-05,3.597277202562852e-05,1.234142136160341e-07,1.5019365539103253,0.05240928853051922,0.036870955741150326
2013-08-16,1545,similarity,select,pca_only,8,20,log_euclidean,0.01,7.479713211294982e-05,1838.981428597,4803.5816913198305,46489.66516780663,23244.832583903317,22312.208581725863,3.272392648997291e-05,3.272291415111348e-05,3.851601490542074e-08,2.626179576627987,0.14012134074475166,0.12289418493505704
2013-08-16,1545,rolling,select,pca_only,8,20,log_euclidean,0.01,0.0003358648560008575,4584.069660872448,1147.5135098336732,1478.5089888969621,739.2544944484827,269.49787172436316,2.191138150313757e-05,2.1910369164278142e-05,9.199036259850523e-07,3.318792621126163,0.20254758966837302,0.19309724576050627
2013-08-16,1545,ewma,select,pca_only,8,20,log_euclidean,0.01,0.0001582051646587664,4389.6593337573695,1113.5185375322305,1824.258594794774,912.1292973973925,435.19435868000437,2.2496717085807345e-05,2.2495704746947917e-05,7.353636072301503e-07,3.2518890974740007,0.19803260811713938,0.18602426095528443
2013-08-16,1545,ledoit_wolf,select,pca_only,8,20,log_euclidean,0.01,0.00013676580776768497,8506.909694624333,1187.8446258969948,328.0117075796781,164.00585378983882,-284.20913704805645,2.3684081598550727e-05,2.3683069259691298e-05,1.6552467417673424e-05,1.7227011946186246,0.07978389028675595,0.04543851097798218
2013-08-16,1545,oas,select,pca_only,8,20,log_euclidean,0.01,0.00025329148459546965,7321.512054292267,1071.0095208345567,335.595931600688,167.79796580034355,-281.76050549470267,2.0727601231316374e-05,2.0726588892456945e-05,8.748251363128821e-06,2.531389022013466,0.1414845539574279,0.10644892933463042
2013-08-16,1545,shrink,select,pca_only,8,20,log_euclidean,0.01,0.00022753996148124682,7404.850110668276,1031.595345120722,311.92226590889135,155.9611329544456,-293.54688185384464,1.7953325464242935e-06,1.7943202075648662e-06,3.1296995682089025e-06,1.4851573214359264,0.6887351172501879,0.4871725792660186
2013-08-16,1545,persistence,select,pca_only,8,20,log_euclidean,0.01,0.00018501775796807255,3356.991637523646,1148.6825386034434,4139.336244557854,2069.668122278925,1596.6026982688034,5.202956909606258e-05,5.202855675720315e-05,1.4834182258208984e-07,1.6959022544833715,0.046208068796063005,0.044239554235130506
2013-08-23,1550,similarity,select,pca_only,8,20,log_euclidean,0.01,3.303907999927672e-05,1828.421523635617,4502.440656773966,17746.72930860978,8873.364654304893,8374.37788794329,2.501378278855214e-05,2.5012338837995738e-05,8.238568228694847e-08,2.506877541419777,0.12214616707280343,0.11107810181351213
2013-08-23,1550,rolling,select,pca_only,8,20,log_euclidean,0.01,0.00029105558143104727,4494.694991024543,1144.0781207203574,1158.368748320794,579.1843741604084,110.23458151262328,2.1991800694667792e-05,2.199035674411139e-05,9.672135584429568e-07,3.3069729233938463,0.20920421133386652,0.19964633974397214
2013-08-23,1550,ewma,select,pca_only,8,20,log_euclidean,0.01,0.00011218074887964311,4293.811770974642,998.6118981929421,1415.282705634659,707.6413528173184,233.75564851813687,2.379657025748478e-05,2.379512630692838e-05,7.782695815092263e-07,3.2398355284684355,0.20584459630150748,0.19145845523176033
2013-08-23,1550,ledoit_wolf,select,pca_only,8,20,log_euclidean,0.01,0.00010240307739997617,8547.945713637262,1301.2146598043307,330.4981329984179,165.2490664992089,-290.12596860713484,2.0134665769404783e-05,2.013322181884838e-05,1.6434121256264895e-05,1.6088537754768972,0.07513051248981488,0.04048309381007539
2013-08-23,1550,oas,select,pca_only,8,20,log_euclidean,0.01,0.00021049533039900256,7350.492067799307,1125.016211610548,317.22384010882695,158.61192005441424,-297.6082087589226,1.653896632440891e-05,1.6537522373852505e-05,9.29895285650263e-06,2.4366852405794965,0.14106439640660232,0.10232241996018936
2013-08-23,1550,shrink,select,pca_only,8,20,log_euclidean,0.01,0.00019057061291634204,7354.099421189281,1082.2953630320321,307.3158590383253,153.65792951916262,-302.7681796547551,1.950356628719198e-06,1.948912678162793e-06,3.1610541629595753e-06,1.4649716243609616,0.6833494229396793,0.4795629973324972
2013-08-23,1550,persistence,select,pca_only,8,20,log_euclidean,0.01,7.386367985894316e-05,3268.450238861503,963.4830703509269,4234.552097376253,2117.2760486881343,1630.5790482795594,3.211216285494802e-05,3.211071890439161e-05,1.5516421816741354e-07,1.9102195295804976,0.05958542769052436,0.059386562357748425
2013-08-30,1555,similarity,select,pca_only,8,20,log_euclidean,0.01,0.0006448517801004254,1900.888983287558,5484.3851496764155,88768.59018398885,44384.29509199444,43433.28996622434,3.3248001923555015e-05,3.3245473518362275e-05,4.984489749828468e-08,2.6541288746156164,0.13777256363706666,0.12184439515696874
2013-08-30,1555,rolling,select,pca_only,8,20,log_euclidean,0.01,0.000899839594474978,4607.8455574841655,1014.4365274344073,4165.916387261913,2082.9581936309596,1615.6555944211855,3.324910008195665e-05,3.324657167676391e-05,1.0245211846383614e-06,3.3006255450221618,0.22066006559314896,0.20719566036725823
2013-08-30,1555,ewma,select,pca_only,8,20,log_euclidean,0.01,0.0006874341771854145,4398.979311610087,772.6357152953076,5659.770513900154,2829.8852569500714,2341.8476407313856,4.520598428010229e-05,4.520345587490955e-05,7.37192583571987e-07,3.2078249718551506,0.2142554069558424,0.1961230407532146
2013-08-30,1555,ledoit_wolf,select,pca_only,8,20,log_euclidean,0.01,0.0006905786305014817,8583.797213183454,897.210311301624,364.27784995216365,182.13892497608177,-244.31030805066075,1.96412618406798e-05,1.9638733435487057e-05,1.6185848112497364e-05,1.5624789198523763,0.07337342386979483,0.03904279947354143
2013-08-30,1555,oas,select,pca_only,8,20,log_euclidean,0.01,0.0008125229369263119,7394.50521069426,886.8367834418932,518.114171779394,259.0570858896965,-169.55679576507242,2.081257575557493e-05,2.0810047350382186e-05,9.361624904941204e-06,2.3166863568994467,0.1407004348557874,0.09968485420185168
2013-08-30,1555,shrink,select,pca_only,8,20,log_euclidean,0.01,0.0007898945892160244,7379.326732337864,822.7988900140833,501.0998645125005,250.54993225625,-178.4619155625519,3.504078679391155e-06,3.501550274198411e-06,3.100054701723585e-06,1.4583639426043098,0.6673264433599992,0.4597460330810658
2013-08-30,1555,persistence,select,pca_only,8,20,log_euclidean,0.01,0.0006742496434258355,3277.834899776575,976.69366511781,11666.075103037218,5833.03755151861,5351.949299238363,2.7287929864710958e-05,2.7285401459518214e-05,1.50738593612217e-07,2.03013132578926,0.05895641197054854,0.058752287279091195
2013-09-09,1560,similarity,select,pca_only,8,20,log_euclidean,0.01,0.0006341233064365045,1975.8491354121277,4949.956120846264,79565.24329935893,39782.621649679466,38673.69530088257,3.143284761078097e-05,3.142850808103133e-05,4.893286258615829e-08,2.4909382098236788,0.12131666409322078,0.10602613129017643
2013-09-09,1560,rolling,select,pca_only,8,20,log_euclidean,0.01,0.0008798662890346385,4589.626471356033,1261.6974083187886,4560.6446719610385,2280.3223359805233,1800.1297374961791,2.530047370136605e-05,2.5296134171616413e-05,7.402399041025679e-07,3.0891598153097766,0.16823330266005684,0.1586392635859337
2013-09-09,1560,ewma,select,pca_only,8,20,log_euclidean,0.01,0.0006492810554723179,4367.0240745318915,838.6750577030267,6541.044931223519,3270.5224656117557,2757.263090226436,2.3510311731324927e-05,2.350597220157529e-05,4.850115403889529e-07,3.0334064765140716,0.16398194651567624,0.15121145262973806
2013-09-09,1560,ledoit_wolf,select,pca_only,8,20,log_euclidean,0.01,0.0006762726499253922,8558.838821024394,1182.0150156347459,365.6828054273566,182.84140271367852,-243.93933281893615,2.4912537496746907e-05,2.490819796699727e-05,1.1538315366208823e-05,1.3475396066143488,0.05262571654992312,0.028975840031824556
2013-09-09,1560,oas,select,pca_only,8,20,log_euclidean,0.01,0.0007994142024823203,7312.105399398402,1165.9176342673284,546.9896791532644,273.49483957663267,-156.31206543558025,2.088072517060252e-05,2.087638564085288e-05,6.5236106384635984e-06,2.051381619170283,0.10646062501274382,0.07413741483902005
2013-09-09,1560,shrink,select,pca_only,8,20,log_euclidean,0.01,0.0007774111758812138,7276.40746280372,1094.33546234656,533.164255737131,266.5821278685657,-163.47560897439578,4.409967529491326e-06,4.405627999741689e-06,2.554094244828498e-06,1.461461048515889,0.5800286979880925,0.3547638360254753
2013-09-09,1560,persistence,select,pca_only,8,20,log_euclidean,0.01,0.000664699454468511,3284.0911219662066,987.8691764207501,10287.861098182588,5143.930549091292,4606.715898108827,2.9296972914868395e-05,2.9292633385118757e-05,1.801285714389158e-07,2.124134775245192,0.06607782505420044,0.0658470727005455
2013-09-16,1565,similarity,select,pca_only,8,20,log_euclidean,0.01,0.0006636796569238243,1945.7699375043774,3763.291017519604,68094.56372113293,34047.28186056646,33369.45108404353,4.052989470663357e-05,4.0525927903334616e-05,4.929847303599206e-08,2.434012862956733,0.10695292367649509,0.10012794230512156
2013-09-16,1565,rolling,select,pca_only,8,20,log_euclidean,0.01,0.0007183964226692299,4569.463346456624,1318.310456806125,5110.942794092769,2555.471397046382,2092.5695362727693,3.125949210953402e-05,3.1255525306235066e-05,6.729627422141002e-07,3.204053471428597,0.18463359400433596,0.17138039289967824
2013-09-16,1565,ewma,select,pca_only,8,20,log_euclidean,0.01,0.0006478275362273313,4338.362573987547,957.3539677328488,6881.3611946791425,3440.6805973395712,2964.74218528026,3.961302228142168e-05,3.9609055478122726e-05,4.7514598536661334e-07,3.1242063027345024,0.17930136063071708,0.16037358525262846
2013-09-16,1565,ledoit_wolf,select,pca_only,8,20,log_euclidean,0.01,0.0006769671703047234,8688.77349144618,1917.2379015638671,352.7010481694035,176.3505240847019,-244.44375821123185,4.597464678528689e-05,4.597067998198794e-05,9.268061543402505e-06,1.1333871703533493,0.034531998760581946,0.01829510566064449
2013-09-16,1565,oas,select,pca_only,8,20,log_euclidean,0.01,0.0006894402069397518,7525.391524787676,1460.949618680466,469.05474298042407,234.52737149021195,-187.7179329582553,2.9785283847154972e-05,2.9781317043856024e-05,7.526974899253982e-06,1.9168211878214538,0.092915916437079,0.0602489493126218
2013-09-16,1565,shrink,select,pca_only,8,20,log_euclidean,0.01,0.0006974204307152571,7112.217181418522,1392.0051271264667,540.4613653415805,270.23068267079,-153.46310736027883,3.5321497698191694e-06,3.528182966520221e-06,2.2753445377179453e-06,1.4162875514153515,0.6237792388398732,0.4030592716711557
2013-09-16,1565,persistence,select,pca_only,8,20,log_euclidean,0.01,0.0006765167446982916,3276.986874393272,999.9135236286189,12182.559281242478,6091.279640621237,5588.08069818312,4.6914496218438876e-05,4.6910529415139924e-05,1.3924214494893097e-07,1.907376485675562,0.06760692296199818,0.05395681180584576
2013-09-23,1570,similarity,select,pca_only,8,20,log_euclidean,0.01,0.0006870050241098053,1992.8907098673214,4061.804216930867,72968.41781139505,36484.20890569752,35563.50043375846,8.138946612969898e-05,8.138642291222664e-05,5.693124714991371e-08,2.491445655818259,0.11965235303898243,0.11183976167980161
2013-09-23,1570,rolling,select,pca_only,8,20,log_euclidean,0.01,0.0006865695265583525,4646.989309800071,961.2980765753028,7351.50562578739,3675.7528128936956,3204.6873732241324,3.62899324485837e-05,3.6286889231111364e-05,5.229332736324413e-07,3.1440804259021955,0.18681028434054012,0.17457086271471728
2013-09-23,1570,ewma,select,pca_only,8,20,log_euclidean,0.01,0.0006766586887051703,4420.122618726825,932.3643982452296,8348.643129036045,4174.32156451803,3696.644317080988,4.653934759247707e-05,4.653630437500473e-05,4.432886762141302e-07,3.070145751650777,0.18514218274318378,0.16950207558423305
2013-09-23,1570,ledoit_wolf,select,pca_only,8,20,log_euclidean,0.01,0.0006897111179579917,7972.512669477457,1512.8779567709066,396.6353932819817,198.31769664099068,-221.2458825782036,3.420308631534136e-05,3.420004309786902e-05,8.873309996898763e-06,1.4783914746643365,0.061594030867000514,0.03559921440521322
2013-09-23,1570,oas,select,pca_only,8,20,log_euclidean,0.01,0.0006845536347267328,7458.2770591241,1248.9134918357236,488.11886467205136,244.05943233602557,-176.35252736143926,2.9006746853599232e-05,2.900370363612689e-05,7.246998295432007e-06,1.8184485435883362,0.0896792154064049,0.05851194026126561
2013-09-23,1570,shrink,select,pca_only,8,20,log_euclidean,0.01,0.0006906838404641278,6858.0209281419575,1110.8085281990125,624.6384926830767,312.3192463415382,-110.33183792005964,3.3165546434239134e-06,3.313511425951571e-06,1.8373267796398197e-06,1.4222427956550172,0.6557500078427848,0.4425391265669625
2013-09-23,1570,persistence,select,pca_only,8,20,log_euclidean,0.01,0.0006756381979986183,3329.8860040920945,1003.5993787008531,15136.811353222882,7568.405676611439,7044.011125701912,8.183811550313353e-05,8.183507228566119e-05,1.6136331546946808e-07,2.1578799257431207,0.07351349464115964,0.07319208883629208
2013-09-30,1575,similarity,select,pca_only,8,20,log_euclidean,0.01,8.265692963310841e-05,1913.3388726472363,4494.720541167613,30412.122933246897,15206.061466623458,14549.600673396058,3.7376337279301814e-05,3.7375078762686674e-05,5.096223570669033e-08,2.3462305830201644,0.0960066613233689,0.08929754802189993
2013-09-30,1575,rolling,select,pca_only,8,20,log_euclidean,0.01,0.00017644728130877796,4775.186510146172,854.9101956450486,2441.2028487460884,1220.601424373046,773.5875550978301,3.1527525199181005e-05,3.1526266682565865e-05,6.573381989684174e-07,2.9182433561729524,0.17304116278807888,0.1612551335491055
2013-09-30,1575,ewma,select,pca_only,8,20,log_euclidean,0.01,0.0009893799189368841,4569.451223084828,917.8112678473979,1836.4468820120176,918.2234410060081,473.22920776324634,2.9762805954174253e-05,2.9761547437559112e-05,8.293340544244447e-07,2.7209363898038204,0.1569866761672551,0.1384110470387561
2013-09-30,1575,ledoit_wolf,select,pca_only,8,20,log_euclidean,0.01,0.00011075577167147241,8814.703418972622,1620.7032917754673,331.91346627651205,165.95673313825623,-273.2153110555807,4.666084523086239e-05,4.665958671424725e-05,8.990894397748065e-06,1.0799859374265497,0.030407873549648173,0.015918571389841714
2013-09-30,1575,oas,select,pca_only,8,20,log_euclidean,0.01,0.00013841906114819784,7533.791921890583,1038.945739993825,346.0591931350886,173.0295965675442,-266.31647189817306,2.541703994026919e-05,2.541578142365405e-05,7.3823005337732705e-06,1.8992957987882049,0.09493140722578972,0.06417893413133086
2013-09-30,1575,shrink,select,pca_only,8,20,log_euclidean,0.01,0.00017782559375694243,6938.612685707952,959.8880403067388,404.5708893049661,202.28544465248305,-237.67268405657632,4.894480052623503e-06,4.893221536008363e-06,2.1920163200225284e-06,1.5234057742057148,0.5765533130482717,0.3532022938189659
2013-09-30,1575,persistence,select,pca_only,8,20,log_euclidean,0.01,0.0006860307583792192,3453.6128316472586,1096.0628658473754,3736.966217770271,1868.4831088851374,1416.3164046859588,4.253253670497116e-05,4.253127818835602e-05,2.3724399290544066e-07,1.842746517142845,0.054691435578325766,0.054238799435793426
2013-10-07,1580,similarity,select,pca_only,8,20,log_euclidean,0.01,8.673291299556328e-05,1963.3823956812626,5183.074423383617,52218.40436850738,26109.202184253703,25534.927096436855,2.4596449087017586e-05,2.4594658707601135e-05,4.8291176733246434e-08,2.7174914949449276,0.15006828255832974,0.1325850117505304
2013-10-07,1580,rolling,select,pca_only,8,20,log_euclidean,0.01,0.00016261722298855814,4744.7371320829325,739.4342552424425,2994.8360394481483,1497.4180197240717,1046.7426111358006,3.538475169313873e-05,3.538296131372228e-05,5.655583373793478e-07,2.9027446376069075,0.1662919533448846,0.1597656420817269
2013-10-07,1580,ewma,select,pca_only,8,20,log_euclidean,0.01,0.0005594914056564607,4561.929395646346,817.7938250369499,2498.2302369850822,1249.1151184925395,798.8382419184776,2.9694177389498632e-05,2.969238701008218e-05,6.624123148678115e-07,2.750099553733192,0.1558723224633823,0.1450313871059258
2013-10-07,1580,ledoit_wolf,select,pca_only,8,20,log_euclidean,0.01,9.578949526835523e-05,8593.538242073686,1251.6287814526534,327.48816654726625,163.74408327363307,-271.6928105059227,3.5274096845191244e-05,3.527230646577479e-05,9.340342028720437e-06,1.1660694040722,0.0367359521013001,0.018729516889745817
2013-10-07,1580,oas,select,pca_only,8,20,log_euclidean,0.01,0.0001295189338918203,7241.763263367821,760.4557480183707,384.33883125455725,192.16941562727885,-243.86851969715082,2.0553433876713106e-05,2.0551643497296654e-05,6.552227566048554e-06,2.0973515940588583,0.10981767512945642,0.07919016989946236
2013-10-07,1580,shrink,select,pca_only,8,20,log_euclidean,0.01,0.00016277409323197333,6813.904029592823,736.6140960251946,428.84857265752703,214.42428632876315,-222.622911815099,4.1304638885043115e-06,4.12867350908786e-06,2.0529301644258335e-06,1.5353042611817498,0.6030508263752075,0.3837369211174394
2013-10-07,1580,persistence,select,pca_only,8,20,log_euclidean,0.01,0.0006671685159996025,3579.1558825832426,1035.4415856404005,4129.686506688287,2064.8432533441473,1603.5456271805592,1.945751412881334e-05,1.945572374939689e-05,3.4061390434915953e-07,2.1384785325364004,0.08807042337475335,0.07724258038179678
2013-10-14,1585,similarity,select,pca_only,8,20,log_euclidean,0.01,5.640080146691782e-05,1964.5654226962424,5776.657270669851,34439.483693575334,17219.741846787663,16537.448952867308,4.110536039194451e-05,4.1102524159616665e-05,5.2467494182789394e-08,2.3562388110346237,0.10430067894262586,0.09452833841478701
2013-10-14,1585,rolling,select,pca_only,8,20,log_euclidean,0.01,0.0001501527706191444,4671.872478722194,711.9698492875433,2872.2995837978524,1436.1497918989285,971.4298882188107,5.806181732138305e-05,5.80589810890552e-05,5.124494759716835e-07,2.7852972519819867,0.1520612270734546,0.14604219324127407
2013-10-14,1585,ewma,select,pca_only,8,20,log_euclidean,0.01,0.0003485785428624817,4495.163049987962,1022.199871932069,2455.2124124295096,1227.606206214746,766.347523299814,5.223291121274267e-05,5.223007498041482e-05,6.12898219324491e-07,2.6882458602089483,0.1462786222904242,0.1361741988879365
2013-10-14,1585,ledoit_wolf,select,pca_only,8,20,log_euclidean,0.01,6.292638515231376e-05,8449.153683708042,825.4268013162534,330.483148010743,165.24157400537135,-274.78913822831623,3.345184272025045e-05,3.34490064879226e-05,1.0841235574511643e-05,1.336806753247363,0.04871026681686692,0.02793686573888363
2013-10-14,1585,oas,select,pca_only,8,20,log_euclidean,0.01,0.0001129831021731127,7131.015145287679,565.8212606048036,398.4637864756657,199.23189323783254,-242.0720707294982,4.0130549874368204e-05,4.0127713642040357e-05,5.720122598858211e-06,2.1234292133042207,0.10650233120265011,0.08177586555236599
2013-10-14,1585,shrink,select,pca_only,8,20,log_euclidean,0.01,0.0001397304279267965,6868.69698871412,543.7762237143377,400.3843263203312,200.19216316016568,-242.21735881152148,6.155457898047238e-06,6.152621665719393e-06,2.082942254302269e-06,1.4907855858024823,0.6175003788262493,0.3977355290554886
2013-10-14,1585,persistence,select,pca_only,8,20,log_euclidean,0.01,0.0006620809658640909,3483.10507017397,1088.6603863750156,3433.8502405469208,1716.9251202734636,1255.1331717349042,3.60275433381676e-05,3.6024707105839755e-05,3.831103178074291e-07,2.1741511365167487,0.10868772710759883,0.07822593827894139
2013-10-21,1590,similarity,select,pca_only,8,20,log_euclidean,0.01,5.115666751609153e-05,1910.1253445758985,5990.144400760226,42735.27832092743,21367.63916046372,20651.88647220168,3.620360087079156e-05,3.620216700007101e-05,5.507593056578892e-08,2.8123610552464218,0.14883260499237128,0.13598763295154528
2013-10-21,1590,rolling,select,pca_only,8,20,log_euclidean,0.01,0.00014928962074820405,4577.684243877295,705.4835649931262,2395.553431921416,1197.7767159607029,730.0492705969629,6.018730632469451e-05,6.018587245397396e-05,6.62683137552298e-07,3.1038884667990634,0.1899264336387365,0.18159808212959944
2013-10-21,1590,ewma,select,pca_only,8,20,log_euclidean,0.01,0.00022268438900740258,4395.628258364009,923.9417228480513,2203.4033983429763,1101.7016991714872,634.4863626688856,5.665631700838666e-05,5.665488313766611e-05,7.307855562576205e-07,3.0035395138363303,0.18631690374961699,0.17153395376691702
2013-10-21,1590,ledoit_wolf,select,pca_only,8,20,log_euclidean,0.01,5.6787443858113265e-05,8486.218745809872,787.9920246007355,330.7001408353404,165.3500704176705,-278.1184330070902,3.362706856413665e-05,3.36256346934161e-05,1.2047335088616554e-05,1.339709814808461,0.05317819427723093,0.028758115303196725
2013-10-21,1590,oas,select,pca_only,8,20,log_euclidean,0.01,0.00010918808200919891,7195.0140689333975,544.111122821389,370.6725217488219,185.33626087441127,-259.3766643250437,4.7238817772839494e-05,4.7237383902118945e-05,7.13087965406015e-06,2.176732235433309,0.12438038433769272,0.09016899534761401
2013-10-21,1590,shrink,select,pca_only,8,20,log_euclidean,0.01,0.00013580703385457056,6922.511271857693,525.8113745674805,362.1372120765207,181.06860603826084,-264.44854256765757,4.3726080259432e-06,4.371174155222651e-06,2.3845364186250387e-06,1.4313486976793397,0.6829108071562772,0.4776225165872274
2013-10-21,1590,persistence,select,pca_only,8,20,log_euclidean,0.01,0.0006806920192732107,3496.1225975533716,1080.935926575627,3170.9914053317552,1585.4957026658735,1122.0275220250385,4.6928673340851475e-05,4.6927239470130926e-05,3.335937099629548e-07,2.1097110254140823,0.07709046710292741,0.06630999245016714
2013-10-28,1595,similarity,select,pca_only,8,20,log_euclidean,0.01,4.923795193491493e-05,1988.2430288295845,5211.9230137522445,44923.35645831242,22461.67822915621,21672.71048238463,3.732051403219652e-05,3.7319289643004134e-05,3.417799671140953e-08,2.337195613731152,0.10849090031002644,0.09585590697467052
2013-10-28,1595,rolling,select,pca_only,8,20,log_euclidean,0.01,0.00015178304069287575,4740.606460484427,683.4662857258968,2154.9375866961163,1077.46879334806,601.2075647794715,7.426828295877059e-05,7.426705856957821e-05,6.246072382326768e-07,3.0042453622950176,0.17479442726069333,0.16728343582609334
2013-10-28,1595,ewma,select,pca_only,8,20,log_euclidean,0.01,0.00015515782483185357,4575.793323627665,839.564725514108,2089.642333139092,1044.8211665695405,568.2530828121651,5.80995966087154e-05,5.809837221952301e-05,6.608886356301954e-07,2.8342600707300756,0.1755609750262283,0.1586507574215974
2013-10-28,1595,ledoit_wolf,select,pca_only,8,20,log_euclidean,0.01,5.705435413878279e-05,8575.262033255287,985.2875398587285,335.9027211892648,167.95136059463275,-281.5273722309686,3.512448580914124e-05,3.512326141994885e-05,1.138015850681626e-05,1.3119897842600508,0.04766574949680382,0.0261887723244982
2013-10-28,1595,oas,select,pca_only,8,20,log_euclidean,0.01,0.00010972454013963423,7324.757917971013,624.0519962904752,357.80892772168215,178.90446386084136,-271.81495287050495,4.843804900006749e-05,4.84368246108751e-05,6.907878139899407e-06,2.0929047390632376,0.11181517575571599,0.08007732027511943
2013-10-28,1595,shrink,select,pca_only,8,20,log_euclidean,0.01,0.00014130399498565215,7005.685091289635,610.513412017169,360.0802528965385,180.04012644827014,-271.191833747402,4.5925534528560115e-06,4.591329063663623e-06,2.354044011557999e-06,1.4089883926258353,0.6582562145469837,0.445652127122292
2013-10-28,1595,persistence,select,pca_only,8,20,log_euclidean,0.01,8.876787616805136e-05,3572.8485265298136,963.2636620428351,4688.657944909156,2344.3289724545875,1887.8022287129238,5.2615816391308475e-05,5.2614592002116086e-05,1.902713440550936e-07,2.0194924411158,0.06886774132172452,0.06290818252101538
2013-11-04,1600,similarity,select,pca_only,8,20,log_euclidean,0.01,7.109711168096129e-05,1972.1876825805662,6181.756126662462,59782.342944777796,29891.171472388898,28654.667174062477,5.0139833732297694e-05,5.013853942512668e-05,4.899619730518573e-08,2.824033966786734,0.16828718810554538,0.14972214707432652
2013-11-04,1600,rolling,select,pca_only,8,20,log_euclidean,0.01,0.0001703255652198502,4800.609650037702,803.2128223630232,2799.104181023439,1399.552090511719,916.7998030502324,7.048461926409162e-05,7.048332495692061e-05,6.342934243565599e-07,3.0356648989416497,0.1828067075822767,0.17416419210163234
2013-11-04,1600,ewma,select,pca_only,8,20,log_euclidean,0.01,0.00013537267390439575,4630.309094000637,918.805045202097,2879.5786123345365,1439.7893061672687,955.9602221940168,6.468994099048764e-05,6.468864668331663e-05,5.971246827298514e-07,2.8713705116449284,0.17214386232484816,0.157215656395446
2013-11-04,1600,ledoit_wolf,select,pca_only,8,20,log_euclidean,0.01,7.652361734611925e-05,8545.758903531378,910.0750533158418,336.2961103595212,168.14805517976066,-276.6877028408014,3.3606561070903953e-05,3.360526676373294e-05,1.0962441906687061e-05,1.2862912408479532,0.04669550025067308,0.024911582082197604
2013-11-04,1600,oas,select,pca_only,8,20,log_euclidean,0.01,0.00012973851808026923,7294.221828452478,668.9534998393128,390.4116357821066,195.20581789105347,-251.46130642696977,4.641703804205721e-05,4.641574373488619e-05,6.921201611276628e-06,2.161788673921948,0.11718749078892547,0.08353960389356918
2013-11-04,1600,shrink,select,pca_only,8,20,log_euclidean,0.01,0.0001600776726242529,7013.805044520653,672.694074606761,403.56948350293925,201.7847417514699,-245.79052288405327,4.460461874473783e-06,4.45916756730277e-06,2.3126212432116915e-06,1.4147709335942957,0.6659946404822843,0.4558202236246844
2013-11-04,1600,persistence,select,pca_only,8,20,log_euclidean,0.01,0.00011256329462639332,3625.7046960239195,1069.8772390858792,5205.457978770937,2602.7289893854777,2083.150514146726,5.8266636780194046e-05,5.826534247302303e-05,2.1011102145196968e-07,2.091120448769793,0.06599083489625254,0.06563734578787893
2013-11-11,1605,similarity,select,pca_only,8,20,log_euclidean,0.01,7.168252070166402e-05,2160.9247526883933,7227.175379787042,33371.4925679541,16685.74628397703,15809.08577487688,4.8858252272080374e-05,4.8857571080058686e-05,5.1646381751041976e-08,2.231733283666278,0.09057122582285351,0.085029829708035
2013-11-11,1605,rolling,select,pca_only,8,20,log_euclidean,0.01,0.00017827621341651352,4852.343761742218,977.7026373039326,2803.2893783094746,1401.6446891547328,925.0223310699141,9.741160672577912e-05,9.741092553375743e-05,6.710259427030266e-07,2.956486280426316,0.19200222792264451,0.18571737354482057
2013-11-11,1605,ewma,select,pca_only,8,20,log_euclidean,0.01,0.00012082113199803768,4642.684957150026,1067.4982952082573,3006.382452445038,1503.1912262225196,1023.4462141021446,9.881715655425674e-05,9.881647536223505e-05,6.301783396019255e-07,2.962807278480697,0.1894426718618814,0.1810199471536173
2013-11-11,1605,ledoit_wolf,select,pca_only,8,20,log_euclidean,0.01,6.473221240252243e-05,8580.979174864286,725.6853676511103,342.2513267959911,171.12566339799588,-276.24400527347973,2.375333330838865e-05,2.375265211636696e-05,1.12087623280245e-05,1.2306333893836234,0.05094201052963821,0.023266973521423973
2013-11-11,1605,oas,select,pca_only,8,20,log_euclidean,0.01,0.0001316680234370486,7360.692264447231,709.1536988514188,394.488549643031,197.2442748215155,-251.6884981451336,5.031115259028282e-05,5.0310471398261135e-05,7.750569965147528e-06,2.109867986575693,0.12679344973726525,0.08920319384768871
2013-11-11,1605,shrink,select,pca_only,8,20,log_euclidean,0.01,0.00016027957246866895,7078.954545890561,719.7699094291306,412.2676134617134,206.1338067308568,-243.47448888479113,6.674820192437519e-06,6.67413900041583e-06,2.3650998263451244e-06,1.4258164521180539,0.6762041183469992,0.4697333952264396
2013-11-11,1605,persistence,select,pca_only,8,20,log_euclidean,0.01,9.930059574919985e-05,3621.9294581995414,1092.3476338115477,5866.994361999496,2933.497180999748,2416.5157686761063,8.539776549261478e-05,8.539708430059309e-05,2.7962062757153846e-07,2.414750914312681,0.09680448732147762,0.09615902806306094
2013-11-18,1610,similarity,select,pca_only,8,20,log_euclidean,0.01,5.852864937628757e-05,2045.1311633201312,7351.515041069432,48886.437617249525,24443.218808624762,23466.054194258362,4.2507412132184755e-05,4.250671184723569e-05,5.80730248826735e-08,2.7584695500313576,0.1625822658765667,0.14807009773759422
2013-11-18,1610,rolling,select,pca_only,8,20,log_euclidean,0.01,0.00017907535777590577,4858.589778492065,1037.8915804532287,2774.705287838084,1387.3526439190482,906.8981603137156,8.444259608528872e-05,8.444189580033965e-05,7.169249887057079e-07,3.1175969274064745,0.20325461800864683,0.1956205414258857
2013-11-18,1610,ewma,select,pca_only,8,20,log_euclidean,0.01,0.00010172231901263682,4679.281368567822,1097.0583538854228,3320.7897858507104,1660.3948929253588,1173.1731392587567,0.00010192740556693583,0.00010192670528198677,6.248836908581044e-07,3.175620322459963,0.2081109894053633,0.19573221072989944
2013-11-18,1610,ledoit_wolf,select,pca_only,8,20,log_euclidean,0.01,6.346112017190724e-05,8614.447040029178,770.5307673537579,344.8795175797371,172.43975878986868,-277.23040069556066,3.0057094190659823e-05,3.0056393905710758e-05,1.1315011437079037e-05,1.1861956476228064,0.05031395884729594,0.022107994385376563
2013-11-18,1610,oas,select,pca_only,8,20,log_euclidean,0.01,0.00013126383023802759,7404.995705706112,753.7046816850649,392.96404774832985,196.48202387416532,-254.6964782925616,5.504018638655633e-05,5.503948610160726e-05,8.258387476524868e-06,2.1713530749365457,0.13043295419605846,0.090373344182773
2013-11-18,1610,shrink,select,pca_only,8,20,log_euclidean,0.01,0.00016107602435071636,7095.138361119875,770.9465387445895,417.02405249227184,208.51202624613632,-243.15815511205852,7.254228210177586e-06,7.253527925228521e-06,2.4157512578962213e-06,1.4190876876873133,0.6843816229087253,0.4804216466712113
2013-11-18,1610,persistence,select,pca_only,8,20,log_euclidean,0.01,9.696410299371839e-05,3563.529023071974,1160.541291050579,6071.446046810613,3035.7230234053113,2519.4368628100287,4.8432481755764695e-05,4.843178147081563e-05,1.748349690250085e-07,2.070724203873271,0.07225053881748875,0.06430012506486035
2013-11-25,1615,similarity,select,pca_only,8,20,log_euclidean,0.01,0.009788626737646345,2249.594456467121,7059.450614629755,209443.03445912982,104721.51722956491,102894.8175508901,8.743097858038547e-05,8.742425842978451e-05,4.944950451288355e-08,2.241801726540994,0.0940203404688195,0.0855908087673845
2013-11-25,1615,rolling,select,pca_only,8,20,log_euclidean,0.01,0.00988075756521638,5121.620866132434,1048.8840089118412,19083.347851359453,9541.673925679728,9037.47374617286,0.00012127404432455231,0.00012126732417395134,7.840685439835659e-07,3.263117393221136,0.22186698161259125,0.21195533638486563
2013-11-25,1615,ewma,select,pca_only,8,20,log_euclidean,0.01,0.009788433259164247,4915.580896836487,1102.278141706172,22997.952613172605,11498.976306586299,10962.651652400873,0.0001522803627885854,0.00015227364263798446,6.032694287448296e-07,3.158198506416886,0.21341008427355365,0.19698746259086722
2013-11-25,1615,ledoit_wolf,select,pca_only,8,20,log_euclidean,0.01,0.00973530341259158,8649.676299617162,772.3930630057321,578.8939556043204,289.44697780216006,-93.45314982698326,4.030604390779144e-05,4.0299323757190485e-05,1.1593425798983182e-05,1.2014367613894856,0.051063465536717645,0.02290630904819453
2013-11-25,1615,oas,select,pca_only,8,20,log_euclidean,0.01,0.009825394686860365,7482.556161004137,774.3321402023289,1386.178488244371,693.0892441221852,303.85687491651254,7.12749867544374e-05,7.126826660383644e-05,8.577083446228515e-06,2.12389866500393,0.1354411308699582,0.09104895033805019
2013-11-25,1615,shrink,select,pca_only,8,20,log_euclidean,0.01,0.009860848177172027,7200.7357068550455,785.1597478048199,1730.3295844047714,865.1647922023853,472.81880283991524,1.19468532951039e-05,1.194013314450294e-05,2.4196424173813695e-06,1.4146212021431737,0.6841954865823193,0.48118384984303125
2013-11-25,1615,persistence,select,pca_only,8,20,log_euclidean,0.01,0.009799633178153019,3789.0474501969884,1318.3346725952838,43301.12861970323,21650.564309851616,20973.108347400343,8.661228790447747e-05,8.660556775387651e-05,1.5176031317231922e-07,2.019598549504223,0.07011192894305303,0.062178248379677704
2013-12-03,1620,similarity,select,pca_only,8,20,log_euclidean,0.01,0.009737449964629495,2009.141538415826,6613.663773039983,371534.43475197256,185767.21737598628,183145.74591791065,4.590475433928848e-05,4.5889072497033944e-05,3.463962427928666e-08,2.44217312277848,0.12152405490977099,0.10426029755726492
2013-12-03,1620,rolling,select,pca_only,8,20,log_euclidean,0.01,0.009839815595992571,5143.728689323223,996.3474903077981,18132.925013736127,9066.462506868065,8568.68759696312,0.00013047413448578817,0.00013045845264353365,7.068073957265535e-07,3.2377623280807084,0.19162088621493492,0.18414862575763818
2013-12-03,1620,ewma,select,pca_only,8,20,log_euclidean,0.01,0.009768937804291137,4922.587565540684,1129.4706844529667,21160.586305306337,10580.293152653163,10039.271714473323,0.0002619235989572343,0.00026190791711497974,6.099946701315433e-07,3.168295461589068,0.19676269488767925,0.18274514169115708
2013-12-03,1620,ledoit_wolf,select,pca_only,8,20,log_euclidean,0.01,0.009689930515502165,8742.724704240203,939.9106117309025,547.8043142414137,273.9021571207069,-113.74826436780897,3.5169176957609564e-05,3.5153495115355026e-05,1.0544680196244628e-05,1.18884443262844,0.04300201451606171,0.020245843114620108
2013-12-03,1620,oas,select,pca_only,8,20,log_euclidean,0.01,0.009780160650857846,7601.305970503045,830.5708575055887,1234.4900584478435,617.2450292239217,224.38640957090138,6.125090459549665e-05,6.123522275324211e-05,8.197730486889627e-06,2.0350554891835344,0.11492546463488267,0.07595592617238736
2013-12-03,1620,shrink,select,pca_only,8,20,log_euclidean,0.01,0.00981960173165386,7254.778507924027,832.8480447124409,1664.7445605705125,832.3722802852562,435.38346949845607,1.3872443281366753e-05,1.3856761439112215e-05,2.4082977490303425e-06,1.435845931074434,0.6523999732496188,0.4395985885620872
2013-12-03,1620,persistence,select,pca_only,8,20,log_euclidean,0.01,0.009767425701873195,3720.6561688241745,1329.4510343434083,36393.09311507998,18196.54655753999,17594.56919573231,8.165516663077018e-05,8.163948478851564e-05,1.609795495601432e-07,1.904197911563945,0.08887520944858827,0.05897431287191071
2013-12-10,1625,similarity,select,pca_only,8,20,log_euclidean,0.01,0.009763882805706435,2064.7354864077442,6337.151383786459,178571.8169104904,89285.9084552452,87775.97694636778,3.65062745421007e-05,3.648452207127356e-05,5.04436288249105e-08,2.2511155998269654,0.0879963634538165,0.08440049359676499
2013-12-10,1625,rolling,select,pca_only,8,20,log_euclidean,0.01,0.009760796890246871,5010.82201866999,989.4268014677494,23572.475452139424,11786.237726069707,11204.035012245055,0.00020124630848681436,0.00020122455601598722,5.340268875006002e-07,3.1888315612521594,0.19609538151943084,0.1898149027414405
2013-12-10,1625,ewma,select,pca_only,8,20,log_euclidean,0.01,0.009769548129453496,4828.582262848481,1062.2618782802037,24326.065326017804,12163.032663008902,11573.77287207211,0.00030898481261287136,0.0003089630601420442,5.405957766777828e-07,3.1101496282155328,0.20135006661060284,0.186647518338489
2013-12-10,1625,ledoit_wolf,select,pca_only,8,20,log_euclidean,0.01,0.009730027885240813,7728.477717197318,807.6721396314204,975.9956012020896,487.9978006010447,95.23243203585636,4.1089006721663224e-05,4.106725425083608e-05,9.145581261752043e-06,1.7396873118304994,0.0938362105580804,0.05669044126250791
2013-12-10,1625,oas,select,pca_only,8,20,log_euclidean,0.01,0.009734679877560035,7558.4695878524435,809.7080042696609,1133.1673455696625,566.5836727848313,172.35474637624844,4.889233764773472e-05,4.887058517690758e-05,8.335771950899546e-06,1.8839704189520516,0.10591793937034356,0.06745360760516364
2013-12-10,1625,shrink,select,pca_only,8,20,log_euclidean,0.01,0.009743319449309833,7187.810565751399,822.4144750838733,1631.116206100803,815.5581030504013,415.0183182048284,6.674211993500297e-06,6.652459522673156e-06,1.9352901072541104e-06,1.3673590507317666,0.7100048592794637,0.5139989549085567
2013-12-10,1625,persistence,select,pca_only,8,20,log_euclidean,0.01,0.009779786602762032,3687.212647766444,1256.9073410597384,39913.36498668532,19956.682493342658,19286.632131241524,4.412189804714381e-05,4.410014557631667e-05,1.0153761007571831e-07,1.6269879498763482,0.05356791795463217,0.039979540414408835
2013-12-17,1630,similarity,select,pca_only,8,20,log_euclidean,0.01,0.00969496296215015,2031.2307170804336,6116.4748218725435,241668.8966853943,120834.44834269716,119318.90325963711,0.0001224341593925202,0.00012241901276983605,4.964001833142613e-08,2.4897730933191626,0.11335161330185732,0.10638121076778642
2013-12-17,1630,rolling,select,pca_only,8,20,log_euclidean,0.01,0.009683095126525744,4998.023329516695,914.4269265528219,22334.27902353388,11167.139511766942,10673.157714292782,0.00018262055465092776,0.00018260540802824362,7.640326258961506e-07,3.460387246847665,0.27837923442029827,0.26829369612940396
2013-12-17,1630,ewma,select,pca_only,8,20,log_euclidean,0.01,0.009689234982782865,4782.574520977498,1020.0660384632412,23785.98817834448,11892.994089172236,11400.010063696376,0.00015550122848160462,0.00015548608185892048,6.551417732778899e-07,3.374235021718878,0.27030817559501613,0.25334625430623187
2013-12-17,1630,ledoit_wolf,select,pca_only,8,20,log_euclidean,0.01,0.009660312480677717,7773.2646673574445,852.0578336625531,941.6567306067461,470.82836530337283,82.90840267711721,2.9398260775260532e-05,2.9383114152576395e-05,1.1326494671720472e-05,1.6733325997340311,0.11053315620590397,0.056697395762032775
2013-12-17,1630,oas,select,pca_only,8,20,log_euclidean,0.01,0.009663443679605832,7603.808652884834,834.4799736404029,1087.6514720956748,543.8257360478374,155.10339778692023,3.503540292779967e-05,3.502025630511553e-05,1.0664186664110467e-05,1.8110790074088186,0.12869342175952567,0.07058032594889581
2013-12-17,1630,shrink,select,pca_only,8,20,log_euclidean,0.01,0.009672144978755752,7211.203183009885,825.7333055852916,1590.787898293483,795.3939491467415,402.3576827979141,2.720671082361786e-06,2.7055244596776476e-06,2.1196742319115294e-06,1.3140325059813276,0.7717998298598464,0.6026494999915315
2013-12-17,1630,persistence,select,pca_only,8,20,log_euclidean,0.01,0.00971178948266351,3680.0831909020208,1326.292457827676,41352.23402266582,20676.117011332906,20123.62313768673,8.492364630304752e-05,8.490849968036339e-05,1.0172058211851596e-07,1.6295865270697165,0.059697435381139995,0.04204279552967042
2013-12-24,1635,similarity,select,pca_only,8,20,log_euclidean,0.01,0.069010292839423,1951.5291894375016,5220.558576947821,706561.8709684164,353280.9354842082,350991.2716217175,3.9944938840213785e-05,3.988823369075692e-05,4.3708538814795055e-08,2.4835202429989587,0.12221732630839241,0.11110868211803014
2013-12-24,1635,rolling,select,pca_only,8,20,log_euclidean,0.01,0.07051499510262095,5055.374282040732,991.7710048141539,29398.596121042803,14699.298060521403,14280.55165554834,0.0016858113750935991,0.0016857546699441423,1.610464980309975e-06,3.3337936910443875,0.24879301320782243,0.22712516201287314
2013-12-24,1635,ewma,select,pca_only,8,20,log_euclidean,0.01,0.08412553273431495,4859.680647291056,1082.151377476693,13125.428546212024,6562.714273106012,6182.588783024729,0.0010223785218457816,0.0010223218166963248,2.5839415014307e-06,2.6258392404819757,0.1771406685811066,0.12938047409237236
2013-12-24,1635,ledoit_wolf,select,pca_only,8,20,log_euclidean,0.01,0.06874749495254938,9921.165421784945,1564.3930534423275,611.2899726223422,305.6449863111712,-42.80938644214678,8.663021013793029e-05,8.657350498847343e-05,7.924013844576053e-06,0.9999999999999999,0.01320080171909381,0.010168707924784158
2013-12-24,1635,oas,select,pca_only,8,20,log_euclidean,0.01,0.0702278788748067,7339.843000300799,1036.2740279661261,4456.204777561402,2228.1023887807014,1870.0606604936697,0.0008408791211578514,0.0008408224160083946,7.643684840328487e-06,2.3623461534948422,0.16569045611462102,0.10855606375773792
2013-12-24,1635,shrink,select,pca_only,8,20,log_euclidean,0.01,0.07050508909091245,7276.835559702231,1043.9418305912302,4524.27644892059,2262.1382244602946,1901.794566749803,0.00010309950389243275,0.00010304279874297589,3.6244282839810346e-06,1.6165604623974965,0.5596501942741697,0.3359063723643675
2013-12-24,1635,persistence,select,pca_only,8,20,log_euclidean,0.01,0.07867459040965288,3772.262784312328,1380.6617949104693,19832.76368694092,9916.381843470459,9509.83010827961,0.0006737863439937772,0.0006737296388443203,4.931624676048358e-07,1.5170869595896062,0.053883014191929465,0.03969572053294977
2014-01-02,1640,similarity,select,pca_only,8,20,log_euclidean,0.01,0.06882228138812337,2070.256795706454,4828.017183144533,699247.6967411423,349623.84837057116,348801.19353282667,4.396714961428268e-05,4.3901136545994365e-05,5.136559109293952e-08,2.67086369197441,0.13217340925090149,0.12303368816195429
2014-01-02,1640,rolling,select,pca_only,8,20,log_euclidean,0.01,0.07032128419762398,4995.046276184218,1014.7976627977453,30485.719528587502,15242.859764293753,14866.31195416384,0.002440067102264272,0.0024400010891959837,1.1467937179602198e-06,3.0193331856147676,0.18118127105444923,0.1656287297842119
2014-01-02,1640,ewma,select,pca_only,8,20,log_euclidean,0.01,0.07695265653472602,4813.219363775746,1128.787372791843,17279.335058146105,8639.667529073055,8285.211375430385,0.0017053596987012271,0.0017052936856329387,1.5871134995249298e-06,2.632541731155271,0.14342247722088772,0.11659683381330477
2014-01-02,1640,ledoit_wolf,select,pca_only,8,20,log_euclidean,0.01,0.06857431699561205,9885.708227369369,1637.9820788817337,624.469496985956,312.23474849297816,-31.599691737660216,0.00010714113683876663,0.00010707512377047832,7.4896394535012674e-06,0.9999999999999999,0.012744659169951407,0.010152915253283714
2014-01-02,1640,oas,select,pca_only,8,20,log_euclidean,0.01,0.07004315957430901,7260.119740354037,1085.9929470077675,4772.523709730163,2386.2618548650817,2038.4957780260058,0.0012549766933525033,0.001254910680284215,5.499002936953496e-06,2.2206696531230175,0.12568012227116396,0.08698719808897867
2014-01-02,1640,shrink,select,pca_only,8,20,log_euclidean,0.01,0.0703171407871036,7192.617986002163,1094.8634349876816,4765.281897261619,2382.6409486308094,2031.7637885743711,0.00021105789861024647,0.00021099188554195815,3.0728908328333094e-06,1.6232225530982445,0.4851954103526567,0.26073592687181796
2014-01-02,1640,persistence,select,pca_only,8,20,log_euclidean,0.01,0.07850105195538179,3881.6895176871108,1287.599668350866,21821.25500073382,10910.62750036691,10550.640551178098,0.0010560419236176639,0.0010559759105493755,5.787976735657364e-07,1.7199298416457371,0.05786664493284996,0.048424942550413214
2014-01-09,1645,similarity,select,pca_only,8,20,log_euclidean,0.01,0.06894459427192451,2187.0576272722383,3626.749179856804,576852.9281264787,288426.46406323934,287381.9983787878,8.539835522572603e-05,8.53596239256729e-05,5.384073516916882e-08,2.3766789166821303,0.11459601095620525,0.10132390864412559
2014-01-09,1645,rolling,select,pca_only,8,20,log_euclidean,0.01,0.07045404023708661,5092.188126256294,1352.1038827098328,31883.347846741854,15941.673923370927,15632.081593409579,0.002665274864475236,0.002665236133175183,1.0917669041471515e-06,2.9491277691788342,0.17705765468039983,0.1633620732118216
2014-01-09,1645,ewma,select,pca_only,8,20,log_euclidean,0.01,0.07333367343867561,4900.167156248219,1536.4001058993779,22723.31123037097,11361.655615185486,11039.669172514714,0.0018830992809902847,0.0018830605496902315,1.2783490115798098e-06,2.6567803557839293,0.14914512017643372,0.12294478491523346
2014-01-09,1645,ledoit_wolf,select,pca_only,8,20,log_euclidean,0.01,0.06875349381656708,9844.758350851622,2301.569117312542,643.3272471386877,321.6636235693439,-19.375779463528435,0.00016716545340416904,0.0001671267221041159,7.3414971122251325e-06,0.9999999999999998,0.012822710806045854,0.010148036056252219
2014-01-09,1645,oas,select,pca_only,8,20,log_euclidean,0.01,0.07018792524109077,7194.175559248832,1489.801316821967,5157.201254785029,2578.6006273925145,2241.3967223418704,0.0014703987087317629,0.0014703599774317096,5.296972689897893e-06,2.2990031620359934,0.12865085953076597,0.09308877201275288
2014-01-09,1645,shrink,select,pca_only,8,20,log_euclidean,0.01,0.07046137243779617,7131.539950316947,1520.473896758594,5071.595775708668,2535.797887854334,2193.2787804241793,0.00024524239077358955,0.0002452036594735364,2.976780368346318e-06,1.649357781425753,0.4824609394892521,0.2605331885142198
2014-01-09,1645,persistence,select,pca_only,8,20,log_euclidean,0.01,0.07864857677871268,3869.629148828265,1584.2403703128784,22183.50402709282,11091.75201354641,10749.77465752626,0.0010116364234966878,0.0010115976921966346,5.769132817331174e-07,1.7306621403416396,0.05563908438119831,0.04791071223306503
2014-01-16,1650,similarity,select,pca_only,8,20,log_euclidean,0.01,0.06913393846594561,2197.4399766150545,3739.376176078713,1178228.2669832637,589114.1334916318,586845.5464471217,0.00014030932317261565,0.00014024759061754635,3.3346794952759674e-08,2.664800992440091,0.14517868549327081,0.12764517753566326
2014-01-16,1650,rolling,select,pca_only,8,20,log_euclidean,0.01,0.07055215946233863,5061.392164302684,1076.5372931030204,27518.990468720902,13759.495234360451,13421.925625486256,0.0009386763215821487,0.0009386145890270793,1.1842177623306754e-06,3.1617178157132293,0.19082100946901712,0.17586787889369898
2014-01-16,1650,ewma,select,pca_only,8,20,log_euclidean,0.01,0.07136272835774364,4864.922146611386,1050.0911062466748,24512.755792812004,12256.377896406004,11896.869157934492,0.0007306751936402399,0.0007306134610851706,1.2082247339966016e-06,2.865140241528966,0.16882038617716882,0.14487493994326522
2014-01-16,1650,ledoit_wolf,select,pca_only,8,20,log_euclidean,0.01,0.06887435127101504,9843.753571221318,2092.476090732258,637.5227601167447,318.76138005837225,-22.948657007364872,0.00015104413598560846,0.00015098240343053916,7.820139324467343e-06,1.0000000000000002,0.01363389662898151,0.010226369352855194
2014-01-16,1650,oas,select,pca_only,8,20,log_euclidean,0.01,0.07028621487246905,7186.881004152281,1211.7517273029418,4717.967423642181,2358.9837118210903,2016.3516340115034,0.0008052693102813371,0.0008052075777262678,5.777534100610364e-06,2.4261264787174586,0.13842558035297542,0.10080036071748427
2014-01-16,1650,shrink,select,pca_only,8,20,log_euclidean,0.01,0.07056080487178933,7131.264314389192,1243.7753208314407,4551.817950320407,2275.908975160203,1926.394117996244,9.999772583171099e-05,9.993599327664171e-05,3.1543538819174016e-06,1.6826110167617312,0.5079878850470253,0.28543611182660383
2014-01-16,1650,persistence,select,pca_only,8,20,log_euclidean,0.01,0.07863789099663106,3888.964863116441,1291.484778375745,22277.144566536423,11138.572283268211,10758.803945348494,0.00021680710078430694,0.00021674536822923764,5.535975532329799e-07,1.7148752902056252,0.0544047424301389,0.045507199473041625
2014-01-24,1655,similarity,select,pca_only,8,20,log_euclidean,0.01,0.00015900434560672564,2049.8392925103044,3924.278506161325,73257.2285577984,36628.61427889921,36050.95556821505,8.15962085659354e-05,8.159438701173825e-05,2.8426701216759097e-08,2.4274481606181926,0.10820988923026847,0.09968752832090165
2014-01-24,1655,rolling,select,pca_only,8,20,log_euclidean,0.01,0.012705542240031144,4954.657915368011,1085.6470721522426,798.9646602713193,399.4823301356635,-34.9523783810895,5.4999445646425496e-05,5.4997624092228345e-05,2.2789946105425194e-06,2.532215056238226,0.13677806639048393,0.11351196836491415
2014-01-24,1655,ewma,select,pca_only,8,20,log_euclidean,0.01,0.0977131818268865,4790.790306576555,1103.1515380461808,528.2073678895381,264.1036839447684,-169.44915178243002,4.847611072911673e-05,4.8474289174919576e-05,3.3819578746272587e-06,1.9750407410984983,0.09169322861795741,0.06656512954935863
2014-01-24,1655,ledoit_wolf,select,pca_only,8,20,log_euclidean,0.01,0.0003714187715921802,11655.372057263708,1895.1330135545816,425.90281728072046,212.95140864036063,-219.08307302483726,9.879427239539894e-05,9.879245084120179e-05,1.712572878353968e-05,0.9999999999999999,0.011690551192657229,0.010086749353936345
2014-01-24,1655,oas,select,pca_only,8,20,log_euclidean,0.01,0.010736543819609095,8092.332973621784,1314.8050403860889,348.13208391775834,174.0660419588794,-258.45748115089253,5.766438699192677e-05,5.7662565437729615e-05,8.793141586779228e-06,1.7175473775802206,0.08442894585155876,0.05301944051997457
2014-01-24,1655,shrink,select,pca_only,8,20,log_euclidean,0.01,0.012633185702113078,7174.429202427042,1204.2547218147297,399.7894439424881,199.89472197124468,-233.67806512320544,3.2596128968799064e-05,3.259430741460191e-05,4.1259371095419025e-06,1.8816854607437132,0.24757119322585228,0.11459302953362817
2014-01-24,1655,persistence,select,pca_only,8,20,log_euclidean,0.01,0.06887351763807999,3655.8911509507097,1140.957936031357,754.0259246150524,377.01296230752433,-58.176297639321966,6.706529818522304e-05,6.706347663102588e-05,1.4179513505390117e-06,1.656234970500596,0.08570082847884415,0.04770215731334931
2014-01-31,1660,similarity,select,pca_only,8,20,log_euclidean,0.01,8.628488888585025e-05,1903.1774623330998,3958.4633689321186,56023.943174978245,28011.971587489123,26989.27732520243,4.66937429349859e-05,4.669233749499294e-05,3.353752991726364e-08,2.6642485540358307,0.1485651008580478,0.1334973159510972
2014-01-31,1660,rolling,select,pca_only,8,20,log_euclidean,0.01,0.012702092589753342,4978.86075974616,846.2624295909943,617.2919027719057,308.6459513859469,-140.5641767767178,3.755034319836943e-05,3.7548937758376465e-05,2.4675702135775004e-06,2.5656926145205317,0.14523015311242515,0.11881059455284097
2014-01-31,1660,ewma,select,pca_only,8,20,log_euclidean,0.01,0.05288919968148497,4812.723155997858,886.6298541095534,504.1353712707264,252.06768563536198,-197.0002159784148,3.818544377541983e-05,3.8184038335426866e-05,2.8890950732057225e-06,2.088101418390953,0.10121424082887252,0.08149942925051218
2014-01-31,1660,ledoit_wolf,select,pca_only,8,20,log_euclidean,0.01,0.00032743526374223524,11697.255458359698,1754.973253921315,450.3978006976864,225.19890034884332,-221.1731335405512,7.785778109110493e-05,7.785637565111196e-05,1.809121523859898e-05,1.0,0.011830866055878936,0.010110109567832084
2014-01-31,1660,oas,select,pca_only,8,20,log_euclidean,0.01,0.01068935974356684,8158.318691583148,1041.0383141402774,336.53611955335737,168.26805977667885,-278.6783302560864,4.0474934219496426e-05,4.0473528779503464e-05,9.551168948126311e-06,1.8006331463596323,0.08758338682663529,0.05542017681724238
2014-01-31,1660,shrink,select,pca_only,8,20,log_euclidean,0.01,0.012622154921336235,7318.518214273052,951.6609511149068,356.5663006708477,178.28315033542398,-269.2672221330554,2.1088220980588454e-05,2.108681554059549e-05,4.696397177053366e-06,1.790399466717272,0.2763491023007026,0.12439861384958799
2014-01-31,1660,persistence,select,pca_only,8,20,log_euclidean,0.01,0.06876361832548765,3765.615512275487,970.6754134800497,604.7828778557482,302.39143892787354,-149.00057353487216,4.5613836730700547e-05,4.5612431290707585e-05,1.6095894682823105e-06,1.8340180651296238,0.07217550555227838,0.052582221194958804
2014-02-07,1665,similarity,select,pca_only,8,20,log_euclidean,0.01,0.0007136013067995404,1956.2939708891754,6572.48250622876,51453.9907933513,25726.99539667566,24789.39345305878,3.511690899496257e-05,3.511476804880429e-05,5.8588507321672065e-08,2.2535724825909123,0.09061034817767313,0.08679537945321779
2014-02-07,1665,rolling,select,pca_only,8,20,log_euclidean,0.01,0.013364627909660648,5101.590229552954,790.8611408191225,1389.2801405928094,694.6400702964102,254.6599956753164,4.4700095263494544e-05,4.4697954317336264e-05,2.547050224401801e-06,2.680712234897109,0.14716756939313805,0.12540849190060957
2014-02-07,1665,ewma,select,pca_only,8,20,log_euclidean,0.01,0.029342836279348843,4920.076331624907,1158.629684087235,1170.17836313506,585.0891815675323,147.28091429691705,3.907136230738315e-05,3.906922136122487e-05,2.5323861483234127e-06,2.3911959949905457,0.11277555183920397,0.09688488010086393
2014-02-07,1665,ledoit_wolf,select,pca_only,8,20,log_euclidean,0.01,0.0008904929551083456,11739.42907788141,883.361310188797,425.4385085837936,212.71925429189713,-215.5909602227429,3.227161502357616e-05,3.226947407741788e-05,1.911081514299581e-05,1.0000000000000002,0.012149729964014928,0.010126564155378001
2014-02-07,1665,oas,select,pca_only,8,20,log_euclidean,0.01,0.011304941689719811,8261.96936792905,615.3796283002999,442.65606679900054,221.32803339950033,-208.8822147908083,2.182716253308763e-05,2.1825021586929345e-05,1.1013548739817628e-05,1.9902102475679595,0.09660833492230524,0.06642961173176291
2014-02-07,1665,shrink,select,pca_only,8,20,log_euclidean,0.01,0.013262138220858317,7493.308066008563,618.1026544273941,529.6677907902947,264.8338953951477,-166.73851283566336,1.0234800596032022e-05,1.0232659649873739e-05,5.572760523949862e-06,1.9166415857734036,0.3219232461980291,0.1554516651968579
2014-02-07,1665,persistence,select,pca_only,8,20,log_euclidean,0.01,0.06961376351929296,3795.408799302374,1582.5250783830584,1112.6586959107105,556.3293479553545,118.40853316629332,3.1821456587464654e-05,3.1819315641306374e-05,2.037941105248103e-06,2.0722837067353526,0.06704493167686207,0.0658234827938717
2014-02-14,1670,similarity,select,pca_only,8,20,log_euclidean,0.01,0.0006945041348102018,1859.9708161624637,5478.096569584032,125793.82441051857,62896.91220525929,61558.07918520316,3.6262174539819995e-05,3.625894911715536e-05,3.971786823085592e-08,2.683804917536701,0.1558886561139639,0.13677048334294306
2014-02-14,1670,rolling,select,pca_only,8,20,log_euclidean,0.01,0.01334867234115198,5039.111397008659,709.2510863640849,1363.4634539428237,681.7317269714126,243.23832518524995,4.229463264557985e-05,4.229140722291522e-05,2.9487446502017414e-06,2.852301093543249,0.1714019258139371,0.14455765686583355
2014-02-14,1670,ewma,select,pca_only,8,20,log_euclidean,0.01,0.01610798748548129,4844.331036605821,850.2826627591357,1451.399949251209,725.6999746256113,286.2903544645948,2.9988744846644654e-05,2.9985519423980022e-05,2.37750567873692e-06,2.6542815768980983,0.13876388821870655,0.11763227954653119
2014-02-14,1670,ledoit_wolf,select,pca_only,8,20,log_euclidean,0.01,0.0008836319959471457,11734.58002093295,1197.5107803797282,425.51720947584045,212.75860473792017,-215.7922092224323,4.472767091025796e-05,4.472444548759333e-05,1.9346848583541835e-05,1.0000000000000002,0.012231496453646051,0.010140162186815174
2014-02-14,1670,oas,select,pca_only,8,20,log_euclidean,0.01,0.011302716093360697,8226.089948195237,638.5241002328154,438.9243980126057,219.46219900630228,-210.76767431733933,2.372128544272162e-05,2.3718060020056988e-05,1.244620181430092e-05,2.077717748546163,0.1108381727142808,0.07470553770898784
2014-02-14,1670,shrink,select,pca_only,8,20,log_euclidean,0.01,0.01325113732333449,7446.631215717648,616.9132447721596,516.9168339446596,258.45841697232925,-173.47860913000108,1.0041016204648369e-05,1.0037790781983736e-05,5.907258317632596e-06,2.0267023422010944,0.34330798817370817,0.17993937830913947
2014-02-14,1670,persistence,select,pca_only,8,20,log_euclidean,0.01,0.0696880414383488,3699.372760580072,1114.7678014708595,1072.0964814840697,536.048240742041,98.17202479995152,3.3885018127689025e-05,3.3881792705024394e-05,2.412355520413818e-06,2.247590235623912,0.08003713309077667,0.0780523169416739
2014-02-24,1675,similarity,select,pca_only,8,20,log_euclidean,0.01,0.0006771551190879757,1844.6438593136331,5514.425564986457,76434.6170718676,38217.30853593379,37617.4996815177,3.1206508582560586e-05,3.120322147475392e-05,5.6557014729118e-08,2.551387923459301,0.13289353101223134,0.11939023861863414
2014-02-24,1675,rolling,select,pca_only,8,20,log_euclidean,0.01,0.013321834182711849,5066.642295615513,754.2240157169574,1456.9585590098516,728.4792795049237,297.986582716337,3.082349760665242e-05,3.082021049884576e-05,3.406700233778416e-06,2.9089847970209286,0.19845056975907183,0.1599748812195529
2014-02-24,1675,ewma,select,pca_only,8,20,log_euclidean,0.01,0.008962537648905651,4852.327352403132,784.5375130681339,1905.9022359178289,952.9511179589156,521.7103226599529,2.802952834485372e-05,2.8026241237047054e-05,2.1904214938060007e-06,2.6558826347407316,0.16802463491039185,0.13663036807029752
2014-02-24,1675,ledoit_wolf,select,pca_only,8,20,log_euclidean,0.01,0.0008681814900195678,11727.428774743694,1203.4081842307835,423.2591853855397,211.6295926927698,-215.46117944287212,4.542443680717047e-05,4.5421149699363804e-05,1.9348691714336073e-05,0.9999999999999999,0.012226413625696729,0.010145735965793616
2014-02-24,1675,oas,select,pca_only,8,20,log_euclidean,0.01,0.01128151245053771,8206.589656435935,655.7391628762016,447.5147297488039,223.75736487440244,-203.95770133777515,2.7642262406446e-05,2.7638975298639334e-05,1.295079236719289e-05,2.018481552977685,0.1159446145545436,0.0720463037817913
2014-02-24,1675,shrink,select,pca_only,8,20,log_euclidean,0.01,0.013224695097389329,7397.0668029791805,639.8446330065799,543.2494322485257,271.6247161242626,-156.98693519502382,1.267039803980798e-05,1.2667110932001314e-05,6.150377360806508e-06,1.973500789927093,0.3582170733912088,0.1841030327959973
2014-02-24,1675,persistence,select,pca_only,8,20,log_euclidean,0.01,0.0007637276926748357,3542.8656787763057,994.7175214273652,8493.8385008057,4246.91925040286,3778.8290646172964,4.0737014329928e-05,4.073372722212133e-05,2.83418976815047e-07,2.254499992927197,0.08120823802239728,0.08091966586898108
2014-03-03,1680,similarity,select,pca_only,8,20,log_euclidean,0.01,0.000717520339801417,1840.8260916625409,4870.3342059773,131981.94711406284,65990.97355703142,65063.96115654978,2.2657461213416898e-05,2.265467143703941e-05,2.8598367965472496e-08,2.439759959072939,0.11746579227794621,0.10176252936458687
2014-03-03,1680,rolling,select,pca_only,8,20,log_euclidean,0.01,0.013312179729747811,4987.458674472054,729.7239143536804,1462.620553760326,731.3102768801652,305.5917413514933,2.7899415916709613e-05,2.7896626140332127e-05,2.658517887033954e-06,2.5920099961773295,0.15516935546794988,0.12928247918299585
2014-03-03,1680,ewma,select,pca_only,8,20,log_euclidean,0.01,0.005140631008242183,4752.066123851698,713.871350755642,2419.657890719161,1209.828945359579,783.2502362832381,3.1256705392763976e-05,3.125391561638649e-05,1.4695671754545572e-06,2.626435051267838,0.1480484251288474,0.1268956024798069
2014-03-03,1680,ledoit_wolf,select,pca_only,8,20,log_euclidean,0.01,0.0008961639755455149,11721.412685642039,1392.4268058542984,418.3853255969484,209.1926627984741,-214.86696201487152,5.438732555040549e-05,5.4384535774028e-05,1.9140006750292267e-05,0.9999999999999999,0.012440838562041987,0.01014966450792426
2014-03-03,1680,oas,select,pca_only,8,20,log_euclidean,0.01,0.011279336200987559,8197.757710488248,737.5163037145553,445.1638499280534,222.5819249640266,-202.05664637634862,2.9139300255984233e-05,2.9136510479606747e-05,1.0944575682476023e-05,1.9275944721036251,0.09834875843410418,0.0657394500046278
2014-03-03,1680,shrink,select,pca_only,8,20,log_euclidean,0.01,0.013221578903065231,7378.677284483127,695.3039647148997,541.1647400013533,270.58237000067663,-154.5146023364156,1.5167540408417457e-05,1.5164750632039969e-05,5.518060233465162e-06,1.9382281913840165,0.3220052633801815,0.15415346818650252
2014-03-03,1680,persistence,select,pca_only,8,20,log_euclidean,0.01,0.0007302680205510383,3447.0916366489782,883.8395867242771,11379.52470669198,5689.762353345989,5219.426675273235,4.3169526629671674e-05,4.316673685329419e-05,2.0126056936352337e-07,2.13175664312785,0.07913065346491106,0.07675852513057808
2014-03-10,1685,similarity,select,pca_only,8,20,log_euclidean,0.01,0.0013509118373825793,2007.3249411109541,4681.965961101667,188585.54435838212,94292.77217919106,93428.56105237799,0.0001121478860128521,0.0001121439189569307,4.479584975571553e-08,2.760180167345052,0.158531479713942,0.14048481407805127
2014-03-10,1685,rolling,select,pca_only,8,20,log_euclidean,0.01,0.012366857503235795,4907.622175618089,799.961784644489,2897.2339954433583,1448.61699772168,1031.5280092649914,3.6913627138582524e-05,3.690966008266113e-05,2.174635529447332e-06,2.9573604578117036,0.16496255965319137,0.14524575082076843
2014-03-10,1685,ewma,select,pca_only,8,20,log_euclidean,0.01,0.0036702824593416892,4697.349334931821,836.939690386634,5470.099859423197,2735.0499297116,2311.3219727289807,3.660723195126192e-05,3.660326489534053e-05,1.1250023780863933e-06,2.8863030514820815,0.15730293185185937,0.1391985563323746
2014-03-10,1685,ledoit_wolf,select,pca_only,8,20,log_euclidean,0.01,0.0013983923221419989,11198.28965490595,1586.8430791935257,378.9939728877005,189.49698644385026,-213.88565397751057,6.523608668209002e-05,6.523211962616863e-05,1.5751649391898933e-05,0.9999999999999999,0.013945726055439662,0.01021915140555773
2014-03-10,1685,oas,select,pca_only,8,20,log_euclidean,0.01,0.010880420916752398,7575.612267447602,775.8036892535465,774.6459113689347,387.3229556844669,-18.786687695029876,3.413628875902992e-05,3.413232170310853e-05,8.002958180751096e-06,2.2434709521363474,0.12180487963585834,0.0883182226020191
2014-03-10,1685,shrink,select,pca_only,8,20,log_euclidean,0.01,0.012292242833961764,7254.308421211857,791.4709190211995,845.2973725075325,422.6486862537664,18.46909544444551,1.9464860516341e-05,1.9460893460419605e-05,4.992739496695212e-06,1.909070490459738,0.3786285888770799,0.1903684797086702
2014-03-10,1685,persistence,select,pca_only,8,20,log_euclidean,0.01,0.00200314345560799,3571.9895102464866,1273.6837117795556,13167.940296000208,6583.970148000103,6151.99370965225,5.661652722494419e-05,5.66125601690228e-05,2.0113906281690832e-07,1.629917100239052,0.08276896652066104,0.04816469621268562
2014-03-17,1690,similarity,select,pca_only,8,20,log_euclidean,0.01,0.001430755480915666,1981.460041846504,3900.4193491791702,121125.99300671136,60562.99650335569,59981.80664321751,0.00013557607243140505,0.00013556787703606954,6.714688236818552e-08,2.8465394877106833,0.15186888660287515,0.14087909786913372
2014-03-17,1690,rolling,select,pca_only,8,20,log_euclidean,0.01,0.012457993417886093,5061.855593962448,919.9715144979853,2777.7325116759016,1388.8662558379524,972.3342421399278,7.434319835013572e-05,7.433500295480022e-05,2.436741884414279e-06,2.9083894639752517,0.17134063294350796,0.15045412142220074
2014-03-17,1690,ewma,select,pca_only,8,20,log_euclidean,0.01,0.0032416762815907323,4846.599383360226,926.7465429677619,4848.395788742211,2424.1978943711056,2002.708836628298,7.478147252584141e-05,7.477327713050592e-05,1.3211260979578387e-06,2.876146657795958,0.16071046357685295,0.14071472928891107
2014-03-17,1690,ledoit_wolf,select,pca_only,8,20,log_euclidean,0.01,0.0015121059483569768,11344.662150451382,2094.144869787571,379.4248078864817,189.712403943241,-210.80511849909004,9.490749480238447e-05,9.489929940704897e-05,1.705222320480902e-05,1.0,0.013495086582703639,0.010231417322070786
2014-03-17,1690,oas,select,pca_only,8,20,log_euclidean,0.01,0.010870496918984038,7783.527792771018,1005.3656260828801,702.3425958762181,351.1712979381093,-52.27303190393925,6.051116302008253e-05,6.050296762474703e-05,9.477382628523176e-06,2.224644540599459,0.12202318989250838,0.08682471250572701
2014-03-17,1690,shrink,select,pca_only,8,20,log_euclidean,0.01,0.01239891428402876,7343.703993042259,1010.2577736560634,833.5384093517365,416.7692046758685,12.829112184619643,8.644394146320569e-05,8.64357460678702e-05,5.330127336663937e-06,1.91929061438364,0.37469192731719925,0.18901585339602575
2014-03-17,1690,persistence,select,pca_only,8,20,log_euclidean,0.01,0.0020492515273589727,3537.4958736173116,1164.3542306326945,12820.389352378645,6410.194676189323,5956.601448581819,6.927444338140546e-05,6.926624798606996e-05,2.605888416528708e-07,1.881600791870693,0.08060876700283423,0.06138156679638002
2014-03-24,1695,similarity,select,pca_only,8,20,log_euclidean,0.01,0.00203822726238643,2056.6920152262555,3719.0579187179683,248273.2929756213,124136.64648781065,122953.10630837714,6.270953326220143e-05,6.269605155931024e-05,3.6363497991327196e-08,2.639045863450355,0.12808863021767505,0.11847598874805544
2014-03-24,1695,rolling,select,pca_only,8,20,log_euclidean,0.01,0.012981216401291212,5066.831440417557,943.0287124233955,3265.779331104832,1632.8896655524163,1226.402642335346,6.187455099190694e-05,6.186106928901575e-05,2.353712581587932e-06,2.9043580195889587,0.16489166755590082,0.1463885957497529
2014-03-24,1695,ewma,select,pca_only,8,20,log_euclidean,0.01,0.0029276422596888757,4834.043195696796,1010.7411149149971,6786.099975925341,3393.049987962669,2968.9992834465,7.17792646647387e-05,7.176578296184751e-05,1.1566983659614078e-06,3.0356692053612706,0.17431913352698822,0.16025238917919307
2014-03-24,1695,ledoit_wolf,select,pca_only,8,20,log_euclidean,0.01,0.0020368513279126936,11360.798202436163,2198.7043532281214,371.2613997466243,185.6306998733122,-202.77501290429385,0.00010046134258429241,0.00010044786088140122,1.7239618970851156e-05,1.0,0.013654636907031255,0.010245220674414298
2014-03-24,1695,oas,select,pca_only,8,20,log_euclidean,0.01,0.01138957493899964,7805.668782788639,1047.6017601624617,786.1423151374747,393.0711575687373,1.1421688184107694,5.38076234269899e-05,5.3794141724098705e-05,9.434830553132015e-06,2.2513778230156443,0.1204914917240809,0.08782937930175126
2014-03-24,1695,shrink,select,pca_only,8,20,log_euclidean,0.01,0.012927091566296725,7378.977570562622,1056.7362720852364,867.7752174677728,433.88760873388634,39.667715187458555,0.00010638786383449474,0.00010637438213160355,5.417903003471649e-06,1.8761001107028519,0.37945449633064265,0.19117968079193703
2014-03-24,1695,persistence,select,pca_only,8,20,log_euclidean,0.01,0.002590621932402219,3578.3683701388527,1163.2816535514858,16103.712453100838,8051.856226550415,7579.945590637782,6.912359588309805e-05,6.911011418020687e-05,2.946628567230541e-07,2.0492885683495827,0.07111127300272795,0.06806979134318936
2014-03-31,1700,similarity,select,pca_only,8,20,log_euclidean,0.01,0.002075503376672901,2081.316057528647,4424.071433257412,189968.51363146916,94984.25681573458,94043.04638463256,7.561634100892347e-05,7.560334383141092e-05,5.2620751348414074e-08,2.69848297813648,0.13785167111950614,0.12463072606166818
2014-03-31,1700,rolling,select,pca_only,8,20,log_euclidean,0.01,0.012998773941580844,5170.016523895363,945.1325578007829,3484.8656146813682,1742.4328073406832,1335.2214822427904,7.537994247135417e-05,7.536694529384163e-05,2.3202859153724026e-06,2.8968915067648755,0.1637435958218002,0.14466887915761034
2014-03-31,1700,ewma,select,pca_only,8,20,log_euclidean,0.01,0.002514610345949968,4920.163502548839,1002.8454612781395,8658.93748352192,4329.468741760957,3888.5793695197085,9.672780986230856e-05,9.671481268479601e-05,9.517303851674042e-07,3.0213739316968637,0.17555897140029425,0.16063452683958954
2014-03-31,1700,ledoit_wolf,select,pca_only,8,20,log_euclidean,0.01,0.002084558182865123,11349.43686024849,1922.3532759208954,368.0058594333981,184.00292971669873,-201.09929330753909,0.00010259478951391982,0.00010258179233640727,1.685985838924823e-05,1.0000000000000002,0.012834205981500415,0.010210282949358463
2014-03-31,1700,oas,select,pca_only,8,20,log_euclidean,0.01,0.011420447450859064,7821.348494570686,978.8231080732585,822.4067644710093,411.2033822355044,21.673388497788856,6.29123716501421e-05,6.289937447262955e-05,9.274915023896718e-06,2.3067051950780773,0.12030185246559957,0.08856801118818834
2014-03-31,1700,shrink,select,pca_only,8,20,log_euclidean,0.01,0.012954296462796371,7367.339352044994,990.5792905264991,913.5076100874383,456.7538050437191,64.62724150009967,0.00011626125821285345,0.0001162482610353409,5.215858734573283e-06,1.8829212825442545,0.36798571206704633,0.18380021124532042
2014-03-31,1700,persistence,select,pca_only,8,20,log_euclidean,0.01,0.0026471147194552756,3687.4367384112475,1058.3287488907447,15975.811612758594,7987.905806379297,7514.842287427076,0.00010768349569932036,0.00010767049852180781,3.006009582867597e-07,2.034465037331114,0.0882475777465562,0.06576863788110773
2014-04-07,1705,similarity,select,pca_only,8,20,log_euclidean,0.01,0.000698534770009386,2018.1434589635917,4628.265248118476,82019.15595578584,41009.577977892935,39982.089824032846,7.086214542157515e-05,7.085778308674892e-05,3.733909947086349e-08,2.2841648318477255,0.0933462132395222,0.08668171387655316
2014-04-07,1705,rolling,select,pca_only,8,20,log_euclidean,0.01,0.0008648275515165602,4888.708878201009,665.3691259216432,2411.1783092199034,1205.5891546099551,749.2033533357975,6.82609394921093e-05,6.825657715728307e-05,9.777511761847833e-07,3.131700503959759,0.1727373832405397,0.16512539535242232
2014-04-07,1705,ewma,select,pca_only,8,20,log_euclidean,0.01,0.0022009840815660096,4664.053518324692,665.10139145326,1617.187993085465,808.5939965427292,365.28223926497446,9.295339449761466e-05,9.294903216278843e-05,1.5452053382665673e-06,3.211828679870701,0.12408609256385539,0.16042977323305224
2014-04-07,1705,ledoit_wolf,select,pca_only,8,20,log_euclidean,0.01,0.0006869853620761473,9452.408265500133,1391.4023834018203,334.72056940236615,167.36028470118248,-248.66865826649897,4.196881087302913e-05,4.1964448538202904e-05,1.563090694231384e-05,1.147617660590575,0.03051060099650947,0.018013493823219675
2014-04-07,1705,oas,select,pca_only,8,20,log_euclidean,0.01,0.0007740720361365995,7894.077823882447,708.9807453722256,361.64873740101496,180.82436870050714,-237.37362992822136,4.658009965966721e-05,4.657573732484098e-05,1.1498039434690086e-05,2.2914120285579984,0.08304301681332198,0.08222481584009805
2014-04-07,1705,shrink,select,pca_only,8,20,log_euclidean,0.01,0.0008648242838162378,7273.676513605924,677.2526002812374,383.0178989267582,191.50894946337908,-230.09821505703547,0.00017176083973348546,0.00017175647739865925,3.4290047756396244e-06,1.596584667069695,0.6054542390338188,0.3855801051581048
2014-04-07,1705,persistence,select,pca_only,8,20,log_euclidean,0.01,0.0018315694240810215,3424.552077354366,807.538363947034,3877.110821495998,1938.5554107479902,1483.0660703814833,8.703672706549993e-05,8.70323647306737e-05,4.605282573982758e-07,2.1478684611507504,0.06275264901599498,0.06457413532837132
2014-04-14,1710,similarity,select,pca_only,8,20,log_euclidean,0.01,0.000633958286649071,1931.0189077673222,6594.120846150385,121371.78929839033,60685.89464919517,59549.42720116415,4.5214850436404185e-05,4.5212829592170425e-05,3.69542093082003e-08,2.9534953247760507,0.17872395627507395,0.15466044916753763
2014-04-14,1710,rolling,select,pca_only,8,20,log_euclidean,0.01,0.0008895451492778599,4771.206211387203,880.7082885179199,2694.9823540278467,1347.4911770139245,908.1695759683174,9.772120652714389e-05,9.771918568291013e-05,1.7976159101015494e-06,4.109012255071187,0.15140236995942993,0.2844619765670395
2014-04-14,1710,ewma,select,pca_only,8,20,log_euclidean,0.01,0.0015075233578645307,4531.504225680313,1175.9976698102914,2088.0668919203504,1044.0334459601813,608.9807160870804,0.00011975447492162384,0.00011975245407739008,2.2135874690949605e-06,3.7908787292441914,0.14588097701321265,0.2415610976806884
2014-04-14,1710,ledoit_wolf,select,pca_only,8,20,log_euclidean,0.01,0.0006184155312512379,9371.815727616726,805.519276576449,346.86301512180734,173.43150756090364,-246.41769553001782,1.7908800459761915e-05,1.7906779615528152e-05,1.7075200111025767e-05,1.1867272228587875,0.03049108938152774,0.019597536676489426
2014-04-14,1710,oas,select,pca_only,8,20,log_euclidean,0.01,0.0007797545069197256,7780.083622754567,570.5469187785966,407.24040740712644,203.62020370356322,-217.35925306019277,3.807230446816832e-05,3.807028362393456e-05,1.3898181733370634e-05,2.3622248105516572,0.07772507519206497,0.09051405723289743
2014-04-14,1710,shrink,select,pca_only,8,20,log_euclidean,0.01,0.0008616268746777659,7254.501371723179,609.6151442472996,380.5944847863793,190.29724239318983,-232.61656786435742,3.940013109753099e-05,3.939811025329723e-05,8.622911814797311e-06,2.5285151856303134,0.15856202306931794,0.14341251551709724
2014-04-14,1710,persistence,select,pca_only,8,20,log_euclidean,0.01,0.001861593312667711,3400.133113066967,1319.6057894275068,3394.5000984498092,1697.2500492248969,1262.432319048736,8.217923089038533e-05,8.217721004615157e-05,6.6280896965561e-07,2.440171443295163,0.07561574757292046,0.08671086677183854
2014-04-22,1715,similarity,select,pca_only,8,20,log_euclidean,0.01,7.685793306202107e-05,1871.057687473369,6482.416632825623,30699.159344471856,15349.579672235945,14381.338011134902,3.0984465440966584e-05,3.0982909330881375e-05,6.051965695609766e-08,2.4637921370068043,0.12152728355670105,0.10761713332751362
2014-04-22,1715,rolling,select,pca_only,8,20,log_euclidean,0.01,0.00043822373235149787,4749.524120075342,828.470055941916,1358.782490829388,679.39124541469,215.88232292517893,5.700531925223588e-05,5.700376314215067e-05,1.4612491793201197e-06,3.5453510406659277,0.12765411446476072,0.21673627443638552
2014-04-22,1715,ewma,select,pca_only,8,20,log_euclidean,0.01,0.001128284224112764,4548.701957126332,1081.0292645870768,1111.2591304712364,555.6295652356125,95.733718460125,5.098888285269985e-05,5.098732674261464e-05,1.7864178766482765e-06,3.368346965511573,0.11622877748850924,0.18334135002768467
2014-04-22,1715,ledoit_wolf,select,pca_only,8,20,log_euclidean,0.01,0.00010188959406255886,9618.251116399091,1008.2125848286914,360.76866485606473,180.3843324280322,-264.3207826385402,2.5665556661744822e-05,2.566400055165961e-05,1.3341622784230514e-05,1.0536700714942258,0.02249312750293269,0.014470693504557808
2014-04-22,1715,oas,select,pca_only,8,20,log_euclidean,0.01,0.00030186279022370816,7919.678757741212,646.8258770978317,332.8785584676218,166.43927923381082,-279.34869006398435,3.0725186959144016e-05,3.0723630849058807e-05,1.2200792861373937e-05,2.121613643716742,0.06677984783469545,0.0692773105195667
2014-04-22,1715,shrink,select,pca_only,8,20,log_euclidean,0.01,0.00041711775215178855,7108.987717428845,656.3941523233013,366.59103682639375,183.29551841319676,-263.866875570583,3.709724622051156e-05,3.709569011042635e-05,6.414213054572509e-06,2.5264711547463388,0.1268754959538681,0.1217396146509541
2014-04-22,1715,persistence,select,pca_only,8,20,log_euclidean,0.01,0.0019040012831308226,3562.799086992751,1346.3884457862023,1476.8297006320245,738.4148503160111,268.5149211281019,3.788424734793753e-05,3.788269123785232e-05,8.646902355495831e-07,2.430878492891553,0.06488753649836518,0.08640289168219123
2014-04-29,1720,similarity,select,pca_only,8,20,log_euclidean,0.01,3.8906578528885323e-05,1792.244989573196,5596.889230645021,45144.4179982167,22572.208999108338,21350.68549628762,3.287839901534183e-05,3.2877004085099945e-05,4.438434069461649e-08,2.950088683954625,0.19768213941651858,0.16941289243769575
2014-04-29,1720,rolling,select,pca_only,8,20,log_euclidean,0.01,0.0004307394067527066,4709.666949077328,657.1074324003482,1039.8534668736283,519.9267334368168,46.03156505786084,3.413293075208386e-05,3.4131535821841976e-05,1.4112769755860083e-06,3.521225149871254,0.12355155014852674,0.20361832159659274
2014-04-29,1720,ewma,select,pca_only,8,20,log_euclidean,0.01,0.0006840956495773378,4509.769464710796,784.0441665874247,952.313356358369,476.15667817918336,3.858236885776864,3.4150840534695695e-05,3.414944560445381e-05,1.5618331991423283e-06,3.426214391172361,0.10830007435125961,0.18211098495866365
2014-04-29,1720,ledoit_wolf,select,pca_only,8,20,log_euclidean,0.01,6.327642495802468e-05,9639.062324284072,1138.4700544413236,380.2698830873133,190.13494154365637,-268.77498065779815,2.6849746541462438e-05,2.684835161122055e-05,1.3182767609693865e-05,1.0553131248776324,0.022612865146580504,0.014636205100105557
2014-04-29,1720,oas,select,pca_only,8,20,log_euclidean,0.01,0.00028312611760219347,7975.335515516772,657.3268125497915,332.6118751599984,166.30593757999898,-293.44301032275746,1.9964792046847624e-05,1.9963397116605738e-05,1.1616152725809872e-05,1.9890005547771514,0.05581915181711166,0.06287205209295829
2014-04-29,1720,shrink,select,pca_only,8,20,log_euclidean,0.01,0.0003995796435013897,7146.2028923078415,603.0363279750293,349.4468922339654,174.72344611698276,-286.6288016644048,2.4954212582120413e-05,2.4952817651878527e-05,5.876195206845248e-06,2.444701995054858,0.12282733180863135,0.11765233191176468
2014-04-29,1720,persistence,select,pca_only,8,20,log_euclidean,0.01,0.0019757143283313868,3585.2747260396727,1011.6649219894443,1118.6477977206862,559.323898860342,81.86222420274953,3.4765837088897185e-05,3.47644421586553e-05,8.208442862039213e-07,2.3039126607950005,0.0685772293813384,0.07833869016038666
2014-05-06,1725,similarity,select,pca_only,8,20,log_euclidean,0.01,0.0010648294413003927,2051.035785883746,5928.950709608177,3424.291115696017,1712.1455578480281,1212.1313478667803,3.3759492607778367e-05,3.375843855342494e-05,3.256431945504041e-07,2.2313386248371305,0.0903248648717184,0.08347542286783219
2014-05-06,1725,rolling,select,pca_only,8,20,log_euclidean,0.01,0.0004441505356913696,4736.575517034411,690.0669024772445,990.9621524291701,495.4810762145799,17.431760201051933,2.8413553554916403e-05,2.8412499500562977e-05,1.3406230211458291e-06,3.3726481304779194,0.13481711186853926,0.19411016883080204
2014-05-06,1725,ewma,select,pca_only,8,20,log_euclidean,0.01,0.00039045789485667507,4557.594805967633,771.6707854759599,1097.982285278898,548.9911426394457,69.12820587961416,2.8236056870188075e-05,2.823500281583465e-05,1.1975670614057792e-06,3.2730657167000548,0.10397744845796321,0.1702981000995397
2014-05-06,1725,ledoit_wolf,select,pca_only,8,20,log_euclidean,0.01,5.729403109105335e-05,9644.308022027806,1069.0184880211493,388.8796346559024,194.43981732795095,-269.79293495061984,2.2949130226440386e-05,2.294807617208696e-05,1.3062209249693812e-05,1.0504370048250362,0.02345455513242475,0.014720745768827396
2014-05-06,1725,oas,select,pca_only,8,20,log_euclidean,0.01,0.0002908828310179992,7992.348756094698,655.4590665753639,338.61957324711705,169.30978662355858,-295.68637960550603,1.923857491169417e-05,1.9237520857340743e-05,1.1229104205256571e-05,1.9728981677383697,0.05726263139716001,0.06041761335838408
2014-05-06,1725,shrink,select,pca_only,8,20,log_euclidean,0.01,0.00040504413578187795,7152.598237168821,609.1879424061248,357.23460846689113,178.61730423344562,-288.01062648261757,2.2758752871762357e-05,2.275769881740893e-05,5.568739885425506e-06,2.3841945847071386,0.13689266657812083,0.11651418727296248
2014-05-06,1725,persistence,select,pca_only,8,20,log_euclidean,0.01,0.0006536965684699958,3411.9671071147704,969.2950704681436,1920.0322635348375,960.0161317674155,466.60358715809224,3.0897442470013895e-05,3.0896388415660465e-05,3.9429894267782393e-07,2.2508582112481053,0.07209561664911736,0.0734972469266695
2014-05-13,1730,similarity,select,pca_only,8,20,log_euclidean,0.01,0.0366228072495077,2308.1686692295907,5806.885826219477,47015.73665231784,23507.86832615892,22889.591420669167,0.0001882904464994206,0.00018824665043185932,3.6961717407020354e-07,2.1876439870926747,0.08829370938021071,0.08137661334339298
2014-05-13,1730,rolling,select,pca_only,8,20,log_euclidean,0.01,0.03560174106448031,4865.412386953069,723.411881658559,17117.231574467638,8558.615787233819,8081.129531888645,0.00038048843075050423,0.00038044463468294294,1.7774190337972874e-06,3.8265222586202934,0.15314410046445795,0.2468708259024773
2014-05-13,1730,ewma,select,pca_only,8,20,log_euclidean,0.01,0.03535984528632996,4660.114387419634,754.5954662504191,21497.77411079126,10748.88705539563,10235.605716753253,9.23383349644657e-05,9.22945388969044e-05,1.3352016677254007e-06,3.744504496272222,0.12060052221918735,0.22040245522798782
2014-05-13,1730,ledoit_wolf,select,pca_only,8,20,log_euclidean,0.01,0.03507070765203832,9666.48841241173,1035.586095076653,551.9409743052252,275.9704871526126,-89.96877912761332,0.00010026569264462329,0.00010022189657706198,1.4334490930392208e-05,1.067119734008449,0.02536866678027818,0.015758924732021683
2014-05-13,1730,oas,select,pca_only,8,20,log_euclidean,0.01,0.03541286179148104,8058.684729784353,661.3701748555692,1335.3122627897746,667.6561313948876,295.8042050478001,0.0003067674478788236,0.0003067236518112623,1.2789321016470375e-05,2.0436250429163794,0.061724421507158664,0.06235315245420271
2014-05-13,1730,shrink,select,pca_only,8,20,log_euclidean,0.01,0.03555089877374917,7225.182431542262,603.0731143975935,2065.008028644286,1032.5040143221427,651.1532955417763,0.0001721134276214826,0.0001720696315539213,6.737967715994945e-06,2.4709663744948203,0.1440606945688893,0.12526803538817352
2014-05-13,1730,persistence,select,pca_only,8,20,log_euclidean,0.01,0.03566451160352582,3518.423871017298,941.2562588903094,29037.51818189492,14518.759090947462,13933.064736221311,7.165617639807661e-05,7.161238033051531e-05,2.170904425474096e-07,1.7037624164939666,0.061208786392085955,0.04477429965797609
2014-05-20,1735,similarity,select,pca_only,8,20,log_euclidean,0.01,0.03509107320189222,1952.1154339402851,6786.924387431684,549022.686153309,274511.3430766545,271718.72045641305,0.0005498147489918691,0.0005497755545107264,5.66305747212712e-08,2.6571113291807906,0.16918208545454844,0.14424411001509163
2014-05-20,1735,rolling,select,pca_only,8,20,log_euclidean,0.01,0.03548640203686013,4902.330602493705,823.4643327614167,16166.967867146497,8083.483933573248,7637.528553435889,0.0011940792919993947,0.0011940400975182519,1.4634557534903092e-06,3.6744694412135197,0.1226405350402601,0.20465078921272942
2014-05-20,1735,ewma,select,pca_only,8,20,log_euclidean,0.01,0.03516621614403172,4675.942998677766,834.7408002577837,23045.30897821991,11522.654489109955,11036.439615900807,0.0007256872021919265,0.0007256480077107838,9.950310464172044e-07,3.650828598599773,0.13994568903883026,0.20382871566571675
2014-05-20,1735,ledoit_wolf,select,pca_only,8,20,log_euclidean,0.01,0.03493940803389987,9690.601858373098,798.5917520089477,547.0169801277241,273.5084900638621,-93.65110146698991,9.121635859304229e-05,9.117716411189954e-05,1.4319181118238962e-05,1.0638305911585995,0.024728631341238535,0.01569828952786016
2014-05-20,1735,oas,select,pca_only,8,20,log_euclidean,0.01,0.035289898404252826,8115.916999062772,604.4269605240872,1277.155756150863,638.5778780754317,267.2850496561055,0.0004163256135433556,0.00041628641906221286,1.2188637165660485e-05,2.077888527334242,0.0589826835681943,0.06213540059875951
2014-05-20,1735,shrink,select,pca_only,8,20,log_euclidean,0.01,0.03542948886465445,7278.584339104447,602.5980106077068,1965.2956789087007,982.6478394543506,603.4350696685831,0.0002606013005088315,0.00026056210602768873,6.248029760841262e-06,2.5379848687130715,0.13120305254429684,0.11626817778758844
2014-05-20,1735,persistence,select,pca_only,8,20,log_euclidean,0.01,0.03501103470895403,3414.267327422105,1014.6408560624723,52289.14191061563,26144.570955307816,25471.30114291923,9.596722535348858e-05,9.592803087234582e-05,1.6183908081482393e-07,1.9435560966372045,0.0634981339090069,0.05915634456626173
2014-05-28,1740,similarity,select,pca_only,8,20,log_euclidean,0.01,0.03551385851495979,2217.0002209432437,6782.773862686995,68737.23720312116,34368.61860156058,33783.83004634848,0.00016313062254083121,0.00016309093528278393,2.669416221132592e-07,2.259965400932845,0.09390733411789151,0.08634052350415236
2014-05-28,1740,rolling,select,pca_only,8,20,log_euclidean,0.01,0.03517085413594397,4904.734324444307,799.4671553660814,19114.636557003218,9557.318278501609,9125.855028642789,0.0009580554531919833,0.000958015765933936,1.253687388675e-06,3.593240238231224,0.13357913653957032,0.20981787698978027
2014-05-28,1740,ewma,select,pca_only,8,20,log_euclidean,0.01,0.03490379716697804,4682.590371731183,829.0004381327266,28048.06235592848,14024.03117796424,13544.979577064485,0.0004728618339119733,0.00047282214665392606,8.362817264239476e-07,3.7299379468670324,0.14133159157968772,0.21420828385461194
2014-05-28,1740,ledoit_wolf,select,pca_only,8,20,log_euclidean,0.01,0.03475466237903213,9306.684744495085,730.8850375681418,618.6056125381704,309.30280626908507,-56.77358904447779,0.00010508601036920149,0.0001050463231111542,1.3971363975254439e-05,1.1457542185287397,0.02795472433498606,0.018991119774299438
2014-05-28,1740,oas,select,pca_only,8,20,log_euclidean,0.01,0.035028337857423306,7777.837486955041,586.6596471278995,1583.864679050071,791.9323395250353,421.89930063728724,0.0004025969568425671,0.00040255726958451986,1.023587010222503e-05,2.2482581218113586,0.0674186789839695,0.07194216607024904
2014-05-28,1740,shrink,select,pca_only,8,20,log_euclidean,0.01,0.035114814906166754,7221.4046961354,572.6472185504896,1986.8539073797015,993.4269536898505,618.9859064547023,0.0002129193607564181,0.0002128796734983708,6.076078603837574e-06,2.5030929650974105,0.13694263490376324,0.11342806978634827
2014-05-28,1740,persistence,select,pca_only,8,20,log_euclidean,0.01,0.03488378131952774,3448.9913340726434,994.1003160486513,90108.60450271523,45054.302251357614,44418.74455960533,0.00023695759533938094,0.00023691790808133366,1.4970235242190733e-07,2.1271248105277616,0.0708858347016256,0.0738301053132207
2014-06-04,1745,similarity,select,pca_only,8,20,log_euclidean,0.01,0.035508240225833196,2220.769129481287,6551.059322258603,68673.46985587846,34336.73492793923,33742.48589140014,0.00015156309324697103,0.00015149228188236438,2.669416221132541e-07,2.2599654009328294,0.09390733411789608,0.08634052350415208
2014-06-04,1745,rolling,select,pca_only,8,20,log_euclidean,0.01,0.03515900604949026,4799.594097651149,758.0002644304641,19433.55992461141,9716.779962305707,9288.700978255329,0.0016712676957093286,0.001671196884344722,1.2858122232705616e-06,3.54418399962343,0.12707559001357868,0.2199848607976615
2014-06-04,1745,ewma,select,pca_only,8,20,log_euclidean,0.01,0.0348654467350342,4580.231281916235,747.919795062423,33438.45968211002,16719.22984105501,16225.083855842046,0.0007575793400039547,0.0007575085286393481,7.557500135486979e-07,3.8151066255860386,0.123594318638445,0.2320557806006519
2014-06-04,1745,ledoit_wolf,select,pca_only,8,20,log_euclidean,0.01,0.034755100102103226,9295.135652737747,799.0036415211443,618.5374052148952,309.26870260744715,-57.249288506458505,8.370455032775704e-05,8.363373896315039e-05,1.3045463567126254e-05,1.123954713545696,0.03174539296100631,0.018034932870317766
2014-06-04,1745,oas,select,pca_only,8,20,log_euclidean,0.01,0.035023330760629336,7720.382757765341,584.2258957442293,1616.6404336273226,808.3202168136609,437.5966426068082,0.00037485009491195495,0.0003747792835473483,1.0054756365873326e-05,2.1510482525576458,0.08819816377760364,0.06998766922994334
2014-06-04,1745,shrink,select,pca_only,8,20,log_euclidean,0.01,0.035108748156160906,7151.138231668441,566.3715110449953,1937.7368228313408,968.8684114156699,592.0213516546451,0.00021628950005243182,0.00021621868868782517,6.08173501051136e-06,2.3868104344694054,0.13266180833623045,0.11017120212968286
2014-06-04,1745,persistence,select,pca_only,8,20,log_euclidean,0.01,0.03487477084939816,3444.482088182626,967.0771304862119,97896.93558127509,48948.467790637544,48369.47250985143,0.00024038225021032544,0.0002403114388457188,1.126622643440009e-07,1.959660959628785,0.07250092214864827,0.06218135633206249
2014-06-11,1750,similarity,select,pca_only,8,20,log_euclidean,0.01,0.0015449925621389693,1817.8387646471451,8769.00277553272,176999.30690523735,88499.65345261869,83455.11639018753,1.8894055649460167e-05,1.8889255913656933e-05,3.379442085507711e-08,2.780471340729392,0.15269374392272883,0.13551155432757367
2014-06-11,1750,rolling,select,pca_only,8,20,log_euclidean,0.01,0.0075049776683059274,4852.889216729375,2228.3617978358834,2127.590478799967,1063.7952393999792,590.567774908685,2.8422114005400277e-05,2.8417314269597043e-05,2.1613293559523253e-06,3.100227953965764,0.11186913131681277,0.14732360489416552
2014-06-11,1750,ewma,select,pca_only,8,20,log_euclidean,0.01,0.050208079003046135,4641.996100657763,2066.5145274434976,1302.0526961963426,651.0263480981725,199.4892893060377,1.530511618976531e-05,1.5300316453962077e-05,3.0034962943359295e-06,2.4187658662226745,0.1022526194464723,0.09463199317817933
2014-06-11,1750,ledoit_wolf,select,pca_only,8,20,log_euclidean,0.01,0.0015971379250455742,11139.221231684414,1859.8645404579597,396.572928152674,198.28646407633713,-222.73535313879384,3.057079584746368e-05,3.0565996111660444e-05,1.5183762888416066e-05,1.0,0.012793737453028184,0.010342365005081119
2014-06-11,1750,oas,select,pca_only,8,20,log_euclidean,0.01,0.006460854809430411,7915.896273872422,1813.1808036924697,528.2417145314864,264.1208572657433,-165.0184247937937,1.1985807213354683e-05,1.1981007477551446e-05,9.794831920717971e-06,2.1412669025397943,0.08693388279875938,0.06972824193279464
2014-06-11,1750,shrink,select,pca_only,8,20,log_euclidean,0.01,0.007449507815246706,7211.467360724749,1872.631701942941,850.4816168555348,425.24080842776726,-13.539989751885434,4.7680259811265734e-05,4.7675460075462496e-05,5.462871671548205e-06,2.350356047554864,0.10026403575376226,0.10200360540451213
2014-06-11,1750,persistence,select,pca_only,8,20,log_euclidean,0.01,0.03671390488675571,3424.0775182399034,2333.0990671598443,1877.368950448586,938.6844752242929,471.1660480023891,1.2555695516186762e-05,1.2550895780383526e-05,1.2174865651908667e-06,1.8591283426118606,0.06929263851168052,0.05780364432638141
2014-06-18,1755,similarity,select,pca_only,8,20,log_euclidean,0.01,0.0039056581318030886,2209.2485010118244,9215.40132013073,9187.202793473532,4593.601396736843,3947.0610919235733,0.00013902762872808932,0.00013902323413282145,3.732661744331927e-07,2.1076899761231846,0.07224508596179467,0.0690617919957094
2014-06-18,1755,rolling,select,pca_only,8,20,log_euclidean,0.01,0.007276401358439382,4673.473230606243,2218.5938020773483,2471.128231362761,1235.5641156813829,754.4070935837766,2.0791266531576203e-05,2.078687193630834e-05,1.7681469839446282e-06,3.0540244064903925,0.11705895962810373,0.14683830939533477
2014-06-18,1755,ewma,select,pca_only,8,20,log_euclidean,0.01,0.02775014596284124,4447.44931324057,2093.603628325291,1653.6529917498124,826.8264958749032,366.62464346055054,1.5459077106592675e-05,1.5454682511324812e-05,2.1859821074233643e-06,2.3629883603795303,0.09994650346982975,0.09446613714617128
2014-06-18,1755,ledoit_wolf,select,pca_only,8,20,log_euclidean,0.01,0.0015750291212602312,10793.729959224642,1817.6670509385497,386.07383821730025,193.03691910864984,-227.46951917275584,3.1282475959119613e-05,3.127808136385175e-05,1.28918622040487e-05,0.9999999999999999,0.01272382895407331,0.010324355342052125
2014-06-18,1755,oas,select,pca_only,8,20,log_euclidean,0.01,0.006421752177306973,7379.264705092299,1861.8632562344872,638.1046609677219,319.05233048386106,-112.92711691223303,1.4681216444423725e-05,1.4676821849155863e-05,7.183382774843747e-06,2.307235361930539,0.08713560009248456,0.0824529404596781
2014-06-18,1755,shrink,select,pca_only,8,20,log_euclidean,0.01,0.007245469332502571,6991.94072436006,1871.2110319297244,849.5196470637452,424.75982353187254,-13.646360903709645,3.913582047942405e-05,3.913142588415619e-05,5.029929613707584e-06,2.38695659711605,0.10044552588415928,0.09969586327029706
2014-06-18,1755,persistence,select,pca_only,8,20,log_euclidean,0.01,0.036600874404960786,3405.452614984031,2257.1700936507823,2076.4206477682405,1038.210323884121,568.2903469100575,2.3435552998632754e-05,2.343115840336489e-05,9.073912057822405e-07,1.6939244384211878,0.06335300958011685,0.0435809855464634
2014-06-25,1760,similarity,select,pca_only,8,20,log_euclidean,0.01,0.003928207445507559,2214.9336942831264,9036.635293513671,9770.353273205012,4885.176636602422,4234.438024571484,0.0001549657415384812,0.00015496155862762716,3.732661744332004e-07,2.107689976123231,0.07224508596179573,0.06906179199570993
2014-06-25,1760,rolling,select,pca_only,8,20,log_euclidean,0.01,0.007258411586810578,4600.23411784507,1974.7235090936529,2540.4411532776344,1270.2205766388167,788.6492186373578,2.5628334547138774e-05,2.5624151636284747e-05,1.4602496800657954e-06,2.899446461871683,0.0872115865191542,0.1259682416338502
2014-06-25,1760,ewma,select,pca_only,8,20,log_euclidean,0.01,0.01566780712212069,4405.912351796587,2052.9222719660556,2168.951978768575,1084.475989384286,613.6876710408694,2.7792607832462667e-05,2.778842492160864e-05,1.5598000760655414e-06,2.480167825806928,0.09899894059960097,0.09630389149842243
2014-06-25,1760,ledoit_wolf,select,pca_only,8,20,log_euclidean,0.01,0.0015854439590130011,10755.14653008784,1809.2586178527154,381.0690856263701,190.53454281318557,-226.28632887012918,3.3305500987848395e-05,3.330131807699437e-05,1.1546816338815628e-05,0.9999999999999998,0.011878961510712672,0.010186212488275762
2014-06-25,1760,oas,select,pca_only,8,20,log_euclidean,0.01,0.006424474141391945,7307.582531089631,1765.918802519528,657.4874553651572,328.74372768257876,-100.51475939394842,2.0456553258322743e-05,2.0452370347468716e-05,5.890435596122597e-06,2.16167611925738,0.06969320429754051,0.07082175700290819
2014-06-25,1760,shrink,select,pca_only,8,20,log_euclidean,0.01,0.007238156026327586,6848.039687517337,1776.6283424936203,912.7267281964456,456.3633640982231,19.159998528401147,2.4328982127305573e-05,2.4324799216451547e-05,4.022712921816164e-06,2.3319954533201326,0.09756048283854314,0.08989600443988013
2014-06-25,1760,persistence,select,pca_only,8,20,log_euclidean,0.01,0.036397924080427,3483.270181905499,2251.6034439771556,2330.8275392770515,1165.4137696385253,693.0273474617709,7.246632240557882e-05,7.24621394947248e-05,9.407537897711611e-07,1.704669918924018,0.06532577265110838,0.045008659664062894
2014-07-02,1765,similarity,select,pca_only,8,20,log_euclidean,0.01,0.0015919577540336963,1949.0677325662978,7793.936153527467,157327.91584706603,78663.95792353306,74551.7309664927,0.00011441048567591681,0.00011440574301282074,2.964576765745349e-08,2.494624708546258,0.120531784435641,0.11350515615924196
2014-07-02,1765,rolling,select,pca_only,8,20,log_euclidean,0.01,0.007195240265249752,4604.9689947078405,1886.8338003034905,3047.032826947996,1523.516413473998,1041.5527281511108,5.318612700584994e-05,5.318138434275386e-05,1.2752664983590343e-06,2.68942609342652,0.11298305672131714,0.11904734245917833
2014-07-02,1765,ewma,select,pca_only,8,20,log_euclidean,0.01,0.009164684571828887,4430.341379217218,1956.6830069671241,3011.6061279739392,1505.8030639869685,1025.0293872901284,4.199366495987921e-05,4.1988922296783134e-05,1.2416969962917688e-06,2.504012047941261,0.1028119999283129,0.10254340197883702
2014-07-02,1765,ledoit_wolf,select,pca_only,8,20,log_euclidean,0.01,0.0015994847623472747,10566.034270120987,1928.4463141626693,373.15470741230666,186.5773537061538,-226.51688199171764,5.2414699365918974e-05,5.24099567028229e-05,1.056504495598287e-05,1.0,0.012281133698188038,0.010213954653213321
2014-07-02,1765,oas,select,pca_only,8,20,log_euclidean,0.01,0.006437106603975035,7073.229297825432,1761.9059610353197,801.0541954197437,400.5270977098726,-27.167150209477757,3.744938940879395e-05,3.744464674569787e-05,4.6052905932204164e-06,2.0759038545997344,0.08355887532757424,0.06924209355496719
2014-07-02,1765,shrink,select,pca_only,8,20,log_euclidean,0.01,0.007182071190092206,6788.687639480744,1750.2665218015916,1010.5178628694537,505.25893143472734,71.93374534189559,4.358755863717011e-05,4.358281597407403e-05,3.4681030664875494e-06,2.176077041401348,0.10301299783878468,0.08600034058940668
2014-07-02,1765,persistence,select,pca_only,8,20,log_euclidean,0.01,0.036398781128331746,3550.3147437795865,2190.834183635722,2412.7792565267628,1206.3896282633818,739.1497950845876,5.004477358628644e-05,5.004003092319037e-05,1.0471400355530299e-06,1.796637681853702,0.0642254201798607,0.048871205386566426
2014-07-10,1770,similarity,select,pca_only,8,20,log_euclidean,0.01,5.1461465188506857e-05,1863.2251270832066,5283.586777415239,39020.12213169131,19510.061065845654,18556.85427922314,4.410131967587146e-05,4.410024611005794e-05,5.188382689749759e-08,2.8987395602609523,0.15064569975864042,0.1470650699655579
2014-07-10,1770,rolling,select,pca_only,8,20,log_euclidean,0.01,0.005863500528391585,4649.866372080562,1753.438086612084,881.2007975876147,440.6003987938017,-15.455386693407174,3.741737659558217e-05,3.741630302976865e-05,1.5555604620775765e-06,2.840886467767334,0.09897188559495639,0.12229192853271811
2014-07-10,1770,ewma,select,pca_only,8,20,log_euclidean,0.01,0.0057178170014490605,4460.78623157791,2412.5257635637618,875.1379366284765,437.5689683142404,-19.214745401571232,3.480813849094775e-05,3.480706492513423e-05,1.5636740645270558e-06,2.6266720585510552,0.09589208951194612,0.10672068043708871
2014-07-10,1770,ledoit_wolf,select,pca_only,8,20,log_euclidean,0.01,0.00015222834634759646,10766.98177978567,1396.1809315079258,417.771606976527,208.88580348826358,-241.7620470471158,4.850034707856331e-05,4.849927351274979e-05,1.1729362714272123e-05,1.0,0.012457483233525996,0.01020354941599482
2014-07-10,1770,oas,select,pca_only,8,20,log_euclidean,0.01,0.0050083000414871464,7326.603678389594,1625.4725201541223,365.6874086081739,182.84370430408651,-268.89902553380955,3.411196420785975e-05,3.411089064204623e-05,5.794483367984354e-06,2.033323426914721,0.07460530241319528,0.06284451493955559
2014-07-10,1770,shrink,select,pca_only,8,20,log_euclidean,0.01,0.005738346057372075,7302.905166886119,1397.603586977775,389.12228321412056,194.5611416070608,-256.1293507208985,5.2845878105261145e-05,5.284480453944763e-05,4.4636175832822795e-06,1.9780855866109432,0.12019016840881726,0.08450361349370397
2014-07-10,1770,persistence,select,pca_only,8,20,log_euclidean,0.01,0.0015592561578756945,3333.028567252565,2454.8474878607904,2538.65184677835,1269.325923389194,797.7149048305456,3.560596233342524e-05,3.5604888767611725e-05,2.9595409005584643e-07,1.9033270562088533,0.06155555919837896,0.054934449868277724
2014-07-17,1775,similarity,select,pca_only,8,20,log_euclidean,0.01,5.1316628691446845e-05,1803.151163670841,4848.776457960918,32972.457623163355,16486.22881158167,15673.68623810374,4.8584957081061086e-05,4.858348905520577e-05,4.956101731330251e-08,2.5295972320017253,0.12237857250418298,0.11428548663638952
2014-07-17,1775,rolling,select,pca_only,8,20,log_euclidean,0.01,0.0058621957514894355,4600.394920311084,1857.654476259051,878.2733658211205,439.13668291055546,-24.691994609200986,5.097314010926021e-05,5.097167208340489e-05,1.498797229561804e-06,2.840493780687621,0.0921285832369658,0.12155147728549688
2014-07-17,1775,ewma,select,pca_only,8,20,log_euclidean,0.01,0.003101245821221797,4380.5927372334745,2408.6026915634425,1033.9692395575617,516.984619778787,50.27842331542621,4.7106038514160556e-05,4.710457048830524e-05,1.2087971011009495e-06,2.6669846543503573,0.0904463873849865,0.10936460054052087
2014-07-17,1775,ledoit_wolf,select,pca_only,8,20,log_euclidean,0.01,0.00015447162101275545,10757.099574982823,1600.3315684736444,419.7943580506187,209.89717902530955,-242.35204234105225,5.318242556245821e-05,5.3180957536602894e-05,1.1729681392814111e-05,1.0,0.012529832523121245,0.01019904561739284
2014-07-17,1775,oas,select,pca_only,8,20,log_euclidean,0.01,0.0050115756045550335,7290.255594760178,1760.971381619575,364.87202551953425,182.43601275976752,-271.90558958234516,4.2962499976192656e-05,4.296103195033734e-05,5.761313140863221e-06,2.0553815353591007,0.06919813590039867,0.0639583507393372
2014-07-17,1775,shrink,select,pca_only,8,20,log_euclidean,0.01,0.0057379490459828425,7272.767751316391,1526.0646483084943,375.23023634305025,187.61511817152513,-266.65393227843595,6.105060552260206e-05,6.104913749674674e-05,4.41780975484098e-06,1.9520887799381783,0.11162095983004952,0.08711851037070953
2014-07-17,1775,persistence,select,pca_only,8,20,log_euclidean,0.01,0.00156146852356421,3172.760522906565,2609.119218328447,2332.985665399145,1166.4928326996032,681.8204635390148,4.0417564519958004e-05,4.041609649410269e-05,2.8549234375858394e-07,1.8764263675309323,0.05554669874628403,0.0524348653436201
2014-07-24,1780,similarity,select,pca_only,8,20,log_euclidean,0.01,3.431882755248367e-05,1805.6111614140073,4450.373861390574,37989.41798697871,18994.70899348937,18063.618722296385,5.536493154566241e-05,5.536261892790702e-05,3.9589204321929645e-08,2.79906985340836,0.1543939606087123,0.14173629433372187
2014-07-24,1780,rolling,select,pca_only,8,20,log_euclidean,0.01,0.005864065581991978,4548.374637432361,1898.3943572669316,693.1524534820912,346.57622674104533,-123.43621018341621,4.4672987193874405e-05,4.4670674576119015e-05,1.432997190095118e-06,2.680327313249087,0.132718976275829,0.1176181623424234
2014-07-24,1780,ewma,select,pca_only,8,20,log_euclidean,0.01,0.0016959744758760049,4332.972175956524,2159.4002934165187,920.4380010700343,460.2190005350174,-13.420501033430018,4.301618457003422e-05,4.301387195227883e-05,9.419911569098851e-07,2.5991021300899573,0.11755327677193719,0.108561182877746
2014-07-24,1780,ledoit_wolf,select,pca_only,8,20,log_euclidean,0.01,0.00014493939855143135,10771.906203663717,1748.6973220351304,437.96319776945677,218.98159888472838,-244.42270721031213,5.42522614444854e-05,5.424994882673001e-05,1.1713073805414814e-05,0.9999999999999999,0.013045256053440764,0.010181977560009731
2014-07-24,1780,oas,select,pca_only,8,20,log_euclidean,0.01,0.005007264244048086,7319.45912580277,1839.9314929599002,345.32184773687925,172.66092386843928,-291.9963080365936,4.3486054757964015e-05,4.3483742140208625e-05,5.655097578856842e-06,1.9297465805828555,0.09191258736307557,0.06404978848537632
2014-07-24,1780,shrink,select,pca_only,8,20,log_euclidean,0.01,0.005740410001929626,7300.100731841693,1606.4681331041577,366.4002612414049,183.20013062070205,-281.9966838428957,5.9911596344311805e-05,5.9909283726556415e-05,4.249953303168896e-06,1.9005184787933769,0.11197164369218077,0.08759977523559904
2014-07-24,1780,persistence,select,pca_only,8,20,log_euclidean,0.01,0.001573116546026724,3263.3151446020897,2607.542001241548,1768.850096372169,884.4250481861449,397.38569031800176,4.2663215929319436e-05,4.2660903311564046e-05,2.8694004987838547e-07,1.8269766822568652,0.04766424673518659,0.04953536510295577
2014-07-31,1785,similarity,select,pca_only,8,20,log_euclidean,0.01,1.4597299597913524e-05,1788.3209693321546,5585.452295659366,26455.987677010373,13227.993838505172,12523.838628930296,2.748405251518049e-05,2.748301489684898e-05,3.800220118667986e-08,2.6134105459273016,0.12862084084749265,0.11724772228888926
2014-07-31,1785,rolling,select,pca_only,8,20,log_euclidean,0.01,0.0058540440020400895,4467.121557965362,1638.0215080375535,588.0743118659825,294.03715593299455,-188.63308571735848,2.7364363615550265e-05,2.7363325997218754e-05,1.4877701997405677e-06,2.7511244559258254,0.1212259555828694,0.1203522201320267
2014-07-31,1785,ewma,select,pca_only,8,20,log_euclidean,0.01,0.0009230738827767848,4283.674976504297,1725.4185109569032,889.5111686838561,444.75558434192783,-42.422621971326805,2.7660502179113966e-05,2.7659464560782455e-05,8.071864849726253e-07,2.690855606990934,0.10575218962506384,0.11650788786867572
2014-07-31,1785,ledoit_wolf,select,pca_only,8,20,log_euclidean,0.01,0.00012248402355829398,10771.545067447663,1213.8942801524079,463.7798333508546,231.889916675427,-246.63259091273045,2.5854493732485655e-05,2.5853456114154144e-05,1.1455764999668714e-05,1.0,0.013020560472801462,0.0101693906730775
2014-07-31,1785,oas,select,pca_only,8,20,log_euclidean,0.01,0.004999092637345337,7299.420644176584,1503.1883579217292,347.16791157073675,173.58395578536852,-305.7349552495856,2.3346176859020857e-05,2.3345139240689346e-05,5.563128240190229e-06,1.9652419781015522,0.08082438893904945,0.060270904563099977
2014-07-31,1785,shrink,select,pca_only,8,20,log_euclidean,0.01,0.00572632663760086,7257.012964619797,1269.5237166014422,358.0794127741251,179.03970638706238,-300.15861691993933,2.535426173397513e-05,2.5353224115643618e-05,4.153109089485806e-06,1.9036509573186888,0.15065354217951038,0.08919526479421695
2014-07-31,1785,persistence,select,pca_only,8,20,log_euclidean,0.01,0.0015770915513536902,3248.135519783562,2111.6348958645995,1349.886324460415,674.9431622302224,195.11694025827717,2.1371733991156658e-05,2.1370696372825147e-05,3.780042482141667e-07,1.978843962251569,0.06327397368530525,0.06163968431652345
2014-08-07,1790,similarity,select,pca_only,8,20,log_euclidean,0.01,1.1447653095690842e-05,1744.3202066463323,6698.509046010928,27511.939953658595,13755.969976829309,13167.657719707979,2.8808288896344977e-05,2.880746451674964e-05,4.0392048396241865e-08,2.8761409851116513,0.15952166649528668,0.14785531289250245
2014-08-07,1790,rolling,select,pca_only,8,20,log_euclidean,0.01,0.0058301802232335696,4532.125797413137,1495.7624954899075,555.7550482116319,277.8775241058145,-208.83735119893245,1.7376277914389043e-05,1.7375453534793707e-05,1.8349757748682664e-06,3.0855354352197093,0.10450995123105676,0.1426246409707942
2014-08-07,1790,ewma,select,pca_only,8,20,log_euclidean,0.01,0.0005271708836662068,4340.7394474330895,1377.097857752703,906.7971954837451,453.3985977418834,-34.37529049954489,1.8427414362923417e-05,1.842658998332808e-05,8.767894744901143e-07,3.134030686629109,0.0946303945219446,0.14671739349341867
2014-08-07,1790,ledoit_wolf,select,pca_only,8,20,log_euclidean,0.01,0.00012070036204751952,10792.963529692437,911.9965169136835,478.4537882079982,239.226894103999,-246.94371570488215,1.5169501119867348e-05,1.5168676740272012e-05,1.2026240271311727e-05,1.0000000000000002,0.012483119327532434,0.010178081245104355
2014-08-07,1790,oas,select,pca_only,8,20,log_euclidean,0.01,0.004966857442531144,7350.56486513434,1282.6647370696642,352.657106982325,176.32855349116238,-310.0949030419226,1.6007939282376407e-05,1.600711490278107e-05,6.702335230872117e-06,2.0844218563159673,0.07075177119329197,0.06881802360940177
2014-08-07,1790,shrink,select,pca_only,8,20,log_euclidean,0.01,0.005697499214948361,7347.577364894577,1064.3823438801717,362.91511428149147,181.45755714074556,-304.3734026205105,1.71823191361735e-05,1.7181494756578165e-05,5.7157065521629524e-06,2.0768241997341175,0.15684891407107834,0.10522612079089119
2014-08-07,1790,persistence,select,pca_only,8,20,log_euclidean,0.01,6.223829040217804e-05,3278.776736720445,1090.0337518587553,3074.0211603341186,1537.0105801670697,1070.1540880370583,1.988854035326715e-05,1.9887715973671814e-05,1.3940837174654739e-07,1.9275983845189344,0.06943338764261622,0.05814839551212601
2014-08-14,1795,similarity,select,pca_only,8,20,log_euclidean,0.01,9.289075087008157e-06,1707.2036128386703,6490.98591312136,31623.608161386866,15811.80408069343,14988.853420983438,3.445837434718881e-05,3.445720163434226e-05,3.723397289012e-08,3.2312654462523365,0.18032707313838328,0.17832255583650283
2014-08-14,1795,rolling,select,pca_only,8,20,log_euclidean,0.01,0.005825593116152001,4484.95630734546,1453.1208438436593,526.6532995534615,263.3266497767323,-229.481198044104,2.4318432608429084e-05,2.4317259895582538e-05,1.8966359232934653e-06,3.1242172061908104,0.08974279749590104,0.14528912199480984
2014-08-14,1795,ewma,select,pca_only,8,20,log_euclidean,0.01,0.0002922284318644617,4288.614123979015,1239.5166628704103,1000.3298467625173,500.1649233812567,1.3990954088810938,2.4063022752092697e-05,2.406185003924615e-05,8.90351024684847e-07,3.465273646098678,0.09494023925362606,0.17690489187810404
2014-08-14,1795,ledoit_wolf,select,pca_only,8,20,log_euclidean,0.01,0.00012125998884181264,10798.132749632852,922.2310233166321,482.26456372566224,241.13228186283166,-247.32757132527337,1.6068152423167047e-05,1.60669797103205e-05,1.2335412024595472e-05,1.0000000000000002,0.01268479928964991,0.010187107070326589
2014-08-14,1795,oas,select,pca_only,8,20,log_euclidean,0.01,0.0049593867782813245,7331.618333286713,1243.0097038068786,349.02136113677284,174.51068056838722,-314.76089425093005,1.792352299792459e-05,1.7922350285078045e-05,7.312857807322195e-06,2.2418328693120895,0.06336607515762671,0.07745849878915263
2014-08-14,1795,shrink,select,pca_only,8,20,log_euclidean,0.01,0.005691809040537366,7338.703118272055,1030.5254871650554,356.7413963675824,178.3706981837915,-311.05013812997436,1.162366999612755e-05,1.1622497283281002e-05,6.5572648687697775e-06,2.1450027950252943,0.22031869026817852,0.12431149930257174
2014-08-14,1795,persistence,select,pca_only,8,20,log_euclidean,0.01,6.0376561700978515e-05,3221.873239920649,1181.8120455684118,2905.846493228162,1452.9232466140788,933.6601214258153,1.9234748375152456e-05,1.923357566230591e-05,1.7384392943137216e-07,2.146671824485103,0.07064036011681857,0.07436725632585521
2014-08-21,1800,similarity,select,pca_only,8,20,log_euclidean,0.01,1.0171186623472145e-05,1719.4782116150786,6849.091678103388,23190.495989075123,11595.247994537542,10885.773314986582,3.653784461047766e-05,3.653711903650577e-05,3.670075961145554e-08,2.6308025804317103,0.12840750489484995,0.126490786164695
2014-08-21,1800,rolling,select,pca_only,8,20,log_euclidean,0.01,0.000251979408239629,4287.567613636219,1448.7480391632303,1106.5274100502813,553.263705025121,55.47449595526946,2.231972574803788e-05,2.2319000174065987e-05,8.567915861484701e-07,4.0077870695378515,0.11205677459414642,0.23432957334614044
2014-08-21,1800,ewma,select,pca_only,8,20,log_euclidean,0.01,6.488114218857503e-05,4093.62292926043,1161.8660294224806,1471.3367268849659,735.6683634424818,233.0166847265005,2.6580869369253144e-05,2.658014379528125e-05,6.621023790243894e-07,4.178827276409895,0.11861892150771161,0.24587142139280488
2014-08-21,1800,ledoit_wolf,select,pca_only,8,20,log_euclidean,0.01,7.341304242659095e-05,8005.5525920875525,972.5450513259501,355.8055887525065,177.90279437625335,-310.3861374709617,1.1092850901132716e-05,1.1092125327160825e-05,1.0595270166579061e-05,1.5228939976141374,0.048571290571543274,0.03570386423321647
2014-08-21,1800,oas,select,pca_only,8,20,log_euclidean,0.01,0.00019535763836851116,6608.404054648272,1281.1195285512479,347.26268876391185,173.63134438195752,-315.42965922581567,1.525547716474795e-05,1.5254751590776057e-05,5.333174739056564e-06,2.6339674390609145,0.0712325227810327,0.10538461686414606
2014-08-21,1800,shrink,select,pca_only,8,20,log_euclidean,0.01,0.00013071155050091071,7200.094272739823,1004.1182746823174,339.54018338320077,169.77009169160047,-318.81947121785635,8.690412572080227e-06,8.689686998108335e-06,6.7680772045677005e-06,2.2204643339113392,0.22327494805417283,0.13749081056128526
2014-08-21,1800,persistence,select,pca_only,8,20,log_euclidean,0.01,3.968107468638698e-05,2995.2427631704522,1282.7829443355376,3363.2919678535677,1681.6459839267732,1172.8523054864313,1.1812411949417712e-05,1.181168637544582e-05,1.976661773808474e-07,2.5079343711379845,0.1013513153179262,0.10595399740736462
2014-08-28,1805,similarity,select,pca_only,8,20,log_euclidean,0.01,1.9438968621490907e-05,1799.7073737365472,3831.921456337916,25286.393669548248,12643.196834774111,12007.21764340334,5.382601979430635e-05,5.3823566640967996e-05,4.4118189588342913e-08,2.8767652832963244,0.15448516543762755,0.14140815464177756
2014-08-28,1805,rolling,select,pca_only,8,20,log_euclidean,0.01,0.00024827848575162187,4286.919471923289,1765.5152386674538,1207.4182772838233,603.709138641913,116.63400136471064,2.8323690877740352e-05,2.8321237724402e-05,8.445586991308972e-07,3.861382929975021,0.14364122772201726,0.2369575327427235
2014-08-28,1805,ewma,select,pca_only,8,20,log_euclidean,0.01,4.0023334259533416e-05,4093.680039841156,1185.442826063519,1862.3740519493476,931.1870259746738,435.8542850322248,3.311616139678092e-05,3.311370824344257e-05,6.10434651423024e-07,4.34036660982835,0.13775130877086927,0.28000188087204786
2014-08-28,1805,ledoit_wolf,select,pca_only,8,20,log_euclidean,0.01,8.289665821361634e-05,7996.623405048322,1728.9728181391329,333.8802817781604,166.94014088908006,-307.4453578551944,2.759087618630019e-05,2.7588423032961838e-05,1.0251892782846943e-05,1.4686785863639138,0.04993012416369904,0.033369654939633696
2014-08-28,1805,oas,select,pca_only,8,20,log_euclidean,0.01,0.000195556897768878,6588.689585402742,1742.9898764359114,336.76584823934155,168.38292411967095,-306.99842650280135,2.2429851625637396e-05,2.2427398472299045e-05,5.376604947727568e-06,2.562118103610772,0.10248678398531923,0.10684164713021713
2014-08-28,1805,shrink,select,pca_only,8,20,log_euclidean,0.01,0.00013547203724272923,7178.422729694951,1533.5171832055166,325.5017765852146,162.750888292607,-312.34152149966445,2.150503299214523e-05,2.150257983880688e-05,6.397069561387449e-06,2.119350926580417,0.1934697263713748,0.13537111449309663
2014-08-28,1805,persistence,select,pca_only,8,20,log_euclidean,0.01,2.7585135686461898e-05,3005.4042749298633,1111.79004395894,5492.645341319243,2746.3226706596324,2254.9764485518253,3.4952951784918796e-05,3.4950498631580445e-05,8.99875324338471e-08,1.9797545572988393,0.09489601692318586,0.06651761678075077
2014-09-05,1810,similarity,select,pca_only,8,20,log_euclidean,0.01,3.677102882848733e-05,1845.1017816499632,2901.605433808363,22462.645314479927,11231.32265723997,10561.688693239294,4.942233276436213e-05,4.9418962422099094e-05,3.438033126761173e-08,2.4791962459210013,0.09320961496469767,0.10073570772104537
2014-09-05,1810,rolling,select,pca_only,8,20,log_euclidean,0.01,0.0002613135838704954,4344.043770172598,2102.9656931811573,1344.282061980159,672.1410309900682,193.7729644113386,2.4644152894566362e-05,2.4640782552303327e-05,7.165527259545808e-07,3.5730614288029154,0.15077792284043948,0.2069101633687723
2014-09-05,1810,ewma,select,pca_only,8,20,log_euclidean,0.01,5.1501976474278586e-05,4152.602982402073,1481.017937750687,2298.039588296877,1149.0197941484314,664.3545013618584,2.7258683502129002e-05,2.7255313159865968e-05,5.122224612301394e-07,4.129990426243833,0.14046365144393522,0.2673928434710639
2014-09-05,1810,ledoit_wolf,select,pca_only,8,20,log_euclidean,0.01,0.00010326802301332685,7949.52028532237,2152.069878842678,323.98836681272434,161.99418340636203,-306.77838991463034,4.026505190563702e-05,4.026168156337398e-05,9.348365838444537e-06,1.4623172788960475,0.048055860615119114,0.032682701409212575
2014-09-05,1810,oas,select,pca_only,8,20,log_euclidean,0.01,0.00021224328107247628,6510.555146954803,2107.686996506367,340.2992540610094,170.14962703050577,-299.53072605944465,2.779586009168555e-05,2.7792489749422516e-05,4.525607717699546e-06,2.487920672155104,0.10121795434970508,0.10035470093293455
2014-09-05,1810,shrink,select,pca_only,8,20,log_euclidean,0.01,0.0001533502303052922,7145.30033598619,1907.7008636435335,327.7548184636123,163.87740923180615,-305.2031717952277,3.2078964067331595e-05,3.207559372506856e-05,5.741913230101362e-06,2.093758590661957,0.19839574120836753,0.13086655019290425
2014-09-05,1810,persistence,select,pca_only,8,20,log_euclidean,0.01,5.3528940231291567e-05,2970.9032351851642,1542.3562271667354,6719.287293939266,3359.6436469696364,2885.1492675245263,5.141326910404773e-05,5.14098987617847e-05,6.333420953079609e-08,1.9065778016124966,0.05243412439838667,0.05518385318804848
2014-09-12,1815,similarity,select,pca_only,8,20,log_euclidean,0.01,0.00016839326194917928,1748.0508624887443,2032.1030770009907,43873.94231938857,21936.97115969428,21403.213986848663,5.57939516504145e-05,5.57835768225786e-05,3.5847519101567496e-08,3.140215049010724,0.15542372611214794,0.166668200330799
2014-09-12,1815,rolling,select,pca_only,8,20,log_euclidean,0.01,0.00036137214466469916,4338.8366192663825,2781.9578872616685,1754.789843728496,877.3949218642398,413.3320167399453,9.233287813316363e-05,9.232250330532773e-05,6.144297697887467e-07,3.2928464884633573,0.1388260336200382,0.18410863899724897
2014-09-12,1815,ewma,select,pca_only,8,20,log_euclidean,0.01,0.00016205512326453923,4141.209638298176,2046.383595581022,3399.173500851426,1699.5867504257167,1222.3970477189391,9.580851156559238e-05,9.579813673775647e-05,4.05582351647438e-07,3.9311486425563134,0.1255491220696768,0.2442197779182676
2014-09-12,1815,ledoit_wolf,select,pca_only,8,20,log_euclidean,0.01,0.00022332783142651542,7933.924865943942,3060.848852819697,305.8139725809996,152.90698629049933,-296.25145603452876,0.00010305358552027288,0.00010304321069243698,9.180115033593799e-06,1.4959840781531444,0.05282103051324435,0.03336215289457185
2014-09-12,1815,oas,select,pca_only,8,20,log_euclidean,0.01,0.0003176918137363214,6483.100347174235,2858.615514633231,364.5503776332688,182.27518881663264,-267.9667650127752,9.472381173898553e-05,9.471343691114962e-05,4.176402642541139e-06,2.4578200308039837,0.10726688796319354,0.10036480026369483
2014-09-12,1815,shrink,select,pca_only,8,20,log_euclidean,0.01,0.0002649634485840259,7112.8562545732475,2684.1058013803136,322.8403763847062,161.42018819235264,-288.52730825920696,7.818397724385392e-05,7.817360241601801e-05,5.306818640888442e-06,2.030862388467329,0.18624534348722216,0.12258461019784928
2014-09-12,1815,persistence,select,pca_only,8,20,log_euclidean,0.01,0.00017415170395673881,3011.7387882212934,2118.796092719855,9198.559347211261,4599.279673605631,4178.669055028429,0.00010346559793444662,0.00010345522310661072,8.256823117068513e-08,2.103077612431289,0.08644928623198408,0.07490102027706994
2014-09-19,1820,similarity,select,pca_only,8,20,log_euclidean,0.01,0.00019949266534592374,1920.2411418825554,2557.1204016026845,33412.28124738224,16706.140623691128,15932.841876825845,0.00010997152412737556,0.00010996334501655862,4.2944786367857234e-08,2.3557133040216436,0.10141243963549794,0.09562202986753754
2014-09-19,1820,rolling,select,pca_only,8,20,log_euclidean,0.01,0.00020406196136059617,4338.659254476266,1135.873410101032,4801.169208668002,2400.5846043340034,1937.4038786866943,0.00014735703221086327,0.00014734885310004633,3.22214751025928e-07,3.5033629798153805,0.12453515073998213,0.18755562672789391
2014-09-19,1820,ewma,select,pca_only,8,20,log_euclidean,0.01,0.0002209667042358161,4136.777578260642,1331.656228465409,5966.16954525488,2983.084772627437,2510.888883674931,0.00016131737918575166,0.00016130920007493473,3.34233236063889e-07,4.0242674302679005,0.10747709738133836,0.2336910585322303
2014-09-19,1820,ledoit_wolf,select,pca_only,8,20,log_euclidean,0.01,0.00023197195427224904,6919.9011778430395,1699.84261069272,351.05773489706826,175.52886744853419,-259.411388597687,0.00012840680128723154,0.0001283986221764146,6.009471277908572e-06,2.0438050008745767,0.07851864398985084,0.06292408064809213
2014-09-19,1820,oas,select,pca_only,8,20,log_euclidean,0.01,0.00022403511117319183,6665.1642832558155,1530.8509513580375,388.5813701318019,194.29068506590093,-240.9569824759007,0.00013057163830936842,0.0001305634591985515,5.1058313640092625e-06,2.2764288373813066,0.08947886194447328,0.07998424725043134
2014-09-19,1820,shrink,select,pca_only,8,20,log_euclidean,0.01,0.00022518998758744793,6504.429796675511,1453.0583656857393,410.555240989045,205.2776204945225,-231.8375029375512,0.0001295906070506162,0.00012958242793979926,4.544889776480305e-06,2.365619361991902,0.1678295122686963,0.11434100818307294
2014-09-19,1820,persistence,select,pca_only,8,20,log_euclidean,0.01,0.00024644503959943037,3199.3850538468414,1903.6406042676545,15355.862993824727,7677.931496912371,7232.976231919469,0.00012538645752699246,0.00012537827841617552,5.74778799474784e-08,1.8127265510090906,0.06302244113445343,0.052019306501311625
2014-09-26,1825,similarity,select,pca_only,8,20,log_euclidean,0.01,0.000363528267689205,1915.816801823291,2681.6202826164445,64050.18174805156,32025.09087402578,30996.262326705513,8.856327305183074e-05,8.855381717893641e-05,3.469450003834897e-08,2.727555377527168,0.1447152604158244,0.125081120620131
2014-09-26,1825,rolling,select,pca_only,8,20,log_euclidean,0.01,0.00029124818871121704,4303.088462565473,855.8570783580599,4826.225139579267,2413.112569789633,1920.010429599882,0.00015623791980802918,0.00015622846393513487,5.148484749943689e-07,4.305700173008822,0.13033505502382994,0.2844945752707071
2014-09-26,1825,ewma,select,pca_only,8,20,log_euclidean,0.01,0.00026223809723551676,4103.196607784204,669.7760416510746,5378.594617888838,2689.2973089444154,2187.873325803984,0.00015975960842378646,0.00015975015255089215,5.22325870247287e-07,4.611592605030366,0.1288048891705789,0.30795571731642357
2014-09-26,1825,ledoit_wolf,select,pca_only,8,20,log_euclidean,0.01,0.00032563107853873037,6738.95120775927,1277.215112617061,385.39561958941965,192.69780979471008,-236.04462250076548,0.00012915526548365385,0.00012914580961075953,7.500682257394594e-06,2.5566616444201764,0.08815758790532624,0.09886455771311846
2014-09-26,1825,oas,select,pca_only,8,20,log_euclidean,0.01,0.00031796885343007614,6541.163192250178,1166.659946039362,428.35617604967274,214.17808802483677,-215.33382520254023,0.00013122856412665237,0.00013121910825375805,6.539569861703308e-06,2.7926013844615016,0.09489268260213114,0.11870884307149783
2014-09-26,1825,shrink,select,pca_only,8,20,log_euclidean,0.01,0.0003257977898840586,6548.6074277856205,1185.0818063890054,395.9073012050176,197.95365060250896,-232.39287570373762,0.00012738035668193452,0.0001273709008090402,6.628305256930885e-06,2.7009221571352433,0.1389322556153997,0.13571592101857619
2014-09-26,1825,persistence,select,pca_only,8,20,log_euclidean,0.01,0.0002799878849676307,3312.8394646162337,831.3811342714073,12019.086873152914,6009.543436576463,5467.198608185597,0.0001418515389767037,0.00014184208310380939,1.9779701824695862e-07,2.82865195524816,0.11151163667060852,0.1309115018777481
2014-10-03,1830,similarity,select,pca_only,8,20,log_euclidean,0.01,0.000402736898745568,1871.1605834840561,3030.872819221995,75677.21595513404,37838.60797756702,36977.25608215395,0.0001244431796357811,0.0001244331119235982,3.700140660081283e-08,2.8770372766020413,0.13009366017926266,0.13823388432709627
2014-10-03,1830,rolling,select,pca_only,8,20,log_euclidean,0.01,0.0003146820597288336,4418.98375091735,617.2956314634405,6941.140571268004,3470.570285633999,2921.9194033037306,0.0001679642327570793,0.00016795416504489642,5.301624388448143e-07,4.32120137625652,0.16833225669922952,0.30941412849550226
2014-10-03,1830,ewma,select,pca_only,8,20,log_euclidean,0.01,0.00027330659243971834,4220.8710900405,547.6304548036572,6695.172522209503,3347.5862611047537,2809.8531927903155,0.00016451515106807413,0.00016450508335589124,5.517366492371816e-07,4.296170930529299,0.1684654819426868,0.2984813303143637
2014-10-03,1830,ledoit_wolf,select,pca_only,8,20,log_euclidean,0.01,0.0003465728947580273,6569.031337319395,866.6237136377856,512.4087667455469,256.2043833727737,-167.18333199003905,0.00012960683495459504,0.00012959676724241215,7.049086538972333e-06,2.7603060780090285,0.10041261420511453,0.12260159968865698
2014-10-03,1830,oas,select,pca_only,8,20,log_euclidean,0.01,0.00034140007668670566,6433.864525907458,812.8917530215124,568.8224202494591,284.41121012472956,-140.15328856533512,0.0001318390016372933,0.0001318289339251104,6.328796343454886e-06,2.9306939098040865,0.10889003627873714,0.1380828742468055
2014-10-03,1830,shrink,select,pca_only,8,20,log_euclidean,0.01,0.0003530335112073924,6541.227693526483,868.5336565642817,475.8931049202729,237.94655246013633,-185.93142291667158,0.00011685762663374643,0.00011684755892156353,6.569608372460856e-06,2.7216001287449365,0.16582555676719402,0.15093959375978316
2014-10-03,1830,persistence,select,pca_only,8,20,log_euclidean,0.01,0.00026225716603471127,3436.2317499431147,629.0299464957767,13140.168361802862,6570.084180901425,6053.195577252723,0.00013087921961066318,0.0001308691518984803,2.6552450516407726e-07,3.176956870111039,0.13612156416558394,0.15478268826464125
2014-10-10,1835,similarity,select,pca_only,8,20,log_euclidean,0.01,0.0001528156384789733,1940.6433688829484,5269.70981156619,63009.13312286478,31504.56656143238,30376.541561999173,6.373117962371876e-05,6.372787174322552e-05,4.952138029233534e-08,2.8601444636341067,0.1461122820918644,0.14219214976945418
2014-10-10,1835,rolling,select,pca_only,8,20,log_euclidean,0.01,0.00010648389591016988,4418.102016844722,755.5590991306614,6033.584866374284,3016.7924331871454,2509.9306575884752,0.00020344704262162703,0.00020344373474113378,1.188271392834848e-06,6.174460865058424,0.1947898333472254,0.6008051477242845
2014-10-10,1835,ewma,select,pca_only,8,20,log_euclidean,0.01,0.00012953165821481745,4250.100281925494,1275.5589584553018,4748.943128263611,2374.471564131802,1892.5463012344785,0.00014821754775313156,0.0001482142398726383,1.476246668089738e-06,5.8479896371058215,0.18620391520950974,0.5250065525675468
2014-10-10,1835,ledoit_wolf,select,pca_only,8,20,log_euclidean,0.01,0.0001121759894031653,6386.487763363293,529.1374066155861,581.3773343912708,290.68866719563516,-140.22490848396342,9.96775444086318e-05,9.967423652813855e-05,1.0315834186091333e-05,3.7617534626592497,0.11655095155119477,0.21277352882906297
2014-10-10,1835,oas,select,pca_only,8,20,log_euclidean,0.01,0.00011083544715208377,6219.35288339646,558.9381725522492,673.3481391647973,336.67406958239826,-95.53084191544782,0.0001082725886613015,0.00010826928078080826,9.026496546865714e-06,4.069330397603657,0.1282062897600255,0.24833617519426465
2014-10-10,1835,shrink,select,pca_only,8,20,log_euclidean,0.01,0.00011755267372845265,6671.1234730774795,485.41325857919537,444.8992239061964,222.44961195309804,-207.06946628680393,7.498641923116774e-05,7.49831113506745e-05,1.1387435472568551e-05,3.123893584140664,0.17361498348636145,0.1980325095825565
2014-10-10,1835,persistence,select,pca_only,8,20,log_euclidean,0.01,0.0001393735213278044,3476.5606140839145,1349.7098553690284,8217.665354201768,4108.832677100896,3641.7451238751464,6.977844965910583e-05,6.977514177861259e-05,6.623005560705522e-07,4.06936324284155,0.13420190025707557,0.2522558252878211
2014-10-17,1840,similarity,select,pca_only,8,20,log_euclidean,0.01,9.945688128283748e-05,1926.9196503846338,5547.224504360443,80610.24628870418,40305.123144352096,39131.05973109384,4.840380787507016e-05,4.840232819583154e-05,3.3266198582177416e-08,3.020853957752495,0.1947790752103504,0.16307899030393644
2014-10-17,1840,rolling,select,pca_only,8,20,log_euclidean,0.01,7.553484351840908e-05,4450.562124333851,888.8791603853931,4342.3304800901615,2171.1652400450753,1708.171166812212,0.00011952499949579123,0.00011952351981655261,1.5757107766923236e-06,6.840671072901749,0.23734150508232912,0.6933958271407693
2014-10-17,1840,ewma,select,pca_only,8,20,log_euclidean,0.01,0.0001554203010702738,4276.92485189357,1227.9166091997638,3001.7713270734653,1500.8856635367338,1052.8287180722898,6.897130917392844e-05,6.896982949468982e-05,2.039542700181871e-06,6.008151432658785,0.17007290567954356,0.5079205961099532
2014-10-17,1840,ledoit_wolf,select,pca_only,8,20,log_euclidean,0.01,7.096473857242146e-05,6652.747438000537,589.6933285711716,444.30505215643825,222.15252607821876,-218.619936711828,3.077435359704136e-05,3.077287391780274e-05,1.3574014836708655e-05,3.5816098535224254,0.0930976203634103,0.1858304344272965
2014-10-17,1840,oas,select,pca_only,8,20,log_euclidean,0.01,7.152924335526251e-05,6410.1421679246605,639.8765342920083,518.8803128582992,259.4401564291494,-181.7609317826345,3.8292977861638985e-05,3.8291498182400365e-05,1.1607935897208669e-05,4.083435943158897,0.11183656538128169,0.23716248693814243
2014-10-17,1840,shrink,select,pca_only,8,20,log_euclidean,0.01,7.13066839576287e-05,6764.334309281789,571.4112807178535,403.65816583525594,201.8290829176277,-239.02093476709192,2.9855994885831156e-05,2.9854515206592536e-05,1.3697336390603647e-05,3.290596490541933,0.11088215827466784,0.17768581022483299
2014-10-17,1840,persistence,select,pca_only,8,20,log_euclidean,0.01,0.00019655516584133546,3543.323146854165,1442.508792136112,4970.619714839547,2485.3098574197625,2020.166043572429,4.457549956207907e-05,4.457401988284045e-05,7.476028276686823e-07,3.4792169026200255,0.13412197371213752,0.21096742607338692
2014-10-24,1845,similarity,select,pca_only,8,20,log_euclidean,0.01,6.0857103808128784e-05,1921.1943201072668,7553.6206901858195,44550.277673236815,22275.13883661841,21627.938721390914,2.9213634484156152e-05,2.9213225559036912e-05,2.9498575675662977e-08,2.2804485029378143,0.09237509249328904,0.08971285252342737
2014-10-24,1845,rolling,select,pca_only,8,20,log_euclidean,0.01,0.00011102779254484119,4522.901731211138,1564.7352888042135,3281.652220462083,1640.826110231043,1170.228244653392,6.506471908952847e-05,6.506431016440922e-05,1.6803333914250148e-06,6.4026168825904115,0.19976879558079985,0.6465710597286414
2014-10-24,1845,ewma,select,pca_only,8,20,log_euclidean,0.01,0.00027776330201571055,4371.866689752062,1985.1389419395944,2396.1809757463307,1198.0904878731708,739.8712210748278,5.302376699214614e-05,5.3023358067026906e-05,2.195617676344553e-06,5.992250387983348,0.19712924008671165,0.5238691483828397
2014-10-24,1845,ledoit_wolf,select,pca_only,8,20,log_euclidean,0.01,8.580477688145642e-05,6736.540859779516,1054.78891395983,418.15581724526226,209.07790862263155,-242.67371435449567,2.537383391584164e-05,2.53734249907224e-05,1.4275579822342062e-05,3.5796703238965186,0.1281722860988998,0.20281655653117422
2014-10-24,1845,oas,select,pca_only,8,20,log_euclidean,0.01,9.078710336118961e-05,6519.022230184096,1153.950371287554,470.24873011045304,235.12436505522626,-216.9075620692941,2.9128188209860867e-05,2.9127779284741626e-05,1.226563807275438e-05,3.9774033061495366,0.14023503208934482,0.2505284012141087
2014-10-24,1845,shrink,select,pca_only,8,20,log_euclidean,0.01,7.504054107426635e-05,6963.086440715998,917.9219175238147,372.70114956354655,186.35057478177308,-265.71611404899113,1.8164660477141824e-05,1.8164251552022584e-05,1.546672135622766e-05,3.0954555911978336,0.13992369668874424,0.17432060974555375
2014-10-24,1845,persistence,select,pca_only,8,20,log_euclidean,0.01,0.00038483955447718166,3550.9584936856636,2228.298015064006,3623.905737936331,1811.9528689681601,1354.8099801082305,9.138372280122899e-05,9.138331387610974e-05,8.382819815876013e-07,3.297853116029337,0.12311683070651391,0.20096842667907028
2014-10-31,1850,similarity,select,pca_only,8,20,log_euclidean,0.01,0.0009543016051531339,1974.8045451734702,9014.835453278807,101707.54230325676,50853.77115162842,48453.421275038294,1.466035501647437e-05,1.4659329522652793e-05,5.15648118435945e-08,3.0724732452017807,0.1935086116270795,0.174790832080995
2014-10-31,1850,rolling,select,pca_only,8,20,log_euclidean,0.01,0.0010018431028259223,4476.917332042407,2283.610414040227,6035.731699177269,3017.8658495886525,2452.829806490976,9.301273140208616e-05,9.301170590826459e-05,1.6874069928152223e-06,6.161118929351586,0.23004972467265447,0.5802320779857824
2014-10-31,1850,ewma,select,pca_only,8,20,log_euclidean,0.01,0.0010936963390190766,4324.967544228778,2370.937785418078,4749.731090412579,2374.8655452062567,1840.7873170282917,9.850738098118047e-05,9.850635548735889e-05,2.2101509475246087e-06,5.666471744229539,0.2067042935460253,0.4832700745885222
2014-10-31,1850,ledoit_wolf,select,pca_only,8,20,log_euclidean,0.01,0.0009692280770208745,6995.917037747277,1601.1468831101627,582.7885043032899,291.39425215164476,-141.8340667336749,4.573123617415364e-05,4.5730210680332064e-05,1.543638590716854e-05,3.225818281989349,0.12766107358927622,0.16634000871700752
2014-10-31,1850,oas,select,pca_only,8,20,log_euclidean,0.01,0.0009764396286607459,6737.622708052547,1746.6869297998976,699.5908887499188,349.7954443749616,-86.6122438139594,5.2901004506604366e-05,5.289997901278279e-05,1.3131814698009532e-05,3.689162045829947,0.14477252757775147,0.2131062873542077
2014-10-31,1850,shrink,select,pca_only,8,20,log_euclidean,0.01,0.0009562330913042072,7093.90761714606,1527.8317215048387,567.1704324845923,283.5852162422959,-149.38985018204778,1.6120395209419672e-05,1.6119369715598095e-05,1.5417702501927857e-05,2.958356387483421,0.15652530410205193,0.16384800609378694
2014-10-31,1850,persistence,select,pca_only,8,20,log_euclidean,0.01,0.0012725219867457528,3484.0487931943107,2760.5212466281337,6151.378226722853,3075.689113361378,2519.5244876709066,6.652569493616446e-05,6.652466944234288e-05,9.203748867766816e-07,3.3834837837179714,0.134549849253409,0.192408090380076
2014-11-07,1855,similarity,select,pca_only,8,20,log_euclidean,0.01,0.0009664912666093981,2004.8288696492946,9050.260461875332,71593.23232978507,35796.61616489253,33985.11397615437,5.827605232451529e-05,5.827543879626485e-05,5.706377820154164e-08,2.571779811296675,0.10771407530597964,0.11065985553253395
2014-11-07,1855,rolling,select,pca_only,8,20,log_euclidean,0.01,0.0009996364252559515,4543.447507376431,2055.73632496414,6069.4640268970525,3034.7320134485226,2478.951126336632,0.00011990390548808734,0.0001199032919598369,1.8778718405279679e-06,6.030278009703888,0.2306991712853944,0.5991611863213794
2014-11-07,1855,ewma,select,pca_only,8,20,log_euclidean,0.01,0.001021031066703252,4381.02828431329,1917.1525241402685,5173.844201388099,2586.922100693971,2043.1834621250644,6.989835561940472e-05,6.989774209115429e-05,2.1378898528628245e-06,5.51250052117742,0.2003059018708584,0.4852373219861883
2014-11-07,1855,ledoit_wolf,select,pca_only,8,20,log_euclidean,0.01,0.0009690734791587291,7053.7493423294845,1465.2718976300487,575.0978444030102,287.54892220150384,-145.3737149593696,5.894349763616267e-05,5.894288410791223e-05,1.573491626004231e-05,3.1412871035769867,0.12204505658320493,0.16426745115888738
2014-11-07,1855,oas,select,pca_only,8,20,log_euclidean,0.01,0.0009744564227951373,6849.02059782564,1564.4539949211824,665.4591201580171,332.7295600790084,-102.49216380803075,6.54528872356332e-05,6.545227370738276e-05,1.3903236021805545e-05,3.47323717130454,0.13393807511565464,0.19920744874623636
2014-11-07,1855,shrink,select,pca_only,8,20,log_euclidean,0.01,0.000955990476677213,7182.248035371807,1403.9753003795468,635.4519448903123,317.72597244515634,-117.4012377058472,1.9723956637161597e-05,1.972334310891116e-05,1.5719823429264406e-05,2.8348539017199417,0.14724508017141258,0.15860603799287307
2014-11-07,1855,persistence,select,pca_only,8,20,log_euclidean,0.01,0.0010136843482851442,3447.9494857921923,1715.6022728229827,7181.802966838214,3590.9014834189743,3013.2539503854077,2.4970535667049335e-05,2.4969922138798898e-05,3.749916659810223e-07,2.3997560597632472,0.07987258014263514,0.0967314250136178
2014-11-14,1860,similarity,select,pca_only,8,20,log_euclidean,0.01,0.0009720200308163856,1926.6832770729293,6619.526849853904,96432.03131226945,48216.015656134725,45964.041769754105,0.00015653087903304055,0.00015652801332190458,5.004376254110723e-08,2.6590243329802554,0.1523367896914847,0.13416826055343048
2014-11-14,1860,rolling,select,pca_only,8,20,log_euclidean,0.01,0.0009575476263672746,4547.388046182481,1229.2973905221206,6567.64414650457,3283.822073252294,2718.800624185408,6.865484861703118e-05,6.865198290589522e-05,1.7499035852556904e-06,5.6368324470072455,0.21931182402729898,0.5537252392159465
2014-11-14,1860,ewma,select,pca_only,8,20,log_euclidean,0.01,0.0009377449440670274,4379.958832912327,1079.236234199765,6408.373111203533,3204.1865556017415,2641.4850135023735,7.102013328733646e-05,7.10172675762005e-05,1.639207462946469e-06,4.982027614537693,0.1872727787285971,0.4376987250004118
2014-11-14,1860,ledoit_wolf,select,pca_only,8,20,log_euclidean,0.01,0.0009408363243726314,7063.253463915774,950.2975784043764,578.4034376303932,289.20171881519633,-140.5592587486969,6.765390194052488e-05,6.765103622938892e-05,1.5177213820771858e-05,3.0111111847720706,0.12044041329892018,0.1606361898623229
2014-11-14,1860,oas,select,pca_only,8,20,log_euclidean,0.01,0.0009431974290233563,6875.250106197474,985.5707461590131,665.3013320771369,332.65066603857264,-99.32314372296126,6.805538471197243e-05,6.805251900083647e-05,1.3506549562859264e-05,3.2823962414693373,0.13124080234694438,0.190818241392865
2014-11-14,1860,shrink,select,pca_only,8,20,log_euclidean,0.01,0.0009342129309130062,7209.2363027433685,922.9348921344942,624.0916524075813,312.0458262037906,-119.24282939763698,3.574359523545299e-05,3.574072952431703e-05,1.564895700223659e-05,2.743194250140623,0.145030906808827,0.15203975817398843
2014-11-14,1860,persistence,select,pca_only,8,20,log_euclidean,0.01,0.0009451506679365271,3408.3653061003265,1131.7974045463166,9680.819216065287,4840.40960803264,4220.158648547199,3.776781751019037e-05,3.776495179905441e-05,1.870584511713676e-07,1.9875015663882114,0.061686303536748206,0.06244867762803118
2014-11-21,1865,similarity,select,pca_only,8,20,log_euclidean,0.01,0.001071900726276076,2044.621697334646,4605.533556600705,74994.26621615625,37497.133108078124,35419.171180485166,9.560881247692565e-05,9.55912754441544e-05,5.089502970823751e-08,2.305861385164335,0.10808064195022435,0.09960009999867839
2014-11-21,1865,rolling,select,pca_only,8,20,log_euclidean,0.01,0.0009761829709959199,4562.427240920573,823.122828773016,6079.050033360798,3039.5250166804035,2470.0782673968665,5.5127617112394134e-05,5.5110080079622884e-05,1.5983779376062703e-06,5.490751242934018,0.1814861551528197,0.5020767527358251
2014-11-21,1865,ewma,select,pca_only,8,20,log_euclidean,0.01,0.0009956738519104683,4370.887547300212,902.8644129353171,6967.631046894852,3483.8155234473625,2892.770197100845,7.857496985926378e-05,7.855743282649253e-05,1.4036163865853867e-06,5.23897314188539,0.17744799125797678,0.4463934181201237
2014-11-21,1865,ledoit_wolf,select,pca_only,8,20,log_euclidean,0.01,0.0009865506365919405,7104.491897278807,804.8257920910795,553.9927354991837,276.9963677495897,-145.0082782697918,6.434724423805484e-05,6.432970720528359e-05,1.4748332626364718e-05,3.010128501934877,0.11572274225487729,0.15526492175185033
2014-11-21,1865,oas,select,pca_only,8,20,log_euclidean,0.01,0.0009839336726773192,6925.706057800688,791.5579581727645,628.5420707028672,314.27103535143465,-109.98864802871508,6.088299549252559e-05,6.086545845975434e-05,1.3157170952576849e-05,3.262639342192595,0.12505816322910765,0.1823817960152806
2014-11-21,1865,shrink,select,pca_only,8,20,log_euclidean,0.01,0.0009916699892241123,7216.062633368276,818.0483904484687,574.082455521424,287.0412277607114,-135.7464629786331,3.844242666997257e-05,3.842488963720132e-05,1.4789821826991595e-05,2.83798215401288,0.13338602781559905,0.15731569109590068
2014-11-21,1865,persistence,select,pca_only,8,20,log_euclidean,0.01,0.0010543760771145663,3338.9801800751625,1646.7043601765022,14925.574403401366,7462.78720170074,6700.430669227169,9.426027380183019e-05,9.424273676905894e-05,6.501188836295786e-08,1.3422248456641876,0.05222038472056419,0.02768512844781745
2014-12-01,1870,similarity,select,pca_only,8,20,log_euclidean,0.01,0.00024892129880626536,1938.3773953411662,3840.1784845494926,89248.33089051998,44624.16544525999,42189.67358025411,0.00010977197113847411,0.00010976354694144167,3.6656703988561244e-08,2.8840023626761946,0.16063122574492408,0.14754742977261406
2014-12-01,1870,rolling,select,pca_only,8,20,log_euclidean,0.01,0.00019127865546863875,4579.653701827471,685.9155608475106,2701.9215995829795,1350.9607997914982,850.9707498930371,7.190968693301907e-05,7.190126273598663e-05,1.515059413261987e-06,4.901535847600649,0.1918794974332915,0.4022662935312263
2014-12-01,1870,ewma,select,pca_only,8,20,log_euclidean,0.01,0.0006294694581074504,4381.380477861706,1330.053389484448,2335.5454362353576,1167.772718117723,678.2298071889501,4.714985422326158e-05,4.714143002622914e-05,1.8012768636566033e-06,4.543283304756058,0.17985515175957617,0.35906298008896503
2014-12-01,1870,ledoit_wolf,select,pca_only,8,20,log_euclidean,0.01,0.00018264238158169834,7956.443694849922,1049.0987943915825,326.2129462095636,163.10647310478123,-271.1435531115991,5.923097297303846e-05,5.922254877600602e-05,2.0349199652693268e-05,2.1128349664212136,0.07650370596033376,0.07640680213583967
2014-12-01,1870,oas,select,pca_only,8,20,log_euclidean,0.01,0.00018068582411868848,7218.320118925929,795.4984461873711,383.4566195128846,191.72830975644206,-245.17346657112412,4.405853890366112e-05,4.4050114706628676e-05,1.46911365943819e-05,3.0316763012918333,0.11578998819398768,0.15791029465520218
2014-12-01,1870,shrink,select,pca_only,8,20,log_euclidean,0.01,0.00018407776581148082,7385.141637192337,808.6505225140276,342.7465650259166,171.37328251295776,-264.4349232846136,4.808132197266149e-05,4.807289777562905e-05,1.3861921373247134e-05,2.761212975993836,0.1700189777249062,0.1720200720885667
2014-12-01,1870,persistence,select,pca_only,8,20,log_euclidean,0.01,0.0011212610426432224,3340.041222882219,2535.5505768849193,4385.203018482027,2192.6015092410807,1665.0187203270768,9.091560684441548e-05,9.090718264738303e-05,1.2037209076204216e-07,1.3433753757692652,0.0343047136104876,0.025406365799802717
2014-12-08,1875,similarity,select,pca_only,8,20,log_euclidean,0.01,0.00032604371038145704,1891.5028607021047,3100.1709985330217,102150.61954990745,51075.309774953734,48337.47749398892,0.00010729754663216859,0.00010728804418722421,2.829894208270123e-08,2.8667991654287497,0.14420494703897724,0.14011705305783334
2014-12-08,1875,rolling,select,pca_only,8,20,log_euclidean,0.01,0.0003214845630374396,4509.66976374665,955.9278487917072,2256.144719200734,1128.072359600374,645.8982748585738,0.00010611784561352561,0.00010610834316858123,1.5835162035465302e-06,4.651252813993689,0.1573075495078309,0.3658744633605449
2014-12-08,1875,ewma,select,pca_only,8,20,log_euclidean,0.01,0.0009720558654536359,4308.957869655578,1846.3052652480137,1983.2777341700803,991.6388670850282,517.1362729385374,0.00010405317917066224,0.00010404367672571786,1.776469288494434e-06,4.327591773116292,0.14677701474157398,0.30310579657048886
2014-12-08,1875,ledoit_wolf,select,pca_only,8,20,log_euclidean,0.01,0.00027308310807747587,8172.371135218817,1570.7760635823602,317.84697709257614,158.923488546288,-272.35564290362856,0.000109605043118222,0.00010959554067327762,1.961553415532865e-05,1.9047815521608706,0.0675527924143602,0.05818798146516191
2014-12-08,1875,oas,select,pca_only,8,20,log_euclidean,0.01,0.00029139857522973635,7261.079543168357,1174.6586536620957,370.606617371589,185.303308685795,-248.50252375834035,9.927522451864372e-05,9.926572207369934e-05,1.3662081436707705e-05,2.954932244586873,0.0972840869399565,0.1411417473109411
2014-12-08,1875,shrink,select,pca_only,8,20,log_euclidean,0.01,0.0002937290722260545,7428.384495441076,1187.9181621129671,329.3974806294576,164.69874031472847,-268.2264099265674,9.860496933127191e-05,9.859546688632753e-05,1.3389864282922938e-05,2.6208304394534645,0.1498374275951349,0.14509672861637973
2014-12-08,1875,persistence,select,pca_only,8,20,log_euclidean,0.01,0.0011793059060206993,3203.2525678430065,2794.1668094198135,4491.351736590146,2245.675868295107,1719.0573228997405,0.00012488893207417373,0.00012487942962922935,1.0849674701166082e-07,1.304289563146923,0.03306616481886966,0.023005930881121166
2014-12-15,1880,similarity,select,pca_only,8,20,log_euclidean,0.01,0.00026575090845442587,1873.5676335420203,3393.560504222338,62270.79733550686,31135.398667753423,29402.740262018942,0.00012106653921926974,0.00012105607847502483,5.5473142236958415e-08,2.9899672848702137,0.14882761199628486,0.1569792609234419
2014-12-15,1880,rolling,select,pca_only,8,20,log_euclidean,0.01,0.00029559852137518646,4556.403678540972,921.2401279302107,2176.1656350353574,1088.0828175176644,616.1647036266237,0.00010939265841845443,0.00010938219767420952,1.6459870690783203e-06,4.967876017919557,0.17512336332556314,0.36784212499630037
2014-12-15,1880,ewma,select,pca_only,8,20,log_euclidean,0.01,0.0005675611310776033,4339.952529080522,1272.7200670338489,2071.1901324439177,1035.5950662219639,565.8108450080665,9.304207336462198e-05,9.303161262037707e-05,1.63566780016127e-06,4.496517305827243,0.17361997143567773,0.3064177269619695
2014-12-15,1880,ledoit_wolf,select,pca_only,8,20,log_euclidean,0.01,0.0002406632602720714,8145.227100382458,1488.8290172886389,317.8126609775064,158.90633048875333,-273.2494544892637,9.493209240057597e-05,9.492163165633106e-05,2.0583649877893452e-05,2.0517061717093723,0.07457068765415263,0.06592082122581926
2014-12-15,1880,oas,select,pca_only,8,20,log_euclidean,0.01,0.0002618885081718385,7287.57095715243,1130.7947274571602,365.2960746160933,182.6480373080474,-251.51127805470114,9.156539409715519e-05,9.155493335291028e-05,1.421341390010471e-05,3.0998081965308377,0.10945576495840374,0.14622950978126206
2014-12-15,1880,shrink,select,pca_only,8,20,log_euclidean,0.01,0.0002619401497378353,7474.408890833671,1148.5872503650826,322.8131318620823,161.40656593104103,-271.8632132567635,9.111960203738703e-05,9.110914129314213e-05,1.3704323555283433e-05,2.6240992630378037,0.15892071339071043,0.1536450070471394
2014-12-15,1880,persistence,select,pca_only,8,20,log_euclidean,0.01,0.0010800564662027834,3202.6508902892133,1775.1151007674896,3597.029373360738,1798.5146866803598,1292.3060496192206,0.00010791077893887435,0.00010790031819462945,3.1258017733180114e-07,2.05621944737785,0.05325252833153775,0.06164439961540355
2014-12-22,1885,similarity,select,pca_only,8,20,log_euclidean,0.01,0.00023350861173431257,1842.9096374607254,4147.979342091739,77925.1964014798,38962.59820073989,37154.41865218316,8.232752924970629e-05,8.232046046848699e-05,4.099163090319308e-08,2.876757869751495,0.15041661315613716,0.15536948131155318
2014-12-22,1885,rolling,select,pca_only,8,20,log_euclidean,0.01,0.0002997968408425548,4688.882030586325,960.4979688958003,2303.590326344645,1151.7951631723183,678.552440362859,8.947599385984907e-05,8.946892507862977e-05,1.183886065996879e-06,4.104791595555633,0.14590552535464238,0.263325680153998
2014-12-22,1885,ewma,select,pca_only,8,20,log_euclidean,0.01,0.0003894333620108278,4479.181865182934,1010.2924516694718,2151.9161499937404,1075.9580749968559,605.849350721667,9.817600454332865e-05,9.816893576210935e-05,1.3086471584056799e-06,4.071040073785231,0.12935985010550552,0.25588161206568155
2014-12-22,1885,ledoit_wolf,select,pca_only,8,20,log_euclidean,0.01,0.00021997535831359718,8225.960352196562,1342.2018849065644,324.9031778514629,162.45158892573147,-270.3103177547008,7.517363621228684e-05,7.516656743106754e-05,1.8572437559548525e-05,2.022451150857704,0.06674469379829077,0.06380313540898509
2014-12-22,1885,oas,select,pca_only,8,20,log_euclidean,0.01,0.0002544379029531959,7383.982689351743,1084.871199461132,372.4328295016044,186.21641475080338,-248.4079837718557,7.670841694964413e-05,7.670134816842483e-05,1.1915535198279798e-05,2.8373502320071498,0.09786520985784423,0.12835290283356168
2014-12-22,1885,shrink,select,pca_only,8,20,log_euclidean,0.01,0.000246916536834409,7521.180230500505,1077.8105469351663,330.84009641079587,165.42004820539816,-268.57089443265556,7.631399425337325e-05,7.630692547215395e-05,1.2331794053083327e-05,2.623202062356105,0.12101302733649731,0.13598040809758852
2014-12-22,1885,persistence,select,pca_only,8,20,log_euclidean,0.01,0.0010745465731651104,3322.194088283274,1247.7358674778634,2994.435708546944,1497.2178542735114,1022.4673699920462,6.216934312662274e-05,6.216227434540344e-05,9.767389090768656e-07,3.21355303302916,0.11141079714946753,0.15987872804074324
2014-12-30,1890,similarity,select,pca_only,8,20,log_euclidean,0.01,0.0002294371830122553,1836.2052771929775,3690.6981818879667,74194.3423209546,37097.1711604773,36448.190274393404,8.221554217973844e-05,8.220951528914164e-05,4.788839191441681e-08,3.3015015431371215,0.1531194389134242,0.1826524931841593
2014-12-30,1890,rolling,select,pca_only,8,20,log_euclidean,0.01,0.0002518078201041579,4739.92605810179,1027.9685016143274,2388.76650275923,1194.3832513796115,755.4681377569193,0.0001242990717554415,0.0001242930448648447,9.610064549725712e-07,3.78495654471666,0.12217863391909778,0.21865808945614026
2014-12-30,1890,ewma,select,pca_only,8,20,log_euclidean,0.01,0.0003122532825323806,4513.440054327584,992.6617434770603,2154.9891761669146,1077.4945880834566,641.7497377339718,0.00017326713625873415,0.00017326110936813734,1.2598518077106219e-06,3.9611232063955746,0.15550935215902867,0.24773486510079834
2014-12-30,1890,ledoit_wolf,select,pca_only,8,20,log_euclidean,0.01,0.00019512414932561115,8275.857555607497,1548.1444701635246,310.2901531286874,155.14507656434375,-272.5124991691505,9.76926825380857e-05,9.76866556474889e-05,1.596406789165152e-05,1.8112735171840746,0.06114796784679924,0.051220127848003415
2014-12-30,1890,oas,select,pca_only,8,20,log_euclidean,0.01,0.00021722292365743723,7367.6829703019885,1211.045258415462,354.5849762381261,177.2924881190642,-250.81414610731105,0.00010186603199138989,0.00010186000510079308,1.005404427929016e-05,2.670778691522897,0.09065198400183552,0.10774532880211954
2014-12-30,1890,shrink,select,pca_only,8,20,log_euclidean,0.01,0.00021472217569185493,7425.262215801233,1190.1504893667793,323.863105176471,161.93155258823532,-266.4606585546718,7.8367616983775e-05,7.83615900931782e-05,1.055154844230459e-05,2.5069104331126786,0.12026086173847202,0.12412853060027988
2014-12-30,1890,persistence,select,pca_only,8,20,log_euclidean,0.01,0.00022085760987880526,3333.363842719231,972.720758064511,4561.135716072253,2280.567858036112,1849.0194770219482,0.00011425511560908625,0.00011424908871848945,6.430162051446047e-07,3.366037800908089,0.1101819142389676,0.16916618176554343
2015-01-07,1895,similarity,select,pca_only,8,20,log_euclidean,0.01,0.00024906495173996333,2033.8884682582598,4226.834693288648,91055.8402263514,45527.9201131757,44313.39236755418,0.00011420759112284359,0.00011420508797681046,3.6053322734283904e-08,2.8624322528668396,0.16041001729947035,0.15173071701234414
2015-01-07,1895,rolling,select,pca_only,8,20,log_euclidean,0.01,0.0002726321500287611,4707.082214745933,900.6185109751734,2951.9674802746786,1475.9837401373466,1022.4729402138225,0.0002027823317157504,0.00020277982856971728,1.2058741444265958e-06,4.099342398520205,0.12066393007258572,0.2787115002691594
2015-01-07,1895,ewma,select,pca_only,8,20,log_euclidean,0.01,0.0002370989857360379,4475.968493251359,897.6251361802692,2950.0428454325515,1475.0214227162587,1022.5090804074802,0.00022198168482324808,0.00022197918167721496,1.2437721722902396e-06,4.15666046720626,0.1368839533857094,0.2844972374552275
2015-01-07,1895,ledoit_wolf,select,pca_only,8,20,log_euclidean,0.01,0.00021209374904058718,8203.405232464622,1223.405015752,318.6085737095803,159.3042868547901,-262.16012096986844,9.264742615318637e-05,9.264492300715324e-05,1.602598877397794e-05,1.7958806845624415,0.058780453722990546,0.05068393616383685
2015-01-07,1895,oas,select,pca_only,8,20,log_euclidean,0.01,0.00023788963155774623,7259.091601360551,976.7943885066654,397.93539675056513,198.9676983752839,-224.1428552218164,0.00011569611056233865,0.00011569360741630552,1.0535325191928883e-05,2.684235822714933,0.08468042286197033,0.11291628261680789
2015-01-07,1895,shrink,select,pca_only,8,20,log_euclidean,0.01,0.00023325782407812205,7366.065176521099,952.7825812740891,352.47794750760636,176.23897375380307,-246.77521048076073,9.287853514544998e-05,9.287603199941685e-05,1.1115624256465317e-05,2.491073020747877,0.13948643697934338,0.12405093580388388
2015-01-07,1895,persistence,select,pca_only,8,20,log_euclidean,0.01,0.00026645281918752665,3398.6916104109055,1091.1078587444254,5167.428208430696,2583.7141042153503,2129.9387265863725,0.00022094754220574185,0.00022094503905970873,8.515135797495689e-07,3.6493231044363488,0.14284088272148923,0.21103287689624933
2015-01-14,1900,similarity,select,pca_only,8,20,log_euclidean,0.01,0.00021836487525847336,2066.138992879108,4878.50704033778,96461.34774612829,48230.67387306415,46879.106744207034,0.00011864806686151613,0.00011864402090174,2.8444885919105542e-08,2.626465777315148,0.117772870962067,0.12005611862803357
2015-01-14,1900,rolling,select,pca_only,8,20,log_euclidean,0.01,0.00025869112230486764,4674.0070920070675,808.1276121986324,3409.3415863119844,1704.6707931559818,1244.7758375309327,0.0002850796486086312,0.00028507560264885506,1.2697802091214914e-06,4.387070355154301,0.138578945396543,0.3080104781622877
2015-01-14,1900,ewma,select,pca_only,8,20,log_euclidean,0.01,0.00019675483989483098,4462.969257072698,898.6401469609286,3632.9601072946357,1816.4800536473344,1352.2069627114558,0.00030498248253818457,0.00030497843657840843,1.2020240352032042e-06,4.364782914831872,0.14499528664976175,0.3037786194628934
2015-01-14,1900,ledoit_wolf,select,pca_only,8,20,log_euclidean,0.01,0.00018895178912202695,8110.563733480218,902.7220437037549,332.82242334487427,166.41121167243756,-254.17227084100614,9.459995777200647e-05,9.459591181223035e-05,1.855391338474053e-05,2.0234664849675243,0.07121591224574092,0.06268024419709355
2015-01-14,1900,oas,select,pca_only,8,20,log_euclidean,0.01,0.00022141086458127467,7158.174457970077,761.1982690008492,444.00119580151704,222.00059790075892,-200.75288683926695,0.00015908042878416846,0.00015907638282439235,1.1652455714953637e-05,3.0511835860443464,0.10076238455161937,0.14459890302074674
2015-01-14,1900,shrink,select,pca_only,8,20,log_euclidean,0.01,0.0002106687613137353,7356.77218608959,739.8867417792696,377.80807596402065,188.90403798201044,-233.1902375425358,0.00010340153120006585,0.00010339748524028972,1.3141545352729858e-05,2.725404518931749,0.14100315666261942,0.15171947937025504
2015-01-14,1900,persistence,select,pca_only,8,20,log_euclidean,0.01,0.0002631978627605546,3478.224946601849,1205.8094558225207,5974.179564271572,2987.089782135794,2538.3023187697668,0.00022591910275229004,0.00022591505679251392,8.648707954426041e-07,3.6746321074330086,0.14012422253351078,0.21969247962194227
2015-01-22,1905,similarity,select,pca_only,8,20,log_euclidean,0.01,0.00015936103717215458,2132.0062796217035,5190.308371488211,97138.5788441003,48569.289422050155,47070.364327839576,7.78244157392587e-05,7.782234266665005e-05,3.646980709701837e-08,2.878863513646497,0.18404783047571047,0.1635259061847351
2015-01-22,1905,rolling,select,pca_only,8,20,log_euclidean,0.01,0.0002454130657527305,4662.863000505938,838.2868792267298,2891.537107065599,1445.7685535328064,982.0838663319697,0.00028213492812340015,0.0002821328550507915,1.4866198924067126e-06,4.604626140956718,0.14297813882606986,0.3431729518558802
2015-01-22,1905,ewma,select,pca_only,8,20,log_euclidean,0.01,0.0001799486864821489,4461.818697526586,916.614962827003,3159.2431866767474,1579.6215933383792,1113.230521340716,0.00028930923407681687,0.0002893071610042082,1.327047985405754e-06,4.4378928183740705,0.14977942124789567,0.3224476268219345
2015-01-22,1905,ledoit_wolf,select,pca_only,8,20,log_euclidean,0.01,0.00015319530263924265,8141.463983116944,826.6401277161843,331.3198458867979,165.65992294339884,-263.7313937613483,0.00010250201197988029,0.00010249993890727164,1.9753782882678775e-05,2.0399047744748167,0.07007398569389768,0.0654017904964355
2015-01-22,1905,oas,select,pca_only,8,20,log_euclidean,0.01,0.00019757250405179604,7225.7032678506985,742.2544555546883,412.48929498779705,206.24464749389983,-225.00619952624052,0.00016834736609728476,0.0001683452930246761,1.2903698588207996e-05,3.0000422372943514,0.09609370479750881,0.1449762865325164
2015-01-22,1905,shrink,select,pca_only,8,20,log_euclidean,0.01,0.00018019976013831755,7395.110852034233,710.4034605548432,361.52518427966817,180.76259213983386,-250.19141990184116,9.784499020904389e-05,9.784291713643524e-05,1.3534962305003962e-05,2.7250328452367345,0.17563433017507515,0.16683640217336027
2015-01-22,1905,persistence,select,pca_only,8,20,log_euclidean,0.01,0.0002585305039735505,3499.012647056822,1234.9907920728858,5574.46918897834,2787.234594489172,2318.943587737752,0.00017259702867597384,0.0001725949556033652,5.466665912127078e-07,2.8909520751037605,0.13564079372771307,0.14293045077398153
2015-01-29,1910,similarity,select,pca_only,8,20,log_euclidean,0.01,7.722331368193453e-05,2042.7149045538938,6662.021374887769,53704.548963237154,26852.274481618584,25996.842909059364,6.559576435335406e-05,6.559448132376438e-05,3.993981752876262e-08,2.52442172189225,0.10592964836017209,0.11238017251778769
2015-01-29,1910,rolling,select,pca_only,8,20,log_euclidean,0.01,0.0002708632844692622,4736.222569270281,1066.7913972480223,2156.6080258874795,1078.3040129437418,607.1152564795605,0.00017555435869515511,0.00017555307566556542,2.193278531579595e-06,5.457534913969064,0.1694943992555884,0.44682543985299167
2015-01-29,1910,ewma,select,pca_only,8,20,log_euclidean,0.01,0.00021593197632457353,4545.503161071416,1228.9287932414484,2323.7138436124756,1161.856921806239,687.2514252358815,0.00018548899215135178,0.0001854877091217621,2.0135340348557293e-06,5.215793360986067,0.16361782741522798,0.4018179002705304
2015-01-29,1910,ledoit_wolf,select,pca_only,8,20,log_euclidean,0.01,0.00013556859270002163,8213.930768276205,757.7194214188758,333.9046946566847,166.95234732834209,-274.7933316128156,7.796451109049684e-05,7.796322806090717e-05,2.2854763129201536e-05,2.2143804277480434,0.0678238967691454,0.07288799577634857
2015-01-29,1910,oas,select,pca_only,8,20,log_euclidean,0.01,0.00019884336138760504,7400.6296048393415,822.1102736669449,374.69783844080354,187.34891922040086,-255.7099864902894,0.00011488919967522113,0.00011488791664563146,1.63337391024908e-05,3.1268962992318547,0.08893555597098814,0.14522326655409826
2015-01-29,1910,shrink,select,pca_only,8,20,log_euclidean,0.01,0.00017862778059899521,7575.615953828676,783.8653236411756,359.45628489373723,179.72814244686853,-262.90049893595875,8.711489140207767e-05,8.7113608372488e-05,1.6750363150103075e-05,2.805719539441666,0.13830439889399357,0.13790798335449164
2015-01-29,1910,persistence,select,pca_only,8,20,log_euclidean,0.01,0.00021397977118318517,3525.6738951655343,1521.6452800515144,4289.355998405588,2144.677999202796,1676.3516791415932,0.00013074897922146566,0.00013074769619187597,5.553348986586221e-07,3.0044783941162123,0.1325216682823714,0.14041911076087854
2015-02-05,1915,similarity,select,pca_only,8,20,log_euclidean,0.01,3.9738649724213685e-05,1894.133360542396,6175.650430898698,71326.68615816638,35663.3430790832,34547.17754042369,9.132370147932773e-05,9.132197609830753e-05,3.367189309410697e-08,3.065673082742937,0.18998731424055884,0.1717084558482727
2015-02-05,1915,rolling,select,pca_only,8,20,log_euclidean,0.01,0.00029711679125846423,4708.64691480793,999.1938921222356,1482.5704600093236,741.2852300046492,275.2108473837532,0.00014765110091288127,0.00014764937553186106,2.2838186848566413e-06,5.356414079575512,0.19613010903152772,0.4271389271563186
2015-02-05,1915,ewma,select,pca_only,8,20,log_euclidean,0.01,0.0002185894219619,4518.641138315821,1149.029369553339,1589.861294741787,794.9306473708981,328.47460714678925,0.0001250708033032903,0.0001250690779222701,2.120183949956377e-06,5.1337097122646895,0.19290512222416198,0.3927902514580429
2015-02-05,1915,ledoit_wolf,select,pca_only,8,20,log_euclidean,0.01,0.00013624768237575658,8279.509786775096,676.0698086594787,338.2697300403934,169.13486502019683,-286.3201647922949,7.203625906387059e-05,7.203453368285039e-05,2.4050953701687222e-05,2.274022827930162,0.06674571615821187,0.07840032765008823
2015-02-05,1915,oas,select,pca_only,8,20,log_euclidean,0.01,0.00020514600937923563,7566.668260543076,745.2328021421233,346.49965138450057,173.2498256922501,-282.5674454247645,9.323605092741661e-05,9.323432554639641e-05,1.7692966003448097e-05,2.9901463030770876,0.09250631874987351,0.1391400373269061
2015-02-05,1915,shrink,select,pca_only,8,20,log_euclidean,0.01,0.00017783221595516881,7728.434273173594,703.9433876757876,344.6339495279283,172.3169747639643,-283.69715125433174,7.401700217343006e-05,7.401527679240986e-05,1.8358869636568533e-05,2.7203201002946997,0.14518504907134008,0.13368021694755605
2015-02-05,1915,persistence,select,pca_only,8,20,log_euclidean,0.01,0.00022932313885711014,3514.5233821245856,1286.6629761878926,2874.0821464053597,1437.0410732026858,968.7580901846532,7.242363570702876e-05,7.242191032600856e-05,3.7266410736936176e-07,2.3673067312216,0.07863229769541046,0.08397519687979951
2015-02-12,1920,similarity,select,pca_only,8,20,log_euclidean,0.01,2.589057597992947e-05,1819.3469780461562,5477.744272910411,27280.91915310898,13640.459576554475,12837.339246662847,5.778433464896261e-05,5.778205098079496e-05,4.2423072782289956e-08,2.424868842883711,0.0946915092389588,0.09911601537862137
2015-02-12,1920,rolling,select,pca_only,8,20,log_euclidean,0.01,0.00015757359880972548,4668.045040720561,801.2594419327295,1302.6932076086096,651.3466038042973,177.0939622474663,7.608137947297204e-05,7.607909580480439e-05,2.909449571897633e-06,5.967098813962643,0.2601377614622198,0.5974484288816568
2015-02-12,1920,ewma,select,pca_only,8,20,log_euclidean,0.01,0.0001243640556966852,4463.089647863527,881.1343400774789,1402.4804257823027,701.2402128911486,226.58283780736392,6.910493156593524e-05,6.910264789776758e-05,2.448000901503682e-06,5.530258303551932,0.22735968522286973,0.4987603993460632
2015-02-12,1920,ledoit_wolf,select,pca_only,8,20,log_euclidean,0.01,7.369708818375774e-05,8054.290388187565,719.9025087014284,329.00802900851176,164.50401450425588,-296.8314744042856,4.798079051447655e-05,4.79785068463089e-05,2.5897995421499147e-05,2.4053147690842143,0.07770819216570059,0.0910171734659744
2015-02-12,1920,oas,select,pca_only,8,20,log_euclidean,0.01,9.878688770042854e-05,7590.420596386131,691.8683464731015,327.46925294007417,163.73462647003697,-297.9156527456913,4.672419233782828e-05,4.6721908669660636e-05,2.2092238557760898e-05,2.9897053680607284,0.10282248113961485,0.14244927442836525
2015-02-12,1920,shrink,select,pca_only,8,20,log_euclidean,0.01,8.888083284842329e-05,7664.0881929324405,670.5336620418832,328.16235214173423,164.08117607086714,-297.7108542580734,4.320135593622808e-05,4.319907226806043e-05,2.1536105163814392e-05,2.828765764197756,0.13965686838047503,0.14670050261133802
2015-02-12,1920,persistence,select,pca_only,8,20,log_euclidean,0.01,0.0001891332110507465,3557.461247459233,1080.224932521043,2428.678832405645,1214.339416202819,738.6430668332116,8.987600385604542e-05,8.987372018787777e-05,4.1718808717717053e-07,2.3756024163654152,0.10657411111958631,0.09215704146902141
2015-02-20,1925,similarity,select,pca_only,8,20,log_euclidean,0.01,0.009559282258293278,1952.3865163923253,4540.512584959719,595581.0475054678,297790.5237527339,294572.3452632971,0.00024347081236944794,0.00024343643199182345,3.0053883350473155e-08,3.0295421233474626,0.18425505076265788,0.15569942645455198
2015-02-20,1925,rolling,select,pca_only,8,20,log_euclidean,0.01,0.009577380821587187,4804.701401537497,771.9349011890599,18827.560385855813,9413.780192927903,9018.156291206273,0.00027070700889748385,0.0002706726285198594,2.480877088947102e-06,6.204066829276196,0.26425356953919293,0.586058048139106
2015-02-20,1925,ewma,select,pca_only,8,20,log_euclidean,0.01,0.009554394855793267,4622.191169255542,883.1281168323057,20798.797821149146,10399.398910574573,10005.571979590384,0.00018794960559973494,0.00018791522522211044,1.992659829631108e-06,5.687622863013367,0.2285928413697601,0.4749568749995899
2015-02-20,1925,ledoit_wolf,select,pca_only,8,20,log_euclidean,0.01,0.009529707812516532,7601.847789090791,761.0370872812064,1145.5372708749348,572.7686354374673,186.47821218044376,6.016732361130016e-05,6.0132943233675674e-05,2.206543091538092e-05,3.093584311505371,0.10370033389589381,0.14309328178530753
2015-02-20,1925,oas,select,pca_only,8,20,log_euclidean,0.01,0.009534433577583322,7483.511638415011,750.4262791687277,1276.5687035240899,638.2843517620452,251.85539271985732,6.0622194219581786e-05,6.05878138419573e-05,2.0844064685787507e-05,3.29016125691986,0.11264343563296013,0.16114241287814235
2015-02-20,1925,shrink,select,pca_only,8,20,log_euclidean,0.01,0.009533487974824843,7649.435693321238,738.9132365946231,1592.8969933824817,796.4484966912407,410.68072324127127,5.1973427934404016e-05,5.193904755677953e-05,2.1475942899596733e-05,2.9370268359533718,0.13770946585896943,0.1513907264326242
2015-02-20,1925,persistence,select,pca_only,8,20,log_euclidean,0.01,0.009601444855448421,3677.9478805128165,1147.0093009433003,24797.49073423942,12398.745367119713,11960.699784258673,9.849725845329712e-05,9.846287807567264e-05,2.4879901624302416e-07,2.0930750646956526,0.06599364543821194,0.06545274938235433
2015-02-27,1930,similarity,select,pca_only,8,20,log_euclidean,0.01,0.009550646647664671,1904.2414338331228,3988.431509677641,479120.26488622976,239560.13244311488,237584.6325237505,0.00026407724230937416,0.0002640343745476899,3.573044019743611e-08,2.825036410312243,0.11913416728373011,0.14037161940039128
2015-02-27,1930,rolling,select,pca_only,8,20,log_euclidean,0.01,0.009532376644497107,4739.304179656881,740.8652541108961,19815.347132432555,9907.673566216276,9481.153309344681,0.00013803514212253125,0.000137992274360847,1.8392256021193127e-06,5.383445533062225,0.20155145121995843,0.4681306545661662
2015-02-27,1930,ewma,select,pca_only,8,20,log_euclidean,0.01,0.009520540889359802,4551.7330346358085,928.155919591467,24218.800989585034,12109.400494792513,11673.9009893768,0.0001211043646465481,0.00012106149688486385,1.3750056119409417e-06,5.024065979221808,0.18167095082476786,0.39257563512536825
2015-02-27,1930,ledoit_wolf,select,pca_only,8,20,log_euclidean,0.01,0.009498162164975149,7701.130847939272,924.5370235853525,1041.5187061126712,520.7593530563358,133.46511546886276,9.397959257962971e-05,9.393672481794545e-05,1.9986408331610167e-05,2.8136033628491557,0.08108837451295071,0.11597534825903764
2015-02-27,1930,oas,select,pca_only,8,20,log_euclidean,0.01,0.00950255863423055,7529.483984645621,877.2320436176742,1211.7068911308234,605.853445565412,218.06493607723982,9.20792457977305e-05,9.203637803604624e-05,1.8441627993424385e-05,3.05650561127317,0.09129057546923769,0.13782230811693
2015-02-27,1930,shrink,select,pca_only,8,20,log_euclidean,0.01,0.009508580891525412,7577.220090561799,860.1770983819348,1682.511230380476,841.2556151902382,454.34492005856765,8.014966950746801e-05,8.010680174578376e-05,1.8665169534807605e-05,2.8313984665742877,0.14108016481332344,0.13926449888153944
2015-02-27,1930,persistence,select,pca_only,8,20,log_euclidean,0.01,0.009556277846863174,3640.721103790753,1425.9874624483145,33510.3483977528,16755.17419887641,16256.771605766198,0.00014326436407286492,0.00014322149631118067,1.503579851010633e-07,1.8657803581797623,0.06236227414704562,0.05203252284900249
2015-03-06,1935,similarity,select,pca_only,8,20,log_euclidean,0.01,0.00956519072761755,1892.3239446409843,3968.1906975316797,483756.8546632249,241878.42733161245,240186.7090385602,7.954863384418335e-05,7.9417150872318e-05,3.776192404234547e-08,3.0430954192164976,0.16000313577571984,0.16483091031920183
2015-03-06,1935,rolling,select,pca_only,8,20,log_euclidean,0.01,0.009537569582006302,4717.918363322446,783.5489835293318,21688.674277429094,10844.337138714549,10398.017180954923,0.00015743499795386925,0.0001573035149820039,1.592637335086552e-06,5.26787129850583,0.1660224512683878,0.4275052117519418
2015-03-06,1935,ewma,select,pca_only,8,20,log_euclidean,0.01,0.009527818917694204,4517.550072505044,930.4129316574638,28409.345688902184,14204.672844451092,13735.653746303748,0.00015008888935764758,0.00014995740638578222,1.0654227937581383e-06,4.798612935483706,0.14383683660878813,0.3343020214110009
2015-03-06,1935,ledoit_wolf,select,pca_only,8,20,log_euclidean,0.01,0.00951190332831874,7746.78055138924,1038.5965344627773,965.075218897116,482.53760944855804,95.37393259276247,9.588754826824622e-05,9.575606529638087e-05,1.5131221727964554e-05,2.23173924690026,0.07053558261384273,0.07471461135864257
2015-03-06,1935,oas,select,pca_only,8,20,log_euclidean,0.01,0.009515945534305672,7511.285119077303,959.2291339468763,1182.3339631405852,591.1669815702926,203.22126942344568,9.711500098808062e-05,9.698351801621528e-05,1.3850068312324858e-05,2.5234188408001645,0.07418707796324737,0.09384122646972122
2015-03-06,1935,shrink,select,pca_only,8,20,log_euclidean,0.01,0.009524612236983128,7445.498782817904,915.2680500797819,1763.628109033915,881.8140545169576,494.1593929436056,8.688011034181321e-05,8.674862736994787e-05,1.3518524815025688e-05,2.5965242608652965,0.09172745562005147,0.10937065699268662
2015-03-06,1935,persistence,select,pca_only,8,20,log_euclidean,0.01,0.009552216284136624,3439.592605356055,1190.5331343802268,46781.611932070155,23390.805966035074,22811.53449161453,0.0001034862818583644,0.00010335479888649905,1.6730051970025415e-07,2.144910601778048,0.08796796169148335,0.07818978586106591
2015-03-13,1940,similarity,select,pca_only,8,20,log_euclidean,0.01,0.009561303157916735,1899.6134001738278,4705.83904776575,502590.65590532887,251295.32795266443,249128.2023385122,6.765081216911697e-05,6.759438166786289e-05,3.8066613340398797e-08,3.0918364146798,0.14248976434071486,0.161496708396758
2015-03-13,1940,rolling,select,pca_only,8,20,log_euclidean,0.01,0.009544903539322993,4664.208430767392,648.1306234353551,24341.529939614647,12170.764969807327,11683.07082975952,0.00015339646876448958,0.00015334003826323548,1.9780328644333875e-06,6.157849149704451,0.21919670209260383,0.5686319861637062
2015-03-13,1940,ewma,select,pca_only,8,20,log_euclidean,0.01,0.009531137705277944,4483.3832275046025,678.4150047785547,29126.1332864645,14563.06664323225,14053.59213925104,0.000174659900107816,0.0001746034696065619,1.4525204290950318e-06,5.599338526117104,0.18045764277030127,0.4744641866954806
2015-03-13,1940,ledoit_wolf,select,pca_only,8,20,log_euclidean,0.01,0.009518304885546554,7452.649244443224,642.5598595000829,1218.1027031485105,609.051351574255,219.4360736638993,4.166483719057594e-05,4.160840668932185e-05,1.831611778569765e-05,3.019614148174613,0.07715093631355353,0.12620604457128135
2015-03-13,1940,oas,select,pca_only,8,20,log_euclidean,0.01,0.009521685490622324,7294.972473618409,624.9433281428169,1419.577380763455,709.7886903817275,319.2649676016441,4.1246866781729573e-05,4.119043628047549e-05,1.6989419456821615e-05,3.2742408886357413,0.08516606018804035,0.14786045649176957
2015-03-13,1940,shrink,select,pca_only,8,20,log_euclidean,0.01,0.009524331129621297,7385.955748104454,626.7445822405305,1673.070595903589,836.5352979517945,446.69649224716693,3.86299595894297e-05,3.857352908817561e-05,1.784133888480386e-05,3.083362048034987,0.11754279760029455,0.13895268285461565
2015-03-13,1940,persistence,select,pca_only,8,20,log_euclidean,0.01,0.009538603043374715,3404.092769340409,915.725485144126,52267.50136172079,26133.750680860394,25542.054450048297,0.0001113168520754395,0.00011126042157418542,2.0659769615950545e-07,2.593568871819158,0.08058905873364262,0.10787397022281363
2015-03-20,1945,similarity,select,pca_only,8,20,log_euclidean,0.01,4.7682791328403685e-05,1746.9233090880994,4581.019529724804,54677.02410393525,27338.51205196763,26426.065292195308,5.4776815660070646e-05,5.477404039967318e-05,3.597070508697867e-08,3.340795896730503,0.18862718948905652,0.1884586828634287
2015-03-20,1945,rolling,select,pca_only,8,20,log_euclidean,0.01,0.0015865574182628314,4588.769689449019,649.8769539047736,793.1466140404502,396.573307020224,-71.29653699453358,8.087738558165029e-05,8.087461032125282e-05,2.899106053222033e-06,4.9538178454939565,0.1654341808783807,0.3771209373836113
2015-03-20,1945,ewma,select,pca_only,8,20,log_euclidean,0.01,0.015065695578211297,4433.359063011806,722.3738794921544,516.6812651879454,258.3406325939728,-203.54548527795353,5.347497602764725e-05,5.347220076724978e-05,4.571390668328598e-06,4.20122158443331,0.11199073177421368,0.25106259580634244
2015-03-20,1945,ledoit_wolf,select,pca_only,8,20,log_euclidean,0.01,8.253959428896962e-05,9975.195023924582,1503.976805963639,392.91188999078423,196.45594499539243,-260.4978386001523,4.94375642663138e-05,4.943478900591633e-05,1.204146719740756e-05,0.9999999999999998,0.015401219892873162,0.010674390943987868
2015-03-20,1945,oas,select,pca_only,8,20,log_euclidean,0.01,0.0012959475141554905,7299.2018432090645,643.8915098004283,324.51924047586266,162.25962023793207,-295.85500985533486,5.883580129509294e-05,5.8833026034695474e-05,1.4959787078076793e-05,3.560290383116982,0.10116669582505461,0.18250089899277683
2015-03-20,1945,shrink,select,pca_only,8,20,log_euclidean,0.01,0.0015476752391373869,7430.669721824368,666.4762365114453,307.7192834039496,153.85964170197525,-304.05602836051213,4.522823102539183e-05,4.5225455764994363e-05,1.626701640857373e-05,3.096023189645432,0.1280173820441862,0.14912866864125165
2015-03-20,1945,persistence,select,pca_only,8,20,log_euclidean,0.01,0.00955613721943613,3399.8055466388187,968.6798421509513,999.7913337042651,499.8956668521346,33.550318089854365,7.088753849371109e-05,7.088476323331362e-05,1.3599799242966073e-06,2.689015059307817,0.0902446194068692,0.11301317549817552
2015-03-27,1950,similarity,select,pca_only,8,20,log_euclidean,0.01,3.55612952835683e-05,1824.1604142291114,5961.8754514381635,31205.924697423477,15602.962348711731,14967.99604338554,4.78458983088556e-05,4.784431168575345e-05,5.4320690196875485e-08,2.6756919760312963,0.11879082469250003,0.1321618224017582
2015-03-27,1950,rolling,select,pca_only,8,20,log_euclidean,0.01,0.0015928827584788868,4772.486230171318,720.0472316798442,1046.6026020591669,523.3013010295808,57.59806492743404,6.712132535367503e-05,6.711973873057288e-05,2.554952834882953e-06,4.839863471254509,0.1494879125604633,0.340423510097767
2015-03-27,1950,ewma,select,pca_only,8,20,log_euclidean,0.01,0.00813881437327918,4571.257174622836,833.7754436976327,734.9328337759385,367.4664168879732,-93.54653359841929,5.51265803475824e-05,5.5124993724480255e-05,3.5473194364083136e-06,4.345573010368976,0.11012849941141986,0.25854596384507184
2015-03-27,1950,ledoit_wolf,select,pca_only,8,20,log_euclidean,0.01,7.098154348487327e-05,9975.251300932658,1031.2798680371543,391.97633347606074,195.98816673803006,-259.3956264444487,3.596434396156402e-05,3.596275733846187e-05,1.1488449645520618e-05,1.0,0.016734438093920022,0.01061553549629362
2015-03-27,1950,oas,select,pca_only,8,20,log_euclidean,0.01,0.0013012039492345793,7343.305508965387,608.9797112183248,356.6499949541398,178.3249974770696,-278.3046813818547,4.687238401792821e-05,4.687079739482606e-05,1.3550581179061007e-05,3.4104969809958496,0.10317492727217296,0.16719495155083083
2015-03-27,1950,shrink,select,pca_only,8,20,log_euclidean,0.01,0.0015483168256807075,7439.420649454165,584.2310265186932,327.30423725782396,163.65211862891192,-292.9145698616527,3.9461680228618855e-05,3.946009360551671e-05,1.385074093802913e-05,3.020463799712466,0.11603516453993258,0.14614783906835208
2015-03-27,1950,persistence,select,pca_only,8,20,log_euclidean,0.01,0.009532859895285475,3431.6082834401086,1178.9000679820892,1123.794580390944,561.8972901954617,100.29444147619192,6.971766026355597e-05,6.971607364045382e-05,1.5486618477831966e-06,2.7828446750253475,0.0922646022148044,0.1261875592674829
2015-04-06,1955,similarity,select,pca_only,8,20,log_euclidean,0.01,5.2154766383001476e-05,1895.9918831910418,6086.234356989571,58307.998429186184,29153.99921459309,28116.12759052423,4.5239849413724936e-05,4.523865402926745e-05,4.5874388052740184e-08,3.124432635746599,0.15407019859625926,0.158388265622136
2015-04-06,1955,rolling,select,pca_only,8,20,log_euclidean,0.01,0.0015923522844322143,4856.50152700875,752.6655631011749,1288.1414826502603,644.0707413251305,183.79676478270596,5.4418731991392365e-05,5.4417536606934876e-05,3.0250333576589633e-06,5.1712260313375955,0.14319063013318742,0.39976825688454776
2015-04-06,1955,ewma,select,pca_only,8,20,log_euclidean,0.01,0.00439872131772648,4625.834771674643,784.1328979145516,1040.8531006797893,520.426550339895,62.200792229280594,6.183801216804631e-05,6.183681678358883e-05,3.6423937186014607e-06,4.754557660440042,0.1414988558544463,0.3483044736987993
2015-04-06,1955,ledoit_wolf,select,pca_only,8,20,log_euclidean,0.01,8.079988384054059e-05,9920.950444309097,1004.6825778797845,381.94938759579156,190.9746937978962,-258.329301023129,3.866134947276368e-05,3.866015408830619e-05,1.088274790532967e-05,1.0,0.015914500457880894,0.010537831949633496
2015-04-06,1955,oas,select,pca_only,8,20,log_euclidean,0.01,0.0013120073812211948,7267.824959467514,620.0487141109079,383.72937415654803,191.8646870782747,-258.7504504631538,3.7327682636505764e-05,3.7326487252048274e-05,1.411993535622272e-05,3.5395088869454656,0.09239894018633206,0.17489746606712459
2015-04-06,1955,shrink,select,pca_only,8,20,log_euclidean,0.01,0.0015532718427180457,7380.968570253947,591.9933434134887,337.1690084149401,168.5845042074704,-281.5431803024913,2.8667614932537784e-05,2.866641954808029e-05,1.4629870613947339e-05,3.0131563599840296,0.09563344806375065,0.13927829994429347
2015-04-06,1955,persistence,select,pca_only,8,20,log_euclidean,0.01,0.009548198667816895,3483.717555983145,1123.350954311903,1260.2162484386668,630.1081242193234,173.28322294629422,7.067265511388968e-05,7.067145972943219e-05,2.5369535444733238e-06,3.6379214796968924,0.11659840201340979,0.2024901137421547
2015-04-13,1960,similarity,select,pca_only,8,20,log_euclidean,0.01,6.592450059191997e-05,1900.248887775203,5232.659553039321,54732.54444405549,27366.27222202774,26334.19588046483,5.0354105570380514e-05,5.035248099841249e-05,4.504649086034907e-08,2.9216102394574066,0.1398126984016505,0.1423777439159703
2015-04-13,1960,rolling,select,pca_only,8,20,log_euclidean,0.01,0.001579671298513696,4662.5066953520245,702.0101042640398,1391.3699460919283,695.6849730459583,239.12272185167188,0.00011075975298543072,0.0001107581284134627,2.312603203014232e-06,4.4978081927922196,0.15111419217531144,0.3313501586634042
2015-04-13,1960,ewma,select,pca_only,8,20,log_euclidean,0.01,0.0023805356181707074,4413.253997057111,677.2733614192762,1322.4350239071937,661.2175119536032,205.98693270739676,0.00010705854815757916,0.00010705692358561113,2.451421041064977e-06,4.491476355280979,0.14409186609473867,0.3202793547824613
2015-04-13,1960,ledoit_wolf,select,pca_only,8,20,log_euclidean,0.01,9.329655186234136e-05,9816.463468642814,1309.1950675664452,369.83581220049007,184.9179061002447,-257.8580141191852,5.1459588420444703e-05,5.145796384847668e-05,9.426501358289055e-06,1.0,0.014386121669421268,0.010399732899148363
2015-04-13,1960,oas,select,pca_only,8,20,log_euclidean,0.01,0.001319906685159106,7047.910919649698,664.933698460927,398.87498329236337,199.4374916461823,-245.2760577815522,7.951798750177403e-05,7.9516362929806e-05,1.0860487877210175e-05,3.2944326274621862,0.10552573923505454,0.16803825411807397
2015-04-13,1960,shrink,select,pca_only,8,20,log_euclidean,0.01,0.0015522217702687966,7150.646290017114,666.9945471389352,342.7401807978591,171.3700903989298,-273.03234669155165,5.868835986232987e-05,5.868673529036184e-05,1.1466897919295871e-05,2.838726783054925,0.10509687574063949,0.13722410132265803
2015-04-13,1960,persistence,select,pca_only,8,20,log_euclidean,0.01,0.009534142621784083,3179.0693964384495,832.3609706906377,1238.2324083520411,619.116204176025,167.3745718605245,5.8504241639507145e-05,5.850261706753912e-05,1.4213490683562243e-06,2.7797942495561845,0.07843658394953366,0.11679352546236826
2015-04-20,1965,similarity,select,pca_only,8,20,log_euclidean,0.01,5.672749166061092e-05,1917.8152824750198,5931.234524789779,54690.33664066821,27345.168320334094,26264.510298586254,7.951322319231643e-05,7.951228870801274e-05,6.303355891039258e-08,3.1822451839538717,0.1670199235148745,0.18941020179405332
2015-04-20,1965,rolling,select,pca_only,8,20,log_euclidean,0.01,0.0015583129807299988,4585.887874494151,683.7315393215271,1419.0965046447577,709.5482523223742,245.45345529922852,5.18534093805693e-05,5.185247489626562e-05,2.551882233391614e-06,4.79617043078396,0.16445660452739144,0.3748959795119813
2015-04-20,1965,ewma,select,pca_only,8,20,log_euclidean,0.01,0.001310643203684732,4374.69899386517,765.3700727662929,1530.4774343302297,765.2387171651114,299.934105933138,4.785889081409585e-05,4.785795632979217e-05,2.314533954638658e-06,4.687439301502134,0.16266905117809025,0.35731510325898547
2015-04-20,1965,ledoit_wolf,select,pca_only,8,20,log_euclidean,0.01,7.781444048954585e-05,9748.070700983477,1140.035786616944,373.2616642174361,186.63083210871827,-260.58359805747585,3.9517020668606564e-05,3.9516086184302885e-05,8.550338392886657e-06,1.0,0.013922974817981038,0.010305065895574093
2015-04-20,1965,oas,select,pca_only,8,20,log_euclidean,0.01,0.0013100968558387622,6923.693761777972,612.1102655005795,410.7120992663502,205.35604963317567,-244.37461921823842,3.84963849682246e-05,3.849545048392092e-05,1.096804557117396e-05,3.2910373859075976,0.1025846459522369,0.17622660470076962
2015-04-20,1965,shrink,select,pca_only,8,20,log_euclidean,0.01,0.0015334963714842165,6974.15175953769,610.2426255795331,380.83351874865184,190.41675937432626,-259.2141485348805,3.4252266798256214e-05,3.4251332313952534e-05,1.0434433668362438e-05,2.8623998905990167,0.11961918588164121,0.16023141695973805
2015-04-20,1965,persistence,select,pca_only,8,20,log_euclidean,0.01,6.200685487691722e-05,3128.5835546019625,936.1962534047941,6191.899449543177,3095.9497247715935,2593.086315671023,3.674992818274834e-05,3.674899369844466e-05,2.412710026264446e-07,2.8535556550423773,0.08217161675830317,0.11336122926551587
2015-04-27,1970,similarity,select,pca_only,8,20,log_euclidean,0.01,5.6477679951938505e-05,1875.516380645544,5160.296037902979,70998.35005499226,35499.17502749613,34318.26994309085,5.9260291076841414e-05,5.92587097969851e-05,3.6011992981197675e-08,3.0892035755977325,0.18150626823101068,0.17585874147186542
2015-04-27,1970,rolling,select,pca_only,8,20,log_euclidean,0.01,0.0015608838987398524,4574.996064562994,637.8566489665307,1270.4136882013067,635.2068441006488,170.00101789244016,4.993455222889853e-05,4.993297094904221e-05,2.558270735124963e-06,5.055876619639585,0.13928620231983058,0.3759288193182742
2015-04-27,1970,ewma,select,pca_only,8,20,log_euclidean,0.01,0.0007412647523414873,4402.688065674628,815.3621783444516,1578.7651891145867,789.3825945572984,317.4952814231201,4.79388970441533e-05,4.7937315764296985e-05,1.9872282603700986e-06,4.8479537113541875,0.13486054018994514,0.35028392227959754
2015-04-27,1970,ledoit_wolf,select,pca_only,8,20,log_euclidean,0.01,7.760302685314556e-05,9746.491079662517,1430.3617502049024,375.97732497648656,187.98866248824382,-261.5630596854723,4.449030300502765e-05,4.448872172517133e-05,8.36892991933831e-06,1.0,0.013329450359211277,0.010255725111688813
2015-04-27,1970,oas,select,pca_only,8,20,log_euclidean,0.01,0.0013133236923476817,6934.631531341607,658.5943339028227,393.3418797245123,196.670939862257,-255.36187607976544,3.849926226531436e-05,3.849768098545805e-05,1.0756269531782847e-05,3.329505644085917,0.098020027035336,0.17148800665995426
2015-04-27,1970,shrink,select,pca_only,8,20,log_euclidean,0.01,0.0015386819227357685,7002.1048262367585,686.0224576455792,358.48965346843215,179.24482673421664,-272.63866698676554,3.447939018166499e-05,3.4477808901808676e-05,1.0797739985228278e-05,2.8432638461034365,0.12189183619024638,0.14756251437514517
2015-04-27,1970,persistence,select,pca_only,8,20,log_euclidean,0.01,6.947631186059278e-05,3493.640823157668,1072.0980612208843,6898.834513004385,3449.417256502192,2913.7103829680223,7.707633364078635e-05,7.707475236093004e-05,1.6691944102588691e-07,2.2538423740060005,0.09711633880689663,0.07740136744335119
2015-05-04,1975,similarity,select,pca_only,8,20,log_euclidean,0.01,3.518086801129088e-05,1817.5847357064986,5181.564248648311,43833.93422001159,21916.967110005793,20855.45825388447,6.818262951585583e-05,6.818097255179763e-05,4.280532731553304e-08,2.9196102448920773,0.1309583652420443,0.1406059000012729
2015-05-04,1975,rolling,select,pca_only,8,20,log_euclidean,0.01,0.0015552070323728625,4554.809154496739,651.7007519783625,1085.325644037011,542.6628220185098,66.69121129978309,5.2955163379321e-05,5.29535064152628e-05,2.4974831680993436e-06,4.933183194813871,0.15781422745112014,0.36130582336139994
2015-05-04,1975,ewma,select,pca_only,8,20,log_euclidean,0.01,0.0004282412522944425,4396.503601555105,837.6452988394497,1467.9655891032264,733.9827945516149,249.9630396063646,4.961438206710618e-05,4.961272510304798e-05,1.7516655595977721e-06,4.726398808559826,0.16291832889506186,0.34009819145610115
2015-05-04,1975,ledoit_wolf,select,pca_only,8,20,log_euclidean,0.01,6.158658040473074e-05,9767.261061453446,1439.6134675536066,388.37798849921774,194.18899424960853,-264.53438636543194,3.491144418888879e-05,3.4909787224830585e-05,8.826424360607197e-06,1.0,0.013486057632924906,0.010287563130092797
2015-05-04,1975,oas,select,pca_only,8,20,log_euclidean,0.01,0.0013029518868648143,6963.799723628672,648.7579535579177,373.3174308863438,186.6587154431719,-274.90446691393066,3.850456910635894e-05,3.8502912142300735e-05,1.0851692028427567e-05,3.373621893261094,0.10546051704073676,0.17341713627592967
2015-05-04,1975,shrink,select,pca_only,8,20,log_euclidean,0.01,0.0015269467391312223,7020.54510462236,676.2416984182921,357.13168964553734,178.56584482276878,-282.9562350548598,3.3047336258631214e-05,3.304567929457301e-05,1.0618738384664044e-05,2.908963448344865,0.16534728302078347,0.1587398428585144
2015-05-04,1975,persistence,select,pca_only,8,20,log_euclidean,0.01,7.06948419551388e-05,3499.6916268707655,1091.311213636066,5418.463512159913,2709.231756079978,2155.231825731684,3.784020876675228e-05,3.783855180269408e-05,1.4593946318587816e-07,2.0357352106730833,0.056634075511363284,0.05971018975482854
2015-05-11,1980,similarity,select,pca_only,8,20,log_euclidean,0.01,2.5696733760768297e-05,1839.434906174871,5609.50117519267,61457.830629719596,30728.91531485979,29585.498693389127,6.29508899092448e-05,6.29494506533012e-05,2.7116163809575236e-08,3.0123531772413985,0.1599268337116418,0.16394108404788055
2015-05-11,1980,rolling,select,pca_only,8,20,log_euclidean,0.01,0.0015687987195154227,4548.615976774402,719.6044050341461,1042.2083627035724,521.1041813517849,45.651265854826725,6.423581901632158e-05,6.423437976037798e-05,2.4582960590618106e-06,4.788399251300642,0.16058666882945916,0.3517385524840253
2015-05-11,1980,ewma,select,pca_only,8,20,log_euclidean,0.01,0.000259673663336256,4364.430423746447,854.2432016458346,1563.7166202667402,781.8583101333717,300.2835928360988,6.757462759567676e-05,6.757318833973316e-05,1.4980006775273738e-06,4.551816644468294,0.1666035227774605,0.3230219007361506
2015-05-11,1980,ledoit_wolf,select,pca_only,8,20,log_euclidean,0.01,5.2077785879139836e-05,9786.737107067906,1157.8804616222205,397.9831487525128,198.99157437625604,-266.01653594660036,2.5972769706743015e-05,2.597133045079941e-05,9.40124671125502e-06,1.0000000000000002,0.013539672843207319,0.010384688537473022
2015-05-11,1980,oas,select,pca_only,8,20,log_euclidean,0.01,0.0013106072805989,6973.65655554577,601.8564100538405,371.63970289205764,185.81985144602837,-280.88101765748763,4.26169980269529e-05,4.261555877100929e-05,1.0905673827642007e-05,3.2879234664961308,0.11160712262039515,0.17124593039123331
2015-05-11,1980,shrink,select,pca_only,8,20,log_euclidean,0.01,0.0015355578124662194,7015.837873026916,603.897554831836,359.723182506483,179.86159125324122,-287.17292415847993,3.194549501664892e-05,3.1944055760705316e-05,1.051588551850416e-05,2.8518978236582377,0.19996124291044642,0.17449883594392024
2015-05-11,1980,persistence,select,pca_only,8,20,log_euclidean,0.01,7.483618257195246e-05,3339.4242561982364,1010.9148016005555,3881.0651138995086,1940.5325569497509,1430.1270801446522,2.3740597613289218e-05,2.3739158357345612e-05,1.9842661777397002e-07,2.1246811074172873,0.07837826330562518,0.07102090241599815
2015-05-18,1985,similarity,select,pca_only,8,20,log_euclidean,0.01,0.0006469626921866225,1862.7210015089167,4993.42373932004,126634.88904090971,63317.44452045486,62539.64748907456,7.253928038520334e-05,7.252967805667583e-05,6.39585005673258e-08,3.491797379172592,0.17011540422969607,0.21354543984934207
2015-05-18,1985,rolling,select,pca_only,8,20,log_euclidean,0.01,0.002180860448311793,4756.594302943002,675.4225708594148,3837.143812443846,1918.5719062219205,1471.9573140168618,0.0001470917935063974,0.00014708219117786988,2.4229074776817815e-06,4.6281797416087365,0.1714400396966572,0.3500670799254948
2015-05-18,1985,ewma,select,pca_only,8,20,log_euclidean,0.01,0.0007697566164345928,4554.050143098285,794.7605858904506,6908.230522474865,3454.1152612374317,2994.1350115653145,0.0001357657269573857,0.00013575612462885818,1.247630583574186e-06,4.352034046597043,0.16757630713803318,0.3131598651937792
2015-05-18,1985,ledoit_wolf,select,pca_only,8,20,log_euclidean,0.01,0.0006546979128591879,9806.596841812663,1466.095571511013,368.00332751094095,184.00166375547047,-245.82049616705825,4.130543726636603e-05,4.1295834937838516e-05,9.338935231903144e-06,1.0000000000000002,0.014397071475133066,0.01037091712997677
2015-05-18,1985,oas,select,pca_only,8,20,log_euclidean,0.01,0.0019214049363073399,7036.57425946166,647.7189306719418,753.2989861216665,376.64949306083315,-55.24905305964933,7.361268987678208e-05,7.360308754825457e-05,1.0997803823407668e-05,3.29642578296071,0.11903194944422896,0.17224520980305422
2015-05-18,1985,shrink,select,pca_only,8,20,log_euclidean,0.01,0.0021510535130885512,7076.870005632175,665.0080188469882,758.7472604849869,379.37363024249305,-52.574918120108556,6.983660900625732e-05,6.98270066777298e-05,1.062308491147873e-05,2.8706353983573822,0.19799556577955474,0.17442884413834892
2015-05-18,1985,persistence,select,pca_only,8,20,log_euclidean,0.01,0.0006780794364233343,3536.609491536965,1009.6175093576846,12365.882330908564,6182.941165454278,5703.653812848695,2.9832325883050442e-05,2.9822723554522927e-05,1.295130504431465e-07,1.8480308575100743,0.05096458528167273,0.050690242297826316
2015-05-26,1990,similarity,select,pca_only,8,20,log_euclidean,0.01,0.01704573065468788,1933.7200503216804,4810.578300607507,641849.1669890473,320924.5834945236,317531.969133244,0.000528415415088267,0.0005282845459558492,3.176594342232272e-08,3.1907047697964885,0.17130612500305925,0.18666846886114838
2015-05-26,1990,rolling,select,pca_only,8,20,log_euclidean,0.01,0.018538589632736194,4811.024087122831,750.7355643732711,13210.906341666216,6605.453170833109,6183.9800167625635,0.0006385328619534979,0.00063840199282108,1.5726170406579404e-06,3.881549798509368,0.11012200796637737,0.22621313529141934
2015-05-26,1990,ewma,select,pca_only,8,20,log_euclidean,0.01,0.017069618044581007,4616.574967249397,930.1005950987399,26374.046674106394,13187.023337053195,12721.922305766157,0.0006456046324988148,0.0006454737633663969,8.241079568402091e-07,3.9640809464123095,0.09999856687230867,0.2284605999297349
2015-05-26,1990,ledoit_wolf,select,pca_only,8,20,log_euclidean,0.01,0.016903026111991654,9825.752742909934,1633.4343736675241,469.6984351264182,234.8492175632093,-137.4498089066236,3.914993811482423e-05,3.90190689824064e-05,8.135629428526516e-06,1.0,0.013446431754606209,0.010286383533875551
2015-05-26,1990,oas,select,pca_only,8,20,log_euclidean,0.01,0.018274524551756696,7080.2138506030005,831.5249747569223,2398.472830130568,1199.2364150652843,818.7359058254032,0.00029463191769961785,0.00029450104856720003,7.173571781767046e-06,2.8018525624069928,0.0792442265724513,0.11906929820486963
2015-05-26,1990,shrink,select,pca_only,8,20,log_euclidean,0.01,0.018508973259414918,7049.469805804189,835.9074977794639,2043.186953633201,1021.5934768166006,640.1818550432067,0.00024719021617719496,0.00024705934704477713,7.020141597526805e-06,2.600664248212846,0.10594218326541355,0.1243850995599113
2015-05-26,1990,persistence,select,pca_only,8,20,log_euclidean,0.01,0.017034172162009465,3488.0330821654798,944.3108020951622,54541.280410322564,27270.64020516128,26692.044125704,2.477702090847985e-05,2.4646151776062022e-05,1.769176810906653e-07,2.1631675053616113,0.0942835951819581,0.07202790711724047
2015-06-02,1995,similarity,select,pca_only,8,20,log_euclidean,0.01,0.0171289150871672,1931.4661328180564,3701.586562688293,530796.1784515782,265398.0892257891,262704.21337042085,6.748638598244583e-05,6.730655714127613e-05,3.9927921573896284e-08,2.9184402491562356,0.13039765298630043,0.15065337076645205
2015-06-02,1995,rolling,select,pca_only,8,20,log_euclidean,0.01,0.017087563081986546,4638.326707529987,913.5254636949951,34554.252679125406,17277.126339562703,16776.801003171433,0.00019988239916850957,0.00019970257032733986,7.981110058065675e-07,4.465947057967462,0.1542973223373174,0.32660807646025736
2015-06-02,1995,ewma,select,pca_only,8,20,log_euclidean,0.01,0.017091645430957803,4450.646358239247,975.3387552636781,38835.84306914367,19417.921534571837,18911.42100439431,0.00020953047873043646,0.00020935064988926674,6.947233560645304e-07,4.176821637273847,0.14889436147700313,0.28367347534652715
2015-06-02,1995,ledoit_wolf,select,pca_only,8,20,log_euclidean,0.01,0.017078250750654722,7360.386208793079,1378.036858059585,1505.568585723264,752.7842928616321,376.8069824738041,8.115495539132904e-05,8.097512655015934e-05,9.309856095062802e-06,2.063910995934756,0.07361973944143176,0.06562246114589478
2015-06-02,1995,oas,select,pca_only,8,20,log_euclidean,0.01,0.01707925369468926,7215.673526711511,1295.977718047353,1710.838042184366,855.4190210921831,478.65531090429687,8.978571847275855e-05,8.960588963158885e-05,8.754118190027958e-06,2.224617370121204,0.07959687034560277,0.076052676892919
2015-06-02,1995,shrink,select,pca_only,8,20,log_euclidean,0.01,0.017085215331902284,6861.458926761819,1141.2099608283775,2098.5556267056413,1049.2778133528209,668.3805096460889,0.0001297022780030089,0.00012952244916183918,7.1976565992745915e-06,2.583482560587245,0.12267946243219635,0.11964218021367784
2015-06-02,1995,persistence,select,pca_only,8,20,log_euclidean,0.01,0.017107129545367805,3426.214750411651,1058.5169301760845,65893.4823248435,32946.74116242175,32254.837396657436,5.926186350091246e-05,5.9082034659742756e-05,1.675349114587496e-07,2.292402751072227,0.10511668590978943,0.08229963857426853
2015-06-09,2000,similarity,select,pca_only,8,20,log_euclidean,0.01,0.017059439757249665,1911.8972990580417,3241.2114024970597,591404.9638418235,295702.48192091176,292015.4941315575,8.692162586227236e-05,8.67538384673425e-05,4.9154995761012325e-08,3.273136921265382,0.15968168066319244,0.1890177040514856
2015-06-09,2000,rolling,select,pca_only,8,20,log_euclidean,0.01,0.017007335317610346,4603.373375879259,1114.9024240642682,37631.8712704339,18815.93563521695,18347.078660474795,0.00021417782416528113,0.00021401003677035127,7.595859177764924e-07,4.593375648627145,0.15754565938235876,0.3370798187988733
2015-06-09,2000,ewma,select,pca_only,8,20,log_euclidean,0.01,0.01701950699217366,4423.94450905513,1125.843454357383,42427.60563969833,21213.802819849167,20741.46167846685,0.00025746955352900033,0.0002573017661340705,6.151125623870979e-07,4.097839791905847,0.14991207605667337,0.2741446826275764
2015-06-09,2000,ledoit_wolf,select,pca_only,8,20,log_euclidean,0.01,0.01700656978317485,7355.987831926904,1739.374649411639,1526.7952735913552,763.3976367956773,389.1479017088269,4.1094182843150454e-05,4.09263954482206e-05,9.614097803940255e-06,1.983853305259517,0.06191477833060553,0.059700190860365675
2015-06-09,2000,oas,select,pca_only,8,20,log_euclidean,0.01,0.01700630235314432,7224.947298653005,1646.5161271386219,1714.8559994316633,857.4279997158313,482.50920797057154,4.171759179036988e-05,4.1549804395440026e-05,9.252226535933675e-06,2.13658745080616,0.06904569764780426,0.07051637814768558
2015-06-09,2000,shrink,select,pca_only,8,20,log_euclidean,0.01,0.017010074207660042,6811.339916508419,1418.3281671306831,2188.445774502697,1094.222887251348,714.633001217655,7.097347551536535e-05,7.08056881204355e-05,6.704813764794633e-06,2.629424137998513,0.1376189966531653,0.13314319746309333
2015-06-09,2000,persistence,select,pca_only,8,20,log_euclidean,0.01,0.017041040669259006,3389.007848818017,1332.853328132411,83386.70885795692,41693.35442897846,41054.75244211378,6.772213777831949e-05,6.755435038338963e-05,1.373235319254899e-07,2.3356809000238394,0.0789120489372352,0.07740878776998492
2015-06-16,2005,similarity,select,pca_only,8,20,log_euclidean,0.01,0.054893248599423225,1881.7154090497816,3404.033108683958,726950.6382241417,363475.31911207084,354327.520919377,0.00035729786457788993,0.00035693808081161397,4.340412045526918e-08,3.1344488139819915,0.1470078448198515,0.16928271916079982
2015-06-16,2005,rolling,select,pca_only,8,20,log_euclidean,0.01,0.05467062234619547,4556.52401902574,1054.5215966317878,31533.287245628908,15766.643622814454,15085.346545209706,9.248530905639587e-05,9.21255252901199e-05,6.475965880972334e-07,3.491845547549627,0.11645975928296252,0.20384550096937493
2015-06-16,2005,ewma,select,pca_only,8,20,log_euclidean,0.01,0.05558355448732813,4398.436477577853,954.5074185566099,23037.015930057027,11518.507965028513,10920.438477548592,7.025393670913039e-05,6.989415294285443e-05,9.05257474092787e-07,3.2239956367513605,0.10624130504196416,0.1760855778932754
2015-06-16,2005,ledoit_wolf,select,pca_only,8,20,log_euclidean,0.01,0.05471331885845855,8550.228236126788,2406.555508798102,1147.3542470714483,573.6771235357239,228.05473713238916,0.00011302196016096692,0.00011266217639469095,7.546161927915617e-06,1.0433147534018985,0.02576244437496051,0.014153989059354865
2015-06-16,2005,oas,select,pca_only,8,20,log_euclidean,0.01,0.054668031043341885,7064.355739184276,1390.4065343890034,2772.1766963429254,1386.088348171463,1018.7934775975584,7.237175716356346e-05,7.20119733972875e-05,6.758899811186132e-06,2.413239274886076,0.07971779966965252,0.09493475941953425
2015-06-16,2005,shrink,select,pca_only,8,20,log_euclidean,0.01,0.05467281554634801,6828.173255406055,1336.3026245910871,2691.5831883573587,1345.7915941786794,974.3810999482833,7.138349655891602e-05,7.102371279264006e-05,5.338937307234104e-06,2.448799374138489,0.14106813907099636,0.1309322160459581
2015-06-16,2005,persistence,select,pca_only,8,20,log_euclidean,0.01,0.05541900372022561,3551.243306252916,1059.4849165108315,66908.24742159816,33454.12371079908,32823.466262855574,8.702139961659701e-05,8.666161585032105e-05,4.732765781599706e-07,2.6800387861500354,0.08931656939837322,0.11374269233182321
2015-06-23,2010,similarity,select,pca_only,8,20,log_euclidean,0.01,0.03943737067785502,1796.897162236714,3744.0767187446154,206786.00269146185,103393.00134573093,98463.37649722067,0.0002723079969139526,0.00027211363140417156,3.4930598615209626e-08,3.1427498325243253,0.18897222173917647,0.18759170991998986
2015-06-23,2010,rolling,select,pca_only,8,20,log_euclidean,0.01,0.04179958223177638,4475.305342379978,856.3282152912177,3530.537828236725,1765.2689141183625,1334.041592387018,0.00010561232697550446,0.00010541796146572341,1.8995187679255137e-06,3.4752216663382165,0.14210771514097742,0.19669829087538693
2015-06-23,2010,ewma,select,pca_only,8,20,log_euclidean,0.01,0.05977473845435881,4329.261060217043,858.723026146461,2815.6519740593403,1407.82598702967,1010.3909818452223,0.0001177093099010786,0.00011751494439129756,3.248910496007513e-06,3.025520217813472,0.13417650853995097,0.1432006906942424
2015-06-23,2010,ledoit_wolf,select,pca_only,8,20,log_euclidean,0.01,0.039185283696845305,10327.5862889604,2126.6495138074165,465.04986320718467,232.52493160359234,-127.1758757343476,0.00010396117877873142,0.00010376681326895038,9.416299428690876e-06,1.0,0.01235888434750424,0.010121393488801226
2015-06-23,2010,oas,select,pca_only,8,20,log_euclidean,0.01,0.04136135960619745,7249.043067730057,1095.1771865779392,876.0926363327309,438.04631816636544,66.65525277572404,9.656799495931089e-05,9.637362944952985e-05,7.786961766260807e-06,2.411653926294584,0.09209323738015647,0.09074457555353213
2015-06-23,2010,shrink,select,pca_only,8,20,log_euclidean,0.01,0.04178778343520213,6875.537030132904,1049.8988423878916,654.9931352524836,327.4965676262419,-48.02964555485746,5.1745761936406655e-05,5.1551396426625604e-05,6.2194712020597114e-06,2.4559416825341116,0.14662200397920078,0.125266925444723
2015-06-23,2010,persistence,select,pca_only,8,20,log_euclidean,0.01,0.0561558472694003,3399.836524315704,976.0213466726985,9534.631399153008,4767.315699576504,4335.245164937036,7.823651634793835e-05,7.804215083815731e-05,1.6667834308877548e-06,2.4139281165231052,0.08747632501870667,0.09298235514943172
2015-06-30,2015,similarity,select,pca_only,8,20,log_euclidean,0.01,0.039506680398338496,1928.1761915601146,4723.508508716344,308810.2839199185,154405.14195995926,148396.51294716366,9.860023949551622e-05,9.848838296888979e-05,3.333338033109361e-08,3.371706259058476,0.1337835036909483,0.16426951254189479
2015-06-30,2015,rolling,select,pca_only,8,20,log_euclidean,0.01,0.042078955787779614,4697.8169796955435,782.2071325913223,9217.599421898693,4608.799710949346,4150.375442856817,0.0008548857749100192,0.0008547739183833927,2.5973512539328446e-06,3.977373953886625,0.13802241832433024,0.26226476390887676
2015-06-30,2015,ewma,select,pca_only,8,20,log_euclidean,0.01,0.05039409917086987,4478.912190061944,954.771746209772,6568.749499389856,3284.3747496949277,2856.413353531437,0.000642517125165834,0.0006424052686392075,3.7285020348472476e-06,3.5974323181774386,0.12364906252667811,0.21450768216722238
2015-06-30,2015,ledoit_wolf,select,pca_only,8,20,log_euclidean,0.01,0.03926059695779073,10321.684632924902,1562.7388464629353,476.6512020442783,238.32560102213932,-118.26984397787248,9.982560007795623e-05,9.97137435513298e-05,9.822614264262343e-06,0.9999999999999998,0.01275051460206506,0.010150172471799383
2015-06-30,2015,oas,select,pca_only,8,20,log_euclidean,0.01,0.041624376688829845,7291.322142805004,802.1358236777194,1964.433506368864,982.216753184432,607.9270667213798,0.0003339949175360926,0.0003338830610094662,9.770090985692585e-06,2.587309216085817,0.09014086130503512,0.105721477135546
2015-06-30,2015,shrink,select,pca_only,8,20,log_euclidean,0.01,0.042066006418922955,6974.619351323064,783.2931665904216,2017.0036802038353,1008.5018401019179,629.1916994736068,7.072748903261356e-05,7.061563250598713e-05,7.996779879925092e-06,2.5531919492388044,0.1638696691415005,0.1325205638873925
2015-06-30,2015,persistence,select,pca_only,8,20,log_euclidean,0.01,0.056271424590991215,3544.9435032572655,1171.0061265316747,9015.063597043503,4507.5317985217525,4082.5024281865044,0.00019278117738274851,0.00019266932085612207,2.5597015938621415e-06,2.9435915716544967,0.10759561447875213,0.1415706963114114
2015-07-08,2020,similarity,select,pca_only,8,20,log_euclidean,0.01,0.04029033541495023,1972.791960672326,6408.514575087113,250543.23236247167,125271.61618123583,120914.73839459047,0.0002463213660748483,0.0002462316777024222,3.82883458367614e-08,3.4676358040905444,0.19399905033113712,0.2080352796260395
2015-07-08,2020,rolling,select,pca_only,8,20,log_euclidean,0.01,0.04288325463457699,4633.271630456228,1036.8047707885173,9267.23832234277,4633.619161171383,4175.9209677894405,0.0012285539681693171,0.001228464279796891,2.431560426474853e-06,3.8591689773461617,0.14294159551607974,0.24897273333994646
2015-07-08,2020,ewma,select,pca_only,8,20,log_euclidean,0.01,0.04613263138596727,4430.333362924294,1237.1471938179452,7943.827087766691,3971.913543883346,3528.277117610556,0.0006486183921352731,0.000648528703762847,2.92716167908853e-06,3.623042009651026,0.13949022328738783,0.21709994821692236
2015-07-08,2020,ledoit_wolf,select,pca_only,8,20,log_euclidean,0.01,0.04004199723727361,10307.361691321961,1037.7073869015676,477.5420931315937,238.7710465657969,-116.51684024731189,8.064620469598557e-05,8.055651632355945e-05,9.775412782954679e-06,1.0,0.013539454522693516,0.010150833026307163
2015-07-08,2020,oas,select,pca_only,8,20,log_euclidean,0.01,0.04242945889530692,7241.247902381176,766.7596061530198,1992.9105890449428,996.4552945224715,623.0126240764754,0.0004442876676538392,0.0004441979792814131,9.401558311265789e-06,2.5439755367147634,0.08819238226588343,0.10675485183642515
2015-07-08,2020,shrink,select,pca_only,8,20,log_euclidean,0.01,0.042864335751852424,6886.008750312144,771.0149333311406,2058.5291603867086,1029.2645801933543,648.3300252633869,0.00016657166474694994,0.0001664819763745238,8.166679777002737e-06,2.5251687475368256,0.16354337895549664,0.12870019399595414
2015-07-08,2020,persistence,select,pca_only,8,20,log_euclidean,0.01,0.0570148551169921,3476.023465510647,1797.6255935634217,9138.56977520459,4569.2848876022945,4139.271371502501,0.0001221858785029794,0.00012209619013055326,2.441284449946749e-06,2.7880981818636164,0.13304299150700066,0.13294293748939204
2015-07-15,2025,similarity,select,pca_only,8,20,log_euclidean,0.01,0.00015612523165194097,1996.6027810944242,6120.463366661418,142438.98095805215,71219.49047902608,69741.12427562453,7.29298215187963e-05,7.292788968485155e-05,3.31089901009564e-08,3.289970482304176,0.15848811205890784,0.17512696302238615
2015-07-15,2025,rolling,select,pca_only,8,20,log_euclidean,0.01,0.002717120165834702,4445.383935041367,1125.3209138114735,1631.592991665659,815.7964958328268,373.9307091091747,5.7846556734753745e-05,5.7844624900809e-05,2.527531134006824e-06,4.155246153632674,0.14141090086901423,0.2627469512827401
2015-07-15,2025,ewma,select,pca_only,8,20,log_euclidean,0.01,0.003217295183848287,4219.913091249387,1388.1809994136145,1640.7071633711482,820.3535816855748,379.2054131065367,7.951527690265344e-05,7.951334506870868e-05,2.491768062820066e-06,3.9232175451619606,0.12836778008669786,0.23358446517402276
2015-07-15,2025,ledoit_wolf,select,pca_only,8,20,log_euclidean,0.01,0.00016579212233046566,10250.662245149113,1002.75489060732,364.92531439626083,182.46265719813042,-242.20820740427985,4.7268936251178726e-05,4.726700441723398e-05,1.0157050940486876e-05,1.0000000000000002,0.014321826688113498,0.010201528713867918
2015-07-15,2025,oas,select,pca_only,8,20,log_euclidean,0.01,0.002287346281561438,7105.240918006771,749.0432266763326,451.74118606773334,225.87059303386613,-201.11914489065015,4.6927444818458434e-05,4.692551298451369e-05,9.897882372277218e-06,2.753500359049688,0.09305497625862856,0.11692556636505932
2015-07-15,2025,shrink,select,pca_only,8,20,log_euclidean,0.01,0.002696882908799488,6759.168438455125,756.0319075542316,480.76004247309993,240.38002123654977,-188.17067151665984,3.960980694513135e-05,3.96078751111866e-05,8.541806987371407e-06,2.822294584470184,0.1568581250937325,0.14286871401510884
2015-07-15,2025,persistence,select,pca_only,8,20,log_euclidean,0.01,0.053813103903137316,3174.3999194148746,1695.2788823853014,703.2182451854267,351.6091225927124,-74.60776593994814,9.50702252340838e-05,9.506829340013904e-05,3.909461344752074e-06,2.536063341239763,0.10389404617762199,0.10416422715638748
2015-07-22,2030,similarity,select,pca_only,8,20,log_euclidean,0.01,0.00012791558402513802,1986.1928456694582,6379.721754680423,82331.40840110961,41165.704200554814,40121.91984939386,8.220919436411867e-05,8.220783297331801e-05,5.3200210577887494e-08,3.336664906625145,0.16204210538859098,0.1964854818147206
2015-07-22,2030,rolling,select,pca_only,8,20,log_euclidean,0.01,0.008974577458831144,4475.124254735815,885.8512012864102,797.378184070514,398.6890920352594,-32.61959831427946,5.30901654448982e-05,5.308880405409755e-05,4.480517961240802e-06,3.6438651352252673,0.13170994738876607,0.2182356037544515
2015-07-22,2030,ewma,select,pca_only,8,20,log_euclidean,0.01,0.03895692066522022,4266.886864222698,930.2328399647138,622.2507538353635,311.12537691767994,-120.46002539800998,5.38317026718934e-05,5.383034128109275e-05,5.377718546207566e-06,3.097996485548998,0.1140286992293812,0.15644653993781363
2015-07-22,2030,ledoit_wolf,select,pca_only,8,20,log_euclidean,0.01,0.00029847660842695833,11545.586571947033,1086.7650104008344,418.8042064353958,209.40210321769828,-221.16508227320455,5.354917473822791e-05,5.354781334742726e-05,1.739598335839559e-05,1.0,0.012067615593839438,0.010132337231667631
2015-07-22,2030,oas,select,pca_only,8,20,log_euclidean,0.01,0.007382906904348667,8052.330829411082,670.3519334417554,337.7504776276436,168.87523881382273,-261.88207771339165,3.966593379774355e-05,3.96645724069429e-05,1.621455694346279e-05,2.063728209168035,0.0659147165378906,0.06825360708576393
2015-07-22,2030,shrink,select,pca_only,8,20,log_euclidean,0.01,0.008924951528324516,6853.396732819177,667.6087116529757,436.5556614816185,218.2778307408088,-214.53192704188533,4.4657233492025956e-05,4.4655872101225307e-05,8.180984571677181e-06,2.84149046227463,0.18170439102224312,0.1605250941820061
2015-07-22,2030,persistence,select,pca_only,8,20,log_euclidean,0.01,0.03924247000939124,3219.9310980199775,1264.3360812610042,883.3840057010461,441.6920028505232,8.788319711923492,7.663292948586598e-05,7.663156809506533e-05,2.962450479761836e-06,2.7867343448398327,0.08833704560557663,0.1245202389186777
2015-07-29,2035,similarity,select,pca_only,8,20,log_euclidean,0.01,0.0007881798001387635,1992.8707193038292,1709.8755020495048,73852.14228076098,36926.07114038049,35795.98012875349,0.00021559725119958367,0.00021558285562117718,3.619559081861348e-08,3.0521182087363936,0.11858755400719312,0.1456186781843019
2015-07-29,2035,rolling,select,pca_only,8,20,log_euclidean,0.01,0.009178931141109861,4482.023461823482,1342.3285140775247,648.7138250073546,324.35691250367876,-88.85853461088875,0.00020835515103453386,0.00020834075545612737,4.588886437220226e-06,3.690090406432609,0.13342582117912596,0.22048151257982468
2015-07-29,2035,ewma,select,pca_only,8,20,log_euclidean,0.01,0.02105487733494305,4297.550714381814,1626.457954116278,606.6484835487473,303.32424177437565,-111.31811569234908,0.0001906748712334189,0.00019066047565501241,4.20908540056609e-06,3.0336543655867265,0.11595214102965959,0.1572806549732819
2015-07-29,2035,ledoit_wolf,select,pca_only,8,20,log_euclidean,0.01,0.0009632962007104963,11577.79041848996,3752.990939672451,394.8895693309894,197.4447846654952,-215.8676108358739,0.00025958449132137674,0.00025957009574297023,1.7938802214777717e-05,1.0,0.011974117641272305,0.010139927248901805
2015-07-29,2035,oas,select,pca_only,8,20,log_euclidean,0.01,0.0076039615294533815,8112.806328943795,2268.4151813720114,290.67030729017756,145.335153645089,-268.10566160542487,0.00020312133304652787,0.00020310693746812138,1.7085091787532063e-05,2.067768055785816,0.0753596817465052,0.06965672185942505
2015-07-29,2035,shrink,select,pca_only,8,20,log_euclidean,0.01,0.009199262774719396,6979.831997040754,1811.931651982295,337.8007035427662,168.90035177138364,-246.3693649319454,0.0002014017829520018,0.0002013873873735953,8.950350314243575e-06,2.764973801064161,0.1468070352960968,0.14840507291661045
2015-07-29,2035,persistence,select,pca_only,8,20,log_euclidean,0.01,0.03911204448382535,3338.7679795593403,1622.9626622083895,829.0215716205141,414.51078581026036,-2.0471594561150965,0.00023371204718946093,0.00023369765161105444,2.0737608563913003e-06,2.2116552103560285,0.1029686387927507,0.08551792962944883
2015-08-05,2040,similarity,select,pca_only,8,20,log_euclidean,0.01,0.0014462678974326009,1868.5104354455698,1176.3540370138205,80178.91947126125,40089.45973563062,38699.411460406496,0.00028932810956173164,0.00028931132188132514,3.8246341092744566e-08,3.140878233530338,0.19010597628856862,0.17775883137021056
2015-08-05,2040,rolling,select,pca_only,8,20,log_euclidean,0.01,0.009741665098462061,4515.567022052119,1805.1450242504757,568.1977035971041,284.0988517985506,-133.82131989125298,0.00023602636841399334,0.00023600958073358684,4.743308089381858e-06,3.9564082644006477,0.12193088514189522,0.23394007223224492
2015-08-05,2040,ewma,select,pca_only,8,20,log_euclidean,0.01,0.012139027472244757,4330.619921149772,2468.690673845179,629.9907165297383,314.9953582648693,-101.10540788835496,0.0002225950764445089,0.0002225782887641024,3.5836357973896928e-06,3.336418699391404,0.11829974325956269,0.16943188165792536
2015-08-05,2040,ledoit_wolf,select,pca_only,8,20,log_euclidean,0.01,0.0016227925758412077,11601.731739659952,4736.473038486461,392.9103828038767,196.45519140193846,-214.17391802061766,0.0003544455018533453,0.0003544287141729388,1.834680179066666e-05,0.9999999999999999,0.01212518372083372,0.010154671055015038
2015-08-05,2040,oas,select,pca_only,8,20,log_euclidean,0.01,0.00815770110645462,8142.3090708722075,2969.3642980727004,272.30633856173074,136.1531692808657,-275.3564194538905,0.00024703410157423457,0.00024701731389382807,1.8290211452538824e-05,2.1621971448863113,0.07276851677455276,0.07147073034028584
2015-08-05,2040,shrink,select,pca_only,8,20,log_euclidean,0.01,0.009801657690929694,7026.394029944577,2435.062284130542,319.3332136027469,159.66660680137338,-253.7904087339794,0.00024058557309238586,0.00024056878541197935,9.482203311793558e-06,2.8590108644832175,0.12971334214220817,0.1546974872675501
2015-08-05,2040,persistence,select,pca_only,8,20,log_euclidean,0.01,0.040455309229497555,3407.904562425624,3007.33290387148,815.1018714090352,407.550935704522,-10.411509246847965,0.0002802068623276344,0.0002801900746472279,1.5898732001606798e-06,2.029855155634274,0.07095235527232725,0.06482791518038085
2015-08-12,2045,similarity,select,pca_only,8,20,log_euclidean,0.01,0.0016526585659350742,1806.1732863893958,852.2311461321701,45741.467770742245,22870.733885371123,21875.436908572774,0.00030318875131808915,0.00030315391820049563,7.93033055958311e-08,3.717504020609607,0.17305414831275573,0.23242870113965697
2015-08-12,2045,rolling,select,pca_only,8,20,log_euclidean,0.01,0.010036041715177897,4645.969363600201,2320.219038241882,529.1265516694972,264.56327583475354,-154.02345246963088,0.0003108362147085855,0.00031080138159099197,4.540546815842746e-06,3.575424712668256,0.12401904216579634,0.21674991679992092
2015-08-12,2045,ewma,select,pca_only,8,20,log_euclidean,0.01,0.007225921706572332,4442.465074515927,2839.5657950864656,694.780505683016,347.39025284150557,-72.70718492620327,0.00029248669917350995,0.00029245186605591643,2.955572453707189e-06,3.3152513915870787,0.10365392400909831,0.17814583481730722
2015-08-12,2045,ledoit_wolf,select,pca_only,8,20,log_euclidean,0.01,0.0019072412432326485,11630.124502760485,5355.5139656171505,396.9279259966712,198.46396299833555,-214.15290881475966,0.00039512301667421744,0.00039508818355662393,1.867293895069494e-05,1.0,0.011964197451533513,0.010168744401808335
2015-08-12,2045,oas,select,pca_only,8,20,log_euclidean,0.01,0.008429823811847068,8228.023772554181,3527.7830602726735,267.8228576711018,133.91142883555108,-279.4019560898774,0.00029486006781698394,0.0002948252346993904,1.7552067369270207e-05,2.1208295430901973,0.07449914379849258,0.06869426498453764
2015-08-12,2045,shrink,select,pca_only,8,20,log_euclidean,0.01,0.010108689695114895,7152.244135885956,2992.5419697555,304.49898506133735,152.24949253066882,-263.411566471326,0.0003065972422877331,0.0003065624091701396,9.631456562177208e-06,2.6676347416803794,0.1277715416991477,0.1368490826852545
2015-08-12,2045,persistence,select,pca_only,8,20,log_euclidean,0.01,0.0015404631443712716,3467.664366303622,3576.728886224028,4392.562289703896,2196.2811448519374,1726.756460475266,0.0003283339749844583,0.00032829914186686477,2.254483926194972e-07,1.887267208861829,0.07401155797643055,0.056366404956000364
2015-08-19,2050,similarity,select,pca_only,8,20,log_euclidean,0.01,0.0018905352674186086,1741.2876653409164,731.0902495250515,64028.72958587452,32014.36479293726,30250.37395818295,0.0003069891816729405,0.00030695666133254026,5.611207574355751e-08,3.8600178504534015,0.20125726047615689,0.25444473465273415
2015-08-19,2050,rolling,select,pca_only,8,20,log_euclidean,0.01,0.010189680929867,4534.124213522118,2423.8663897556976,518.1190617617447,259.059530880876,-163.22327311430394,0.0003086597238311437,0.0003086272034907435,4.537331514399902e-06,3.6422797842922305,0.12092573519783954,0.21212043859631557
2015-08-19,2050,ewma,select,pca_only,8,20,log_euclidean,0.01,0.004679482952387433,4346.709923105218,3091.580539452166,843.8387025430291,421.91935127151237,-8.079226260159684,0.00031145532828140627,0.00031142280794100604,2.30030066986098e-06,3.411571488920747,0.10381134442829568,0.18222093847699578
2015-08-19,2050,ledoit_wolf,select,pca_only,8,20,log_euclidean,0.01,0.002075698916640146,11632.443187594261,5442.003571367941,394.21842385977664,197.10921192988843,-213.54762209455288,0.00041370107917430046,0.0004136685588339002,1.8701841195015973e-05,0.9999999999999998,0.011822068410029907,0.010172253819480044
2015-08-19,2050,oas,select,pca_only,8,20,log_euclidean,0.01,0.008580039148051685,8211.076055367561,3650.6650949224286,264.39045865475566,132.1952293273778,-279.8124521874928,0.0003110432452282622,0.000311010724887862,1.7390046684134793e-05,2.099633915952504,0.07396516201197148,0.06748838444942233
2015-08-19,2050,shrink,select,pca_only,8,20,log_euclidean,0.01,0.010270006392203882,7114.102125430207,3101.1185369341306,296.53289829240305,148.266449146202,-267.1874884962962,0.0003092914787508001,0.00030925895841039984,9.451917625333783e-06,2.583301477820907,0.15228881665341995,0.13759990401516697
2015-08-19,2050,persistence,select,pca_only,8,20,log_euclidean,0.01,0.001642124149534389,3325.6710549244963,3391.7002057102695,5428.169933565173,2714.0849667825987,2187.5580271701606,0.0003897944092511568,0.00038976188891075655,1.9379268640508855e-07,1.880074555044526,0.06676716398999367,0.054421927192719766
2015-08-26,2055,similarity,select,pca_only,8,20,log_euclidean,0.01,0.0005191909876854339,1774.6545304167314,1369.298073924353,65249.01424138951,32624.507120694765,31464.76779099639,0.0001146065713876973,0.00011459274064860397,2.9767997419224678e-08,3.079237547150974,0.1292112988941853,0.1629167487630566
2015-08-26,2055,rolling,select,pca_only,8,20,log_euclidean,0.01,0.008932168395156101,4441.550558236811,727.1567703935094,435.7491697734491,217.87458488672496,-218.08500033335812,0.00012068719793971021,0.00012067336720061689,9.192611372279589e-06,5.247472454946765,0.16788261358908455,0.4325859814224483
2015-08-26,2055,ewma,select,pca_only,8,20,log_euclidean,0.01,0.0019157768308100782,4244.560273867645,411.27156102120307,663.0961585429536,331.5480792714797,-110.44975967818019,0.0001516419493476265,0.00015162811860853316,4.9391445858130095e-06,5.017989397803832,0.17018450878312116,0.4054334145110916
2015-08-26,2055,ledoit_wolf,select,pca_only,8,20,log_euclidean,0.01,0.0007027615588399794,11568.29471501811,4003.3975351456597,414.85583318980537,207.42791659490265,-221.63662211073787,0.00020919397006629518,0.00020918013932720185,2.3603545739115984e-05,1.0,0.012920427568559684,0.010305454789978257
2015-08-26,2055,oas,select,pca_only,8,20,log_euclidean,0.01,0.007332640055508592,8118.347582026614,1518.885565174362,275.67174535795255,137.83587267897633,-292.08978622869887,0.00012213336345218894,0.0001221195327130956,3.438497058266324e-05,2.9397957633411886,0.09624063822970547,0.13769549600794953
2015-08-26,2055,shrink,select,pca_only,8,20,log_euclidean,0.01,0.008956531341212775,7433.457472293856,1289.971194028045,268.02226472092246,134.0111323604616,-296.9665566775569,0.00011928139331754116,0.00011926756257844784,2.2509023717487857e-05,3.1210091196360827,0.24976766570939538,0.21813840721202857
2015-08-26,2055,persistence,select,pca_only,8,20,log_euclidean,0.01,0.0002195741303060677,3203.50255293394,402.3910466054663,2048.281795832985,1024.140897916483,558.2682110515399,0.0001649692630031143,0.00016495543226402096,1.4468021815944772e-06,4.114339783990816,0.11521650677362998,0.2670494820460416
2015-09-02,2060,similarity,select,pca_only,8,20,log_euclidean,0.01,0.0003993179766593061,1883.0193509764529,2140.230793399064,63895.056779689214,31947.528389844603,31104.994835355243,0.00012343662380855387,0.00012342483987782792,4.0708227369878595e-08,3.0060921156982876,0.16451537254484136,0.15969910316077165
2015-09-02,2060,rolling,select,pca_only,8,20,log_euclidean,0.01,0.006351365556075584,4474.969275719635,375.2556361155422,683.6269182598023,341.81345912990093,-92.4778927499672,0.00017420482757138733,0.00017419304364066137,7.308734420990131e-06,5.398172976887293,0.2147827889814956,0.49562670148265364
2015-09-02,2060,ewma,select,pca_only,8,20,log_euclidean,0.01,0.0014081361889867396,4277.558399957349,394.9571608465144,953.7881189915527,476.8940594957717,39.672701870355084,0.00016797106980557614,0.00016795928587485018,4.5774536329731495e-06,5.029789447111519,0.1878672891190095,0.41719496071704476
2015-09-02,2060,ledoit_wolf,select,pca_only,8,20,log_euclidean,0.01,0.0005171892550078895,10877.763476169443,3087.107755243073,379.376844793246,189.68842239662294,-236.3811579550089,0.00016671707647599116,0.0001667052925452652,3.0211574954736035e-05,1.003830139386195,0.019090386150664013,0.011913291194254414
2015-09-02,2060,oas,select,pca_only,8,20,log_euclidean,0.01,0.0053724273469587264,7515.272006158312,537.3667910196484,296.7266799284651,148.36333996423252,-279.02573373192115,0.00012982645298656288,0.00012981466905583692,2.7736592078868538e-05,3.9331789035924354,0.13847464824265077,0.23904194951731206
2015-09-02,2060,shrink,select,pca_only,8,20,log_euclidean,0.01,0.006338034022516872,7641.252798525084,668.7952481565602,283.5733893373183,141.78669466865924,-285.5947571130605,0.00011616473049956552,0.00011615294656883957,2.814198851200751e-05,3.3825431703715623,0.2758338382335259,0.2422613911832915
2015-09-02,2060,persistence,select,pca_only,8,20,log_euclidean,0.01,0.0005471931979802809,3244.4556388141605,590.3597311429835,2284.6588321906916,1142.329416095351,693.1904445763862,0.00016325983696181994,0.00016324805303109398,1.6984505148286114e-06,4.232185724529195,0.1627617596404199,0.2783177938584852
2015-09-10,2065,similarity,select,pca_only,8,20,log_euclidean,0.01,0.0005137838368620402,1891.2196577407312,2707.191154198823,73246.20171411468,36623.100857057325,35572.66978094983,9.936298332941905e-05,9.935079071438121e-05,4.5829425957947014e-08,2.864731668717057,0.14220727978885905,0.1410813257269035
2015-09-10,2065,rolling,select,pca_only,8,20,log_euclidean,0.01,0.006438524487118245,4521.305652319188,509.0872991154821,918.7579039253926,459.378951962699,31.37517851648091,0.00021615379436832897,0.00021614160175329115,9.580914908926551e-06,6.22271038138135,0.2308651525753847,0.595198564279576
2015-09-10,2065,ewma,select,pca_only,8,20,log_euclidean,0.01,0.0009160334472091071,4320.00583319119,697.7452068607934,1475.59384252747,737.7969212637317,301.8905858383089,0.00022928525724281605,0.00022927306462777823,5.266036327321303e-06,6.106398997315137,0.20036861672231487,0.580007355275364
2015-09-10,2065,ledoit_wolf,select,pca_only,8,20,log_euclidean,0.01,0.0006294171447453524,10890.511755962081,2597.7666820675418,364.9588356704683,182.4794178352338,-232.07990120822743,0.00016792122664209238,0.00016790903402705455,3.368207669003211e-05,1.0040448419448527,0.020327414082149615,0.012299556740278956
2015-09-10,2065,oas,select,pca_only,8,20,log_euclidean,0.01,0.005447180015932868,7566.9060067385,495.78088233504803,326.740694074427,163.370347037213,-253.29750223565006,0.00017185612152406372,0.0001718439289090259,3.312019152005028e-05,4.109816572662258,0.13341754140956902,0.25410786326379264
2015-09-10,2065,shrink,select,pca_only,8,20,log_euclidean,0.01,0.00642607265228343,7717.699635972378,574.1791013568894,299.4356091891435,149.71780459457153,-266.4373592390263,0.00014367261154718834,0.00014366041893215052,3.3985216473464744e-05,3.532428300085923,0.23859496038446834,0.23089685346474562
2015-09-10,2065,persistence,select,pca_only,8,20,log_euclidean,0.01,0.0007602234693847731,3269.4149269509944,984.1745278279543,3225.229094809089,1612.6145474045393,1174.7786236327443,0.0002356652557872837,0.00023565306317224586,2.3853821369277417e-06,5.012050086890927,0.15843414877110554,0.39061859788628234
2015-09-17,2070,similarity,select,pca_only,8,20,log_euclidean,0.01,0.0005195900241034498,1978.571769412807,2940.36720120891,108535.65347137059,54267.82673568529,52454.07208855313,0.00013206340717875306,0.00013205427226508252,3.6755747637944926e-08,3.0447728051395178,0.13063160818812944,0.161506950316521
2015-09-17,2070,rolling,select,pca_only,8,20,log_euclidean,0.01,0.006429705588108921,4633.258566549279,546.3505979148161,999.2514829289339,499.6257414644677,75.61440207760226,0.00022026869580011905,0.0002202595608864485,8.846609631380032e-06,6.167723907914983,0.1806839257242722,0.5628137541712411
2015-09-17,2070,ewma,select,pca_only,8,20,log_euclidean,0.01,0.0005342279334374687,4400.622609633124,686.4339339272178,1853.7412835683967,926.8706417841996,496.60945865547166,0.00025222181806711357,0.000252212683153443,4.236856036183377e-06,6.241499158908657,0.18072829544680757,0.5808337587177129
2015-09-17,2070,ledoit_wolf,select,pca_only,8,20,log_euclidean,0.01,0.0005989110930696358,10889.714654109062,2415.362493377107,361.86396048716347,180.9319802435813,-231.1569603207197,0.00015930570281629008,0.00015929656790261953,3.516212807387415e-05,1.0072006184495428,0.021452312805372624,0.01261218863000626
2015-09-17,2070,oas,select,pca_only,8,20,log_euclidean,0.01,0.005432513498199658,7593.327167660077,476.53970563778785,341.3974376195128,170.69871880975586,-243.24374679081765,0.00017423461173560626,0.00017422547682193572,3.193581891486091e-05,4.133110124412123,0.12087940715980404,0.2550752731286543
2015-09-17,2070,shrink,select,pca_only,8,20,log_euclidean,0.01,0.00639662997458663,7755.043826644859,532.4699400062649,312.9720870492555,156.48604352462763,-256.9513810078252,0.00013690104563486707,0.00013689191072119652,3.30298880613587e-05,3.4698888078464605,0.22049995389562088,0.22590231923437515
2015-09-17,2070,persistence,select,pca_only,8,20,log_euclidean,0.01,0.0008793209239872105,3245.8076488300158,1135.3982899440048,3167.230186021617,1583.6150930108063,1154.7356095981136,0.00021311249882040304,0.0002131033639067325,2.3627942230365346e-06,4.906596488848765,0.1538635176680114,0.36881362454470146
2015-09-24,2075,similarity,select,pca_only,8,20,log_euclidean,0.01,0.0004022179334338421,1974.2131496068407,3498.3914090554067,112591.71134786421,56295.855673932114,54465.35471526338,0.00010819311468542432,0.00010818714985235833,3.7694559907456654e-08,3.1348466692797947,0.11365797596230268,0.15225994152145028
2015-09-24,2075,rolling,select,pca_only,8,20,log_euclidean,0.01,0.006415654850803776,4695.115502205787,613.7964534832693,1047.91584306556,523.9579215327818,102.61559450040129,0.00023695795892895806,0.00023695199409589206,8.553220915545918e-06,6.3416974889261715,0.20253273275002914,0.591920427363023
2015-09-24,2075,ewma,select,pca_only,8,20,log_euclidean,0.01,0.00037204092071110775,4439.742697558948,747.4668881449278,2090.506090109833,1045.2530450549148,615.6375242045349,0.0002480645878871135,0.0002480586230540475,4.21712279393776e-06,6.713446409101784,0.2176943858368943,0.6787187706321689
2015-09-24,2075,ledoit_wolf,select,pca_only,8,20,log_euclidean,0.01,0.0004953383629162017,10905.982932197265,1970.0818666720065,364.5192737643102,182.25963688215475,-230.618176812556,0.00013373938465838304,0.00013373341982531704,3.523753566902501e-05,1.0041545860740029,0.02047749440321993,0.012284741137367999
2015-09-24,2075,oas,select,pca_only,8,20,log_euclidean,0.01,0.0054043846982248815,7648.546957398097,448.70418873677687,350.7296622118532,175.36483110592593,-239.15723878726038,0.0001730247923579696,0.0001730188275249036,3.397411223935805e-05,4.395088182767882,0.1325274435562103,0.2780288033520116
2015-09-24,2075,shrink,select,pca_only,8,20,log_euclidean,0.01,0.006348360091732987,7814.451450907927,461.76970713859805,319.43678593302803,159.71839296651365,-254.2603460167176,0.00015507378112161505,0.00015506781628854904,3.5669337918099623e-05,3.6103685301171695,0.16248796755784856,0.22838953362665793
2015-09-24,2075,persistence,select,pca_only,8,20,log_euclidean,0.01,0.00022567639901043687,3183.236420260282,926.3657203472512,5099.446790774052,2549.723395387031,2090.5752523831843,0.00021303942469963266,0.00021303345986656665,1.2365435995869085e-06,4.458677912924823,0.134245971570888,0.30093465250803264
2015-10-01,2080,similarity,select,pca_only,8,20,log_euclidean,0.01,0.00030794166188018586,2036.177008735152,5846.805908483766,120268.90855227597,60134.45427613798,58334.63646601878,0.00011117722987095117,0.00011117306574421037,3.917239606552356e-08,2.705433572200746,0.16887862256926056,0.15760802654695769
2015-10-01,2080,rolling,select,pca_only,8,20,log_euclidean,0.01,0.00046716812515605664,4698.824043328817,1489.468968370464,3092.57112856152,1546.2855642807622,1091.6940007403591,0.0004128316812674071,0.0004128275171406663,3.4384502403977244e-06,6.710848793979951,0.2153062045152028,0.6646194087528291
2015-10-01,2080,ewma,select,pca_only,8,20,log_euclidean,0.01,0.0005841044825019366,4466.667735551766,1739.6963118424048,2997.9628943266366,1498.9814471633194,1046.44616585011,0.0003938366020454302,0.0003938324379186894,3.5119596585503364e-06,6.606820903686981,0.21393519491025842,0.64299354950884
2015-10-01,2080,ledoit_wolf,select,pca_only,8,20,log_euclidean,0.01,0.00037766095234551,7243.62834440973,1045.9225964654775,468.70662215367406,234.35331107683652,-179.9504440965472,0.00025552377868967206,0.00025551961456293126,2.5842529546232924e-05,4.9373834906581555,0.15351603998045088,0.3383960107537622
2015-10-01,2080,oas,select,pca_only,8,20,log_euclidean,0.01,0.00038786701993933064,7109.875611979583,1098.9364614305105,509.8768931074361,254.93844655371797,-160.05156414105448,0.00027085270401908747,0.00027084853989234667,2.3108679251149067e-05,5.125591625807979,0.16108685013560547,0.36625620009858617
2015-10-01,2080,shrink,select,pca_only,8,20,log_euclidean,0.01,0.0002930913025396079,7857.605185328717,744.1489204101694,343.22152878766104,171.61076439383058,-240.64655294641437,0.0001659941667497742,0.0001659900026230334,3.793536793242489e-05,3.776059987381432,0.1327516082963704,0.22534564423601058
2015-10-01,2080,persistence,select,pca_only,8,20,log_euclidean,0.01,0.0003980631674875692,3369.086903863479,1610.0265661616688,6663.241224727063,3331.6206123635347,2826.945604984113,0.0001869631112147752,0.0001869589470880344,1.02183287896787e-06,3.784402496934473,0.15676862993215265,0.24329460612180862
2015-10-08,2085,similarity,select,pca_only,8,20,log_euclidean,0.01,0.0007519229995632781,2027.6197957905642,7185.930335840079,194987.64935323974,97493.82467661986,95648.99656351763,8.622276957155549e-05,8.621951051343561e-05,3.336887685572396e-08,3.254150908029335,0.16463054751487904,0.1860620275421451
2015-10-08,2085,rolling,select,pca_only,8,20,log_euclidean,0.01,0.0011486200943068745,4733.815031813971,2215.5176588508416,4615.568101382261,2307.784050691131,1849.72668545513,0.0004749374254359169,0.000474934166377797,4.7215325184408426e-06,7.400746973026149,0.2629087596621005,0.8536149871683529
2015-10-08,2085,ewma,select,pca_only,8,20,log_euclidean,0.01,0.0011999482195118082,4532.058021258315,2128.0184008697624,4306.842209151085,2153.4211045755555,1701.8131540047384,0.00041459854603307923,0.00041459528697495934,4.881825866140336e-06,6.978628427307015,0.2606944250788594,0.7736101266283792
2015-10-08,2085,ledoit_wolf,select,pca_only,8,20,log_euclidean,0.01,0.0010200722353580515,7288.7274486858905,1609.109972699213,657.2441520110693,328.62207600553523,-77.96260663283661,0.00020623441837173436,0.0002062311593136145,3.2727166770207805e-05,5.132217897262223,0.18520912200001838,0.40671024325963095
2015-10-08,2085,oas,select,pca_only,8,20,log_euclidean,0.01,0.0010306499587998308,7195.874517709431,1662.4114600007629,704.6389570833003,352.31947854165014,-54.88371676713143,0.00021934843578380435,0.00021934517672568448,3.0420529240222556e-05,5.289054268100188,0.19221292387598873,0.43326173013559116
2015-10-08,2085,shrink,select,pca_only,8,20,log_euclidean,0.01,0.000879223245901661,7929.716943765634,1138.155023558639,417.3927092775442,208.69635463877214,-195.36451971899854,0.00013907984056764098,0.0001390765815095211,4.506692703564223e-05,3.824416033749296,0.1637277009228741,0.2572747215418609
2015-10-08,2085,persistence,select,pca_only,8,20,log_euclidean,0.01,0.001090061339776151,3463.222797264157,1948.7189301694655,7852.793879596221,3926.3969397981236,3493.438008899996,0.00010912247349881666,0.00010911921444069678,1.02948578552913e-06,3.47710535848867,0.1270037907090533,0.19628999871705835
2015-10-15,2090,similarity,select,pca_only,8,20,log_euclidean,0.01,0.0007831585617500864,2072.236487925974,6750.288685828164,235903.36553958652,117951.68276979327,116478.3631229434,0.00014705532515939804,0.0001470518774273094,4.39265949147537e-08,3.3073132834924666,0.17813127977328838,0.20248749766236568
2015-10-15,2090,rolling,select,pca_only,8,20,log_euclidean,0.01,0.0011328457261601046,4694.7245645341845,2118.076952945542,4705.74583556715,2352.8729177835794,1904.9211354384286,0.0004416064822790007,0.00044160303454691204,5.449511407414165e-06,7.743903003519078,0.28132666237301396,0.979310456146842
2015-10-15,2090,ewma,select,pca_only,8,20,log_euclidean,0.01,0.0009724476202164419,4518.637005322069,1666.8146346454753,4901.937009148739,2450.968504574374,2003.5217769312148,0.00042362884871414747,0.0004236254009820588,4.875433874357311e-06,7.131885138608923,0.27820469070188897,0.8551713615243257
2015-10-15,2090,ledoit_wolf,select,pca_only,8,20,log_euclidean,0.01,0.0010125962107026061,7236.811788938636,1544.6524852383454,683.9155483975591,341.9577741987785,-62.08787717478617,0.00022125549736895988,0.00022125204963687123,3.472780783989919e-05,5.149678133756452,0.18062857376583052,0.4331228411799256
2015-10-15,2090,oas,select,pca_only,8,20,log_euclidean,0.01,0.0010229370821201859,7139.48201781134,1597.8060097111588,736.6371183409536,368.3185591704757,-36.32582935746372,0.00023394300460364073,0.00023393955687155208,3.2257314996637694e-05,5.32983963170225,0.18804719254142302,0.4642646062822118
2015-10-15,2090,shrink,select,pca_only,8,20,log_euclidean,0.01,0.0008769393693258903,7921.419212273984,1076.0023763158101,418.9145507595771,209.45727537978826,-192.24130948140444,0.00017331723866198515,0.0001733137909298965,4.772543561250573e-05,3.7779836943814975,0.1694442203198018,0.2726682352044637
2015-10-15,2090,persistence,select,pca_only,8,20,log_euclidean,0.01,0.0010590241055194545,3747.453736970582,1731.955545123432,8681.83587763233,4340.917938816158,3879.624200764642,0.0001215886760136793,0.00012158522828159066,9.747495083046201e-07,3.3573477982369764,0.11077012428194356,0.17809986845471618
2015-10-22,2095,similarity,select,pca_only,8,20,log_euclidean,0.01,0.0008219469243367775,2100.434029134631,6149.776519663108,201740.47314275507,100870.23657137754,99236.33937050491,0.0001708490542582071,0.0001708450873627654,7.633290660008857e-08,3.9028339436155446,0.21668797049154215,0.2764577738737327
2015-10-22,2095,rolling,select,pca_only,8,20,log_euclidean,0.01,0.0010644364118008501,4767.9341240397835,1795.2950576780543,5033.9577648159775,2516.978882407981,2067.662628549681,0.0003284364455213685,0.0003284324786259268,5.32199352428758e-06,7.510165288582721,0.2768881265296454,0.9612587647037236
2015-10-22,2095,ewma,select,pca_only,8,20,log_euclidean,0.01,0.0008484285508444514,4580.992061126864,1210.7772876986805,5807.718626085915,2903.859313042959,2450.3522914839423,0.0003349113051166229,0.0003349073382211812,4.235686808197013e-06,6.9260755439410095,0.2596996818776299,0.8196115327547541
2015-10-22,2095,ledoit_wolf,select,pca_only,8,20,log_euclidean,0.01,0.0009570633378601382,7277.004097903384,1269.8408968846393,699.5043378003089,349.75216890015514,-51.51755539359308,0.0001717863117739711,0.00017178234487852942,3.4842187555875896e-05,4.945753620258396,0.18809267550309985,0.416643896196765
2015-10-22,2095,oas,select,pca_only,8,20,log_euclidean,0.01,0.0009681401150273745,7158.311249395378,1327.4265009598782,767.7094632610823,383.8547316305418,-18.223304426003327,0.00018320953400358808,0.0001832055671081464,3.185940096296325e-05,5.157608683810769,0.19744610208010735,0.4540718495407038
2015-10-22,2095,shrink,select,pca_only,8,20,log_euclidean,0.01,0.0008467048789425834,7929.0367608343395,893.9248035072897,430.03564828137803,215.01782414068896,-183.28263234453618,0.00015010566357301716,0.00015010169667757547,4.758096130137439e-05,3.739262529530424,0.1656056171682977,0.2639556630897208
2015-10-22,2095,persistence,select,pca_only,8,20,log_euclidean,0.01,0.0009523784456835537,3708.542046032849,1257.5460547397352,9246.027239208224,4623.013619604104,4205.009394339022,0.00012650001837850698,0.0001264960514830653,7.18662849163878e-07,2.9464424098528426,0.0895530263880616,0.13650058290868483
2015-10-29,2100,similarity,select,pca_only,8,20,log_euclidean,0.01,0.001989544721459747,2213.230483292775,6531.828237114041,314416.47846672643,157208.2392333632,156306.83963479,9.543828471342195e-05,9.543396594415548e-05,4.509764892474816e-08,2.9399140100693666,0.1661427504830015,0.1652192986848576
2015-10-29,2100,rolling,select,pca_only,8,20,log_euclidean,0.01,0.0023137887315077075,4869.651032286719,1789.8040266049386,5949.495915072567,2974.7479575362886,2575.2780075463515,0.00024273525257282482,0.00024273093380355835,5.1131728853145154e-06,7.429908428295929,0.2267833933854907,0.8668310610936092
2015-10-29,2100,ewma,select,pca_only,8,20,log_euclidean,0.01,0.0019741849649709746,4679.252858656562,1143.338251616778,7046.98456317819,3523.4922815891027,3134.8265820531387,0.0002452693340950344,0.00024526501532576793,4.223171384067809e-06,6.879884305110978,0.2181585605643334,0.7540329579826065
2015-10-29,2100,ledoit_wolf,select,pca_only,8,20,log_euclidean,0.01,0.002184154038053188,7435.819498340291,1292.3098050640847,793.4285939634256,396.71429698171227,10.220275552851547,0.00015880740727239223,0.00015880308850312576,3.57734970232616e-05,5.008646821194289,0.15597906439544187,0.3996213508299747
2015-10-29,2100,oas,select,pca_only,8,20,log_euclidean,0.01,0.002193390253652489,7354.885554598592,1329.1737948511459,846.5268068847105,423.2634034423554,36.68433662607107,0.00016274091825300418,0.0001627365994837377,3.364004222171137e-05,5.150538023453122,0.158365694924924,0.4229204376056082
2015-10-29,2100,shrink,select,pca_only,8,20,log_euclidean,0.01,0.0020441813279704624,8093.392309371277,941.0871261648779,457.3878912743703,228.6939456371853,-158.19916837719694,0.00014592607734321834,0.00014592175857395186,4.734383577988154e-05,3.5699807190783566,0.27472271490028527,0.28310528874217566
2015-10-29,2100,persistence,select,pca_only,8,20,log_euclidean,0.01,0.002047848578949933,3767.410639700734,1100.8223330931082,11040.577397656798,5520.288698828365,5127.294460265255,0.0001834870219281869,0.00018348270315892042,4.819664609770407e-07,2.3649081648886865,0.08792080291321056,0.08865491999868587
2015-11-05,2105,similarity,select,pca_only,8,20,log_euclidean,0.01,0.005818340564533276,2120.3183684561113,5707.96572507468,329066.07927249494,164533.03963624744,156199.96399408218,0.00015430203041502633,0.00015427277143836534,5.608705261399456e-08,3.11507688485832,0.17447155287711033,0.1774480385486839
2015-11-05,2105,rolling,select,pca_only,8,20,log_euclidean,0.01,0.005810456242765714,4739.080490248813,1133.2191420682843,6315.129406622123,3157.5647033110527,2618.5725544116976,0.00037229756725477495,0.00037226830827811395,4.5288460664382106e-06,6.5899094475576385,0.28101068347690467,0.7203210849333551
2015-11-05,2105,ewma,select,pca_only,8,20,log_euclidean,0.01,0.006284175954497255,4556.819244745416,1036.1968803752493,5485.074280293311,2742.5371401466796,2220.9038482330875,0.0003033112375196147,0.0003032819785429537,4.888493435137776e-06,5.804250884780483,0.24342264257570928,0.5679645715579404
2015-11-05,2105,ledoit_wolf,select,pca_only,8,20,log_euclidean,0.01,0.005690333632189333,8485.018284537899,801.4042081675213,455.96907689729517,227.98453844864744,-158.7328971653235,0.00014974711883535853,0.00014971785985869754,4.9344695589481956e-05,2.7954803222203464,0.09664773705473372,0.12565669395413095
2015-11-05,2105,oas,select,pca_only,8,20,log_euclidean,0.01,0.0057332622332386,7810.9885130320745,829.3592356948584,635.0768285089491,317.5384142544745,-74.82919292747653,0.00020837531802460403,0.00020834605904794304,3.8296095464528244e-05,3.873635457228176,0.14553531426348437,0.2451108081148547
2015-11-05,2105,shrink,select,pca_only,8,20,log_euclidean,0.01,0.005722500686935535,7868.790846563805,792.2780201035622,489.86839764271315,244.9341988213563,-143.61588030041884,0.0002471098321920099,0.0002470805732153489,3.576287621371028e-05,3.4300016725553037,0.1981174430316253,0.2491357569794924
2015-11-05,2105,persistence,select,pca_only,8,20,log_euclidean,0.01,0.006208293852930149,3561.350437050738,1352.6914884219111,9503.947539453697,4751.973769726839,4143.822078025384,0.00017695604674581594,0.00017692678776915494,3.2764276006610033e-07,1.7011123855103614,0.06591628910435443,0.04893091182558472
2015-11-12,2110,similarity,select,pca_only,8,20,log_euclidean,0.01,0.0058347702807790775,2063.554979110465,5202.576036854783,295469.7585732292,147734.87928661457,140514.0124109098,0.000104736247108978,0.00010468928520709354,4.629967481951602e-08,2.9486298409960474,0.13544321898369402,0.1537998760497491
2015-11-12,2110,rolling,select,pca_only,8,20,log_euclidean,0.01,0.005718073403070993,4771.320255066604,882.8496364329906,6290.440946024604,3145.2204730122994,2601.494026114463,0.0003898918540370064,0.00038984489213512194,4.040031950162763e-06,6.370328408524423,0.2229555594803422,0.6638265100957308
2015-11-12,2110,ewma,select,pca_only,8,20,log_euclidean,0.01,0.005983988711413794,4599.3356619186125,1056.6731428933176,5568.249112245913,2784.1245561229575,2260.435232092482,0.0002890539122073691,0.00028900695030548466,3.926841847632348e-06,5.230368664962453,0.21323732726612427,0.45164548147823125
2015-11-12,2110,ledoit_wolf,select,pca_only,8,20,log_euclidean,0.01,0.005676089736314373,8822.495450880744,1080.7975344659556,403.7433973716711,201.87169868583567,-184.41535853928696,0.0001244638858615457,0.00012441692395966125,3.6636605015454436e-05,1.8440214539155355,0.06385491956864976,0.05573021689405781
2015-11-12,2110,oas,select,pca_only,8,20,log_euclidean,0.01,0.005681242811978135,8058.546374254842,864.44454648418,534.1731491103619,267.086574555181,-123.78081346169752,0.00013230468241850837,0.00013225772051662392,3.294963885457499e-05,2.8842510890549273,0.10599304784175577,0.13638471600298893
2015-11-12,2110,shrink,select,pca_only,8,20,log_euclidean,0.01,0.0057032264073778784,7753.670662290343,825.497789244039,502.6011395642512,251.30056978212517,-139.74222339706103,9.865821515334253e-05,9.861125325145808e-05,2.6953610069202358e-05,2.9632212473524753,0.20578551955623248,0.20751911970312018
2015-11-12,2110,persistence,select,pca_only,8,20,log_euclidean,0.01,0.0061793072918863755,3454.6354369864825,1367.7150264674888,7977.5794680083845,3988.7897340041745,3422.861001924127,0.0001556273122432173,0.00015558035034133285,3.82840701745833e-07,1.8678648897139956,0.061067301797754804,0.05436680302098053
2015-11-19,2115,similarity,select,pca_only,8,20,log_euclidean,0.01,0.005840988903607619,1994.8356633122899,4839.816484946085,338869.3901276023,169434.69506380116,161530.3949163084,0.0001217106153798878,0.00012167203975861319,5.494657888454934e-08,3.5337583376534543,0.15589029396010481,0.21313776147565416
2015-11-19,2115,rolling,select,pca_only,8,20,log_euclidean,0.01,0.00569161948578421,4814.974324545574,881.398490667777,5838.177275951726,2919.088637975876,2381.9046471715565,0.0005669097383335868,0.0005668711627123121,2.8805957858098036e-06,5.431448818191205,0.2298919130973819,0.4779642519062781
2015-11-19,2115,ewma,select,pca_only,8,20,log_euclidean,0.01,0.005811895667405436,4606.993330814402,970.9642483314211,5050.348881708402,2525.1744408542068,2009.6866059103254,0.00017154394015920992,0.0001715053645379353,3.2036105233433747e-06,4.987232516607972,0.20072835962430075,0.4313983062513128
2015-11-19,2115,ledoit_wolf,select,pca_only,8,20,log_euclidean,0.01,0.005669268216704169,8931.44675617262,1236.923063073226,390.382297177312,195.1911485886559,-191.27426950390358,8.570430112509676e-05,8.566572550382214e-05,3.300141144447429e-05,1.7121151172728224,0.06928833194234049,0.049926583586756446
2015-11-19,2115,oas,select,pca_only,8,20,log_euclidean,0.01,0.005663133818192671,8187.730320683875,971.5576903539645,494.44930423464746,247.22465211732336,-143.10456771536505,9.468681001750361e-05,9.4648234396229e-05,2.9163787237055877e-05,2.5951490390892364,0.11312920639155245,0.11997701737104786
2015-11-19,2115,shrink,select,pca_only,8,20,log_euclidean,0.01,0.005688818756062721,7792.890555232891,901.030178985404,493.32955208762394,246.664776043812,-145.3162285633716,0.00014667660621930733,0.00014663803059803272,2.07111681499565e-05,2.849050373471723,0.19330886824345542,0.2041543962089259
2015-11-19,2115,persistence,select,pca_only,8,20,log_euclidean,0.01,0.006158296266424381,3467.010129095216,1258.6909061973047,7251.096955640128,3625.5484778200407,3079.381569872797,0.00011550140330923564,0.00011546282768796102,4.749660842901761e-07,1.8671087720650286,0.08164945453562909,0.06385288424517456
2015-11-27,2120,similarity,select,pca_only,8,20,log_euclidean,0.01,0.006831485410533198,2177.1551214667206,4538.70478365004,455560.8924141991,227780.44620709948,221021.09940306965,0.00033715315163726067,0.0003370749200091229,6.131642643907237e-08,3.398898143121728,0.16091596680549197,0.20462848286897697
2015-11-27,2120,rolling,select,pca_only,8,20,log_euclidean,0.01,0.006633433766770636,5083.923485141581,882.3849902223644,8714.964099694587,4357.482049847306,3851.1028444944764,0.00046534506776742815,0.0004652668361392904,2.8577642488273647e-06,5.398851050463601,0.18694697138189964,0.4613639532305059
2015-11-27,2120,ewma,select,pca_only,8,20,log_euclidean,0.01,0.006745581345688385,4892.155769170073,1027.0620487187487,9089.157067667382,4544.5785338336955,4039.7979124084077,0.00023147099319834906,0.0002313927615702113,2.610040940369272e-06,5.175045706484629,0.1741226686742338,0.41270064846703297
2015-11-27,2120,ledoit_wolf,select,pca_only,8,20,log_euclidean,0.01,0.006632313859193267,9050.354096519795,1356.0048061448817,472.4626757813637,236.23133789068171,-134.68007632490537,0.0001058476123955024,0.00010576938076736463,3.11109542782674e-05,1.6820680915449406,0.06354704787339695,0.04592824243917531
2015-11-27,2120,oas,select,pca_only,8,20,log_euclidean,0.01,0.006615620801338524,8339.54889607121,1055.1452161519214,653.7330254231332,326.8665127115663,-47.25798431018942,0.00012988616982797943,0.00012980793819984167,2.7809499102831544e-05,2.544715243246084,0.1003143225875698,0.1086637192232955
2015-11-27,2120,shrink,select,pca_only,8,20,log_euclidean,0.01,0.006654913899773012,7914.945629156733,959.273773197704,711.1725708666538,355.58628543332696,-21.872662238250882,0.00013779674577656846,0.0001377185141484307,2.034806198967708e-05,2.802323526238068,0.1773702193709214,0.1836373965841342
2015-11-27,2120,persistence,select,pca_only,8,20,log_euclidean,0.01,0.005538413264291314,3661.414744505256,1142.4298016043088,7933.155432264713,3966.577716132338,3454.60744496948,0.0001349584959778198,0.00013488026434968205,5.13729779376815e-07,1.7281770796022475,0.07248579976263157,0.05329302060287677
2015-12-04,2125,similarity,select,pca_only,8,20,log_euclidean,0.01,0.0048596418117515805,2074.1291253568347,4027.9622449823696,506635.14180252317,253317.5709012616,243549.84970670674,0.0001017197708915464,0.00010166021806422493,4.152974103544013e-08,3.440675775211804,0.16528357280815784,0.2026700061709821
2015-12-04,2125,rolling,select,pca_only,8,20,log_euclidean,0.01,0.005128253086346364,5073.182327476645,1033.3378501013142,4488.035572090306,2244.017786045205,1786.6693737927985,0.00013609260253262225,0.00013603304970530078,3.7233244361814185e-06,4.912718981675486,0.15837746874949124,0.3806735215475476
2015-12-04,2125,ewma,select,pca_only,8,20,log_euclidean,0.01,0.008783468362912217,4872.166884633592,1314.2923075593783,3571.621506860304,1785.8107534302985,1345.726501669686,0.00010943255862227602,0.00010937300579495455,4.5290722561983486e-06,4.270695989818651,0.13321468820592444,0.2917578943759191
2015-12-04,2125,ledoit_wolf,select,pca_only,8,20,log_euclidean,0.01,0.004679293548476543,9641.059287293696,1691.8840332421657,373.871825965682,186.93591298284036,-198.93076214771773,8.229305439698124e-05,8.223350156965977e-05,3.3217306119204506e-05,1.4574779395974653,0.04395130640600907,0.033698049882053466
2015-12-04,2125,oas,select,pca_only,8,20,log_euclidean,0.01,0.004918939200214601,8348.549812033141,1231.644525128234,557.9907838210172,278.9953919105151,-111.22563187428923,0.00010624499339601929,0.00010618544056869782,2.4433803126393607e-05,2.606849191552109,0.08924668334574326,0.10993656511154891
2015-12-04,2125,shrink,select,pca_only,8,20,log_euclidean,0.01,0.004823393325843393,8103.1734130150835,1160.6032791876492,494.0306679717338,247.01533398586741,-142.89675185963824,8.794735801077777e-05,8.78878051834563e-05,1.901000229256176e-05,2.7082284427288874,0.1667978569693801,0.1589805745640517
2015-12-04,2125,persistence,select,pca_only,8,20,log_euclidean,0.01,0.009100738811285234,3562.4374557774554,1302.5443316476544,6156.488933035255,3078.244466518015,2589.4582652794443,0.00011374049170154652,0.00011368093887422505,1.3856455310450836e-06,2.5289097218850007,0.14847879228049965,0.11651869836824504
2015-12-11,2130,similarity,select,pca_only,8,20,log_euclidean,0.01,0.005003493302208066,2069.4316161318056,4109.852015992129,298160.8337111741,149080.416855587,143470.46882736465,0.00020472543205198536,0.00020466559443677336,6.007528320867588e-08,3.178651634745578,0.17968603658081245,0.1810132617285319
2015-12-11,2130,rolling,select,pca_only,8,20,log_euclidean,0.01,0.005294021918674372,5094.387746893347,1198.3550162324896,5602.604551344666,2801.3022756723117,2345.0077308241275,0.0002121758921160341,0.00021211605450082208,4.072058818130172e-06,5.161875544108846,0.19647788032456823,0.4327387842036913
2015-12-11,2130,ewma,select,pca_only,8,20,log_euclidean,0.01,0.006814796078746245,4863.375740692549,1291.7448989371635,4886.136789630298,2443.0683948151236,1993.7520591999266,0.00018625471474468123,0.00018619487712946922,4.044886203657861e-06,4.543907517145921,0.17356134884219085,0.327564193149782
2015-12-11,2130,ledoit_wolf,select,pca_only,8,20,log_euclidean,0.01,0.004862727423877276,9629.454831386383,1898.8009757923096,378.1373674049736,189.06868370248827,-192.50581325193923,0.0001395905076380356,0.0001395306700228236,3.14451635407098e-05,1.2788365660878744,0.051944421359553,0.026660551965606696
2015-12-11,2130,oas,select,pca_only,8,20,log_euclidean,0.01,0.0050959889315989075,8304.93330605299,1426.9398937504739,615.4388909140072,307.7194454570076,-78.48501915202695,0.0001569246816508667,0.0001568648440356547,2.5891481070800424e-05,2.5749849615070666,0.0910974733812569,0.11136261466268237
2015-12-11,2130,shrink,select,pca_only,8,20,log_euclidean,0.01,0.005005162063806653,8043.908784781957,1345.5244094628135,642.1209806172338,321.0604903086165,-65.19673156985839,0.0001422913528355632,0.0001422315152203512,2.074852263389622e-05,2.7198247429789917,0.11950255476503743,0.15184003089276787
2015-12-11,2130,persistence,select,pca_only,8,20,log_euclidean,0.01,0.00915635292584412,3581.80339673937,1325.4807031497041,6220.9306367756935,3110.4653183877936,2633.317882948752,0.00014593246174473962,0.00014587262412952762,1.7566994747507105e-06,2.9309069711215234,0.12932649691151643,0.14863432748214936
2015-12-18,2135,similarity,select,pca_only,8,20,log_euclidean,0.01,0.005108301688350002,2062.4819407799414,4208.837973918009,272630.75848903507,136315.37924451753,131203.68987226576,0.00011099481181177725,0.00011095243397263928,6.355958236828095e-08,3.076163946663455,0.16433153683055368,0.1763904202527389
2015-12-18,2135,rolling,select,pca_only,8,20,log_euclidean,0.01,0.005364718902773425,5065.87519330899,1157.7734680022531,5822.596007189013,2911.2980035942524,2450.239023067993,0.00022425472671775028,0.0002242123488786123,3.327850532939672e-06,5.001000077886219,0.1788945483838423,0.37639784683943994
2015-12-18,2135,ewma,select,pca_only,8,20,log_euclidean,0.01,0.005719798319198515,4821.482624744884,1044.164835664397,5600.550643960863,2800.275321980394,2342.125319475415,0.00019833820903366993,0.00019829583119453196,3.2194720010321955e-06,4.522721453554113,0.1646871630892436,0.32491395909828286
2015-12-18,2135,ledoit_wolf,select,pca_only,8,20,log_euclidean,0.01,0.004959789201498784,9569.218087500192,1895.2140969492555,380.25409773121265,190.12704886560644,-188.7336999985884,0.0001390938816701054,0.00013905150383096743,3.1495758734433716e-05,1.369999985694728,0.06382798371122152,0.03132569753869931
2015-12-18,2135,oas,select,pca_only,8,20,log_euclidean,0.01,0.005181691782820375,8207.577759333213,1375.4027846255083,644.5735552561921,322.28677762808866,-61.90808939172659,0.00012051755898639629,0.00012047518114725831,2.310513168412389e-05,2.753255684864963,0.10925944072117201,0.11910402878653839
2015-12-18,2135,shrink,select,pca_only,8,20,log_euclidean,0.01,0.0050828964512945884,8034.720823044621,1316.4369366349924,642.7989741155693,321.399487057784,-62.497274025729425,0.00011176845061199053,0.00011172607277285256,2.0446817401788434e-05,2.737922424364622,0.11609384433918905,0.13619837624999362
2015-12-18,2135,persistence,select,pca_only,8,20,log_euclidean,0.01,0.009179885315970667,3526.5507288549006,1230.3188797578096,6023.391535249687,3011.695767624767,2551.380626825542,0.00028805946735702457,0.0002880170895178866,1.6923126320123489e-06,3.0092228606615348,0.1577654047387828,0.145548563529051
2015-12-28,2140,similarity,select,pca_only,8,20,log_euclidean,0.01,0.0007647971592318523,1951.0839720739448,2952.1130498896237,109404.15813643487,54702.079068217434,52805.93368853597,0.00012503190840037188,0.00012501500399879188,3.303829263116891e-08,2.804197276344193,0.12193918189789216,0.13690212142905794
2015-12-28,2140,rolling,select,pca_only,8,20,log_euclidean,0.01,0.0018099010880792948,5025.93038956304,1231.4675805960092,1164.6621325065148,582.331066253259,165.58946901124253,0.0002297365467186517,0.0002297196423170717,4.519701373878871e-06,4.876665985150325,0.15466045236686507,0.3783506386837676
2015-12-28,2140,ewma,select,pca_only,8,20,log_euclidean,0.01,0.0052035157728521665,4770.489113071592,1079.6329060322626,954.993806434308,477.4969032171517,63.247564336705,0.00019374667085312472,0.00019372976645154472,4.99607108029147e-06,4.351914087964336,0.14912780229186634,0.2992945499378319
2015-12-28,2140,ledoit_wolf,select,pca_only,8,20,log_euclidean,0.01,0.0008547353929664808,10118.385087249617,2362.579005239325,325.0996925686394,162.5498462843197,-243.60971495310278,0.0001443410289032614,0.0001443241245016814,3.3881409086795034e-05,1.2216868832890857,0.048521119361829415,0.02322750549744891
2015-12-28,2140,oas,select,pca_only,8,20,log_euclidean,0.01,0.0014289285503973478,8555.03758855863,1615.3523548017167,303.6528712690771,151.82643563453865,-255.0262487053369,0.00011552946940922483,0.00011551256500764482,2.7012808706252075e-05,2.4232276385158755,0.10462850984729159,0.09608137678337925
2015-12-28,2140,shrink,select,pca_only,8,20,log_euclidean,0.01,0.0015379968682653973,8195.142537845795,1488.993517465584,305.3796907879505,152.68984539397468,-254.94923334485242,0.00010608694852431627,0.00010607004412273627,2.1976686372187928e-05,2.55371043339773,0.12053832969639947,0.1284235361208596
2015-12-28,2140,persistence,select,pca_only,8,20,log_euclidean,0.01,0.006645523776220488,3502.9657268957276,1116.8741782567802,1380.3387856016236,690.1693928008171,276.95463754769446,0.00010149341565119818,0.00010147651124961818,2.448244748048846e-06,3.0328302720023728,0.16023815980725423,0.15655261728781952
2016-01-05,2145,similarity,select,pca_only,8,20,log_euclidean,0.01,0.00148161123892818,2140.01119842585,2913.825974653991,239254.6930454677,119627.34652273385,115127.0710174701,0.00016778782150729147,0.00016777648160864585,3.177298516107809e-08,3.376282670010006,0.18311788993887435,0.19849794480654395
2016-01-05,2145,rolling,select,pca_only,8,20,log_euclidean,0.01,0.002642540413207364,5137.649709467429,1125.4516717532476,1605.2441713730934,802.6220856865361,384.95806287790947,0.0002664353771505709,0.0002664240372519253,5.01825896293451e-06,4.846372500872558,0.1656556178510362,0.3816643263813088
2016-01-05,2145,ewma,select,pca_only,8,20,log_euclidean,0.01,0.005093228102075659,4908.341898772986,1031.7073652070642,1441.6432887860442,720.8216443930278,308.93853838638177,0.0002536420234074894,0.0002536306835088438,5.536198003911294e-06,4.602001495896099,0.1553544718345176,0.3489859099265064
2016-01-05,2145,ledoit_wolf,select,pca_only,8,20,log_euclidean,0.01,0.0015523280403993654,10124.568786052854,2035.6016957131674,312.38329471594926,156.19164735797412,-234.24976770036795,0.00017570785031193942,0.0001756965104132938,3.82451409644883e-05,1.3278011779786896,0.050189931190273075,0.027771556057375555
2016-01-05,2145,oas,select,pca_only,8,20,log_euclidean,0.01,0.002195074618493437,8648.180065268267,1423.6792761000302,324.78288941309125,162.39144470654668,-229.59542656313798,0.00015327907244880694,0.00015326773255016133,2.8666806877842203e-05,2.373439357603646,0.08763068707220958,0.09894001798769901
2016-01-05,2145,shrink,select,pca_only,8,20,log_euclidean,0.01,0.002337802717637463,8266.189045190871,1310.0336791612472,344.25213416405705,172.12606708202844,-221.3735700453818,0.0001467662790855378,0.00014675493918689218,2.283425142165807e-05,2.5585636512162573,0.1693354029159409,0.1435659161778272
2016-01-05,2145,persistence,select,pca_only,8,20,log_euclidean,0.01,0.005151595148254683,3591.495213428553,1004.6573843235346,2820.499299769278,1410.2496498846315,983.6613360200301,0.00017416837632507854,0.00017415703642643292,1.9247321927288666e-06,3.3735711830515838,0.10475033989683297,0.1675399670954254
2016-01-12,2150,similarity,select,pca_only,8,20,log_euclidean,0.01,0.0020692724144556894,2258.65060577841,3965.6295951361685,193365.43020880298,96682.7151044015,93936.04233329176,0.0003219308546521983,0.00032192280952820937,5.9483978518281e-08,2.9148773228162974,0.13215699294437597,0.15448972049133708
2016-01-12,2150,rolling,select,pca_only,8,20,log_euclidean,0.01,0.0031260593994414925,5174.18537783954,862.5729627916226,3021.4325964199033,1510.716298209964,1094.1093595296038,0.00038148580840061607,0.00038147776327662714,4.559035436672695e-06,4.602540521505763,0.189564958040762,0.3477237577198137
2016-01-12,2150,ewma,select,pca_only,8,20,log_euclidean,0.01,0.0035662670750094645,4940.893348516438,795.1083260107217,3015.383452245885,1507.691726122932,1092.248947024686,0.00039170158996593396,0.00039169354484194503,4.724633530595266e-06,4.548389453672813,0.19569610901420964,0.3362387686370124
2016-01-12,2150,ledoit_wolf,select,pca_only,8,20,log_euclidean,0.01,0.0021140545427716624,10136.977311175713,1566.8562548650425,329.58192575319197,164.79096287659598,-212.1534564583625,0.00017033807119462593,0.000170330026070637,3.837193552837887e-05,1.3870068399711024,0.050555858541411286,0.03008186089884932
2016-01-12,2150,oas,select,pca_only,8,20,log_euclidean,0.01,0.0026997466642462134,8666.045933874691,1037.8828507600015,435.11621292752034,217.5581064637599,-161.79252375965862,0.00019818707472841457,0.00019817902960442564,2.757069517339341e-05,2.317861019819967,0.1034613633331555,0.0965596827897307
2016-01-12,2150,shrink,select,pca_only,8,20,log_euclidean,0.01,0.002831747515606757,8275.205594425961,946.6612630279039,640.2903399659722,320.1451699829855,-61.56635066195031,0.00024588897802597557,0.00024588093290198664,2.3162308517928845e-05,2.5271837241738564,0.21327696852778186,0.15650322348075127
2016-01-12,2150,persistence,select,pca_only,8,20,log_euclidean,0.01,0.005761678457087425,3806.647257252136,940.6236845697113,4866.341051269661,2433.1705256348328,1997.1919684498384,0.00019626409318738633,0.0001962560480633974,1.734860053134168e-06,2.9329167717950453,0.11277531477955224,0.14026604134116918
2016-01-20,2155,similarity,select,pca_only,8,20,log_euclidean,0.01,0.002244267300061138,2337.0261653049024,3876.6926290336623,305451.70411872456,152725.85205936228,147987.3250464878,0.00019333302195837155,0.00019332903811247553,3.18652143236326e-08,2.8390214431632783,0.1529328419154074,0.13882569582386858
2016-01-20,2155,rolling,select,pca_only,8,20,log_euclidean,0.01,0.0030447449149926657,5204.740792067297,869.0488793220134,3337.151784151403,1668.5758920756957,1244.5551768324751,0.0002495810791153201,0.0002495770952694241,4.936915191127958e-06,5.005320924401147,0.19158203548456937,0.39822904609764725
2016-01-20,2155,ewma,select,pca_only,8,20,log_euclidean,0.01,0.0025634512320912572,4975.423297525149,924.1843239654273,3542.042754755835,1771.0213773779087,1342.7917066118582,0.00021156068565951686,0.00021155670181362084,4.431327275974812e-06,4.596565839710064,0.1830378276304684,0.3421332075424186
2016-01-20,2155,ledoit_wolf,select,pca_only,8,20,log_euclidean,0.01,0.002166529235940971,9899.580778686246,1342.6046242630086,332.9850569800567,166.49252849002863,-210.08386773316442,0.00014573796121797303,0.000145733977372077,4.202513565260782e-05,1.5786818478007045,0.0567411785934429,0.04083429936686357
2016-01-20,2155,oas,select,pca_only,8,20,log_euclidean,0.01,0.002682767078306239,8449.351621537884,881.6462671335013,481.17714505835943,240.5885725291796,-139.60453786404935,0.0001514072801734558,0.00015140329632755978,2.7653302857123343e-05,2.6758440367016663,0.11030948020128378,0.11913331304174994
2016-01-20,2155,shrink,select,pca_only,8,20,log_euclidean,0.01,0.0027761768317352683,8309.154208871067,874.2543623528543,597.3248912502057,298.6624456251035,-83.46806970112547,0.00011533700326541714,0.00011533301941952111,2.5556479498522055e-05,2.589212490457307,0.178077661397207,0.15740905532941252
2016-01-20,2155,persistence,select,pca_only,8,20,log_euclidean,0.01,0.005856975901414227,3885.8539406818977,1111.0673533615436,4814.5576913151,2407.278845657546,1954.634472669702,0.0001510410698171266,0.00015103708597123057,1.497357471901041e-06,2.626866409308545,0.10263023685801466,0.11694670801267505
2016-01-27,2160,similarity,select,pca_only,8,20,log_euclidean,0.01,0.0018709298562838042,2266.4150432717465,4282.975383339492,154789.73297288283,77394.86648644142,74876.8920909616,0.0002085243105727357,0.00020851778304117614,5.460180329044947e-08,2.74291696236181,0.1153304003079668,0.12933158120949104
2016-01-27,2160,rolling,select,pca_only,8,20,log_euclidean,0.01,0.002845264722990313,5200.414424552905,819.3361000852735,3194.4280584647686,1597.2140292323907,1170.0896397264555,0.0003591681164124043,0.0003591615888808447,4.804940431461276e-06,4.9044295433906075,0.17768260655891902,0.37856699581521924
2016-01-27,2160,ewma,select,pca_only,8,20,log_euclidean,0.01,0.0018938026476049662,4992.476533725701,875.8390458929304,3674.822468343377,1837.411234171694,1401.0927016066603,0.0002352684270027007,0.00023526189947114113,3.711769416248384e-06,4.532765496920326,0.14399360474106054,0.3201325908005876
2016-01-27,2160,ledoit_wolf,select,pca_only,8,20,log_euclidean,0.01,0.0019268752400018073,9871.672207654296,1170.9072107204834,334.8231929445035,167.4115964722517,-214.1904284357147,0.00010217631205189864,0.00010216978452033905,4.786440371730004e-05,1.7606716284830068,0.057656124099657126,0.04872336007513749
2016-01-27,2160,oas,select,pca_only,8,20,log_euclidean,0.01,0.002458220840526111,8463.650643030851,759.6182266507469,467.3306802511611,233.66534012558176,-151.2030027075522,0.00015274268210196715,0.00015273615457040758,2.9679938764067345e-05,2.961530308358141,0.09932336115433063,0.13614677843005057
2016-01-27,2160,shrink,select,pca_only,8,20,log_euclidean,0.01,0.002543111116093991,8379.396263573559,779.6878562925638,572.0479088407104,286.0239544203548,-100.57540190153694,0.0001259097763195467,0.00012590324878798714,2.831131802829939e-05,2.8513280486496564,0.14198946393981937,0.15473961354054405
2016-01-27,2160,persistence,select,pca_only,8,20,log_euclidean,0.01,0.001312833078593715,3772.117415895104,1011.3832819706405,9222.786428965364,4611.393214482665,4084.9228949039343,0.00013716031385438117,0.0001371537863228216,1.0700554704863322e-06,3.2935995691069913,0.12109578450997538,0.17092440986136703
2016-02-03,2165,similarity,select,pca_only,8,20,log_euclidean,0.01,0.0015751977205186877,2174.0043283099253,4183.452237561321,152363.90110921735,76181.95055460869,73718.35010573023,0.000189667428597336,0.00018965942298747115,5.370535878818728e-08,2.9325194962961088,0.1093114748330759,0.14865162036897417
2016-02-03,2165,rolling,select,pca_only,8,20,log_euclidean,0.01,0.002691050543627561,5228.1066842475775,848.5721370065778,2657.7441369211133,1328.8720684605437,896.9458749414498,0.0001805470486599002,0.00018053904305003534,6.8758115855674565e-06,5.872367248169842,0.16127402773446733,0.47685341029209133
2016-02-03,2165,ewma,select,pca_only,8,20,log_euclidean,0.01,0.0015560134700631006,5033.4201562254675,883.7526747690382,3287.413059229902,1643.7065296149458,1199.5103054671995,0.00011260807504275366,0.0001126000694328888,4.427211586674076e-06,4.999737464286362,0.16918135997465053,0.37612416188125164
2016-02-03,2165,ledoit_wolf,select,pca_only,8,20,log_euclidean,0.01,0.001688901055280117,9920.339102274593,1321.7593578401766,334.2244407430506,167.11222037152598,-222.60706944177045,8.800684370063129e-05,8.799883809076643e-05,4.8984921355451505e-05,1.7504720477571076,0.05188556098184671,0.04686088274028632
2016-02-03,2165,oas,select,pca_only,8,20,log_euclidean,0.01,0.002257319188350827,8570.064645344948,864.5494447391698,424.7798608407338,212.38993042036722,-180.14099541593822,0.0001001345716757864,0.00010012656606592154,3.401873763020151e-05,2.9241409508702825,0.0830174620222242,0.12393318836277772
2016-02-03,2165,shrink,select,pca_only,8,20,log_euclidean,0.01,0.0023297968041859525,8478.438041322595,886.6285599796755,521.6428364947435,260.8214182473719,-132.7988561417486,8.532146247042546e-05,8.53134568605606e-05,2.970679705364451e-05,2.7086392532159747,0.15024924505614137,0.15084485391852312
2016-02-03,2165,persistence,select,pca_only,8,20,log_euclidean,0.01,0.0014313527366284027,3816.7539254092208,978.2989093681275,5972.606185732444,2986.3030928662083,2496.6701504749735,7.41243245801623e-05,7.411631897029745e-05,1.1248901371510344e-06,2.869537536849643,0.11746106687183631,0.13268883300283826
2016-02-10,2170,similarity,select,pca_only,8,20,log_euclidean,0.01,0.00040190146831547524,2031.1381730138282,4240.416777462777,42752.69496790647,21376.347483953235,20316.249825354553,6.048218476953984e-05,6.0478612976864674e-05,9.209194286479902e-08,3.019173505010932,0.1355587925414996,0.15725699978577015
2016-02-10,2170,rolling,select,pca_only,8,20,log_euclidean,0.01,0.0019521793428709483,5189.197920933382,785.0202199785922,979.5971907672333,489.7985953836251,56.37437798990169,0.00011309913949054658,0.0001130955676978714,6.546267885692268e-06,5.495170198926432,0.15399930183162122,0.43820138385884044
2016-02-10,2170,ewma,select,pca_only,8,20,log_euclidean,0.01,0.0007240259836092583,4970.816444778624,737.8682127132481,1216.0742222222063,608.0371111111009,170.15155940087385,0.0001008919908137852,0.00010088841902111003,3.990785436504477e-06,4.752142533012329,0.16828171110903067,0.3320767441950395
2016-02-10,2170,ledoit_wolf,select,pca_only,8,20,log_euclidean,0.01,0.0008014834007421956,9950.857279908572,1260.294460602746,327.3396587071396,163.66982935356972,-251.69204988442925,5.352836393861179e-05,5.3524792145936625e-05,5.037529393931295e-05,1.791159462839548,0.0515438347232502,0.04893837319650182
2016-02-10,2170,oas,select,pca_only,8,20,log_euclidean,0.01,0.001432323387056182,8684.154834665125,835.0171464715461,306.62680407796324,153.31340203898174,-263.0689562940295,6.397249635471043e-05,6.396892456203526e-05,3.479335541466283e-05,2.841358480642949,0.08975708929759484,0.11993738428778518
2016-02-10,2170,shrink,select,pca_only,8,20,log_euclidean,0.01,0.001485305705552531,8541.854914155703,839.2456568219654,304.28551744205373,152.14275872102672,-264.6762129131662,5.4610336271897007e-05,5.460676447922184e-05,2.8098278626395083e-05,2.759510307637748,0.20109071791919608,0.1785304915207818
2016-02-10,2170,persistence,select,pca_only,8,20,log_euclidean,0.01,0.0014361880819671997,3635.182585683676,800.6066343573035,1733.8780624327692,866.9390312163899,433.51681600324684,7.183228890600699e-05,7.182871711333181e-05,1.0974627418616747e-06,2.3474726811484334,0.10422491858391036,0.0972903293046641
2016-02-18,2175,similarity,select,pca_only,8,20,log_euclidean,0.01,0.00032454752909542135,1995.6942356537095,4538.0990855200125,80266.77174102639,40133.3858705132,38944.98666211164,4.737368333240291e-05,4.7371339797858326e-05,3.7638470467583164e-08,2.945504970056389,0.139475140999825,0.15226321924202507
2016-02-18,2175,rolling,select,pca_only,8,20,log_euclidean,0.01,0.0011550688308668037,5197.501534079531,647.9316911952851,904.9245704410223,452.46228522051206,9.766183277848864,9.710308065074556e-05,9.710073711620097e-05,4.726550031596225e-06,4.907215974303138,0.20265970322661883,0.39263158357876077
2016-02-18,2175,ewma,select,pca_only,8,20,log_euclidean,0.01,0.0014262234669544967,5011.293556946549,645.941050444709,891.913078926367,445.95653946318646,3.953611617636105,8.164791061114293e-05,8.164556707659833e-05,4.666594137156439e-06,4.397921548875203,0.2102268689684136,0.3212046441480134
2016-02-18,2175,ledoit_wolf,select,pca_only,8,20,log_euclidean,0.01,0.00043024878012989703,9812.196855212238,902.5523707486868,335.5022535907892,167.75112679539447,-258.7252406936882,3.990082621235882e-05,3.989848267781423e-05,4.908691927693644e-05,1.9269300424155693,0.06257449547170374,0.0567592065051777
2016-02-18,2175,oas,select,pca_only,8,20,log_euclidean,0.01,0.0007940673348034102,8686.72471849216,581.6209587550612,309.8896281963585,154.9448140981788,-272.33469582395657,5.3845361028850936e-05,5.384301749430635e-05,3.3766733498358584e-05,2.8371602441227175,0.10707114797560088,0.12447044556687276
2016-02-18,2175,shrink,select,pca_only,8,20,log_euclidean,0.01,0.0007463568121415666,8567.438544962297,602.7672786104588,304.9347245837447,152.46736229187255,-275.0516675816497,5.962733761397956e-05,5.9624994079434976e-05,2.486832928025028e-05,2.6329206237985634,0.2651728368836122,0.19289407418845841
2016-02-18,2175,persistence,select,pca_only,8,20,log_euclidean,0.01,0.001590604648244909,3775.2919503971884,756.6692945215194,1452.524726804451,726.2623634021954,279.21274736657966,4.225494382604248e-05,4.2252600291497894e-05,8.235628559436147e-07,2.083028309716495,0.09558402606584211,0.07133262144964274
2016-02-25,2180,similarity,select,pca_only,8,20,log_euclidean,0.01,0.00023891667456430647,1948.542557926235,5060.582232685294,52996.160595676934,26498.080297838475,25600.01072266962,4.947825905812372e-05,4.947472142752998e-05,4.893735874407122e-08,2.8102650607968176,0.11469422638466753,0.12971771469428953
2016-02-25,2180,rolling,select,pca_only,8,20,log_euclidean,0.01,0.0011921065821538933,5044.617015286668,698.4021452783527,830.5428122998051,415.2714061499105,-28.639589263501374,6.580311086399483e-05,6.579957323340109e-05,3.6521171673758466e-06,4.208186182873661,0.19337456092852953,0.30161931987619084
2016-02-25,2180,ewma,select,pca_only,8,20,log_euclidean,0.01,0.0008555369881133615,4855.354447609112,634.9548544576131,930.6352685995676,465.3176342997774,20.356644949369283,4.5155607036835394e-05,4.5152069406241656e-05,2.8180296679348183e-06,3.8019221767143097,0.16105239298652943,0.2518641707231491
2016-02-25,2180,ledoit_wolf,select,pca_only,8,20,log_euclidean,0.01,0.0004234962504112449,9767.88716819735,811.085422901409,337.4464599511002,168.72322997554977,-260.333045046893,3.1219407467666054e-05,3.1215869837072316e-05,4.182394403792984e-05,1.8732763458496215,0.07700270126743043,0.05516497315300084
2016-02-25,2180,oas,select,pca_only,8,20,log_euclidean,0.01,0.0008126966809268265,8641.869286957348,577.1280444706894,308.9434977237612,154.47174886188066,-275.29700892865657,3.6110692931423854e-05,3.6107155300830117e-05,2.688965338502566e-05,2.518884571205923,0.09292407769018025,0.10600042041294865
2016-02-25,2180,shrink,select,pca_only,8,20,log_euclidean,0.01,0.0007421885627964841,8540.220807171312,597.1108382070554,302.37049827166425,151.18524913583235,-278.7442127086413,3.60742082968094e-05,3.607067066621566e-05,2.1948187735664725e-05,2.4685045649607233,0.23582618557043494,0.15328550372708408
2016-02-25,2180,persistence,select,pca_only,8,20,log_euclidean,0.01,0.0014591025731930463,3729.9256109025555,765.4606508324416,1553.3313727596894,776.6656863798304,328.3993674783292,2.279123076472895e-05,2.278769313413521e-05,7.96441887475893e-07,2.2209277816844266,0.08351359981312118,0.07499092246543934
2016-03-03,2185,similarity,select,pca_only,8,20,log_euclidean,0.01,0.00018352329779720362,1926.8745674909478,5838.784129607923,93387.91343028816,46693.956715144086,44533.98108279066,4.1440353050017873e-05,4.143867793747578e-05,3.497836203167139e-08,3.418706906683052,0.17665100787977184,0.2055014649686579
2016-03-03,2185,rolling,select,pca_only,8,20,log_euclidean,0.01,0.0013179269573750933,5047.129885340262,980.1816795979332,835.2667872935594,417.6333936467735,-31.064643360886105,6.958731051007652e-05,6.958563539753444e-05,3.871796039226139e-06,4.3957786448556275,0.15260906379289357,0.31504564041641825
2016-03-03,2185,ewma,select,pca_only,8,20,log_euclidean,0.01,0.0007196858383023095,4843.077854325001,998.6262302127876,1044.7903685698143,522.395184284911,69.51000298981994,8.377289264815568e-05,8.37712175356136e-05,2.919960893063011e-06,4.397471002070006,0.16311521991471975,0.3176132340495718
2016-03-03,2185,ledoit_wolf,select,pca_only,8,20,log_euclidean,0.01,0.00045161996333508586,9795.679976901945,713.498576281464,351.9779296417196,175.9889648208602,-260.6475783920355,3.022120323140058e-05,3.0219528118858493e-05,4.256959746126383e-05,1.8141654169917913,0.09680422453346328,0.05376651208242415
2016-03-03,2185,oas,select,pca_only,8,20,log_euclidean,0.01,0.0009023051372115715,8661.778569917378,680.5257395880975,323.19093167885023,161.59546583942512,-275.64989012751363,4.409410039272206e-05,4.4092425280179966e-05,2.7970744831696572e-05,2.575280080165455,0.1300523940477501,0.10742068577189587
2016-03-03,2185,shrink,select,pca_only,8,20,log_euclidean,0.01,0.0008075029347204059,8560.303981377929,686.7512190419675,315.1933934791349,157.59669673956796,-279.68727205860984,3.6062658359611214e-05,3.606098324706912e-05,2.4952137600424657e-05,2.458555147774704,0.1780151630351512,0.13132334160848597
2016-03-03,2185,persistence,select,pca_only,8,20,log_euclidean,0.01,0.0013918548508355822,3652.2592337119904,1185.9646510772156,1759.5007948549428,879.7503974274586,418.11177555444795,4.7330098662601095e-05,4.7328423550059003e-05,7.808331442774529e-07,2.418480877161169,0.09171906744635745,0.08542044916377395
2016-03-10,2190,similarity,select,pca_only,8,20,log_euclidean,0.01,0.0007331228580898178,1910.276720380532,5064.31933205324,45287.5396075214,22643.769803760704,22071.72321093863,6.395188449957738e-05,6.394353938692074e-05,1.0214130985290108e-07,2.8015683060436576,0.12139153995818418,0.13301422919289366
2016-03-10,2190,rolling,select,pca_only,8,20,log_euclidean,0.01,0.0012477757070840098,5044.179221874055,709.1928091917351,1570.0778770190923,785.0389385095489,353.2529634621143,7.405191399593335e-05,7.404356888327672e-05,3.3721219533879633e-06,4.631887484282297,0.14376734972130215,0.34141175168355115
2016-03-10,2190,ewma,select,pca_only,8,20,log_euclidean,0.01,0.0010539167337499389,4807.245562890273,704.4981245499159,1930.6372315581907,965.3186157790899,529.6108978322451,7.289856970933994e-05,7.289022459668331e-05,2.560621795079778e-06,4.560416741349936,0.14066794189379242,0.32621238559411786
2016-03-10,2190,ledoit_wolf,select,pca_only,8,20,log_euclidean,0.01,0.0008906241341127263,9063.785094704604,638.9605346906999,327.0612800570714,163.5306400285359,-250.8370399127228,4.1824836408461674e-05,4.1816491295805044e-05,3.288036866082879e-05,2.1294708602852204,0.10935399497226042,0.07515828969478246
2016-03-10,2190,oas,select,pca_only,8,20,log_euclidean,0.01,0.0010157274299556242,8449.64212993062,585.7767333598915,338.8091822707614,169.40459113538077,-245.56862986893094,4.639292305873898e-05,4.638457794608235e-05,2.508935469226383e-05,2.5409525185979067,0.1224733566987551,0.10950470928211675
2016-03-10,2190,shrink,select,pca_only,8,20,log_euclidean,0.01,0.0009561743769101721,8442.172012971534,576.5702825606865,303.1312043869359,151.56560219346792,-263.39337683972946,4.623317866088707e-05,4.622483354823044e-05,2.289373740008072e-05,2.45047920021466,0.1721614271556963,0.1360199541595953
2016-03-10,2190,persistence,select,pca_only,8,20,log_euclidean,0.01,0.0009291399863220167,3430.9135106067492,973.526770537248,6312.234568901276,3156.1172844506423,2707.134642866382,5.482262167071982e-05,5.481427655806319e-05,4.444425690658162e-07,2.419846669644835,0.0901271374859084,0.08755021831083612
2016-03-17,2195,similarity,select,pca_only,8,20,log_euclidean,0.01,0.0007648544926073412,1900.6171325499297,5209.859767170398,208837.6740276678,104418.83701383388,102353.12916963529,7.793517836752994e-05,7.792834402021382e-05,3.235082427547914e-08,3.9332010473026,0.13422027323072303,0.2432171457091866
2016-03-17,2195,rolling,select,pca_only,8,20,log_euclidean,0.01,0.0012862805503681925,4992.952151280479,834.4159464210237,1741.9655866588444,870.9827933294229,442.88611087789843,6.94509506507288e-05,6.944411630341268e-05,2.931823507957019e-06,4.791943658497665,0.14071318432420313,0.34639406795341887
2016-03-17,2195,ewma,select,pca_only,8,20,log_euclidean,0.01,0.001015159403570348,4776.653057984494,793.4115155769873,2256.135894564035,1128.0679472820198,696.9248259444901,9.231750034588663e-05,9.231066599857052e-05,2.309251239805591e-06,4.769986515839548,0.13803870598824508,0.3467587551447415
2016-03-17,2195,ledoit_wolf,select,pca_only,8,20,log_euclidean,0.01,0.0009869939910681451,8600.15176132484,581.5893226265036,332.5762886749278,166.28814433746362,-248.84134908152373,4.195464380794886e-05,4.1947809460632735e-05,2.6158008337105436e-05,2.3384117814809255,0.11058711268314136,0.08848249664933655
2016-03-17,2195,oas,select,pca_only,8,20,log_euclidean,0.01,0.0010712202945413968,8175.843320154818,610.8903763711538,352.0752016695146,176.03760083475743,-239.45240474098668,4.466725807452514e-05,4.466042372720902e-05,2.115250011216134e-05,2.7084450888037943,0.11639952978999829,0.11511700355557772
2016-03-17,2195,shrink,select,pca_only,8,20,log_euclidean,0.01,0.0009723850130514456,8317.703948429124,569.8881100838175,298.3294513877481,149.16472569387383,-266.6298137620113,3.651781408428942e-05,3.6510979736973293e-05,2.1500409235050145e-05,2.4894665629892496,0.1366662027841072,0.12846120569805006
2016-03-17,2195,persistence,select,pca_only,8,20,log_euclidean,0.01,0.0008763065635591546,3465.8709999189014,924.3145467507318,8362.02579908231,4181.0128995411615,3758.307267389605,4.741846281091218e-05,4.7411628463596055e-05,3.13935226921863e-07,2.189703697294569,0.08639595487793288,0.07683234360444259
2016-03-24,2200,similarity,select,pca_only,8,20,log_euclidean,0.01,0.0009168624959277718,1918.0253732567833,6247.096301095487,106230.74572346227,53115.37286173114,51520.94395377349,0.00010426533270452568,0.00010425561898593029,4.7663785764403226e-08,2.9874529574055257,0.15225684135991097,0.1562595441682239
2016-03-24,2200,rolling,select,pca_only,8,20,log_euclidean,0.01,0.0013295422286491714,4963.36854687407,954.4853670242398,2462.5083257831143,1231.2541628915578,791.0573495063697,0.00010763894949578648,0.00010762923577719109,2.560828617173129e-06,4.6862800136784335,0.1503040040040531,0.32048392673419995
2016-03-24,2200,ewma,select,pca_only,8,20,log_euclidean,0.01,0.0010557927354672536,4727.622693811875,900.3189445186707,3446.9918856330646,1723.495942816529,1269.322184445818,0.00012959662894684886,0.00012958691522825348,1.8846209841379876e-06,4.611664993931004,0.13038804525608058,0.31998444734072246
2016-03-24,2200,ledoit_wolf,select,pca_only,8,20,log_euclidean,0.01,0.001057126395694284,8650.342955415932,653.520253877019,345.93553374863836,172.9677668743194,-231.80380171959047,5.254979479756799e-05,5.2540081078972605e-05,2.5327189780915565e-05,2.2069136540835634,0.09263095615332007,0.08004463811439173
2016-03-24,2200,oas,select,pca_only,8,20,log_euclidean,0.01,0.0011457683200506146,8135.814090187134,704.380730404337,386.93907216371724,193.4695360818584,-212.4699702914499,5.905408736022455e-05,5.9044373641629165e-05,1.9616877604642976e-05,2.6575923394497534,0.09609365926441918,0.11114413511697498
2016-03-24,2200,shrink,select,pca_only,8,20,log_euclidean,0.01,0.001068973752245402,8216.151381800815,647.4651282665304,310.4999936371677,155.24999681858378,-250.31368144156463,4.5160647498255765e-05,4.515093377966038e-05,1.9313885047157357e-05,2.4978984850560075,0.12284881193316927,0.12263484163482767
2016-03-24,2200,persistence,select,pca_only,8,20,log_euclidean,0.01,0.000983989837465917,3333.843214117123,1033.2740335155036,10632.730689103728,5316.365344551883,4808.237615290874,9.622709075800173e-05,9.621737703940633e-05,3.379731404592325e-07,2.372845337600782,0.08775219809412166,0.08752190859245144
2016-04-01,2205,similarity,select,pca_only,8,20,log_euclidean,0.01,0.0010023989661389762,1948.2354771736018,6177.003030290528,163083.09099834232,81541.54549917114,79829.08904208725,9.47502441502851e-05,9.474555368792987e-05,3.0769394535783334e-08,2.630703318011994,0.1148983476969595,0.11564167033256909
2016-04-01,2205,rolling,select,pca_only,8,20,log_euclidean,0.01,0.0012000516873616179,4865.484385866517,855.5201655761277,2791.5136433894877,1395.756821694742,976.8079562931702,0.00010483915810826636,0.00010483446764591114,1.7174315215494283e-06,3.9694291959245755,0.10404331641452771,0.24326928282506402
2016-04-01,2205,ewma,select,pca_only,8,20,log_euclidean,0.01,0.000960065555968998,4656.7846909775435,811.0669063496375,4426.483569585809,2213.2417847928987,1782.1569396548355,0.00012795010863064223,0.000127945418168287,1.2431800215068042e-06,4.195433965030057,0.1221564991045904,0.2769727858298147
2016-04-01,2205,ledoit_wolf,select,pca_only,8,20,log_euclidean,0.01,0.0009924619765948532,8713.494598771556,663.0234947826209,342.41658515802817,171.20829257901426,-228.49364565469995,5.180822773177372e-05,5.1803537269418494e-05,2.2448389062562128e-05,2.0278322330278136,0.07646271583132748,0.06589896045208556
2016-04-01,2205,oas,select,pca_only,8,20,log_euclidean,0.01,0.0010694663282219308,8060.450842289772,670.0247196822265,396.01283930161264,198.00641965080612,-202.3197232333107,6.468718254440356e-05,6.468249208204833e-05,1.6102714114999643e-05,2.4933664548087178,0.08338654492935776,0.1004451541820082
2016-04-01,2205,shrink,select,pca_only,8,20,log_euclidean,0.01,0.0010330245072390802,8064.981776694727,649.4900927544145,311.9916658507698,155.99583292538486,-244.7993247061912,4.2583148381794755e-05,4.257845791943953e-05,1.498044452879183e-05,2.3589266089478893,0.12169332906174529,0.1177621445172624
2016-04-01,2205,persistence,select,pca_only,8,20,log_euclidean,0.01,0.000960885997756692,3400.9377528599534,1102.055957618003,13230.129146586134,6615.0645732930825,6145.656887890628,7.247671300427074e-05,7.247202254191551e-05,1.923298813641028e-07,1.987667140976509,0.07140599934258908,0.058657795089244534
2016-04-08,2210,similarity,select,pca_only,8,20,log_euclidean,0.01,0.00032692925378367853,1873.6956223123088,6660.435699805656,82252.14541533387,41126.07270766693,40577.35791134284,0.00016021156025858012,0.00016020899146077842,7.104925423649555e-08,3.8889455331764857,0.1929372239795712,0.2627290332744147
2016-04-08,2210,rolling,select,pca_only,8,20,log_euclidean,0.01,0.0005527718439659646,4829.565342584621,922.9251279249471,1883.257327302072,941.6286636510341,518.3883182321453,8.118302964301916e-05,8.118046084521746e-05,1.4574950661006154e-06,3.858934483242147,0.1120390895045154,0.21905275746641295
2016-04-08,2210,ewma,select,pca_only,8,20,log_euclidean,0.01,0.00030694219287234195,4595.512007886768,917.689685464683,2866.8408149056913,1433.4204074528402,1003.1330451163087,0.00011125309553687285,0.00011125052673907115,1.179492007935275e-06,4.178063797674178,0.13977669866497627,0.2674172422360635
2016-04-08,2210,ledoit_wolf,select,pca_only,8,20,log_euclidean,0.01,0.00034824611114020324,8732.766526392783,664.6575475874231,321.6522516810719,160.82612584053572,-256.82066837686835,5.125432896557505e-05,5.1251760167773354e-05,2.14888571635077e-05,2.033707766660484,0.05912296525409057,0.06268011691077752
2016-04-08,2210,oas,select,pca_only,8,20,log_euclidean,0.01,0.00043050756451606443,8004.466426649571,696.9920617419593,343.4351357647829,171.71756788239156,-246.08496003681944,6.413370511920859e-05,6.41311363214069e-05,1.4554718910037791e-05,2.585362729999719,0.07850992341160094,0.0981983928683888
2016-04-08,2210,shrink,select,pca_only,8,20,log_euclidean,0.01,0.00041107459737173513,7979.327178554747,675.6898254195642,302.3973341437999,151.1986670719,-267.06141733504694,2.831937392578435e-05,2.8316805127982653e-05,1.230415222511154e-05,2.3145100378020182,0.2099025597887049,0.13761556239106953
2016-04-08,2210,persistence,select,pca_only,8,20,log_euclidean,0.01,0.0008753546066215834,3296.335113212621,1133.4255902730781,4210.4310739159255,2105.2155369579655,1669.877254640001,6.190084414813113e-05,6.189827535032943e-05,5.513037176968977e-07,2.505713802928435,0.09500071420939891,0.0991575453889724
2016-04-15,2215,similarity,select,pca_only,8,20,log_euclidean,0.01,0.0003309176185303941,1933.2062712136176,6280.731081072224,123207.8186371125,61603.90931855625,60578.110668792666,9.428862560511101e-05,9.428639781098988e-05,2.9681773073373082e-08,2.7674846082573867,0.11128211352272975,0.1359471389977687
2016-04-15,2215,rolling,select,pca_only,8,20,log_euclidean,0.01,0.0005704734302356507,4727.842255401103,832.6806068538577,1871.9093821610575,935.9546910805166,511.3115370574984,9.094382261231803e-05,9.094159481819689e-05,1.5838336325444023e-06,3.678656765146708,0.11815902633290266,0.22232795502413163
2016-04-15,2215,ewma,select,pca_only,8,20,log_euclidean,0.01,0.0008794721622371743,4479.286624403538,802.6173239820927,1965.8474324168133,982.9237162084012,557.4683374815444,0.0001363032543898447,0.00013630102659572356,1.6207724380939116e-06,3.8004967135149403,0.12832744231297,0.2294025006231372
2016-04-15,2215,ledoit_wolf,select,pca_only,8,20,log_euclidean,0.01,0.00031424650820238286,9217.915897795803,737.3229761398073,324.46219537821895,162.23109768910922,-251.65336494083232,4.467992099824581e-05,4.4677693204124676e-05,2.2290934427799347e-05,1.5189441215686228,0.050092967669938836,0.03811096972600814
2016-04-15,2215,oas,select,pca_only,8,20,log_euclidean,0.01,0.0004356242477845458,8156.740191202753,648.1855266267198,336.8638219304077,168.43191096520366,-246.01114232603928,6.013523215452238e-05,6.013300436040124e-05,1.5340882212552505e-05,2.2922063990343173,0.07318143993214961,0.07969931897352424
2016-04-15,2215,shrink,select,pca_only,8,20,log_euclidean,0.01,0.00046775984256275307,7813.451954979821,633.8521688575906,322.24996565133233,161.124982825666,-253.4057986843174,4.877079969469034e-05,4.8768571900569204e-05,1.0377050777435409e-05,2.1926479597370663,0.2050539085937,0.13449075361429505
2016-04-15,2215,persistence,select,pca_only,8,20,log_euclidean,0.01,0.0009118779063335111,3246.013306380476,947.013261598531,5022.162120429876,2511.0810602149445,2082.561843816862,5.390712956007552e-05,5.390490176595439e-05,4.650635992357362e-07,2.2984494688282533,0.07273064704615544,0.08547426216018285
2016-04-22,2220,similarity,select,pca_only,8,20,log_euclidean,0.01,0.0001504657460691707,1931.1397117378574,6031.9272321795315,83375.86087082989,41687.93043541493,40808.93467910615,0.0001489632084685582,0.00014896061329267965,5.6524722107233904e-08,3.40540457872144,0.15370767396783777,0.20285713006041073
2016-04-22,2220,rolling,select,pca_only,8,20,log_euclidean,0.01,0.00035190416244147563,4691.256747983644,627.1561747522301,1766.268393371196,883.1341966856019,444.5226118408643,0.00010403638523506407,0.00010403379005918551,1.6177357004361401e-06,3.9332133042809785,0.13655043734561723,0.24795460057469798
2016-04-22,2220,ewma,select,pca_only,8,20,log_euclidean,0.01,0.0004843159647723717,4457.65415284001,697.3626307972346,1844.9826694004391,922.4913347002092,479.76940261598327,0.00010818884977000144,0.00010818625459412288,1.5829168909081216e-06,3.8622176766705736,0.14120976350079306,0.24412223181866585
2016-04-22,2220,ledoit_wolf,select,pca_only,8,20,log_euclidean,0.01,0.00013935473390736604,9246.869696556034,853.8304402502828,327.47825681569464,163.73912840784715,-261.2284228429937,5.5605049919933e-05,5.560245474405444e-05,2.028352922333691e-05,1.3350539355400584,0.045500183995419205,0.028668305130779646
2016-04-22,2220,oas,select,pca_only,8,20,log_euclidean,0.01,0.00024358848523017303,8030.477928807589,581.3693246696059,327.02375727835295,163.51187863917647,-262.1623866149747,6.854806502796021e-05,6.854546985208165e-05,1.521942659791781e-05,2.2170370618933393,0.07573421166173595,0.0807550741716141
2016-04-22,2220,shrink,select,pca_only,8,20,log_euclidean,0.01,0.0002961713203087356,7594.287051972865,546.8206514794249,339.01132853556635,169.50566426778343,-257.29561063992475,5.434825449373026e-05,5.4345659317851693e-05,9.812527746930594e-06,2.3413883918298106,0.2820558521812868,0.16929037977949843
2016-04-22,2220,persistence,select,pca_only,8,20,log_euclidean,0.01,0.0009020289375671283,3185.657808470372,922.145229403553,2808.665399794203,1404.3326998971336,960.0716091321585,5.132108065147602e-05,5.131848547559746e-05,5.703078080591292e-07,2.237616708488725,0.07475367294381782,0.08272172729191225
2016-04-29,2225,similarity,select,pca_only,8,20,log_euclidean,0.01,0.00011854444990681598,1930.4652556105862,5116.89021841951,91832.56982339874,45916.28491169937,44974.05086576194,9.266694507323284e-05,9.266450873396167e-05,3.3810652731099024e-08,3.0054695090118506,0.0941846503818248,0.15722401921899845
2016-04-29,2225,rolling,select,pca_only,8,20,log_euclidean,0.01,0.0002462167360439832,4672.530817029218,635.201372205324,1886.6752128447042,943.3376064223576,487.6324859670243,7.755498930916176e-05,7.755255296989059e-05,1.1733312612648745e-06,3.602364775193241,0.15143586791156555,0.22130093252086844
2016-04-29,2225,ewma,select,pca_only,8,20,log_euclidean,0.01,0.0004530331200979538,4476.371886396202,902.6940660640767,1697.9101752884458,848.9550876442094,389.1017439129328,8.18873920499959e-05,8.188495571072473e-05,1.3582547402318466e-06,3.523384919364502,0.14127608911318892,0.20431105300688013
2016-04-29,2225,ledoit_wolf,select,pca_only,8,20,log_euclidean,0.01,0.00011608564983041716,8776.394735335773,1013.5985652003991,324.9466876960638,162.47334384803236,-270.68065014056873,5.976171680475791e-05,5.9759280465486733e-05,1.626020505572845e-05,1.3932262830141569,0.04584838760109157,0.03247059325115829
2016-04-29,2225,oas,select,pca_only,8,20,log_euclidean,0.01,0.0001754847039710469,7775.874765295448,727.0102179059875,333.9214792987508,166.9607396493758,-267.1532956571747,6.706558854503889e-05,6.706315220576772e-05,1.1828908182603442e-05,2.1747034307256516,0.07077805896703054,0.07822678139626174
2016-04-29,2225,shrink,select,pca_only,8,20,log_euclidean,0.01,0.00021205238870270382,7383.022849813793,669.261744421154,342.4232898188096,171.21164490940544,-264.12015056890516,5.529901613481441e-05,5.5296579795543235e-05,7.842359467313072e-06,2.348205503996731,0.19151625796485125,0.14267215840241612
2016-04-29,2225,persistence,select,pca_only,8,20,log_euclidean,0.01,0.0009760857619438406,3384.637369763069,1094.8626349377075,2411.123130720336,1205.561565360109,758.6039015957738,4.7939595037735234e-05,4.793715869846406e-05,4.038732702126357e-07,1.8847759729811142,0.056984420289313525,0.054537472758766546
2016-05-06,2230,similarity,select,pca_only,8,20,log_euclidean,0.01,0.00010191982763605887,1887.267578839141,5762.32292377452,77402.57657222221,38701.28828611111,37284.05808317177,0.00011616589451071665,0.00011616343347548113,5.841961219136934e-08,3.550305411043988,0.18996568792936563,0.22556327662768877
2016-05-06,2230,rolling,select,pca_only,8,20,log_euclidean,0.01,0.0002587155510062219,4601.235410068845,729.7774796917656,1750.8685275054008,875.4342637526993,411.8008516334024,7.440824784933118e-05,7.440578681409566e-05,1.1107574458477986e-06,3.4492546949401346,0.13171716214189005,0.20972027461782614
2016-05-06,2230,ewma,select,pca_only,8,20,log_euclidean,0.01,0.00032802891986178923,4406.344869808731,958.0519837164783,1683.0962158267066,841.548107913339,374.28748223417585,7.831657616548571e-05,7.831411513025019e-05,1.1510193293840778e-06,3.255320039851316,0.1156461308452825,0.18197731786230312
2016-05-06,2230,ledoit_wolf,select,pca_only,8,20,log_euclidean,0.01,0.00011240780528634799,8801.343345435453,1030.65715997321,331.00018595625147,165.5000929781251,-272.1854085898725,4.899855195812136e-05,4.8996090922885835e-05,1.6464796713088914e-05,1.442913094887538,0.04023586636184435,0.03212010591514913
2016-05-06,2230,oas,select,pca_only,8,20,log_euclidean,0.01,0.00018084909805198796,7798.426813539698,774.7718955275914,335.28554925718595,167.64277462859275,-270.97917833631664,5.597175507960211e-05,5.5969294044366586e-05,1.1974883748258427e-05,2.193406303392493,0.0662934106306578,0.07904633190656683
2016-05-06,2230,shrink,select,pca_only,8,20,log_euclidean,0.01,0.000219622464116761,7342.728126199752,720.5260835929292,351.73188619320456,175.86594309660177,-263.5127753097728,4.798919884369273e-05,4.7986737808457204e-05,7.845223530908464e-06,2.394671284893361,0.2387024627489733,0.15448487664250185
2016-05-06,2230,persistence,select,pca_only,8,20,log_euclidean,0.01,0.0003278639193760324,3237.6886639156646,1169.4868246566693,3265.7283879539755,1632.8641939769714,1175.483518258227,4.233275951305758e-05,4.233029847782205e-05,2.6336843623678864e-07,1.6949226559856891,0.06213168563956646,0.05391569675537152
2016-05-13,2235,similarity,select,pca_only,8,20,log_euclidean,0.01,6.924924509364835e-05,1912.2759609818845,5613.443002831332,57152.438306852964,28576.219153426493,27516.944497082062,7.805395720124603e-05,7.804973567207034e-05,5.886743259455758e-08,3.5186109415610125,0.18298690789459174,0.21819718911414618
2016-05-13,2235,rolling,select,pca_only,8,20,log_euclidean,0.01,0.00021326403993521213,4617.94696882129,728.9687705907183,1402.6641980859536,701.3320990429736,239.71420898994796,5.371491825209004e-05,5.3710696722914346e-05,1.0193189711562795e-06,3.4324163112100368,0.12123477227933173,0.1897249438763906
2016-05-13,2235,ewma,select,pca_only,8,20,log_euclidean,0.01,0.00021229695687064915,4400.574547403505,853.6322341846771,1397.6605025402766,698.8302512701242,235.38095297575114,4.5189580786848224e-05,4.518535925767253e-05,1.076313265733987e-06,3.461938486304898,0.12309489740373203,0.1806047530325809
2016-05-13,2235,ledoit_wolf,select,pca_only,8,20,log_euclidean,0.01,7.870425417671629e-05,8841.961056062455,1055.3701637364172,333.88781995435886,166.9439099771797,-278.7853012277683,3.8113299291689934e-05,3.810907776251424e-05,1.3973880422610865e-05,1.3559598584366854,0.040201627777715104,0.02710591353430408
2016-05-13,2235,oas,select,pca_only,8,20,log_euclidean,0.01,0.00014018440538973107,7821.092391432555,797.9302064599449,320.6598750829739,160.3299375414871,-285.96267305588054,4.2564954789635424e-05,4.256073326045973e-05,1.0276761044521346e-05,2.0243762661916658,0.07260277142107595,0.0636481342721119
2016-05-13,2235,shrink,select,pca_only,8,20,log_euclidean,0.01,0.00018220985222025456,7292.195234254357,741.0356648977254,325.9280902607996,162.96404513040005,-283.82775554945584,3.10128213434153e-05,3.10085998142396e-05,5.801085214851319e-06,2.0674042146922678,0.3552774374526216,0.18509244502159217
2016-05-13,2235,persistence,select,pca_only,8,20,log_euclidean,0.01,0.0002895822516530703,3239.2501335087413,1083.6239605358987,2584.9428833223956,1292.4714416612046,819.1055580201237,2.6505703838542866e-05,2.6501482309367167e-05,2.808298659000788e-07,1.748000416808976,0.07204777511730877,0.05393542624869974
2016-05-20,2240,similarity,select,pca_only,8,20,log_euclidean,0.01,4.734337227283058e-05,1775.136945486221,5986.403880070531,36299.41410177653,18149.70705088826,17328.234880134154,6.186803024863048e-05,6.186532580816775e-05,6.577912758224414e-08,3.2482443871804123,0.16178851894635563,0.1855040355387499
2016-05-20,2240,rolling,select,pca_only,8,20,log_euclidean,0.01,0.00018630975457041275,4559.9133131292865,646.7971948642021,1168.5655839289586,584.2827919644828,115.2241566801298,6.328508038212147e-05,6.328237594165874e-05,1.3524496141589457e-06,4.1110633147036975,0.16613287438528201,0.2570754421082264
2016-05-20,2240,ewma,select,pca_only,8,20,log_euclidean,0.01,0.00013649526910098362,4340.61265785607,758.7596312231001,1198.6650169751551,599.3325084875804,129.33334965420073,3.932271844527546e-05,3.932001400481274e-05,1.2716754143561403e-06,3.9130820899896026,0.16034017595441247,0.22985702010022926
2016-05-20,2240,ledoit_wolf,select,pca_only,8,20,log_euclidean,0.01,5.847165508038401e-05,8912.942893473793,1014.411733319259,343.8160229239984,171.9080114619986,-281.8898445952777,2.0830307548349274e-05,2.0827603107886554e-05,1.5482220524929103e-05,1.3092814449851886,0.03876153730897665,0.023979853703680932
2016-05-20,2240,oas,select,pca_only,8,20,log_euclidean,0.01,0.00011588881919240973,7855.234049361341,720.7489048183609,319.1389024370258,159.56945121851257,-294.72516625013344,2.5839717333462437e-05,2.5837012892999717e-05,1.3263099316784516e-05,2.162494314365267,0.08204002425010433,0.07076125623773154
2016-05-20,2240,shrink,select,pca_only,8,20,log_euclidean,0.01,0.00015859257074884455,7296.608640454074,661.201615105882,310.1032440444915,155.05162202224605,-299.56258170136823,2.146433985157769e-05,2.146163541111497e-05,7.672175126515944e-06,2.3134865575590826,0.38954626364793465,0.2192836071153344
2016-05-20,2240,persistence,select,pca_only,8,20,log_euclidean,0.01,0.00012606693704115502,3115.764523241268,862.9705852884032,2600.593055311484,1300.2965276557456,821.2386312556504,2.9941705886282366e-05,2.9939001445819646e-05,3.116680182731157e-07,2.2796092042474356,0.08323810285009832,0.0772009261836511
2016-05-27,2245,similarity,select,pca_only,8,20,log_euclidean,0.01,0.0005533797643889641,1870.2286693176684,3690.2858299903596,58783.208796085186,29391.604398042597,28780.899468941505,3.4736933219425436e-05,3.4731365525479056e-05,4.51767756886883e-08,3.083112430939917,0.1864924813514154,0.18463888432304176
2016-05-27,2245,rolling,select,pca_only,8,20,log_euclidean,0.01,0.0005120024049820032,4540.77063172218,1574.5231296337465,1378.4892731929096,689.2446365964524,237.01973235303632,9.697608019545359e-05,9.697051250150722e-05,1.4314238703209763e-06,4.270622258736376,0.16981775788458184,0.2669281244474915
2016-05-27,2245,ewma,select,pca_only,8,20,log_euclidean,0.01,0.00042404078197678496,4323.747412714005,1517.8492565661,1560.9045859685755,780.4522929842892,324.99892375902954,7.678126805572158e-05,7.67757003617752e-05,1.19205122234523e-06,3.944885429062555,0.15816269335355687,0.24090411144122256
2016-05-27,2245,ledoit_wolf,select,pca_only,8,20,log_euclidean,0.01,0.0005289418458079393,8980.656484541523,2572.497937999344,309.940997335175,154.97049866758752,-273.9838099356895,8.33477409491349e-05,8.334217325518853e-05,1.4332445086650217e-05,1.2125134765420056,0.03385852058120801,0.020967159214956458
2016-05-27,2245,oas,select,pca_only,8,20,log_euclidean,0.01,0.0004961350064406949,7901.921317918453,1972.9729097186487,288.8441209308789,144.4220604654396,-285.26550357320895,6.168448612942762e-05,6.167891843548125e-05,1.297695711405167e-05,2.0638983081158093,0.07536824161153086,0.06484603175878939
2016-05-27,2245,shrink,select,pca_only,8,20,log_euclidean,0.01,0.0005479076771156865,7324.646587564091,1830.5590540609944,291.03919561585315,145.51959780792677,-285.03620313834733,5.3511100703963306e-05,5.3505533010016925e-05,7.592647833651766e-06,2.298394228497071,0.3485770173548313,0.18918512461408793
2016-05-27,2245,persistence,select,pca_only,8,20,log_euclidean,0.01,0.0004205663159413381,3187.9936922781,1445.384646527884,3898.1687159807193,1949.0843579903662,1484.6491570976768,7.299798712818912e-05,7.299241943424274e-05,2.898327634992173e-07,2.3525385669255257,0.0777671649222832,0.08393127668069406
2016-06-06,2250,similarity,select,pca_only,8,20,log_euclidean,0.01,0.0009193150348956617,1801.104117592879,2777.381103928909,50746.72045010476,25373.360225052387,24276.32547771835,6.882251228415756e-05,6.881758087654134e-05,6.53207020119496e-08,3.2623023330269394,0.17037163611423864,0.1999965638322031
2016-06-06,2250,rolling,select,pca_only,8,20,log_euclidean,0.01,0.0008538795573852474,4652.37923048607,1883.7133178292916,1575.1518125352318,787.5759062676113,329.70746691150384,0.0001848521453179841,0.00018484721391036788,1.4048723261014818e-06,3.990494541071685,0.15938954967413088,0.2654987809917816
2016-06-06,2250,ewma,select,pca_only,8,20,log_euclidean,0.01,0.0007756288403706167,4440.8375201932295,1871.3876126174002,2062.3263655396195,1031.1631827698166,562.3035797810963,0.00017323739733836148,0.00017323246593074526,1.01162622928481e-06,3.791168570792783,0.16820025456064042,0.24835323957268554
2016-06-06,2250,ledoit_wolf,select,pca_only,8,20,log_euclidean,0.01,0.0009264296872205627,8979.011734723257,3114.8357790981618,302.06042708335093,151.03021354167558,-271.3149624222211,0.00013649818841107863,0.0001364932570034624,1.3322025573636256e-05,1.1859043345206337,0.03197738277238149,0.019415602109569597
2016-06-06,2250,oas,select,pca_only,8,20,log_euclidean,0.01,0.0008577886604717317,7861.619799415988,2381.510212469029,284.25738055532037,142.12869027766007,-281.33278282524776,0.00011282544589569122,0.00011282051448807501,1.22544255700133e-05,2.032957755920677,0.0702182347136459,0.06433700777759228
2016-06-06,2250,shrink,select,pca_only,8,20,log_euclidean,0.01,0.0009124439368946043,7298.311175625033,2205.915485998967,304.091318571044,152.045659285522,-272.8066533953848,9.564201450289489e-05,9.563708309527867e-05,7.422185254521185e-06,2.308811044091817,0.29794488632350286,0.16486827115939934
2016-06-06,2250,persistence,select,pca_only,8,20,log_euclidean,0.01,0.0008040519103482684,3281.208992746903,1842.249668040307,5031.801365178821,2515.900682589399,2013.2726110992166,0.00022655407360831808,0.00022654914220070186,2.494328717589349e-07,2.207229444513108,0.08845180061361005,0.07829509030835131
2016-06-13,2255,similarity,select,pca_only,8,20,log_euclidean,0.01,0.001053503060030321,1728.5873889305885,3193.9647693423594,40654.4581231122,20327.229061556103,19030.907073954662,6.0892385534647256e-05,6.088149753797924e-05,1.0177695136865539e-07,3.9009550494190917,0.20727998010518478,0.2673880221904237
2016-06-13,2255,rolling,select,pca_only,8,20,log_euclidean,0.01,0.0009644700444674668,4507.903403101828,1854.335590332053,1367.6558727973156,683.8279363986572,220.02653651183618,0.00016952230069418995,0.00016951141269752195,1.211873546320156e-06,3.83824646809212,0.1607859642260393,0.2270473370554728
2016-06-13,2255,ewma,select,pca_only,8,20,log_euclidean,0.01,0.0008600337780371027,4305.868145590334,1744.151931467012,1911.9361588758024,955.9680794379104,473.9873112917556,0.00018233189192743188,0.00018232100393076388,8.354276246139597e-07,3.7332811336307574,0.15025757472998205,0.2159040306040301
2016-06-13,2255,ledoit_wolf,select,pca_only,8,20,log_euclidean,0.01,0.0010693231187903591,8962.97120431327,3148.2874202897556,295.33211844563886,147.66605922281926,-273.75075700603236,0.000129211467777469,0.000129200579780801,1.3493473121799897e-05,1.241301045056962,0.03645238187255703,0.021530418211920272
2016-06-13,2255,oas,select,pca_only,8,20,log_euclidean,0.01,0.000982203828262472,7874.4804195257275,2406.462507307583,272.7341312573536,136.3670656286762,-286.3866276026716,0.00011442449605807376,0.00011441360806140574,1.1404454044595405e-05,2.0007275405850886,0.07302653083395756,0.06025511883496383
2016-06-13,2255,shrink,select,pca_only,8,20,log_euclidean,0.01,0.0010388563112361858,7279.758160258573,2214.7122259958383,288.17769733688834,144.08884866844406,-280.46586648918503,9.479417739688282e-05,9.47832894002148e-05,6.9424376926169286e-06,2.267805571386975,0.2902481083302588,0.15688122908738159
2016-06-13,2255,persistence,select,pca_only,8,20,log_euclidean,0.01,0.0008967667088816352,3131.346766499712,1694.0935580895073,5077.579641902168,2538.7898209511027,2010.6733031459576,0.0001802057310769037,0.0001801948430802357,3.2058096686019874e-07,2.8952160126351654,0.09894102602368682,0.11860805479074404
2016-06-20,2260,similarity,select,pca_only,8,20,log_euclidean,0.01,0.0011129836358852259,1725.4993123480065,2933.8857963176547,60948.57501566294,30474.287507831476,28702.603498377364,4.602210564494734e-05,4.6012444072675624e-05,5.988074942507076e-08,3.5206758602480894,0.1790164606099565,0.23336392608005013
2016-06-20,2260,rolling,select,pca_only,8,20,log_euclidean,0.01,0.0010054011436244847,4544.202437577107,2102.9275903318094,1470.7093750687511,735.354687534375,275.11843638835813,0.00012921821718397987,0.00012920855561170816,1.1697444238002313e-06,3.688619689173817,0.16038536325883057,0.22725781824749655
2016-06-20,2260,ewma,select,pca_only,8,20,log_euclidean,0.01,0.0009137979481626925,4317.806604974875,2020.0721144905015,2210.3238348960167,1105.1619174480165,621.7066764044737,0.00013754553514718477,0.00013753587357491305,7.461331320507689e-07,3.6783059118792503,0.1607818879533468,0.22271509829533254
2016-06-20,2260,ledoit_wolf,select,pca_only,8,20,log_euclidean,0.01,0.0010889883573023701,8932.323701264992,3374.274531731152,297.2843945008072,148.6421972504037,-273.1351178339609,0.000132218023706108,0.0001322083621338363,1.1621940150771694e-05,1.1527755936886963,0.03531289868759267,0.019178525775792522
2016-06-20,2260,oas,select,pca_only,8,20,log_euclidean,0.01,0.0010139132405978454,7792.999977123534,2633.5132369004673,276.51935503597326,138.25967751798657,-284.7796888355527,0.0001139703532170064,0.00011396069164473469,1.00288040697333e-05,1.9018059690003226,0.05990558462713184,0.053978712083802685
2016-06-20,2260,shrink,select,pca_only,8,20,log_euclidean,0.01,0.0010712108705738695,7196.984671660556,2451.2565929846555,291.0919937685057,145.54599688425276,-279.3283378196219,0.0001133524977425175,0.00011334283617024578,6.573366601532099e-06,2.1230457310253534,0.23679805510533908,0.13111673721166991
2016-06-20,2260,persistence,select,pca_only,8,20,log_euclidean,0.01,0.0009127692134149503,3113.996081639434,1750.2502627930771,5660.641582189714,2830.3207910948604,2283.189407678251,9.606205235705176e-05,9.605239078478005e-05,2.0436536207159308e-07,2.4929625208663873,0.06745650608774784,0.08935935030580915
2016-06-27,2265,similarity,select,pca_only,8,20,log_euclidean,0.01,0.00010471785562315056,1778.0769508774683,4602.773727263049,40573.14218743553,20286.57109371776,19815.392816420663,4.705274957712853e-05,4.704776443032075e-05,8.91462809157903e-08,3.6217351521002747,0.2156614082739461,0.23483505332994842
2016-06-27,2265,rolling,select,pca_only,8,20,log_euclidean,0.01,8.084237017617439e-05,4357.331469063303,590.0014824859841,1338.3204318422772,669.1602159211358,223.62405513530263,3.927612496975775e-05,3.927113982294997e-05,1.1423187872362603e-06,3.965850149932386,0.15182564811479862,0.259333129215883
2016-06-27,2265,ewma,select,pca_only,8,20,log_euclidean,0.01,0.0002235522275594353,4127.57716368639,669.2521529468183,1280.101870270445,640.0509351352225,194.51705729015842,4.038161073580255e-05,4.037662558899477e-05,1.1424967462917945e-06,3.8423359750969612,0.1433959085392311,0.24353000370097602
2016-06-27,2265,ledoit_wolf,select,pca_only,8,20,log_euclidean,0.01,5.946734347823389e-05,8051.535998780203,895.291627131826,301.471827630303,150.73591381515146,-293.8534901904808,3.6011503432607604e-05,3.6006518285799824e-05,1.3623585997430217e-05,1.8267418723901092,0.06852959697021055,0.05217481992803774
2016-06-27,2265,oas,select,pca_only,8,20,log_euclidean,0.01,6.228740243555756e-05,7406.327437883888,686.9598477769467,298.8065658313086,149.40328291565368,-295.2712151251188,3.551664914724879e-05,3.551166400044101e-05,1.0295775563197913e-05,2.2889086973902137,0.08945839653659703,0.08218255760754654
2016-06-27,2265,shrink,select,pca_only,8,20,log_euclidean,0.01,6.73863488050486e-05,7286.305358041311,701.3068356149095,292.0677608037444,146.03388040187207,-299.42062205738665,3.704603254986255e-05,3.704104740305477e-05,8.781341452038088e-06,2.2242939421875825,0.2549522867361532,0.14066628048087165
2016-06-27,2265,persistence,select,pca_only,8,20,log_euclidean,0.01,0.0002766389276266769,2978.8474086583337,829.5566995083517,2535.0796716882605,1267.5398358441337,817.373172876153,3.2555236966226226e-05,3.2550251819418445e-05,4.059764889085118e-07,2.3874951013048284,0.09920641402171129,0.09817463506018376
2016-07-05,2270,similarity,select,pca_only,8,20,log_euclidean,0.01,8.826155612506604e-05,1861.1833266520384,6434.197237760482,38235.90811952581,19117.954059762902,18653.097080040774,6.446269885041431e-05,6.446051126306272e-05,4.5638116518063984e-08,2.3875176131350084,0.09355158851535092,0.10367957824304258
2016-07-05,2270,rolling,select,pca_only,8,20,log_euclidean,0.01,0.0001711339191574421,4296.372398658461,893.9380836126488,1479.2582829930282,739.6291414965092,312.6211612580437,5.34193256901161e-05,5.34171381027645e-05,1.3111267355312658e-06,4.192474993266067,0.14978808040828376,0.2844946400153942
2016-07-05,2270,ewma,select,pca_only,8,20,log_euclidean,0.01,0.0005742282806607167,4107.1257354228455,1546.1411887620752,1381.1365533385656,690.5682766692811,259.9847982101559,5.54271679495007e-05,5.5424980362149097e-05,1.4603709035078742e-06,4.128855578649639,0.14567246554805396,0.2731151644463455
2016-07-05,2270,ledoit_wolf,select,pca_only,8,20,log_euclidean,0.01,9.769631337701773e-05,7684.291784804319,592.49496583939,306.755469474268,153.3777347371337,-287.49181031525376,2.9926999691891515e-05,2.9924812104539917e-05,1.43550888275765e-05,2.331893483867991,0.08247086759751775,0.0842849455184605
2016-07-05,2270,oas,select,pca_only,8,20,log_euclidean,0.01,0.00012160486264600127,7164.831478094155,655.2397757966337,323.31705462172556,161.65852731086255,-278.8656513270854,3.666866323880427e-05,3.666647565145267e-05,1.0627224789662177e-05,2.7611088615040975,0.10158660789459562,0.12030450712734794
2016-07-05,2270,shrink,select,pca_only,8,20,log_euclidean,0.01,9.57899301008852e-05,7408.045622528676,609.7124854486735,295.11318231017077,147.55659115508507,-294.22871285931035,2.3512881627730376e-05,2.3510694040378778e-05,1.099330052703287e-05,2.3892274956736714,0.2359724058714344,0.14395534332287327
2016-07-05,2270,persistence,select,pca_only,8,20,log_euclidean,0.01,0.0007175688198371366,3126.383335054734,1854.1537852647784,2828.584176332999,1414.2920881664927,972.6434393267871,4.256036808745902e-05,4.2558180500107416e-05,4.665843941189471e-07,2.4071899796850746,0.07624088853650113,0.09531012376792508
2016-07-12,2275,similarity,select,pca_only,8,20,log_euclidean,0.01,7.640093095216525e-05,1882.7659047929906,7407.6694537113135,68531.1375741877,34265.56878709385,33656.53260372365,9.73929853491297e-05,9.739236565199016e-05,4.617231541253286e-08,3.4496130339381077,0.18899055756208732,0.1901926213124173
2016-07-12,2275,rolling,select,pca_only,8,20,log_euclidean,0.01,0.00023192802690678326,4435.937967983314,1435.0405721536358,1805.9741576464578,902.9870788232287,468.4798750515806,6.427451040021117e-05,6.427389070307163e-05,1.5204090289728963e-06,4.561644784136226,0.18919299733079328,0.36397047250177295
2016-07-12,2275,ewma,select,pca_only,8,20,log_euclidean,0.01,0.0005089079608421154,4231.722796524804,2145.840953523574,1721.3610097510461,860.6805048755328,426.1857219872601,6.864340450213114e-05,6.864278480499161e-05,1.6509394391202124e-06,4.675115425125031,0.19165046776416733,0.3602148606116169
2016-07-12,2275,ledoit_wolf,select,pca_only,8,20,log_euclidean,0.01,0.00014882603071296436,7381.417585623185,898.2057574402345,328.6531448096896,164.32657240484463,-279.9506118334547,2.6422348439679032e-05,2.64217287425395e-05,1.403420284462833e-05,2.537677844466556,0.10139807906644015,0.10820467583267587
2016-07-12,2275,oas,select,pca_only,8,20,log_euclidean,0.01,0.00017525076956683385,6944.332844493849,1053.3532342850413,363.5450089183251,181.77250445916226,-262.1724962384495,3.490028878475469e-05,3.489966908761516e-05,1.0734005247890304e-05,3.0216865787685734,0.12518728402991267,0.1528052855239223
2016-07-12,2275,shrink,select,pca_only,8,20,log_euclidean,0.01,0.0001228979421422034,7398.8392068612275,855.1925638911026,310.89831972339687,155.44915986169835,-289.86252202774386,1.9887994246586514e-05,1.9887374549446984e-05,1.1990554705100282e-05,2.436257375989902,0.26726825795139436,0.16832788788898478
2016-07-12,2275,persistence,select,pca_only,8,20,log_euclidean,0.01,0.0010116123659326419,3132.550211160243,2693.089649406009,2806.640959079194,1403.3204795395918,957.6294575415584,3.6404859919913094e-05,3.6404240222773564e-05,6.137168395455164e-07,2.7632622030654375,0.09049974845825481,0.11976263244298664
2016-07-19,2280,similarity,select,pca_only,8,20,log_euclidean,0.01,0.00010117256620221349,1895.5718368056937,7536.618066143472,57778.55445588973,28889.277227944847,28483.29649940361,8.536495897287647e-05,8.53635507344089e-05,5.406540066688348e-08,3.1256885517435196,0.14191677466259567,0.16955931075419492
2016-07-19,2280,rolling,select,pca_only,8,20,log_euclidean,0.01,0.00021218796081814303,4308.3797871760235,1342.4747082286585,1880.3318712251626,940.1659356125812,516.9421583022491,8.816852612653649e-05,8.816711788806892e-05,1.5604872648016458e-06,4.829827677480211,0.20190933312348372,0.3935907805783781
2016-07-19,2280,ewma,select,pca_only,8,20,log_euclidean,0.01,0.00033590387282582087,4105.402572045415,1696.1152564840477,1882.8004061037625,941.4002030518851,518.3418976654584,9.507538821783511e-05,9.507397997936754e-05,1.5576552455228623e-06,4.778678854903344,0.21732909458330016,0.3733674514382344
2016-07-19,2280,ledoit_wolf,select,pca_only,8,20,log_euclidean,0.01,0.00013966468008252308,7299.890610823309,810.9112315415946,320.46849129425306,160.23424564712647,-278.9270148646684,3.10488337543809e-05,3.1047425515913327e-05,1.4148052033587004e-05,2.4931485585176705,0.11218405598866635,0.10643388412144034
2016-07-19,2280,oas,select,pca_only,8,20,log_euclidean,0.01,0.0001661786190100341,6770.755322336082,990.2298547257442,367.61972135365056,183.80986067682466,-254.52356664339118,4.6882406224359756e-05,4.688099798589218e-05,1.0326716200868745e-05,3.0909308702800122,0.14355165154112734,0.16422604815900355
2016-07-19,2280,shrink,select,pca_only,8,20,log_euclidean,0.01,0.00011979397658814856,7271.468057955848,780.7068388893945,302.2868973675691,151.14344868378467,-289.182179288961,1.8068158312918968e-05,1.8066750074451392e-05,1.1421514955494443e-05,2.4787015099044947,0.2770152007040765,0.1907690733876209
2016-07-19,2280,persistence,select,pca_only,8,20,log_euclidean,0.01,0.000977353356069458,3141.706431698375,2608.245558637442,3073.0707614283497,1536.5353807141632,1091.2640922953278,3.758249410440312e-05,3.758108586593554e-05,5.881459971918014e-07,2.82841934350475,0.09285887217739708,0.11597607873172108
2016-07-26,2285,similarity,select,pca_only,8,20,log_euclidean,0.01,0.0001011087275263949,1902.7915874228293,7595.530560207977,71004.72835752138,35502.3641787607,34805.53293117344,5.7246352445368646e-05,5.724495549566711e-05,7.195774596824513e-08,3.653021943492905,0.2360292407980749,0.2494590499473512
2016-07-26,2285,rolling,select,pca_only,8,20,log_euclidean,0.01,0.00022109796529242787,4460.3456360425,1531.691520079716,2215.676024788188,1107.8380123940829,674.7188052397587,0.00011279937074976138,0.00011279797380005983,1.3815072308499378e-06,4.589683300167905,0.22582774052013496,0.3692610619132585
2016-07-26,2285,ewma,select,pca_only,8,20,log_euclidean,0.01,0.00022172105843633078,4261.05507871672,1610.2988178946655,2326.7924106213923,1163.396205310698,728.2722326154151,0.00010818542483051771,0.00010818402788081617,1.3568149918157193e-06,4.569560122346062,0.22024620882899673,0.35546519474441374
2016-07-26,2285,ledoit_wolf,select,pca_only,8,20,log_euclidean,0.01,0.00014789702328416057,7313.09959991079,930.7054214298099,342.95851297300965,171.47925648650528,-268.94620026434495,3.653360915908721e-05,3.653221220938567e-05,1.3592766487708201e-05,2.49159609463728,0.11272388354650029,0.10670569322547019
2016-07-26,2285,oas,select,pca_only,8,20,log_euclidean,0.01,0.00017590692176366,6772.385802705257,1147.2614802010207,409.7116084445115,204.85580422225573,-235.29887905601353,5.669616108956119e-05,5.6694764139859654e-05,9.639174470596694e-06,3.0923281478853206,0.15099406617987812,0.1689161378066414
2016-07-26,2285,shrink,select,pca_only,8,20,log_euclidean,0.01,0.00013038934999018613,7262.041501696106,897.9896550921725,323.10733384697267,161.5536669234865,-279.8140881373446,2.4686679523595535e-05,2.4685282573893993e-05,1.137722817951763e-05,2.4801517310538874,0.23631762983975768,0.1762361445498834
2016-07-26,2285,persistence,select,pca_only,8,20,log_euclidean,0.01,0.00013401749158266097,3265.7959261235865,1423.7947102857197,5813.958162933547,2906.9790814667704,2438.022802652009,3.788614433445193e-05,3.788474738475039e-05,3.4840643671822366e-07,2.8455616144267557,0.10520253439439409,0.12498021235875023
2016-08-02,2290,similarity,select,pca_only,8,20,log_euclidean,0.01,4.9954036081598006e-05,1801.820128911195,7268.2758773137,43566.1539314362,21783.076965718115,21583.91723538235,9.893171937616239e-05,9.89305709688296e-05,7.332955330701188e-08,3.525831076397892,0.14374112034435804,0.21351289201262053
2016-08-02,2290,rolling,select,pca_only,8,20,log_euclidean,0.01,0.0002103849572043343,4385.006434747186,1270.580345195588,1758.0528863762675,879.0264431881276,418.09459726523556,5.3886300212880094e-05,5.3885151805547316e-05,1.2799282903499501e-06,4.549102998982444,0.1693200166407382,0.3353437529445078
2016-08-02,2290,ewma,select,pca_only,8,20,log_euclidean,0.01,0.00014419370679391835,4192.114683219292,1050.3937015571476,1848.1511120080509,924.0755560040297,460.4930427053382,5.2107970177118134e-05,5.2106821769785356e-05,1.2378117340492012e-06,4.281199617395061,0.16055856465889848,0.3128762149812728
2016-08-02,2290,ledoit_wolf,select,pca_only,8,20,log_euclidean,0.01,0.00012931150020202467,7282.1423821805,787.5340565061189,332.670660577292,166.33533028864628,-288.6874619429576,3.3077523963534664e-05,3.3076375556201887e-05,1.0500966021622236e-05,2.118186076979612,0.08283905577153883,0.07720411654320518
2016-08-02,2290,oas,select,pca_only,8,20,log_euclidean,0.01,0.00016105151947132674,6732.439603311283,958.979714149572,377.0391508882177,188.51957544410936,-266.84742463778156,3.6519530028311545e-05,3.651838162097877e-05,7.729213312878119e-06,2.744345112687504,0.10756129833992222,0.12445381681384891
2016-08-02,2290,shrink,select,pca_only,8,20,log_euclidean,0.01,0.00011069591652783892,7188.842717706933,746.4421484886552,322.6541993760685,161.32709968803442,-294.44252918814215,2.374079207622154e-05,2.3739643668888762e-05,7.043387709282708e-06,2.17938442140822,0.3112093738887423,0.19311462899344034
2016-08-02,2290,persistence,select,pca_only,8,20,log_euclidean,0.01,9.575951091578355e-05,3199.1369764644187,1024.5018226013385,3989.47377697281,1994.7368884864018,1526.0801184253644,2.2063436733105116e-05,2.206228832577234e-05,1.850086714490366e-07,2.011900977437338,0.06967851012859788,0.0628438403482621
2016-08-09,2295,similarity,select,pca_only,8,20,log_euclidean,0.01,5.3932439663364585e-05,1862.3046203068998,7403.6362050268835,34951.399419010806,17475.699709505385,16669.863179660788,6.134170142220037e-05,6.134089137710942e-05,7.161833621606181e-08,3.186549834050553,0.13518523559171516,0.16244384031956222
2016-08-09,2295,rolling,select,pca_only,8,20,log_euclidean,0.01,0.00024057801642394944,4430.559065561995,1513.2576672979792,1821.435804526385,910.7179022631964,433.37145167959005,3.0774641611154316e-05,3.077383156606336e-05,1.0563545047594524e-06,3.987211921635807,0.16911785993145528,0.2765671844323335
2016-08-09,2295,ewma,select,pca_only,8,20,log_euclidean,0.01,0.00014688855541990968,4245.7133085805435,1218.0229868538775,1990.7404476020401,995.3702238010192,511.623259657219,3.3330777398736294e-05,3.332996735364534e-05,9.516310585815135e-07,3.7076705683349256,0.15206628472260306,0.24918537832162777
2016-08-09,2295,ledoit_wolf,select,pca_only,8,20,log_euclidean,0.01,0.0001539349106883238,7269.815744512673,993.1510232839131,337.4571008519544,168.728550425977,-287.21593439253553,3.257491465592925e-05,3.257410461083829e-05,9.613315584847017e-06,2.157054825574476,0.0811550416566845,0.07995286900857913
2016-08-09,2295,oas,select,pca_only,8,20,log_euclidean,0.01,0.00018632233587134581,6758.4830628294185,1176.159456776915,383.1609956270057,191.5804978135028,-265.4615774519657,3.2323799661433054e-05,3.23229896163421e-05,6.945517706650601e-06,2.628469288870547,0.1020959675890879,0.1197393966207175
2016-08-09,2295,shrink,select,pca_only,8,20,log_euclidean,0.01,0.0001294599624025094,7207.515681591207,900.2997414740157,332.26931056927253,166.1346552846361,-290.3023954655145,2.5978224918200425e-05,2.597741487310947e-05,6.5058069436740205e-06,2.1559037175640983,0.30310847139203195,0.18527369614334702
2016-08-09,2295,persistence,select,pca_only,8,20,log_euclidean,0.01,8.836345459287392e-05,3346.6622301238885,1158.5694740196848,4794.609179591549,2397.304589795797,1877.9221125162524,2.5750796660668182e-05,2.5749986615577228e-05,7.836634980545687e-08,1.4438462287598832,0.04272819762384139,0.02894398153386744
2016-08-16,2300,similarity,select,pca_only,8,20,log_euclidean,0.01,9.778663845318384e-05,1856.220388715935,3844.555535161295,59351.94693717074,29675.973468585362,28270.510979315877,0.00010527435331748219,0.00010527117548433797,6.037178440537447e-08,3.7659155352935105,0.16651783722844032,0.23317820590654112
2016-08-16,2300,rolling,select,pca_only,8,20,log_euclidean,0.01,0.00020465742353819482,4409.494837086641,1021.2386399252712,1885.165756945402,942.5828784727084,464.9662327576551,4.75148311398296e-05,4.751165330668539e-05,1.0602601390283368e-06,3.972408448956035,0.17565911456686922,0.2675699960364471
2016-08-16,2300,ewma,select,pca_only,8,20,log_euclidean,0.01,0.00014275149308985878,4209.017258310498,1190.0051515933935,2125.1651960016857,1062.5825980008444,580.7445057589227,4.5749765436997794e-05,4.574658760385358e-05,9.277941378651053e-07,3.702037469411129,0.15726955467190865,0.24857715284929016
2016-08-16,2300,ledoit_wolf,select,pca_only,8,20,log_euclidean,0.01,0.00013750260083462623,7289.517413973858,1033.1359512098104,330.1548393535056,165.0774196767527,-281.14541166210626,7.220726352143062e-05,7.220408568828641e-05,9.4532693686043e-06,2.092775827512275,0.08189821713387,0.07745863877658808
2016-08-16,2300,oas,select,pca_only,8,20,log_euclidean,0.01,0.0001608815657863011,6797.131084432912,1006.68174231789,377.00976778299264,188.5048838914962,-259.17346250342405,6.491002492270978e-05,6.490684708956557e-05,6.940701561178462e-06,2.550085299171109,0.10506256569913454,0.11295290276563681
2016-08-16,2300,shrink,select,pca_only,8,20,log_euclidean,0.01,0.00012030149449734879,7219.973012156211,939.1054479893928,332.73454216150924,166.36727108075445,-280.6437731684747,6.172551691195342e-05,6.172233907880921e-05,6.2621601209989705e-06,2.156705908449288,0.2931271022464707,0.18199397037298523
2016-08-16,2300,persistence,select,pca_only,8,20,log_euclidean,0.01,0.00015185995928407574,3238.111958943081,1696.352616656086,4661.981529318351,2330.9907646591696,1819.3318228399335,7.311647946681596e-05,7.311330163367175e-05,1.3295500556895175e-07,1.700827673807126,0.053482507258636076,0.04442245942558794
2016-08-23,2305,similarity,select,pca_only,8,20,log_euclidean,0.01,0.00011293612895919692,1787.536467064655,3095.1754810300085,39698.99183911519,19849.495919557583,19065.577700070287,7.448531448113038e-05,7.448114622829195e-05,7.44981347722109e-08,3.5905525204983517,0.1559599128412248,0.21538365909342028
2016-08-23,2305,rolling,select,pca_only,8,20,log_euclidean,0.01,0.00018490665549943385,4345.969198919217,1118.0262783133717,1594.608694394709,797.3043471973511,323.6090360497199,4.909622306557468e-05,4.909205481273625e-05,1.004257466278002e-06,4.071349627823952,0.16224135727018613,0.26379103415359384
2016-08-23,2305,ewma,select,pca_only,8,20,log_euclidean,0.01,0.00012792727023470707,4168.441293627511,1407.9721160963654,1910.2264562184819,955.1132281092465,478.4758990104174,4.926898037296841e-05,4.926481212012998e-05,8.011849621796271e-07,3.823305407232923,0.15661468801498493,0.2378480686868999
2016-08-23,2305,ledoit_wolf,select,pca_only,8,20,log_euclidean,0.01,0.00012791398677571383,7331.306342314645,1262.5044376021033,311.0589644847897,155.52948224239447,-293.1643264683172,7.369873854026838e-05,7.369457028742995e-05,9.930123742216125e-06,2.109087053656013,0.07489227632822147,0.07573676851465806
2016-08-23,2305,oas,select,pca_only,8,20,log_euclidean,0.01,0.00014878930652658016,6782.173010563508,1177.298856552336,343.5909892912996,171.79549464564985,-278.0014486805719,6.335674988051102e-05,6.335258162767259e-05,7.06922165670124e-06,2.6514404349264185,0.09854576516998914,0.11656935900634877
2016-08-23,2305,shrink,select,pca_only,8,20,log_euclidean,0.01,0.00011942591355665897,7188.337774805708,1164.4786219208856,312.52668640270934,156.26334320135433,-293.03443351770085,6.70254890136218e-05,6.702132076078337e-05,7.1970871980096964e-06,2.2101722309431118,0.18270662719867287,0.13568648856351567
2016-08-23,2305,persistence,select,pca_only,8,20,log_euclidean,0.01,0.0001751503912264173,3288.99087087557,2227.7176932722004,4488.08410391355,2244.0420519567697,1767.845376992697,9.312931962747205e-05,9.312515137463363e-05,1.2116025125304828e-07,1.6682655781809586,0.05188237020615508,0.040822053956596424
2016-08-30,2310,similarity,select,pca_only,8,20,log_euclidean,0.01,0.00013714915804899065,1826.78881474729,3088.246893842486,61879.446170681374,30939.723085340687,30383.172163612187,5.160785660689827e-05,5.160142729324669e-05,4.5957349012759845e-08,3.715490326088069,0.18819222609655908,0.2534531484311443
2016-08-30,2310,rolling,select,pca_only,8,20,log_euclidean,0.01,0.0001700352792383412,4471.651268733323,1008.5810465721925,1752.8663049483687,876.4331524741784,410.06687144513523,5.5721203518989656e-05,5.571477420533808e-05,1.2218829966827122e-06,4.455965987778655,0.16007312198433812,0.318640659765334
2016-08-30,2310,ewma,select,pca_only,8,20,log_euclidean,0.01,0.00011294459416304789,4268.8847675883235,1240.3349714659148,2334.1417310030224,1167.07086550151,695.5932950357196,6.194858029946484e-05,6.194215098581326e-05,8.597656121791456e-07,4.223544037295744,0.1549099672571074,0.2922459485776172
2016-08-30,2310,ledoit_wolf,select,pca_only,8,20,log_euclidean,0.01,0.00011984350029686359,7363.959543796696,1161.7571725507444,309.94554272768005,154.97277136383968,-290.47825688260014,6.11383808245118e-05,6.113195151086022e-05,1.0969231788759215e-05,2.159275721842209,0.0784785621976275,0.0775685977192352
2016-08-30,2310,oas,select,pca_only,8,20,log_euclidean,0.01,0.00013848146861844535,6796.182150294513,1068.0695608564074,350.336656192458,175.16832809622878,-271.0935769693853,5.449107562094146e-05,5.448464630728988e-05,7.904885715336404e-06,2.7597091602738444,0.10138718988304977,0.12475692163486574
2016-08-30,2310,shrink,select,pca_only,8,20,log_euclidean,0.01,0.0001140455371734243,7204.631970502751,1059.4593343805802,312.0373782513823,156.01868912569074,-289.7689783582659,6.684166698084083e-05,6.683523766718925e-05,8.055538543875275e-06,2.1953468684165904,0.1985460496639105,0.14677886529317524
2016-08-30,2310,persistence,select,pca_only,8,20,log_euclidean,0.01,0.00014093162430710168,3212.39640149439,1799.9794865957906,5956.756197064996,2978.3780985324765,2517.3555972079644,8.149128531659539e-05,8.148485600294381e-05,1.0795410856419841e-07,1.7798660113720448,0.057197241240314924,0.04867637303290471
2016-09-07,2315,similarity,select,pca_only,8,20,log_euclidean,0.01,0.00012810930749678276,1824.9256335371583,2879.1326349729534,34296.619984123405,17148.309992061713,16525.8110629754,7.339948769824792e-05,7.339260072050802e-05,8.224197917632605e-08,3.415291155627081,0.13335023415270755,0.189021648016808
2016-09-07,2315,rolling,select,pca_only,8,20,log_euclidean,0.01,0.00012052357385663643,4514.725060739854,1251.3564759243002,2134.00281866387,1067.0014093319298,600.0362579063012,5.3218523620109726e-05,5.321163664236983e-05,8.399261823769788e-07,3.7798066835815427,0.17784529349549613,0.2658945368395292
2016-09-07,2315,ewma,select,pca_only,8,20,log_euclidean,0.01,0.00012519551783689783,4328.414793561947,1585.5299242411456,2741.6690532966463,1370.8345266483157,900.0052698671868,5.979678281577431e-05,5.978989583803441e-05,6.29512620585342e-07,3.714076262087889,0.17665244375652467,0.24523635253995185
2016-09-07,2315,ledoit_wolf,select,pca_only,8,20,log_euclidean,0.01,0.00011177367458573896,7282.2049626377975,1542.5925635261685,314.56507870141445,157.28253935070677,-286.35588675629117,5.212677532008259e-05,5.211988834234269e-05,8.941722642251626e-06,1.9978401392041276,0.08761928069150518,0.07047458912368477
2016-09-07,2315,oas,select,pca_only,8,20,log_euclidean,0.01,0.00011271921035565445,6948.584051001873,1439.2494246119804,337.8945884643365,168.94729423216816,-275.1156287310879,4.862265381353263e-05,4.861576683579273e-05,7.398262440330377e-06,2.2868564427461617,0.10761928075545522,0.09520779657944176
2016-09-07,2315,shrink,select,pca_only,8,20,log_euclidean,0.01,0.00011435364841995267,7009.503586360037,1441.7102356440132,333.83350857806033,166.9167542890304,-276.99692757265785,5.4358459138563944e-05,5.4351572160824045e-05,6.95402176853605e-06,2.081667067440693,0.15544708709734445,0.11701880363465635
2016-09-07,2315,persistence,select,pca_only,8,20,log_euclidean,0.01,0.00015998986959671633,3297.9138313764543,2081.474871051558,6299.600901086452,3149.8004505432373,2663.9874488010764,7.757276025931935e-05,7.756587328157945e-05,8.50852449102842e-08,1.6392033491054518,0.05554544961323816,0.038024110403343477
2016-09-14,2320,similarity,select,pca_only,8,20,log_euclidean,0.01,8.632435375417788e-05,1847.113772440919,4702.192884110176,58366.92694579963,29183.463472899803,28112.274519708997,7.246541626329577e-05,7.246298237996962e-05,6.792225266386527e-08,3.924390135509818,0.1878941269802216,0.25405160484551453
2016-09-14,2320,rolling,select,pca_only,8,20,log_euclidean,0.01,8.86443335221906e-05,4459.321859331446,719.4978829838687,2392.185199801233,1196.0925999006158,723.8586824798518,5.626055495211958e-05,5.625812106879343e-05,6.260045595171961e-07,3.4257549077922147,0.12661372370979732,0.21082690417250377
2016-09-14,2320,ewma,select,pca_only,8,20,log_euclidean,0.01,0.00011616083068197718,4270.80046988272,804.8810387638136,2261.0993447419255,1130.549672370967,661.090672665763,5.024075658866952e-05,5.023832270534337e-05,6.785545692866392e-07,3.350011980578243,0.12394099459792436,0.2039582632350646
2016-09-14,2320,ledoit_wolf,select,pca_only,8,20,log_euclidean,0.01,7.482132074003389e-05,7360.6937521079235,825.3595567344339,328.40660223996156,164.20330111998027,-284.4454885590808,3.81038762752414e-05,3.810144239191525e-05,9.123697966321145e-06,2.176543790838859,0.07560391524564643,0.075644302190485
2016-09-14,2320,oas,select,pca_only,8,20,log_euclidean,0.01,7.650379979021106e-05,7146.772635977517,783.2533237206898,340.89863603263194,170.44931801631589,-278.46346658901894,3.973208570190079e-05,3.972965181857464e-05,7.967549274563065e-06,2.334361501331672,0.08493813617014168,0.08933140074490192
2016-09-14,2320,shrink,select,pca_only,8,20,log_euclidean,0.01,7.692771995045452e-05,6937.073893852943,734.1507847930264,339.2758641134448,169.6379320567222,-279.951993260357,4.529086994760817e-05,4.528843606428202e-05,6.626386729868869e-06,2.386121650857661,0.20583142095634446,0.1407286238042255
2016-09-14,2320,persistence,select,pca_only,8,20,log_euclidean,0.01,0.00010903662382897225,3230.9766998328623,925.199343214811,4928.052990419036,2464.026495209527,1970.1868031150432,7.67345292288338e-05,7.673209534550765e-05,2.965458044561197e-07,2.5372290780770967,0.08178464045013195,0.10546536130357413
2016-09-21,2325,similarity,select,pca_only,8,20,log_euclidean,0.01,7.995315661220504e-05,1809.6162791233403,5481.449366432837,49247.162711207944,24623.581355603998,23575.821754609442,5.494200952065377e-05,5.4940202826670694e-05,5.7840432948962006e-08,3.093455272243025,0.1355038790429133,0.16444177244941766
2016-09-21,2325,rolling,select,pca_only,8,20,log_euclidean,0.01,8.233427209661205e-05,4405.532295835121,668.6764222002646,2597.3658308737636,1298.6829154368786,830.9621874871991,3.826292573032752e-05,3.826111903634444e-05,6.124416116430936e-07,3.4168115775463868,0.12585282509032808,0.21718739017189423
2016-09-21,2325,ewma,select,pca_only,8,20,log_euclidean,0.01,9.256045408821781e-05,4240.6151768819445,822.6265855628687,2783.7580330927003,1391.879016546351,920.3503765630128,3.990474024408696e-05,3.990293355010388e-05,5.998118485032512e-07,3.403057743234209,0.13055189461196087,0.22216401991757834
2016-09-21,2325,ledoit_wolf,select,pca_only,8,20,log_euclidean,0.01,7.13489888430726e-05,7460.344617890138,737.5231236343784,326.3355651646207,163.1677825823104,-284.4260412052315,2.507519961873975e-05,2.5073392924756675e-05,9.624734567189302e-06,2.007233983494618,0.06595135702239345,0.06352016113043704
2016-09-21,2325,oas,select,pca_only,8,20,log_euclidean,0.01,7.259817314428512e-05,7195.7279042229675,689.9623354542591,339.3572131843358,169.67860659216797,-278.1683713916231,2.6839708303995668e-05,2.6837901610012592e-05,8.399757051827149e-06,2.229550983907401,0.07836478854988277,0.08126250562341276
2016-09-21,2325,shrink,select,pca_only,8,20,log_euclidean,0.01,7.364812547805909e-05,6851.641254867282,646.4275803038195,352.3542150953382,176.17710754766955,-272.56318299357815,3.533699612426347e-05,3.533518943028039e-05,6.305938587974677e-06,2.386406272126732,0.14658429883577825,0.13643110614832882
2016-09-21,2325,persistence,select,pca_only,8,20,log_euclidean,0.01,0.00012996233552179152,3225.5719522744994,1241.1199781167663,5524.272321088085,2762.1361605440484,2265.352021461435,6.348349552268806e-05,6.348168882870498e-05,3.6617490375633515e-07,3.0646464567250336,0.09459415439553946,0.136556738000539
2016-09-28,2330,similarity,select,pca_only,8,20,log_euclidean,0.01,8.276045063976249e-05,1857.784041907339,6424.166011339049,50162.90298977382,25081.451494886893,24551.89196927246,5.614630673100776e-05,5.614555489824382e-05,6.30950182475885e-08,2.9016522482842815,0.1502848699761214,0.1648784038694856
2016-09-28,2330,rolling,select,pca_only,8,20,log_euclidean,0.01,9.16553881352504e-05,4540.983394394631,745.8668766926153,3297.9235605811864,1648.961780290591,1168.8084927683144,6.049331170786457e-05,6.049255987510063e-05,8.487655417233574e-07,4.220422434959209,0.16829330266830111,0.3003784578472768
2016-09-28,2330,ewma,select,pca_only,8,20,log_euclidean,0.01,0.00010318766528739326,4377.4089290873935,1029.652803801007,3612.7080874652283,1806.3540437326133,1323.720808327839,6.519118385761343e-05,6.519043202484949e-05,8.06810992256105e-07,4.230926073513342,0.16092113946251013,0.3095919727367621
2016-09-28,2330,ledoit_wolf,select,pca_only,8,20,log_euclidean,0.01,7.748771813558964e-05,7419.460977188886,638.6757124149123,346.4044993857009,173.2022496928507,-270.21997013489573,2.2203420576051562e-05,2.2202668743287623e-05,1.1065411130704747e-05,2.1632105308888976,0.07936390201685213,0.07235178307677977
2016-09-28,2330,oas,select,pca_only,8,20,log_euclidean,0.01,7.934037080413158e-05,7199.165924967286,625.0042929396033,364.950606169327,182.4753030846639,-261.2969549991057,2.434732261918696e-05,2.434657078642302e-05,1.0002662315648442e-05,2.384412472255733,0.09287979007967789,0.09042628593061879
2016-09-28,2330,shrink,select,pca_only,8,20,log_euclidean,0.01,7.92005009595898e-05,6900.834081287621,620.0524461324783,380.75317581554293,190.37658790777203,-254.07038921431658,3.8824084389444725e-05,3.8823332556680786e-05,7.777366255174786e-06,2.608064901209784,0.18008602504442286,0.15335161886776372
2016-09-28,2330,persistence,select,pca_only,8,20,log_euclidean,0.01,0.0001593280042726966,3394.8989910655846,1465.324058314616,6245.023915736032,3122.511957868004,2657.036589770575,4.5717345880116726e-05,4.5716594047352786e-05,4.816652663240479e-07,3.2046550082904925,0.1406953868085816,0.1698291295212531
2016-10-05,2335,similarity,select,pca_only,8,20,log_euclidean,0.01,0.00013914411777220245,1972.793409830244,6972.59763585473,100412.98720961419,50206.49360480709,48996.03210787133,3.682479216474418e-05,3.682387994826177e-05,3.7450341951499493e-08,2.8912732527162612,0.14967712193140043,0.14960110632986096
2016-10-05,2335,rolling,select,pca_only,8,20,log_euclidean,0.01,0.00015580008523712383,4747.601560805066,845.6984277787392,5254.176260216116,2627.0881301080512,2160.3238849940817,7.254845981881987e-05,7.254754760233747e-05,1.0861913144418712e-06,4.683697724154599,0.18478990888378155,0.3737037778804701
2016-10-05,2335,ewma,select,pca_only,8,20,log_euclidean,0.01,0.0001681013882109213,4572.757103323317,1110.5276169518584,5537.714188942801,2768.8570944714183,2296.9929586753483,6.760760548686633e-05,6.760669327038392e-05,1.06087224472046e-06,4.7903922407480035,0.17776005818744048,0.37607620758691673
2016-10-05,2335,ledoit_wolf,select,pca_only,8,20,log_euclidean,0.01,0.00013638749029950542,7463.016232422737,575.7679306623181,412.8791401833706,206.4395700916856,-227.5877744147662,2.1942117322337732e-05,2.1941205105855323e-05,1.1591174017035002e-05,2.2445724967702376,0.06644289518685216,0.07365877737209962
2016-10-05,2335,oas,select,pca_only,8,20,log_euclidean,0.01,0.0001393111907531325,7255.965050480975,589.5000724525106,453.0219243392339,226.51096216961702,-207.91937395567066,2.3286714421878614e-05,2.3285802205396205e-05,1.0616567481934605e-05,2.4467332519544347,0.07701387100915878,0.09097754823323047
2016-10-05,2335,shrink,select,pca_only,8,20,log_euclidean,0.01,0.00013890413349557958,7016.503772473382,608.208288667855,561.2064375927666,280.60321879638343,-154.806587685669,2.025411773062897e-05,2.025320551414656e-05,9.44519669504351e-06,2.591974859357736,0.15299455677212806,0.1391185604314335
2016-10-05,2335,persistence,select,pca_only,8,20,log_euclidean,0.01,0.00023386304205015774,3591.393563305894,1859.9303364907305,8025.830932603933,4012.915466301969,3528.0010955098937,4.509959366533856e-05,4.5098681448856146e-05,5.360078146531998e-07,3.41970936167192,0.10830702614642151,0.18169282303748516
2016-10-12,2340,similarity,select,pca_only,8,20,log_euclidean,0.01,0.00018074906779848638,2056.8197033699726,6265.179395657324,80815.62313109761,40407.811565548815,39390.29046948988,0.00015277028948596088,0.00015276768369394239,8.071174827306503e-08,3.3310511698876963,0.19776475335829094,0.19911225720312173
2016-10-12,2340,rolling,select,pca_only,8,20,log_euclidean,0.01,0.00018004739841877664,4814.612670421644,891.1833300880323,5548.228753175129,2774.114376587556,2331.3800424107567,9.778178749249651e-05,9.777918170047803e-05,1.0259964844355477e-06,4.517286034117166,0.1673334225515167,0.3470033100410263
2016-10-12,2340,ewma,select,pca_only,8,20,log_euclidean,0.01,0.00022861365574071505,4624.590019293574,1022.7518803220003,5166.190662528146,2583.0953312640813,2144.0413331391387,8.775244059709049e-05,8.774983480507201e-05,1.1118570511046112e-06,4.544994593594197,0.16303951024635538,0.33634118615509323
2016-10-12,2340,ledoit_wolf,select,pca_only,8,20,log_euclidean,0.01,0.0001697737361042785,7502.676221600219,688.4806010042485,414.59543659835253,207.29771829917627,-217.6903158427969,6.021813305483484e-05,6.021552726281636e-05,1.1623954053251725e-05,2.2231632504425756,0.06755333397147405,0.07372002068531447
2016-10-12,2340,oas,select,pca_only,8,20,log_euclidean,0.01,0.00017106948364873796,7212.082151393071,683.561428914249,478.3338544679941,239.16692723399746,-186.21596959598781,6.321275028599547e-05,6.321014449397699e-05,1.01355979543146e-05,2.4934366493430113,0.08539702236275823,0.09788213049459016
2016-10-12,2340,shrink,select,pca_only,8,20,log_euclidean,0.01,0.00017270881253445025,6997.990647895573,692.2232501596593,588.1803569837274,294.0901784918639,-132.2482703728082,6.599565616888924e-05,6.599305037687076e-05,9.402546955917126e-06,2.6937309773600733,0.15399881570187723,0.14591897623311714
2016-10-12,2340,persistence,select,pca_only,8,20,log_euclidean,0.01,0.00022406072531566294,3583.2100694618894,1134.1492877776657,9963.35459186001,4981.677295930015,4480.831740900658,9.326520939985688e-05,9.32626036078384e-05,2.1587709248312574e-07,2.3653295077382537,0.06711781315302065,0.0830012388711199
2016-10-19,2345,similarity,select,pca_only,8,20,log_euclidean,0.01,0.0003800639420033071,2149.687813416802,7595.37443238722,139655.74502590823,69827.87251295411,68938.16912197077,0.0004041921014873751,0.00040418960453988576,6.968572636795161e-08,3.5601618688411514,0.12813091742355165,0.22746930848876612
2016-10-19,2345,rolling,select,pca_only,8,20,log_euclidean,0.01,0.0003570016193406353,4765.957943257386,1156.2990318616535,7090.50487511033,3545.2524375551548,3130.871432999436,0.00010002895349183982,0.00010002645654435048,9.083094370466685e-07,4.583847790974446,0.13410453514328133,0.32593923608776276
2016-10-19,2345,ewma,select,pca_only,8,20,log_euclidean,0.01,0.00038802599143085507,4596.321217144261,1186.8621286097,6941.419517256525,3470.709758628268,3053.31220239106,9.212469186282585e-05,9.212219491533651e-05,9.185845952117776e-07,4.4289761971381765,0.13558158180572263,0.3044087739184392
2016-10-19,2345,ledoit_wolf,select,pca_only,8,20,log_euclidean,0.01,0.00035167996280364175,7497.4366534212995,787.6724045630431,470.61133820113594,235.30566910056825,-172.80510184298728,5.5608686288432835e-05,5.5606189340943493e-05,1.1006618312061236e-05,2.166910049272762,0.06098838106841543,0.06834368568730072
2016-10-19,2345,oas,select,pca_only,8,20,log_euclidean,0.01,0.0003517352096412919,7176.57560537465,822.1952680062084,564.775118534681,282.3875592673405,-125.9247151226291,5.914528203733771e-05,5.914278508984837e-05,9.508778692807065e-06,2.5207823051341696,0.07451142916148207,0.09474814666695529
2016-10-19,2345,shrink,select,pca_only,8,20,log_euclidean,0.01,0.00035333792175832885,6952.5238115200245,852.8595063342045,671.249123554965,335.62456177748254,-75.22151780036931,6.964523413020477e-05,6.964273718271543e-05,8.807821253047434e-06,2.673395244259353,0.15832313920210414,0.13569582928419818
2016-10-19,2345,persistence,select,pca_only,8,20,log_euclidean,0.01,0.00040191091205471,3666.9748139524972,1280.4323507430863,13179.598901112082,6589.79945055604,6126.148236471092,9.427341771218161e-05,9.427092076469228e-05,1.704477320264118e-07,2.082512961058367,0.06912934590354232,0.06464767004872596
2016-10-26,2350,similarity,select,pca_only,8,20,log_euclidean,0.01,0.00037597681188497156,2247.4766207878356,7813.698368488658,87968.68292654997,43984.34146327498,42650.935877295124,0.0003665659271631708,0.0003665638168576587,8.590917483472164e-08,2.814582808412218,0.1363910360524574,0.14936252505015454
2016-10-26,2350,rolling,select,pca_only,8,20,log_euclidean,0.01,0.00035810599761902423,4639.097227020959,1099.3258240448963,7094.948262308374,3547.4741311541857,3082.7583528906966,0.0001807800344038213,0.0001807779240983092,9.870882786302955e-07,4.954875852050944,0.1889563383323191,0.358028577684617
2016-10-26,2350,ewma,select,pca_only,8,20,log_euclidean,0.01,0.00037229524158894576,4468.884903779303,1037.9768595524458,7094.164371090829,3547.082185545418,3082.9139449693757,0.000145430228258877,0.0001454281179533649,9.272341656395254e-07,4.634748028100089,0.1702698505696905,0.30966163110740647
2016-10-26,2350,ledoit_wolf,select,pca_only,8,20,log_euclidean,0.01,0.00035525202260713624,7460.852696350017,766.7572141298443,468.5135530977725,234.2567765488861,-173.64970092931352,6.0017862830233935e-05,6.0015752524721845e-05,1.0939594478579288e-05,2.1652546987711374,0.0626074399166693,0.06785340095508015
2016-10-26,2350,oas,select,pca_only,8,20,log_euclidean,0.01,0.0003546661386952682,7151.614671344057,798.3601183529854,556.4893880181789,278.2446940090895,-130.53440892677045,6.646950053411646e-05,6.646739022860437e-05,9.589344329798107e-06,2.538259645342491,0.0772323434295591,0.09248253891144241
2016-10-26,2350,shrink,select,pca_only,8,20,log_euclidean,0.01,0.00035566008204666817,6915.930777532551,815.7132568714926,631.7803818966441,315.8901909483219,-94.27492753320695,6.445817233527535e-05,6.445606202976325e-05,9.066887155860732e-06,2.662976657583531,0.15155679580438508,0.13414623859510713
2016-10-26,2350,persistence,select,pca_only,8,20,log_euclidean,0.01,0.00040274323842490477,3612.5809444265815,1162.1573680584331,12173.824644073133,6086.91232203654,5577.751103590117,8.965108715665002e-05,8.964897685113792e-05,1.0777669805592764e-07,1.4557951285305692,0.06458163193497592,0.03821149090859595
2016-11-02,2355,similarity,select,pca_only,8,20,log_euclidean,0.01,0.0005759583985759068,2198.3197654077544,8425.406822553381,193039.35096710222,96519.67548355112,93278.40275069806,0.00034085892971903725,0.0003408569626331844,5.046307237898587e-08,3.1884358531785653,0.17170900370307463,0.1797308796827062
2016-11-02,2355,rolling,select,pca_only,8,20,log_euclidean,0.01,0.0005471208858160408,4770.49205300585,1277.946251163269,7392.319484553263,3696.159742276648,3238.345665142688,0.0001229180234292679,0.00012291605634341503,1.2071295078265835e-06,4.956250722110541,0.2072691849154411,0.3794906242203374
2016-11-02,2355,ewma,select,pca_only,8,20,log_euclidean,0.01,0.0006415280630329751,4607.709582879951,1177.573423346083,6198.875964337993,3099.437982168998,2650.9332758447094,8.973402809387847e-05,8.97320610080256e-05,1.2802067013537863e-06,4.2600061832736875,0.1655868528887159,0.2812684974815049
2016-11-02,2355,ledoit_wolf,select,pca_only,8,20,log_euclidean,0.01,0.0005379443753173619,7882.920083338333,861.836252214962,433.58224455681807,216.79112227840872,-186.43481982008353,4.431435411988151e-05,4.4312387034028645e-05,1.2483229490135864e-05,1.8799651643918773,0.048613745289878114,0.049425637502177065
2016-11-02,2355,oas,select,pca_only,8,20,log_euclidean,0.01,0.0005383984535280259,7443.582638973821,914.7225962463045,533.3936254111296,266.69681270556475,-137.6124866346287,4.8690649901237084e-05,4.8688682815384216e-05,1.1070977954563307e-05,2.3424279788507003,0.0674863847575752,0.07743585313279415
2016-11-02,2355,shrink,select,pca_only,8,20,log_euclidean,0.01,0.0005417063529475259,7081.658348005192,961.8731218717461,634.1118690988812,317.0559345494401,-86.88423890403466,5.267421623827554e-05,5.267224915242267e-05,9.64676450125371e-06,2.5385807930165107,0.11431051552604314,0.1244958857432996
2016-11-02,2355,persistence,select,pca_only,8,20,log_euclidean,0.01,0.000644013505815199,3760.0182507248987,1297.8265215816693,12563.22729518571,6281.613647592876,5781.75562713589,7.357264269492544e-05,7.357067560907258e-05,1.197204747102935e-07,1.523525389364546,0.04871976773736315,0.03445089401016891
2016-11-09,2360,similarity,select,pca_only,8,20,log_euclidean,0.01,0.0005091272875170632,2149.9835502441592,9114.162822060887,193897.68591153546,96948.84295576773,93644.86112182649,0.00019906944233640434,0.0001990682969628513,4.0172466854832976e-08,3.224215912510662,0.12518607258632938,0.16848145319650154
2016-11-09,2360,rolling,select,pca_only,8,20,log_euclidean,0.01,0.0005157862621933286,4830.674997395701,1685.1365747521436,6290.2703625536615,3145.1351812768335,2674.6065832962468,0.0001958025928835539,0.00019580144751000088,1.1156644771915948e-06,4.703739445095629,0.14754866642069067,0.32651913580136294
2016-11-09,2360,ewma,select,pca_only,8,20,log_euclidean,0.01,0.0005821738525811,4703.210964637276,1759.545996135098,5731.295297132957,2865.6476485664843,2397.243579224038,0.00015760556694211297,0.00015760442156855994,1.1025980333287117e-06,3.9642622077186305,0.12358434760348654,0.23865383060745665
2016-11-09,2360,ledoit_wolf,select,pca_only,8,20,log_euclidean,0.01,0.00048338670559426155,7913.3987712632525,1010.2699117142836,426.13736040007484,213.0686802000377,-195.4062703041175,4.595271993497668e-05,4.595157456142364e-05,1.4209439549249182e-05,2.07718230041869,0.058479937306535626,0.0660170912568449
2016-11-09,2360,oas,select,pca_only,8,20,log_euclidean,0.01,0.0004916001127850625,7516.287632256364,1136.8972802307044,509.9509354981585,254.97546774907934,-154.83509063807065,6.294342309484221e-05,6.294227772128917e-05,1.1926413638882085e-05,2.456942193940207,0.07429803781890998,0.09473805927413943
2016-11-09,2360,shrink,select,pca_only,8,20,log_euclidean,0.01,0.0004919125762891455,7242.172151847774,1207.8568700307994,546.3633257953097,273.18166289765475,-137.0870927110627,6.461477506615828e-05,6.461362969260524e-05,1.0115936286480184e-05,2.5514280121299096,0.14141879943175695,0.13358805674788354
2016-11-09,2360,persistence,select,pca_only,8,20,log_euclidean,0.01,0.0006109617747985617,3891.6033990982037,1497.0779388102496,10074.82456431804,5037.412282159025,4503.256641884075,3.9827713154662145e-05,3.9826567781109104e-05,2.8315162303001165e-07,2.07617850707692,0.07477368494127073,0.06819186192330134
2016-11-16,2365,similarity,select,pca_only,8,20,log_euclidean,0.01,0.0002621983865511251,1972.6455550055607,8465.525440265577,87179.48865886648,43589.74432943325,41517.84435827125,0.00011081736181519711,0.0001108159851031972,8.677582244099653e-08,3.5122121100486243,0.13452227011093135,0.2136974987738907
2016-11-16,2365,rolling,select,pca_only,8,20,log_euclidean,0.01,0.00028981018134395997,4785.93011512716,1159.944810168637,3696.3463835421803,1848.1731917710986,1369.3523639417986,0.0001728807256663238,0.0001728793489543239,1.2857087929486085e-06,4.358118289623037,0.1334734447840918,0.2919418489614874
2016-11-16,2365,ewma,select,pca_only,8,20,log_euclidean,0.01,0.00046779727047542325,4616.839062124166,1273.5744609771982,2835.7110142321726,1417.8555071160818,950.7159367717071,0.00011933565072761992,0.00011933427401562002,1.3563968626682346e-06,3.5299098416701287,0.11764564546838752,0.19595508067824507
2016-11-16,2365,ledoit_wolf,select,pca_only,8,20,log_euclidean,0.01,0.00023915926930303361,8473.065741282782,790.2351523519434,340.6695166673453,170.33475833367254,-251.35391461528448,4.589143353969904e-05,4.589005682769913e-05,1.7183188753052862e-05,1.8282506801217393,0.0476379081244717,0.04561116247105945
2016-11-16,2365,oas,select,pca_only,8,20,log_euclidean,0.01,0.00025263882851794475,7923.219101764453,840.5029847991493,373.6851356677895,186.84256783389543,-235.99153752745048,6.182437977323793e-05,6.182300306123802e-05,1.4642265643031143e-05,2.3032907669377747,0.05990949086943274,0.0785144919166961
2016-11-16,2365,shrink,select,pca_only,8,20,log_euclidean,0.01,0.00025589059303933215,7540.463320113544,876.55001118935,404.9506187868118,202.47530939340595,-221.6329624449345,5.9238811008222965e-05,5.923743429622306e-05,1.1982781452689054e-05,2.4155047779894736,0.12797002878316552,0.11308395972908282
2016-11-16,2365,persistence,select,pca_only,8,20,log_euclidean,0.01,0.0005078798890368172,3744.0701066426436,1335.8743793653036,4777.177958435279,2388.5889792176504,1905.4845321957364,4.235622139709445e-05,4.235484468509454e-05,3.283232780074098e-07,1.9001188568058425,0.0707538428748925,0.0563873868855603
2016-11-23,2370,similarity,select,pca_only,8,20,log_euclidean,0.01,0.00024851033130648996,1938.7602196758767,8280.268215684542,80527.87254426439,40263.93627213218,38183.049265585505,0.0001091539707441451,0.00010915262023082574,7.089386851297501e-08,3.2434184963270254,0.13121248130487442,0.16527459986044588
2016-11-23,2370,rolling,select,pca_only,8,20,log_euclidean,0.01,0.000256443888403319,4687.820962682396,1046.9358520615604,3385.2255546634024,1692.6127773317126,1198.7196168399225,7.44083701299292e-05,7.440701961660983e-05,7.951555873255427e-07,3.5855422127470056,0.1465914095509879,0.19439109383482145
2016-11-23,2370,ewma,select,pca_only,8,20,log_euclidean,0.01,0.00033918097747240593,4506.2873367629945,1170.4367099403726,2783.895372464299,1391.9476862321728,912.1840128838687,6.555357852196898e-05,6.555222800864961e-05,8.478444113570815e-07,3.0779211965585627,0.13548651970345715,0.14597523435986112
2016-11-23,2370,ledoit_wolf,select,pca_only,8,20,log_euclidean,0.01,0.00022545841565713243,8589.575578673279,872.3558392304365,334.0176003348613,167.008800167431,-259.35221448528785,4.0228317859109064e-05,4.0226967345789704e-05,1.1924744058056499e-05,1.387937529605185,0.03491552348695284,0.02686749676718233
2016-11-23,2370,oas,select,pca_only,8,20,log_euclidean,0.01,0.00023055201767500748,7971.055527573259,861.2787476218393,354.24631396774095,177.12315698387044,-250.46428464658675,4.725465400148582e-05,4.725330348816646e-05,1.071574042534074e-05,1.8421229552264242,0.05567851211131288,0.05306985504278489
2016-11-23,2370,shrink,select,pca_only,8,20,log_euclidean,0.01,0.0002366984265437985,7412.692511782117,877.2309059945371,385.3802575600455,192.6901287800229,-236.6596751006552,4.31929748626841e-05,4.319162434936474e-05,7.19764315075737e-06,2.0759879755503787,0.20348528253246093,0.11013972352009727
2016-11-23,2370,persistence,select,pca_only,8,20,log_euclidean,0.01,0.00048246370834133993,3595.0858734144954,1313.7708535005304,4168.817188339297,2084.408594169676,1593.9977044792709,5.193877518789732e-05,5.193742467457796e-05,3.0038365299810684e-07,1.810087123050208,0.06165433970588634,0.050407449999208
2016-12-01,2375,similarity,select,pca_only,8,20,log_euclidean,0.01,6.079821813956177e-05,1822.00223344002,6181.096725835342,67765.62929031668,33882.81464515837,32843.54236705233,5.1956075645291126e-05,5.195489131327424e-05,4.012095885553776e-08,3.322432925449072,0.20628325267658706,0.20263918501170994
2016-12-01,2375,rolling,select,pca_only,8,20,log_euclidean,0.01,0.00014809272233306788,4754.083274106227,1024.601281852741,1583.8249061787776,791.912453089388,313.69706955946225,8.888846513555817e-05,8.888728080354129e-05,9.245776944506926e-07,3.487809328811874,0.13160500172134965,0.1894069330394856
2016-12-01,2375,ewma,select,pca_only,8,20,log_euclidean,0.01,0.0003738416168814465,4573.3620948354,1346.4565441626032,1315.015307004184,657.5076535020906,184.57977210437608,6.71344582084685e-05,6.713327387645161e-05,9.626153882243195e-07,3.0142346077045667,0.1199989777867045,0.13594087206109107
2016-12-01,2375,ledoit_wolf,select,pca_only,8,20,log_euclidean,0.01,7.024256454996771e-05,8775.78137782597,1016.4042169840616,345.26745380817044,172.6337269040851,-280.4758510822663,4.2483995303617796e-05,4.248281097160091e-05,1.247437080804171e-05,1.3858635282258283,0.03414401514574273,0.026296930079170205
2016-12-01,2375,oas,select,pca_only,8,20,log_euclidean,0.01,9.199689809873921e-05,8218.693922678489,961.5901103983682,335.9131847987186,167.95659239935938,-285.55918174157534,4.742834912908039e-05,4.7427164797063506e-05,1.1193887659995434e-05,1.7646018946861841,0.04743335024435601,0.04577603018754531
2016-12-01,2375,shrink,select,pca_only,8,20,log_euclidean,0.01,0.0001076158666592189,7653.651667183723,939.4032956506406,331.43841734662914,165.71920867331445,-288.42575057159223,3.742791739970159e-05,3.7426733067684704e-05,8.361006794592607e-06,2.049087378571568,0.10890270850281739,0.08038377608242223
2016-12-01,2375,persistence,select,pca_only,8,20,log_euclidean,0.01,0.0005596689768419638,3397.737947247254,1524.7981361158456,1998.4128408769952,999.2064204385125,527.2223233089924,5.592499969874205e-05,5.592381536672517e-05,2.9214098446691277e-07,1.7514519491650233,0.052077516954005455,0.04362455116294223
2016-12-08,2380,similarity,select,pca_only,8,20,log_euclidean,0.01,6.16999972118792e-05,1762.4850153524299,6012.256105548772,48719.71012057916,24359.85506028961,23923.722925128288,4.189141191147801e-05,4.188990784487216e-05,3.778048118996375e-08,2.6101783666082508,0.11181930546160435,0.12191608582139028
2016-12-08,2380,rolling,select,pca_only,8,20,log_euclidean,0.01,0.000146348416910729,4817.844141810268,910.1541042058604,1348.7569499500335,674.3784749750172,219.3893716305031,3.7774786378483735e-05,3.777328231187788e-05,7.108265403515893e-07,2.995907051326989,0.09514317195945589,0.14472797709401525
2016-12-08,2380,ewma,select,pca_only,8,20,log_euclidean,0.01,0.00025734963203096595,4630.692426223181,1098.2672170684255,1215.9676617743664,607.9838308871832,154.54340105776933,3.821776160544448e-05,3.8216257538838625e-05,7.369512781342973e-07,2.6641552809369133,0.08796880172631406,0.1208468289898228
2016-12-08,2380,ledoit_wolf,select,pca_only,8,20,log_euclidean,0.01,7.149760093625931e-05,8830.355956835265,913.6337979413604,345.29128391518475,172.6456419575921,-281.6162351912909,2.9409998831899805e-05,2.9408494765293948e-05,1.2195274185353835e-05,1.323390600051124,0.03752839725319023,0.026065593432847825
2016-12-08,2380,oas,select,pca_only,8,20,log_euclidean,0.01,9.013052928625443e-05,8314.834064554576,855.4942350651107,332.6238757660868,166.31193788304333,-287.94231909062296,2.9339717349950794e-05,2.9338213283344937e-05,1.072408152914428e-05,1.6360285809662005,0.05245776533250593,0.04381512541256401
2016-12-08,2380,shrink,select,pca_only,8,20,log_euclidean,0.01,0.00010711734633400437,7710.877075459958,837.0795900889066,322.9569969203137,161.4784984601569,-293.45804759367513,2.865591441964057e-05,2.865441035303471e-05,6.884444471892913e-06,1.9835419841470987,0.12154012589998861,0.08534506394467342
2016-12-08,2380,persistence,select,pca_only,8,20,log_euclidean,0.01,0.0004908594232593227,3462.3495985926943,1564.072224014308,1980.7074805590696,990.35374027951,539.3690832848104,3.203254851051755e-05,3.20310444439117e-05,1.754081288557289e-07,1.3437891198154455,0.05265718643713685,0.028784974594185157
2016-12-15,2385,similarity,select,pca_only,8,20,log_euclidean,0.01,6.541281785151358e-05,1771.2401440354486,6712.134646634883,68747.78376586617,34373.89188293308,33471.11472235198,4.608958599797271e-05,4.6088601937676864e-05,5.0095509120218387e-08,3.782548461556526,0.20696427381690663,0.25493897330428006
2016-12-15,2385,rolling,select,pca_only,8,20,log_euclidean,0.01,0.0001407096404868997,4720.349792047009,848.162605643562,1256.5557867493296,628.2778933746579,172.33836245122913,2.3243611987859323e-05,2.3242627927563474e-05,8.633576702555008e-07,3.280301375776407,0.11174002032831044,0.17452619533603517
2016-12-15,2385,ewma,select,pca_only,8,20,log_euclidean,0.01,0.00016394270666590386,4534.564101272772,924.6033757381624,1301.6103243346477,650.8051621673251,194.7420669657102,2.0975767747563578e-05,2.097478368726773e-05,9.499879099962345e-07,3.374882899679177,0.10806980618657328,0.1836615009719079
2016-12-15,2385,ledoit_wolf,select,pca_only,8,20,log_euclidean,0.01,6.839157173434424e-05,8852.69310770784,830.2087491208416,344.9154228954095,172.4577114477048,-282.13745357259165,1.9489788343011137e-05,1.9488804282715288e-05,1.243865068895568e-05,1.2891725942433843,0.038868106463123754,0.024457959602455576
2016-12-15,2385,oas,select,pca_only,8,20,log_euclidean,0.01,8.607270344333694e-05,8323.67153358657,779.1663815469767,330.28236820769797,165.14118410384904,-289.46371385357895,1.9490481974966663e-05,1.9489497914670814e-05,1.1423055845231531e-05,1.6236628776541613,0.056121301234663454,0.04252036209832588
2016-12-15,2385,shrink,select,pca_only,8,20,log_euclidean,0.01,0.00010218964757401756,7698.731481202417,765.2182380368713,313.2070269816824,156.60351349084084,-298.4978992257306,1.537073708552603e-05,1.5369753025230182e-05,7.935063427510661e-06,1.9183419476698869,0.11439176768458807,0.07783874713722877
2016-12-15,2385,persistence,select,pca_only,8,20,log_euclidean,0.01,0.00027916546700686466,3317.4151836877536,1305.7351771269377,2726.9945974951916,1363.4972987476085,892.5227295877046,2.6064020297027554e-05,2.6063036236731705e-05,1.8623763707151778e-07,1.6283550533849342,0.05231329435443098,0.04132550073407402
2016-12-22,2390,similarity,select,pca_only,8,20,log_euclidean,0.01,4.7862261914746846e-05,1789.957883355007,6283.766750352582,44197.22620571345,22098.61310285672,21429.022706966065,4.287735677715618e-05,4.287625400434989e-05,3.982896269167033e-08,2.796474013977831,0.1026282410856071,0.13083530483735648
2016-12-22,2390,rolling,select,pca_only,8,20,log_euclidean,0.01,0.00013134168774274317,4775.473547236664,911.8748223074842,1306.0318424807324,653.0159212403781,192.69416627837617,2.6009664162187217e-05,2.6008561389380924e-05,7.245648345027821e-07,3.105796919379748,0.10236914090593548,0.1542160362159444
2016-12-22,2390,ewma,select,pca_only,8,20,log_euclidean,0.01,0.00010176578075354249,4553.786537376208,905.1993225939444,1474.3966088286747,737.1983044143332,275.37718610996967,2.3283875889652658e-05,2.3282773116846365e-05,7.333313049330735e-07,3.2085866347127086,0.10765732626549844,0.16915565979017821
2016-12-22,2390,ledoit_wolf,select,pca_only,8,20,log_euclidean,0.01,5.918377913337754e-05,8799.79089568466,885.8212756957861,347.69996065434486,173.84998032717274,-283.4821480782318,2.2655053126029552e-05,2.265395035322326e-05,1.1241122824971225e-05,1.2907849160719775,0.03997059910837769,0.023317496655161862
2016-12-22,2390,oas,select,pca_only,8,20,log_euclidean,0.01,7.812182427259795e-05,8268.571336881614,842.52070508938,334.4623386476061,167.23116932380344,-290.17026214499924,2.2254793685022605e-05,2.2253690912216313e-05,1.0193034960734315e-05,1.6521933683658305,0.057987999398073344,0.04106911368206978
2016-12-22,2390,shrink,select,pca_only,8,20,log_euclidean,0.01,9.320874335597647e-05,7710.752666520022,829.4429101233187,320.93942553987563,160.46971276993844,-297.5071637048169,1.55513149129282e-05,1.5550212140121908e-05,7.019259801967357e-06,1.8770919890198328,0.12804754122911255,0.07339940467423921
2016-12-22,2390,persistence,select,pca_only,8,20,log_euclidean,0.01,0.00025118038453229575,3234.282245405268,1362.009291136896,2632.169624992577,1316.0848124962915,849.5704467944263,2.594112248348353e-05,2.594001971067724e-05,1.6913944112782802e-07,1.624624599918407,0.060076824582878385,0.040520911842957814
2016-12-30,2395,similarity,select,pca_only,8,20,log_euclidean,0.01,8.621730944233531e-05,1868.1477202133924,6911.8279722662355,103343.52016536106,51671.760082680514,50276.40038341258,7.475255696813561e-05,7.475190139310536e-05,5.163701792507153e-08,4.238178882862833,0.15282128409795476,0.2946214117656464
2016-12-30,2395,rolling,select,pca_only,8,20,log_euclidean,0.01,0.00015643188989028652,4774.291284780093,870.3029967870469,1760.9495531107136,880.474776555366,425.8913600133549,6.718745204090158e-05,6.718679646587133e-05,9.214571769169007e-07,3.4897341885157664,0.11974824772180748,0.19307359174568084
2016-12-30,2395,ewma,select,pca_only,8,20,log_euclidean,0.01,9.752477889288354e-05,4526.153539673707,804.4373501821763,2323.586271518471,1161.7931357592365,702.0059012456825,7.04288082296529e-05,7.042815265462265e-05,7.110575379086667e-07,3.5766300463432046,0.1401069267872592,0.20274364209736515
2016-12-30,2395,ledoit_wolf,select,pca_only,8,20,log_euclidean,0.01,8.553498945274876e-05,8749.059135326032,714.8569666997957,333.03193263739513,166.5159663186977,-274.5037639975873,2.4007009273864346e-05,2.4006353698834087e-05,1.1716490639063195e-05,1.3203524980453731,0.036659671593337335,0.024210975946625576
2016-12-30,2395,oas,select,pca_only,8,20,log_euclidean,0.01,0.00010477075537173292,8203.656926163902,712.964617870347,327.74861645135803,163.87430822567936,-277.3710562859394,2.5642386998886716e-05,2.5641731423856456e-05,1.0772684514733818e-05,1.7132074290861337,0.05170147354565392,0.04305094172380325
2016-12-30,2395,shrink,select,pca_only,8,20,log_euclidean,0.01,0.00011777610404008711,7675.1557860299035,729.3648034165944,323.02519568447036,161.5125978422354,-280.4966815595443,1.5298224935163792e-05,1.5297569360133533e-05,7.688425172160479e-06,1.902454135070898,0.13043453950368872,0.07736891615833383
2016-12-30,2395,persistence,select,pca_only,8,20,log_euclidean,0.01,8.564188208326436e-05,3054.301555509921,1014.6796636556475,6151.031510949765,3075.5157554748835,2599.380209359185,3.7681779594622894e-05,3.768112401959263e-05,1.3578963214318273e-07,1.8891896493293658,0.0670590993091235,0.0582636772258311
