,model,roll,pers,shrink
model,1.0,0.9239726553964376,0.8568471998836569,0.9778004682570761
roll,0.9239726553964376,1.0,0.892086117950609,0.9670300273229832
pers,0.8568471998836569,0.892086117950609,1.0,0.8662757662331388
shrink,0.9778004682570761,0.9670300273229832,0.8662757662331388,1.0
