,model,roll,pers,shrink
model,1.0,0.9269506604364143,0.8587502940243846,0.977991372950183
roll,0.9269506604364143,1.0,0.8920861179506083,0.9670300273229829
pers,0.8587502940243846,0.8920861179506083,1.0,0.866275766233139
shrink,0.977991372950183,0.9670300273229829,0.866275766233139,1.0
