,model,roll,pers,shrink
model,1.0,0.9514526595893263,0.8816295797483389,0.9791864075180114
roll,0.9514526595893263,1.0,0.8920861179506083,0.9670300273229829
pers,0.8816295797483389,0.8920861179506083,1.0,0.866275766233139
shrink,0.9791864075180114,0.9670300273229829,0.866275766233139,1.0
