,model,roll,pers,shrink
model,1.0,0.9662101589103296,0.8667059401618893,0.9981022587523862
roll,0.9662101589103296,1.0,0.8920861179506083,0.9670300273229829
pers,0.8667059401618893,0.8920861179506083,1.0,0.866275766233139
shrink,0.9981022587523862,0.9670300273229829,0.866275766233139,1.0
