,model,roll,pers,shrink
model,1.0,0.9259921677474017,0.8582243160598507,0.9805076419368711
roll,0.9259921677474017,1.0,0.8920861179506083,0.9670300273229829
pers,0.8582243160598507,0.8920861179506083,1.0,0.866275766233139
shrink,0.9805076419368711,0.9670300273229829,0.866275766233139,1.0
