,model,roll,pers,shrink
model,1.0,0.9639087881885915,0.858423823329398,0.9968548695017757
roll,0.9639087881885915,1.0,0.8920861179506083,0.9670300273229829
pers,0.858423823329398,0.8920861179506083,1.0,0.866275766233139
shrink,0.9968548695017757,0.9670300273229829,0.866275766233139,1.0
