,model,roll,pers,shrink
model,1.0,0.9239726553555954,0.8568471998178081,0.9778004682577787
roll,0.9239726553555954,1.0,0.8920861179506083,0.9670300273229829
pers,0.8568471998178081,0.8920861179506083,1.0,0.866275766233139
shrink,0.9778004682577787,0.9670300273229829,0.866275766233139,1.0
