regime,n_days,pct_time,mean_fro,mean_gmvp_sharpe,mean_turnover,crisis_overlap,suggested_name
0,96,22.06896551724138,0.014944651614558907,1.8475367090309214,0.6064443045430483,5.2,Normal/Transition
1,92,21.149425287356323,0.018413247072812538,1.5655786206228486,0.5634849415774279,19.6,Normal/Transition
2,139,31.95402298850575,0.020448015026734212,1.4992615333346362,0.5446423308793863,13.7,Normal/Transition
3,108,24.82758620689655,0.034294438569327935,-0.6511263657967752,0.5928647227782214,17.6,Stress/Low Sharpe
