date,raw_anchor,method,split,embedder,pca_k,k_neighbors,aggregation,eta,raw_frob,raw_logeuc,raw_corr_frob,cond_stein,cond_kl,nll,gmvp_var,var_regret,pred_var,leverage_l1,max_abs_w,hhi
2013-01-04,1390,D2_pca8_hmm3,select,pca_only,8,20,log_euclidean,0.01,0.0001932976007057784,2545.8859230637822,5557.115910008306,17832.81250948132,8916.406254740652,8384.360805563734,3.579135329450478e-05,3.578892510964236e-05,1.10076130624289e-07,2.375896544520171,0.1004520518856701,0.09424051721001661
2013-01-04,1390,rolling,select,pca_only,8,20,log_euclidean,0.01,0.0003245335148430688,4853.6062976243775,973.5826190586022,2030.1442717534987,1015.0721358767524,561.6456573310428,6.282379064745477e-05,6.282136246259234e-05,1.2152662934188866e-06,3.473506352914975,0.24394508982056543,0.22832763177826648
2013-01-04,1390,ledoit_wolf,select,pca_only,8,20,log_euclidean,0.01,0.00013838427335039752,9063.182666501556,631.4461779353496,339.85765561592757,169.9288278079638,-266.534305773021,2.8796577786644484e-05,2.8794149601782062e-05,1.834290874336943e-05,1.3481819214380037,0.05778753957937165,0.028473789381099006
2013-01-04,1390,persistence,select,pca_only,8,20,log_euclidean,0.01,0.0010564147902667603,3524.6684823877886,1453.2649604805106,3756.184427717163,1878.0922138585688,1428.5511938135267,5.533164084792245e-05,5.5329212663060025e-05,7.119741823222734e-07,2.746281064237266,0.12888482284973465,0.12702016959294435
2013-01-11,1395,D2_pca8_hmm3,select,pca_only,8,20,log_euclidean,0.01,0.00014462761800100834,1986.791176620101,6777.576102040919,47157.82512072248,23578.912560361216,23074.973469212135,3.836940413416008e-05,3.836710082304572e-05,4.471307237123407e-08,2.3959116004568006,0.1046834016225328,0.09696116316075229
2013-01-11,1395,rolling,select,pca_only,8,20,log_euclidean,0.01,0.00031896184795301844,4807.27157802759,916.9654652083702,2240.009297643325,1120.0046488216617,666.6128361471058,7.163717869089467e-05,7.163487537978031e-05,1.2951574767169168e-06,3.612596939580889,0.2777193823598334,0.25961953778371183
2013-01-11,1395,ledoit_wolf,select,pca_only,8,20,log_euclidean,0.01,0.0001451580576140017,9018.850176239652,646.4480484471289,338.9437807250673,169.47189036253326,-264.238299993788,2.749124514052872e-05,2.7488941829414356e-05,1.648165632558916e-05,1.2399969630815502,0.05226699121394171,0.024279606335046888
2013-01-11,1395,persistence,select,pca_only,8,20,log_euclidean,0.01,0.0010596661125764476,3512.139525830175,1402.9628864233903,3895.826265689278,1947.913132844631,1499.9231146825443,5.056977445167076e-05,5.05674711405564e-05,7.624529328235034e-07,2.8517193254162723,0.13832822595450267,0.13670994022132285
2013-01-18,1400,D2_pca8_hmm3,select,pca_only,8,20,log_euclidean,0.01,0.00019908158114457987,2192.384612538495,5814.519346234829,115633.96732284567,57816.98366142283,56989.705206659404,4.911240323619165e-05,4.91102924996265e-05,1.8742644506072983e-08,2.3331686833345264,0.0928937153756567,0.0870304011665673
2013-01-18,1400,rolling,select,pca_only,8,20,log_euclidean,0.01,0.00034582167891243,4706.380450997887,912.6218244549971,3122.532348271623,1561.266174135808,1108.0521040622389,5.0807808057772994e-05,5.080569732120784e-05,1.2273500173573888e-06,3.61483108449924,0.3054735850782168,0.28344091776283037
2013-01-18,1400,ledoit_wolf,select,pca_only,8,20,log_euclidean,0.01,0.00019310389183787986,8808.788408379369,592.2599947469929,340.5416544803639,170.27082724018206,-256.92994944671284,2.5525723818274347e-05,2.55236130817092e-05,1.5129551211110246e-05,1.2309935061057289,0.054212064261237314,0.02408042800969415
2013-01-18,1400,persistence,select,pca_only,8,20,log_euclidean,0.01,0.001083286628508267,3512.8450443860897,1290.7634352211073,4430.127417977423,2215.0637089887277,1769.2051589088976,4.3875495526204985e-05,4.387338478963983e-05,7.432182755425355e-07,2.965738151430378,0.13622834886265955,0.13433763488389397
2013-01-28,1405,D2_pca8_hmm3,select,pca_only,8,20,log_euclidean,0.01,0.00012609704564336586,2363.0808505485916,4350.8216548744895,32616.576488447943,16308.288244223988,15499.063286593679,5.746403683032034e-05,5.74625588330353e-05,7.154188280433321e-08,2.5431761497641365,0.10399925492464206,0.10091481599788985
2013-01-28,1405,rolling,select,pca_only,8,20,log_euclidean,0.01,0.00028131809548988175,4781.60476657927,663.4725621018749,2534.3776638802256,1267.188831940121,800.7144252038643,3.646177959010957e-05,3.646030159282453e-05,1.1221214540788953e-06,3.558701178529093,0.26872617821646866,0.2545314887346476
2013-01-28,1405,ledoit_wolf,select,pca_only,8,20,log_euclidean,0.01,0.00015629892189244034,8973.344575138059,1227.4350795603466,337.6747891740091,168.83739458700444,-264.0049572344668,4.5677482680062155e-05,4.5676004682777116e-05,1.1898665375830016e-05,1.043790399611762,0.037212542139671616,0.015645468943717815
2013-01-28,1405,persistence,select,pca_only,8,20,log_euclidean,0.01,0.00020879164898945452,3372.806875311415,841.2118312208555,6039.2702985387,3019.635149269356,2494.9610296392298,4.866025430441603e-05,4.865877630713099e-05,4.09759510845976e-07,2.9370491967783767,0.12708206387855153,0.12601033113734164
2013-02-04,1410,D2_pca8_hmm3,select,pca_only,8,20,log_euclidean,0.01,8.441313466247782e-05,2346.102783392541,3414.2070315344026,26259.562045293664,13129.78102264684,12657.89995057829,2.0620059599662356e-05,2.061848384403011e-05,5.7258755510687336e-08,2.288725186756452,0.08745154945532278,0.08624295534437486
2013-02-04,1410,rolling,select,pca_only,8,20,log_euclidean,0.01,0.000246793004603322,4776.486887030188,854.9786672277306,2040.597876883272,1020.2989384416319,576.1941153737134,3.651670615678207e-05,3.6515130401149824e-05,1.0045204857056004e-06,3.437245066282794,0.24412978453119752,0.23163246778487656
2013-02-04,1410,ledoit_wolf,select,pca_only,8,20,log_euclidean,0.01,0.00012502196904791814,8984.683124118044,1526.8380764674532,339.0079132018096,169.5039566009048,-269.6186247446374,5.696748530594925e-05,5.6965909550317e-05,9.61835235330279e-06,1.0143891705166668,0.02930199673956476,0.013354020659164308
2013-02-04,1410,persistence,select,pca_only,8,20,log_euclidean,0.01,0.00019609825378089215,3442.557945740132,1247.9561536553736,4859.75596928104,2429.877984640513,1960.521467954947,3.1188985882594224e-05,3.118741012696198e-05,2.1498883717353594e-07,2.0429659667139424,0.07531663127665007,0.0665551320433055
2013-02-11,1415,D2_pca8_hmm3,select,pca_only,8,20,log_euclidean,0.01,7.259309937542957e-05,2337.429564105115,3873.2593201921254,17117.2987016552,8558.649350827598,8078.4906183054945,1.3451114811617453e-05,1.3449422837400062e-05,9.410084539127481e-08,2.4274122305091193,0.0996400461701839,0.0967116932169362
2013-02-11,1415,rolling,select,pca_only,8,20,log_euclidean,0.01,0.0002303996028878337,4787.792843816797,708.1017562191113,1731.226219286947,865.6131096434783,407.3247095766102,4.66508906883035e-05,4.6649198714086113e-05,1.0800396664868683e-06,3.5054464003438386,0.26190231307787365,0.24972211824780696
2013-02-11,1415,ledoit_wolf,select,pca_only,8,20,log_euclidean,0.01,0.00010483815388780223,8960.362976011607,1396.1910860719693,341.5890621442213,170.79453107211066,-274.12980348676194,4.9116405693185055e-05,4.9114713718967666e-05,1.0828681001421364e-05,1.0460728042760776,0.033686398669780654,0.014402132096205073
2013-02-11,1415,persistence,select,pca_only,8,20,log_euclidean,0.01,0.00018643753939711702,3411.2056557352253,1138.1174663187687,3946.2017266548232,1973.1008633274198,1491.4328864729846,2.795248510071148e-05,2.795079312649409e-05,2.1130276069298118e-07,2.0695136917450627,0.06240516905130782,0.0619109837689543
2013-02-19,1420,D2_pca8_hmm3,select,pca_only,8,20,log_euclidean,0.01,2.8790088020155262e-05,1905.677270284075,4050.075148415576,15577.15825082149,7788.579125410738,7346.399729067451,1.566018646726479e-05,1.5659011714258494e-05,6.92770862198175e-08,2.354875551307536,0.10309796041986924,0.09404827886467855
2013-02-19,1420,rolling,select,pca_only,8,20,log_euclidean,0.01,0.00020692767157903628,4773.607511987447,819.4809598514585,1406.1504972932257,703.0752486466095,242.2580462542178,4.8801582371283504e-05,4.8800407618277206e-05,1.0092337402250427e-06,3.5028141802127535,0.24198293415437314,0.22986912548949856
2013-02-19,1420,ledoit_wolf,select,pca_only,8,20,log_euclidean,0.01,7.818386907172709e-05,8987.396935668712,1687.318754701543,351.21090885850623,175.60545442925306,-280.29895840509516,5.392878198878356e-05,5.392760723577726e-05,1.0016148058728015e-05,1.0305586994261753,0.030215658169258683,0.01376288026218257
2013-02-19,1420,persistence,select,pca_only,8,20,log_euclidean,0.01,0.00022408043168861417,3458.665679787592,1330.6731441276092,2856.268936465746,1428.1344682328725,972.6609391838927,3.635649957342822e-05,3.635532482042192e-05,2.1507362142530958e-07,1.917087105291694,0.05637860202044335,0.0547005146397807
2013-02-26,1425,D2_pca8_hmm3,select,pca_only,8,20,log_euclidean,0.01,2.0767120178435366e-05,1837.3069305357308,5864.2956675862515,23320.80590549417,11660.40295274707,11067.127130507724,1.003777732994006e-05,1.0037137890476791e-05,4.3535916883931046e-08,2.2876199715879184,0.09920449981488327,0.0912507738944448
2013-02-26,1425,rolling,select,pca_only,8,20,log_euclidean,0.01,0.0001913702450558395,4727.164746905372,720.2200560600957,1324.42137038717,662.2106851935847,186.52063960097558,5.505240355665579e-05,5.5051764117192526e-05,1.0121940400837538e-06,3.3155545886315188,0.23310675805100195,0.21882504046847198
2013-02-26,1425,ledoit_wolf,select,pca_only,8,20,log_euclidean,0.01,3.471014873781018e-05,8924.354522500817,943.9384028745333,362.6905044287303,181.3452522143649,-284.3025891139236,2.245017073969541e-05,2.2449531300232143e-05,1.3966190073530064e-05,1.2089124623523237,0.044934868517367055,0.021067860129288497
2013-02-26,1425,persistence,select,pca_only,8,20,log_euclidean,0.01,0.0001462855696776175,3468.108785295656,943.374518905908,2998.4988121296637,1499.2494060648369,1023.3303597353967,2.74303680870247e-05,2.7429728647561434e-05,2.308938765784854e-07,2.047626949258991,0.06578935055439872,0.06555628079909086
2013-03-05,1430,D2_pca8_hmm3,select,pca_only,8,20,log_euclidean,0.01,2.846998669218155e-05,1914.633486308318,6309.231932536648,34051.91373918856,17025.956869594294,16248.740073773512,2.055285325072636e-05,2.0552207400071678e-05,3.908526701210748e-08,2.376904992761223,0.11033813937794044,0.1003264701555477
2013-03-05,1430,rolling,select,pca_only,8,20,log_euclidean,0.01,0.00019080995487269047,4709.873310275789,791.7970215426014,1530.1841735646346,765.0920867823208,288.8741053970019,2.273374426118871e-05,2.273309841053403e-05,1.2339596256696074e-06,3.6578988029207276,0.28806029341735984,0.26380141938568713
2013-03-05,1430,ledoit_wolf,select,pca_only,8,20,log_euclidean,0.01,3.9337630669093364e-05,8930.541349523623,882.4514073594189,355.92975091713856,177.96487545856917,-281.56363264861386,1.621999996136658e-05,1.62193541107119e-05,1.3526167517716752e-05,1.137423411422631,0.043039288829375584,0.01916090599100338
2013-03-05,1430,persistence,select,pca_only,8,20,log_euclidean,0.01,0.0001121493155029952,3463.679702674153,1139.8656101577226,3944.114025311661,1972.057012655825,1483.232497698559,2.1954152974681815e-05,2.1953507124027133e-05,2.2503992138104795e-07,2.126719299472879,0.07339618924634025,0.07312287184223817
2013-03-12,1435,D2_pca8_hmm3,select,pca_only,8,20,log_euclidean,0.01,4.2549234103732746e-05,2251.8596869177554,5212.01092510461,32254.88495866264,16127.44247933134,15405.889570247859,3.103751531411706e-05,3.1036378053415036e-05,4.565473653395743e-08,2.461294648716111,0.1034104056980139,0.09784114287118471
2013-03-12,1435,rolling,select,pca_only,8,20,log_euclidean,0.01,6.961710547330296e-05,4703.3852668956815,666.4302669095185,2610.026178994758,1305.0130894973777,832.3249039545223,2.963332802708873e-05,2.9632190766386707e-05,9.062888355803954e-07,3.738908991480912,0.30124581898581276,0.2805191170455044
2013-03-12,1435,ledoit_wolf,select,pca_only,8,20,log_euclidean,0.01,4.677981666612811e-05,7833.114853085783,679.8189937620393,329.4739715319207,164.7369857659604,-286.1137474187439,1.3920015044874574e-05,1.391887778417255e-05,1.2225530179016499e-05,1.8110591145847899,0.10176094825948456,0.05572823010816705
2013-03-12,1435,persistence,select,pca_only,8,20,log_euclidean,0.01,9.803345277863945e-05,3361.443442167883,887.125583567878,4903.414587853173,2451.707293926598,1970.3139109501622,1.7596916281341165e-05,1.759577902063914e-05,2.0958088928548933e-07,2.16120572302049,0.07688318819681769,0.07617849371939309
2013-03-19,1440,D2_pca8_hmm3,select,pca_only,8,20,log_euclidean,0.01,0.00012769411610446152,1934.4439255609027,3625.3830262554798,49876.3290473757,24938.164523687843,24330.007434902676,3.813985164895961e-05,3.813756251391571e-05,3.108441774628245e-08,2.2381719069601815,0.11716397883987985,0.09939457548373923
2013-03-19,1440,rolling,select,pca_only,8,20,log_euclidean,0.01,0.0001262208041951103,4730.01455800867,925.9838285303922,3132.0511702284944,1566.0255851142372,1118.2962448735761,3.610892221285323e-05,3.610663307780933e-05,3.9134946976530565e-07,2.665895608711446,0.13911255110083745,0.13463877223013887
2013-03-19,1440,ledoit_wolf,select,pca_only,8,20,log_euclidean,0.01,0.00013446107054175925,7952.557796295071,1557.603776087725,317.53544749229803,158.76772374614904,-279.1011060737497,4.7913993628597614e-05,4.791170449355371e-05,8.693012452492774e-06,1.5476932452729255,0.06248763244343204,0.03845671401318302
2013-03-19,1440,persistence,select,pca_only,8,20,log_euclidean,0.01,8.058127464954424e-05,3258.972738796097,745.9989586616168,6766.584558631553,3383.292279315771,2903.407081537007,3.9631212349330306e-05,3.9628923214286405e-05,1.5477491936159898e-07,2.0632669526373912,0.08063906794803172,0.07153125242364676
2013-03-26,1445,D2_pca8_hmm3,select,pca_only,8,20,log_euclidean,0.01,0.00018371395844384188,1926.9919366035433,3772.124236769863,41909.79307197024,20954.89653598512,20230.988818114733,4.499683600938255e-05,4.499503176187665e-05,4.033294816148317e-08,2.3202782847806667,0.10301786719010841,0.09394072076335602
2013-03-26,1445,rolling,select,pca_only,8,20,log_euclidean,0.01,0.0001697082253731983,4687.2319081543665,823.30357924776,3439.157470792239,1719.5787353961296,1256.8113520300017,3.0176530183272966e-05,3.0174725935767064e-05,3.969653322824692e-07,2.6410615931015147,0.1412080377416324,0.13540805451573004
2013-03-26,1445,ledoit_wolf,select,pca_only,8,20,log_euclidean,0.01,0.00019428491440377045,7907.429264881408,1368.9172788908882,318.12880570948516,159.06440285474247,-269.2810287265738,4.657941236695791e-05,4.657760811945201e-05,8.443422078449366e-06,1.5704461738751252,0.06332778891958889,0.04050927223756741
2013-03-26,1445,persistence,select,pca_only,8,20,log_euclidean,0.01,0.00019207613693877633,3382.4006509399105,1106.4106641870726,11257.122281057204,5628.561140528613,5086.555802326088,6.91965470098969e-05,6.9194742762391e-05,7.971143418439716e-08,1.6460579583073,0.07762261621872951,0.04625348027858115
2013-04-03,1450,D2_pca8_hmm3,select,pca_only,8,20,log_euclidean,0.01,0.0001861823022268277,2321.453874456169,2584.0021488087227,40390.084127382725,20195.042063691373,19509.983303359793,4.1919151720470995e-05,4.191722050597645e-05,4.019915829047005e-08,2.2106507920760827,0.08595046618561414,0.08534086488687911
2013-04-03,1450,rolling,select,pca_only,8,20,log_euclidean,0.01,0.0001720696535467563,4717.052858068829,774.352207710418,3786.5092025174117,1893.2546012587097,1411.0623314476654,4.628665231593649e-05,4.628472110144195e-05,4.347155615701242e-07,2.7613727589164685,0.15079244540782025,0.14455914471681097
2013-04-03,1450,ledoit_wolf,select,pca_only,8,20,log_euclidean,0.01,0.00019753095177049907,7931.910952660148,1310.463238868548,322.50292545593186,161.25146272796604,-263.62361933453934,5.573101196638336e-05,5.572908075188882e-05,8.867747725986408e-06,1.5605394819178653,0.0657764589713281,0.04160051143121642
2013-04-03,1450,persistence,select,pca_only,8,20,log_euclidean,0.01,0.00020365970864900942,3548.244220090125,1271.6082944875616,11239.14680321319,5619.57340160661,5128.076732599471,8.083826957965352e-05,8.083633836515898e-05,8.521857178916136e-08,1.7043148350902344,0.060990700889096826,0.04346929467856108
2013-04-10,1455,D2_pca8_hmm3,select,pca_only,8,20,log_euclidean,0.01,0.0001845937823483301,2047.4572473946007,4008.762359661516,41385.859038137874,20692.929519068926,19860.580125722074,5.003156333200956e-05,5.002950346470749e-05,4.6185209723964404e-08,2.3812144087452785,0.09981983556734911,0.08932871572592946
2013-04-10,1455,rolling,select,pca_only,8,20,log_euclidean,0.01,0.0001750315519945349,4762.495866357137,743.2190571452202,4111.671306061064,2055.835653030529,1550.7062173995423,5.561138346606289e-05,5.560932359876082e-05,4.2623178306829233e-07,2.80912421391418,0.1631392320860044,0.15696409578687714
2013-04-10,1455,ledoit_wolf,select,pca_only,8,20,log_euclidean,0.01,0.00020177358370891538,7712.297028616711,1122.827279501534,332.8419879583065,166.42099397915348,-259.6747594979903,5.023522313981548e-05,5.023316327251341e-05,8.191648835332315e-06,1.6930736106123538,0.07610413589905958,0.04914529635434121
2013-04-10,1455,persistence,select,pca_only,8,20,log_euclidean,0.01,0.00018715018763066108,3539.6904559946033,1073.5921075836336,8620.97034460556,4310.4851723027805,3790.9041768922057,6.497267276746503e-05,6.497061290016296e-05,1.4037957619765595e-07,1.924693021213707,0.06936027920317903,0.05913818922190331
2013-04-17,1460,D2_pca8_hmm3,select,pca_only,8,20,log_euclidean,0.01,8.05610717702163e-05,2048.0851216659585,6078.605724216273,40000.29514584984,20000.147572924914,19221.576919194747,3.712356834382861e-05,3.712258083061021e-05,6.449053364083531e-08,2.70666719002498,0.15057404480375594,0.13903454817859331
2013-04-17,1460,rolling,select,pca_only,8,20,log_euclidean,0.01,8.772535597987923e-05,4771.087048893177,818.8836679371638,3650.1183890500356,1825.0591945250171,1359.9304308822232,2.059669599449342e-05,2.0595708481275025e-05,5.160860163995751e-07,3.0222991076032995,0.18748556995989155,0.18159530047067582
2013-04-17,1460,ledoit_wolf,select,pca_only,8,20,log_euclidean,0.01,7.49937859348205e-05,7472.114867437966,583.4346016648597,357.54091466804255,178.7704573340215,-256.7614855568622,1.4947461677544123e-05,1.494647416432573e-05,8.76263848885111e-06,2.1195463656091222,0.10919926741100652,0.07744215468792094
2013-04-17,1460,persistence,select,pca_only,8,20,log_euclidean,0.01,0.0001385789140906508,3569.4691956272286,1291.3234555463014,5939.403320262424,2969.70166013122,2519.3967928712627,2.360948106132587e-05,2.3608493548107475e-05,3.1356962426025445e-07,2.545271432728056,0.10004451113133599,0.09963454741364208
2013-04-24,1465,D2_pca8_hmm3,select,pca_only,8,20,log_euclidean,0.01,6.505865764161961e-05,2024.401961053518,5486.649475920831,35219.93211648172,17609.96605824087,16829.554963531606,2.8420175110775542e-05,2.841885601146134e-05,3.8280804499954885e-08,2.2742145171228216,0.09035615069042054,0.0832539812705004
2013-04-24,1465,rolling,select,pca_only,8,20,log_euclidean,0.01,7.960337788267829e-05,4799.270153838383,747.532077515214,3148.097571918659,1574.048785959321,1108.4241136122314,2.4193571722055745e-05,2.4192252622741544e-05,4.936132561978409e-07,2.9340925036621397,0.16925856856983068,0.16539793591042593
2013-04-24,1465,ledoit_wolf,select,pca_only,8,20,log_euclidean,0.01,6.161453756779647e-05,7486.175279896021,584.0723585897891,350.94721683795564,175.47360841897756,-266.8534224754919,1.9403535226166065e-05,1.9402216126851863e-05,8.85331386011794e-06,2.1982105991722256,0.1098775141050758,0.08124360473111393
2013-04-24,1465,persistence,select,pca_only,8,20,log_euclidean,0.01,0.00017850043148473767,3544.6433905506037,1008.6499623683726,4174.694445189884,2087.347222594947,1614.7928874814893,2.7453125632494675e-05,2.7451806533180474e-05,3.184021531826504e-07,2.37820693635887,0.08170064763089585,0.08144792321049549
2013-05-01,1470,D2_pca8_hmm3,select,pca_only,8,20,log_euclidean,0.01,5.417474138070685e-05,1996.6600400713457,5815.368975532764,35327.53661645729,17663.768308228646,16933.627884226826,3.363206285326573e-05,3.3631120598171407e-05,5.227888878475177e-08,2.566410034884106,0.12920239524636334,0.11912003418463053
2013-05-01,1470,rolling,select,pca_only,8,20,log_euclidean,0.01,7.213464596690537e-05,4676.736039792028,770.6584863401081,2585.2664676873196,1292.6332338436605,829.7958484278012,2.9454694081233378e-05,2.9453751826139055e-05,4.942492987301688e-07,3.0449115322081712,0.1710472747194412,0.1673657753364422
2013-05-01,1470,ledoit_wolf,select,pca_only,8,20,log_euclidean,0.01,5.344574666980707e-05,7318.4629974447,642.5280672407324,343.16585700493295,171.5829285024668,-276.32359616715195,2.4088678077804874e-05,2.408773582271055e-05,8.064692507016787e-06,2.338254706819506,0.11874554955179024,0.09010910623477252
2013-05-01,1470,persistence,select,pca_only,8,20,log_euclidean,0.01,0.0001898667297478737,3360.588153346543,1014.0628131163647,3149.213109579835,1574.6065547899157,1116.2667691562244,3.879938898118924e-05,3.8798446726094915e-05,3.304331655240411e-07,2.3102002792325256,0.08001336831358198,0.07974055285840341
2013-05-08,1475,D2_pca8_hmm3,select,pca_only,8,20,log_euclidean,0.01,5.710882372809093e-05,2001.9131479549542,5165.0859826488,32382.903410850788,16191.45170542538,15437.889431727861,3.933530063998694e-05,3.933398698565048e-05,3.8935949523776434e-08,2.2181895543844727,0.0892932159219547,0.08432463451182988
2013-05-08,1475,rolling,select,pca_only,8,20,log_euclidean,0.01,6.142070364243337e-05,4639.2891294958645,695.2019981758658,2368.5359857590124,1184.2679928795014,704.4343472688967,3.514413764683665e-05,3.514282399250019e-05,4.5708082541806803e-07,3.132410572439898,0.16038535544172555,0.15635818326308154
2013-05-08,1475,ledoit_wolf,select,pca_only,8,20,log_euclidean,0.01,5.0411291038858434e-05,7481.863235541687,794.3516551851477,324.268683666006,162.13434183300294,-286.13458464547614,2.901002987509778e-05,2.900871622076132e-05,8.194202754984951e-06,2.143256436077344,0.09945151908129257,0.07167200672295528
2013-05-08,1475,persistence,select,pca_only,8,20,log_euclidean,0.01,0.00017951354890971045,3293.2262466874286,869.1958540329906,3048.068312109055,1524.0341560545457,1037.434730748207,3.996616802391043e-05,3.996485436957397e-05,3.344388982093138e-07,2.2852181535336893,0.08190577437632493,0.08160302393464534
2013-05-15,1480,D2_pca8_hmm3,select,pca_only,8,20,log_euclidean,0.01,5.423086913534773e-05,2618.4663311891236,2673.805475910093,17507.779491690966,8753.88974584548,8150.603832419426,3.4283563800517927e-05,3.428172844179604e-05,6.245830785176653e-08,2.1718159746184615,0.0785392814025216,0.07617498995750689
2013-05-15,1480,rolling,select,pca_only,8,20,log_euclidean,0.01,5.616570987526325e-05,4666.150193960296,648.0310677168775,2339.2802824797755,1169.6401412398889,702.4582562291489,3.1185380836037064e-05,3.1183545477315175e-05,4.287425714254326e-07,3.0075822883944596,0.1478930623034024,0.14447540594327124
2013-05-15,1480,ledoit_wolf,select,pca_only,8,20,log_euclidean,0.01,5.599647665889238e-05,7501.399446054128,902.377914050442,320.3505954969281,160.17529774846412,-285.1615294964892,3.0796532766822156e-05,3.079469740810027e-05,7.916568930785888e-06,2.1392089870970317,0.09634122295045124,0.07161568015208794
2013-05-15,1480,persistence,select,pca_only,8,20,log_euclidean,0.01,0.00011067353084252493,3399.061461431569,1057.0031423985545,4193.424362571607,2096.7121812858204,1616.363212792695,5.036135001577065e-05,5.035951465704876e-05,1.5685902059260567e-07,1.8109799924598442,0.049145594043781396,0.048990560382548405
2013-05-22,1485,D2_pca8_hmm3,select,pca_only,8,20,log_euclidean,0.01,9.828991136710058e-05,1913.3342224788043,2714.0885678782215,23438.004258421945,11719.002129210976,11211.407266166305,6.055585638869587e-05,6.05535249400291e-05,5.193461665873707e-08,2.2893652380332132,0.0940362354148314,0.08828248849808748
2013-05-22,1485,rolling,select,pca_only,8,20,log_euclidean,0.01,7.767888154206834e-05,4736.6985039300735,821.1511925327886,2123.4316758321283,1061.7158379160653,607.053808363064,5.180105090450754e-05,5.179871945584077e-05,4.807149863824693e-07,2.959187746424685,0.15910680008470532,0.1548973294173218
2013-05-22,1485,ledoit_wolf,select,pca_only,8,20,log_euclidean,0.01,9.1171203560903e-05,7542.695571845585,1279.0291915898163,310.93830766239535,155.4691538311975,-288.6553678761217,4.981040408793715e-05,4.980807263927038e-05,8.284860579379252e-06,2.1416728934399702,0.09979745893338876,0.072609699253294
2013-05-22,1485,persistence,select,pca_only,8,20,log_euclidean,0.01,0.00013075360554159506,3506.2844399367877,1266.8741828327845,4615.7271406793525,2307.8635703396785,1853.5620236146265,7.266688049217532e-05,7.266454904350854e-05,1.745471875832266e-07,2.0037807815781834,0.06163762298965072,0.06139026811839709
2013-05-30,1490,D2_pca8_hmm3,select,pca_only,8,20,log_euclidean,0.01,0.0001821597865624797,1920.6722599172647,2242.614606031331,37478.531413284974,18739.26570664249,17670.459058195018,6.282513999683708e-05,6.282243956652152e-05,3.656884376375948e-08,2.4139179934602972,0.1223962985554973,0.10931801813356075
2013-05-30,1490,rolling,select,pca_only,8,20,log_euclidean,0.01,0.0001008279740834127,4831.072996978769,952.8092377937891,2017.4206577808827,1008.7103288904384,536.676040795075,5.412250499575467e-05,5.411980456543911e-05,5.498805499587732e-07,3.173526784977053,0.1753084274368537,0.16997897815004925
2013-05-30,1490,ledoit_wolf,select,pca_only,8,20,log_euclidean,0.01,0.00012374402458881803,7587.509382400465,1442.2093870341623,304.89246093196823,152.44623046598358,-291.5487409902785,4.9965798524812246e-05,4.996309809449669e-05,9.038003865147669e-06,2.1740402881991723,0.10651415301450314,0.07621350720988736
2013-05-30,1490,persistence,select,pca_only,8,20,log_euclidean,0.01,0.00016951413363022855,3455.639096438587,1566.2646273584255,5113.637452703912,2556.818726351966,2045.2288866972067,8.217069170177573e-05,8.216799127146017e-05,1.2944009148443928e-07,1.7435196691790438,0.0669368477405433,0.051179391798075624
2013-06-06,1495,D2_pca8_hmm3,select,pca_only,8,20,log_euclidean,0.01,0.001822766769376363,1966.2285143288668,5159.46866095676,57867.31686358412,28933.65843179203,27162.71219868117,4.8022195254783616e-05,4.801328954403878e-05,9.162172773261494e-08,2.4064296542629724,0.11690029537113877,0.10289595982680493
2013-06-06,1495,rolling,select,pca_only,8,20,log_euclidean,0.01,0.001782918748000119,4868.15832289714,1332.2816035424992,6317.207772600031,3158.603886300037,2597.4606248104524,0.00016639493481373257,0.00016638602910298774,7.073807379829974e-07,3.5097329833366833,0.22225086330860527,0.21459510574209573
2013-06-06,1495,ledoit_wolf,select,pca_only,8,20,log_euclidean,0.01,0.0018015868468111097,7541.949439836248,1334.2057192723935,500.0517651001388,250.02588255006924,-165.72706427480145,0.00010299250377396709,0.00010298359806322225,9.972865986237901e-06,2.3481852755806885,0.12753434224216018,0.08609560253864992
2013-06-06,1495,persistence,select,pca_only,8,20,log_euclidean,0.01,0.0018260457147874103,3419.115063425665,1703.6687810063377,14385.19697944315,7192.598489721617,6445.743273652774,9.107479513285556e-05,9.106588942211072e-05,1.7371252236934594e-07,2.0410256599341254,0.07656597446953062,0.06773453281910845
2013-06-13,1500,D2_pca8_hmm3,select,pca_only,8,20,log_euclidean,0.01,0.0018383969367699242,2186.317029613738,5083.367828059048,101461.35129584493,50730.67564792246,47674.1968792595,9.012023767561946e-05,9.011015928994055e-05,4.0704431581118666e-08,2.5011051066840944,0.10429338222685869,0.09879241580425334
2013-06-13,1500,rolling,select,pca_only,8,20,log_euclidean,0.01,0.001763025551407564,4854.671621463502,1453.766797704243,6343.115618210438,3171.557809105219,2586.9024888870604,0.0001189295983435711,0.00011891951995789219,6.762877809099904e-07,3.41745967561491,0.20959317610475164,0.20277083062630888
2013-06-13,1500,ledoit_wolf,select,pca_only,8,20,log_euclidean,0.01,0.0017669979971841278,7432.019919914049,1302.4312850103488,533.0949874139195,266.54749370695936,-151.88191842019916,8.098653613773169e-05,8.097645775205278e-05,9.217190562262647e-06,2.413394444169461,0.1319187433743794,0.0942109455215195
2013-06-13,1500,persistence,select,pca_only,8,20,log_euclidean,0.01,0.0017893862325611479,3388.4820932812736,1784.547874614075,14591.572027630858,7295.786013815437,6505.069011915586,0.00010589885036061728,0.00010588877197493837,2.4466408943124145e-07,2.2610679714433335,0.08966496474478712,0.08932174791545913
2013-06-20,1505,D2_pca8_hmm3,select,pca_only,8,20,log_euclidean,0.01,0.0017844695344775502,2703.9237180170103,3366.6911859469237,76068.09943388878,38034.04971694434,35727.31908136303,4.128831044495607e-05,4.128192622145825e-05,2.5192815669448827e-08,1.8326287542431592,0.05156787740388164,0.050242797479932544
2013-06-20,1505,rolling,select,pca_only,8,20,log_euclidean,0.01,0.0017883145725527561,4788.168667757442,2076.6289075359027,6684.486427801361,3342.243213900666,2755.695600655409,6.0317021105216836e-05,6.031063688171901e-05,6.706602793264948e-07,3.505664753090301,0.21236654118798723,0.20613971658040747
2013-06-20,1505,ledoit_wolf,select,pca_only,8,20,log_euclidean,0.01,0.001765061545257204,7279.690217343733,1635.0601424840245,600.5346833849443,300.2673416924714,-121.27829646677085,5.359456884501583e-05,5.358818462151801e-05,8.625503040805482e-06,2.5873018178400558,0.1444181532766052,0.1070797928695218
2013-06-20,1505,persistence,select,pca_only,8,20,log_euclidean,0.01,0.0018443688504402706,3371.6448678032507,2898.375574805205,14294.175821731656,7147.0879108658155,6368.356579469227,4.646400574586659e-05,4.645762152236877e-05,3.3127923786214314e-07,2.6896291734422904,0.11562327542426964,0.1152142325641964
2013-06-27,1510,D2_pca8_hmm3,select,pca_only,8,20,log_euclidean,0.01,0.0018863135642163964,2187.3368350062156,8681.867747453263,100486.70820812411,50243.35410406204,47938.77386679272,9.417609179696826e-05,9.417053793615474e-05,4.805031633667477e-08,2.3797063145092388,0.09984408414350268,0.09181377554400445
2013-06-27,1510,rolling,select,pca_only,8,20,log_euclidean,0.01,0.001895926177607608,4764.4228444648315,2413.370576351644,7547.831587687554,3773.9157938437734,3195.7808472166344,8.14381309242849e-05,8.143257706347138e-05,6.928623130269909e-07,3.6076050499443126,0.22397772495780197,0.21821078903019764
2013-06-27,1510,ledoit_wolf,select,pca_only,8,20,log_euclidean,0.01,0.0018686388187861107,7279.6098781463315,1869.0253368888402,678.1578093843252,339.0789046921628,-74.00436599535612,7.542814316753513e-05,7.542258930672161e-05,9.353806924182644e-06,2.705114296618726,0.15879099574212,0.11990234290600732
2013-06-27,1510,persistence,select,pca_only,8,20,log_euclidean,0.01,0.0020155974211618845,3539.3018900306456,3575.2465790949304,17705.97957471856,8852.989787359267,8087.855026262048,7.222821842060605e-05,7.222266455979253e-05,3.6921318980200275e-07,2.775872055612015,0.12429516950420123,0.12380657621763119
2013-07-05,1515,D2_pca8_hmm3,select,pca_only,8,20,log_euclidean,0.01,0.0002208886904748594,3136.43735190352,3284.4147333785613,13430.349852804638,6715.1749264023165,6271.863887095158,3.687614453586941e-05,3.6874357433851464e-05,1.445378964297434e-07,2.2158860275763925,0.07829429431607396,0.07796611476939333
2013-07-05,1515,rolling,select,pca_only,8,20,log_euclidean,0.01,0.00023256747008636858,4791.635045987989,1085.2271216304073,3444.1093035973454,1722.0546517986857,1259.5308249939021,3.2573416219948225e-05,3.257162911793028e-05,7.257910302256345e-07,3.438714005741901,0.2035845583082385,0.19784128047058364
2013-07-05,1515,ledoit_wolf,select,pca_only,8,20,log_euclidean,0.01,0.00014871461896239838,8267.8595464864,633.4777684265481,344.5960211213429,172.29801056067163,-260.2070720985206,1.3377025186076465e-05,1.3375238084058519e-05,1.5674054132524712e-05,1.8325725161850537,0.0915389882287841,0.05495400296538428
2013-07-05,1515,persistence,select,pca_only,8,20,log_euclidean,0.01,0.0019936981100488072,3555.372424692565,1968.6929150586152,3558.0432626101406,1779.0216313051203,1338.1814956041178,2.2545025256968038e-05,2.2543238154950094e-05,7.718021197518523e-07,2.6937976724786594,0.11273330656644057,0.11161542301856792
2013-07-12,1520,D2_pca8_hmm3,select,pca_only,8,20,log_euclidean,0.01,0.00021673460530537007,2894.9932398558367,4859.610837597575,17497.33642875764,8748.66821437882,8187.958785537101,5.33371758314263e-05,5.333619226238294e-05,1.227573892014059e-07,2.284516815103081,0.08805165962753768,0.08752421639232622
2013-07-12,1520,rolling,select,pca_only,8,20,log_euclidean,0.01,0.0004410875403157751,4752.4647422727685,1274.3443571384119,2825.851416472203,1412.925708236105,956.6593602274464,2.6666182490807935e-05,2.666519892176458e-05,1.1080474747012462e-06,3.516872972256163,0.2583308033862601,0.2458928577181327
2013-07-12,1520,ledoit_wolf,select,pca_only,8,20,log_euclidean,0.01,0.00022854875745753554,8292.308619164174,765.8048699933354,347.72693387412806,173.86346693706432,-261.8090546594534,1.2911453769492032e-05,1.2910470200448677e-05,1.7692685075546255e-05,1.9099942512963461,0.1043304268633404,0.061334363971587647
2013-07-12,1520,persistence,select,pca_only,8,20,log_euclidean,0.01,0.001947877036507339,3527.00715277146,1949.1007574323448,3247.8735120030183,1623.9367560014944,1174.438467701373,3.0540822522069385e-05,3.053983895302603e-05,7.480307311283285e-07,2.6688848747611895,0.1115681319813177,0.11024616739537167
2013-07-19,1525,D2_pca8_hmm3,select,pca_only,8,20,log_euclidean,0.01,0.00014578602608175575,1999.8063349744193,6113.151867981781,96664.45901952269,48332.22950976134,47263.705838266156,8.983391787743425e-05,8.983280958803218e-05,3.826065326541508e-08,3.001039228402527,0.18007017406432108,0.16034823303308485
2013-07-19,1525,rolling,select,pca_only,8,20,log_euclidean,0.01,0.0004279511543869192,4765.656076831466,1134.51790019902,3053.585894864368,1526.7929474321518,1067.4107499313639,5.2385422840770265e-05,5.238431455136819e-05,9.772648771097635e-07,3.555088295297835,0.2377913247967194,0.22756364577856214
2013-07-19,1525,ledoit_wolf,select,pca_only,8,20,log_euclidean,0.01,0.00022299565325896326,8266.112541334987,808.5498401061591,348.5730530457004,174.28652652285075,-261.2284425179807,2.9382306354303705e-05,2.9381198064901637e-05,1.6615731290918594e-05,1.8455559752456507,0.0988656315636935,0.0573892241997518
2013-07-19,1525,persistence,select,pca_only,8,20,log_euclidean,0.01,0.001892928963998336,3568.0317263148927,1993.761159235249,3341.5669740868134,1670.7834870434222,1229.450409246698,3.20610267690972e-05,3.205991847969513e-05,4.0458405754966995e-07,2.0314366939655977,0.06377270755306298,0.06287753804644543
2013-07-26,1530,D2_pca8_hmm3,select,pca_only,8,20,log_euclidean,0.01,6.568138202223833e-05,2413.011343445047,3312.912561190694,36615.03304569774,18307.51652284885,17742.812599129924,4.526383069288278e-05,4.5262715556907985e-05,2.3807796775824884e-08,1.9308645164022593,0.05746268398449566,0.05705375412311648
2013-07-26,1530,rolling,select,pca_only,8,20,log_euclidean,0.01,0.0003463528235663845,4653.323169862517,1052.0120152181364,1746.0144066776434,873.0072033388242,419.04405829908046,1.1069826286076697e-05,1.1068711150101909e-05,9.718868322582168e-07,3.4434286888544174,0.2192120459904002,0.2105249374099532
2013-07-26,1530,ledoit_wolf,select,pca_only,8,20,log_euclidean,0.01,0.0001372408255655838,8432.666781458369,973.9079578132996,332.1052342612824,166.05261713064058,-280.2065199807035,2.32126849400458e-05,2.321156980407101e-05,1.6918936191197976e-05,1.7589208781790586,0.08720095556507983,0.04968329906700459
2013-07-26,1530,persistence,select,pca_only,8,20,log_euclidean,0.01,0.0019028559919090455,3585.5645019956028,2341.9764446214135,2039.5213164647748,1019.7606582323646,567.8767116249563,3.165408795490403e-05,3.165297281892924e-05,3.3312725781969376e-07,1.6586030804915561,0.05411066839179311,0.044065295845206714
2013-08-02,1535,D2_pca8_hmm3,select,pca_only,8,20,log_euclidean,0.01,6.427000345885398e-05,2087.8758130721762,4707.494904633363,26578.339739016446,13289.169869508234,12522.667782460456,5.508086634832891e-05,5.507983537089088e-05,6.994152095826902e-08,2.4675758067480977,0.12111138191092172,0.11271227934404017
2013-08-02,1535,rolling,select,pca_only,8,20,log_euclidean,0.01,0.0003398891863564096,4643.781176059181,1087.435686292818,1549.299022294976,774.6495111474718,310.0579181167819,2.3215805991443265e-05,2.3214775014005234e-05,1.0022539570015912e-06,3.353284465988772,0.2168509983229941,0.20665610283119185
2013-08-02,1535,ledoit_wolf,select,pca_only,8,20,log_euclidean,0.01,0.0001362336920797741,8510.146004222623,1129.0572795611822,329.8536646202784,164.92683231013893,-283.43337398558714,3.0207520400595135e-05,3.0206489423157104e-05,1.7221633678728275e-05,1.7364221772081365,0.08381906277202048,0.048654928868548566
2013-08-02,1535,persistence,select,pca_only,8,20,log_euclidean,0.01,0.00017978076443201984,3387.7628302768953,1347.0115675765767,3920.3118955284267,1960.1559477642013,1491.8540417665013,4.625411750324372e-05,4.625308652580569e-05,1.6098393067087065e-07,1.7247131521917396,0.05979900481711153,0.0454027968972043
2013-08-09,1540,D2_pca8_hmm3,select,pca_only,8,20,log_euclidean,0.01,7.214915166952849e-05,2034.4247269078965,4118.65566325345,31107.217856940457,15553.60892847024,14734.278536206544,5.9232742165612974e-05,5.923144983412612e-05,4.139739558331067e-08,2.344900687886595,0.09213417073697718,0.08836719966087915
2013-08-09,1540,rolling,select,pca_only,8,20,log_euclidean,0.01,0.00033483866406377745,4606.0836349102565,1177.8332739751634,1632.5612493645192,816.2806246822853,346.92058163778495,1.4504659671837197e-05,1.4503367340350344e-05,1.0963874688528826e-06,3.575863958373727,0.24145544087368237,0.22812665297190635
2013-08-09,1540,ledoit_wolf,select,pca_only,8,20,log_euclidean,0.01,0.0001428194586380559,8477.755448524482,1342.2256064700518,324.24994592102803,162.12497296051367,-283.4051979385921,3.19421552524213e-05,3.1940862920934445e-05,1.7156566004531933e-05,1.731816084845061,0.08468068883716309,0.04753369928145472
2013-08-09,1540,persistence,select,pca_only,8,20,log_euclidean,0.01,0.0001839474616823557,3274.10140630788,1472.2470988969376,3945.417132484719,1972.7085662423715,1487.1916357348248,3.597406435711537e-05,3.597277202562852e-05,1.234142136160341e-07,1.5019365539103253,0.05240928853051922,0.036870955741150326
2013-08-16,1545,D2_pca8_hmm3,select,pca_only,8,20,log_euclidean,0.01,6.723623203493915e-05,2151.98949859197,4548.649350083255,18641.149744366867,9320.574872183433,8674.5179871201,3.130852566252991e-05,3.130751332367048e-05,7.986118917748404e-08,2.245808321263737,0.10071205914676859,0.09780184381829923
2013-08-16,1545,rolling,select,pca_only,8,20,log_euclidean,0.01,0.0003358648560008575,4584.069660872448,1147.5135098336732,1478.5089888969621,739.2544944484827,269.49787172436316,2.191138150313757e-05,2.1910369164278142e-05,9.199036259850523e-07,3.318792621126163,0.20254758966837302,0.19309724576050627
2013-08-16,1545,ledoit_wolf,select,pca_only,8,20,log_euclidean,0.01,0.00013676580776768497,8506.909694624333,1187.8446258969948,328.0117075796781,164.00585378983882,-284.20913704805645,2.3684081598550727e-05,2.3683069259691298e-05,1.6552467417673424e-05,1.7227011946186246,0.07978389028675595,0.04543851097798218
2013-08-16,1545,persistence,select,pca_only,8,20,log_euclidean,0.01,0.00018501775796807255,3356.991637523646,1148.6825386034434,4139.336244557854,2069.668122278925,1596.6026982688034,5.202956909606258e-05,5.202855675720315e-05,1.4834182258208984e-07,1.6959022544833715,0.046208068796063005,0.044239554235130506
2013-08-23,1550,D2_pca8_hmm3,select,pca_only,8,20,log_euclidean,0.01,3.422928338940043e-05,1932.800987922743,4368.06346109043,17316.793984763655,8658.39699238182,8174.229347278089,2.476387258555051e-05,2.4762428634994107e-05,8.29483371868375e-08,2.4874345590985927,0.12213906212503234,0.11103383568100174
2013-08-23,1550,rolling,select,pca_only,8,20,log_euclidean,0.01,0.00029105558143104727,4494.694991024543,1144.0781207203574,1158.368748320794,579.1843741604084,110.23458151262328,2.1991800694667792e-05,2.199035674411139e-05,9.672135584429568e-07,3.3069729233938463,0.20920421133386652,0.19964633974397214
2013-08-23,1550,ledoit_wolf,select,pca_only,8,20,log_euclidean,0.01,0.00010240307739997617,8547.945713637262,1301.2146598043307,330.4981329984179,165.2490664992089,-290.12596860713484,2.0134665769404783e-05,2.013322181884838e-05,1.6434121256264895e-05,1.6088537754768972,0.07513051248981488,0.04048309381007539
2013-08-23,1550,persistence,select,pca_only,8,20,log_euclidean,0.01,7.386367985894316e-05,3268.450238861503,963.4830703509269,4234.552097376253,2117.2760486881343,1630.5790482795594,3.211216285494802e-05,3.211071890439161e-05,1.5516421816741354e-07,1.9102195295804976,0.05958542769052436,0.059386562357748425
2013-08-30,1555,D2_pca8_hmm3,select,pca_only,8,20,log_euclidean,0.01,0.0006466464143831852,1902.338820061013,5273.271730427729,109896.93723497185,54948.46861748593,53890.9737710119,2.56500563089312e-05,2.5647527903738457e-05,3.86713046385625e-08,2.7885183166501455,0.138243373999585,0.12598452174530173
2013-08-30,1555,rolling,select,pca_only,8,20,log_euclidean,0.01,0.000899839594474978,4607.8455574841655,1014.4365274344073,4165.916387261913,2082.9581936309596,1615.6555944211855,3.324910008195665e-05,3.324657167676391e-05,1.0245211846383614e-06,3.3006255450221618,0.22066006559314896,0.20719566036725823
2013-08-30,1555,ledoit_wolf,select,pca_only,8,20,log_euclidean,0.01,0.0006905786305014817,8583.797213183454,897.210311301624,364.27784995216365,182.13892497608177,-244.31030805066075,1.96412618406798e-05,1.9638733435487057e-05,1.6185848112497364e-05,1.5624789198523763,0.07337342386979483,0.03904279947354143
2013-08-30,1555,persistence,select,pca_only,8,20,log_euclidean,0.01,0.0006742496434258355,3277.834899776575,976.69366511781,11666.075103037218,5833.03755151861,5351.949299238363,2.7287929864710958e-05,2.7285401459518214e-05,1.50738593612217e-07,2.03013132578926,0.05895641197054854,0.058752287279091195
2013-09-09,1560,D2_pca8_hmm3,select,pca_only,8,20,log_euclidean,0.01,0.0006357697632706664,2078.93820340868,4412.739552413241,92542.46935246854,46271.23467623427,44933.342746817325,5.7267599727606205e-05,5.726326019785657e-05,3.617216347630636e-08,2.522500074888824,0.10723948365760516,0.09850549862495471
2013-09-09,1560,rolling,select,pca_only,8,20,log_euclidean,0.01,0.0008798662890346385,4589.626471356033,1261.6974083187886,4560.6446719610385,2280.3223359805233,1800.1297374961791,2.530047370136605e-05,2.5296134171616413e-05,7.402399041025679e-07,3.0891598153097766,0.16823330266005684,0.1586392635859337
2013-09-09,1560,ledoit_wolf,select,pca_only,8,20,log_euclidean,0.01,0.0006762726499253922,8558.838821024394,1182.0150156347459,365.6828054273566,182.84140271367852,-243.93933281893615,2.4912537496746907e-05,2.490819796699727e-05,1.1538315366208823e-05,1.3475396066143488,0.05262571654992312,0.028975840031824556
2013-09-09,1560,persistence,select,pca_only,8,20,log_euclidean,0.01,0.000664699454468511,3284.0911219662066,987.8691764207501,10287.861098182588,5143.930549091292,4606.715898108827,2.9296972914868395e-05,2.9292633385118757e-05,1.801285714389158e-07,2.124134775245192,0.06607782505420044,0.0658470727005455
2013-09-16,1565,D2_pca8_hmm3,select,pca_only,8,20,log_euclidean,0.01,0.0006612593698423209,1958.2710858507248,3785.0266239522507,63583.063948539,31791.531974269503,31117.99942493051,4.2846616911441815e-05,4.2842650108142864e-05,5.4341426352050074e-08,2.413522758797695,0.10625495975746042,0.09813072603650502
2013-09-16,1565,rolling,select,pca_only,8,20,log_euclidean,0.01,0.0007183964226692299,4569.463346456624,1318.310456806125,5110.942794092769,2555.471397046382,2092.5695362727693,3.125949210953402e-05,3.1255525306235066e-05,6.729627422141002e-07,3.204053471428597,0.18463359400433596,0.17138039289967824
2013-09-16,1565,ledoit_wolf,select,pca_only,8,20,log_euclidean,0.01,0.0006769671703047234,8688.77349144618,1917.2379015638671,352.7010481694035,176.3505240847019,-244.44375821123185,4.597464678528689e-05,4.597067998198794e-05,9.268061543402505e-06,1.1333871703533493,0.034531998760581946,0.01829510566064449
2013-09-16,1565,persistence,select,pca_only,8,20,log_euclidean,0.01,0.0006765167446982916,3276.986874393272,999.9135236286189,12182.559281242478,6091.279640621237,5588.08069818312,4.6914496218438876e-05,4.6910529415139924e-05,1.3924214494893097e-07,1.907376485675562,0.06760692296199818,0.05395681180584576
2013-09-23,1570,D2_pca8_hmm3,select,pca_only,8,20,log_euclidean,0.01,0.0006929395871408786,2017.454192901674,3983.603919362174,85626.4698354347,42813.23491771736,41781.02456642327,9.204368776203878e-05,9.204064454456643e-05,4.482267419198099e-08,2.3558857419216306,0.11171755579622404,0.10349980100179264
2013-09-23,1570,rolling,select,pca_only,8,20,log_euclidean,0.01,0.0006865695265583525,4646.989309800071,961.2980765753028,7351.50562578739,3675.7528128936956,3204.6873732241324,3.62899324485837e-05,3.6286889231111364e-05,5.229332736324413e-07,3.1440804259021955,0.18681028434054012,0.17457086271471728
2013-09-23,1570,ledoit_wolf,select,pca_only,8,20,log_euclidean,0.01,0.0006897111179579917,7972.512669477457,1512.8779567709066,396.6353932819817,198.31769664099068,-221.2458825782036,3.420308631534136e-05,3.420004309786902e-05,8.873309996898763e-06,1.4783914746643365,0.061594030867000514,0.03559921440521322
2013-09-23,1570,persistence,select,pca_only,8,20,log_euclidean,0.01,0.0006756381979986183,3329.8860040920945,1003.5993787008531,15136.811353222882,7568.405676611439,7044.011125701912,8.183811550313353e-05,8.183507228566119e-05,1.6136331546946808e-07,2.1578799257431207,0.07351349464115964,0.07319208883629208
2013-09-30,1575,D2_pca8_hmm3,select,pca_only,8,20,log_euclidean,0.01,8.005333166980867e-05,2009.8789215708669,4519.154019007416,23483.790246948574,11741.895123474278,11174.444810147928,5.215189185637614e-05,5.2150633339761e-05,6.220625831410793e-08,2.2051415115123985,0.08643553563163274,0.0808089665702743
2013-09-30,1575,rolling,select,pca_only,8,20,log_euclidean,0.01,0.00017644728130877796,4775.186510146172,854.9101956450486,2441.2028487460884,1220.601424373046,773.5875550978301,3.1527525199181005e-05,3.1526266682565865e-05,6.573381989684174e-07,2.9182433561729524,0.17304116278807888,0.1612551335491055
2013-09-30,1575,ledoit_wolf,select,pca_only,8,20,log_euclidean,0.01,0.00011075577167147241,8814.703418972622,1620.7032917754673,331.91346627651205,165.95673313825623,-273.2153110555807,4.666084523086239e-05,4.665958671424725e-05,8.990894397748065e-06,1.0799859374265497,0.030407873549648173,0.015918571389841714
2013-09-30,1575,persistence,select,pca_only,8,20,log_euclidean,0.01,0.0006860307583792192,3453.6128316472586,1096.0628658473754,3736.966217770271,1868.4831088851374,1416.3164046859588,4.253253670497116e-05,4.253127818835602e-05,2.3724399290544066e-07,1.842746517142845,0.054691435578325766,0.054238799435793426
2013-10-07,1580,D2_pca8_hmm3,select,pca_only,8,20,log_euclidean,0.01,8.345712122898109e-05,2132.9686072131044,4723.9712513614,48781.72014570282,24390.8600728514,23729.968649514725,2.857361664482675e-05,2.8571826265410297e-05,5.975521412580082e-08,2.987782580644029,0.16401172685559065,0.15458104819191448
2013-10-07,1580,rolling,select,pca_only,8,20,log_euclidean,0.01,0.00016261722298855814,4744.7371320829325,739.4342552424425,2994.8360394481483,1497.4180197240717,1046.7426111358006,3.538475169313873e-05,3.538296131372228e-05,5.655583373793478e-07,2.9027446376069075,0.1662919533448846,0.1597656420817269
2013-10-07,1580,ledoit_wolf,select,pca_only,8,20,log_euclidean,0.01,9.578949526835523e-05,8593.538242073686,1251.6287814526534,327.48816654726625,163.74408327363307,-271.6928105059227,3.5274096845191244e-05,3.527230646577479e-05,9.340342028720437e-06,1.1660694040722,0.0367359521013001,0.018729516889745817
2013-10-07,1580,persistence,select,pca_only,8,20,log_euclidean,0.01,0.0006671685159996025,3579.1558825832426,1035.4415856404005,4129.686506688287,2064.8432533441473,1603.5456271805592,1.945751412881334e-05,1.945572374939689e-05,3.4061390434915953e-07,2.1384785325364004,0.08807042337475335,0.07724258038179678
2013-10-14,1585,D2_pca8_hmm3,select,pca_only,8,20,log_euclidean,0.01,6.713920842505937e-05,2087.7672567313757,5692.90661233558,20866.886478609154,10433.443239304579,9896.590525220226,5.257151695732285e-05,5.2568680724995004e-05,8.742071752236726e-08,2.4225472618583774,0.10506842664931838,0.09973907861184941
2013-10-14,1585,rolling,select,pca_only,8,20,log_euclidean,0.01,0.0001501527706191444,4671.872478722194,711.9698492875433,2872.2995837978524,1436.1497918989285,971.4298882188107,5.806181732138305e-05,5.80589810890552e-05,5.124494759716835e-07,2.7852972519819867,0.1520612270734546,0.14604219324127407
2013-10-14,1585,ledoit_wolf,select,pca_only,8,20,log_euclidean,0.01,6.292638515231376e-05,8449.153683708042,825.4268013162534,330.483148010743,165.24157400537135,-274.78913822831623,3.345184272025045e-05,3.34490064879226e-05,1.0841235574511643e-05,1.336806753247363,0.04871026681686692,0.02793686573888363
2013-10-14,1585,persistence,select,pca_only,8,20,log_euclidean,0.01,0.0006620809658640909,3483.10507017397,1088.6603863750156,3433.8502405469208,1716.9251202734636,1255.1331717349042,3.60275433381676e-05,3.6024707105839755e-05,3.831103178074291e-07,2.1741511365167487,0.10868772710759883,0.07822593827894139
2013-10-21,1590,D2_pca8_hmm3,select,pca_only,8,20,log_euclidean,0.01,5.073090673587518e-05,2359.126277872707,3615.620359402511,34060.97472400442,17030.487362002223,16351.226058728373,4.301668299613634e-05,4.301524912541579e-05,5.401805463653884e-08,2.660600647294498,0.11376199361075658,0.11229369259767946
2013-10-21,1590,rolling,select,pca_only,8,20,log_euclidean,0.01,0.00014928962074820405,4577.684243877295,705.4835649931262,2395.553431921416,1197.7767159607029,730.0492705969629,6.018730632469451e-05,6.018587245397396e-05,6.62683137552298e-07,3.1038884667990634,0.1899264336387365,0.18159808212959944
2013-10-21,1590,ledoit_wolf,select,pca_only,8,20,log_euclidean,0.01,5.6787443858113265e-05,8486.218745809872,787.9920246007355,330.7001408353404,165.3500704176705,-278.1184330070902,3.362706856413665e-05,3.36256346934161e-05,1.2047335088616554e-05,1.339709814808461,0.05317819427723093,0.028758115303196725
2013-10-21,1590,persistence,select,pca_only,8,20,log_euclidean,0.01,0.0006806920192732107,3496.1225975533716,1080.935926575627,3170.9914053317552,1585.4957026658735,1122.0275220250385,4.6928673340851475e-05,4.6927239470130926e-05,3.335937099629548e-07,2.1097110254140823,0.07709046710292741,0.06630999245016714
2013-10-28,1595,D2_pca8_hmm3,select,pca_only,8,20,log_euclidean,0.01,0.0005667264277281894,3521.30559506236,1741.7232615448288,3178.4765414780745,1589.2382707390398,1132.3216052143694,3.5769285073424836e-05,3.576806068423245e-05,4.085735275291055e-07,2.283523389963226,0.09272072988751782,0.09240366559248843
2013-10-28,1595,rolling,select,pca_only,8,20,log_euclidean,0.01,0.00015178304069287575,4740.606460484427,683.4662857258968,2154.9375866961163,1077.46879334806,601.2075647794715,7.426828295877059e-05,7.426705856957821e-05,6.246072382326768e-07,3.0042453622950176,0.17479442726069333,0.16728343582609334
2013-10-28,1595,ledoit_wolf,select,pca_only,8,20,log_euclidean,0.01,5.705435413878279e-05,8575.262033255287,985.2875398587285,335.9027211892648,167.95136059463275,-281.5273722309686,3.512448580914124e-05,3.512326141994885e-05,1.138015850681626e-05,1.3119897842600508,0.04766574949680382,0.0261887723244982
2013-10-28,1595,persistence,select,pca_only,8,20,log_euclidean,0.01,8.876787616805136e-05,3572.8485265298136,963.2636620428351,4688.657944909156,2344.3289724545875,1887.8022287129238,5.2615816391308475e-05,5.2614592002116086e-05,1.902713440550936e-07,2.0194924411158,0.06886774132172452,0.06290818252101538
2013-11-04,1600,D2_pca8_hmm3,select,pca_only,8,20,log_euclidean,0.01,6.859370433155857e-05,2060.2042153886514,6121.471006579711,45711.184314839746,22855.59215741986,21858.574563723178,4.936165770356108e-05,4.936036339639006e-05,6.114008085759529e-08,2.686662665593454,0.15677432704735103,0.13976389113255278
2013-11-04,1600,rolling,select,pca_only,8,20,log_euclidean,0.01,0.0001703255652198502,4800.609650037702,803.2128223630232,2799.104181023439,1399.552090511719,916.7998030502324,7.048461926409162e-05,7.048332495692061e-05,6.342934243565599e-07,3.0356648989416497,0.1828067075822767,0.17416419210163234
2013-11-04,1600,ledoit_wolf,select,pca_only,8,20,log_euclidean,0.01,7.652361734611925e-05,8545.758903531378,910.0750533158418,336.2961103595212,168.14805517976066,-276.6877028408014,3.3606561070903953e-05,3.360526676373294e-05,1.0962441906687061e-05,1.2862912408479532,0.04669550025067308,0.024911582082197604
2013-11-04,1600,persistence,select,pca_only,8,20,log_euclidean,0.01,0.00011256329462639332,3625.7046960239195,1069.8772390858792,5205.457978770937,2602.7289893854777,2083.150514146726,5.8266636780194046e-05,5.826534247302303e-05,2.1011102145196968e-07,2.091120448769793,0.06599083489625254,0.06563734578787893
2013-11-11,1605,D2_pca8_hmm3,select,pca_only,8,20,log_euclidean,0.01,7.947583507699607e-05,2225.0763080148126,7261.282132826389,27914.371863906657,13957.185931953341,13156.370779592651,5.340989429516407e-05,5.340921310314238e-05,5.9462970225843685e-08,2.251388600231453,0.09065940136772546,0.08345559293214266
2013-11-11,1605,rolling,select,pca_only,8,20,log_euclidean,0.01,0.00017827621341651352,4852.343761742218,977.7026373039326,2803.2893783094746,1401.6446891547328,925.0223310699141,9.741160672577912e-05,9.741092553375743e-05,6.710259427030266e-07,2.956486280426316,0.19200222792264451,0.18571737354482057
2013-11-11,1605,ledoit_wolf,select,pca_only,8,20,log_euclidean,0.01,6.473221240252243e-05,8580.979174864286,725.6853676511103,342.2513267959911,171.12566339799588,-276.24400527347973,2.375333330838865e-05,2.375265211636696e-05,1.12087623280245e-05,1.2306333893836234,0.05094201052963821,0.023266973521423973
2013-11-11,1605,persistence,select,pca_only,8,20,log_euclidean,0.01,9.930059574919985e-05,3621.9294581995414,1092.3476338115477,5866.994361999496,2933.497180999748,2416.5157686761063,8.539776549261478e-05,8.539708430059309e-05,2.7962062757153846e-07,2.414750914312681,0.09680448732147762,0.09615902806306094
2013-11-18,1610,D2_pca8_hmm3,select,pca_only,8,20,log_euclidean,0.01,5.740598758293564e-05,2202.1313772464864,6887.03798622119,52051.559559816866,26025.779779908436,25004.313717830075,4.727784526522441e-05,4.7277144980275345e-05,5.4889813770337e-08,3.0914229399993607,0.17365934063460325,0.16879868129652806
2013-11-18,1610,rolling,select,pca_only,8,20,log_euclidean,0.01,0.00017907535777590577,4858.589778492065,1037.8915804532287,2774.705287838084,1387.3526439190482,906.8981603137156,8.444259608528872e-05,8.444189580033965e-05,7.169249887057079e-07,3.1175969274064745,0.20325461800864683,0.1956205414258857
2013-11-18,1610,ledoit_wolf,select,pca_only,8,20,log_euclidean,0.01,6.346112017190724e-05,8614.447040029178,770.5307673537579,344.8795175797371,172.43975878986868,-277.23040069556066,3.0057094190659823e-05,3.0056393905710758e-05,1.1315011437079037e-05,1.1861956476228064,0.05031395884729594,0.022107994385376563
2013-11-18,1610,persistence,select,pca_only,8,20,log_euclidean,0.01,9.696410299371839e-05,3563.529023071974,1160.541291050579,6071.446046810613,3035.7230234053113,2519.4368628100287,4.8432481755764695e-05,4.843178147081563e-05,1.748349690250085e-07,2.070724203873271,0.07225053881748875,0.06430012506486035
2013-11-25,1615,D2_pca8_hmm3,select,pca_only,8,20,log_euclidean,0.01,0.009793048027331422,2391.2702946205654,7044.747509131144,180643.6233092249,90321.81165461247,88767.70814195133,7.566698017258668e-05,7.566026002198572e-05,6.57587668463083e-08,2.4499036094891946,0.10819782930824554,0.1010476167664225
2013-11-25,1615,rolling,select,pca_only,8,20,log_euclidean,0.01,0.00988075756521638,5121.620866132434,1048.8840089118412,19083.347851359453,9541.673925679728,9037.47374617286,0.00012127404432455231,0.00012126732417395134,7.840685439835659e-07,3.263117393221136,0.22186698161259125,0.21195533638486563
2013-11-25,1615,ledoit_wolf,select,pca_only,8,20,log_euclidean,0.01,0.00973530341259158,8649.676299617162,772.3930630057321,578.8939556043204,289.44697780216006,-93.45314982698326,4.030604390779144e-05,4.0299323757190485e-05,1.1593425798983182e-05,1.2014367613894856,0.051063465536717645,0.02290630904819453
2013-11-25,1615,persistence,select,pca_only,8,20,log_euclidean,0.01,0.009799633178153019,3789.0474501969884,1318.3346725952838,43301.12861970323,21650.564309851616,20973.108347400343,8.661228790447747e-05,8.660556775387651e-05,1.5176031317231922e-07,2.019598549504223,0.07011192894305303,0.062178248379677704
2013-12-03,1620,D2_pca8_hmm3,select,pca_only,8,20,log_euclidean,0.01,0.009738562823620477,2333.0199303530053,5765.5364195181755,215958.7504755406,107979.3752377703,106348.10606449671,5.5121221319596896e-05,5.510553947734236e-05,4.620965687911472e-08,2.3814755308104303,0.09944061100101066,0.09749213410171363
2013-12-03,1620,rolling,select,pca_only,8,20,log_euclidean,0.01,0.009839815595992571,5143.728689323223,996.3474903077981,18132.925013736127,9066.462506868065,8568.68759696312,0.00013047413448578817,0.00013045845264353365,7.068073957265535e-07,3.2377623280807084,0.19162088621493492,0.18414862575763818
2013-12-03,1620,ledoit_wolf,select,pca_only,8,20,log_euclidean,0.01,0.009689930515502165,8742.724704240203,939.9106117309025,547.8043142414137,273.9021571207069,-113.74826436780897,3.5169176957609564e-05,3.5153495115355026e-05,1.0544680196244628e-05,1.18884443262844,0.04300201451606171,0.020245843114620108
2013-12-03,1620,persistence,select,pca_only,8,20,log_euclidean,0.01,0.009767425701873195,3720.6561688241745,1329.4510343434083,36393.09311507998,18196.54655753999,17594.56919573231,8.165516663077018e-05,8.163948478851564e-05,1.609795495601432e-07,1.904197911563945,0.08887520944858827,0.05897431287191071
2013-12-10,1625,D2_pca8_hmm3,select,pca_only,8,20,log_euclidean,0.01,0.009774153848480186,3098.6748779338986,2533.305075614282,73927.87271527346,36963.93635763674,36126.847320674846,9.210459761099824e-05,9.208284514017111e-05,7.956268289315669e-08,2.026912411396242,0.06345160579619509,0.062465796312106324
2013-12-10,1625,rolling,select,pca_only,8,20,log_euclidean,0.01,0.009760796890246871,5010.82201866999,989.4268014677494,23572.475452139424,11786.237726069707,11204.035012245055,0.00020124630848681436,0.00020122455601598722,5.340268875006002e-07,3.1888315612521594,0.19609538151943084,0.1898149027414405
2013-12-10,1625,ledoit_wolf,select,pca_only,8,20,log_euclidean,0.01,0.009730027885240813,7728.477717197318,807.6721396314204,975.9956012020896,487.9978006010447,95.23243203585636,4.1089006721663224e-05,4.106725425083608e-05,9.145581261752043e-06,1.7396873118304994,0.0938362105580804,0.05669044126250791
2013-12-10,1625,persistence,select,pca_only,8,20,log_euclidean,0.01,0.009779786602762032,3687.212647766444,1256.9073410597384,39913.36498668532,19956.682493342658,19286.632131241524,4.412189804714381e-05,4.410014557631667e-05,1.0153761007571831e-07,1.6269879498763482,0.05356791795463217,0.039979540414408835
2013-12-17,1630,D2_pca8_hmm3,select,pca_only,8,20,log_euclidean,0.01,0.00970126789352874,2250.6912201601012,5745.190984766945,154900.2554694356,77450.1277347178,76563.5267061847,0.00045790941780060953,0.0004578942711779254,7.006147964227366e-08,2.436215999379954,0.10805745072578216,0.10220575657343858
2013-12-17,1630,rolling,select,pca_only,8,20,log_euclidean,0.01,0.009683095126525744,4998.023329516695,914.4269265528219,22334.27902353388,11167.139511766942,10673.157714292782,0.00018262055465092776,0.00018260540802824362,7.640326258961506e-07,3.460387246847665,0.27837923442029827,0.26829369612940396
2013-12-17,1630,ledoit_wolf,select,pca_only,8,20,log_euclidean,0.01,0.009660312480677717,7773.2646673574445,852.0578336625531,941.6567306067461,470.82836530337283,82.90840267711721,2.9398260775260532e-05,2.9383114152576395e-05,1.1326494671720472e-05,1.6733325997340311,0.11053315620590397,0.056697395762032775
2013-12-17,1630,persistence,select,pca_only,8,20,log_euclidean,0.01,0.00971178948266351,3680.0831909020208,1326.292457827676,41352.23402266582,20676.117011332906,20123.62313768673,8.492364630304752e-05,8.490849968036339e-05,1.0172058211851596e-07,1.6295865270697165,0.059697435381139995,0.04204279552967042
2013-12-24,1635,D2_pca8_hmm3,select,pca_only,8,20,log_euclidean,0.01,0.06898870028742822,2314.012077562717,4416.418364298288,406766.6389635225,203383.31948176125,202116.5362650228,6.704243026675448e-05,6.698572511729761e-05,5.6659930842645386e-08,2.239950899082588,0.09123206797738727,0.0878715606903429
2013-12-24,1635,rolling,select,pca_only,8,20,log_euclidean,0.01,0.07051499510262095,5055.374282040732,991.7710048141539,29398.596121042803,14699.298060521403,14280.55165554834,0.0016858113750935991,0.0016857546699441423,1.610464980309975e-06,3.3337936910443875,0.24879301320782243,0.22712516201287314
2013-12-24,1635,ledoit_wolf,select,pca_only,8,20,log_euclidean,0.01,0.06874749495254938,9921.165421784945,1564.3930534423275,611.2899726223422,305.6449863111712,-42.80938644214678,8.663021013793029e-05,8.657350498847343e-05,7.924013844576053e-06,0.9999999999999999,0.01320080171909381,0.010168707924784158
2013-12-24,1635,persistence,select,pca_only,8,20,log_euclidean,0.01,0.07867459040965288,3772.262784312328,1380.6617949104693,19832.76368694092,9916.381843470459,9509.83010827961,0.0006737863439937772,0.0006737296388443203,4.931624676048358e-07,1.5170869595896062,0.053883014191929465,0.03969572053294977
2014-01-02,1640,D2_pca8_hmm3,select,pca_only,8,20,log_euclidean,0.01,0.06880574951219853,2255.1492742922946,4654.732672025844,469037.1517331398,234518.5758665699,234086.3364134669,5.374936018151007e-05,5.368334711322175e-05,6.46329486254781e-08,2.4010532347944875,0.11200594662241166,0.10388312730332741
2014-01-02,1640,rolling,select,pca_only,8,20,log_euclidean,0.01,0.07032128419762398,4995.046276184218,1014.7976627977453,30485.719528587502,15242.859764293753,14866.31195416384,0.002440067102264272,0.0024400010891959837,1.1467937179602198e-06,3.0193331856147676,0.18118127105444923,0.1656287297842119
2014-01-02,1640,ledoit_wolf,select,pca_only,8,20,log_euclidean,0.01,0.06857431699561205,9885.708227369369,1637.9820788817337,624.469496985956,312.23474849297816,-31.599691737660216,0.00010714113683876663,0.00010707512377047832,7.4896394535012674e-06,0.9999999999999999,0.012744659169951407,0.010152915253283714
2014-01-02,1640,persistence,select,pca_only,8,20,log_euclidean,0.01,0.07850105195538179,3881.6895176871108,1287.599668350866,21821.25500073382,10910.62750036691,10550.640551178098,0.0010560419236176639,0.0010559759105493755,5.787976735657364e-07,1.7199298416457371,0.05786664493284996,0.048424942550413214
2014-01-09,1645,D2_pca8_hmm3,select,pca_only,8,20,log_euclidean,0.01,0.06891560863189289,2207.9294105631143,3632.171706491392,457666.7860165748,228833.3930082874,227805.22253629257,9.91790034718165e-05,9.914027217176336e-05,6.698237420190816e-08,2.3963659487642324,0.11310219529209224,0.10171979812336035
2014-01-09,1645,rolling,select,pca_only,8,20,log_euclidean,0.01,0.07045404023708661,5092.188126256294,1352.1038827098328,31883.347846741854,15941.673923370927,15632.081593409579,0.002665274864475236,0.002665236133175183,1.0917669041471515e-06,2.9491277691788342,0.17705765468039983,0.1633620732118216
2014-01-09,1645,ledoit_wolf,select,pca_only,8,20,log_euclidean,0.01,0.06875349381656708,9844.758350851622,2301.569117312542,643.3272471386877,321.6636235693439,-19.375779463528435,0.00016716545340416904,0.0001671267221041159,7.3414971122251325e-06,0.9999999999999998,0.012822710806045854,0.010148036056252219
2014-01-09,1645,persistence,select,pca_only,8,20,log_euclidean,0.01,0.07864857677871268,3869.629148828265,1584.2403703128784,22183.50402709282,11091.75201354641,10749.77465752626,0.0010116364234966878,0.0010115976921966346,5.769132817331174e-07,1.7306621403416396,0.05563908438119831,0.04791071223306503
2014-01-16,1650,D2_pca8_hmm3,select,pca_only,8,20,log_euclidean,0.01,0.06913686309735467,2901.2781546882898,1555.4603517594217,533798.0865131634,266899.0432565817,265487.7874470989,0.0001542969549671015,0.0001542352224120322,2.4222904322363518e-08,1.8663971044017726,0.06309258415530267,0.05174185049054743
2014-01-16,1650,rolling,select,pca_only,8,20,log_euclidean,0.01,0.07055215946233863,5061.392164302684,1076.5372931030204,27518.990468720902,13759.495234360451,13421.925625486256,0.0009386763215821487,0.0009386145890270793,1.1842177623306754e-06,3.1617178157132293,0.19082100946901712,0.17586787889369898
2014-01-16,1650,ledoit_wolf,select,pca_only,8,20,log_euclidean,0.01,0.06887435127101504,9843.753571221318,2092.476090732258,637.5227601167447,318.76138005837225,-22.948657007364872,0.00015104413598560846,0.00015098240343053916,7.820139324467343e-06,1.0000000000000002,0.01363389662898151,0.010226369352855194
2014-01-16,1650,persistence,select,pca_only,8,20,log_euclidean,0.01,0.07863789099663106,3888.964863116441,1291.484778375745,22277.144566536423,11138.572283268211,10758.803945348494,0.00021680710078430694,0.00021674536822923764,5.535975532329799e-07,1.7148752902056252,0.0544047424301389,0.045507199473041625
2014-01-24,1655,D2_pca8_hmm3,select,pca_only,8,20,log_euclidean,0.01,0.0001705594595026442,2089.792369334721,3534.029999709038,91546.21422815618,45773.10711407812,45136.804183995344,5.9575164575665424e-05,5.957334302146827e-05,2.2817472149245872e-08,2.6506381030454804,0.12316054233789145,0.11501653193629609
2014-01-24,1655,rolling,select,pca_only,8,20,log_euclidean,0.01,0.012705542240031144,4954.657915368011,1085.6470721522426,798.9646602713193,399.4823301356635,-34.9523783810895,5.4999445646425496e-05,5.4997624092228345e-05,2.2789946105425194e-06,2.532215056238226,0.13677806639048393,0.11351196836491415
2014-01-24,1655,ledoit_wolf,select,pca_only,8,20,log_euclidean,0.01,0.0003714187715921802,11655.372057263708,1895.1330135545816,425.90281728072046,212.95140864036063,-219.08307302483726,9.879427239539894e-05,9.879245084120179e-05,1.712572878353968e-05,0.9999999999999999,0.011690551192657229,0.010086749353936345
2014-01-24,1655,persistence,select,pca_only,8,20,log_euclidean,0.01,0.06887351763807999,3655.8911509507097,1140.957936031357,754.0259246150524,377.01296230752433,-58.176297639321966,6.706529818522304e-05,6.706347663102588e-05,1.4179513505390117e-06,1.656234970500596,0.08570082847884415,0.04770215731334931
2014-01-31,1660,D2_pca8_hmm3,select,pca_only,8,20,log_euclidean,0.01,9.335522291650545e-05,1945.8706972551595,3793.3037542924653,71198.30340272858,35599.151701364266,34467.01517861016,5.412373861401959e-05,5.412233317402663e-05,2.513817244376902e-08,2.6719514685200654,0.1466495099652391,0.13043849719472858
2014-01-31,1660,rolling,select,pca_only,8,20,log_euclidean,0.01,0.012702092589753342,4978.86075974616,846.2624295909943,617.2919027719057,308.6459513859469,-140.5641767767178,3.755034319836943e-05,3.7548937758376465e-05,2.4675702135775004e-06,2.5656926145205317,0.14523015311242515,0.11881059455284097
2014-01-31,1660,ledoit_wolf,select,pca_only,8,20,log_euclidean,0.01,0.00032743526374223524,11697.255458359698,1754.973253921315,450.3978006976864,225.19890034884332,-221.1731335405512,7.785778109110493e-05,7.785637565111196e-05,1.809121523859898e-05,1.0,0.011830866055878936,0.010110109567832084
2014-01-31,1660,persistence,select,pca_only,8,20,log_euclidean,0.01,0.06876361832548765,3765.615512275487,970.6754134800497,604.7828778557482,302.39143892787354,-149.00057353487216,4.5613836730700547e-05,4.5612431290707585e-05,1.6095894682823105e-06,1.8340180651296238,0.07217550555227838,0.052582221194958804
2014-02-07,1665,D2_pca8_hmm3,select,pca_only,8,20,log_euclidean,0.01,0.0007106805207968401,1978.2146274093489,6567.818122175673,51017.12769877623,25508.56384938812,24499.406220045774,3.2272233993197355e-05,3.2270093047039076e-05,5.258616960486682e-08,2.185240408504511,0.0882908761309426,0.08421149632215275
2014-02-07,1665,rolling,select,pca_only,8,20,log_euclidean,0.01,0.013364627909660648,5101.590229552954,790.8611408191225,1389.2801405928094,694.6400702964102,254.6599956753164,4.4700095263494544e-05,4.4697954317336264e-05,2.547050224401801e-06,2.680712234897109,0.14716756939313805,0.12540849190060957
2014-02-07,1665,ledoit_wolf,select,pca_only,8,20,log_euclidean,0.01,0.0008904929551083456,11739.42907788141,883.361310188797,425.4385085837936,212.71925429189713,-215.5909602227429,3.227161502357616e-05,3.226947407741788e-05,1.911081514299581e-05,1.0000000000000002,0.012149729964014928,0.010126564155378001
2014-02-07,1665,persistence,select,pca_only,8,20,log_euclidean,0.01,0.06961376351929296,3795.408799302374,1582.5250783830584,1112.6586959107105,556.3293479553545,118.40853316629332,3.1821456587464654e-05,3.1819315641306374e-05,2.037941105248103e-06,2.0722837067353526,0.06704493167686207,0.0658234827938717
2014-02-14,1670,D2_pca8_hmm3,select,pca_only,8,20,log_euclidean,0.01,0.0006957157156896744,1995.8300292463077,5055.003087311571,120842.42545709436,60421.21272854719,59134.62267154972,2.7269591276523985e-05,2.7266365853859353e-05,3.3038144179583274e-08,2.8803279253804455,0.13462834006573485,0.12814339264668753
2014-02-14,1670,rolling,select,pca_only,8,20,log_euclidean,0.01,0.01334867234115198,5039.111397008659,709.2510863640849,1363.4634539428237,681.7317269714126,243.23832518524995,4.229463264557985e-05,4.229140722291522e-05,2.9487446502017414e-06,2.852301093543249,0.1714019258139371,0.14455765686583355
2014-02-14,1670,ledoit_wolf,select,pca_only,8,20,log_euclidean,0.01,0.0008836319959471457,11734.58002093295,1197.5107803797282,425.51720947584045,212.75860473792017,-215.7922092224323,4.472767091025796e-05,4.472444548759333e-05,1.9346848583541835e-05,1.0000000000000002,0.012231496453646051,0.010140162186815174
2014-02-14,1670,persistence,select,pca_only,8,20,log_euclidean,0.01,0.0696880414383488,3699.372760580072,1114.7678014708595,1072.0964814840697,536.048240742041,98.17202479995152,3.3885018127689025e-05,3.3881792705024394e-05,2.412355520413818e-06,2.247590235623912,0.08003713309077667,0.0780523169416739
2014-02-24,1675,D2_pca8_hmm3,select,pca_only,8,20,log_euclidean,0.01,0.0006792887985983354,1929.1843555924634,5482.479855692684,83934.64811806504,41967.32405903251,41218.92716693896,3.6197636558218963e-05,3.61943494504123e-05,4.8767007976962826e-08,2.596253931212899,0.12818034875369877,0.11917891479501122
2014-02-24,1675,rolling,select,pca_only,8,20,log_euclidean,0.01,0.013321834182711849,5066.642295615513,754.2240157169574,1456.9585590098516,728.4792795049237,297.986582716337,3.082349760665242e-05,3.082021049884576e-05,3.406700233778416e-06,2.9089847970209286,0.19845056975907183,0.1599748812195529
2014-02-24,1675,ledoit_wolf,select,pca_only,8,20,log_euclidean,0.01,0.0008681814900195678,11727.428774743694,1203.4081842307835,423.2591853855397,211.6295926927698,-215.46117944287212,4.542443680717047e-05,4.5421149699363804e-05,1.9348691714336073e-05,0.9999999999999999,0.012226413625696729,0.010145735965793616
2014-02-24,1675,persistence,select,pca_only,8,20,log_euclidean,0.01,0.0007637276926748357,3542.8656787763057,994.7175214273652,8493.8385008057,4246.91925040286,3778.8290646172964,4.0737014329928e-05,4.073372722212133e-05,2.83418976815047e-07,2.254499992927197,0.08120823802239728,0.08091966586898108
2014-03-03,1680,D2_pca8_hmm3,select,pca_only,8,20,log_euclidean,0.01,0.0007164210905843386,1881.7120640720336,4809.150782509258,120810.67922055883,60405.3396102794,59474.838338858775,1.768017165986987e-05,1.7677381883492382e-05,3.097441413498853e-08,2.463700398054541,0.11735845211846453,0.10724331308636245
2014-03-03,1680,rolling,select,pca_only,8,20,log_euclidean,0.01,0.013312179729747811,4987.458674472054,729.7239143536804,1462.620553760326,731.3102768801652,305.5917413514933,2.7899415916709613e-05,2.7896626140332127e-05,2.658517887033954e-06,2.5920099961773295,0.15516935546794988,0.12928247918299585
2014-03-03,1680,ledoit_wolf,select,pca_only,8,20,log_euclidean,0.01,0.0008961639755455149,11721.412685642039,1392.4268058542984,418.3853255969484,209.1926627984741,-214.86696201487152,5.438732555040549e-05,5.4384535774028e-05,1.9140006750292267e-05,0.9999999999999999,0.012440838562041987,0.01014966450792426
2014-03-03,1680,persistence,select,pca_only,8,20,log_euclidean,0.01,0.0007302680205510383,3447.0916366489782,883.8395867242771,11379.52470669198,5689.762353345989,5219.426675273235,4.3169526629671674e-05,4.316673685329419e-05,2.0126056936352337e-07,2.13175664312785,0.07913065346491106,0.07675852513057808
2014-03-10,1685,D2_pca8_hmm3,select,pca_only,8,20,log_euclidean,0.01,0.0014025356285362915,3294.649632619423,1884.2817049490102,24583.99878715226,12291.999393576129,11967.479755713615,8.304834823762727e-05,8.304438118170588e-05,1.854494060543134e-07,2.2281339678385637,0.08647466331551248,0.08615121134909083
2014-03-10,1685,rolling,select,pca_only,8,20,log_euclidean,0.01,0.012366857503235795,4907.622175618089,799.961784644489,2897.2339954433583,1448.61699772168,1031.5280092649914,3.6913627138582524e-05,3.690966008266113e-05,2.174635529447332e-06,2.9573604578117036,0.16496255965319137,0.14524575082076843
2014-03-10,1685,ledoit_wolf,select,pca_only,8,20,log_euclidean,0.01,0.0013983923221419989,11198.28965490595,1586.8430791935257,378.9939728877005,189.49698644385026,-213.88565397751057,6.523608668209002e-05,6.523211962616863e-05,1.5751649391898933e-05,0.9999999999999999,0.013945726055439662,0.01021915140555773
2014-03-10,1685,persistence,select,pca_only,8,20,log_euclidean,0.01,0.00200314345560799,3571.9895102464866,1273.6837117795556,13167.940296000208,6583.970148000103,6151.99370965225,5.661652722494419e-05,5.66125601690228e-05,2.0113906281690832e-07,1.629917100239052,0.08276896652066104,0.04816469621268562
2014-03-17,1690,D2_pca8_hmm3,select,pca_only,8,20,log_euclidean,0.01,0.0018856116218446807,3831.2284844896926,1050.0151436708375,8436.526331358345,4218.26316567918,3801.431688872433,0.000225360986138003,0.0002253527907426675,4.355313997969512e-07,2.098797960314272,0.06824362897556215,0.06796549204915546
2014-03-17,1690,rolling,select,pca_only,8,20,log_euclidean,0.01,0.012457993417886093,5061.855593962448,919.9715144979853,2777.7325116759016,1388.8662558379524,972.3342421399278,7.434319835013572e-05,7.433500295480022e-05,2.436741884414279e-06,2.9083894639752517,0.17134063294350796,0.15045412142220074
2014-03-17,1690,ledoit_wolf,select,pca_only,8,20,log_euclidean,0.01,0.0015121059483569768,11344.662150451382,2094.144869787571,379.4248078864817,189.712403943241,-210.80511849909004,9.490749480238447e-05,9.489929940704897e-05,1.705222320480902e-05,1.0,0.013495086582703639,0.010231417322070786
2014-03-17,1690,persistence,select,pca_only,8,20,log_euclidean,0.01,0.0020492515273589727,3537.4958736173116,1164.3542306326945,12820.389352378645,6410.194676189323,5956.601448581819,6.927444338140546e-05,6.926624798606996e-05,2.605888416528708e-07,1.881600791870693,0.08060876700283423,0.06138156679638002
2014-03-24,1695,D2_pca8_hmm3,select,pca_only,8,20,log_euclidean,0.01,0.002009954367881906,2664.442352005796,1917.7953885454933,67331.94926142291,33665.974630711455,32769.57445245227,0.00020437558135405273,0.00020436209965116154,6.053902087393216e-08,2.1638273800660945,0.06980291714546955,0.06917753097592912
2014-03-24,1695,rolling,select,pca_only,8,20,log_euclidean,0.01,0.012981216401291212,5066.831440417557,943.0287124233955,3265.779331104832,1632.8896655524163,1226.402642335346,6.187455099190694e-05,6.186106928901575e-05,2.353712581587932e-06,2.9043580195889587,0.16489166755590082,0.1463885957497529
2014-03-24,1695,ledoit_wolf,select,pca_only,8,20,log_euclidean,0.01,0.0020368513279126936,11360.798202436163,2198.7043532281214,371.2613997466243,185.6306998733122,-202.77501290429385,0.00010046134258429241,0.00010044786088140122,1.7239618970851156e-05,1.0,0.013654636907031255,0.010245220674414298
2014-03-24,1695,persistence,select,pca_only,8,20,log_euclidean,0.01,0.002590621932402219,3578.3683701388527,1163.2816535514858,16103.712453100838,8051.856226550415,7579.945590637782,6.912359588309805e-05,6.911011418020687e-05,2.946628567230541e-07,2.0492885683495827,0.07111127300272795,0.06806979134318936
2014-03-31,1700,D2_pca8_hmm3,select,pca_only,8,20,log_euclidean,0.01,0.002053154675147778,2274.12330363236,4265.494888082393,111977.31456151915,55988.657280759566,55114.42627589837,0.00015142663453679775,0.0001514136373592852,7.382804190458007e-08,2.639060635179801,0.12004640248659736,0.112799657742368
2014-03-31,1700,rolling,select,pca_only,8,20,log_euclidean,0.01,0.012998773941580844,5170.016523895363,945.1325578007829,3484.8656146813682,1742.4328073406832,1335.2214822427904,7.537994247135417e-05,7.536694529384163e-05,2.3202859153724026e-06,2.8968915067648755,0.1637435958218002,0.14466887915761034
2014-03-31,1700,ledoit_wolf,select,pca_only,8,20,log_euclidean,0.01,0.002084558182865123,11349.43686024849,1922.3532759208954,368.0058594333981,184.00292971669873,-201.09929330753909,0.00010259478951391982,0.00010258179233640727,1.685985838924823e-05,1.0000000000000002,0.012834205981500415,0.010210282949358463
2014-03-31,1700,persistence,select,pca_only,8,20,log_euclidean,0.01,0.0026471147194552756,3687.4367384112475,1058.3287488907447,15975.811612758594,7987.905806379297,7514.842287427076,0.00010768349569932036,0.00010767049852180781,3.006009582867597e-07,2.034465037331114,0.0882475777465562,0.06576863788110773
2014-04-07,1705,D2_pca8_hmm3,select,pca_only,8,20,log_euclidean,0.01,0.0006796312368112353,2142.482555812292,4616.043409737951,29735.066329522797,14867.53316476142,14166.477003514738,9.629891566155945e-05,9.629455332673322e-05,9.719563732559271e-08,2.2405780718005297,0.0877927451690908,0.08504084180314697
2014-04-07,1705,rolling,select,pca_only,8,20,log_euclidean,0.01,0.0008648275515165602,4888.708878201009,665.3691259216432,2411.1783092199034,1205.5891546099551,749.2033533357975,6.82609394921093e-05,6.825657715728307e-05,9.777511761847833e-07,3.131700503959759,0.1727373832405397,0.16512539535242232
2014-04-07,1705,ledoit_wolf,select,pca_only,8,20,log_euclidean,0.01,0.0006869853620761473,9452.408265500133,1391.4023834018203,334.72056940236615,167.36028470118248,-248.66865826649897,4.196881087302913e-05,4.1964448538202904e-05,1.563090694231384e-05,1.147617660590575,0.03051060099650947,0.018013493823219675
2014-04-07,1705,persistence,select,pca_only,8,20,log_euclidean,0.01,0.0018315694240810215,3424.552077354366,807.538363947034,3877.110821495998,1938.5554107479902,1483.0660703814833,8.703672706549993e-05,8.70323647306737e-05,4.605282573982758e-07,2.1478684611507504,0.06275264901599498,0.06457413532837132
2014-04-14,1710,D2_pca8_hmm3,select,pca_only,8,20,log_euclidean,0.01,0.0006339528935656196,1983.8366111858968,6473.290372295374,113253.90147013609,56626.95073506802,55397.84578168958,4.048032306779445e-05,4.047830222356069e-05,3.239952529933382e-08,2.703974636776156,0.13669771769779723,0.1310063857447254
2014-04-14,1710,rolling,select,pca_only,8,20,log_euclidean,0.01,0.0008895451492778599,4771.206211387203,880.7082885179199,2694.9823540278467,1347.4911770139245,908.1695759683174,9.772120652714389e-05,9.771918568291013e-05,1.7976159101015494e-06,4.109012255071187,0.15140236995942993,0.2844619765670395
2014-04-14,1710,ledoit_wolf,select,pca_only,8,20,log_euclidean,0.01,0.0006184155312512379,9371.815727616726,805.519276576449,346.86301512180734,173.43150756090364,-246.41769553001782,1.7908800459761915e-05,1.7906779615528152e-05,1.7075200111025767e-05,1.1867272228587875,0.03049108938152774,0.019597536676489426
2014-04-14,1710,persistence,select,pca_only,8,20,log_euclidean,0.01,0.001861593312667711,3400.133113066967,1319.6057894275068,3394.5000984498092,1697.2500492248969,1262.432319048736,8.217923089038533e-05,8.217721004615157e-05,6.6280896965561e-07,2.440171443295163,0.07561574757292046,0.08671086677183854
2014-04-22,1715,D2_pca8_hmm3,select,pca_only,8,20,log_euclidean,0.01,8.153520758296438e-05,2821.301376933874,2551.232187839277,17693.265913711206,8846.632956855594,8067.3659703616795,3.452307455071054e-05,3.4521518440625334e-05,5.268954978440281e-08,2.045000733772876,0.05897339338657377,0.05872454315158241
2014-04-22,1715,rolling,select,pca_only,8,20,log_euclidean,0.01,0.00043822373235149787,4749.524120075342,828.470055941916,1358.782490829388,679.39124541469,215.88232292517893,5.700531925223588e-05,5.700376314215067e-05,1.4612491793201197e-06,3.5453510406659277,0.12765411446476072,0.21673627443638552
2014-04-22,1715,ledoit_wolf,select,pca_only,8,20,log_euclidean,0.01,0.00010188959406255886,9618.251116399091,1008.2125848286914,360.76866485606473,180.3843324280322,-264.3207826385402,2.5665556661744822e-05,2.566400055165961e-05,1.3341622784230514e-05,1.0536700714942258,0.02249312750293269,0.014470693504557808
2014-04-22,1715,persistence,select,pca_only,8,20,log_euclidean,0.01,0.0019040012831308226,3562.799086992751,1346.3884457862023,1476.8297006320245,738.4148503160111,268.5149211281019,3.788424734793753e-05,3.788269123785232e-05,8.646902355495831e-07,2.430878492891553,0.06488753649836518,0.08640289168219123
2014-04-29,1720,D2_pca8_hmm3,select,pca_only,8,20,log_euclidean,0.01,3.817619694650777e-05,2057.5593234791027,5005.067221941901,42866.730264956896,21433.365132478455,20303.708793918988,4.855942853169392e-05,4.8558033601452036e-05,2.8672242775375314e-08,2.530820320706706,0.10560645627142212,0.10103889697728916
2014-04-29,1720,rolling,select,pca_only,8,20,log_euclidean,0.01,0.0004307394067527066,4709.666949077328,657.1074324003482,1039.8534668736283,519.9267334368168,46.03156505786084,3.413293075208386e-05,3.4131535821841976e-05,1.4112769755860083e-06,3.521225149871254,0.12355155014852674,0.20361832159659274
2014-04-29,1720,ledoit_wolf,select,pca_only,8,20,log_euclidean,0.01,6.327642495802468e-05,9639.062324284072,1138.4700544413236,380.2698830873133,190.13494154365637,-268.77498065779815,2.6849746541462438e-05,2.684835161122055e-05,1.3182767609693865e-05,1.0553131248776324,0.022612865146580504,0.014636205100105557
2014-04-29,1720,persistence,select,pca_only,8,20,log_euclidean,0.01,0.0019757143283313868,3585.2747260396727,1011.6649219894443,1118.6477977206862,559.323898860342,81.86222420274953,3.4765837088897185e-05,3.47644421586553e-05,8.208442862039213e-07,2.3039126607950005,0.0685772293813384,0.07833869016038666
2014-05-06,1725,D2_pca8_hmm3,select,pca_only,8,20,log_euclidean,0.01,0.001065498031826847,2051.107594712781,5928.93461018445,3423.285251070641,1711.6426255353213,1211.6399954295507,3.3759299186361625e-05,3.3758245132008195e-05,3.257265482028848e-07,2.2313064079139058,0.09032145249670101,0.08347055961541643
2014-05-06,1725,rolling,select,pca_only,8,20,log_euclidean,0.01,0.0004441505356913696,4736.575517034411,690.0669024772445,990.9621524291701,495.4810762145799,17.431760201051933,2.8413553554916403e-05,2.8412499500562977e-05,1.3406230211458291e-06,3.3726481304779194,0.13481711186853926,0.19411016883080204
2014-05-06,1725,ledoit_wolf,select,pca_only,8,20,log_euclidean,0.01,5.729403109105335e-05,9644.308022027806,1069.0184880211493,388.8796346559024,194.43981732795095,-269.79293495061984,2.2949130226440386e-05,2.294807617208696e-05,1.3062209249693812e-05,1.0504370048250362,0.02345455513242475,0.014720745768827396
2014-05-06,1725,persistence,select,pca_only,8,20,log_euclidean,0.01,0.0006536965684699958,3411.9671071147704,969.2950704681436,1920.0322635348375,960.0161317674155,466.60358715809224,3.0897442470013895e-05,3.0896388415660465e-05,3.9429894267782393e-07,2.2508582112481053,0.07209561664911736,0.0734972469266695
2014-05-13,1730,D2_pca8_hmm3,select,pca_only,8,20,log_euclidean,0.01,0.03662401726755963,2308.3384028301657,5806.8028541783515,46996.7392913997,23498.36964569985,22880.197079079102,0.00018836500741789973,0.00018832121135033844,3.697256357937785e-07,2.1874847555594368,0.0882843802451096,0.0813652511363729
2014-05-13,1730,rolling,select,pca_only,8,20,log_euclidean,0.01,0.03560174106448031,4865.412386953069,723.411881658559,17117.231574467638,8558.615787233819,8081.129531888645,0.00038048843075050423,0.00038044463468294294,1.7774190337972874e-06,3.8265222586202934,0.15314410046445795,0.2468708259024773
2014-05-13,1730,ledoit_wolf,select,pca_only,8,20,log_euclidean,0.01,0.03507070765203832,9666.48841241173,1035.586095076653,551.9409743052252,275.9704871526126,-89.96877912761332,0.00010026569264462329,0.00010022189657706198,1.4334490930392208e-05,1.067119734008449,0.02536866678027818,0.015758924732021683
2014-05-13,1730,persistence,select,pca_only,8,20,log_euclidean,0.01,0.03566451160352582,3518.423871017298,941.2562588903094,29037.51818189492,14518.759090947462,13933.064736221311,7.165617639807661e-05,7.161238033051531e-05,2.170904425474096e-07,1.7037624164939666,0.061208786392085955,0.04477429965797609
2014-05-20,1735,D2_pca8_hmm3,select,pca_only,8,20,log_euclidean,0.01,0.035089593313067206,2195.0191211359306,5804.64647382681,422931.9571505418,211465.9785752709,208966.368024685,0.0003070014501117481,0.00030696225563060537,4.93957226212812e-08,2.83009224785605,0.14323209620124064,0.1357791736713975
2014-05-20,1735,rolling,select,pca_only,8,20,log_euclidean,0.01,0.03548640203686013,4902.330602493705,823.4643327614167,16166.967867146497,8083.483933573248,7637.528553435889,0.0011940792919993947,0.0011940400975182519,1.4634557534903092e-06,3.6744694412135197,0.1226405350402601,0.20465078921272942
2014-05-20,1735,ledoit_wolf,select,pca_only,8,20,log_euclidean,0.01,0.03493940803389987,9690.601858373098,798.5917520089477,547.0169801277241,273.5084900638621,-93.65110146698991,9.121635859304229e-05,9.117716411189954e-05,1.4319181118238962e-05,1.0638305911585995,0.024728631341238535,0.01569828952786016
2014-05-20,1735,persistence,select,pca_only,8,20,log_euclidean,0.01,0.03501103470895403,3414.267327422105,1014.6408560624723,52289.14191061563,26144.570955307816,25471.30114291923,9.596722535348858e-05,9.592803087234582e-05,1.6183908081482393e-07,1.9435560966372045,0.0634981339090069,0.05915634456626173
2014-05-28,1740,D2_pca8_hmm3,select,pca_only,8,20,log_euclidean,0.01,0.035514455571833525,2217.0511062287424,6782.804535369081,68709.3622766856,34354.68113834279,33769.973839016646,0.00016320448396152617,0.0001631647967034789,2.670374486349763e-07,2.2598823616781547,0.09390275094781149,0.08633601364119878
2014-05-28,1740,rolling,select,pca_only,8,20,log_euclidean,0.01,0.03517085413594397,4904.734324444307,799.4671553660814,19114.636557003218,9557.318278501609,9125.855028642789,0.0009580554531919833,0.000958015765933936,1.253687388675e-06,3.593240238231224,0.13357913653957032,0.20981787698978027
2014-05-28,1740,ledoit_wolf,select,pca_only,8,20,log_euclidean,0.01,0.03475466237903213,9306.684744495085,730.8850375681418,618.6056125381704,309.30280626908507,-56.77358904447779,0.00010508601036920149,0.0001050463231111542,1.3971363975254439e-05,1.1457542185287397,0.02795472433498606,0.018991119774299438
2014-05-28,1740,persistence,select,pca_only,8,20,log_euclidean,0.01,0.03488378131952774,3448.9913340726434,994.1003160486513,90108.60450271523,45054.302251357614,44418.74455960533,0.00023695759533938094,0.00023691790808133366,1.4970235242190733e-07,2.1271248105277616,0.0708858347016256,0.0738301053132207
2014-06-04,1745,D2_pca8_hmm3,select,pca_only,8,20,log_euclidean,0.01,0.03550883389329701,2220.83399180368,6551.0902782652565,68645.65723282863,34322.828616414314,33728.663132950365,0.00015163856876825808,0.00015156775740365143,2.6703744863498857e-07,2.2598823616782164,0.09390275094780691,0.08633601364120079
2014-06-04,1745,rolling,select,pca_only,8,20,log_euclidean,0.01,0.03515900604949026,4799.594097651149,758.0002644304641,19433.55992461141,9716.779962305707,9288.700978255329,0.0016712676957093286,0.001671196884344722,1.2858122232705616e-06,3.54418399962343,0.12707559001357868,0.2199848607976615
2014-06-04,1745,ledoit_wolf,select,pca_only,8,20,log_euclidean,0.01,0.034755100102103226,9295.135652737747,799.0036415211443,618.5374052148952,309.26870260744715,-57.249288506458505,8.370455032775704e-05,8.363373896315039e-05,1.3045463567126254e-05,1.123954713545696,0.03174539296100631,0.018034932870317766
2014-06-04,1745,persistence,select,pca_only,8,20,log_euclidean,0.01,0.03487477084939816,3444.482088182626,967.0771304862119,97896.93558127509,48948.467790637544,48369.47250985143,0.00024038225021032544,0.0002403114388457188,1.126622643440009e-07,1.959660959628785,0.07250092214864827,0.06218135633206249
2014-06-11,1750,D2_pca8_hmm3,select,pca_only,8,20,log_euclidean,0.01,0.0015439388794814845,2049.6049344563767,8376.881481218923,90224.0703971964,45112.035198598205,42357.616377718696,2.4930475661997414e-05,2.492567592619418e-05,5.351631954012443e-08,2.7142792513697636,0.12818275778987948,0.11917224946645003
2014-06-11,1750,rolling,select,pca_only,8,20,log_euclidean,0.01,0.0075049776683059274,4852.889216729375,2228.3617978358834,2127.590478799967,1063.7952393999792,590.567774908685,2.8422114005400277e-05,2.8417314269597043e-05,2.1613293559523253e-06,3.100227953965764,0.11186913131681277,0.14732360489416552
2014-06-11,1750,ledoit_wolf,select,pca_only,8,20,log_euclidean,0.01,0.0015971379250455742,11139.221231684414,1859.8645404579597,396.572928152674,198.28646407633713,-222.73535313879384,3.057079584746368e-05,3.0565996111660444e-05,1.5183762888416066e-05,1.0,0.012793737453028184,0.010342365005081119
2014-06-11,1750,persistence,select,pca_only,8,20,log_euclidean,0.01,0.03671390488675571,3424.0775182399034,2333.0990671598443,1877.368950448586,938.6844752242929,471.1660480023891,1.2555695516186762e-05,1.2550895780383526e-05,1.2174865651908667e-06,1.8591283426118606,0.06929263851168052,0.05780364432638141
2014-06-18,1755,D2_pca8_hmm3,select,pca_only,8,20,log_euclidean,0.01,0.0039056581318030886,2209.2485010118244,9215.40132013073,9187.202793473532,4593.601396736843,3947.0610919235733,0.00013902762872808932,0.00013902323413282145,3.732661744331927e-07,2.1076899761231846,0.07224508596179467,0.0690617919957094
2014-06-18,1755,rolling,select,pca_only,8,20,log_euclidean,0.01,0.007276401358439382,4673.473230606243,2218.5938020773483,2471.128231362761,1235.5641156813829,754.4070935837766,2.0791266531576203e-05,2.078687193630834e-05,1.7681469839446282e-06,3.0540244064903925,0.11705895962810373,0.14683830939533477
2014-06-18,1755,ledoit_wolf,select,pca_only,8,20,log_euclidean,0.01,0.0015750291212602312,10793.729959224642,1817.6670509385497,386.07383821730025,193.03691910864984,-227.46951917275584,3.1282475959119613e-05,3.127808136385175e-05,1.28918622040487e-05,0.9999999999999999,0.01272382895407331,0.010324355342052125
2014-06-18,1755,persistence,select,pca_only,8,20,log_euclidean,0.01,0.036600874404960786,3405.452614984031,2257.1700936507823,2076.4206477682405,1038.210323884121,568.2903469100575,2.3435552998632754e-05,2.343115840336489e-05,9.073912057822405e-07,1.6939244384211878,0.06335300958011685,0.0435809855464634
2014-06-25,1760,D2_pca8_hmm3,select,pca_only,8,20,log_euclidean,0.01,0.00392820744550751,2214.9336942798086,9036.635293513633,9770.353273205492,4885.176636602702,4234.438024571098,0.00015496574153851076,0.00015496155862765673,3.732661744331946e-07,2.107689976123224,0.07224508596179846,0.06906179199571053
2014-06-25,1760,rolling,select,pca_only,8,20,log_euclidean,0.01,0.007258411586810578,4600.23411784507,1974.7235090936529,2540.4411532776344,1270.2205766388167,788.6492186373578,2.5628334547138774e-05,2.5624151636284747e-05,1.4602496800657954e-06,2.899446461871683,0.0872115865191542,0.1259682416338502
2014-06-25,1760,ledoit_wolf,select,pca_only,8,20,log_euclidean,0.01,0.0015854439590130011,10755.14653008784,1809.2586178527154,381.0690856263701,190.53454281318557,-226.28632887012918,3.3305500987848395e-05,3.330131807699437e-05,1.1546816338815628e-05,0.9999999999999998,0.011878961510712672,0.010186212488275762
2014-06-25,1760,persistence,select,pca_only,8,20,log_euclidean,0.01,0.036397924080427,3483.270181905499,2251.6034439771556,2330.8275392770515,1165.4137696385253,693.0273474617709,7.246632240557882e-05,7.24621394947248e-05,9.407537897711611e-07,1.704669918924018,0.06532577265110838,0.045008659664062894
2014-07-02,1765,D2_pca8_hmm3,select,pca_only,8,20,log_euclidean,0.01,0.0015874506952092732,2480.544549341773,6154.010835513055,54145.82057672973,27072.910288364852,25374.497312597505,0.0001750549325030562,0.00017505018983996013,8.088084424434133e-08,2.6502735824938775,0.10992173673251293,0.10833710892424817
2014-07-02,1765,rolling,select,pca_only,8,20,log_euclidean,0.01,0.007195240265249752,4604.9689947078405,1886.8338003034905,3047.032826947996,1523.516413473998,1041.5527281511108,5.318612700584994e-05,5.318138434275386e-05,1.2752664983590343e-06,2.68942609342652,0.11298305672131714,0.11904734245917833
2014-07-02,1765,ledoit_wolf,select,pca_only,8,20,log_euclidean,0.01,0.0015994847623472747,10566.034270120987,1928.4463141626693,373.15470741230666,186.5773537061538,-226.51688199171764,5.2414699365918974e-05,5.24099567028229e-05,1.056504495598287e-05,1.0,0.012281133698188038,0.010213954653213321
2014-07-02,1765,persistence,select,pca_only,8,20,log_euclidean,0.01,0.036398781128331746,3550.3147437795865,2190.834183635722,2412.7792565267628,1206.3896282633818,739.1497950845876,5.004477358628644e-05,5.004003092319037e-05,1.0471400355530299e-06,1.796637681853702,0.0642254201798607,0.048871205386566426
2014-07-10,1770,D2_pca8_hmm3,select,pca_only,8,20,log_euclidean,0.01,4.744995143938784e-05,2276.1427276325503,3902.3599844469545,19655.243648311007,9827.621824155509,9119.281075389832,5.71603525869934e-05,5.7159279021179885e-05,7.831074444537562e-08,2.8553134193314613,0.08282842044159079,0.12166255229006213
2014-07-10,1770,rolling,select,pca_only,8,20,log_euclidean,0.01,0.005863500528391585,4649.866372080562,1753.438086612084,881.2007975876147,440.6003987938017,-15.455386693407174,3.741737659558217e-05,3.741630302976865e-05,1.5555604620775765e-06,2.840886467767334,0.09897188559495639,0.12229192853271811
2014-07-10,1770,ledoit_wolf,select,pca_only,8,20,log_euclidean,0.01,0.00015222834634759646,10766.98177978567,1396.1809315079258,417.771606976527,208.88580348826358,-241.7620470471158,4.850034707856331e-05,4.849927351274979e-05,1.1729362714272123e-05,1.0,0.012457483233525996,0.01020354941599482
2014-07-10,1770,persistence,select,pca_only,8,20,log_euclidean,0.01,0.0015592561578756945,3333.028567252565,2454.8474878607904,2538.65184677835,1269.325923389194,797.7149048305456,3.560596233342524e-05,3.5604888767611725e-05,2.9595409005584643e-07,1.9033270562088533,0.06155555919837896,0.054934449868277724
2014-07-17,1775,D2_pca8_hmm3,select,pca_only,8,20,log_euclidean,0.01,5.437608695203207e-05,1983.5071969878968,4569.809531778237,35102.22408241691,17551.112041208467,16615.733813392166,7.232284256039301e-05,7.232137453453769e-05,5.3354507585855786e-08,2.7987830980786335,0.14398460658649112,0.1332887855878553
2014-07-17,1775,rolling,select,pca_only,8,20,log_euclidean,0.01,0.0058621957514894355,4600.394920311084,1857.654476259051,878.2733658211205,439.13668291055546,-24.691994609200986,5.097314010926021e-05,5.097167208340489e-05,1.498797229561804e-06,2.840493780687621,0.0921285832369658,0.12155147728549688
2014-07-17,1775,ledoit_wolf,select,pca_only,8,20,log_euclidean,0.01,0.00015447162101275545,10757.099574982823,1600.3315684736444,419.7943580506187,209.89717902530955,-242.35204234105225,5.318242556245821e-05,5.3180957536602894e-05,1.1729681392814111e-05,1.0,0.012529832523121245,0.01019904561739284
2014-07-17,1775,persistence,select,pca_only,8,20,log_euclidean,0.01,0.00156146852356421,3172.760522906565,2609.119218328447,2332.985665399145,1166.4928326996032,681.8204635390148,4.0417564519958004e-05,4.041609649410269e-05,2.8549234375858394e-07,1.8764263675309323,0.05554669874628403,0.0524348653436201
2014-07-24,1780,D2_pca8_hmm3,select,pca_only,8,20,log_euclidean,0.01,3.196531584400036e-05,1880.022927140382,4330.4848236704665,31019.831822539414,15509.915911269702,14634.621516525222,5.4952806371542976e-05,5.4950493753787585e-05,4.118527446249429e-08,2.7558092536971546,0.13402380927865218,0.12882646141781878
2014-07-24,1780,rolling,select,pca_only,8,20,log_euclidean,0.01,0.005864065581991978,4548.374637432361,1898.3943572669316,693.1524534820912,346.57622674104533,-123.43621018341621,4.4672987193874405e-05,4.4670674576119015e-05,1.432997190095118e-06,2.680327313249087,0.132718976275829,0.1176181623424234
2014-07-24,1780,ledoit_wolf,select,pca_only,8,20,log_euclidean,0.01,0.00014493939855143135,10771.906203663717,1748.6973220351304,437.96319776945677,218.98159888472838,-244.42270721031213,5.42522614444854e-05,5.424994882673001e-05,1.1713073805414814e-05,0.9999999999999999,0.013045256053440764,0.010181977560009731
2014-07-24,1780,persistence,select,pca_only,8,20,log_euclidean,0.01,0.001573116546026724,3263.3151446020897,2607.542001241548,1768.850096372169,884.4250481861449,397.38569031800176,4.2663215929319436e-05,4.2660903311564046e-05,2.8694004987838547e-07,1.8269766822568652,0.04766424673518659,0.04953536510295577
2014-07-31,1785,D2_pca8_hmm3,select,pca_only,8,20,log_euclidean,0.01,1.4979923667690136e-05,1865.577426175822,5488.919015456393,19976.553289804404,9988.2766449022,9369.663768453105,2.571697728646952e-05,2.571593966813801e-05,4.1338887800792615e-08,2.6234607672081975,0.11510012430058547,0.11050847218543
2014-07-31,1785,rolling,select,pca_only,8,20,log_euclidean,0.01,0.0058540440020400895,4467.121557965362,1638.0215080375535,588.0743118659825,294.03715593299455,-188.63308571735848,2.7364363615550265e-05,2.7363325997218754e-05,1.4877701997405677e-06,2.7511244559258254,0.1212259555828694,0.1203522201320267
2014-07-31,1785,ledoit_wolf,select,pca_only,8,20,log_euclidean,0.01,0.00012248402355829398,10771.545067447663,1213.8942801524079,463.7798333508546,231.889916675427,-246.63259091273045,2.5854493732485655e-05,2.5853456114154144e-05,1.1455764999668714e-05,1.0,0.013020560472801462,0.0101693906730775
2014-07-31,1785,persistence,select,pca_only,8,20,log_euclidean,0.01,0.0015770915513536902,3248.135519783562,2111.6348958645995,1349.886324460415,674.9431622302224,195.11694025827717,2.1371733991156658e-05,2.1370696372825147e-05,3.780042482141667e-07,1.978843962251569,0.06327397368530525,0.06163968431652345
2014-08-07,1790,D2_pca8_hmm3,select,pca_only,8,20,log_euclidean,0.01,1.487934871248102e-05,2080.9047987506674,5454.829811458371,17845.98859441199,8922.994297205998,8376.07612375425,3.6984338169630594e-05,3.698351379003526e-05,5.710336398981218e-08,2.8090061329870086,0.1431401460605029,0.1381885065512305
2014-08-07,1790,rolling,select,pca_only,8,20,log_euclidean,0.01,0.0058301802232335696,4532.125797413137,1495.7624954899075,555.7550482116319,277.8775241058145,-208.83735119893245,1.7376277914389043e-05,1.7375453534793707e-05,1.8349757748682664e-06,3.0855354352197093,0.10450995123105676,0.1426246409707942
2014-08-07,1790,ledoit_wolf,select,pca_only,8,20,log_euclidean,0.01,0.00012070036204751952,10792.963529692437,911.9965169136835,478.4537882079982,239.226894103999,-246.94371570488215,1.5169501119867348e-05,1.5168676740272012e-05,1.2026240271311727e-05,1.0000000000000002,0.012483119327532434,0.010178081245104355
2014-08-07,1790,persistence,select,pca_only,8,20,log_euclidean,0.01,6.223829040217804e-05,3278.776736720445,1090.0337518587553,3074.0211603341186,1537.0105801670697,1070.1540880370583,1.988854035326715e-05,1.9887715973671814e-05,1.3940837174654739e-07,1.9275983845189344,0.06943338764261622,0.05814839551212601
2014-08-14,1795,D2_pca8_hmm3,select,pca_only,8,20,log_euclidean,0.01,9.35001988941285e-06,1741.3064699080396,6414.130079511518,31038.868553753877,15519.434276876931,14669.206222976069,2.6576307410143732e-05,2.6575134697297186e-05,3.44021392795248e-08,3.0367215276459296,0.15820695524079634,0.15936873496659973
2014-08-14,1795,rolling,select,pca_only,8,20,log_euclidean,0.01,0.005825593116152001,4484.95630734546,1453.1208438436593,526.6532995534615,263.3266497767323,-229.481198044104,2.4318432608429084e-05,2.4317259895582538e-05,1.8966359232934653e-06,3.1242172061908104,0.08974279749590104,0.14528912199480984
2014-08-14,1795,ledoit_wolf,select,pca_only,8,20,log_euclidean,0.01,0.00012125998884181264,10798.132749632852,922.2310233166321,482.26456372566224,241.13228186283166,-247.32757132527337,1.6068152423167047e-05,1.60669797103205e-05,1.2335412024595472e-05,1.0000000000000002,0.01268479928964991,0.010187107070326589
2014-08-14,1795,persistence,select,pca_only,8,20,log_euclidean,0.01,6.0376561700978515e-05,3221.873239920649,1181.8120455684118,2905.846493228162,1452.9232466140788,933.6601214258153,1.9234748375152456e-05,1.923357566230591e-05,1.7384392943137216e-07,2.146671824485103,0.07064036011681857,0.07436725632585521
2014-08-21,1800,D2_pca8_hmm3,select,pca_only,8,20,log_euclidean,0.01,1.1217463823489552e-05,1752.7760992875703,6868.064676985894,20428.500807741333,10214.250403870663,9540.63818265696,3.736241536686056e-05,3.736168979288867e-05,3.9570393531971425e-08,2.6762256108460165,0.12161352698998314,0.1244458857189845
2014-08-21,1800,rolling,select,pca_only,8,20,log_euclidean,0.01,0.000251979408239629,4287.567613636219,1448.7480391632303,1106.5274100502813,553.263705025121,55.47449595526946,2.231972574803788e-05,2.2319000174065987e-05,8.567915861484701e-07,4.0077870695378515,0.11205677459414642,0.23432957334614044
2014-08-21,1800,ledoit_wolf,select,pca_only,8,20,log_euclidean,0.01,7.341304242659095e-05,8005.5525920875525,972.5450513259501,355.8055887525065,177.90279437625335,-310.3861374709617,1.1092850901132716e-05,1.1092125327160825e-05,1.0595270166579061e-05,1.5228939976141374,0.048571290571543274,0.03570386423321647
2014-08-21,1800,persistence,select,pca_only,8,20,log_euclidean,0.01,3.968107468638698e-05,2995.2427631704522,1282.7829443355376,3363.2919678535677,1681.6459839267732,1172.8523054864313,1.1812411949417712e-05,1.181168637544582e-05,1.976661773808474e-07,2.5079343711379845,0.1013513153179262,0.10595399740736462
2014-08-28,1805,D2_pca8_hmm3,select,pca_only,8,20,log_euclidean,0.01,2.0854800748656104e-05,1901.838361848697,3467.213005398092,27570.572887972143,13785.286443986073,13173.593768940225,3.525453362717146e-05,3.525208047383311e-05,3.20675467836792e-08,2.6582062380478124,0.12216391339193297,0.11365842932697671
2014-08-28,1805,rolling,select,pca_only,8,20,log_euclidean,0.01,0.00024827848575162187,4286.919471923289,1765.5152386674538,1207.4182772838233,603.709138641913,116.63400136471064,2.8323690877740352e-05,2.8321237724402e-05,8.445586991308972e-07,3.861382929975021,0.14364122772201726,0.2369575327427235
2014-08-28,1805,ledoit_wolf,select,pca_only,8,20,log_euclidean,0.01,8.289665821361634e-05,7996.623405048322,1728.9728181391329,333.8802817781604,166.94014088908006,-307.4453578551944,2.759087618630019e-05,2.7588423032961838e-05,1.0251892782846943e-05,1.4686785863639138,0.04993012416369904,0.033369654939633696
2014-08-28,1805,persistence,select,pca_only,8,20,log_euclidean,0.01,2.7585135686461898e-05,3005.4042749298633,1111.79004395894,5492.645341319243,2746.3226706596324,2254.9764485518253,3.4952951784918796e-05,3.4950498631580445e-05,8.99875324338471e-08,1.9797545572988393,0.09489601692318586,0.06651761678075077
2014-09-05,1810,D2_pca8_hmm3,select,pca_only,8,20,log_euclidean,0.01,4.1544124647762754e-05,1814.0908201345637,2804.805982320245,27516.161114986535,13758.080557493266,13053.469105213808,5.903039926677217e-05,5.902702892450914e-05,3.796861785844967e-08,2.8379640498119296,0.11522924107992252,0.14107559625141233
2014-09-05,1810,rolling,select,pca_only,8,20,log_euclidean,0.01,0.0002613135838704954,4344.043770172598,2102.9656931811573,1344.282061980159,672.1410309900682,193.7729644113386,2.4644152894566362e-05,2.4640782552303327e-05,7.165527259545808e-07,3.5730614288029154,0.15077792284043948,0.2069101633687723
2014-09-05,1810,ledoit_wolf,select,pca_only,8,20,log_euclidean,0.01,0.00010326802301332685,7949.52028532237,2152.069878842678,323.98836681272434,161.99418340636203,-306.77838991463034,4.026505190563702e-05,4.026168156337398e-05,9.348365838444537e-06,1.4623172788960475,0.048055860615119114,0.032682701409212575
2014-09-05,1810,persistence,select,pca_only,8,20,log_euclidean,0.01,5.3528940231291567e-05,2970.9032351851642,1542.3562271667354,6719.287293939266,3359.6436469696364,2885.1492675245263,5.141326910404773e-05,5.14098987617847e-05,6.333420953079609e-08,1.9065778016124966,0.05243412439838667,0.05518385318804848
2014-09-12,1815,D2_pca8_hmm3,select,pca_only,8,20,log_euclidean,0.01,0.000156840083900128,1917.3344445099901,1594.7273924878307,32841.969288959786,16420.9846444799,15795.233121225698,5.7600830996922395e-05,5.7590456169086496e-05,3.806689742792251e-08,2.9964705450817872,0.09169347048232655,0.13499967536945726
2014-09-12,1815,rolling,select,pca_only,8,20,log_euclidean,0.01,0.00036137214466469916,4338.8366192663825,2781.9578872616685,1754.789843728496,877.3949218642398,413.3320167399453,9.233287813316363e-05,9.232250330532773e-05,6.144297697887467e-07,3.2928464884633573,0.1388260336200382,0.18410863899724897
2014-09-12,1815,ledoit_wolf,select,pca_only,8,20,log_euclidean,0.01,0.00022332783142651542,7933.924865943942,3060.848852819697,305.8139725809996,152.90698629049933,-296.25145603452876,0.00010305358552027288,0.00010304321069243698,9.180115033593799e-06,1.4959840781531444,0.05282103051324435,0.03336215289457185
2014-09-12,1815,persistence,select,pca_only,8,20,log_euclidean,0.01,0.00017415170395673881,3011.7387882212934,2118.796092719855,9198.559347211261,4599.279673605631,4178.669055028429,0.00010346559793444662,0.00010345522310661072,8.256823117068513e-08,2.103077612431289,0.08644928623198408,0.07490102027706994
2014-09-19,1820,D2_pca8_hmm3,select,pca_only,8,20,log_euclidean,0.01,0.00019155633707859703,2058.519415784647,2379.945697160401,29894.21467761431,14947.107338807156,14193.183389729349,0.00011718997022169082,0.00011718179111087389,5.387050157842367e-08,2.460688964733098,0.10905306267183978,0.10356865100206523
2014-09-19,1820,rolling,select,pca_only,8,20,log_euclidean,0.01,0.00020406196136059617,4338.659254476266,1135.873410101032,4801.169208668002,2400.5846043340034,1937.4038786866943,0.00014735703221086327,0.00014734885310004633,3.22214751025928e-07,3.5033629798153805,0.12453515073998213,0.18755562672789391
2014-09-19,1820,ledoit_wolf,select,pca_only,8,20,log_euclidean,0.01,0.00023197195427224904,6919.9011778430395,1699.84261069272,351.05773489706826,175.52886744853419,-259.411388597687,0.00012840680128723154,0.0001283986221764146,6.009471277908572e-06,2.0438050008745767,0.07851864398985084,0.06292408064809213
2014-09-19,1820,persistence,select,pca_only,8,20,log_euclidean,0.01,0.00024644503959943037,3199.3850538468414,1903.6406042676545,15355.862993824727,7677.931496912371,7232.976231919469,0.00012538645752699246,0.00012537827841617552,5.74778799474784e-08,1.8127265510090906,0.06302244113445343,0.052019306501311625
2014-09-26,1825,D2_pca8_hmm3,select,pca_only,8,20,log_euclidean,0.01,0.00032203392702483233,2502.319700298106,1420.0341947044935,37366.054160693544,18683.027080346765,18081.917691253522,9.098799179961736e-05,9.097853592672303e-05,4.25443587541829e-08,2.3611585537245534,0.08966798008933684,0.08930822583502702
2014-09-26,1825,rolling,select,pca_only,8,20,log_euclidean,0.01,0.00029124818871121704,4303.088462565473,855.8570783580599,4826.225139579267,2413.112569789633,1920.010429599882,0.00015623791980802918,0.00015622846393513487,5.148484749943689e-07,4.305700173008822,0.13033505502382994,0.2844945752707071
2014-09-26,1825,ledoit_wolf,select,pca_only,8,20,log_euclidean,0.01,0.00032563107853873037,6738.95120775927,1277.215112617061,385.39561958941965,192.69780979471008,-236.04462250076548,0.00012915526548365385,0.00012914580961075953,7.500682257394594e-06,2.5566616444201764,0.08815758790532624,0.09886455771311846
2014-09-26,1825,persistence,select,pca_only,8,20,log_euclidean,0.01,0.0002799878849676307,3312.8394646162337,831.3811342714073,12019.086873152914,6009.543436576463,5467.198608185597,0.0001418515389767037,0.00014184208310380939,1.9779701824695862e-07,2.82865195524816,0.11151163667060852,0.1309115018777481
2014-10-03,1830,D2_pca8_hmm3,select,pca_only,8,20,log_euclidean,0.01,0.00040791188595545153,3574.469477765253,875.9759105380456,4004.012910917513,2002.0064554587466,1552.9354146254104,0.0001470379278035369,0.000147027860091354,3.748667643806916e-07,2.119480183230035,0.07103267684789516,0.07070581114497806
2014-10-03,1830,rolling,select,pca_only,8,20,log_euclidean,0.01,0.0003146820597288336,4418.98375091735,617.2956314634405,6941.140571268004,3470.570285633999,2921.9194033037306,0.0001679642327570793,0.00016795416504489642,5.301624388448143e-07,4.32120137625652,0.16833225669922952,0.30941412849550226
2014-10-03,1830,ledoit_wolf,select,pca_only,8,20,log_euclidean,0.01,0.0003465728947580273,6569.031337319395,866.6237136377856,512.4087667455469,256.2043833727737,-167.18333199003905,0.00012960683495459504,0.00012959676724241215,7.049086538972333e-06,2.7603060780090285,0.10041261420511453,0.12260159968865698
2014-10-03,1830,persistence,select,pca_only,8,20,log_euclidean,0.01,0.00026225716603471127,3436.2317499431147,629.0299464957767,13140.168361802862,6570.084180901425,6053.195577252723,0.00013087921961066318,0.0001308691518984803,2.6552450516407726e-07,3.176956870111039,0.13612156416558394,0.15478268826464125
2014-10-10,1835,D2_pca8_hmm3,select,pca_only,8,20,log_euclidean,0.01,0.0018417845813915791,3742.579448716584,1228.5223662931571,2712.206167298747,1356.1030836493678,934.5739262419772,7.658973483828286e-05,7.658642695778961e-05,3.416071656393356e-07,1.6620609546660836,0.056860857224119515,0.04076097204001243
2014-10-10,1835,rolling,select,pca_only,8,20,log_euclidean,0.01,0.00010648389591016988,4418.102016844722,755.5590991306614,6033.584866374284,3016.7924331871454,2509.9306575884752,0.00020344704262162703,0.00020344373474113378,1.188271392834848e-06,6.174460865058424,0.1947898333472254,0.6008051477242845
2014-10-10,1835,ledoit_wolf,select,pca_only,8,20,log_euclidean,0.01,0.0001121759894031653,6386.487763363293,529.1374066155861,581.3773343912708,290.68866719563516,-140.22490848396342,9.96775444086318e-05,9.967423652813855e-05,1.0315834186091333e-05,3.7617534626592497,0.11655095155119477,0.21277352882906297
2014-10-10,1835,persistence,select,pca_only,8,20,log_euclidean,0.01,0.0001393735213278044,3476.5606140839145,1349.7098553690284,8217.665354201768,4108.832677100896,3641.7451238751464,6.977844965910583e-05,6.977514177861259e-05,6.623005560705522e-07,4.06936324284155,0.13420190025707557,0.2522558252878211
2014-10-17,1840,D2_pca8_hmm3,select,pca_only,8,20,log_euclidean,0.01,0.00010886533502877349,3557.06369487776,1013.0078309782847,8418.593334411791,4209.29666720589,3777.4563822362666,5.074494320643778e-05,5.074346352719916e-05,7.511771293618158e-08,1.5216657851044655,0.04385741659890782,0.03480116716384738
2014-10-17,1840,rolling,select,pca_only,8,20,log_euclidean,0.01,7.553484351840908e-05,4450.562124333851,888.8791603853931,4342.3304800901615,2171.1652400450753,1708.171166812212,0.00011952499949579123,0.00011952351981655261,1.5757107766923236e-06,6.840671072901749,0.23734150508232912,0.6933958271407693
2014-10-17,1840,ledoit_wolf,select,pca_only,8,20,log_euclidean,0.01,7.096473857242146e-05,6652.747438000537,589.6933285711716,444.30505215643825,222.15252607821876,-218.619936711828,3.077435359704136e-05,3.077287391780274e-05,1.3574014836708655e-05,3.5816098535224254,0.0930976203634103,0.1858304344272965
2014-10-17,1840,persistence,select,pca_only,8,20,log_euclidean,0.01,0.00019655516584133546,3543.323146854165,1442.508792136112,4970.619714839547,2485.3098574197625,2020.166043572429,4.457549956207907e-05,4.457401988284045e-05,7.476028276686823e-07,3.4792169026200255,0.13412197371213752,0.21096742607338692
2014-10-24,1845,D2_pca8_hmm3,select,pca_only,8,20,log_euclidean,0.01,0.0006943077671758519,3460.295697557229,2697.683184277104,3190.539502014138,1595.2697510070702,1137.3095498428318,1.690797588402357e-05,1.690756695890433e-05,4.134207711002872e-07,2.2826102888127084,0.09263123555249962,0.09231528321667197
2014-10-24,1845,rolling,select,pca_only,8,20,log_euclidean,0.01,0.00011102779254484119,4522.901731211138,1564.7352888042135,3281.652220462083,1640.826110231043,1170.228244653392,6.506471908952847e-05,6.506431016440922e-05,1.6803333914250148e-06,6.4026168825904115,0.19976879558079985,0.6465710597286414
2014-10-24,1845,ledoit_wolf,select,pca_only,8,20,log_euclidean,0.01,8.580477688145642e-05,6736.540859779516,1054.78891395983,418.15581724526226,209.07790862263155,-242.67371435449567,2.537383391584164e-05,2.53734249907224e-05,1.4275579822342062e-05,3.5796703238965186,0.1281722860988998,0.20281655653117422
2014-10-24,1845,persistence,select,pca_only,8,20,log_euclidean,0.01,0.00038483955447718166,3550.9584936856636,2228.298015064006,3623.905737936331,1811.9528689681601,1354.8099801082305,9.138372280122899e-05,9.138331387610974e-05,8.382819815876013e-07,3.297853116029337,0.12311683070651391,0.20096842667907028
2014-10-31,1850,D2_pca8_hmm3,select,pca_only,8,20,log_euclidean,0.01,0.0009527932513375357,2330.471061556167,6142.453448910089,94836.7632238619,47418.38161193092,45176.909013375465,2.649829493917661e-05,2.6497269445355033e-05,2.855987200180075e-08,2.3710234885211503,0.09873137652136599,0.0945875636325404
2014-10-31,1850,rolling,select,pca_only,8,20,log_euclidean,0.01,0.0010018431028259223,4476.917332042407,2283.610414040227,6035.731699177269,3017.8658495886525,2452.829806490976,9.301273140208616e-05,9.301170590826459e-05,1.6874069928152223e-06,6.161118929351586,0.23004972467265447,0.5802320779857824
2014-10-31,1850,ledoit_wolf,select,pca_only,8,20,log_euclidean,0.01,0.0009692280770208745,6995.917037747277,1601.1468831101627,582.7885043032899,291.39425215164476,-141.8340667336749,4.573123617415364e-05,4.5730210680332064e-05,1.543638590716854e-05,3.225818281989349,0.12766107358927622,0.16634000871700752
2014-10-31,1850,persistence,select,pca_only,8,20,log_euclidean,0.01,0.0012725219867457528,3484.0487931943107,2760.5212466281337,6151.378226722853,3075.689113361378,2519.5244876709066,6.652569493616446e-05,6.652466944234288e-05,9.203748867766816e-07,3.3834837837179714,0.134549849253409,0.192408090380076
2014-11-07,1855,D2_pca8_hmm3,select,pca_only,8,20,log_euclidean,0.01,0.000977077644769386,2310.1831662043246,8363.66886338845,51557.53407682197,25778.76703841095,24458.024925461566,4.163619648374489e-05,4.163558295549445e-05,7.376119768568828e-08,2.525912362226492,0.10134412354035897,0.10247083789199672
2014-11-07,1855,rolling,select,pca_only,8,20,log_euclidean,0.01,0.0009996364252559515,4543.447507376431,2055.73632496414,6069.4640268970525,3034.7320134485226,2478.951126336632,0.00011990390548808734,0.0001199032919598369,1.8778718405279679e-06,6.030278009703888,0.2306991712853944,0.5991611863213794
2014-11-07,1855,ledoit_wolf,select,pca_only,8,20,log_euclidean,0.01,0.0009690734791587291,7053.7493423294845,1465.2718976300487,575.0978444030102,287.54892220150384,-145.3737149593696,5.894349763616267e-05,5.894288410791223e-05,1.573491626004231e-05,3.1412871035769867,0.12204505658320493,0.16426745115888738
2014-11-07,1855,persistence,select,pca_only,8,20,log_euclidean,0.01,0.0010136843482851442,3447.9494857921923,1715.6022728229827,7181.802966838214,3590.9014834189743,3013.2539503854077,2.4970535667049335e-05,2.4969922138798898e-05,3.749916659810223e-07,2.3997560597632472,0.07987258014263514,0.0967314250136178
2014-11-14,1860,D2_pca8_hmm3,select,pca_only,8,20,log_euclidean,0.01,0.001855105032646587,3969.3812126331754,1477.6092312869869,4306.79350875432,2153.3967543771696,1659.346989131484,4.313652063566167e-05,4.313365492452571e-05,4.731264708700595e-07,1.9358691051928878,0.05717564854379508,0.057029994955835626
2014-11-14,1860,rolling,select,pca_only,8,20,log_euclidean,0.01,0.0009575476263672746,4547.388046182481,1229.2973905221206,6567.64414650457,3283.822073252294,2718.800624185408,6.865484861703118e-05,6.865198290589522e-05,1.7499035852556904e-06,5.6368324470072455,0.21931182402729898,0.5537252392159465
2014-11-14,1860,ledoit_wolf,select,pca_only,8,20,log_euclidean,0.01,0.0009408363243726314,7063.253463915774,950.2975784043764,578.4034376303932,289.20171881519633,-140.5592587486969,6.765390194052488e-05,6.765103622938892e-05,1.5177213820771858e-05,3.0111111847720706,0.12044041329892018,0.1606361898623229
2014-11-14,1860,persistence,select,pca_only,8,20,log_euclidean,0.01,0.0009451506679365271,3408.3653061003265,1131.7974045463166,9680.819216065287,4840.40960803264,4220.158648547199,3.776781751019037e-05,3.776495179905441e-05,1.870584511713676e-07,1.9875015663882114,0.061686303536748206,0.06244867762803118
2014-11-21,1865,D2_pca8_hmm3,select,pca_only,8,20,log_euclidean,0.01,0.0011248242109939562,3188.763914294079,2049.613385172792,14308.97471032139,7154.487355160698,6439.866031431656,0.00016901201083551677,0.00016899447380274552,2.1735410797826283e-07,2.1357676394309992,0.0803192950415543,0.07987103940280098
2014-11-21,1865,rolling,select,pca_only,8,20,log_euclidean,0.01,0.0009761829709959199,4562.427240920573,823.122828773016,6079.050033360798,3039.5250166804035,2470.0782673968665,5.5127617112394134e-05,5.5110080079622884e-05,1.5983779376062703e-06,5.490751242934018,0.1814861551528197,0.5020767527358251
2014-11-21,1865,ledoit_wolf,select,pca_only,8,20,log_euclidean,0.01,0.0009865506365919405,7104.491897278807,804.8257920910795,553.9927354991837,276.9963677495897,-145.0082782697918,6.434724423805484e-05,6.432970720528359e-05,1.4748332626364718e-05,3.010128501934877,0.11572274225487729,0.15526492175185033
2014-11-21,1865,persistence,select,pca_only,8,20,log_euclidean,0.01,0.0010543760771145663,3338.9801800751625,1646.7043601765022,14925.574403401366,7462.78720170074,6700.430669227169,9.426027380183019e-05,9.424273676905894e-05,6.501188836295786e-08,1.3422248456641876,0.05222038472056419,0.02768512844781745
2014-12-01,1870,D2_pca8_hmm3,select,pca_only,8,20,log_euclidean,0.01,0.00025167484481713716,2252.00880993001,3014.9252928739356,84183.03604327014,42091.518021635056,39815.787728447205,0.0001262030158641048,0.00012619459166707234,2.0377773089240608e-08,2.277597023890389,0.07629233547318884,0.07805342595188187
2014-12-01,1870,rolling,select,pca_only,8,20,log_euclidean,0.01,0.00019127865546863875,4579.653701827471,685.9155608475106,2701.9215995829795,1350.9607997914982,850.9707498930371,7.190968693301907e-05,7.190126273598663e-05,1.515059413261987e-06,4.901535847600649,0.1918794974332915,0.4022662935312263
2014-12-01,1870,ledoit_wolf,select,pca_only,8,20,log_euclidean,0.01,0.00018264238158169834,7956.443694849922,1049.0987943915825,326.2129462095636,163.10647310478123,-271.1435531115991,5.923097297303846e-05,5.922254877600602e-05,2.0349199652693268e-05,2.1128349664212136,0.07650370596033376,0.07640680213583967
2014-12-01,1870,persistence,select,pca_only,8,20,log_euclidean,0.01,0.0011212610426432224,3340.041222882219,2535.5505768849193,4385.203018482027,2192.6015092410807,1665.0187203270768,9.091560684441548e-05,9.090718264738303e-05,1.2037209076204216e-07,1.3433753757692652,0.0343047136104876,0.025406365799802717
2014-12-08,1875,D2_pca8_hmm3,select,pca_only,8,20,log_euclidean,0.01,0.00027849067580883223,2132.917558980296,2855.3910623722295,46830.91216183625,23415.45608091814,21920.70365733585,0.00012924878704371586,0.00012923928459877148,5.1712274304331945e-08,2.5776448548499142,0.11586272763402891,0.11982647889431698
2014-12-08,1875,rolling,select,pca_only,8,20,log_euclidean,0.01,0.0003214845630374396,4509.66976374665,955.9278487917072,2256.144719200734,1128.072359600374,645.8982748585738,0.00010611784561352561,0.00010610834316858123,1.5835162035465302e-06,4.651252813993689,0.1573075495078309,0.3658744633605449
2014-12-08,1875,ledoit_wolf,select,pca_only,8,20,log_euclidean,0.01,0.00027308310807747587,8172.371135218817,1570.7760635823602,317.84697709257614,158.923488546288,-272.35564290362856,0.000109605043118222,0.00010959554067327762,1.961553415532865e-05,1.9047815521608706,0.0675527924143602,0.05818798146516191
2014-12-08,1875,persistence,select,pca_only,8,20,log_euclidean,0.01,0.0011793059060206993,3203.2525678430065,2794.1668094198135,4491.351736590146,2245.675868295107,1719.0573228997405,0.00012488893207417373,0.00012487942962922935,1.0849674701166082e-07,1.304289563146923,0.03306616481886966,0.023005930881121166
2014-12-15,1880,D2_pca8_hmm3,select,pca_only,8,20,log_euclidean,0.01,0.00025409207181280465,2259.7385182925123,2343.551671173688,43434.46349738367,21717.23174869182,20395.512004731874,0.00011793074784565158,0.00011792028710140668,4.876218005923386e-08,2.690596347913749,0.11432650268992774,0.10904247981217871
2014-12-15,1880,rolling,select,pca_only,8,20,log_euclidean,0.01,0.00029559852137518646,4556.403678540972,921.2401279302107,2176.1656350353574,1088.0828175176644,616.1647036266237,0.00010939265841845443,0.00010938219767420952,1.6459870690783203e-06,4.967876017919557,0.17512336332556314,0.36784212499630037
2014-12-15,1880,ledoit_wolf,select,pca_only,8,20,log_euclidean,0.01,0.0002406632602720714,8145.227100382458,1488.8290172886389,317.8126609775064,158.90633048875333,-273.2494544892637,9.493209240057597e-05,9.492163165633106e-05,2.0583649877893452e-05,2.0517061717093723,0.07457068765415263,0.06592082122581926
2014-12-15,1880,persistence,select,pca_only,8,20,log_euclidean,0.01,0.0010800564662027834,3202.6508902892133,1775.1151007674896,3597.029373360738,1798.5146866803598,1292.3060496192206,0.00010791077893887435,0.00010790031819462945,3.1258017733180114e-07,2.05621944737785,0.05325252833153775,0.06164439961540355
2014-12-22,1885,D2_pca8_hmm3,select,pca_only,8,20,log_euclidean,0.01,0.00022102109914572097,1941.6520393479464,4041.4376048430877,58302.85760258619,29151.42880129309,27705.21713725556,8.346018882545922e-05,8.345312004423992e-05,4.837862685804261e-08,2.7840318857738944,0.1384895986386825,0.1410149491964015
2014-12-22,1885,rolling,select,pca_only,8,20,log_euclidean,0.01,0.0002997968408425548,4688.882030586325,960.4979688958003,2303.590326344645,1151.7951631723183,678.552440362859,8.947599385984907e-05,8.946892507862977e-05,1.183886065996879e-06,4.104791595555633,0.14590552535464238,0.263325680153998
2014-12-22,1885,ledoit_wolf,select,pca_only,8,20,log_euclidean,0.01,0.00021997535831359718,8225.960352196562,1342.2018849065644,324.9031778514629,162.45158892573147,-270.3103177547008,7.517363621228684e-05,7.516656743106754e-05,1.8572437559548525e-05,2.022451150857704,0.06674469379829077,0.06380313540898509
2014-12-22,1885,persistence,select,pca_only,8,20,log_euclidean,0.01,0.0010745465731651104,3322.194088283274,1247.7358674778634,2994.435708546944,1497.2178542735114,1022.4673699920462,6.216934312662274e-05,6.216227434540344e-05,9.767389090768656e-07,3.21355303302916,0.11141079714946753,0.15987872804074324
2014-12-30,1890,D2_pca8_hmm3,select,pca_only,8,20,log_euclidean,0.01,0.00023802807913473896,2089.519816443407,2250.112261081868,72245.39922710265,36122.69961355132,35483.43222332014,0.0001577376634209281,0.0001577316365303313,2.67760048607469e-08,2.689400646454491,0.11966333052902584,0.11669263921551855
2014-12-30,1890,rolling,select,pca_only,8,20,log_euclidean,0.01,0.0002518078201041579,4739.92605810179,1027.9685016143274,2388.76650275923,1194.3832513796115,755.4681377569193,0.0001242990717554415,0.0001242930448648447,9.610064549725712e-07,3.78495654471666,0.12217863391909778,0.21865808945614026
2014-12-30,1890,ledoit_wolf,select,pca_only,8,20,log_euclidean,0.01,0.00019512414932561115,8275.857555607497,1548.1444701635246,310.2901531286874,155.14507656434375,-272.5124991691505,9.76926825380857e-05,9.76866556474889e-05,1.596406789165152e-05,1.8112735171840746,0.06114796784679924,0.051220127848003415
2014-12-30,1890,persistence,select,pca_only,8,20,log_euclidean,0.01,0.00022085760987880526,3333.363842719231,972.720758064511,4561.135716072253,2280.567858036112,1849.0194770219482,0.00011425511560908625,0.00011424908871848945,6.430162051446047e-07,3.366037800908089,0.1101819142389676,0.16916618176554343
2015-01-07,1895,D2_pca8_hmm3,select,pca_only,8,20,log_euclidean,0.01,0.0002393242909885476,2122.825604950612,3800.943112467512,75464.61582248232,37732.30791124114,36728.8074054744,0.0001025827619676293,0.00010258025882159616,4.113802747094662e-08,2.9121777640480397,0.1496664032946112,0.13923506738965885
2015-01-07,1895,rolling,select,pca_only,8,20,log_euclidean,0.01,0.0002726321500287611,4707.082214745933,900.6185109751734,2951.9674802746786,1475.9837401373466,1022.4729402138225,0.0002027823317157504,0.00020277982856971728,1.2058741444265958e-06,4.099342398520205,0.12066393007258572,0.2787115002691594
2015-01-07,1895,ledoit_wolf,select,pca_only,8,20,log_euclidean,0.01,0.00021209374904058718,8203.405232464622,1223.405015752,318.6085737095803,159.3042868547901,-262.16012096986844,9.264742615318637e-05,9.264492300715324e-05,1.602598877397794e-05,1.7958806845624415,0.058780453722990546,0.05068393616383685
2015-01-07,1895,persistence,select,pca_only,8,20,log_euclidean,0.01,0.00026645281918752665,3398.6916104109055,1091.1078587444254,5167.428208430696,2583.7141042153503,2129.9387265863725,0.00022094754220574185,0.00022094503905970873,8.515135797495689e-07,3.6493231044363488,0.14284088272148923,0.21103287689624933
2015-01-14,1900,D2_pca8_hmm3,select,pca_only,8,20,log_euclidean,0.01,0.0002166249141668471,2571.3793113531833,2336.224044885017,73677.29109715992,36838.64554857996,35765.33534807429,9.017592876701734e-05,9.017188280724121e-05,2.5127198034072768e-08,2.173606131380337,0.07376965114374157,0.074402678631021
2015-01-14,1900,rolling,select,pca_only,8,20,log_euclidean,0.01,0.00025869112230486764,4674.0070920070675,808.1276121986324,3409.3415863119844,1704.6707931559818,1244.7758375309327,0.0002850796486086312,0.00028507560264885506,1.2697802091214914e-06,4.387070355154301,0.138578945396543,0.3080104781622877
2015-01-14,1900,ledoit_wolf,select,pca_only,8,20,log_euclidean,0.01,0.00018895178912202695,8110.563733480218,902.7220437037549,332.82242334487427,166.41121167243756,-254.17227084100614,9.459995777200647e-05,9.459591181223035e-05,1.855391338474053e-05,2.0234664849675243,0.07121591224574092,0.06268024419709355
2015-01-14,1900,persistence,select,pca_only,8,20,log_euclidean,0.01,0.0002631978627605546,3478.224946601849,1205.8094558225207,5974.179564271572,2987.089782135794,2538.3023187697668,0.00022591910275229004,0.00022591505679251392,8.648707954426041e-07,3.6746321074330086,0.14012422253351078,0.21969247962194227
2015-01-22,1905,D2_pca8_hmm3,select,pca_only,8,20,log_euclidean,0.01,0.00015658061005862796,2235.416415643482,4622.068820832624,86700.88801832336,43350.44400916167,42074.12340470166,9.111793982605936e-05,9.111586675345071e-05,3.7603113056222456e-08,2.916642272875639,0.16771967896063886,0.15468584952961278
2015-01-22,1905,rolling,select,pca_only,8,20,log_euclidean,0.01,0.0002454130657527305,4662.863000505938,838.2868792267298,2891.537107065599,1445.7685535328064,982.0838663319697,0.00028213492812340015,0.0002821328550507915,1.4866198924067126e-06,4.604626140956718,0.14297813882606986,0.3431729518558802
2015-01-22,1905,ledoit_wolf,select,pca_only,8,20,log_euclidean,0.01,0.00015319530263924265,8141.463983116944,826.6401277161843,331.3198458867979,165.65992294339884,-263.7313937613483,0.00010250201197988029,0.00010249993890727164,1.9753782882678775e-05,2.0399047744748167,0.07007398569389768,0.0654017904964355
2015-01-22,1905,persistence,select,pca_only,8,20,log_euclidean,0.01,0.0002585305039735505,3499.012647056822,1234.9907920728858,5574.46918897834,2787.234594489172,2318.943587737752,0.00017259702867597384,0.0001725949556033652,5.466665912127078e-07,2.8909520751037605,0.13564079372771307,0.14293045077398153
2015-01-29,1910,D2_pca8_hmm3,select,pca_only,8,20,log_euclidean,0.01,7.968951881966471e-05,2578.670869472615,5178.505735187393,21279.657123979407,10639.82856198971,9972.563230387837,2.6703661312295274e-05,2.670237828270559e-05,7.982803915263892e-08,2.546663312353127,0.09726850955919479,0.09731225311534583
2015-01-29,1910,rolling,select,pca_only,8,20,log_euclidean,0.01,0.0002708632844692622,4736.222569270281,1066.7913972480223,2156.6080258874795,1078.3040129437418,607.1152564795605,0.00017555435869515511,0.00017555307566556542,2.193278531579595e-06,5.457534913969064,0.1694943992555884,0.44682543985299167
2015-01-29,1910,ledoit_wolf,select,pca_only,8,20,log_euclidean,0.01,0.00013556859270002163,8213.930768276205,757.7194214188758,333.9046946566847,166.95234732834209,-274.7933316128156,7.796451109049684e-05,7.796322806090717e-05,2.2854763129201536e-05,2.2143804277480434,0.0678238967691454,0.07288799577634857
2015-01-29,1910,persistence,select,pca_only,8,20,log_euclidean,0.01,0.00021397977118318517,3525.6738951655343,1521.6452800515144,4289.355998405588,2144.677999202796,1676.3516791415932,0.00013074897922146566,0.00013074769619187597,5.553348986586221e-07,3.0044783941162123,0.1325216682823714,0.14041911076087854
2015-02-05,1915,D2_pca8_hmm3,select,pca_only,8,20,log_euclidean,0.01,5.173074010169027e-05,3215.3926887794105,1263.5329099378853,9271.664413961618,4635.832206980831,4093.525505504799,5.623256513863917e-05,5.623083975761897e-05,6.147725158357121e-08,1.6321645582680246,0.07201567167271726,0.0404932281884506
2015-02-05,1915,rolling,select,pca_only,8,20,log_euclidean,0.01,0.00029711679125846423,4708.64691480793,999.1938921222356,1482.5704600093236,741.2852300046492,275.2108473837532,0.00014765110091288127,0.00014764937553186106,2.2838186848566413e-06,5.356414079575512,0.19613010903152772,0.4271389271563186
2015-02-05,1915,ledoit_wolf,select,pca_only,8,20,log_euclidean,0.01,0.00013624768237575658,8279.509786775096,676.0698086594787,338.2697300403934,169.13486502019683,-286.3201647922949,7.203625906387059e-05,7.203453368285039e-05,2.4050953701687222e-05,2.274022827930162,0.06674571615821187,0.07840032765008823
2015-02-05,1915,persistence,select,pca_only,8,20,log_euclidean,0.01,0.00022932313885711014,3514.5233821245856,1286.6629761878926,2874.0821464053597,1437.0410732026858,968.7580901846532,7.242363570702876e-05,7.242191032600856e-05,3.7266410736936176e-07,2.3673067312216,0.07863229769541046,0.08397519687979951
2015-02-12,1920,D2_pca8_hmm3,select,pca_only,8,20,log_euclidean,0.01,4.9807280303071335e-05,3420.0815684807903,1165.096392596382,6217.857677156751,3108.928838578385,2601.431756985339,5.457289439465836e-05,5.457061072649071e-05,7.461869333219422e-08,1.6356660785730222,0.04088130985450915,0.038577505212495415
2015-02-12,1920,rolling,select,pca_only,8,20,log_euclidean,0.01,0.00015757359880972548,4668.045040720561,801.2594419327295,1302.6932076086096,651.3466038042973,177.0939622474663,7.608137947297204e-05,7.607909580480439e-05,2.909449571897633e-06,5.967098813962643,0.2601377614622198,0.5974484288816568
2015-02-12,1920,ledoit_wolf,select,pca_only,8,20,log_euclidean,0.01,7.369708818375774e-05,8054.290388187565,719.9025087014284,329.00802900851176,164.50401450425588,-296.8314744042856,4.798079051447655e-05,4.79785068463089e-05,2.5897995421499147e-05,2.4053147690842143,0.07770819216570059,0.0910171734659744
2015-02-12,1920,persistence,select,pca_only,8,20,log_euclidean,0.01,0.0001891332110507465,3557.461247459233,1080.224932521043,2428.678832405645,1214.339416202819,738.6430668332116,8.987600385604542e-05,8.987372018787777e-05,4.1718808717717053e-07,2.3756024163654152,0.10657411111958631,0.09215704146902141
2015-02-20,1925,D2_pca8_hmm3,select,pca_only,8,20,log_euclidean,0.01,0.009557608386220261,2744.1007692297962,1571.7963239870162,214065.5405836616,107032.7702918308,105395.30625425954,0.00018800364358142685,0.00018796926320380236,2.5922322954409883e-08,1.9248100984527996,0.05919584767930649,0.05518790001841418
2015-02-20,1925,rolling,select,pca_only,8,20,log_euclidean,0.01,0.009577380821587187,4804.701401537497,771.9349011890599,18827.560385855813,9413.780192927903,9018.156291206273,0.00027070700889748385,0.0002706726285198594,2.480877088947102e-06,6.204066829276196,0.26425356953919293,0.586058048139106
2015-02-20,1925,ledoit_wolf,select,pca_only,8,20,log_euclidean,0.01,0.009529707812516532,7601.847789090791,761.0370872812064,1145.5372708749348,572.7686354374673,186.47821218044376,6.016732361130016e-05,6.0132943233675674e-05,2.206543091538092e-05,3.093584311505371,0.10370033389589381,0.14309328178530753
2015-02-20,1925,persistence,select,pca_only,8,20,log_euclidean,0.01,0.009601444855448421,3677.9478805128165,1147.0093009433003,24797.49073423942,12398.745367119713,11960.699784258673,9.849725845329712e-05,9.846287807567264e-05,2.4879901624302416e-07,2.0930750646956526,0.06599364543821194,0.06545274938235433
2015-02-27,1930,D2_pca8_hmm3,select,pca_only,8,20,log_euclidean,0.01,0.009536422445357637,2457.2693362516675,2822.286981581498,143078.7766413917,71539.38832069586,70652.59116741059,0.0007394287795195313,0.000739385911757847,6.82730346085091e-08,2.297805151964617,0.08755162893943652,0.08608100051874375
2015-02-27,1930,rolling,select,pca_only,8,20,log_euclidean,0.01,0.009532376644497107,4739.304179656881,740.8652541108961,19815.347132432555,9907.673566216276,9481.153309344681,0.00013803514212253125,0.000137992274360847,1.8392256021193127e-06,5.383445533062225,0.20155145121995843,0.4681306545661662
2015-02-27,1930,ledoit_wolf,select,pca_only,8,20,log_euclidean,0.01,0.009498162164975149,7701.130847939272,924.5370235853525,1041.5187061126712,520.7593530563358,133.46511546886276,9.397959257962971e-05,9.393672481794545e-05,1.9986408331610167e-05,2.8136033628491557,0.08108837451295071,0.11597534825903764
2015-02-27,1930,persistence,select,pca_only,8,20,log_euclidean,0.01,0.009556277846863174,3640.721103790753,1425.9874624483145,33510.3483977528,16755.17419887641,16256.771605766198,0.00014326436407286492,0.00014322149631118067,1.503579851010633e-07,1.8657803581797623,0.06236227414704562,0.05203252284900249
2015-03-06,1935,D2_pca8_hmm3,select,pca_only,8,20,log_euclidean,0.01,0.009573902950647584,2635.6136664826504,2777.8426521592614,70795.25377353471,35397.62688676736,34733.81730240492,0.00030301591678482195,0.0003028844338129566,1.4148746910870406e-07,2.403398836135838,0.09609758458567759,0.09941055987168809
2015-03-06,1935,rolling,select,pca_only,8,20,log_euclidean,0.01,0.009537569582006302,4717.918363322446,783.5489835293318,21688.674277429094,10844.337138714549,10398.017180954923,0.00015743499795386925,0.0001573035149820039,1.592637335086552e-06,5.26787129850583,0.1660224512683878,0.4275052117519418
2015-03-06,1935,ledoit_wolf,select,pca_only,8,20,log_euclidean,0.01,0.00951190332831874,7746.78055138924,1038.5965344627773,965.075218897116,482.53760944855804,95.37393259276247,9.588754826824622e-05,9.575606529638087e-05,1.5131221727964554e-05,2.23173924690026,0.07053558261384273,0.07471461135864257
2015-03-06,1935,persistence,select,pca_only,8,20,log_euclidean,0.01,0.009552216284136624,3439.592605356055,1190.5331343802268,46781.611932070155,23390.805966035074,22811.53449161453,0.0001034862818583644,0.00010335479888649905,1.6730051970025415e-07,2.144910601778048,0.08796796169148335,0.07818978586106591
2015-03-13,1940,D2_pca8_hmm3,select,pca_only,8,20,log_euclidean,0.01,0.00954824123672582,2141.7452054608752,4376.371786259096,277506.40633359697,138753.20316679848,137239.40514540684,7.245094370635374e-05,7.239451320509966e-05,4.9677681976965946e-08,2.7210289780694445,0.11254803384500466,0.12545895948316524
2015-03-13,1940,rolling,select,pca_only,8,20,log_euclidean,0.01,0.009544903539322993,4664.208430767392,648.1306234353551,24341.529939614647,12170.764969807327,11683.07082975952,0.00015339646876448958,0.00015334003826323548,1.9780328644333875e-06,6.157849149704451,0.21919670209260383,0.5686319861637062
2015-03-13,1940,ledoit_wolf,select,pca_only,8,20,log_euclidean,0.01,0.009518304885546554,7452.649244443224,642.5598595000829,1218.1027031485105,609.051351574255,219.4360736638993,4.166483719057594e-05,4.160840668932185e-05,1.831611778569765e-05,3.019614148174613,0.07715093631355353,0.12620604457128135
2015-03-13,1940,persistence,select,pca_only,8,20,log_euclidean,0.01,0.009538603043374715,3404.092769340409,915.725485144126,52267.50136172079,26133.750680860394,25542.054450048297,0.0001113168520754395,0.00011126042157418542,2.0659769615950545e-07,2.593568871819158,0.08058905873364262,0.10787397022281363
2015-03-20,1945,D2_pca8_hmm3,select,pca_only,8,20,log_euclidean,0.01,4.431618699400883e-05,1964.5109271395545,3906.279692547264,43021.75908261601,21510.879541308008,20719.15349988576,4.263154291750654e-05,4.262876765710907e-05,3.134878743791241e-08,2.6936472973249135,0.1119309042363754,0.12287048831077235
2015-03-20,1945,rolling,select,pca_only,8,20,log_euclidean,0.01,0.0015865574182628314,4588.769689449019,649.8769539047736,793.1466140404502,396.573307020224,-71.29653699453358,8.087738558165029e-05,8.087461032125282e-05,2.899106053222033e-06,4.9538178454939565,0.1654341808783807,0.3771209373836113
2015-03-20,1945,ledoit_wolf,select,pca_only,8,20,log_euclidean,0.01,8.253959428896962e-05,9975.195023924582,1503.976805963639,392.91188999078423,196.45594499539243,-260.4978386001523,4.94375642663138e-05,4.943478900591633e-05,1.204146719740756e-05,0.9999999999999998,0.015401219892873162,0.010674390943987868
2015-03-20,1945,persistence,select,pca_only,8,20,log_euclidean,0.01,0.00955613721943613,3399.8055466388187,968.6798421509513,999.7913337042651,499.8956668521346,33.550318089854365,7.088753849371109e-05,7.088476323331362e-05,1.3599799242966073e-06,2.689015059307817,0.0902446194068692,0.11301317549817552
2015-03-27,1950,D2_pca8_hmm3,select,pca_only,8,20,log_euclidean,0.01,0.0001735611437690341,2999.712815417125,3093.9537074653927,6384.564954325373,3192.2824771626792,2717.336329270135,4.7523380902681784e-05,4.7521794279579636e-05,1.906306290930338e-07,2.303658440488607,0.0807414481553511,0.09079208373672554
2015-03-27,1950,rolling,select,pca_only,8,20,log_euclidean,0.01,0.0015928827584788868,4772.486230171318,720.0472316798442,1046.6026020591669,523.3013010295808,57.59806492743404,6.712132535367503e-05,6.711973873057288e-05,2.554952834882953e-06,4.839863471254509,0.1494879125604633,0.340423510097767
2015-03-27,1950,ledoit_wolf,select,pca_only,8,20,log_euclidean,0.01,7.098154348487327e-05,9975.251300932658,1031.2798680371543,391.97633347606074,195.98816673803006,-259.3956264444487,3.596434396156402e-05,3.596275733846187e-05,1.1488449645520618e-05,1.0,0.016734438093920022,0.01061553549629362
2015-03-27,1950,persistence,select,pca_only,8,20,log_euclidean,0.01,0.009532859895285475,3431.6082834401086,1178.9000679820892,1123.794580390944,561.8972901954617,100.29444147619192,6.971766026355597e-05,6.971607364045382e-05,1.5486618477831966e-06,2.7828446750253475,0.0922646022148044,0.1261875592674829
2015-04-06,1955,D2_pca8_hmm3,select,pca_only,8,20,log_euclidean,0.01,0.0006000173284433357,2594.7359364930035,5899.5138143627555,5583.0212090768955,2791.5106045384564,2306.208106268116,5.3669410056029466e-05,5.366821467157198e-05,4.2404379437106536e-07,2.6327477995503226,0.15002714670673908,0.1418187606075012
2015-04-06,1955,rolling,select,pca_only,8,20,log_euclidean,0.01,0.0015923522844322143,4856.50152700875,752.6655631011749,1288.1414826502603,644.0707413251305,183.79676478270596,5.4418731991392365e-05,5.4417536606934876e-05,3.0250333576589633e-06,5.1712260313375955,0.14319063013318742,0.39976825688454776
2015-04-06,1955,ledoit_wolf,select,pca_only,8,20,log_euclidean,0.01,8.079988384054059e-05,9920.950444309097,1004.6825778797845,381.94938759579156,190.9746937978962,-258.329301023129,3.866134947276368e-05,3.866015408830619e-05,1.088274790532967e-05,1.0,0.015914500457880894,0.010537831949633496
2015-04-06,1955,persistence,select,pca_only,8,20,log_euclidean,0.01,0.009548198667816895,3483.717555983145,1123.350954311903,1260.2162484386668,630.1081242193234,173.28322294629422,7.067265511388968e-05,7.067145972943219e-05,2.5369535444733238e-06,3.6379214796968924,0.11659840201340979,0.2024901137421547
2015-04-13,1960,D2_pca8_hmm3,select,pca_only,8,20,log_euclidean,0.01,6.643432897069066e-05,1960.7540853005662,5024.687673484156,53993.70019766695,26996.85009883348,25987.95645860851,4.610414721630362e-05,4.610252264433559e-05,4.567222985899821e-08,2.992587601664181,0.13740037261039195,0.1487250079209321
2015-04-13,1960,rolling,select,pca_only,8,20,log_euclidean,0.01,0.001579671298513696,4662.5066953520245,702.0101042640398,1391.3699460919283,695.6849730459583,239.12272185167188,0.00011075975298543072,0.0001107581284134627,2.312603203014232e-06,4.4978081927922196,0.15111419217531144,0.3313501586634042
2015-04-13,1960,ledoit_wolf,select,pca_only,8,20,log_euclidean,0.01,9.329655186234136e-05,9816.463468642814,1309.1950675664452,369.83581220049007,184.9179061002447,-257.8580141191852,5.1459588420444703e-05,5.145796384847668e-05,9.426501358289055e-06,1.0,0.014386121669421268,0.010399732899148363
2015-04-13,1960,persistence,select,pca_only,8,20,log_euclidean,0.01,0.009534142621784083,3179.0693964384495,832.3609706906377,1238.2324083520411,619.116204176025,167.3745718605245,5.8504241639507145e-05,5.850261706753912e-05,1.4213490683562243e-06,2.7797942495561845,0.07843658394953366,0.11679352546236826
2015-04-20,1965,D2_pca8_hmm3,select,pca_only,8,20,log_euclidean,0.01,8.182095578049265e-05,2687.5153159271385,3634.2572092158935,14934.974861163551,7467.487430581772,6846.171209290062,4.914500574065219e-05,4.914407125634851e-05,7.150892911222166e-08,2.105690842814142,0.06452084728524286,0.0682718765442623
2015-04-20,1965,rolling,select,pca_only,8,20,log_euclidean,0.01,0.0015583129807299988,4585.887874494151,683.7315393215271,1419.0965046447577,709.5482523223742,245.45345529922852,5.18534093805693e-05,5.185247489626562e-05,2.551882233391614e-06,4.79617043078396,0.16445660452739144,0.3748959795119813
2015-04-20,1965,ledoit_wolf,select,pca_only,8,20,log_euclidean,0.01,7.781444048954585e-05,9748.070700983477,1140.035786616944,373.2616642174361,186.63083210871827,-260.58359805747585,3.9517020668606564e-05,3.9516086184302885e-05,8.550338392886657e-06,1.0,0.013922974817981038,0.010305065895574093
2015-04-20,1965,persistence,select,pca_only,8,20,log_euclidean,0.01,6.200685487691722e-05,3128.5835546019625,936.1962534047941,6191.899449543177,3095.9497247715935,2593.086315671023,3.674992818274834e-05,3.674899369844466e-05,2.412710026264446e-07,2.8535556550423773,0.08217161675830317,0.11336122926551587
2015-04-27,1970,D2_pca8_hmm3,select,pca_only,8,20,log_euclidean,0.01,5.406793280958772e-05,2873.368669938124,1593.0387263729854,22450.79022970013,11225.395114850055,10502.135280718052,6.402492273953603e-05,6.402334145967972e-05,4.316793090726889e-08,1.9411239442004589,0.07128051465569524,0.0623655394061709
2015-04-27,1970,rolling,select,pca_only,8,20,log_euclidean,0.01,0.0015608838987398524,4574.996064562994,637.8566489665307,1270.4136882013067,635.2068441006488,170.00101789244016,4.993455222889853e-05,4.993297094904221e-05,2.558270735124963e-06,5.055876619639585,0.13928620231983058,0.3759288193182742
2015-04-27,1970,ledoit_wolf,select,pca_only,8,20,log_euclidean,0.01,7.760302685314556e-05,9746.491079662517,1430.3617502049024,375.97732497648656,187.98866248824382,-261.5630596854723,4.449030300502765e-05,4.448872172517133e-05,8.36892991933831e-06,1.0,0.013329450359211277,0.010255725111688813
2015-04-27,1970,persistence,select,pca_only,8,20,log_euclidean,0.01,6.947631186059278e-05,3493.640823157668,1072.0980612208843,6898.834513004385,3449.417256502192,2913.7103829680223,7.707633364078635e-05,7.707475236093004e-05,1.6691944102588691e-07,2.2538423740060005,0.09711633880689663,0.07740136744335119
2015-05-04,1975,D2_pca8_hmm3,select,pca_only,8,20,log_euclidean,0.01,3.395703940608077e-05,2256.0031820623144,3301.0871702881295,21067.287415120623,10533.643707560308,9783.65898743084,6.273225204203504e-05,6.273059507797684e-05,9.248364541371195e-08,3.4056144974245783,0.09963783255651223,0.17381373071016346
2015-05-04,1975,rolling,select,pca_only,8,20,log_euclidean,0.01,0.0015552070323728625,4554.809154496739,651.7007519783625,1085.325644037011,542.6628220185098,66.69121129978309,5.2955163379321e-05,5.29535064152628e-05,2.4974831680993436e-06,4.933183194813871,0.15781422745112014,0.36130582336139994
2015-05-04,1975,ledoit_wolf,select,pca_only,8,20,log_euclidean,0.01,6.158658040473074e-05,9767.261061453446,1439.6134675536066,388.37798849921774,194.18899424960853,-264.53438636543194,3.491144418888879e-05,3.4909787224830585e-05,8.826424360607197e-06,1.0,0.013486057632924906,0.010287563130092797
2015-05-04,1975,persistence,select,pca_only,8,20,log_euclidean,0.01,7.06948419551388e-05,3499.6916268707655,1091.311213636066,5418.463512159913,2709.231756079978,2155.231825731684,3.784020876675228e-05,3.783855180269408e-05,1.4593946318587816e-07,2.0357352106730833,0.056634075511363284,0.05971018975482854
2015-05-11,1980,D2_pca8_hmm3,select,pca_only,8,20,log_euclidean,0.01,2.630594841179774e-05,2549.8956839081243,1989.646985603934,25001.272437603817,12500.6362188019,11705.140237761898,3.0054621389590208e-05,3.0053182133646603e-05,2.4235251702263054e-08,1.85016684434439,0.052928577527095476,0.05349426498180959
2015-05-11,1980,rolling,select,pca_only,8,20,log_euclidean,0.01,0.0015687987195154227,4548.615976774402,719.6044050341461,1042.2083627035724,521.1041813517849,45.651265854826725,6.423581901632158e-05,6.423437976037798e-05,2.4582960590618106e-06,4.788399251300642,0.16058666882945916,0.3517385524840253
2015-05-11,1980,ledoit_wolf,select,pca_only,8,20,log_euclidean,0.01,5.2077785879139836e-05,9786.737107067906,1157.8804616222205,397.9831487525128,198.99157437625604,-266.01653594660036,2.5972769706743015e-05,2.597133045079941e-05,9.40124671125502e-06,1.0000000000000002,0.013539672843207319,0.010384688537473022
2015-05-11,1980,persistence,select,pca_only,8,20,log_euclidean,0.01,7.483618257195246e-05,3339.4242561982364,1010.9148016005555,3881.0651138995086,1940.5325569497509,1430.1270801446522,2.3740597613289218e-05,2.3739158357345612e-05,1.9842661777397002e-07,2.1246811074172873,0.07837826330562518,0.07102090241599815
2015-05-18,1985,D2_pca8_hmm3,select,pca_only,8,20,log_euclidean,0.01,0.0006474213364861329,2070.867992033852,4449.4838713225245,118177.3688945256,59088.6844472628,58284.699297605584,7.362720949390405e-05,7.361760716537654e-05,3.904480847184783e-08,2.840925078157656,0.12782648430745525,0.12783433562573165
2015-05-18,1985,rolling,select,pca_only,8,20,log_euclidean,0.01,0.002180860448311793,4756.594302943002,675.4225708594148,3837.143812443846,1918.5719062219205,1471.9573140168618,0.0001470917935063974,0.00014708219117786988,2.4229074776817815e-06,4.6281797416087365,0.1714400396966572,0.3500670799254948
2015-05-18,1985,ledoit_wolf,select,pca_only,8,20,log_euclidean,0.01,0.0006546979128591879,9806.596841812663,1466.095571511013,368.00332751094095,184.00166375547047,-245.82049616705825,4.130543726636603e-05,4.1295834937838516e-05,9.338935231903144e-06,1.0000000000000002,0.014397071475133066,0.01037091712997677
2015-05-18,1985,persistence,select,pca_only,8,20,log_euclidean,0.01,0.0006780794364233343,3536.609491536965,1009.6175093576846,12365.882330908564,6182.941165454278,5703.653812848695,2.9832325883050442e-05,2.9822723554522927e-05,1.295130504431465e-07,1.8480308575100743,0.05096458528167273,0.050690242297826316
2015-05-26,1990,D2_pca8_hmm3,select,pca_only,8,20,log_euclidean,0.01,0.017045113943815575,2526.7994273528707,3980.15276318993,165085.1462067543,82542.57310337714,81532.21912262852,6.612450462792647e-05,6.599363549550865e-05,6.609332491014233e-08,2.3710977749617728,0.08477918458143976,0.09075350350360406
2015-05-26,1990,rolling,select,pca_only,8,20,log_euclidean,0.01,0.018538589632736194,4811.024087122831,750.7355643732711,13210.906341666216,6605.453170833109,6183.9800167625635,0.0006385328619534979,0.00063840199282108,1.5726170406579404e-06,3.881549798509368,0.11012200796637737,0.22621313529141934
2015-05-26,1990,ledoit_wolf,select,pca_only,8,20,log_euclidean,0.01,0.016903026111991654,9825.752742909934,1633.4343736675241,469.6984351264182,234.8492175632093,-137.4498089066236,3.914993811482423e-05,3.90190689824064e-05,8.135629428526516e-06,1.0,0.013446431754606209,0.010286383533875551
2015-05-26,1990,persistence,select,pca_only,8,20,log_euclidean,0.01,0.017034172162009465,3488.0330821654798,944.3108020951622,54541.280410322564,27270.64020516128,26692.044125704,2.477702090847985e-05,2.4646151776062022e-05,1.769176810906653e-07,2.1631675053616113,0.0942835951819581,0.07202790711724047
2015-06-02,1995,D2_pca8_hmm3,select,pca_only,8,20,log_euclidean,0.01,0.017109355376813913,2351.019757493284,3265.9376672682156,123341.01298331194,61670.50649165597,60586.99227887545,0.00018402582260755435,0.00018384599376638464,9.637705106309946e-08,2.5671446214823264,0.11171833409150254,0.11116442137539168
2015-06-02,1995,rolling,select,pca_only,8,20,log_euclidean,0.01,0.017087563081986546,4638.326707529987,913.5254636949951,34554.252679125406,17277.126339562703,16776.801003171433,0.00019988239916850957,0.00019970257032733986,7.981110058065675e-07,4.465947057967462,0.1542973223373174,0.32660807646025736
2015-06-02,1995,ledoit_wolf,select,pca_only,8,20,log_euclidean,0.01,0.017078250750654722,7360.386208793079,1378.036858059585,1505.568585723264,752.7842928616321,376.8069824738041,8.115495539132904e-05,8.097512655015934e-05,9.309856095062802e-06,2.063910995934756,0.07361973944143176,0.06562246114589478
2015-06-02,1995,persistence,select,pca_only,8,20,log_euclidean,0.01,0.017107129545367805,3426.214750411651,1058.5169301760845,65893.4823248435,32946.74116242175,32254.837396657436,5.926186350091246e-05,5.9082034659742756e-05,1.675349114587496e-07,2.292402751072227,0.10511668590978943,0.08229963857426853
2015-06-09,2000,D2_pca8_hmm3,select,pca_only,8,20,log_euclidean,0.01,0.017009655966807296,3335.3594527853265,943.6557529284269,38681.53675718441,19340.76837859221,18566.152132695363,0.00024517679806636234,0.0002450090106714325,2.138467312351543e-07,2.230347267889275,0.07601536199615531,0.07712345916374674
2015-06-09,2000,rolling,select,pca_only,8,20,log_euclidean,0.01,0.017007335317610346,4603.373375879259,1114.9024240642682,37631.8712704339,18815.93563521695,18347.078660474795,0.00021417782416528113,0.00021401003677035127,7.595859177764924e-07,4.593375648627145,0.15754565938235876,0.3370798187988733
2015-06-09,2000,ledoit_wolf,select,pca_only,8,20,log_euclidean,0.01,0.01700656978317485,7355.987831926904,1739.374649411639,1526.7952735913552,763.3976367956773,389.1479017088269,4.1094182843150454e-05,4.09263954482206e-05,9.614097803940255e-06,1.983853305259517,0.06191477833060553,0.059700190860365675
2015-06-09,2000,persistence,select,pca_only,8,20,log_euclidean,0.01,0.017041040669259006,3389.007848818017,1332.853328132411,83386.70885795692,41693.35442897846,41054.75244211378,6.772213777831949e-05,6.755435038338963e-05,1.373235319254899e-07,2.3356809000238394,0.0789120489372352,0.07740878776998492
2015-06-16,2005,D2_pca8_hmm3,select,pca_only,8,20,log_euclidean,0.01,0.054894384447039334,1990.045793816381,3044.3740115544674,687571.2282443651,343785.61412218254,335221.3239151983,0.0001805103984127023,0.00018015061464642633,2.490285607877046e-08,2.6489810651232784,0.11067049987042854,0.11680765203252921
2015-06-16,2005,rolling,select,pca_only,8,20,log_euclidean,0.01,0.05467062234619547,4556.52401902574,1054.5215966317878,31533.287245628908,15766.643622814454,15085.346545209706,9.248530905639587e-05,9.21255252901199e-05,6.475965880972334e-07,3.491845547549627,0.11645975928296252,0.20384550096937493
2015-06-16,2005,ledoit_wolf,select,pca_only,8,20,log_euclidean,0.01,0.05471331885845855,8550.228236126788,2406.555508798102,1147.3542470714483,573.6771235357239,228.05473713238916,0.00011302196016096692,0.00011266217639469095,7.546161927915617e-06,1.0433147534018985,0.02576244437496051,0.014153989059354865
2015-06-16,2005,persistence,select,pca_only,8,20,log_euclidean,0.01,0.05541900372022561,3551.243306252916,1059.4849165108315,66908.24742159816,33454.12371079908,32823.466262855574,8.702139961659701e-05,8.666161585032105e-05,4.732765781599706e-07,2.6800387861500354,0.08931656939837322,0.11374269233182321
2015-06-23,2010,D2_pca8_hmm3,select,pca_only,8,20,log_euclidean,0.01,0.03941563589548744,1971.8168563786553,3400.8200436549396,139021.25386196302,69510.62693098151,66943.41397932408,0.00012370577562380937,0.00012351141011402833,3.619159251973971e-08,3.130608125309017,0.1653726116978962,0.16278035219093415
2015-06-23,2010,rolling,select,pca_only,8,20,log_euclidean,0.01,0.04179958223177638,4475.305342379978,856.3282152912177,3530.537828236725,1765.2689141183625,1334.041592387018,0.00010561232697550446,0.00010541796146572341,1.8995187679255137e-06,3.4752216663382165,0.14210771514097742,0.19669829087538693
2015-06-23,2010,ledoit_wolf,select,pca_only,8,20,log_euclidean,0.01,0.039185283696845305,10327.5862889604,2126.6495138074165,465.04986320718467,232.52493160359234,-127.1758757343476,0.00010396117877873142,0.00010376681326895038,9.416299428690876e-06,1.0,0.01235888434750424,0.010121393488801226
2015-06-23,2010,persistence,select,pca_only,8,20,log_euclidean,0.01,0.0561558472694003,3399.836524315704,976.0213466726985,9534.631399153008,4767.315699576504,4335.245164937036,7.823651634793835e-05,7.804215083815731e-05,1.6667834308877548e-06,2.4139281165231052,0.08747632501870667,0.09298235514943172
2015-06-30,2015,D2_pca8_hmm3,select,pca_only,8,20,log_euclidean,0.01,0.03949609298847292,1944.443170326117,4941.995155462615,292430.3018665955,146215.15093329776,142016.57025879849,0.00015254061682311602,0.00015242876029648958,6.961835662819492e-08,3.7990502157687,0.1811040039890241,0.22988802920922424
2015-06-30,2015,rolling,select,pca_only,8,20,log_euclidean,0.01,0.042078955787779614,4697.8169796955435,782.2071325913223,9217.599421898693,4608.799710949346,4150.375442856817,0.0008548857749100192,0.0008547739183833927,2.5973512539328446e-06,3.977373953886625,0.13802241832433024,0.26226476390887676
2015-06-30,2015,ledoit_wolf,select,pca_only,8,20,log_euclidean,0.01,0.03926059695779073,10321.684632924902,1562.7388464629353,476.6512020442783,238.32560102213932,-118.26984397787248,9.982560007795623e-05,9.97137435513298e-05,9.822614264262343e-06,0.9999999999999998,0.01275051460206506,0.010150172471799383
2015-06-30,2015,persistence,select,pca_only,8,20,log_euclidean,0.01,0.056271424590991215,3544.9435032572655,1171.0061265316747,9015.063597043503,4507.5317985217525,4082.5024281865044,0.00019278117738274851,0.00019266932085612207,2.5597015938621415e-06,2.9435915716544967,0.10759561447875213,0.1415706963114114
2015-07-08,2020,D2_pca8_hmm3,select,pca_only,8,20,log_euclidean,0.01,0.04028016530931634,2129.0443083126725,5936.5036629588285,284635.0983986476,142317.5491993238,138066.4308534157,0.00026351161038845144,0.00026342192201602533,2.601183419919605e-08,2.933530914297435,0.14435069194102082,0.1395247421343301
2015-07-08,2020,rolling,select,pca_only,8,20,log_euclidean,0.01,0.04288325463457699,4633.271630456228,1036.8047707885173,9267.23832234277,4633.619161171383,4175.9209677894405,0.0012285539681693171,0.001228464279796891,2.431560426474853e-06,3.8591689773461617,0.14294159551607974,0.24897273333994646
2015-07-08,2020,ledoit_wolf,select,pca_only,8,20,log_euclidean,0.01,0.04004199723727361,10307.361691321961,1037.7073869015676,477.5420931315937,238.7710465657969,-116.51684024731189,8.064620469598557e-05,8.055651632355945e-05,9.775412782954679e-06,1.0,0.013539454522693516,0.010150833026307163
2015-07-08,2020,persistence,select,pca_only,8,20,log_euclidean,0.01,0.0570148551169921,3476.023465510647,1797.6255935634217,9138.56977520459,4569.2848876022945,4139.271371502501,0.0001221858785029794,0.00012209619013055326,2.441284449946749e-06,2.7880981818636164,0.13304299150700066,0.13294293748939204
2015-07-15,2025,D2_pca8_hmm3,select,pca_only,8,20,log_euclidean,0.01,0.00015566195216835734,2075.0014033459956,5217.647042413509,129918.47539564989,64959.23769782494,63658.72355152626,6.61392371536432e-05,6.613730531969845e-05,2.216177312326768e-08,2.716779682692503,0.11382094684698439,0.11901489120669304
2015-07-15,2025,rolling,select,pca_only,8,20,log_euclidean,0.01,0.002717120165834702,4445.383935041367,1125.3209138114735,1631.592991665659,815.7964958328268,373.9307091091747,5.7846556734753745e-05,5.7844624900809e-05,2.527531134006824e-06,4.155246153632674,0.14141090086901423,0.2627469512827401
2015-07-15,2025,ledoit_wolf,select,pca_only,8,20,log_euclidean,0.01,0.00016579212233046566,10250.662245149113,1002.75489060732,364.92531439626083,182.46265719813042,-242.20820740427985,4.7268936251178726e-05,4.726700441723398e-05,1.0157050940486876e-05,1.0000000000000002,0.014321826688113498,0.010201528713867918
2015-07-15,2025,persistence,select,pca_only,8,20,log_euclidean,0.01,0.053813103903137316,3174.3999194148746,1695.2788823853014,703.2182451854267,351.6091225927124,-74.60776593994814,9.50702252340838e-05,9.506829340013904e-05,3.909461344752074e-06,2.536063341239763,0.10389404617762199,0.10416422715638748
2015-07-22,2030,D2_pca8_hmm3,select,pca_only,8,20,log_euclidean,0.01,0.00012443991973886784,2048.595128837047,6184.929669197129,70197.25698525971,35098.62849262984,34126.59842914402,3.964939570704886e-05,3.964803431624821e-05,4.9530197333950244e-08,3.005557518096633,0.14204861732533136,0.15944558278187473
2015-07-22,2030,rolling,select,pca_only,8,20,log_euclidean,0.01,0.008974577458831144,4475.124254735815,885.8512012864102,797.378184070514,398.6890920352594,-32.61959831427946,5.30901654448982e-05,5.308880405409755e-05,4.480517961240802e-06,3.6438651352252673,0.13170994738876607,0.2182356037544515
2015-07-22,2030,ledoit_wolf,select,pca_only,8,20,log_euclidean,0.01,0.00029847660842695833,11545.586571947033,1086.7650104008344,418.8042064353958,209.40210321769828,-221.16508227320455,5.354917473822791e-05,5.354781334742726e-05,1.739598335839559e-05,1.0,0.012067615593839438,0.010132337231667631
2015-07-22,2030,persistence,select,pca_only,8,20,log_euclidean,0.01,0.03924247000939124,3219.9310980199775,1264.3360812610042,883.3840057010461,441.6920028505232,8.788319711923492,7.663292948586598e-05,7.663156809506533e-05,2.962450479761836e-06,2.7867343448398327,0.08833704560557663,0.1245202389186777
2015-07-29,2035,D2_pca8_hmm3,select,pca_only,8,20,log_euclidean,0.01,0.0007363490204996636,2006.0829364174238,1856.0933453688147,51821.69001058684,25910.84500529342,24997.452299466575,0.00019334108917354773,0.00019332669359514124,6.586185858561664e-08,3.257989657364465,0.10368024382240681,0.18109742091834277
2015-07-29,2035,rolling,select,pca_only,8,20,log_euclidean,0.01,0.009178931141109861,4482.023461823482,1342.3285140775247,648.7138250073546,324.35691250367876,-88.85853461088875,0.00020835515103453386,0.00020834075545612737,4.588886437220226e-06,3.690090406432609,0.13342582117912596,0.22048151257982468
2015-07-29,2035,ledoit_wolf,select,pca_only,8,20,log_euclidean,0.01,0.0009632962007104963,11577.79041848996,3752.990939672451,394.8895693309894,197.4447846654952,-215.8676108358739,0.00025958449132137674,0.00025957009574297023,1.7938802214777717e-05,1.0,0.011974117641272305,0.010139927248901805
2015-07-29,2035,persistence,select,pca_only,8,20,log_euclidean,0.01,0.03911204448382535,3338.7679795593403,1622.9626622083895,829.0215716205141,414.51078581026036,-2.0471594561150965,0.00023371204718946093,0.00023369765161105444,2.0737608563913003e-06,2.2116552103560285,0.1029686387927507,0.08551792962944883
2015-08-05,2040,D2_pca8_hmm3,select,pca_only,8,20,log_euclidean,0.01,0.001331366651366745,2171.6092385033926,934.1058256796297,43513.670263296684,21756.835131648335,20648.698848503136,0.0002851101631116898,0.0002850933754312833,4.9455573196412305e-08,2.738027857564261,0.11383863740609705,0.12033472052372123
2015-08-05,2040,rolling,select,pca_only,8,20,log_euclidean,0.01,0.009741665098462061,4515.567022052119,1805.1450242504757,568.1977035971041,284.0988517985506,-133.82131989125298,0.00023602636841399334,0.00023600958073358684,4.743308089381858e-06,3.9564082644006477,0.12193088514189522,0.23394007223224492
2015-08-05,2040,ledoit_wolf,select,pca_only,8,20,log_euclidean,0.01,0.0016227925758412077,11601.731739659952,4736.473038486461,392.9103828038767,196.45519140193846,-214.17391802061766,0.0003544455018533453,0.0003544287141729388,1.834680179066666e-05,0.9999999999999999,0.01212518372083372,0.010154671055015038
2015-08-05,2040,persistence,select,pca_only,8,20,log_euclidean,0.01,0.040455309229497555,3407.904562425624,3007.33290387148,815.1018714090352,407.550935704522,-10.411509246847965,0.0002802068623276344,0.0002801900746472279,1.5898732001606798e-06,2.029855155634274,0.07095235527232725,0.06482791518038085
2015-08-12,2045,D2_pca8_hmm3,select,pca_only,8,20,log_euclidean,0.01,0.0016399447053250928,1968.1665309851717,599.4994356069797,38915.3322019992,19457.66610099959,18433.479565891474,0.00021569072800177403,0.0002156558948841805,9.252786743522502e-08,4.392844250010203,0.1562335042847533,0.2890936513389056
2015-08-12,2045,rolling,select,pca_only,8,20,log_euclidean,0.01,0.010036041715177897,4645.969363600201,2320.219038241882,529.1265516694972,264.56327583475354,-154.02345246963088,0.0003108362147085855,0.00031080138159099197,4.540546815842746e-06,3.575424712668256,0.12401904216579634,0.21674991679992092
2015-08-12,2045,ledoit_wolf,select,pca_only,8,20,log_euclidean,0.01,0.0019072412432326485,11630.124502760485,5355.5139656171505,396.9279259966712,198.46396299833555,-214.15290881475966,0.00039512301667421744,0.00039508818355662393,1.867293895069494e-05,1.0,0.011964197451533513,0.010168744401808335
2015-08-12,2045,persistence,select,pca_only,8,20,log_euclidean,0.01,0.0015404631443712716,3467.664366303622,3576.728886224028,4392.562289703896,2196.2811448519374,1726.756460475266,0.0003283339749844583,0.00032829914186686477,2.254483926194972e-07,1.887267208861829,0.07401155797643055,0.056366404956000364
2015-08-19,2050,D2_pca8_hmm3,select,pca_only,8,20,log_euclidean,0.01,0.0017922989722975965,2141.319372993944,613.54751998998,43202.76742438205,21601.383712191022,20285.20180829108,0.0002951299312812519,0.0002950974109408517,3.606146380607792e-08,2.3977037152897496,0.09076735452622119,0.09825978959071827
2015-08-19,2050,rolling,select,pca_only,8,20,log_euclidean,0.01,0.010189680929867,4534.124213522118,2423.8663897556976,518.1190617617447,259.059530880876,-163.22327311430394,0.0003086597238311437,0.0003086272034907435,4.537331514399902e-06,3.6422797842922305,0.12092573519783954,0.21212043859631557
2015-08-19,2050,ledoit_wolf,select,pca_only,8,20,log_euclidean,0.01,0.002075698916640146,11632.443187594261,5442.003571367941,394.21842385977664,197.10921192988843,-213.54762209455288,0.00041370107917430046,0.0004136685588339002,1.8701841195015973e-05,0.9999999999999998,0.011822068410029907,0.010172253819480044
2015-08-19,2050,persistence,select,pca_only,8,20,log_euclidean,0.01,0.001642124149534389,3325.6710549244963,3391.7002057102695,5428.169933565173,2714.0849667825987,2187.5580271701606,0.0003897944092511568,0.00038976188891075655,1.9379268640508855e-07,1.880074555044526,0.06676716398999367,0.054421927192719766
2015-08-26,2055,D2_pca8_hmm3,select,pca_only,8,20,log_euclidean,0.01,0.00048014740219423977,1900.1347414061795,914.2374425825997,35453.474385369685,17726.737192684846,16825.68345882135,0.00014513012359259104,0.0001451162928534977,7.253851827368416e-08,3.7819339248467494,0.11826949337789092,0.22974268675795256
2015-08-26,2055,rolling,select,pca_only,8,20,log_euclidean,0.01,0.008932168395156101,4441.550558236811,727.1567703935094,435.7491697734491,217.87458488672496,-218.08500033335812,0.00012068719793971021,0.00012067336720061689,9.192611372279589e-06,5.247472454946765,0.16788261358908455,0.4325859814224483
2015-08-26,2055,ledoit_wolf,select,pca_only,8,20,log_euclidean,0.01,0.0007027615588399794,11568.29471501811,4003.3975351456597,414.85583318980537,207.42791659490265,-221.63662211073787,0.00020919397006629518,0.00020918013932720185,2.3603545739115984e-05,1.0,0.012920427568559684,0.010305454789978257
2015-08-26,2055,persistence,select,pca_only,8,20,log_euclidean,0.01,0.0002195741303060677,3203.50255293394,402.3910466054663,2048.281795832985,1024.140897916483,558.2682110515399,0.0001649692630031143,0.00016495543226402096,1.4468021815944772e-06,4.114339783990816,0.11521650677362998,0.2670494820460416
2015-09-02,2060,D2_pca8_hmm3,select,pca_only,8,20,log_euclidean,0.01,0.0003962742205139323,2122.8257066277315,1942.2559908495477,63016.726580821116,31508.363290410547,30671.9467509287,0.00012832467175666814,0.00012831288782594219,2.4071090755057732e-08,2.283031738826165,0.09173275936038842,0.08719123326802754
2015-09-02,2060,rolling,select,pca_only,8,20,log_euclidean,0.01,0.006351365556075584,4474.969275719635,375.2556361155422,683.6269182598023,341.81345912990093,-92.4778927499672,0.00017420482757138733,0.00017419304364066137,7.308734420990131e-06,5.398172976887293,0.2147827889814956,0.49562670148265364
2015-09-02,2060,ledoit_wolf,select,pca_only,8,20,log_euclidean,0.01,0.0005171892550078895,10877.763476169443,3087.107755243073,379.376844793246,189.68842239662294,-236.3811579550089,0.00016671707647599116,0.0001667052925452652,3.0211574954736035e-05,1.003830139386195,0.019090386150664013,0.011913291194254414
2015-09-02,2060,persistence,select,pca_only,8,20,log_euclidean,0.01,0.0005471931979802809,3244.4556388141605,590.3597311429835,2284.6588321906916,1142.329416095351,693.1904445763862,0.00016325983696181994,0.00016324805303109398,1.6984505148286114e-06,4.232185724529195,0.1627617596404199,0.2783177938584852
2015-09-10,2065,D2_pca8_hmm3,select,pca_only,8,20,log_euclidean,0.01,0.0005017133761854182,2095.8036938465107,2281.27187645546,64277.743765139356,32138.87188256967,31144.213934687596,0.00012570620619911662,0.0001256940135840788,4.5326667423883506e-08,2.893519190491053,0.1312769022330667,0.12986926205984273
2015-09-10,2065,rolling,select,pca_only,8,20,log_euclidean,0.01,0.006438524487118245,4521.305652319188,509.0872991154821,918.7579039253926,459.378951962699,31.37517851648091,0.00021615379436832897,0.00021614160175329115,9.580914908926551e-06,6.22271038138135,0.2308651525753847,0.595198564279576
2015-09-10,2065,ledoit_wolf,select,pca_only,8,20,log_euclidean,0.01,0.0006294171447453524,10890.511755962081,2597.7666820675418,364.9588356704683,182.4794178352338,-232.07990120822743,0.00016792122664209238,0.00016790903402705455,3.368207669003211e-05,1.0040448419448527,0.020327414082149615,0.012299556740278956
2015-09-10,2065,persistence,select,pca_only,8,20,log_euclidean,0.01,0.0007602234693847731,3269.4149269509944,984.1745278279543,3225.229094809089,1612.6145474045393,1174.7786236327443,0.0002356652557872837,0.00023565306317224586,2.3853821369277417e-06,5.012050086890927,0.15843414877110554,0.39061859788628234
2015-09-17,2070,D2_pca8_hmm3,select,pca_only,8,20,log_euclidean,0.01,0.00045225757922527047,2532.932388645172,1723.8950021888845,46727.89258600217,23363.946293001092,22454.439079962114,0.00012795717046524136,0.00012794803555157082,4.467560834766738e-08,2.2821799740766817,0.08590103926721834,0.08497772159084532
2015-09-17,2070,rolling,select,pca_only,8,20,log_euclidean,0.01,0.006429705588108921,4633.258566549279,546.3505979148161,999.2514829289339,499.6257414644677,75.61440207760226,0.00022026869580011905,0.0002202595608864485,8.846609631380032e-06,6.167723907914983,0.1806839257242722,0.5628137541712411
2015-09-17,2070,ledoit_wolf,select,pca_only,8,20,log_euclidean,0.01,0.0005989110930696358,10889.714654109062,2415.362493377107,361.86396048716347,180.9319802435813,-231.1569603207197,0.00015930570281629008,0.00015929656790261953,3.516212807387415e-05,1.0072006184495428,0.021452312805372624,0.01261218863000626
2015-09-17,2070,persistence,select,pca_only,8,20,log_euclidean,0.01,0.0008793209239872105,3245.8076488300158,1135.3982899440048,3167.230186021617,1583.6150930108063,1154.7356095981136,0.00021311249882040304,0.0002131033639067325,2.3627942230365346e-06,4.906596488848765,0.1538635176680114,0.36881362454470146
2015-09-24,2075,D2_pca8_hmm3,select,pca_only,8,20,log_euclidean,0.01,0.0002753263382043313,3170.3319039032813,1139.4119165587065,13599.082983956463,6799.541491978229,6217.2110138998905,0.00012332975967353695,0.00012332379484047095,1.122117964982361e-07,1.9215773367294966,0.0565500514241686,0.05701001139048774
2015-09-24,2075,rolling,select,pca_only,8,20,log_euclidean,0.01,0.006415654850803776,4695.115502205787,613.7964534832693,1047.91584306556,523.9579215327818,102.61559450040129,0.00023695795892895806,0.00023695199409589206,8.553220915545918e-06,6.3416974889261715,0.20253273275002914,0.591920427363023
2015-09-24,2075,ledoit_wolf,select,pca_only,8,20,log_euclidean,0.01,0.0004953383629162017,10905.982932197265,1970.0818666720065,364.5192737643102,182.25963688215475,-230.618176812556,0.00013373938465838304,0.00013373341982531704,3.523753566902501e-05,1.0041545860740029,0.02047749440321993,0.012284741137367999
2015-09-24,2075,persistence,select,pca_only,8,20,log_euclidean,0.01,0.00022567639901043687,3183.236420260282,926.3657203472512,5099.446790774052,2549.723395387031,2090.5752523831843,0.00021303942469963266,0.00021303345986656665,1.2365435995869085e-06,4.458677912924823,0.134245971570888,0.30093465250803264
2015-10-01,2080,D2_pca8_hmm3,select,pca_only,8,20,log_euclidean,0.01,0.00029910179928396916,2263.174336461297,5268.662283928832,89069.25036062981,44534.6251803149,42726.62412914851,9.848808172444675e-05,9.848391759770595e-05,2.8294155616249647e-08,2.2483760005147526,0.13438421062263728,0.09034453136561957
2015-10-01,2080,rolling,select,pca_only,8,20,log_euclidean,0.01,0.00046716812515605664,4698.824043328817,1489.468968370464,3092.57112856152,1546.2855642807622,1091.6940007403591,0.0004128316812674071,0.0004128275171406663,3.4384502403977244e-06,6.710848793979951,0.2153062045152028,0.6646194087528291
2015-10-01,2080,ledoit_wolf,select,pca_only,8,20,log_euclidean,0.01,0.00037766095234551,7243.62834440973,1045.9225964654775,468.70662215367406,234.35331107683652,-179.9504440965472,0.00025552377868967206,0.00025551961456293126,2.5842529546232924e-05,4.9373834906581555,0.15351603998045088,0.3383960107537622
2015-10-01,2080,persistence,select,pca_only,8,20,log_euclidean,0.01,0.0003980631674875692,3369.086903863479,1610.0265661616688,6663.241224727063,3331.6206123635347,2826.945604984113,0.0001869631112147752,0.0001869589470880344,1.02183287896787e-06,3.784402496934473,0.15676862993215265,0.24329460612180862
2015-10-08,2085,D2_pca8_hmm3,select,pca_only,8,20,log_euclidean,0.01,0.0007407815434807936,2348.640608399863,6221.014527615303,123044.88996960876,61522.4449848044,60523.137622689464,0.00018342221142334176,0.0001834189523652219,5.719812106547335e-08,3.0894631032019366,0.11689834509889337,0.1480072405223481
2015-10-08,2085,rolling,select,pca_only,8,20,log_euclidean,0.01,0.0011486200943068745,4733.815031813971,2215.5176588508416,4615.568101382261,2307.784050691131,1849.72668545513,0.0004749374254359169,0.000474934166377797,4.7215325184408426e-06,7.400746973026149,0.2629087596621005,0.8536149871683529
2015-10-08,2085,ledoit_wolf,select,pca_only,8,20,log_euclidean,0.01,0.0010200722353580515,7288.7274486858905,1609.109972699213,657.2441520110693,328.62207600553523,-77.96260663283661,0.00020623441837173436,0.0002062311593136145,3.2727166770207805e-05,5.132217897262223,0.18520912200001838,0.40671024325963095
2015-10-08,2085,persistence,select,pca_only,8,20,log_euclidean,0.01,0.001090061339776151,3463.222797264157,1948.7189301694655,7852.793879596221,3926.3969397981236,3493.438008899996,0.00010912247349881666,0.00010911921444069678,1.02948578552913e-06,3.47710535848867,0.1270037907090533,0.19628999871705835
2015-10-15,2090,D2_pca8_hmm3,select,pca_only,8,20,log_euclidean,0.01,0.0007620741836491354,3758.3914237592535,1114.0401636316733,15585.996126962802,7792.998063481407,7313.122069661202,5.7928824470282686e-05,5.7925376738194045e-05,1.0269363736750612e-07,1.6020166045018271,0.04027485091962554,0.03688546403089315
2015-10-15,2090,rolling,select,pca_only,8,20,log_euclidean,0.01,0.0011328457261601046,4694.7245645341845,2118.076952945542,4705.74583556715,2352.8729177835794,1904.9211354384286,0.0004416064822790007,0.00044160303454691204,5.449511407414165e-06,7.743903003519078,0.28132666237301396,0.979310456146842
2015-10-15,2090,ledoit_wolf,select,pca_only,8,20,log_euclidean,0.01,0.0010125962107026061,7236.811788938636,1544.6524852383454,683.9155483975591,341.9577741987785,-62.08787717478617,0.00022125549736895988,0.00022125204963687123,3.472780783989919e-05,5.149678133756452,0.18062857376583052,0.4331228411799256
2015-10-15,2090,persistence,select,pca_only,8,20,log_euclidean,0.01,0.0010590241055194545,3747.453736970582,1731.955545123432,8681.83587763233,4340.917938816158,3879.624200764642,0.0001215886760136793,0.00012158522828159066,9.747495083046201e-07,3.3573477982369764,0.11077012428194356,0.17809986845471618
2015-10-22,2095,D2_pca8_hmm3,select,pca_only,8,20,log_euclidean,0.01,0.0009057091637839223,3895.9332212957693,1127.3766991506686,9820.70735142483,4910.353675712422,4447.744368608592,9.320366010031166e-05,9.319969320486997e-05,2.3838414110428842e-07,1.8319497084741867,0.055928368134937734,0.05090761274866784
2015-10-22,2095,rolling,select,pca_only,8,20,log_euclidean,0.01,0.0010644364118008501,4767.9341240397835,1795.2950576780543,5033.9577648159775,2516.978882407981,2067.662628549681,0.0003284364455213685,0.0003284324786259268,5.32199352428758e-06,7.510165288582721,0.2768881265296454,0.9612587647037236
2015-10-22,2095,ledoit_wolf,select,pca_only,8,20,log_euclidean,0.01,0.0009570633378601382,7277.004097903384,1269.8408968846393,699.5043378003089,349.75216890015514,-51.51755539359308,0.0001717863117739711,0.00017178234487852942,3.4842187555875896e-05,4.945753620258396,0.18809267550309985,0.416643896196765
2015-10-22,2095,persistence,select,pca_only,8,20,log_euclidean,0.01,0.0009523784456835537,3708.542046032849,1257.5460547397352,9246.027239208224,4623.013619604104,4205.009394339022,0.00012650001837850698,0.0001264960514830653,7.18662849163878e-07,2.9464424098528426,0.0895530263880616,0.13650058290868483
2015-10-29,2100,D2_pca8_hmm3,select,pca_only,8,20,log_euclidean,0.01,0.002044281527460202,3993.9361960706797,1195.8579987029025,15768.3092054262,7884.154602713094,7440.992366526293,9.46917425213173e-05,9.468742375205083e-05,1.6147911924620145e-07,1.6839013674906553,0.04106779000738662,0.040874067829463144
2015-10-29,2100,rolling,select,pca_only,8,20,log_euclidean,0.01,0.0023137887315077075,4869.651032286719,1789.8040266049386,5949.495915072567,2974.7479575362886,2575.2780075463515,0.00024273525257282482,0.00024273093380355835,5.1131728853145154e-06,7.429908428295929,0.2267833933854907,0.8668310610936092
2015-10-29,2100,ledoit_wolf,select,pca_only,8,20,log_euclidean,0.01,0.002184154038053188,7435.819498340291,1292.3098050640847,793.4285939634256,396.71429698171227,10.220275552851547,0.00015880740727239223,0.00015880308850312576,3.57734970232616e-05,5.008646821194289,0.15597906439544187,0.3996213508299747
2015-10-29,2100,persistence,select,pca_only,8,20,log_euclidean,0.01,0.002047848578949933,3767.410639700734,1100.8223330931082,11040.577397656798,5520.288698828365,5127.294460265255,0.0001834870219281869,0.00018348270315892042,4.819664609770407e-07,2.3649081648886865,0.08792080291321056,0.08865491999868587
2015-11-05,2105,D2_pca8_hmm3,select,pca_only,8,20,log_euclidean,0.01,0.006057889647945169,3744.902942301782,2036.86841468531,17074.27090947222,8537.135454736102,7750.74431987609,0.0004119643534618859,0.0004119350944852249,4.281108972512579e-07,2.244566741602008,0.09246442994484416,0.09221236812425095
2015-11-05,2105,rolling,select,pca_only,8,20,log_euclidean,0.01,0.005810456242765714,4739.080490248813,1133.2191420682843,6315.129406622123,3157.5647033110527,2618.5725544116976,0.00037229756725477495,0.00037226830827811395,4.5288460664382106e-06,6.5899094475576385,0.28101068347690467,0.7203210849333551
2015-11-05,2105,ledoit_wolf,select,pca_only,8,20,log_euclidean,0.01,0.005690333632189333,8485.018284537899,801.4042081675213,455.96907689729517,227.98453844864744,-158.7328971653235,0.00014974711883535853,0.00014971785985869754,4.9344695589481956e-05,2.7954803222203464,0.09664773705473372,0.12565669395413095
2015-11-05,2105,persistence,select,pca_only,8,20,log_euclidean,0.01,0.006208293852930149,3561.350437050738,1352.6914884219111,9503.947539453697,4751.973769726839,4143.822078025384,0.00017695604674581594,0.00017692678776915494,3.2764276006610033e-07,1.7011123855103614,0.06591628910435443,0.04893091182558472
2015-11-12,2110,D2_pca8_hmm3,select,pca_only,8,20,log_euclidean,0.01,0.005660140461641238,3566.4225807593198,1335.8371796262995,16860.455897432963,8430.227948716512,7684.232794877678,0.0001577276376059839,0.00015768067570409947,3.046051283879013e-07,2.275818582383845,0.08998681097468221,0.08940058186018172
2015-11-12,2110,rolling,select,pca_only,8,20,log_euclidean,0.01,0.005718073403070993,4771.320255066604,882.8496364329906,6290.440946024604,3145.2204730122994,2601.494026114463,0.0003898918540370064,0.00038984489213512194,4.040031950162763e-06,6.370328408524423,0.2229555594803422,0.6638265100957308
2015-11-12,2110,ledoit_wolf,select,pca_only,8,20,log_euclidean,0.01,0.005676089736314373,8822.495450880744,1080.7975344659556,403.7433973716711,201.87169868583567,-184.41535853928696,0.0001244638858615457,0.00012441692395966125,3.6636605015454436e-05,1.8440214539155355,0.06385491956864976,0.05573021689405781
2015-11-12,2110,persistence,select,pca_only,8,20,log_euclidean,0.01,0.0061793072918863755,3454.6354369864825,1367.7150264674888,7977.5794680083845,3988.7897340041745,3422.861001924127,0.0001556273122432173,0.00015558035034133285,3.82840701745833e-07,1.8678648897139956,0.061067301797754804,0.05436680302098053
2015-11-19,2115,D2_pca8_hmm3,select,pca_only,8,20,log_euclidean,0.01,0.005850748002104713,2099.8925756920576,4635.573279936838,332530.03038462455,166265.0151923123,158896.55357437048,0.00010248044212020371,0.00010244186649892909,3.192075141870654e-08,2.9991930959227444,0.1304568860765215,0.1496219980706236
2015-11-19,2115,rolling,select,pca_only,8,20,log_euclidean,0.01,0.00569161948578421,4814.974324545574,881.398490667777,5838.177275951726,2919.088637975876,2381.9046471715565,0.0005669097383335868,0.0005668711627123121,2.8805957858098036e-06,5.431448818191205,0.2298919130973819,0.4779642519062781
2015-11-19,2115,ledoit_wolf,select,pca_only,8,20,log_euclidean,0.01,0.005669268216704169,8931.44675617262,1236.923063073226,390.382297177312,195.1911485886559,-191.27426950390358,8.570430112509676e-05,8.566572550382214e-05,3.300141144447429e-05,1.7121151172728224,0.06928833194234049,0.049926583586756446
2015-11-19,2115,persistence,select,pca_only,8,20,log_euclidean,0.01,0.006158296266424381,3467.010129095216,1258.6909061973047,7251.096955640128,3625.5484778200407,3079.381569872797,0.00011550140330923564,0.00011546282768796102,4.749660842901761e-07,1.8671087720650286,0.08164945453562909,0.06385288424517456
2015-11-27,2120,D2_pca8_hmm3,select,pca_only,8,20,log_euclidean,0.01,0.006836275581141794,2298.3724729356163,4252.919857960294,439426.2733850876,219713.1366925438,213585.77798700758,0.00013063916688304985,0.0001305609352549121,3.947419105912425e-08,2.844323295971863,0.10517169139835038,0.13744351957885037
2015-11-27,2120,rolling,select,pca_only,8,20,log_euclidean,0.01,0.006633433766770636,5083.923485141581,882.3849902223644,8714.964099694587,4357.482049847306,3851.1028444944764,0.00046534506776742815,0.0004652668361392904,2.8577642488273647e-06,5.398851050463601,0.18694697138189964,0.4613639532305059
2015-11-27,2120,ledoit_wolf,select,pca_only,8,20,log_euclidean,0.01,0.006632313859193267,9050.354096519795,1356.0048061448817,472.4626757813637,236.23133789068171,-134.68007632490537,0.0001058476123955024,0.00010576938076736463,3.11109542782674e-05,1.6820680915449406,0.06354704787339695,0.04592824243917531
2015-11-27,2120,persistence,select,pca_only,8,20,log_euclidean,0.01,0.005538413264291314,3661.414744505256,1142.4298016043088,7933.155432264713,3966.577716132338,3454.60744496948,0.0001349584959778198,0.00013488026434968205,5.13729779376815e-07,1.7281770796022475,0.07248579976263157,0.05329302060287677
2015-12-04,2125,D2_pca8_hmm3,select,pca_only,8,20,log_euclidean,0.01,0.00487211960933432,3917.0392866871803,1605.9781400242287,21876.533345952033,10938.266672976044,10142.726183791929,0.00015187301769885948,0.000151813464871538,1.634205212191784e-07,1.6673100371811107,0.04882317795773033,0.04150812106787774
2015-12-04,2125,rolling,select,pca_only,8,20,log_euclidean,0.01,0.005128253086346364,5073.182327476645,1033.3378501013142,4488.035572090306,2244.017786045205,1786.6693737927985,0.00013609260253262225,0.00013603304970530078,3.7233244361814185e-06,4.912718981675486,0.15837746874949124,0.3806735215475476
2015-12-04,2125,ledoit_wolf,select,pca_only,8,20,log_euclidean,0.01,0.004679293548476543,9641.059287293696,1691.8840332421657,373.871825965682,186.93591298284036,-198.93076214771773,8.229305439698124e-05,8.223350156965977e-05,3.3217306119204506e-05,1.4574779395974653,0.04395130640600907,0.033698049882053466
2015-12-04,2125,persistence,select,pca_only,8,20,log_euclidean,0.01,0.009100738811285234,3562.4374557774554,1302.5443316476544,6156.488933035255,3078.244466518015,2589.4582652794443,0.00011374049170154652,0.00011368093887422505,1.3856455310450836e-06,2.5289097218850007,0.14847879228049965,0.11651869836824504
2015-12-11,2130,D2_pca8_hmm3,select,pca_only,8,20,log_euclidean,0.01,0.0049768705366958176,2491.2141977810425,3188.3650364039377,190413.7535206903,95206.8767603452,91463.60655667065,0.0001154545084253056,0.00011539467081009358,8.715357788327274e-08,3.64986881427104,0.1260809053548238,0.19695958425499632
2015-12-11,2130,rolling,select,pca_only,8,20,log_euclidean,0.01,0.005294021918674372,5094.387746893347,1198.3550162324896,5602.604551344666,2801.3022756723117,2345.0077308241275,0.0002121758921160341,0.00021211605450082208,4.072058818130172e-06,5.161875544108846,0.19647788032456823,0.4327387842036913
2015-12-11,2130,ledoit_wolf,select,pca_only,8,20,log_euclidean,0.01,0.004862727423877276,9629.454831386383,1898.8009757923096,378.1373674049736,189.06868370248827,-192.50581325193923,0.0001395905076380356,0.0001395306700228236,3.14451635407098e-05,1.2788365660878744,0.051944421359553,0.026660551965606696
2015-12-11,2130,persistence,select,pca_only,8,20,log_euclidean,0.01,0.00915635292584412,3581.80339673937,1325.4807031497041,6220.9306367756935,3110.4653183877936,2633.317882948752,0.00014593246174473962,0.00014587262412952762,1.7566994747507105e-06,2.9309069711215234,0.12932649691151643,0.14863432748214936
2015-12-18,2135,D2_pca8_hmm3,select,pca_only,8,20,log_euclidean,0.01,0.004930491093020496,2250.765766696078,4192.180683940237,94104.29689620044,47052.14844810024,44970.8866231026,0.0001214660556688297,0.00012142367782969173,1.8297988038626778e-07,3.0949875221333416,0.13268827770170083,0.17872968365393999
2015-12-18,2135,rolling,select,pca_only,8,20,log_euclidean,0.01,0.005364718902773425,5065.87519330899,1157.7734680022531,5822.596007189013,2911.2980035942524,2450.239023067993,0.00022425472671775028,0.0002242123488786123,3.327850532939672e-06,5.001000077886219,0.1788945483838423,0.37639784683943994
2015-12-18,2135,ledoit_wolf,select,pca_only,8,20,log_euclidean,0.01,0.004959789201498784,9569.218087500192,1895.2140969492555,380.25409773121265,190.12704886560644,-188.7336999985884,0.0001390938816701054,0.00013905150383096743,3.1495758734433716e-05,1.369999985694728,0.06382798371122152,0.03132569753869931
2015-12-18,2135,persistence,select,pca_only,8,20,log_euclidean,0.01,0.009179885315970667,3526.5507288549006,1230.3188797578096,6023.391535249687,3011.695767624767,2551.380626825542,0.00028805946735702457,0.0002880170895178866,1.6923126320123489e-06,3.0092228606615348,0.1577654047387828,0.145548563529051
2015-12-28,2140,D2_pca8_hmm3,select,pca_only,8,20,log_euclidean,0.01,0.0006580563552270125,2394.4052282849507,1885.0260501139458,38885.503235970325,19442.751617985163,18672.853262510456,0.00018681224052788178,0.00018679533612630178,1.1051930851980644e-07,3.457104697563471,0.10527208027386954,0.17344399122367868
2015-12-28,2140,rolling,select,pca_only,8,20,log_euclidean,0.01,0.0018099010880792948,5025.93038956304,1231.4675805960092,1164.6621325065148,582.331066253259,165.58946901124253,0.0002297365467186517,0.0002297196423170717,4.519701373878871e-06,4.876665985150325,0.15466045236686507,0.3783506386837676
2015-12-28,2140,ledoit_wolf,select,pca_only,8,20,log_euclidean,0.01,0.0008547353929664808,10118.385087249617,2362.579005239325,325.0996925686394,162.5498462843197,-243.60971495310278,0.0001443410289032614,0.0001443241245016814,3.3881409086795034e-05,1.2216868832890857,0.048521119361829415,0.02322750549744891
2015-12-28,2140,persistence,select,pca_only,8,20,log_euclidean,0.01,0.006645523776220488,3502.9657268957276,1116.8741782567802,1380.3387856016236,690.1693928008171,276.95463754769446,0.00010149341565119818,0.00010147651124961818,2.448244748048846e-06,3.0328302720023728,0.16023815980725423,0.15655261728781952
2016-01-05,2145,D2_pca8_hmm3,select,pca_only,8,20,log_euclidean,0.01,0.0013921045727612032,3016.370738665062,913.4204332454224,38038.07954277834,19019.03977138917,18303.768042277086,0.00016054341711934975,0.00016053207722070413,6.086488211512418e-08,1.960193757196699,0.07833051013855762,0.06456884267149396
2016-01-05,2145,rolling,select,pca_only,8,20,log_euclidean,0.01,0.002642540413207364,5137.649709467429,1125.4516717532476,1605.2441713730934,802.6220856865361,384.95806287790947,0.0002664353771505709,0.0002664240372519253,5.01825896293451e-06,4.846372500872558,0.1656556178510362,0.3816643263813088
2016-01-05,2145,ledoit_wolf,select,pca_only,8,20,log_euclidean,0.01,0.0015523280403993654,10124.568786052854,2035.6016957131674,312.38329471594926,156.19164735797412,-234.24976770036795,0.00017570785031193942,0.0001756965104132938,3.82451409644883e-05,1.3278011779786896,0.050189931190273075,0.027771556057375555
2016-01-05,2145,persistence,select,pca_only,8,20,log_euclidean,0.01,0.005151595148254683,3591.495213428553,1004.6573843235346,2820.499299769278,1410.2496498846315,983.6613360200301,0.00017416837632507854,0.00017415703642643292,1.9247321927288666e-06,3.3735711830515838,0.10475033989683297,0.1675399670954254
2016-01-12,2150,D2_pca8_hmm3,select,pca_only,8,20,log_euclidean,0.01,0.002036456550388342,2566.101393348054,3441.9061070911994,152582.60007431038,76291.30003715519,73959.46219209323,0.00023230854589913734,0.0002323005007751484,4.124783376165221e-08,2.3901509465493,0.08933730626273603,0.08952465014944005
2016-01-12,2150,rolling,select,pca_only,8,20,log_euclidean,0.01,0.0031260593994414925,5174.18537783954,862.5729627916226,3021.4325964199033,1510.716298209964,1094.1093595296038,0.00038148580840061607,0.00038147776327662714,4.559035436672695e-06,4.602540521505763,0.189564958040762,0.3477237577198137
2016-01-12,2150,ledoit_wolf,select,pca_only,8,20,log_euclidean,0.01,0.0021140545427716624,10136.977311175713,1566.8562548650425,329.58192575319197,164.79096287659598,-212.1534564583625,0.00017033807119462593,0.000170330026070637,3.837193552837887e-05,1.3870068399711024,0.050555858541411286,0.03008186089884932
2016-01-12,2150,persistence,select,pca_only,8,20,log_euclidean,0.01,0.005761678457087425,3806.647257252136,940.6236845697113,4866.341051269661,2433.1705256348328,1997.1919684498384,0.00019626409318738633,0.0001962560480633974,1.734860053134168e-06,2.9329167717950453,0.11277531477955224,0.14026604134116918
2016-01-20,2155,D2_pca8_hmm3,select,pca_only,8,20,log_euclidean,0.01,0.0017870670574991155,3827.552289543763,1412.281021859946,14801.031647838234,7400.515823919106,6832.439148280258,0.0002422209288182236,0.0002422169449723276,4.210546517061775e-07,2.4310651435689854,0.09316205017279366,0.09257644532543928
2016-01-20,2155,rolling,select,pca_only,8,20,log_euclidean,0.01,0.0030447449149926657,5204.740792067297,869.0488793220134,3337.151784151403,1668.5758920756957,1244.5551768324751,0.0002495810791153201,0.0002495770952694241,4.936915191127958e-06,5.005320924401147,0.19158203548456937,0.39822904609764725
2016-01-20,2155,ledoit_wolf,select,pca_only,8,20,log_euclidean,0.01,0.002166529235940971,9899.580778686246,1342.6046242630086,332.9850569800567,166.49252849002863,-210.08386773316442,0.00014573796121797303,0.000145733977372077,4.202513565260782e-05,1.5786818478007045,0.0567411785934429,0.04083429936686357
2016-01-20,2155,persistence,select,pca_only,8,20,log_euclidean,0.01,0.005856975901414227,3885.8539406818977,1111.0673533615436,4814.5576913151,2407.278845657546,1954.634472669702,0.0001510410698171266,0.00015103708597123057,1.497357471901041e-06,2.626866409308545,0.10263023685801466,0.11694670801267505
2016-01-27,2160,D2_pca8_hmm3,select,pca_only,8,20,log_euclidean,0.01,0.001707723123881436,3384.3301864588534,1573.0249459892673,41590.61179887169,20795.305899435865,19830.10994865005,0.00021646823348855872,0.00021646170595699914,1.263917785399525e-07,2.1930368761738386,0.0830603321816476,0.08281871146682115
2016-01-27,2160,rolling,select,pca_only,8,20,log_euclidean,0.01,0.002845264722990313,5200.414424552905,819.3361000852735,3194.4280584647686,1597.2140292323907,1170.0896397264555,0.0003591681164124043,0.0003591615888808447,4.804940431461276e-06,4.9044295433906075,0.17768260655891902,0.37856699581521924
2016-01-27,2160,ledoit_wolf,select,pca_only,8,20,log_euclidean,0.01,0.0019268752400018073,9871.672207654296,1170.9072107204834,334.8231929445035,167.4115964722517,-214.1904284357147,0.00010217631205189864,0.00010216978452033905,4.786440371730004e-05,1.7606716284830068,0.057656124099657126,0.04872336007513749
2016-01-27,2160,persistence,select,pca_only,8,20,log_euclidean,0.01,0.001312833078593715,3772.117415895104,1011.3832819706405,9222.786428965364,4611.393214482665,4084.9228949039343,0.00013716031385438117,0.0001371537863228216,1.0700554704863322e-06,3.2935995691069913,0.12109578450997538,0.17092440986136703
2016-02-03,2165,D2_pca8_hmm3,select,pca_only,8,20,log_euclidean,0.01,0.0013616293226119953,3534.4745242150316,1226.388634826972,20007.73017941046,10003.865089705221,9347.718196655464,0.00014506861937853963,0.00014506061376867477,2.1479537839065541e-07,2.2514318504562083,0.0797113490969176,0.0795631325775564
2016-02-03,2165,rolling,select,pca_only,8,20,log_euclidean,0.01,0.002691050543627561,5228.1066842475775,848.5721370065778,2657.7441369211133,1328.8720684605437,896.9458749414498,0.0001805470486599002,0.00018053904305003534,6.8758115855674565e-06,5.872367248169842,0.16127402773446733,0.47685341029209133
2016-02-03,2165,ledoit_wolf,select,pca_only,8,20,log_euclidean,0.01,0.001688901055280117,9920.339102274593,1321.7593578401766,334.2244407430506,167.11222037152598,-222.60706944177045,8.800684370063129e-05,8.799883809076643e-05,4.8984921355451505e-05,1.7504720477571076,0.05188556098184671,0.04686088274028632
2016-02-03,2165,persistence,select,pca_only,8,20,log_euclidean,0.01,0.0014313527366284027,3816.7539254092208,978.2989093681275,5972.606185732444,2986.3030928662083,2496.6701504749735,7.41243245801623e-05,7.411631897029745e-05,1.1248901371510344e-06,2.869537536849643,0.11746106687183631,0.13268883300283826
2016-02-10,2170,D2_pca8_hmm3,select,pca_only,8,20,log_euclidean,0.01,0.0006081328301808653,4028.128845034954,1475.887458732746,4192.659418986396,2096.3297094932277,1667.9080811212766,0.00012672429058434187,0.0001267207187916667,3.3450278232751595e-07,1.8121935178320863,0.06387035080814969,0.052247030208022266
2016-02-10,2170,rolling,select,pca_only,8,20,log_euclidean,0.01,0.0019521793428709483,5189.197920933382,785.0202199785922,979.5971907672333,489.7985953836251,56.37437798990169,0.00011309913949054658,0.0001130955676978714,6.546267885692268e-06,5.495170198926432,0.15399930183162122,0.43820138385884044
2016-02-10,2170,ledoit_wolf,select,pca_only,8,20,log_euclidean,0.01,0.0008014834007421956,9950.857279908572,1260.294460602746,327.3396587071396,163.66982935356972,-251.69204988442925,5.352836393861179e-05,5.3524792145936625e-05,5.037529393931295e-05,1.791159462839548,0.0515438347232502,0.04893837319650182
2016-02-10,2170,persistence,select,pca_only,8,20,log_euclidean,0.01,0.0014361880819671997,3635.182585683676,800.6066343573035,1733.8780624327692,866.9390312163899,433.51681600324684,7.183228890600699e-05,7.182871711333181e-05,1.0974627418616747e-06,2.3474726811484334,0.10422491858391036,0.0972903293046641
2016-02-18,2175,D2_pca8_hmm3,select,pca_only,8,20,log_euclidean,0.01,0.0002796700978273768,3294.2303464222505,1679.8052663075305,7906.8335019736205,3953.416750986804,3489.7298033415705,8.778851512716519e-05,8.77861715926206e-05,2.486410524737697e-07,2.3273917533825146,0.09124883174024802,0.08885527695413761
2016-02-18,2175,rolling,select,pca_only,8,20,log_euclidean,0.01,0.0011550688308668037,5197.501534079531,647.9316911952851,904.9245704410223,452.46228522051206,9.766183277848864,9.710308065074556e-05,9.710073711620097e-05,4.726550031596225e-06,4.907215974303138,0.20265970322661883,0.39263158357876077
2016-02-18,2175,ledoit_wolf,select,pca_only,8,20,log_euclidean,0.01,0.00043024878012989703,9812.196855212238,902.5523707486868,335.5022535907892,167.75112679539447,-258.7252406936882,3.990082621235882e-05,3.989848267781423e-05,4.908691927693644e-05,1.9269300424155693,0.06257449547170374,0.0567592065051777
2016-02-18,2175,persistence,select,pca_only,8,20,log_euclidean,0.01,0.001590604648244909,3775.2919503971884,756.6692945215194,1452.524726804451,726.2623634021954,279.21274736657966,4.225494382604248e-05,4.2252600291497894e-05,8.235628559436147e-07,2.083028309716495,0.09558402606584211,0.07133262144964274
2016-02-25,2180,D2_pca8_hmm3,select,pca_only,8,20,log_euclidean,0.01,0.00019068482560148414,2387.16725991645,4398.099158054553,24152.6124858499,12076.306242924953,11462.689479993844,5.461121404320744e-05,5.46076764126137e-05,7.513914110514208e-08,2.3941480713312426,0.09009121145945756,0.091418039805649
2016-02-25,2180,rolling,select,pca_only,8,20,log_euclidean,0.01,0.0011921065821538933,5044.617015286668,698.4021452783527,830.5428122998051,415.2714061499105,-28.639589263501374,6.580311086399483e-05,6.579957323340109e-05,3.6521171673758466e-06,4.208186182873661,0.19337456092852953,0.30161931987619084
2016-02-25,2180,ledoit_wolf,select,pca_only,8,20,log_euclidean,0.01,0.0004234962504112449,9767.88716819735,811.085422901409,337.4464599511002,168.72322997554977,-260.333045046893,3.1219407467666054e-05,3.1215869837072316e-05,4.182394403792984e-05,1.8732763458496215,0.07700270126743043,0.05516497315300084
2016-02-25,2180,persistence,select,pca_only,8,20,log_euclidean,0.01,0.0014591025731930463,3729.9256109025555,765.4606508324416,1553.3313727596894,776.6656863798304,328.3993674783292,2.279123076472895e-05,2.278769313413521e-05,7.96441887475893e-07,2.2209277816844266,0.08351359981312118,0.07499092246543934
2016-03-03,2185,D2_pca8_hmm3,select,pca_only,8,20,log_euclidean,0.01,0.0001842237589228648,2225.991717898857,4194.579624626977,92344.77380724343,46172.38690362171,43922.807342971675,3.862610241494364e-05,3.8624427302401546e-05,1.6724234871045947e-08,2.502644329611654,0.08913783350208235,0.096875303147747
2016-03-03,2185,rolling,select,pca_only,8,20,log_euclidean,0.01,0.0013179269573750933,5047.129885340262,980.1816795979332,835.2667872935594,417.6333936467735,-31.064643360886105,6.958731051007652e-05,6.958563539753444e-05,3.871796039226139e-06,4.3957786448556275,0.15260906379289357,0.31504564041641825
2016-03-03,2185,ledoit_wolf,select,pca_only,8,20,log_euclidean,0.01,0.00045161996333508586,9795.679976901945,713.498576281464,351.9779296417196,175.9889648208602,-260.6475783920355,3.022120323140058e-05,3.0219528118858493e-05,4.256959746126383e-05,1.8141654169917913,0.09680422453346328,0.05376651208242415
2016-03-03,2185,persistence,select,pca_only,8,20,log_euclidean,0.01,0.0013918548508355822,3652.2592337119904,1185.9646510772156,1759.5007948549428,879.7503974274586,418.11177555444795,4.7330098662601095e-05,4.7328423550059003e-05,7.808331442774529e-07,2.418480877161169,0.09171906744635745,0.08542044916377395
2016-03-10,2190,D2_pca8_hmm3,select,pca_only,8,20,log_euclidean,0.01,0.0007274655666283752,2575.309305839269,2994.84148844434,17983.13310048352,8991.566550241765,8466.208142609266,0.00010726303625094069,0.00010725469113828405,2.1390864347033923e-07,2.810447506231713,0.11557494029603632,0.13874058897574454
2016-03-10,2190,rolling,select,pca_only,8,20,log_euclidean,0.01,0.0012477757070840098,5044.179221874055,709.1928091917351,1570.0778770190923,785.0389385095489,353.2529634621143,7.405191399593335e-05,7.404356888327672e-05,3.3721219533879633e-06,4.631887484282297,0.14376734972130215,0.34141175168355115
2016-03-10,2190,ledoit_wolf,select,pca_only,8,20,log_euclidean,0.01,0.0008906241341127263,9063.785094704604,638.9605346906999,327.0612800570714,163.5306400285359,-250.8370399127228,4.1824836408461674e-05,4.1816491295805044e-05,3.288036866082879e-05,2.1294708602852204,0.10935399497226042,0.07515828969478246
2016-03-10,2190,persistence,select,pca_only,8,20,log_euclidean,0.01,0.0009291399863220167,3430.9135106067492,973.526770537248,6312.234568901276,3156.1172844506423,2707.134642866382,5.482262167071982e-05,5.481427655806319e-05,4.444425690658162e-07,2.419846669644835,0.0901271374859084,0.08755021831083612
2016-03-17,2195,D2_pca8_hmm3,select,pca_only,8,20,log_euclidean,0.01,0.0007305246517424339,2414.0799844772473,4219.022807535406,45688.202522432985,22844.101261216492,22332.699811659175,7.195850704090243e-05,7.195167269358632e-05,7.097325446403565e-08,2.519174516751195,0.08359188468065405,0.09987813733888974
2016-03-17,2195,rolling,select,pca_only,8,20,log_euclidean,0.01,0.0012862805503681925,4992.952151280479,834.4159464210237,1741.9655866588444,870.9827933294229,442.88611087789843,6.94509506507288e-05,6.944411630341268e-05,2.931823507957019e-06,4.791943658497665,0.14071318432420313,0.34639406795341887
2016-03-17,2195,ledoit_wolf,select,pca_only,8,20,log_euclidean,0.01,0.0009869939910681451,8600.15176132484,581.5893226265036,332.5762886749278,166.28814433746362,-248.84134908152373,4.195464380794886e-05,4.1947809460632735e-05,2.6158008337105436e-05,2.3384117814809255,0.11058711268314136,0.08848249664933655
2016-03-17,2195,persistence,select,pca_only,8,20,log_euclidean,0.01,0.0008763065635591546,3465.8709999189014,924.3145467507318,8362.02579908231,4181.0128995411615,3758.307267389605,4.741846281091218e-05,4.7411628463596055e-05,3.13935226921863e-07,2.189703697294569,0.08639595487793288,0.07683234360444259
2016-03-24,2200,D2_pca8_hmm3,select,pca_only,8,20,log_euclidean,0.01,0.0008984336553422497,3331.1991208693407,1056.3456807840741,23223.129103965322,11611.564551982667,10944.211899007183,6.338111778697784e-05,6.337140406838245e-05,7.188313659021232e-08,1.643518709449105,0.04153631958889821,0.03923002227712737
2016-03-24,2200,rolling,select,pca_only,8,20,log_euclidean,0.01,0.0013295422286491714,4963.36854687407,954.4853670242398,2462.5083257831143,1231.2541628915578,791.0573495063697,0.00010763894949578648,0.00010762923577719109,2.560828617173129e-06,4.6862800136784335,0.1503040040040531,0.32048392673419995
2016-03-24,2200,ledoit_wolf,select,pca_only,8,20,log_euclidean,0.01,0.001057126395694284,8650.342955415932,653.520253877019,345.93553374863836,172.9677668743194,-231.80380171959047,5.254979479756799e-05,5.2540081078972605e-05,2.5327189780915565e-05,2.2069136540835634,0.09263095615332007,0.08004463811439173
2016-03-24,2200,persistence,select,pca_only,8,20,log_euclidean,0.01,0.000983989837465917,3333.843214117123,1033.2740335155036,10632.730689103728,5316.365344551883,4808.237615290874,9.622709075800173e-05,9.621737703940633e-05,3.379731404592325e-07,2.372845337600782,0.08775219809412166,0.08752190859245144
2016-04-01,2205,D2_pca8_hmm3,select,pca_only,8,20,log_euclidean,0.01,0.000987585555537259,2166.3123565707065,6014.93348008386,116864.56016908186,58432.28008454093,56970.279386287366,9.494436229185056e-05,9.493967182949534e-05,4.716559106653732e-08,2.405437413729088,0.11525073144048632,0.1024329434249824
2016-04-01,2205,rolling,select,pca_only,8,20,log_euclidean,0.01,0.0012000516873616179,4865.484385866517,855.5201655761277,2791.5136433894877,1395.756821694742,976.8079562931702,0.00010483915810826636,0.00010483446764591114,1.7174315215494283e-06,3.9694291959245755,0.10404331641452771,0.24326928282506402
2016-04-01,2205,ledoit_wolf,select,pca_only,8,20,log_euclidean,0.01,0.0009924619765948532,8713.494598771556,663.0234947826209,342.41658515802817,171.20829257901426,-228.49364565469995,5.180822773177372e-05,5.1803537269418494e-05,2.2448389062562128e-05,2.0278322330278136,0.07646271583132748,0.06589896045208556
2016-04-01,2205,persistence,select,pca_only,8,20,log_euclidean,0.01,0.000960885997756692,3400.9377528599534,1102.055957618003,13230.129146586134,6615.0645732930825,6145.656887890628,7.247671300427074e-05,7.247202254191551e-05,1.923298813641028e-07,1.987667140976509,0.07140599934258908,0.058657795089244534
2016-04-08,2210,D2_pca8_hmm3,select,pca_only,8,20,log_euclidean,0.01,0.0003087010303541707,2105.842162601871,6005.780536943136,37616.06855905101,18808.0342795255,18338.589859827305,0.0001212410071379158,0.0001212384383401141,1.4850780235059106e-07,3.9638476996316063,0.12598088456794906,0.24548934610412249
2016-04-08,2210,rolling,select,pca_only,8,20,log_euclidean,0.01,0.0005527718439659646,4829.565342584621,922.9251279249471,1883.257327302072,941.6286636510341,518.3883182321453,8.118302964301916e-05,8.118046084521746e-05,1.4574950661006154e-06,3.858934483242147,0.1120390895045154,0.21905275746641295
2016-04-08,2210,ledoit_wolf,select,pca_only,8,20,log_euclidean,0.01,0.00034824611114020324,8732.766526392783,664.6575475874231,321.6522516810719,160.82612584053572,-256.82066837686835,5.125432896557505e-05,5.1251760167773354e-05,2.14888571635077e-05,2.033707766660484,0.05912296525409057,0.06268011691077752
2016-04-08,2210,persistence,select,pca_only,8,20,log_euclidean,0.01,0.0008753546066215834,3296.335113212621,1133.4255902730781,4210.4310739159255,2105.2155369579655,1669.877254640001,6.190084414813113e-05,6.189827535032943e-05,5.513037176968977e-07,2.505713802928435,0.09500071420939891,0.0991575453889724
2016-04-15,2215,D2_pca8_hmm3,select,pca_only,8,20,log_euclidean,0.01,0.0003139431662649355,3292.2107707638597,1118.2736593251977,21768.963540949208,10884.48177047464,10398.486545307356,5.0402142671013576e-05,5.039991487689244e-05,5.057563516610342e-08,1.5567481791442839,0.04955719435001315,0.03807594179982647
2016-04-15,2215,rolling,select,pca_only,8,20,log_euclidean,0.01,0.0005704734302356507,4727.842255401103,832.6806068538577,1871.9093821610575,935.9546910805166,511.3115370574984,9.094382261231803e-05,9.094159481819689e-05,1.5838336325444023e-06,3.678656765146708,0.11815902633290266,0.22232795502413163
2016-04-15,2215,ledoit_wolf,select,pca_only,8,20,log_euclidean,0.01,0.00031424650820238286,9217.915897795803,737.3229761398073,324.46219537821895,162.23109768910922,-251.65336494083232,4.467992099824581e-05,4.4677693204124676e-05,2.2290934427799347e-05,1.5189441215686228,0.050092967669938836,0.03811096972600814
2016-04-15,2215,persistence,select,pca_only,8,20,log_euclidean,0.01,0.0009118779063335111,3246.013306380476,947.013261598531,5022.162120429876,2511.0810602149445,2082.561843816862,5.390712956007552e-05,5.390490176595439e-05,4.650635992357362e-07,2.2984494688282533,0.07273064704615544,0.08547426216018285
2016-04-22,2220,D2_pca8_hmm3,select,pca_only,8,20,log_euclidean,0.01,0.00013251544664125655,2088.9023017372156,5935.7187310240115,42330.641545769526,21165.32077288477,20640.443884857465,0.0001102322153293247,0.00011022962015344614,8.292438033366486e-08,3.007258525013691,0.1275873267695975,0.1624072997735993
2016-04-22,2220,rolling,select,pca_only,8,20,log_euclidean,0.01,0.00035190416244147563,4691.256747983644,627.1561747522301,1766.268393371196,883.1341966856019,444.5226118408643,0.00010403638523506407,0.00010403379005918551,1.6177357004361401e-06,3.9332133042809785,0.13655043734561723,0.24795460057469798
2016-04-22,2220,ledoit_wolf,select,pca_only,8,20,log_euclidean,0.01,0.00013935473390736604,9246.869696556034,853.8304402502828,327.47825681569464,163.73912840784715,-261.2284228429937,5.5605049919933e-05,5.560245474405444e-05,2.028352922333691e-05,1.3350539355400584,0.045500183995419205,0.028668305130779646
2016-04-22,2220,persistence,select,pca_only,8,20,log_euclidean,0.01,0.0009020289375671283,3185.657808470372,922.145229403553,2808.665399794203,1404.3326998971336,960.0716091321585,5.132108065147602e-05,5.131848547559746e-05,5.703078080591292e-07,2.237616708488725,0.07475367294381782,0.08272172729191225
2016-04-29,2225,D2_pca8_hmm3,select,pca_only,8,20,log_euclidean,0.01,0.0001181651187493626,2121.92201263523,4078.1210021584725,81838.47914491307,40919.23957245652,39816.727204209776,4.727229747735796e-05,4.726986113808678e-05,2.4788642091735186e-08,2.7234756519470764,0.09128537953077051,0.11347517502101818
2016-04-29,2225,rolling,select,pca_only,8,20,log_euclidean,0.01,0.0002462167360439832,4672.530817029218,635.201372205324,1886.6752128447042,943.3376064223576,487.6324859670243,7.755498930916176e-05,7.755255296989059e-05,1.1733312612648745e-06,3.602364775193241,0.15143586791156555,0.22130093252086844
2016-04-29,2225,ledoit_wolf,select,pca_only,8,20,log_euclidean,0.01,0.00011608564983041716,8776.394735335773,1013.5985652003991,324.9466876960638,162.47334384803236,-270.68065014056873,5.976171680475791e-05,5.9759280465486733e-05,1.626020505572845e-05,1.3932262830141569,0.04584838760109157,0.03247059325115829
2016-04-29,2225,persistence,select,pca_only,8,20,log_euclidean,0.01,0.0009760857619438406,3384.637369763069,1094.8626349377075,2411.123130720336,1205.561565360109,758.6039015957738,4.7939595037735234e-05,4.793715869846406e-05,4.038732702126357e-07,1.8847759729811142,0.056984420289313525,0.054537472758766546
2016-05-06,2230,D2_pca8_hmm3,select,pca_only,8,20,log_euclidean,0.01,9.437615094187322e-05,1999.6207158053994,5504.234168498088,47862.6553324778,23931.327666238903,23001.24650701288,0.0001880304871319258,0.0001880280260966903,9.545160390625629e-08,3.816313093976486,0.15882666254811167,0.2551276494367385
2016-05-06,2230,rolling,select,pca_only,8,20,log_euclidean,0.01,0.0002587155510062219,4601.235410068845,729.7774796917656,1750.8685275054008,875.4342637526993,411.8008516334024,7.440824784933118e-05,7.440578681409566e-05,1.1107574458477986e-06,3.4492546949401346,0.13171716214189005,0.20972027461782614
2016-05-06,2230,ledoit_wolf,select,pca_only,8,20,log_euclidean,0.01,0.00011240780528634799,8801.343345435453,1030.65715997321,331.00018595625147,165.5000929781251,-272.1854085898725,4.899855195812136e-05,4.8996090922885835e-05,1.6464796713088914e-05,1.442913094887538,0.04023586636184435,0.03212010591514913
2016-05-06,2230,persistence,select,pca_only,8,20,log_euclidean,0.01,0.0003278639193760324,3237.6886639156646,1169.4868246566693,3265.7283879539755,1632.8641939769714,1175.483518258227,4.233275951305758e-05,4.233029847782205e-05,2.6336843623678864e-07,1.6949226559856891,0.06213168563956646,0.05391569675537152
2016-05-13,2235,D2_pca8_hmm3,select,pca_only,8,20,log_euclidean,0.01,6.912027008884539e-05,1902.3968142730507,5552.092192697528,53609.88435086157,26804.94217543078,25835.629085004817,6.767173624523064e-05,6.766751471605495e-05,5.5596101738191946e-08,3.431715588695737,0.1648324229276055,0.1990914835613168
2016-05-13,2235,rolling,select,pca_only,8,20,log_euclidean,0.01,0.00021326403993521213,4617.94696882129,728.9687705907183,1402.6641980859536,701.3320990429736,239.71420898994796,5.371491825209004e-05,5.3710696722914346e-05,1.0193189711562795e-06,3.4324163112100368,0.12123477227933173,0.1897249438763906
2016-05-13,2235,ledoit_wolf,select,pca_only,8,20,log_euclidean,0.01,7.870425417671629e-05,8841.961056062455,1055.3701637364172,333.88781995435886,166.9439099771797,-278.7853012277683,3.8113299291689934e-05,3.810907776251424e-05,1.3973880422610865e-05,1.3559598584366854,0.040201627777715104,0.02710591353430408
2016-05-13,2235,persistence,select,pca_only,8,20,log_euclidean,0.01,0.0002895822516530703,3239.2501335087413,1083.6239605358987,2584.9428833223956,1292.4714416612046,819.1055580201237,2.6505703838542866e-05,2.6501482309367167e-05,2.808298659000788e-07,1.748000416808976,0.07204777511730877,0.05393542624869974
2016-05-20,2240,D2_pca8_hmm3,select,pca_only,8,20,log_euclidean,0.01,4.39678502669364e-05,1815.333824218796,6084.164730162079,22080.567336739638,11040.283668369826,10371.035417674942,6.302582774779874e-05,6.302312330733602e-05,1.1202704496555909e-07,3.075753988575494,0.1642027609765029,0.17440279896318278
2016-05-20,2240,rolling,select,pca_only,8,20,log_euclidean,0.01,0.00018630975457041275,4559.9133131292865,646.7971948642021,1168.5655839289586,584.2827919644828,115.2241566801298,6.328508038212147e-05,6.328237594165874e-05,1.3524496141589457e-06,4.1110633147036975,0.16613287438528201,0.2570754421082264
2016-05-20,2240,ledoit_wolf,select,pca_only,8,20,log_euclidean,0.01,5.847165508038401e-05,8912.942893473793,1014.411733319259,343.8160229239984,171.9080114619986,-281.8898445952777,2.0830307548349274e-05,2.0827603107886554e-05,1.5482220524929103e-05,1.3092814449851886,0.03876153730897665,0.023979853703680932
2016-05-20,2240,persistence,select,pca_only,8,20,log_euclidean,0.01,0.00012606693704115502,3115.764523241268,862.9705852884032,2600.593055311484,1300.2965276557456,821.2386312556504,2.9941705886282366e-05,2.9939001445819646e-05,3.116680182731157e-07,2.2796092042474356,0.08323810285009832,0.0772009261836511
2016-05-27,2245,D2_pca8_hmm3,select,pca_only,8,20,log_euclidean,0.01,0.0005594972450504674,2026.8820587009811,2815.875533677783,58053.59080450888,29026.795402254436,28427.37310321097,2.727609609063077e-05,2.7270528396684393e-05,3.4255850979845177e-08,2.924245033094204,0.14217004452009185,0.1462615281575091
2016-05-27,2245,rolling,select,pca_only,8,20,log_euclidean,0.01,0.0005120024049820032,4540.77063172218,1574.5231296337465,1378.4892731929096,689.2446365964524,237.01973235303632,9.697608019545359e-05,9.697051250150722e-05,1.4314238703209763e-06,4.270622258736376,0.16981775788458184,0.2669281244474915
2016-05-27,2245,ledoit_wolf,select,pca_only,8,20,log_euclidean,0.01,0.0005289418458079393,8980.656484541523,2572.497937999344,309.940997335175,154.97049866758752,-273.9838099356895,8.33477409491349e-05,8.334217325518853e-05,1.4332445086650217e-05,1.2125134765420056,0.03385852058120801,0.020967159214956458
2016-05-27,2245,persistence,select,pca_only,8,20,log_euclidean,0.01,0.0004205663159413381,3187.9936922781,1445.384646527884,3898.1687159807193,1949.0843579903662,1484.6491570976768,7.299798712818912e-05,7.299241943424274e-05,2.898327634992173e-07,2.3525385669255257,0.0777671649222832,0.08393127668069406
2016-06-06,2250,D2_pca8_hmm3,select,pca_only,8,20,log_euclidean,0.01,0.0007089186064597065,2229.487537794779,1985.006622865114,15707.062115006143,7853.531057503065,7322.17446048014,4.9413352739549764e-05,4.940842133193355e-05,1.2452596797645926e-07,2.9368467934848588,0.09477040430637407,0.13791541467272633
2016-06-06,2250,rolling,select,pca_only,8,20,log_euclidean,0.01,0.0008538795573852474,4652.37923048607,1883.7133178292916,1575.1518125352318,787.5759062676113,329.70746691150384,0.0001848521453179841,0.00018484721391036788,1.4048723261014818e-06,3.990494541071685,0.15938954967413088,0.2654987809917816
2016-06-06,2250,ledoit_wolf,select,pca_only,8,20,log_euclidean,0.01,0.0009264296872205627,8979.011734723257,3114.8357790981618,302.06042708335093,151.03021354167558,-271.3149624222211,0.00013649818841107863,0.0001364932570034624,1.3322025573636256e-05,1.1859043345206337,0.03197738277238149,0.019415602109569597
2016-06-06,2250,persistence,select,pca_only,8,20,log_euclidean,0.01,0.0008040519103482684,3281.208992746903,1842.249668040307,5031.801365178821,2515.900682589399,2013.2726110992166,0.00022655407360831808,0.00022654914220070186,2.494328717589349e-07,2.207229444513108,0.08845180061361005,0.07829509030835131
2016-06-13,2255,D2_pca8_hmm3,select,pca_only,8,20,log_euclidean,0.01,0.0010303608510685248,1949.3885079699867,2895.556994161044,37772.189852633186,18886.094926316575,17744.042321975445,5.772358287655018e-05,5.771269487988216e-05,7.226375345098714e-08,3.255420514061085,0.1481371055740749,0.17334416708868974
2016-06-13,2255,rolling,select,pca_only,8,20,log_euclidean,0.01,0.0009644700444674668,4507.903403101828,1854.335590332053,1367.6558727973156,683.8279363986572,220.02653651183618,0.00016952230069418995,0.00016951141269752195,1.211873546320156e-06,3.83824646809212,0.1607859642260393,0.2270473370554728
2016-06-13,2255,ledoit_wolf,select,pca_only,8,20,log_euclidean,0.01,0.0010693231187903591,8962.97120431327,3148.2874202897556,295.33211844563886,147.66605922281926,-273.75075700603236,0.000129211467777469,0.000129200579780801,1.3493473121799897e-05,1.241301045056962,0.03645238187255703,0.021530418211920272
2016-06-13,2255,persistence,select,pca_only,8,20,log_euclidean,0.01,0.0008967667088816352,3131.346766499712,1694.0935580895073,5077.579641902168,2538.7898209511027,2010.6733031459576,0.0001802057310769037,0.0001801948430802357,3.2058096686019874e-07,2.8952160126351654,0.09894102602368682,0.11860805479074404
2016-06-20,2260,D2_pca8_hmm3,select,pca_only,8,20,log_euclidean,0.01,0.0006821545151169822,3425.2870382037777,1403.1997516882866,2360.24987094535,1180.1249354726747,717.9620624601811,4.401927633385406e-05,4.4009614761582344e-05,4.916305208757262e-07,2.157083403791386,0.07129379540496315,0.07152180152860661
2016-06-20,2260,rolling,select,pca_only,8,20,log_euclidean,0.01,0.0010054011436244847,4544.202437577107,2102.9275903318094,1470.7093750687511,735.354687534375,275.11843638835813,0.00012921821718397987,0.00012920855561170816,1.1697444238002313e-06,3.688619689173817,0.16038536325883057,0.22725781824749655
2016-06-20,2260,ledoit_wolf,select,pca_only,8,20,log_euclidean,0.01,0.0010889883573023701,8932.323701264992,3374.274531731152,297.2843945008072,148.6421972504037,-273.1351178339609,0.000132218023706108,0.0001322083621338363,1.1621940150771694e-05,1.1527755936886963,0.03531289868759267,0.019178525775792522
2016-06-20,2260,persistence,select,pca_only,8,20,log_euclidean,0.01,0.0009127692134149503,3113.996081639434,1750.2502627930771,5660.641582189714,2830.3207910948604,2283.189407678251,9.606205235705176e-05,9.605239078478005e-05,2.0436536207159308e-07,2.4929625208663873,0.06745650608774784,0.08935935030580915
2016-06-27,2265,D2_pca8_hmm3,select,pca_only,8,20,log_euclidean,0.01,0.00012489072030233848,2185.834825747029,1634.6688321088652,64875.10214497304,32437.551072486498,32826.85183276618,4.2671814299072336e-05,4.2666829152264556e-05,1.273808116243181e-08,1.8731113991897692,0.06374537990094457,0.054899385761464636
2016-06-27,2265,rolling,select,pca_only,8,20,log_euclidean,0.01,8.084237017617439e-05,4357.331469063303,590.0014824859841,1338.3204318422772,669.1602159211358,223.62405513530263,3.927612496975775e-05,3.927113982294997e-05,1.1423187872362603e-06,3.965850149932386,0.15182564811479862,0.259333129215883
2016-06-27,2265,ledoit_wolf,select,pca_only,8,20,log_euclidean,0.01,5.946734347823389e-05,8051.535998780203,895.291627131826,301.471827630303,150.73591381515146,-293.8534901904808,3.6011503432607604e-05,3.6006518285799824e-05,1.3623585997430217e-05,1.8267418723901092,0.06852959697021055,0.05217481992803774
2016-06-27,2265,persistence,select,pca_only,8,20,log_euclidean,0.01,0.0002766389276266769,2978.8474086583337,829.5566995083517,2535.0796716882605,1267.5398358441337,817.373172876153,3.2555236966226226e-05,3.2550251819418445e-05,4.059764889085118e-07,2.3874951013048284,0.09920641402171129,0.09817463506018376
2016-07-05,2270,D2_pca8_hmm3,select,pca_only,8,20,log_euclidean,0.01,0.001495355507942123,3626.75017054041,1315.3270711748874,1638.0556749853222,819.0278374926424,379.2728906331548,6.188161002874807e-05,6.187942244139647e-05,7.025248269962399e-07,2.0892438528046315,0.0932319248405991,0.07209265810535362
2016-07-05,2270,rolling,select,pca_only,8,20,log_euclidean,0.01,0.0001711339191574421,4296.372398658461,893.9380836126488,1479.2582829930282,739.6291414965092,312.6211612580437,5.34193256901161e-05,5.34171381027645e-05,1.3111267355312658e-06,4.192474993266067,0.14978808040828376,0.2844946400153942
2016-07-05,2270,ledoit_wolf,select,pca_only,8,20,log_euclidean,0.01,9.769631337701773e-05,7684.291784804319,592.49496583939,306.755469474268,153.3777347371337,-287.49181031525376,2.9926999691891515e-05,2.9924812104539917e-05,1.43550888275765e-05,2.331893483867991,0.08247086759751775,0.0842849455184605
2016-07-05,2270,persistence,select,pca_only,8,20,log_euclidean,0.01,0.0007175688198371366,3126.383335054734,1854.1537852647784,2828.584176332999,1414.2920881664927,972.6434393267871,4.256036808745902e-05,4.2558180500107416e-05,4.665843941189471e-07,2.4071899796850746,0.07624088853650113,0.09531012376792508
2016-07-12,2275,D2_pca8_hmm3,select,pca_only,8,20,log_euclidean,0.01,0.0005224918665745722,3681.701170319877,1640.6928498836437,2919.2773972754608,1459.6386986377297,996.3551174588032,2.2022812151446284e-05,2.2022192454306754e-05,3.857403205519919e-07,2.054893349000037,0.06545507415310615,0.0655807697947686
2016-07-12,2275,rolling,select,pca_only,8,20,log_euclidean,0.01,0.00023192802690678326,4435.937967983314,1435.0405721536358,1805.9741576464578,902.9870788232287,468.4798750515806,6.427451040021117e-05,6.427389070307163e-05,1.5204090289728963e-06,4.561644784136226,0.18919299733079328,0.36397047250177295
2016-07-12,2275,ledoit_wolf,select,pca_only,8,20,log_euclidean,0.01,0.00014882603071296436,7381.417585623185,898.2057574402345,328.6531448096896,164.32657240484463,-279.9506118334547,2.6422348439679032e-05,2.64217287425395e-05,1.403420284462833e-05,2.537677844466556,0.10139807906644015,0.10820467583267587
2016-07-12,2275,persistence,select,pca_only,8,20,log_euclidean,0.01,0.0010116123659326419,3132.550211160243,2693.089649406009,2806.640959079194,1403.3204795395918,957.6294575415584,3.6404859919913094e-05,3.6404240222773564e-05,6.137168395455164e-07,2.7632622030654375,0.09049974845825481,0.11976263244298664
2016-07-19,2280,D2_pca8_hmm3,select,pca_only,8,20,log_euclidean,0.01,9.703452762249172e-05,2037.5812425570193,7388.894414789713,40918.47208828217,20459.236044141086,20001.925591576288,6.399122071640769e-05,6.398981247794012e-05,5.383418061240047e-08,2.5582411105270113,0.10986908926505591,0.11293343063475215
2016-07-19,2280,rolling,select,pca_only,8,20,log_euclidean,0.01,0.00021218796081814303,4308.3797871760235,1342.4747082286585,1880.3318712251626,940.1659356125812,516.9421583022491,8.816852612653649e-05,8.816711788806892e-05,1.5604872648016458e-06,4.829827677480211,0.20190933312348372,0.3935907805783781
2016-07-19,2280,ledoit_wolf,select,pca_only,8,20,log_euclidean,0.01,0.00013966468008252308,7299.890610823309,810.9112315415946,320.46849129425306,160.23424564712647,-278.9270148646684,3.10488337543809e-05,3.1047425515913327e-05,1.4148052033587004e-05,2.4931485585176705,0.11218405598866635,0.10643388412144034
2016-07-19,2280,persistence,select,pca_only,8,20,log_euclidean,0.01,0.000977353356069458,3141.706431698375,2608.245558637442,3073.0707614283497,1536.5353807141632,1091.2640922953278,3.758249410440312e-05,3.758108586593554e-05,5.881459971918014e-07,2.82841934350475,0.09285887217739708,0.11597607873172108
2016-07-26,2285,D2_pca8_hmm3,select,pca_only,8,20,log_euclidean,0.01,0.0018831660780134639,3708.107110753842,3534.00388701436,2486.6724859417786,1243.3362429708927,783.4119183653034,4.9913184125731055e-05,4.9911787176029516e-05,8.579332825808969e-07,2.5988791487877947,0.11177316901913667,0.11117808785203848
2016-07-26,2285,rolling,select,pca_only,8,20,log_euclidean,0.01,0.00022109796529242787,4460.3456360425,1531.691520079716,2215.676024788188,1107.8380123940829,674.7188052397587,0.00011279937074976138,0.00011279797380005983,1.3815072308499378e-06,4.589683300167905,0.22582774052013496,0.3692610619132585
2016-07-26,2285,ledoit_wolf,select,pca_only,8,20,log_euclidean,0.01,0.00014789702328416057,7313.09959991079,930.7054214298099,342.95851297300965,171.47925648650528,-268.94620026434495,3.653360915908721e-05,3.653221220938567e-05,1.3592766487708201e-05,2.49159609463728,0.11272388354650029,0.10670569322547019
2016-07-26,2285,persistence,select,pca_only,8,20,log_euclidean,0.01,0.00013401749158266097,3265.7959261235865,1423.7947102857197,5813.958162933547,2906.9790814667704,2438.022802652009,3.788614433445193e-05,3.788474738475039e-05,3.4840643671822366e-07,2.8455616144267557,0.10520253439439409,0.12498021235875023
2016-08-02,2290,D2_pca8_hmm3,select,pca_only,8,20,log_euclidean,0.01,9.823902320025723e-05,2191.073093639857,6590.8514421804375,11286.750535303305,5643.375267651665,5191.644892155737,5.473503097166714e-05,5.4733882564334365e-05,1.4806238852183484e-07,2.8604686686789274,0.10172327722263572,0.1332914611472037
2016-08-02,2290,rolling,select,pca_only,8,20,log_euclidean,0.01,0.0002103849572043343,4385.006434747186,1270.580345195588,1758.0528863762675,879.0264431881276,418.09459726523556,5.3886300212880094e-05,5.3885151805547316e-05,1.2799282903499501e-06,4.549102998982444,0.1693200166407382,0.3353437529445078
2016-08-02,2290,ledoit_wolf,select,pca_only,8,20,log_euclidean,0.01,0.00012931150020202467,7282.1423821805,787.5340565061189,332.670660577292,166.33533028864628,-288.6874619429576,3.3077523963534664e-05,3.3076375556201887e-05,1.0500966021622236e-05,2.118186076979612,0.08283905577153883,0.07720411654320518
2016-08-02,2290,persistence,select,pca_only,8,20,log_euclidean,0.01,9.575951091578355e-05,3199.1369764644187,1024.5018226013385,3989.47377697281,1994.7368884864018,1526.0801184253644,2.2063436733105116e-05,2.206228832577234e-05,1.850086714490366e-07,2.011900977437338,0.06967851012859788,0.0628438403482621
2016-08-09,2295,D2_pca8_hmm3,select,pca_only,8,20,log_euclidean,0.01,6.665251192918654e-05,2292.3817416315105,5743.816647914655,17034.28089320209,8517.140446601035,7894.814126982259,4.479078288887331e-05,4.478997284378235e-05,9.274283690378163e-08,2.7139884863028136,0.09442178904018976,0.12095829601553192
2016-08-09,2295,rolling,select,pca_only,8,20,log_euclidean,0.01,0.00024057801642394944,4430.559065561995,1513.2576672979792,1821.435804526385,910.7179022631964,433.37145167959005,3.0774641611154316e-05,3.077383156606336e-05,1.0563545047594524e-06,3.987211921635807,0.16911785993145528,0.2765671844323335
2016-08-09,2295,ledoit_wolf,select,pca_only,8,20,log_euclidean,0.01,0.0001539349106883238,7269.815744512673,993.1510232839131,337.4571008519544,168.728550425977,-287.21593439253553,3.257491465592925e-05,3.257410461083829e-05,9.613315584847017e-06,2.157054825574476,0.0811550416566845,0.07995286900857913
2016-08-09,2295,persistence,select,pca_only,8,20,log_euclidean,0.01,8.836345459287392e-05,3346.6622301238885,1158.5694740196848,4794.609179591549,2397.304589795797,1877.9221125162524,2.5750796660668182e-05,2.5749986615577228e-05,7.836634980545687e-08,1.4438462287598832,0.04272819762384139,0.02894398153386744
2016-08-16,2300,D2_pca8_hmm3,select,pca_only,8,20,log_euclidean,0.01,8.499978158646156e-05,2234.094124425959,3144.37859207553,36196.819181212966,18098.409590606487,17142.772209059924,0.0001192196094973085,0.00011921643166416428,9.414495429217526e-08,3.740430045726496,0.15948407739240333,0.22066062059789127
2016-08-16,2300,rolling,select,pca_only,8,20,log_euclidean,0.01,0.00020465742353819482,4409.494837086641,1021.2386399252712,1885.165756945402,942.5828784727084,464.9662327576551,4.75148311398296e-05,4.751165330668539e-05,1.0602601390283368e-06,3.972408448956035,0.17565911456686922,0.2675699960364471
2016-08-16,2300,ledoit_wolf,select,pca_only,8,20,log_euclidean,0.01,0.00013750260083462623,7289.517413973858,1033.1359512098104,330.1548393535056,165.0774196767527,-281.14541166210626,7.220726352143062e-05,7.220408568828641e-05,9.4532693686043e-06,2.092775827512275,0.08189821713387,0.07745863877658808
2016-08-16,2300,persistence,select,pca_only,8,20,log_euclidean,0.01,0.00015185995928407574,3238.111958943081,1696.352616656086,4661.981529318351,2330.9907646591696,1819.3318228399335,7.311647946681596e-05,7.311330163367175e-05,1.3295500556895175e-07,1.700827673807126,0.053482507258636076,0.04442245942558794
2016-08-23,2305,D2_pca8_hmm3,select,pca_only,8,20,log_euclidean,0.01,9.059340596333122e-05,2284.751889910307,2368.2984070251528,20113.522813949803,10056.761406974882,9492.478307199002,0.00013412575755988046,0.00013412158930704203,9.050237024007733e-08,2.8639270138538295,0.10374393577958749,0.1306016465083013
2016-08-23,2305,rolling,select,pca_only,8,20,log_euclidean,0.01,0.00018490665549943385,4345.969198919217,1118.0262783133717,1594.608694394709,797.3043471973511,323.6090360497199,4.909622306557468e-05,4.909205481273625e-05,1.004257466278002e-06,4.071349627823952,0.16224135727018613,0.26379103415359384
2016-08-23,2305,ledoit_wolf,select,pca_only,8,20,log_euclidean,0.01,0.00012791398677571383,7331.306342314645,1262.5044376021033,311.0589644847897,155.52948224239447,-293.1643264683172,7.369873854026838e-05,7.369457028742995e-05,9.930123742216125e-06,2.109087053656013,0.07489227632822147,0.07573676851465806
2016-08-23,2305,persistence,select,pca_only,8,20,log_euclidean,0.01,0.0001751503912264173,3288.99087087557,2227.7176932722004,4488.08410391355,2244.0420519567697,1767.845376992697,9.312931962747205e-05,9.312515137463363e-05,1.2116025125304828e-07,1.6682655781809586,0.05188237020615508,0.040822053956596424
2016-08-30,2310,D2_pca8_hmm3,select,pca_only,8,20,log_euclidean,0.01,0.00012765713713492905,2110.0006038018164,2619.4549277969313,48699.42250809622,24349.711254048114,23697.414307139028,9.427715082726241e-05,9.427072151361084e-05,3.161993202560173e-08,2.6729529633979627,0.10579836411674833,0.11818324154051946
2016-08-30,2310,rolling,select,pca_only,8,20,log_euclidean,0.01,0.0001700352792383412,4471.651268733323,1008.5810465721925,1752.8663049483687,876.4331524741784,410.06687144513523,5.5721203518989656e-05,5.571477420533808e-05,1.2218829966827122e-06,4.455965987778655,0.16007312198433812,0.318640659765334
2016-08-30,2310,ledoit_wolf,select,pca_only,8,20,log_euclidean,0.01,0.00011984350029686359,7363.959543796696,1161.7571725507444,309.94554272768005,154.97277136383968,-290.47825688260014,6.11383808245118e-05,6.113195151086022e-05,1.0969231788759215e-05,2.159275721842209,0.0784785621976275,0.0775685977192352
2016-08-30,2310,persistence,select,pca_only,8,20,log_euclidean,0.01,0.00014093162430710168,3212.39640149439,1799.9794865957906,5956.756197064996,2978.3780985324765,2517.3555972079644,8.149128531659539e-05,8.148485600294381e-05,1.0795410856419841e-07,1.7798660113720448,0.057197241240314924,0.04867637303290471
2016-09-07,2315,D2_pca8_hmm3,select,pca_only,8,20,log_euclidean,0.01,0.00010478715829537727,2583.02031995603,1649.0841433420226,13408.709637702343,6704.354818851187,6222.765145750552,0.00010553088600837957,0.00010552399903063967,8.888993754040453e-08,2.3680574861925936,0.07803943670842213,0.08782165510363202
2016-09-07,2315,rolling,select,pca_only,8,20,log_euclidean,0.01,0.00012052357385663643,4514.725060739854,1251.3564759243002,2134.00281866387,1067.0014093319298,600.0362579063012,5.3218523620109726e-05,5.321163664236983e-05,8.399261823769788e-07,3.7798066835815427,0.17784529349549613,0.2658945368395292
2016-09-07,2315,ledoit_wolf,select,pca_only,8,20,log_euclidean,0.01,0.00011177367458573896,7282.2049626377975,1542.5925635261685,314.56507870141445,157.28253935070677,-286.35588675629117,5.212677532008259e-05,5.211988834234269e-05,8.941722642251626e-06,1.9978401392041276,0.08761928069150518,0.07047458912368477
2016-09-07,2315,persistence,select,pca_only,8,20,log_euclidean,0.01,0.00015998986959671633,3297.9138313764543,2081.474871051558,6299.600901086452,3149.8004505432373,2663.9874488010764,7.757276025931935e-05,7.756587328157945e-05,8.50852449102842e-08,1.6392033491054518,0.05554544961323816,0.038024110403343477
2016-09-14,2320,D2_pca8_hmm3,select,pca_only,8,20,log_euclidean,0.01,7.944739552242418e-05,2027.723943194797,4310.030334057982,37800.78780730446,18900.393903652235,18174.655036263768,8.465562499955974e-05,8.465319111623359e-05,7.516353693753596e-08,3.6387239844449932,0.14838436017008608,0.20107782286067163
2016-09-14,2320,rolling,select,pca_only,8,20,log_euclidean,0.01,8.86443335221906e-05,4459.321859331446,719.4978829838687,2392.185199801233,1196.0925999006158,723.8586824798518,5.626055495211958e-05,5.625812106879343e-05,6.260045595171961e-07,3.4257549077922147,0.12661372370979732,0.21082690417250377
2016-09-14,2320,ledoit_wolf,select,pca_only,8,20,log_euclidean,0.01,7.482132074003389e-05,7360.6937521079235,825.3595567344339,328.40660223996156,164.20330111998027,-284.4454885590808,3.81038762752414e-05,3.810144239191525e-05,9.123697966321145e-06,2.176543790838859,0.07560391524564643,0.075644302190485
2016-09-14,2320,persistence,select,pca_only,8,20,log_euclidean,0.01,0.00010903662382897225,3230.9766998328623,925.199343214811,4928.052990419036,2464.026495209527,1970.1868031150432,7.67345292288338e-05,7.673209534550765e-05,2.965458044561197e-07,2.5372290780770967,0.08178464045013195,0.10546536130357413
2016-09-21,2325,D2_pca8_hmm3,select,pca_only,8,20,log_euclidean,0.01,0.00024012760999589378,2435.1083710888615,4846.084065270574,7447.206225234678,3723.603112617352,3195.988294607415,6.72642854265303e-05,6.726247873254722e-05,2.589471382432956e-07,2.652111409120069,0.12057445700624786,0.12809448094448897
2016-09-21,2325,rolling,select,pca_only,8,20,log_euclidean,0.01,8.233427209661205e-05,4405.532295835121,668.6764222002646,2597.3658308737636,1298.6829154368786,830.9621874871991,3.826292573032752e-05,3.826111903634444e-05,6.124416116430936e-07,3.4168115775463868,0.12585282509032808,0.21718739017189423
2016-09-21,2325,ledoit_wolf,select,pca_only,8,20,log_euclidean,0.01,7.13489888430726e-05,7460.344617890138,737.5231236343784,326.3355651646207,163.1677825823104,-284.4260412052315,2.507519961873975e-05,2.5073392924756675e-05,9.624734567189302e-06,2.007233983494618,0.06595135702239345,0.06352016113043704
2016-09-21,2325,persistence,select,pca_only,8,20,log_euclidean,0.01,0.00012996233552179152,3225.5719522744994,1241.1199781167663,5524.272321088085,2762.1361605440484,2265.352021461435,6.348349552268806e-05,6.348168882870498e-05,3.6617490375633515e-07,3.0646464567250336,0.09459415439553946,0.136556738000539
2016-09-28,2330,D2_pca8_hmm3,select,pca_only,8,20,log_euclidean,0.01,8.541938817868072e-05,2043.7671797293406,5687.453215446846,59444.46005804281,29722.230029021383,29310.929438791623,5.3797716126796745e-05,5.3796964294032805e-05,3.3547601419348845e-08,2.6569216638703184,0.11066490337487454,0.12025009013897821
2016-09-28,2330,rolling,select,pca_only,8,20,log_euclidean,0.01,9.16553881352504e-05,4540.983394394631,745.8668766926153,3297.9235605811864,1648.961780290591,1168.8084927683144,6.049331170786457e-05,6.049255987510063e-05,8.487655417233574e-07,4.220422434959209,0.16829330266830111,0.3003784578472768
2016-09-28,2330,ledoit_wolf,select,pca_only,8,20,log_euclidean,0.01,7.748771813558964e-05,7419.460977188886,638.6757124149123,346.4044993857009,173.2022496928507,-270.21997013489573,2.2203420576051562e-05,2.2202668743287623e-05,1.1065411130704747e-05,2.1632105308888976,0.07936390201685213,0.07235178307677977
2016-09-28,2330,persistence,select,pca_only,8,20,log_euclidean,0.01,0.0001593280042726966,3394.8989910655846,1465.324058314616,6245.023915736032,3122.511957868004,2657.036589770575,4.5717345880116726e-05,4.5716594047352786e-05,4.816652663240479e-07,3.2046550082904925,0.1406953868085816,0.1698291295212531
2016-10-05,2335,D2_pca8_hmm3,select,pca_only,8,20,log_euclidean,0.01,0.00020254062324356043,2907.350931059646,4462.47892578091,14757.228837508233,7378.6144187541195,6835.253953269103,2.1064791711418707e-05,2.10638794949363e-05,1.6676652491011297e-07,2.6169728523231806,0.10572774498101031,0.10892337847043655
2016-10-05,2335,rolling,select,pca_only,8,20,log_euclidean,0.01,0.00015580008523712383,4747.601560805066,845.6984277787392,5254.176260216116,2627.0881301080512,2160.3238849940817,7.254845981881987e-05,7.254754760233747e-05,1.0861913144418712e-06,4.683697724154599,0.18478990888378155,0.3737037778804701
2016-10-05,2335,ledoit_wolf,select,pca_only,8,20,log_euclidean,0.01,0.00013638749029950542,7463.016232422737,575.7679306623181,412.8791401833706,206.4395700916856,-227.5877744147662,2.1942117322337732e-05,2.1941205105855323e-05,1.1591174017035002e-05,2.2445724967702376,0.06644289518685216,0.07365877737209962
2016-10-05,2335,persistence,select,pca_only,8,20,log_euclidean,0.01,0.00023386304205015774,3591.393563305894,1859.9303364907305,8025.830932603933,4012.915466301969,3528.0010955098937,4.509959366533856e-05,4.5098681448856146e-05,5.360078146531998e-07,3.41970936167192,0.10830702614642151,0.18169282303748516
2016-10-12,2340,D2_pca8_hmm3,select,pca_only,8,20,log_euclidean,0.01,0.00017215842087908576,2685.870602918083,4811.861961306232,47096.57932462589,23548.289662312953,22787.9444375253,0.00011538770610783218,0.0001153851003158137,5.938216343513787e-08,2.4789697902154817,0.09619830525587215,0.09994858238750433
2016-10-12,2340,rolling,select,pca_only,8,20,log_euclidean,0.01,0.00018004739841877664,4814.612670421644,891.1833300880323,5548.228753175129,2774.114376587556,2331.3800424107567,9.778178749249651e-05,9.777918170047803e-05,1.0259964844355477e-06,4.517286034117166,0.1673334225515167,0.3470033100410263
2016-10-12,2340,ledoit_wolf,select,pca_only,8,20,log_euclidean,0.01,0.0001697737361042785,7502.676221600219,688.4806010042485,414.59543659835253,207.29771829917627,-217.6903158427969,6.021813305483484e-05,6.021552726281636e-05,1.1623954053251725e-05,2.2231632504425756,0.06755333397147405,0.07372002068531447
2016-10-12,2340,persistence,select,pca_only,8,20,log_euclidean,0.01,0.00022406072531566294,3583.2100694618894,1134.1492877776657,9963.35459186001,4981.677295930015,4480.831740900658,9.326520939985688e-05,9.32626036078384e-05,2.1587709248312574e-07,2.3653295077382537,0.06711781315302065,0.0830012388711199
2016-10-19,2345,D2_pca8_hmm3,select,pca_only,8,20,log_euclidean,0.01,0.0003682651591358501,2468.803525562468,7510.361201009124,54325.333886719854,27162.666943359898,26460.64083059843,0.00020702630569856707,0.00020702380875107772,1.471409526340612e-07,3.3173541228475085,0.14305596098046783,0.1879961229477545
2016-10-19,2345,rolling,select,pca_only,8,20,log_euclidean,0.01,0.0003570016193406353,4765.957943257386,1156.2990318616535,7090.50487511033,3545.2524375551548,3130.871432999436,0.00010002895349183982,0.00010002645654435048,9.083094370466685e-07,4.583847790974446,0.13410453514328133,0.32593923608776276
2016-10-19,2345,ledoit_wolf,select,pca_only,8,20,log_euclidean,0.01,0.00035167996280364175,7497.4366534212995,787.6724045630431,470.61133820113594,235.30566910056825,-172.80510184298728,5.5608686288432835e-05,5.5606189340943493e-05,1.1006618312061236e-05,2.166910049272762,0.06098838106841543,0.06834368568730072
2016-10-19,2345,persistence,select,pca_only,8,20,log_euclidean,0.01,0.00040191091205471,3666.9748139524972,1280.4323507430863,13179.598901112082,6589.79945055604,6126.148236471092,9.427341771218161e-05,9.427092076469228e-05,1.704477320264118e-07,2.082512961058367,0.06912934590354232,0.06464767004872596
2016-10-26,2350,D2_pca8_hmm3,select,pca_only,8,20,log_euclidean,0.01,0.0010034299347168138,2891.518894945242,7500.1941072800055,12951.609883996192,6475.804941998085,5952.913336134543,0.00045481175979314616,0.00045480964948763406,6.015627554041532e-07,3.113577239899454,0.1486167145819298,0.17803703969121015
2016-10-26,2350,rolling,select,pca_only,8,20,log_euclidean,0.01,0.00035810599761902423,4639.097227020959,1099.3258240448963,7094.948262308374,3547.4741311541857,3082.7583528906966,0.0001807800344038213,0.0001807779240983092,9.870882786302955e-07,4.954875852050944,0.1889563383323191,0.358028577684617
2016-10-26,2350,ledoit_wolf,select,pca_only,8,20,log_euclidean,0.01,0.00035525202260713624,7460.852696350017,766.7572141298443,468.5135530977725,234.2567765488861,-173.64970092931352,6.0017862830233935e-05,6.0015752524721845e-05,1.0939594478579288e-05,2.1652546987711374,0.0626074399166693,0.06785340095508015
2016-10-26,2350,persistence,select,pca_only,8,20,log_euclidean,0.01,0.00040274323842490477,3612.5809444265815,1162.1573680584331,12173.824644073133,6086.91232203654,5577.751103590117,8.965108715665002e-05,8.964897685113792e-05,1.0777669805592764e-07,1.4557951285305692,0.06458163193497592,0.03821149090859595
2016-11-02,2355,D2_pca8_hmm3,select,pca_only,8,20,log_euclidean,0.01,0.0005733893069230347,2512.959935665913,7345.382730610026,133766.40882024783,66883.20441012393,64688.78813104353,0.00017277715755146926,0.00017277519046561638,3.380787014522788e-08,2.4671601674984616,0.09685575586199106,0.09590157425043074
2016-11-02,2355,rolling,select,pca_only,8,20,log_euclidean,0.01,0.0005471208858160408,4770.49205300585,1277.946251163269,7392.319484553263,3696.159742276648,3238.345665142688,0.0001229180234292679,0.00012291605634341503,1.2071295078265835e-06,4.956250722110541,0.2072691849154411,0.3794906242203374
2016-11-02,2355,ledoit_wolf,select,pca_only,8,20,log_euclidean,0.01,0.0005379443753173619,7882.920083338333,861.836252214962,433.58224455681807,216.79112227840872,-186.43481982008353,4.431435411988151e-05,4.4312387034028645e-05,1.2483229490135864e-05,1.8799651643918773,0.048613745289878114,0.049425637502177065
2016-11-02,2355,persistence,select,pca_only,8,20,log_euclidean,0.01,0.000644013505815199,3760.0182507248987,1297.8265215816693,12563.22729518571,6281.613647592876,5781.75562713589,7.357264269492544e-05,7.357067560907258e-05,1.197204747102935e-07,1.523525389364546,0.04871976773736315,0.03445089401016891
2016-11-09,2360,D2_pca8_hmm3,select,pca_only,8,20,log_euclidean,0.01,0.0005082186993088839,2474.0567343432986,7658.843656057701,133908.73973879713,66954.36986939855,64725.61684451803,0.00012245699828683095,0.00012245585291327792,2.200153127381018e-08,2.036876258860012,0.06337309576298326,0.06811364459051927
2016-11-09,2360,rolling,select,pca_only,8,20,log_euclidean,0.01,0.0005157862621933286,4830.674997395701,1685.1365747521436,6290.2703625536615,3145.1351812768335,2674.6065832962468,0.0001958025928835539,0.00019580144751000088,1.1156644771915948e-06,4.703739445095629,0.14754866642069067,0.32651913580136294
2016-11-09,2360,ledoit_wolf,select,pca_only,8,20,log_euclidean,0.01,0.00048338670559426155,7913.3987712632525,1010.2699117142836,426.13736040007484,213.0686802000377,-195.4062703041175,4.595271993497668e-05,4.595157456142364e-05,1.4209439549249182e-05,2.07718230041869,0.058479937306535626,0.0660170912568449
2016-11-09,2360,persistence,select,pca_only,8,20,log_euclidean,0.01,0.0006109617747985617,3891.6033990982037,1497.0779388102496,10074.82456431804,5037.412282159025,4503.256641884075,3.9827713154662145e-05,3.9826567781109104e-05,2.8315162303001165e-07,2.07617850707692,0.07477368494127073,0.06819186192330134
2016-11-16,2365,D2_pca8_hmm3,select,pca_only,8,20,log_euclidean,0.01,0.0002626338438510655,2074.404325894258,8147.286160569523,84575.56221199951,42287.78110599973,40292.76564143769,0.00010771938846937111,0.0001077180117573712,7.945597116095355e-08,3.387366822182933,0.1329460360390505,0.19458070049952372
2016-11-16,2365,rolling,select,pca_only,8,20,log_euclidean,0.01,0.00028981018134395997,4785.93011512716,1159.944810168637,3696.3463835421803,1848.1731917710986,1369.3523639417986,0.0001728807256663238,0.0001728793489543239,1.2857087929486085e-06,4.358118289623037,0.1334734447840918,0.2919418489614874
2016-11-16,2365,ledoit_wolf,select,pca_only,8,20,log_euclidean,0.01,0.00023915926930303361,8473.065741282782,790.2351523519434,340.6695166673453,170.33475833367254,-251.35391461528448,4.589143353969904e-05,4.589005682769913e-05,1.7183188753052862e-05,1.8282506801217393,0.0476379081244717,0.04561116247105945
2016-11-16,2365,persistence,select,pca_only,8,20,log_euclidean,0.01,0.0005078798890368172,3744.0701066426436,1335.8743793653036,4777.177958435279,2388.5889792176504,1905.4845321957364,4.235622139709445e-05,4.235484468509454e-05,3.283232780074098e-07,1.9001188568058425,0.0707538428748925,0.0563873868855603
2016-11-23,2370,D2_pca8_hmm3,select,pca_only,8,20,log_euclidean,0.01,0.0003413815799527615,2922.0087700409513,4790.053340109216,12583.318819542259,6291.659409771089,5654.469702634571,0.0001615326525511422,0.00016153130203782284,3.9721304748502127e-07,3.619404661607211,0.1291902277960203,0.1897096910518859
2016-11-23,2370,rolling,select,pca_only,8,20,log_euclidean,0.01,0.000256443888403319,4687.820962682396,1046.9358520615604,3385.2255546634024,1692.6127773317126,1198.7196168399225,7.44083701299292e-05,7.440701961660983e-05,7.951555873255427e-07,3.5855422127470056,0.1465914095509879,0.19439109383482145
2016-11-23,2370,ledoit_wolf,select,pca_only,8,20,log_euclidean,0.01,0.00022545841565713243,8589.575578673279,872.3558392304365,334.0176003348613,167.008800167431,-259.35221448528785,4.0228317859109064e-05,4.0226967345789704e-05,1.1924744058056499e-05,1.387937529605185,0.03491552348695284,0.02686749676718233
2016-11-23,2370,persistence,select,pca_only,8,20,log_euclidean,0.01,0.00048246370834133993,3595.0858734144954,1313.7708535005304,4168.817188339297,2084.408594169676,1593.9977044792709,5.193877518789732e-05,5.193742467457796e-05,3.0038365299810684e-07,1.810087123050208,0.06165433970588634,0.050407449999208
2016-12-01,2375,D2_pca8_hmm3,select,pca_only,8,20,log_euclidean,0.01,6.021879329469183e-05,2073.81278729498,5169.957042887719,60144.72474169966,30072.362370849878,29276.27017548583,3.0057316179164068e-05,3.0056131847147188e-05,2.31508833620691e-08,2.6577439754884615,0.10647496580403323,0.104861334893641
2016-12-01,2375,rolling,select,pca_only,8,20,log_euclidean,0.01,0.00014809272233306788,4754.083274106227,1024.601281852741,1583.8249061787776,791.912453089388,313.69706955946225,8.888846513555817e-05,8.888728080354129e-05,9.245776944506926e-07,3.487809328811874,0.13160500172134965,0.1894069330394856
2016-12-01,2375,ledoit_wolf,select,pca_only,8,20,log_euclidean,0.01,7.024256454996771e-05,8775.78137782597,1016.4042169840616,345.26745380817044,172.6337269040851,-280.4758510822663,4.2483995303617796e-05,4.248281097160091e-05,1.247437080804171e-05,1.3858635282258283,0.03414401514574273,0.026296930079170205
2016-12-01,2375,persistence,select,pca_only,8,20,log_euclidean,0.01,0.0005596689768419638,3397.737947247254,1524.7981361158456,1998.4128408769952,999.2064204385125,527.2223233089924,5.592499969874205e-05,5.592381536672517e-05,2.9214098446691277e-07,1.7514519491650233,0.052077516954005455,0.04362455116294223
2016-12-08,2380,D2_pca8_hmm3,select,pca_only,8,20,log_euclidean,0.01,5.9625035679324105e-05,1873.0579005102436,5794.7865912878915,36534.913393811534,18267.456696905763,17996.813821606665,6.248338575481685e-05,6.2481881688211e-05,7.209055833977745e-08,3.5392687053740666,0.10958924777163387,0.18804190623521375
2016-12-08,2380,rolling,select,pca_only,8,20,log_euclidean,0.01,0.000146348416910729,4817.844141810268,910.1541042058604,1348.7569499500335,674.3784749750172,219.3893716305031,3.7774786378483735e-05,3.777328231187788e-05,7.108265403515893e-07,2.995907051326989,0.09514317195945589,0.14472797709401525
2016-12-08,2380,ledoit_wolf,select,pca_only,8,20,log_euclidean,0.01,7.149760093625931e-05,8830.355956835265,913.6337979413604,345.29128391518475,172.6456419575921,-281.6162351912909,2.9409998831899805e-05,2.9408494765293948e-05,1.2195274185353835e-05,1.323390600051124,0.03752839725319023,0.026065593432847825
2016-12-08,2380,persistence,select,pca_only,8,20,log_euclidean,0.01,0.0004908594232593227,3462.3495985926943,1564.072224014308,1980.7074805590696,990.35374027951,539.3690832848104,3.203254851051755e-05,3.20310444439117e-05,1.754081288557289e-07,1.3437891198154455,0.05265718643713685,0.028784974594185157
2016-12-15,2385,D2_pca8_hmm3,select,pca_only,8,20,log_euclidean,0.01,6.429648618620845e-05,2080.89786819682,5820.149446672405,47573.8294706034,23786.914735301714,23300.14274536595,1.6500886937928884e-05,1.6499902877633036e-05,3.262784516709027e-08,2.614307916213769,0.09625829271719946,0.11218971914129214
2016-12-15,2385,rolling,select,pca_only,8,20,log_euclidean,0.01,0.0001407096404868997,4720.349792047009,848.162605643562,1256.5557867493296,628.2778933746579,172.33836245122913,2.3243611987859323e-05,2.3242627927563474e-05,8.633576702555008e-07,3.280301375776407,0.11174002032831044,0.17452619533603517
2016-12-15,2385,ledoit_wolf,select,pca_only,8,20,log_euclidean,0.01,6.839157173434424e-05,8852.69310770784,830.2087491208416,344.9154228954095,172.4577114477048,-282.13745357259165,1.9489788343011137e-05,1.9488804282715288e-05,1.243865068895568e-05,1.2891725942433843,0.038868106463123754,0.024457959602455576
2016-12-15,2385,persistence,select,pca_only,8,20,log_euclidean,0.01,0.00027916546700686466,3317.4151836877536,1305.7351771269377,2726.9945974951916,1363.4972987476085,892.5227295877046,2.6064020297027554e-05,2.6063036236731705e-05,1.8623763707151778e-07,1.6283550533849342,0.05231329435443098,0.04132550073407402
2016-12-22,2390,D2_pca8_hmm3,select,pca_only,8,20,log_euclidean,0.01,4.644844451595742e-05,1890.6123484404154,6102.357067283944,32360.621926764667,16180.31096338233,15592.55898894145,2.8351396832607678e-05,2.8350294059801386e-05,5.4912293675875474e-08,2.8668256204669924,0.11259631699933229,0.1404004024432693
2016-12-22,2390,rolling,select,pca_only,8,20,log_euclidean,0.01,0.00013134168774274317,4775.473547236664,911.8748223074842,1306.0318424807324,653.0159212403781,192.69416627837617,2.6009664162187217e-05,2.6008561389380924e-05,7.245648345027821e-07,3.105796919379748,0.10236914090593548,0.1542160362159444
2016-12-22,2390,ledoit_wolf,select,pca_only,8,20,log_euclidean,0.01,5.918377913337754e-05,8799.79089568466,885.8212756957861,347.69996065434486,173.84998032717274,-283.4821480782318,2.2655053126029552e-05,2.265395035322326e-05,1.1241122824971225e-05,1.2907849160719775,0.03997059910837769,0.023317496655161862
2016-12-22,2390,persistence,select,pca_only,8,20,log_euclidean,0.01,0.00025118038453229575,3234.282245405268,1362.009291136896,2632.169624992577,1316.0848124962915,849.5704467944263,2.594112248348353e-05,2.594001971067724e-05,1.6913944112782802e-07,1.624624599918407,0.060076824582878385,0.040520911842957814
2016-12-30,2395,D2_pca8_hmm3,select,pca_only,8,20,log_euclidean,0.01,8.463098694091782e-05,2042.6680538931626,5678.318892623099,80290.16088650719,40145.080443253595,39148.82170162536,3.8963429042228956e-05,3.896277346719869e-05,2.881565951289744e-08,2.8222189972057765,0.1563185587399812,0.14361406657160417
2016-12-30,2395,rolling,select,pca_only,8,20,log_euclidean,0.01,0.00015643188989028652,4774.291284780093,870.3029967870469,1760.9495531107136,880.474776555366,425.8913600133549,6.718745204090158e-05,6.718679646587133e-05,9.214571769169007e-07,3.4897341885157664,0.11974824772180748,0.19307359174568084
2016-12-30,2395,ledoit_wolf,select,pca_only,8,20,log_euclidean,0.01,8.553498945274876e-05,8749.059135326032,714.8569666997957,333.03193263739513,166.5159663186977,-274.5037639975873,2.4007009273864346e-05,2.4006353698834087e-05,1.1716490639063195e-05,1.3203524980453731,0.036659671593337335,0.024210975946625576
2016-12-30,2395,persistence,select,pca_only,8,20,log_euclidean,0.01,8.564188208326436e-05,3054.301555509921,1014.6796636556475,6151.031510949765,3075.5157554748835,2599.380209359185,3.7681779594622894e-05,3.768112401959263e-05,1.3578963214318273e-07,1.8891896493293658,0.0670590993091235,0.0582636772258311
