date,raw_anchor,method,split,embedder,pca_k,k_neighbors,aggregation,eta,raw_frob,raw_logeuc,raw_corr_frob,cond_stein,cond_kl,nll,gmvp_var,var_regret,pred_var,leverage_l1,max_abs_w,hhi
2017-01-09,2400,D0_pca8,test,pca_only,8,20,log_euclidean,0.01,9.739393276408024e-05,1886.8673024736881,7670.649870274034,79606.13319192211,39803.066595961056,38478.94991411797,3.922621067885202e-05,3.9225501932286646e-05,3.8976436198389004e-08,3.1566739796153485,0.12082103484669875,0.16633378595069825
2017-01-09,2400,rolling,test,pca_only,8,20,log_euclidean,0.01,0.0001986639966834222,4929.440912392723,958.4888824919816,2324.2591657758558,1162.1295828879213,687.2058112785504,8.382492883443496e-05,8.382422008786959e-05,9.255585567317757e-07,3.4608577412688306,0.10772826128431658,0.18787172264023835
2017-01-09,2400,ewma,test,pca_only,8,20,log_euclidean,0.01,0.00015278981815548744,4654.516742348242,879.3678783364187,3040.0147474577043,1520.0073737288392,1034.4170131554515,8.402302584140973e-05,8.402231709484436e-05,7.214980570690878e-07,3.578839029117718,0.11674663663192877,0.20215659183948595
2017-01-09,2400,ledoit_wolf,test,pca_only,8,20,log_euclidean,0.01,0.00010858298083269538,8777.441952297799,727.8213935779477,342.91023826292854,171.45511913146396,-268.5380600685114,2.4370540178006392e-05,2.436983143144102e-05,1.217824977360783e-05,1.3733226439717747,0.038088244161119444,0.02629712939912325
2017-01-09,2400,oas,test,pca_only,8,20,log_euclidean,0.01,0.00013461761536806736,8261.85020072844,749.2421556616857,347.88663124582587,173.94331562291308,-266.60483369186494,3.053794536711742e-05,3.0537236620552046e-05,1.0942591303674213e-05,1.7651299110903018,0.05237425189354116,0.04426328026732293
2017-01-09,2400,shrink,test,pca_only,8,20,log_euclidean,0.01,0.00014975633541460204,7738.478654173818,780.721993878759,375.50768027870447,187.75384013935246,-253.87701696278722,1.7669991357923595e-05,1.766928261135822e-05,7.603223527789425e-06,1.960066374997136,0.12821787374925403,0.08165879676308978
2017-01-09,2400,persistence,test,pca_only,8,20,log_euclidean,0.01,0.00013287861105296272,3252.001369227424,1133.000517144281,8219.711229002807,4109.85561450139,3613.896840661532,3.7724691268392144e-05,3.772398252182677e-05,1.6002394582111865e-07,2.187540472178499,0.06668228789215147,0.07071883087663638
2017-01-17,2405,D0_pca8,test,pca_only,8,20,log_euclidean,0.01,9.801975013166751e-05,1972.2739657549616,7493.162519213428,95684.94064758101,47842.47032379051,46113.430760989046,3.2092989725280874e-05,3.2092349713286965e-05,4.02935451258349e-08,3.4710029654993657,0.1811114045690935,0.21088524580619628
2017-01-17,2405,rolling,test,pca_only,8,20,log_euclidean,0.01,0.00018244176295417508,4820.864949986007,944.308487163955,2408.990102319018,1204.4950511595164,730.5704585397918,7.537809107468936e-05,7.537745106269545e-05,8.748001894369735e-07,3.477070666786312,0.1246120654875197,0.19582247709700518
2017-01-17,2405,ewma,test,pca_only,8,20,log_euclidean,0.01,0.00012116594237838096,4576.359849637878,800.9774328401759,3363.975704057772,1681.9878520288937,1193.2923530929402,7.601112003161242e-05,7.601048001961851e-05,6.190005116133932e-07,3.4830290234519836,0.12844100527160526,0.19851844872955532
2017-01-17,2405,ledoit_wolf,test,pca_only,8,20,log_euclidean,0.01,0.00010623281647936533,8539.22574490145,708.6470127535085,338.4491144175231,169.22455720876155,-271.7728278536264,2.609365341561143e-05,2.6093013403617523e-05,1.1769041255296371e-05,1.414782811520453,0.04210555125566521,0.028448521237519828
2017-01-17,2405,oas,test,pca_only,8,20,log_euclidean,0.01,0.0001297246262531334,7994.415721895157,735.8044245921403,347.657809160772,173.828904580386,-267.7662664036303,3.1685977652622255e-05,3.1685337640628346e-05,1.0404366020612039e-05,1.8674470397779601,0.06062179092827372,0.05055772783345499
2017-01-17,2405,shrink,test,pca_only,8,20,log_euclidean,0.01,0.0001383327743182069,7557.379820649147,758.0515179307463,389.31831059380204,194.65915529690102,-248.21042522914257,2.4542902574320838e-05,2.4542262562326932e-05,7.235520292614171e-06,2.018851158190579,0.14530157743891342,0.0905706101493555
2017-01-17,2405,persistence,test,pca_only,8,20,log_euclidean,0.01,0.0001284549651699199,3312.456518350786,1060.9326004091768,7968.595662148678,3984.297831074325,3488.622136781539,3.246557339839632e-05,3.246493338640241e-05,1.1457011272897734e-07,1.8443528238871472,0.0494878234594353,0.05042012443657085
2017-01-24,2410,D0_pca8,test,pca_only,8,20,log_euclidean,0.01,9.86152839777631e-05,2030.7310686363621,7733.304883750006,78177.67191234643,39088.83595617321,37664.12904111807,3.5205100807920414e-05,3.52043785091462e-05,5.7497580536536915e-08,3.498618727437173,0.1484250168641576,0.20825369446864822
2017-01-24,2410,rolling,test,pca_only,8,20,log_euclidean,0.01,0.0001763952999727654,4816.327225620681,987.8561097223132,2778.568305558798,1389.2841527794044,914.6653205363012,6.419770583960897e-05,6.419698354083476e-05,5.9895728811755e-07,2.9738505468569585,0.11141974008725002,0.14398834807177313
2017-01-24,2410,ewma,test,pca_only,8,20,log_euclidean,0.01,0.00010719291431621576,4583.76709958213,798.6997932678455,4217.561905177179,2108.780952588592,1614.2793863920665,6.535903760984164e-05,6.535831531106744e-05,3.840815545825472e-07,2.9840489600545173,0.10761731770456956,0.143767055021228
2017-01-24,2410,ledoit_wolf,test,pca_only,8,20,log_euclidean,0.01,0.00010427112500980864,8473.61184839805,674.9660187233077,337.77343768375823,168.88671884187895,-269.7102854622249,2.3465390043561112e-05,2.3464667744786904e-05,8.645501482196826e-06,1.2682103835584506,0.035840486998807604,0.022724855225719025
2017-01-24,2410,oas,test,pca_only,8,20,log_euclidean,0.01,0.00012845546681150642,7871.191655092812,730.4980921432723,354.48890709432897,177.24445354716437,-262.0681917961083,2.923526163344784e-05,2.9234539334673633e-05,7.374604009904478e-06,1.6544323544079933,0.053724906427615515,0.0405593001520521
2017-01-24,2410,shrink,test,pca_only,8,20,log_euclidean,0.01,0.00013570170492965326,7457.620884496835,770.8378411026033,411.4442427251546,205.7221213625768,-234.70092229936327,3.0813549529686775e-05,3.0812827230912564e-05,4.8781768480262496e-06,1.8329524049607404,0.13213178193633207,0.07936656889104375
2017-01-24,2410,persistence,test,pca_only,8,20,log_euclidean,0.01,0.00012128194591101319,3368.9189732721215,1046.4749539791774,9213.074684175002,4606.537342087511,4084.4971246370587,2.0655744713256002e-05,2.0655022414481795e-05,1.197160936554065e-07,1.987353427087638,0.05845502693979532,0.055851924066825945
2017-01-31,2415,D0_pca8,test,pca_only,8,20,log_euclidean,0.01,7.409725424291828e-05,1980.196033154209,7282.904005594389,95895.7869277657,47947.89346388285,46343.90566738851,8.110050634370449e-05,8.109968942294356e-05,5.5110594598555434e-08,4.104112643247609,0.173663738549621,0.2668524312114418
2017-01-31,2415,rolling,test,pca_only,8,20,log_euclidean,0.01,0.00010422559242921549,4702.5411826808095,872.5649814939673,2801.137028640628,1400.5685143203154,932.6680443148377,3.382408231900773e-05,3.3823265398246793e-05,5.094898111804679e-07,3.0740104863999966,0.11817235612792241,0.15345103808178978
2017-01-31,2415,ewma,test,pca_only,8,20,log_euclidean,0.01,8.255569537266941e-05,4473.436652418636,811.1282430414179,3365.1307058673374,1682.5653529336641,1209.9545491182846,3.0276365789732274e-05,3.0275548868971337e-05,4.1896475184361254e-07,3.0621451856928723,0.1073510909452748,0.14894697827840792
2017-01-31,2415,ledoit_wolf,test,pca_only,8,20,log_euclidean,0.01,7.164686973151787e-05,8091.218361128469,729.5533497735776,332.46461438508624,166.2323071925433,-279.03470924532144,1.8654031908298487e-05,1.865321498753755e-05,7.938155135989385e-06,1.3705708406271215,0.04700063570531369,0.027446375352281255
2017-01-31,2415,oas,test,pca_only,8,20,log_euclidean,0.01,7.926364668100386e-05,7676.032604171661,733.5666695416209,343.46127185412115,171.73063592706032,-273.9228391306249,1.960953053196051e-05,1.9608713611199574e-05,7.075101880069463e-06,1.7006743835889508,0.06256118878253104,0.04308118924997051
2017-01-31,2415,shrink,test,pca_only,8,20,log_euclidean,0.01,8.293117227440817e-05,7204.183173792113,742.3604744047047,388.5024504711761,194.2512252355881,-251.46306099937902,1.7873623164334638e-05,1.78728062435737e-05,4.217550712286777e-06,1.876567049382276,0.14098550429103607,0.08585560949095628
2017-01-31,2415,persistence,test,pca_only,8,20,log_euclidean,0.01,0.000116436933106619,3440.303026426985,950.0574298242447,5427.66152983607,2713.830764918008,2238.1483035576757,1.9971317861721623e-05,1.9970500940960686e-05,1.0566997123436782e-07,1.5821786446229773,0.03673313907480138,0.036129723042869065
2017-02-07,2420,D0_pca8,test,pca_only,8,20,log_euclidean,0.01,3.8520325860311286e-05,1853.9179945626827,6541.550669542767,58660.76577242559,29330.382886212825,28379.57692923802,6.367445490854008e-05,6.367342931981048e-05,5.765179305955268e-08,3.8540954964146263,0.14901911284423866,0.24984501272777376
2017-02-07,2420,rolling,test,pca_only,8,20,log_euclidean,0.01,7.809985569257764e-05,4599.64030771993,975.3189115532064,1877.1995068714261,938.5997534357076,472.55684091965105,2.4589161213221725e-05,2.4588135624492125e-05,4.570868510785718e-07,2.954198122717001,0.10057215498996337,0.12902538388234697
2017-02-07,2420,ewma,test,pca_only,8,20,log_euclidean,0.01,0.00010381366736873175,4398.577901568024,935.3883459353576,1928.0613333780198,964.0306666890112,494.7906742466603,2.392304554919263e-05,2.392201996046303e-05,4.266906924115387e-07,2.7951998351620464,0.10012405831316529,0.11771383277586697
2017-02-07,2420,ledoit_wolf,test,pca_only,8,20,log_euclidean,0.01,4.147501682714671e-05,8234.0379985785,923.4338352461068,332.5601622913806,166.28008114569005,-290.6557893178232,1.780955857817186e-05,1.780853298944226e-05,7.630340669770557e-06,1.2927643935147932,0.037140669992872875,0.023981261890872903
2017-02-07,2420,oas,test,pca_only,8,20,log_euclidean,0.01,5.017129354144363e-05,7771.2329925833565,896.1985001013899,329.0597412681241,164.52987063406138,-292.5266914469126,1.7019150230840837e-05,1.7018124642111237e-05,6.74224370076559e-06,1.60483240800914,0.04889313454915846,0.038254206789013805
2017-02-07,2420,shrink,test,pca_only,8,20,log_euclidean,0.01,5.6595764833921724e-05,7205.611353716056,885.1089454325818,361.23840731858525,180.6192036592926,-277.02640081512254,1.821033286539383e-05,1.820930727666423e-05,4.054812266697365e-06,1.8274793081333298,0.11338136203383449,0.0787090980773059
2017-02-07,2420,persistence,test,pca_only,8,20,log_euclidean,0.01,0.00011002227291291576,3353.59966653447,1136.7133369934513,4014.836155505809,2007.4180777528986,1541.9279780971299,1.5365028709884424e-05,1.5364003121154824e-05,9.392408230853721e-08,1.470607238682689,0.04203949797319803,0.031134166494204488
2017-02-14,2425,D0_pca8,test,pca_only,8,20,log_euclidean,0.01,3.665694165287473e-05,1864.3888551791874,6192.761713295885,54256.32912169666,27128.164560848323,26375.725871024926,5.9724461302279076e-05,5.9723506037002175e-05,5.080076135790134e-08,3.6910080944613166,0.14402623032112433,0.22025164822069876
2017-02-14,2425,rolling,test,pca_only,8,20,log_euclidean,0.01,5.348110563384787e-05,4442.5848784528725,864.128043526323,2063.9335611369943,1031.9667805685033,565.4024425275263,2.2856996024663313e-05,2.2856040759386415e-05,3.9045417868184984e-07,2.8896011881187795,0.0889938701677417,0.13367281021393043
2017-02-14,2425,ewma,test,pca_only,8,20,log_euclidean,0.01,7.475065989149766e-05,4247.612313434233,915.6768156155205,2049.738780232993,1024.8693901165109,558.573161537672,2.2715530885562435e-05,2.2714575620285537e-05,3.8198864234164687e-07,2.783029348899937,0.0870701589118748,0.12231540220909964
2017-02-14,2425,ledoit_wolf,test,pca_only,8,20,log_euclidean,0.01,3.5667971208886265e-05,7833.272860724767,905.5371051348324,326.7695920843101,163.38479604215524,-297.29659482371244,1.6036236850804273e-05,1.6035281585527375e-05,6.808947626840755e-06,1.4898714391725767,0.04115173498496098,0.030907846088519018
2017-02-14,2425,oas,test,pca_only,8,20,log_euclidean,0.01,3.847031866666638e-05,7503.50147828719,859.6816494911254,327.0488854812304,163.52444274061492,-297.20092851561174,1.553985257987209e-05,1.5538897314595192e-05,6.0063850414677266e-06,1.7246803393964303,0.04794360603727699,0.042277283201561704
2017-02-14,2425,shrink,test,pca_only,8,20,log_euclidean,0.01,4.336678880307911e-05,6879.167919216616,824.9288361888173,359.7524159202244,179.8762079601123,-281.0830395789841,1.4350861992749011e-05,1.4349906727472112e-05,3.7323357810717157e-06,1.9438324663904885,0.09325222454150946,0.07450944032470196
2017-02-14,2425,persistence,test,pca_only,8,20,log_euclidean,0.01,0.00011247461770760584,3282.8826452997746,1176.828315953232,3934.450668110999,1967.2253340554967,1491.1172078203008,2.3590119742205032e-05,2.3589164476928134e-05,9.496458870873988e-08,1.4681933942620138,0.043481829390054856,0.03204295557528202
2017-02-22,2430,D0_pca8,test,pca_only,8,20,log_euclidean,0.01,4.3508515500853814e-05,1763.8456705518824,5276.199181144823,51403.2282476078,25701.614123803905,24926.25909518749,4.521656300063382e-05,4.521533488023935e-05,4.855266395852448e-08,3.628821674815236,0.17056665066441776,0.22671896277947196
2017-02-22,2430,rolling,test,pca_only,8,20,log_euclidean,0.01,4.662534973371223e-05,4213.664949654053,947.9622780233613,1826.101213873607,913.0506069368045,432.59871391332473,1.8531213081499625e-05,1.852998496110515e-05,4.250583675149218e-07,3.1120789982477453,0.09336676968305431,0.1556872171587252
2017-02-22,2430,ewma,test,pca_only,8,20,log_euclidean,0.01,5.88665675303469e-05,4059.541889504105,1082.2203266746446,1849.343825709619,924.6719128548148,443.6162259609799,2.3598955136012647e-05,2.3597727015618173e-05,4.337551412872719e-07,3.104987608997854,0.09286604431894435,0.14847821740559683
2017-02-22,2430,ledoit_wolf,test,pca_only,8,20,log_euclidean,0.01,4.034909535557427e-05,7749.151925266049,1201.4392375450466,314.92378503384293,157.4618925169213,-302.58287587459733,1.9265705787051303e-05,1.926447766665683e-05,6.5856000979063455e-06,1.4084462527218533,0.034285464053285024,0.02802235844495091
2017-02-22,2430,oas,test,pca_only,8,20,log_euclidean,0.01,4.000602679213517e-05,7415.868822102133,1113.2552937711496,311.5409633874005,155.77048169370025,-304.5037474155939,1.694059489935365e-05,1.6939366778959175e-05,6.046002574535984e-06,1.6561254223989677,0.04065955975433771,0.04000230711521003
2017-02-22,2430,shrink,test,pca_only,8,20,log_euclidean,0.01,4.2906415121650866e-05,6735.196166124617,1007.6474598452819,317.05073850181145,158.52536925090595,-302.55827404933314,1.5344896905316056e-05,1.5343668784921582e-05,3.805899737804397e-06,1.9842720455852914,0.08395149426902529,0.07729861393359587
2017-02-22,2430,persistence,test,pca_only,8,20,log_euclidean,0.01,0.00011442784500674246,3217.4943801478394,1346.9129023207186,3496.1072166349095,1748.0536083174616,1244.726835463058,2.8185786290443764e-05,2.818455817004929e-05,1.0362285918795161e-07,1.5120925576069364,0.045708806168787246,0.033613795035754665
2017-03-01,2435,D0_pca8,test,pca_only,8,20,log_euclidean,0.01,2.344098400839939e-05,1747.1898331956102,5433.88070751653,34789.65839815358,17394.829199076805,16633.528037742584,2.372063862497781e-05,2.371969038676876e-05,5.956531034824301e-08,3.5539477619566866,0.2059445437804397,0.22596930393209785
2017-03-01,2435,rolling,test,pca_only,8,20,log_euclidean,0.01,3.354640382313815e-05,4283.92939079609,854.7628025458496,1540.20970217165,770.1048510858222,270.37635641402863,1.6709996034358167e-05,1.6709047796149117e-05,4.1749421006038115e-07,3.167757511418079,0.1022756199030926,0.1545041959210758
2017-03-01,2435,ewma,test,pca_only,8,20,log_euclidean,0.01,4.044493197322468e-05,4112.607547506826,1028.3054005882273,1578.9502696699847,789.4751348349905,288.7580023560003,2.3524640425179404e-05,2.3523692186970354e-05,4.4774232982453537e-07,3.2519921810751238,0.09978154708271439,0.15205975053218015
2017-03-01,2435,ledoit_wolf,test,pca_only,8,20,log_euclidean,0.01,2.381752037153211e-05,7723.095658597402,1070.916507843816,320.81462017091815,160.4073100854592,-309.32391531413134,1.4613384196759714e-05,1.4612435958550666e-05,5.840649966992909e-06,1.338812750105689,0.033062695819891505,0.025719793934065944
2017-03-01,2435,oas,test,pca_only,8,20,log_euclidean,0.01,2.455547794347461e-05,7386.1971434581965,991.1076234886007,314.7162302529641,157.35811512648215,-312.699668173837,1.2887866266320517e-05,1.288691802811147e-05,5.353364722396121e-06,1.5511950531615926,0.039154979980985945,0.03541070116552747
2017-03-01,2435,shrink,test,pca_only,8,20,log_euclidean,0.01,2.833101442664208e-05,6695.688619227585,901.407448396097,313.870026115235,156.9350130576175,-314.20222779312826,1.2711691244257945e-05,1.2710743006048897e-05,3.2025496111971926e-06,1.8714660868352022,0.0878304342356397,0.07020208722208676
2017-03-01,2435,persistence,test,pca_only,8,20,log_euclidean,0.01,7.280218871150864e-05,3044.469524115717,1187.5157321313736,3004.8627946572265,1502.431397328619,987.1810952509452,1.3765186612791698e-05,1.376423837458265e-05,1.0463946692624932e-07,1.6322327133671104,0.05751812990144531,0.039137336608513706
2017-03-08,2440,D0_pca8,test,pca_only,8,20,log_euclidean,0.01,2.0382969506093936e-05,1736.064723547452,5462.331526504406,36256.50325990814,18128.251629954073,17479.796045579787,1.192373898540613e-05,1.1922574235757784e-05,5.8759014106895996e-08,3.8627447249934517,0.14865075334163974,0.22488715445000887
2017-03-08,2440,rolling,test,pca_only,8,20,log_euclidean,0.01,3.0399628007366828e-05,4237.374909238402,748.2325407432528,1553.008829256409,776.5044146282142,279.2185845344319,1.5165396016809558e-05,1.5164231267161213e-05,3.5523970287390705e-07,2.8846892163819513,0.08064907097026612,0.1345480213641122
2017-03-08,2440,ewma,test,pca_only,8,20,log_euclidean,0.01,3.0379216799806316e-05,4072.858008725113,819.3207727861677,1735.1036020056038,867.5518010027985,367.18125116512323,1.926391702080732e-05,1.9262752271158977e-05,3.5178907641974536e-07,2.923188626381,0.09059862957011411,0.13716008594682377
2017-03-08,2440,ledoit_wolf,test,pca_only,8,20,log_euclidean,0.01,1.965559209366492e-05,7675.132276221858,938.4124598308633,322.44349193204056,161.2217459660203,-310.26883748756603,1.2026277661468387e-05,1.2025112911820042e-05,6.17646525766161e-06,1.4682086742614349,0.03634276803911706,0.030151963019367355
2017-03-08,2440,oas,test,pca_only,8,20,log_euclidean,0.01,2.0770868141192912e-05,7330.969679270167,856.5922011685524,316.74959979909477,158.3747998995476,-313.392465182066,1.0556536266240412e-05,1.0555371516592067e-05,5.447470952145816e-06,1.688666912285525,0.0452135851696801,0.041138133316063405
2017-03-08,2440,shrink,test,pca_only,8,20,log_euclidean,0.01,2.4707088388576686e-05,6672.958565221383,777.353019706201,316.23134997483487,158.1156749874177,-314.4887380330341,1.0451600176866939e-05,1.0450435427218594e-05,3.177579193954152e-06,1.8924817059216754,0.10352957132661418,0.07225256369261386
2017-03-08,2440,persistence,test,pca_only,8,20,log_euclidean,0.01,3.726303699181432e-05,2992.633127534564,1016.8145793255438,3824.897437845958,1912.4487189229822,1398.4689070283878,1.567325965129127e-05,1.5672094901642925e-05,1.0634007074442174e-07,1.862364540694927,0.05742360656917336,0.050579686719346595
2017-03-15,2445,D0_pca8,test,pca_only,8,20,log_euclidean,0.01,2.5468267621334518e-05,1693.555699637153,6135.908787698283,45386.80503003397,22693.402515016995,21898.496127494163,2.8204471544935128e-05,2.8203855725918382e-05,7.418643532600062e-08,4.783729184885671,0.1731240444765901,0.3569367957281764
2017-03-15,2445,rolling,test,pca_only,8,20,log_euclidean,0.01,3.230481520428806e-05,4337.468122079481,739.0558682090366,1574.3424545537273,787.1712272768523,296.7342304388943,1.5710655954274578e-05,1.5710040135257833e-05,3.216445443207257e-07,2.689053610349452,0.0878203048409422,0.1214225706732569
2017-03-15,2445,ewma,test,pca_only,8,20,log_euclidean,0.01,3.0132623432021287e-05,4134.7118128313505,810.8316593735802,1859.9854570262796,929.9927285131408,436.04313719117806,1.91231823790758e-05,1.9122566560059055e-05,2.7350824744237276e-07,2.6474359583512026,0.08760510711289635,0.11898673941093517
2017-03-15,2445,ledoit_wolf,test,pca_only,8,20,log_euclidean,0.01,2.21824939971948e-05,7745.235186323296,883.4291987420069,325.6183217934664,162.80916089673332,-309.4667406749808,9.337070658882574e-06,9.336454839865829e-06,5.691197676609656e-06,1.4020258865600472,0.03421926827424451,0.027361997135325618
2017-03-15,2445,oas,test,pca_only,8,20,log_euclidean,0.01,2.3055649232458364e-05,7394.617236448686,809.0149910498071,319.2452902647917,159.62264513239614,-312.86452486768894,8.869178004206047e-06,8.868562185189301e-06,4.97349888744548e-06,1.6118106773133924,0.04264722287509108,0.03731802435836541
2017-03-15,2445,shrink,test,pca_only,8,20,log_euclidean,0.01,2.7088367412396154e-05,6723.03636779892,747.8929889630327,320.88905563313125,160.44452781656605,-313.08894078282304,1.062814085244451e-05,1.0627525033427765e-05,2.712083072262007e-06,1.80344689490628,0.10596968258927415,0.06883508899850288
2017-03-15,2445,persistence,test,pca_only,8,20,log_euclidean,0.01,4.274227307901172e-05,2985.402201607096,1070.5306619691924,4089.837116223981,2044.9185581120096,1531.245787167614,1.8985456395164637e-05,1.898484057614789e-05,9.86659614082051e-08,1.810669169318302,0.057911061781266426,0.05018332399900661
2017-03-22,2450,D0_pca8,test,pca_only,8,20,log_euclidean,0.01,2.3497500123747763e-05,1675.95525934739,6353.357678945099,48276.294424002015,24138.147212001026,23305.561715413667,3.366501296999983e-05,3.3664504866968796e-05,4.088198666430663e-08,3.8181360912909623,0.14410645702876618,0.23647379222204307
2017-03-22,2450,rolling,test,pca_only,8,20,log_euclidean,0.01,3.602121064926625e-05,4370.628529672867,705.0170734394887,1689.4069357285819,844.7034678642959,357.4301576451737,1.3594679969617325e-05,1.3594171866586295e-05,2.608084078206473e-07,2.5799150377846085,0.1031924010662993,0.10514324817946025
2017-03-22,2450,ewma,test,pca_only,8,20,log_euclidean,0.01,3.7912667273075274e-05,4146.164241988434,783.4518884627536,1838.158973370225,919.0794866851029,427.72001558264265,1.6461945116693678e-05,1.6461437013662647e-05,2.6063968104910657e-07,2.7320278782306806,0.0974531058583148,0.11405248834960069
2017-03-22,2450,ledoit_wolf,test,pca_only,8,20,log_euclidean,0.01,2.223138024722697e-05,7626.044203372143,768.4990274443735,328.8070836072273,164.4035418036138,-310.5943682685904,1.04497584392766e-05,1.044925033624557e-05,5.7552754740577875e-06,1.4901047189784824,0.03865986716309628,0.0328411994290186
2017-03-22,2450,oas,test,pca_only,8,20,log_euclidean,0.01,2.431227117136197e-05,7323.733589992556,720.332832588413,324.89655711618303,162.4482785580919,-312.6574443320942,1.048574400772252e-05,1.048523590469149e-05,4.954303539115176e-06,1.6754488702756685,0.04648409312204812,0.04254786234606564
2017-03-22,2450,shrink,test,pca_only,8,20,log_euclidean,0.01,2.846140590829799e-05,6731.475806514857,671.459278126355,326.1313550143184,163.06567750715942,-312.7103257030108,9.490949930832629e-06,9.490441827801598e-06,2.7766905989183785e-06,1.8413686177159148,0.10042883323048282,0.07281264350289988
2017-03-22,2450,persistence,test,pca_only,8,20,log_euclidean,0.01,4.6336314817378314e-05,2952.559827862609,1046.9372170973338,3703.2204761220487,1851.6102380610205,1349.4841042999847,1.811905158473712e-05,1.811854348170609e-05,1.2982772745126525e-07,2.0069489882141243,0.06733584742980693,0.06364658277483215
2017-03-29,2455,D0_pca8,test,pca_only,8,20,log_euclidean,0.01,3.5123114771226935e-05,1736.653401337995,6186.6516134542435,65468.71049491491,32734.355247457424,31893.53298769477,1.8056273919345767e-05,1.8055483846446008e-05,2.4950368562515785e-08,3.1474890598692356,0.13734222623566564,0.15625723976533354
2017-03-29,2455,rolling,test,pca_only,8,20,log_euclidean,0.01,3.915709122078756e-05,4255.4602367878015,713.1701735040625,2057.7436930078406,1028.871846503911,558.244245011865,1.8405681181865042e-05,1.8404891108965282e-05,2.9419199085798104e-07,2.793401182468776,0.09606621532584363,0.12084873387382054
2017-03-29,2455,ewma,test,pca_only,8,20,log_euclidean,0.01,3.341484896466143e-05,4038.789089535,705.4970067623278,2461.201070033312,1230.600535016658,746.702863138057,1.908743483813252e-05,1.908664476523276e-05,3.2223692099636814e-07,3.1714719770949666,0.10232962629421995,0.15539434650835257
2017-03-29,2455,ledoit_wolf,test,pca_only,8,20,log_euclidean,0.01,2.932517617270605e-05,7548.379075558163,822.6806768737422,321.81638276936707,160.90819138468325,-303.02573029115484,1.5598248657184526e-05,1.5597458584284766e-05,5.677753684543789e-06,1.5320619730266272,0.03574768368043768,0.03397058425310783
2017-03-29,2455,oas,test,pca_only,8,20,log_euclidean,0.01,3.050883936140115e-05,7225.540130305061,763.4438618832769,322.5888723949918,161.29443619749594,-302.67790625922794,1.6081739848500736e-05,1.6080949775600976e-05,4.848351205654338e-06,1.7345151054275232,0.0425136471689091,0.043962496569584134
2017-03-29,2455,shrink,test,pca_only,8,20,log_euclidean,0.01,3.327099464329848e-05,6693.914474115247,703.3889870231636,328.6056185643539,164.30280928217644,-300.0523279042513,1.1899250184577844e-05,1.1898460111678084e-05,2.9150287248592396e-06,1.9268685262185437,0.08588278234692338,0.07031151997092198
2017-03-29,2455,persistence,test,pca_only,8,20,log_euclidean,0.01,3.846746707639052e-05,2983.3355058028596,961.8423661115893,5996.7720867997,2998.3860433998584,2492.659409998442,1.8794935042459936e-05,1.8794144969560177e-05,9.617967211765724e-08,2.0096255309751867,0.07228199959338942,0.05791471108929192
2017-04-05,2460,D0_pca8,test,pca_only,8,20,log_euclidean,0.01,6.461420859999543e-05,1805.484535545988,6869.353806390656,70345.10069598458,35172.5503479923,34695.28070561388,4.00579457487096e-05,4.005738188728669e-05,3.2476940682897193e-08,3.299020146739643,0.17330640055855934,0.18546122791634376
2017-04-05,2460,rolling,test,pca_only,8,20,log_euclidean,0.01,5.463529165866474e-05,4245.498742112692,657.2737533799211,2653.717045040861,1326.8585225204256,884.2685663906037,2.0422330799630532e-05,2.0421766938207626e-05,2.864455931442877e-07,2.789166528752845,0.09981868804178284,0.11800594688291273
2017-04-05,2460,ewma,test,pca_only,8,20,log_euclidean,0.01,5.2289891567495735e-05,4034.3061382225983,674.7109854368375,3355.423570054122,1677.7117850270574,1207.433119691611,2.7671267363447882e-05,2.7670703502024977e-05,2.7456132909030943e-07,3.077850648071429,0.10528961450566834,0.1403797522604658
2017-04-05,2460,ledoit_wolf,test,pca_only,8,20,log_euclidean,0.01,5.0720542497196026e-05,7565.634070065931,682.7164577076687,316.27931669910106,158.13965834955084,-290.37173942537265,1.5276444309174292e-05,1.5275880447751386e-05,5.717258837325804e-06,1.538748336025397,0.038059780968760185,0.03382367443349968
2017-04-05,2460,oas,test,pca_only,8,20,log_euclidean,0.01,5.017421331267374e-05,7240.290193348853,641.0886567827645,322.0141976157407,161.00709880787042,-287.31599927368393,1.5428237418160034e-05,1.542767355673713e-05,4.879767917191492e-06,1.749002631599867,0.04690302961257476,0.04399175353882403
2017-04-05,2460,shrink,test,pca_only,8,20,log_euclidean,0.01,4.9242483205852827e-05,6661.594140470189,602.5469026161072,333.8934667764143,166.94673338820718,-281.19223197307764,1.1813149697503717e-05,1.1812585836080813e-05,2.74342747998091e-06,1.9477959663634752,0.0897613772893885,0.07464565583876137
2017-04-05,2460,persistence,test,pca_only,8,20,log_euclidean,0.01,5.945681648061452e-05,2972.6369748405255,973.5932617688055,8129.513114693989,4064.756557346994,3646.074465277549,1.8140499014304595e-05,1.813993515288169e-05,1.0384392568332071e-07,2.114962581417179,0.06762714276143747,0.0655817219934413
2017-04-12,2465,D0_pca8,test,pca_only,8,20,log_euclidean,0.01,8.303627859375287e-05,1849.7644339341823,7051.103297135933,79338.76591484841,39669.38295742421,39254.55326342352,2.320566311339775e-05,2.320498257060529e-05,3.5209839107890465e-08,3.210464904056259,0.14308116354817604,0.17618256331999682
2017-04-12,2465,rolling,test,pca_only,8,20,log_euclidean,0.01,6.425838416004525e-05,4190.8799732576335,654.2038776986005,3503.849419051327,1751.924709525661,1303.4584246698207,2.9352958626210052e-05,2.935227808341759e-05,2.687547564545386e-07,2.875887785921577,0.08972619528521844,0.12101656210973485
2017-04-12,2465,ewma,test,pca_only,8,20,log_euclidean,0.01,6.337070571887189e-05,4002.5256927953333,651.5234113990891,4716.461459831633,2358.230729915821,1894.5914505532699,3.39915802111917e-05,3.399089966839924e-05,2.3714629679478008e-07,3.0490521036816403,0.09052837657360395,0.14071380643434753
2017-04-12,2465,ledoit_wolf,test,pca_only,8,20,log_euclidean,0.01,6.634280442141636e-05,7478.673941238892,636.2325653078051,319.4183414824785,159.7091707412392,-279.7463919117922,1.3681564620219494e-05,1.3680884077427032e-05,5.353429697894668e-06,1.4894546713287748,0.03578983104785715,0.031124825006358388
2017-04-12,2465,oas,test,pca_only,8,20,log_euclidean,0.01,6.385717513119821e-05,7078.094244898239,594.5598833320563,336.82928539264117,168.41464269632058,-271.0496227276989,1.4833434759887413e-05,1.4832754217094951e-05,4.498496110265889e-06,1.7474448805268912,0.04647377611289881,0.04435634049102971
2017-04-12,2465,shrink,test,pca_only,8,20,log_euclidean,0.01,6.182757275028938e-05,6478.365249003378,573.9659378950704,377.932474735516,188.9662373677578,-250.19044500956815,1.400620233805513e-05,1.4005521795262669e-05,2.5770617571889145e-06,2.0200371677551954,0.0859853003012127,0.07662419743740714
2017-04-12,2465,persistence,test,pca_only,8,20,log_euclidean,0.01,7.124276960664596e-05,3051.968340526226,961.881972229052,9873.98169066992,4936.990845334979,4464.222020134215,1.3122183545448237e-05,1.3121503002655775e-05,6.30005683177957e-08,1.6500137578849035,0.04290540761011143,0.04014157224947467
2017-04-20,2470,D0_pca8,test,pca_only,8,20,log_euclidean,0.01,0.00012447866512732878,1922.806385116473,6782.281889327104,84638.84905013809,42319.42452506904,41883.709275513465,3.183427174887623e-05,3.1833203249395726e-05,5.317364638197574e-08,3.715325674473898,0.19655037065115785,0.2331087488221535
2017-04-20,2470,rolling,test,pca_only,8,20,log_euclidean,0.01,9.327365857999409e-05,4199.611808986889,637.1013269920114,4601.486784024478,2300.7433920122326,1830.5006364683807,3.263452817944717e-05,3.263345967996667e-05,2.3289699267869216e-07,2.888346659571706,0.10531126945368133,0.1279907033561319
2017-04-20,2470,ewma,test,pca_only,8,20,log_euclidean,0.01,9.885186980168279e-05,4012.708521345842,696.4228562500405,5124.967057334407,2562.4835286672073,2084.4148403484996,3.525311941576945e-05,3.525205091628895e-05,2.3208546587468783e-07,2.9395675779421384,0.11343289174302597,0.13773606917019726
2017-04-20,2470,ledoit_wolf,test,pca_only,8,20,log_euclidean,0.01,0.00010183331577172562,6901.454662770822,650.9535889949664,354.76777986752563,177.383889933763,-257.805231401643,1.9991008157773856e-05,1.9989939658293352e-05,4.3347753716340746e-06,1.7878894693801826,0.053425581008041116,0.048010864590602415
2017-04-20,2470,oas,test,pca_only,8,20,log_euclidean,0.01,0.00010073376484077982,6808.302391492978,638.4635715785668,366.0007320343311,183.0003660171657,-252.32120027261848,2.062030018985653e-05,2.0619231690376025e-05,4.0905918843248795e-06,1.8568844133184108,0.057574892792902385,0.05189536082792711
2017-04-20,2470,shrink,test,pca_only,8,20,log_euclidean,0.01,9.676849241342463e-05,6352.4713179204755,596.2503288416009,386.9378300773162,193.46891503865822,-243.32330485406865,1.6034806277441126e-05,1.6033737777960622e-05,2.5981803596358236e-06,2.0934483129459234,0.09583526169928772,0.08662297484097521
2017-04-20,2470,persistence,test,pca_only,8,20,log_euclidean,0.01,0.00010924397764033885,3049.4755071965988,931.056204920856,11276.9616098927,5638.480804946356,5154.041425490862,1.740884640084736e-05,1.7407777901366855e-05,4.830672861448115e-08,1.5296251684997173,0.04700139166939641,0.03261030499671915
2017-04-27,2475,D0_pca8,test,pca_only,8,20,log_euclidean,0.01,0.00011465587551471412,1904.4032340503231,6650.598473648214,77011.2026802578,38505.60134012888,38533.710224909446,3.847180161980106e-05,3.847014624046666e-05,3.9018441055898454e-08,3.071290830528811,0.125694826523052,0.1635163633873751
2017-04-27,2475,rolling,test,pca_only,8,20,log_euclidean,0.01,8.54870412330534e-05,4224.27347479919,624.4328561050281,4186.211146102778,2093.105573051395,1656.6126392888655,4.0241417510061866e-05,4.0239762130727463e-05,2.5920467682296134e-07,3.0044249241012086,0.10717411083047358,0.13686508270628378
2017-04-27,2475,ewma,test,pca_only,8,20,log_euclidean,0.01,0.00010136752559503415,4053.576272127704,753.6719268973187,4132.006830410434,2066.003415205208,1635.8489746100452,3.982783010576568e-05,3.9826174726431275e-05,2.7918910015566043e-07,3.067010650125869,0.11015455163191111,0.1396815050735034
2017-04-27,2475,ledoit_wolf,test,pca_only,8,20,log_euclidean,0.01,9.186120795795773e-05,6895.588351212938,567.1909184368124,352.5675576788445,176.28377883942233,-259.62296321083466,1.9745314309488018e-05,1.9743658930153616e-05,4.460144243116904e-06,1.8748079542359566,0.05422367939782439,0.05133358077302559
2017-04-27,2475,oas,test,pca_only,8,20,log_euclidean,0.01,9.08281986298451e-05,6786.210557857049,558.2528636258301,365.69087596850545,182.8454379842529,-253.03189482050075,2.08205558374903e-05,2.0818900458155898e-05,4.152075179743163e-06,1.9512750053074641,0.058855530351084526,0.055961554951027004
2017-04-27,2475,shrink,test,pca_only,8,20,log_euclidean,0.01,8.816803929623861e-05,6425.173188825311,544.9500496185585,376.28254674558417,188.14127337279226,-248.9488625843036,1.443783033026315e-05,1.443617495092875e-05,2.6482175114179684e-06,2.0672453075226143,0.11528953213726517,0.09473497464118556
2017-04-27,2475,persistence,test,pca_only,8,20,log_euclidean,0.01,0.00010676087930390421,3138.0517001327785,907.4955939900995,8329.57564089485,4164.787820447436,3783.1648179930817,1.2789792068439572e-05,1.2788136689105171e-05,7.764107833515604e-08,1.698363269914988,0.05651175223308539,0.0417369400623888
2017-05-04,2480,D0_pca8,test,pca_only,8,20,log_euclidean,0.01,6.038381053505449e-05,1798.5650702896246,6045.057868554604,49187.716776556415,24593.85838827821,24376.286376828757,3.905401109511338e-05,3.90526937910766e-05,5.621786327460923e-08,3.623272876819378,0.11615669481449808,0.20205717453875716
2017-05-04,2480,rolling,test,pca_only,8,20,log_euclidean,0.01,4.3839040844771004e-05,4212.090811023436,603.0893802835251,2807.931008924387,1403.9655044621932,940.2310444927625,2.037083446713262e-05,2.036951716309584e-05,2.7941539981212945e-07,2.8943314455483686,0.12251977873709231,0.13035641649459132
2017-05-04,2480,ewma,test,pca_only,8,20,log_euclidean,0.01,7.818658020663053e-05,4049.7375968955066,755.7587614332487,2333.7007516957106,1166.8503758478587,707.5085553170825,2.1111229023538288e-05,2.1109911719501508e-05,3.336954547439007e-07,2.746978304990739,0.12047149429510834,0.11718497428789601
2017-05-04,2480,ledoit_wolf,test,pca_only,8,20,log_euclidean,0.01,4.8209508233907655e-05,7182.760509420755,674.4218507203315,314.64535815785996,157.32267907893004,-291.71827972631615,1.499947820986944e-05,1.499816090583266e-05,4.9785910311983525e-06,1.6662958065754288,0.049531696046692233,0.041229815676897444
2017-05-04,2480,oas,test,pca_only,8,20,log_euclidean,0.01,4.621258389495641e-05,6923.771603077983,624.3992012366355,326.2672343056126,163.13361715280624,-286.0588726791641,1.549862483493377e-05,1.549730753089699e-05,4.289792922766786e-06,1.8366808166276216,0.06216759110552216,0.05063051281739539
2017-05-04,2480,shrink,test,pca_only,8,20,log_euclidean,0.01,4.6403508233341327e-05,6434.0649716966755,589.8370209701793,347.5811048360549,173.79055241802723,-276.5160760425124,1.3746397897023185e-05,1.3745080592986404e-05,2.3803405267382296e-06,2.0094346433982326,0.11016422276404282,0.08975396650140081
2017-05-04,2480,persistence,test,pca_only,8,20,log_euclidean,0.01,7.642799207244688e-05,3244.7770019276973,863.8684376689258,5007.005291939344,2503.502645969658,2084.901469256743,2.171679570032281e-05,2.171547839628603e-05,8.341279534100282e-08,1.5743041290310473,0.0505994273645468,0.03351005739102156
2017-05-11,2485,D0_pca8,test,pca_only,8,20,log_euclidean,0.01,8.349574426824286e-05,1781.6635769417644,6495.766782055023,77787.26176173825,38893.63088086913,37404.50649834679,2.2653547224687633e-05,2.2652232899749334e-05,3.41621515831154e-08,3.4191018816924457,0.1146291036708489,0.18555804294081077
2017-05-11,2485,rolling,test,pca_only,8,20,log_euclidean,0.01,5.793804467098674e-05,4208.984713350632,796.532102998568,2879.9415232872893,1439.97076164364,945.196657757758,2.7197509402901646e-05,2.7196195077963347e-05,2.348299393562156e-07,2.622363353122716,0.10141287652458172,0.11062942923667934
2017-05-11,2485,ewma,test,pca_only,8,20,log_euclidean,0.01,8.043391973322055e-05,4061.651966914304,905.9882814570838,2429.763636916516,1214.881818458261,728.2258145753973,2.87956229595429e-05,2.87943086346046e-05,2.9846915057362224e-07,2.561104715881974,0.0972306174572281,0.10456681875692274
2017-05-11,2485,ledoit_wolf,test,pca_only,8,20,log_euclidean,0.01,6.317052950797865e-05,7219.830327474283,785.7494209810963,315.7054300078064,157.85271500390337,-291.58895457726345,2.126019912777499e-05,2.125888480283669e-05,4.678590774432675e-06,1.6246196431373325,0.0507001258498876,0.03889839352773375
2017-05-11,2485,oas,test,pca_only,8,20,log_euclidean,0.01,6.090645493062358e-05,6957.629240553761,750.6184709241577,327.10626656044025,163.5531332802206,-286.36618834505964,2.258270123677419e-05,2.258138691183589e-05,3.9865937981178e-06,1.7731442430720867,0.05777189370613198,0.04704943837406357
2017-05-11,2485,shrink,test,pca_only,8,20,log_euclidean,0.01,6.06609232339895e-05,6434.316277603648,736.9492356082749,362.9967828116594,181.49839140583003,-270.0145447065649,2.155028174422736e-05,2.154896741928906e-05,1.994801087715286e-06,1.9199573266909737,0.12897671825683754,0.09355294059001826
2017-05-11,2485,persistence,test,pca_only,8,20,log_euclidean,0.01,9.505894935632958e-05,3237.28795868853,1099.9127521195712,4380.956555568516,2190.4782777842775,1672.0512811740962,2.7403630240577708e-05,2.740231591563941e-05,1.0364329791728425e-07,1.5937132727572054,0.05183209772569343,0.03525114490681358
2017-05-18,2490,D0_pca8,test,pca_only,8,20,log_euclidean,0.01,4.828792336482122e-05,1814.5866762254968,8101.080423459456,56429.258222253535,28214.629111126735,27037.89170688489,3.093710412517207e-05,3.093628237239621e-05,4.362973360932595e-08,3.377883254291632,0.11132500821174061,0.17394230044024303
2017-05-18,2490,rolling,test,pca_only,8,20,log_euclidean,0.01,5.3833484742138124e-05,4363.136607018264,1020.6417266003947,2796.5490973910573,1398.27454869553,908.3365238871957,3.692034540432628e-05,3.6919523651550415e-05,2.721492334350004e-07,2.7780369172452644,0.10852418151768367,0.11634564578656868
2017-05-18,2490,ewma,test,pca_only,8,20,log_euclidean,0.01,0.00010352963680508177,4184.600748077982,1166.0246192954255,2182.2062983233272,1091.1031491616727,610.0387963856224,3.303454039348702e-05,3.3033718640711155e-05,3.5066995138976177e-07,2.62084553266059,0.0971221301128654,0.10443434269036624
2017-05-18,2490,ledoit_wolf,test,pca_only,8,20,log_euclidean,0.01,4.177298636507414e-05,7305.453871939393,762.4749036508173,328.08612964036246,164.04306482018092,-292.2577257444502,2.2334623213813617e-05,2.233380146103775e-05,5.153739963593366e-06,1.6551981766336368,0.04216340284051505,0.04084880630203758
2017-05-18,2490,oas,test,pca_only,8,20,log_euclidean,0.01,4.3883289304216976e-05,7004.3279967868475,783.7890034173319,342.62461656456753,171.31230828228377,-285.4165559364295,2.437984203473712e-05,2.4379020281961252e-05,4.282556171430098e-06,1.8526654977830326,0.04921531030635271,0.05111931736345301
2017-05-18,2490,shrink,test,pca_only,8,20,log_euclidean,0.01,4.6740058407813704e-05,6550.179645318446,811.7886082102339,378.1249952189054,189.06249760945258,-269.0422954997931,2.3897197358517707e-05,2.3896375605741838e-05,2.419745950655749e-06,2.019964611121487,0.09646662289476084,0.09288108269670818
2017-05-18,2490,persistence,test,pca_only,8,20,log_euclidean,0.01,0.00012693042983854104,3399.972404844303,1265.0584165627195,3713.923802435239,1856.9619012176313,1353.2172006211108,2.449088178255824e-05,2.449006002978237e-05,1.3886063491304846e-07,1.7073690001372426,0.054967927020252196,0.041701620619123525
2017-05-25,2495,D0_pca8,test,pca_only,8,20,log_euclidean,0.01,5.8727640164409074e-05,1790.659056784773,7866.811656453094,75615.90331896288,37807.95165948145,36695.186387280126,4.223939225196282e-05,4.22385496872797e-05,3.008566184552516e-08,3.414047290959528,0.13308633188957794,0.1972236695951491
2017-05-25,2495,rolling,test,pca_only,8,20,log_euclidean,0.01,5.397257212643554e-05,4305.141744010479,939.4723963717317,2332.84402510638,1166.4220125531856,680.2745589288702,2.3145513265059685e-05,2.3144670700376572e-05,3.1994767407591065e-07,2.9623714699805768,0.08360552082286808,0.13107487661486422
2017-05-25,2495,ewma,test,pca_only,8,20,log_euclidean,0.01,7.24821051580436e-05,4122.697748157909,972.8959531103163,2003.329393981755,1001.6646969908724,523.6247462010385,2.1820943909998382e-05,2.182010134531527e-05,3.548117235677063e-07,2.7193960372991386,0.07797009962555859,0.11570194124372497
2017-05-25,2495,ledoit_wolf,test,pca_only,8,20,log_euclidean,0.01,4.52658918344045e-05,7352.041203577519,747.9469621060811,313.99590436026875,156.99795218013426,-298.0113619913458,1.8512088768927998e-05,1.8511246204244884e-05,5.3585667702406465e-06,1.6470558803380633,0.04068588919567329,0.039719645741386894
2017-05-25,2495,oas,test,pca_only,8,20,log_euclidean,0.01,4.632688039354992e-05,7057.8683462918925,754.0303346053012,321.81100522532176,160.90550261266097,-294.43667197657476,1.9183472029566678e-05,1.9182629464883565e-05,4.539080149947923e-06,1.8148113860788078,0.048610652047227795,0.04920142418384573
2017-05-25,2495,shrink,test,pca_only,8,20,log_euclidean,0.01,4.814358027987491e-05,6591.047102502159,774.7021757296137,350.4439383684547,175.22196918422696,-281.32694686256815,1.90349912033473e-05,1.9034148638664187e-05,2.5869220277180617e-06,1.963516057093323,0.12639604221615733,0.09804623531716862
2017-05-25,2495,persistence,test,pca_only,8,20,log_euclidean,0.01,0.00011014429799522647,3273.031179735614,1146.3924591001914,3450.719103735959,1725.3595518679954,1239.8469832026171,2.357952070796907e-05,2.3578678143285955e-05,1.6116122220392626e-07,1.9244838580301171,0.05488346838309148,0.05076484120862744
2017-06-02,2500,D0_pca8,test,pca_only,8,20,log_euclidean,0.01,8.144570200326813e-05,1880.8569033587742,7399.986165969556,68513.64308883983,34256.82154441992,33035.52993556791,5.265201790093036e-05,5.265068676114514e-05,3.696406126375784e-08,3.665117453701124,0.12451375017833503,0.19036754174602422
2017-06-02,2500,rolling,test,pca_only,8,20,log_euclidean,0.01,6.79146918329815e-05,4318.969422861478,914.9429052598907,2704.5021417505877,1352.2510708752925,880.9311996864157,3.877622398242607e-05,3.877489284264084e-05,2.78764473935208e-07,2.720238650724012,0.09802099549151012,0.11822426352858194
2017-06-02,2500,ewma,test,pca_only,8,20,log_euclidean,0.01,7.07638572870391e-05,4130.190700316018,955.217153124253,2503.0998293313874,1251.5499146657075,787.101500344477,3.5694575706856516e-05,3.569324456707129e-05,2.975677127698754e-07,2.637791009357413,0.10133993595670651,0.11235550401377192
2017-06-02,2500,ledoit_wolf,test,pca_only,8,20,log_euclidean,0.01,6.582699127994423e-05,7432.954895663524,871.1956938716685,315.3401460202462,157.6700730101231,-291.44132775250904,3.2871929344404523e-05,3.28705982046193e-05,4.6835081400907016e-06,1.4813540691157332,0.041252866217127634,0.03126771339486198
2017-06-02,2500,oas,test,pca_only,8,20,log_euclidean,0.01,6.497500771287776e-05,7111.2701984232135,849.4609064300246,325.32597360060345,162.66298680030178,-286.6247328056406,3.4219354198981945e-05,3.421802305919672e-05,3.97717419664027e-06,1.634649297231228,0.0513528464960147,0.03939366006538382
2017-06-02,2500,shrink,test,pca_only,8,20,log_euclidean,0.01,6.607020955605421e-05,6547.600141222689,830.5136613482085,362.00343823029243,181.00171911514622,-268.9339831429483,2.91114182981444e-05,2.9110087158359178e-05,2.4187140596740774e-06,1.8502410645496414,0.10978701363779483,0.0785810567696317
2017-06-02,2500,persistence,test,pca_only,8,20,log_euclidean,0.01,8.58908715575284e-05,3244.3211464754113,1175.0207074811883,4966.321464245195,2483.16073212259,2016.5625622102118,3.456226748551349e-05,3.456093634572826e-05,1.4622170928832054e-07,2.0062116346081056,0.056800046719612265,0.05885479089690922
2017-06-09,2505,D0_pca8,test,pca_only,8,20,log_euclidean,0.01,0.003886179233866718,1953.1214537023184,7221.93475373752,365239.4008223993,182619.7004111997,173415.94566354417,9.468135879106685e-05,9.466488452532489e-05,3.1958620781473404e-08,2.9499978712331294,0.12273233826575822,0.15216739423232634
2017-06-09,2505,rolling,test,pca_only,8,20,log_euclidean,0.01,0.003862385392440105,4592.118997556496,1115.8740319795254,18945.78991823576,9472.89495911788,8592.962254569098,0.00044838839488311316,0.0004483719206173712,3.139500658239228e-07,2.871077063984618,0.11386761095587453,0.1275532667553173
2017-06-09,2505,ewma,test,pca_only,8,20,log_euclidean,0.01,0.003856082362473018,4398.041369252898,1096.1083207069155,18901.625211803603,9450.812605901807,8570.726575353388,0.0003712497248311597,0.00037123325056541775,3.033086351281088e-07,2.7602053611626856,0.10529975409329022,0.11837064096739244
2017-06-09,2505,ledoit_wolf,test,pca_only,8,20,log_euclidean,0.01,0.0038539228619515558,7511.7694575956875,1113.4750489502067,730.0949414489168,365.04747072445855,-48.57324883304246,6.765774629094676e-05,6.76412720252048e-05,5.0292423181124085e-06,1.4922094449283254,0.0401489803762954,0.03246193406284673
2017-06-09,2505,oas,test,pca_only,8,20,log_euclidean,0.01,0.0038549743155496478,7222.977272647506,1087.244320067669,917.9741054782359,458.9870527391182,40.13023819609697,9.433357927111307e-05,9.431710500537111e-05,4.35600372709507e-06,1.6557585994657407,0.0471130512575944,0.04096258419325469
2017-06-09,2505,shrink,test,pca_only,8,20,log_euclidean,0.01,0.003861021568321504,6673.945114377311,1051.350198871513,2140.584404292154,1070.2922021460772,617.9860046685792,0.00020383763314538045,0.00020382115887963848,2.7832391020721296e-06,1.8939499117883822,0.087525320540803,0.07473501874619724
2017-06-09,2505,persistence,test,pca_only,8,20,log_euclidean,0.01,0.0038770470082430375,3378.9018830673785,1246.6614729366765,23178.910015296293,11589.455007648137,10619.474165613328,0.00010114060819369794,0.00010112413392795598,1.4863108960372057e-07,1.9989914388239793,0.06149431264306,0.05709915181071758
2017-06-16,2510,D0_pca8,test,pca_only,8,20,log_euclidean,0.01,0.003890949018129298,1939.6674935998458,7350.091848773825,309666.6539239181,154833.326961959,146841.43536278277,0.00020318963011639325,0.00020318144621741873,6.388073254850597e-08,3.68381699003729,0.16314774407621047,0.23050254816680085
2017-06-16,2510,rolling,test,pca_only,8,20,log_euclidean,0.01,0.0038633116916848933,4577.2916509496545,1112.9092553398314,18062.70640602133,9031.353203010673,8155.233423717092,0.0002565091425526308,0.0002565009586536563,3.9375834584520757e-07,3.0783959174441993,0.10025609336331588,0.1501231495791478
2017-06-16,2510,ewma,test,pca_only,8,20,log_euclidean,0.01,0.0038574843031109257,4388.867693313041,1133.7480528717583,18525.87302428992,9262.936512144948,8374.914534203182,0.00022694094043139632,0.0002269327565324218,3.647219907895901e-07,2.911433050022814,0.09077809259457156,0.13455221307825638
2017-06-16,2510,ledoit_wolf,test,pca_only,8,20,log_euclidean,0.01,0.003855037844370295,7595.553499671243,1126.94178544658,697.6899513863013,348.8449756931509,-65.43741346494048,4.8958383222347106e-05,4.895019932337258e-05,5.737247482722536e-06,1.4782014140983557,0.047237399312119226,0.03269709433569783
2017-06-16,2510,oas,test,pca_only,8,20,log_euclidean,0.01,0.0038558836897275546,7286.420665411317,1092.8508687614778,885.1629818385529,442.5814909192767,22.851698804948757,6.290234645524768e-05,6.289416255627317e-05,5.019689808675811e-06,1.6723748945399872,0.0561113749983592,0.042622440835841574
2017-06-16,2510,shrink,test,pca_only,8,20,log_euclidean,0.01,0.003862083093600728,6781.344509884282,1067.8684046753053,2085.1640581981083,1042.5820290990546,590.0266692610783,0.00015745148536558818,0.00015744330146661367,3.455179157702368e-06,1.9690162094460841,0.10045097341425567,0.07689949794429339
2017-06-16,2510,persistence,test,pca_only,8,20,log_euclidean,0.01,0.00387104614321899,3292.446869215416,1330.1331971565246,27784.494711437626,13892.24735571878,12791.207073448251,3.187061527369082e-05,3.1862431374716297e-05,9.088194750179067e-08,1.7160133704324443,0.04529758047873965,0.04155107062370287
2017-06-23,2515,D0_pca8,test,pca_only,8,20,log_euclidean,0.01,0.0038810526767362958,1902.8002059823596,7215.336127912004,495074.3847777818,247537.1923888909,234543.7611919473,0.0001880131236079621,0.00018800404138767516,2.9139275847227916e-08,3.2333565335093173,0.15290046971560456,0.19413721738446835
2017-06-23,2515,rolling,test,pca_only,8,20,log_euclidean,0.01,0.0038654789702590106,4644.447588072978,1199.6698353536246,16856.527370009986,8428.263685004993,7585.99997838987,0.0002190358917618046,0.00021902680954151766,5.493629509546328e-07,3.3732374397838063,0.12793184939550542,0.19539306525929787
2017-06-23,2515,ewma,test,pca_only,8,20,log_euclidean,0.01,0.003862471214991962,4436.34501002848,1198.019939543313,17705.860862081445,8852.930431040711,7988.1545365679,0.00018619976838850502,0.00018619068616821806,4.950717785511901e-07,3.23668150056326,0.11439536466185726,0.17793277301763616
2017-06-23,2515,ledoit_wolf,test,pca_only,8,20,log_euclidean,0.01,0.003848869975808032,7656.709410261481,1157.4591254779361,688.3824058932571,344.1912029466285,-70.78091384851541,4.3528328185859437e-05,4.3519245965572496e-05,6.5176242390966876e-06,1.472094683296338,0.05514734177200321,0.033415338917879664
2017-06-23,2515,oas,test,pca_only,8,20,log_euclidean,0.01,0.0038516956422005016,7381.5102430246725,1138.7973942714766,847.6159041036619,423.8079520518307,4.1980666484522,5.310656039611366e-05,5.309747817582672e-05,5.928927709736313e-06,1.634550300868946,0.06551155332754019,0.0427799751650182
2017-06-23,2515,shrink,test,pca_only,8,20,log_euclidean,0.01,0.003860271721649864,6881.749209228489,1123.1396801907995,1960.0197137328728,980.0098568664364,529.9300328550823,9.86894462259739e-05,9.868036400568696e-05,4.194824281155476e-06,1.8845723983980829,0.12142714460343561,0.07780926322834207
2017-06-23,2515,persistence,test,pca_only,8,20,log_euclidean,0.01,0.003867990676287048,3303.901459129229,1383.887858652206,27082.189140801835,13541.09457040092,12448.481410294478,4.395751750876487e-05,4.394843528847793e-05,9.584998093068547e-08,1.6782612378022812,0.05214728571083833,0.04275323679095545
2017-06-30,2520,D0_pca8,test,pca_only,8,20,log_euclidean,0.01,0.0038991433061183094,2000.3596023479765,8748.648024845235,330593.28822730435,165296.64411365218,156728.48069665063,5.102412587496212e-05,5.1015421626257554e-05,3.617967915153349e-08,3.148724511404632,0.11439441245385717,0.1537819527713608
2017-06-30,2520,rolling,test,pca_only,8,20,log_euclidean,0.01,0.00388200838285894,4580.904556594664,1149.6546755287384,17134.33666365761,8567.16833182881,7732.67818262087,0.0002608199810525491,0.00026081127680384456,5.283377184531173e-07,3.424826770470668,0.11644849819975038,0.18569586983579686
2017-06-30,2520,ewma,test,pca_only,8,20,log_euclidean,0.01,0.0038863881521050275,4371.7080643593135,1261.7624746142992,18743.403931010704,9371.701965505334,8497.320525601102,0.00023380320882203853,0.00023379450457333397,4.792137867920866e-07,3.40642394989789,0.1140178674375835,0.18274494336634114
2017-06-30,2520,ledoit_wolf,test,pca_only,8,20,log_euclidean,0.01,0.003863707373602902,7585.955219389154,968.2166456890649,722.5140833151243,361.2570416575625,-50.569413417956184,5.6562983357030215e-05,5.655427910832565e-05,6.909186820228494e-06,1.5657523639377189,0.05896592405826728,0.0398762454950977
2017-06-30,2520,oas,test,pca_only,8,20,log_euclidean,0.01,0.003866701624802436,7338.7064210079925,977.552718415316,872.6610183745809,436.33050918729055,20.269158567455968,7.39486600191458e-05,7.393995577044124e-05,6.216456858718505e-06,1.752383720848534,0.0660856820013927,0.049463709379994086
2017-06-30,2520,shrink,test,pca_only,8,20,log_euclidean,0.01,0.0038741464468111117,6898.585504905995,1000.9136911511868,1974.7368951540743,987.3684475770372,541.2519599496619,0.00016485463209279114,0.00016484592784408658,4.012296487107392e-06,1.9762174449581624,0.12710704924255262,0.0862820182555461
2017-06-30,2520,persistence,test,pca_only,8,20,log_euclidean,0.01,0.003898760670240543,3314.0190481527525,1372.998456007083,26445.08049254816,13222.540246274106,12160.088910498029,0.00011251690763477572,0.00011250820338607116,1.3525780832305593e-07,1.8923900652509367,0.0855439279539991,0.05358971761047616
2017-07-10,2525,D0_pca8,test,pca_only,8,20,log_euclidean,0.01,5.252276065798485e-05,1914.9973220602615,8309.632079517049,104752.75702611175,52376.37851305587,51768.769141854886,4.6187490930917334e-05,4.61870936740713e-05,2.3956801204634055e-08,3.3270555652208764,0.11733773189994755,0.1685276726094918
2017-07-10,2525,rolling,test,pca_only,8,20,log_euclidean,0.01,0.000638211804713712,4689.237132153304,952.6309739665808,1671.5204468735346,835.760223436761,388.1903870755217,4.962177950641585e-05,4.962138224956981e-05,9.922640837358464e-07,3.2804995430177155,0.11132880788488908,0.17626239584964684
2017-07-10,2525,ewma,test,pca_only,8,20,log_euclidean,0.01,0.004072496465437786,4505.836077384323,1314.7958756927005,1099.1701214884988,549.5850607442682,100.08028951532978,4.622911770392204e-05,4.6228720447076005e-05,1.4095715825525648e-06,2.769895570615471,0.10445452921134182,0.12818226618331596
2017-07-10,2525,ledoit_wolf,test,pca_only,8,20,log_euclidean,0.01,0.00018569156127319492,8737.415510989109,625.1715651888333,342.8807213276327,171.44036066381622,-277.055289150531,1.2630479727832136e-05,1.26300824709861e-05,1.0374112772600053e-05,1.2200434319761786,0.037938195278219435,0.021895613429576532
2017-07-10,2525,oas,test,pca_only,8,20,log_euclidean,0.01,0.0005046529745350247,7157.4259772112655,759.2851784945343,389.7823172575575,194.89115862877708,-253.70085188588396,3.1118817691830305e-05,3.111842043498427e-05,5.501980523081321e-06,2.012191150103917,0.07715849680667111,0.06974653563697655
2017-07-10,2525,shrink,test,pca_only,8,20,log_euclidean,0.01,0.00048271363469651096,7178.532936160509,724.6450901165824,370.04840134968913,185.02420067484445,-264.21240072418493,1.41550165263631e-05,1.4154619269517063e-05,4.393365967602588e-06,1.8903438103704437,0.13262709599642933,0.08764988881134916
2017-07-10,2525,persistence,test,pca_only,8,20,log_euclidean,0.01,0.003882119897406109,3477.3069589357333,1493.422037533727,1889.5037163785682,944.7518581892675,488.5844352210367,3.636730798065239e-05,3.636691072380635e-05,5.531826132845283e-07,2.04039959005307,0.07720234053251687,0.06419842136950443
2017-07-17,2530,D0_pca8,test,pca_only,8,20,log_euclidean,0.01,6.345679793544143e-05,1916.3428160472604,6658.921804716671,87038.0576148972,43519.028807448594,42127.25075560366,6.055382936809651e-05,6.0552749574056076e-05,4.444355422120761e-08,3.689382583301291,0.13148847097885893,0.2198298666948569
2017-07-17,2530,rolling,test,pca_only,8,20,log_euclidean,0.01,0.0006291399344198027,4643.2166619344225,801.475045810142,1865.6760408274195,932.8380204137081,475.6007868984393,4.298692717446503e-05,4.2985847380424594e-05,1.0247383644957904e-06,3.4486378872453862,0.11893572421166977,0.19207927569096017
2017-07-17,2530,ewma,test,pca_only,8,20,log_euclidean,0.01,0.0022185730226402167,4451.344913932293,1051.9167218966031,1411.2246780896157,705.6123390448031,251.8957248120555,3.6166719085162345e-05,3.616563929112191e-05,1.219770498578067e-06,2.950359948720373,0.10800349529769754,0.14499607515427232
2017-07-17,2530,ledoit_wolf,test,pca_only,8,20,log_euclidean,0.01,0.00019192729262286221,8630.134801270791,692.1957963632374,332.6336309930107,166.31681549650546,-276.76390150973396,1.976530523931232e-05,1.9764225445271883e-05,1.0593523313360473e-05,1.2417013348429913,0.03678023961311972,0.022905447090863798
2017-07-17,2530,oas,test,pca_only,8,20,log_euclidean,0.01,0.0005060852261795845,6994.397595166338,685.6303427375767,407.81530492744054,203.90765246371973,-240.77058696549048,3.0388494584981393e-05,3.0387414790940956e-05,5.518162665292007e-06,2.1392054022212004,0.07770451408921847,0.0800837107674819
2017-07-17,2530,shrink,test,pca_only,8,20,log_euclidean,0.01,0.00047950125292713373,7089.095727703115,653.3950078001488,376.2106192601181,188.10530963005903,-256.80236965955385,1.8472540331678545e-05,1.847146053763811e-05,4.667914501132231e-06,1.9730316683949851,0.14050582724102048,0.09440133848225919
2017-07-17,2530,persistence,test,pca_only,8,20,log_euclidean,0.01,0.003883266230867742,3422.103962194102,1335.7016511102765,1977.3423245371123,988.6711622685543,530.5670923716572,3.8040201446897136e-05,3.80391216528567e-05,4.786819929102906e-07,1.868905839912126,0.05833276325859,0.0568179382005346
2017-07-24,2535,D0_pca8,test,pca_only,8,20,log_euclidean,0.01,6.844365938472078e-05,1918.824427436372,6137.821445998776,94062.78681603278,47031.39340801639,45882.027119648934,7.129123006925449e-05,7.128970142748084e-05,4.0592137116599417e-08,3.7187796386103535,0.17534044619465378,0.2296453068081779
2017-07-24,2535,rolling,test,pca_only,8,20,log_euclidean,0.01,0.0006293315156795283,4654.46780212896,872.8361514839914,1896.780863256978,948.3904316284832,491.549812075329,3.936918190389414e-05,3.936765326212049e-05,9.928491624354714e-07,3.4148640227552796,0.11914769111737022,0.1919278209971461
2017-07-24,2535,ewma,test,pca_only,8,20,log_euclidean,0.01,0.0012204393473253183,4466.52985742715,1072.4430369046472,1735.5533911435903,867.7766955718153,412.2050430785771,3.388751242395276e-05,3.388598378217911e-05,1.1147437617984225e-06,3.1824440561501346,0.13134795254441997,0.17118446538915605
2017-07-24,2535,ledoit_wolf,test,pca_only,8,20,log_euclidean,0.01,0.0001950111221975749,8603.969523879154,853.0608911783412,332.13703752277416,166.0685187613869,-276.88469393005033,2.2064343890259047e-05,2.2062815248485395e-05,1.063049613860219e-05,1.2364594809773666,0.039791842843818065,0.023334040271238317
2017-07-24,2535,oas,test,pca_only,8,20,log_euclidean,0.01,0.0005091961697951105,6952.920839571967,786.8665196995773,414.6387926759478,207.31939633797433,-237.18761679489285,2.521755577874865e-05,2.5216027136974997e-05,5.432127839598513e-06,2.194956129025386,0.08137944731332876,0.08333449689141414
2017-07-24,2535,shrink,test,pca_only,8,20,log_euclidean,0.01,0.0004812307459885781,7064.297886934246,754.3980886652954,381.917873120298,190.9589365601491,-254.2527854174769,2.048099787590392e-05,2.047946923413027e-05,4.533697172276501e-06,1.975772811782923,0.1315777959988426,0.09680115159831237
2017-07-24,2535,persistence,test,pca_only,8,20,log_euclidean,0.01,0.003883440720281188,3476.021521194176,1507.5692996370324,2042.6178348336657,1021.3089174168401,571.6004996761186,4.213950169659704e-05,4.213797305482339e-05,4.664184917486565e-07,1.8636183721500614,0.06879765808888984,0.056466525874508136
2017-07-31,2540,D0_pca8,test,pca_only,8,20,log_euclidean,0.01,5.411889351105343e-05,1795.5456139168984,4947.402274711374,70684.5662274821,35342.28311374105,34473.51232063131,3.9393623515872926e-05,3.9392277412083375e-05,4.8028285990435936e-08,3.698446162822449,0.16297108749254932,0.24303771604920482
2017-07-31,2540,rolling,test,pca_only,8,20,log_euclidean,0.01,0.0006348820033827023,4639.708644284457,1264.0524209860118,1534.018246915698,767.0091234578564,310.4971300089255,4.1229815070035995e-05,4.1228468966246444e-05,7.139130248055757e-07,3.0436562409811714,0.11269357271428772,0.14155575251459418
2017-07-31,2540,ewma,test,pca_only,8,20,log_euclidean,0.01,0.0007142915382183255,4441.909289942777,1475.4699655291101,1469.179053030253,734.5895265151249,279.80691125039255,2.9747718749626214e-05,2.974637264583666e-05,8.722790516497526e-07,2.953193017277379,0.13279794811149692,0.14284111496694082
2017-07-31,2540,ledoit_wolf,test,pca_only,8,20,log_euclidean,0.01,0.00019325871318744695,8616.824203602284,1284.0401690448343,339.0807352785993,169.54036763929977,-283.26910073433874,3.0148757547890144e-05,3.014741144410059e-05,8.897314316739394e-06,1.1729249321046709,0.03644503063519932,0.019943844457321606
2017-07-31,2540,oas,test,pca_only,8,20,log_euclidean,0.01,0.0005138424234593595,6970.363758171317,1218.2615020150183,382.49557861443407,191.24778930721646,-261.88918764811353,2.912003928143227e-05,2.9118693177642715e-05,4.2485173688851795e-06,2.1093688660338823,0.07609323973340891,0.06998451346824563
2017-07-31,2540,shrink,test,pca_only,8,20,log_euclidean,0.01,0.0004840115761127088,7101.477282721757,1170.928969169043,351.7157224101064,175.85786120505315,-277.8222138079979,2.0046923625576203e-05,2.0045577521786648e-05,3.57243511739057e-06,1.8382680020477573,0.15894059541709035,0.09610250346351856
2017-07-31,2540,persistence,test,pca_only,8,20,log_euclidean,0.01,0.003916634254369388,3458.2575820471498,1923.731035259695,1578.3950637185794,789.1975318592894,328.91267230335103,2.969483418836069e-05,2.9693488084571134e-05,3.9144113829070453e-07,1.697124544469039,0.06750386718314492,0.04515485612664242
2017-08-07,2545,D0_pca8,test,pca_only,8,20,log_euclidean,0.01,5.576302347694837e-05,1894.5378956561324,4462.834037417391,56493.15950175029,28246.579750875153,27294.887084802274,4.629595474907312e-05,4.6294776973521635e-05,4.6335197202775126e-08,3.625292827437232,0.20143703873230753,0.2512451793947799
2017-08-07,2545,rolling,test,pca_only,8,20,log_euclidean,0.01,0.0006359387981269133,4615.760532457797,1464.550858634145,1173.1400272934604,586.5700136467271,124.89023735537587,2.817360541576765e-05,2.817242764021617e-05,8.041152240902428e-07,3.055574244767533,0.1241112490604579,0.1537240986883123
2017-08-07,2545,ewma,test,pca_only,8,20,log_euclidean,0.01,0.0004201131892099798,4430.554349670003,1671.9359781348298,1270.7802030862056,635.3901015431015,174.40042273456066,2.3650727366521477e-05,2.3649549590969997e-05,7.252231964003922e-07,2.724800547391304,0.12126299419667683,0.13365087577952628
2017-08-07,2545,ledoit_wolf,test,pca_only,8,20,log_euclidean,0.01,0.00019653268960879901,8646.760088803247,1585.6087467222787,342.32613054086323,171.16306527043116,-288.3571528709543,3.2514709530426506e-05,3.251353175487502e-05,8.69420910941931e-06,1.1136899532508135,0.03627352787090045,0.01849447088020211
2017-08-07,2545,oas,test,pca_only,8,20,log_euclidean,0.01,0.0005132379904978592,7016.950324466141,1459.7852503655758,346.3093819322082,173.15469096610403,-286.6995362902311,2.4942447567593216e-05,2.4941269792041735e-05,4.516340735084265e-06,1.982622247873436,0.0773937090515446,0.06721938039684174
2017-08-07,2545,shrink,test,pca_only,8,20,log_euclidean,0.01,0.00048677069005227853,7146.948569301761,1424.360133652391,329.30505317012785,164.65252658506336,-295.1688025812863,2.239685306397631e-05,2.239567528842483e-05,3.402194115768292e-06,1.7823552740351747,0.1386746774374293,0.08993204870655856
2017-08-07,2545,persistence,test,pca_only,8,20,log_euclidean,0.01,9.685199674356603e-05,3378.1548539774844,1970.4478679808112,4858.624981923024,2429.3124909615176,1933.6116614959944,4.413578353934891e-05,4.413460576379743e-05,5.742864760122459e-08,1.3325571471479667,0.041855056705724716,0.02351981858149069
2017-08-14,2550,D0_pca8,test,pca_only,8,20,log_euclidean,0.01,3.572040203702167e-05,1847.1680753657806,5089.0199401772325,71430.37319744815,35715.18659872407,34832.57147589494,2.162084764695141e-05,2.161961420720749e-05,2.1462282087665982e-08,2.8666753761578017,0.1118528163634609,0.14268859892515617
2017-08-14,2550,rolling,test,pca_only,8,20,log_euclidean,0.01,0.0006111708055983492,4604.184646369764,962.5941331650524,1258.8421552852208,629.4210776426152,159.69740324517568,2.6999956607364262e-05,2.6998723167620342e-05,7.447518823354751e-07,2.878000045985825,0.12083920340532449,0.1391594657602994
2017-08-14,2550,ewma,test,pca_only,8,20,log_euclidean,0.01,0.00022179193196984252,4387.250289273063,860.5388645361824,1528.0103179613525,764.0051589806752,292.58551631207337,2.0906948318412908e-05,2.0905714878668988e-05,5.661789335686538e-07,2.710946309673291,0.1137299350292609,0.12210700824598121
2017-08-14,2550,ledoit_wolf,test,pca_only,8,20,log_euclidean,0.01,0.000170010579400812,8672.252053783819,1034.9262646973305,345.95328163855976,172.97664081927934,-287.19989484416317,1.86549745033929e-05,1.865374106364898e-05,9.137735527714507e-06,1.2098797672981203,0.0384807173677434,0.021487431487041644
2017-08-14,2550,oas,test,pca_only,8,20,log_euclidean,0.01,0.00048548026742992314,7056.5552786772205,934.7507186049767,356.836528929741,178.4182644648718,-282.66825396434234,1.7741024013140514e-05,1.7739790573396594e-05,4.286963885686643e-06,1.883497363140674,0.08307037228794355,0.06308642903456922
2017-08-14,2550,shrink,test,pca_only,8,20,log_euclidean,0.01,0.00046020158408064136,7166.967379605663,900.6095944824056,344.42063467775597,172.21031733887804,-288.6959235266985,1.8203513435453067e-05,1.8202279995709147e-05,3.3766800651748456e-06,1.75286849406782,0.11804005324996807,0.07970969522265585
2017-08-14,2550,persistence,test,pca_only,8,20,log_euclidean,0.01,6.185196754620898e-05,3336.180570730174,986.0637156079055,3810.698817347502,1905.3494086737533,1423.9973676638142,1.744794604191261e-05,1.7446712602168688e-05,1.3585183056520688e-07,1.8185246729912798,0.053271826398864415,0.04892351483880514
2017-08-21,2555,D0_pca8,test,pca_only,8,20,log_euclidean,0.01,2.4318319175532578e-05,1887.352475156742,7499.365226676303,46425.11729628201,23212.558648141014,22562.2078397972,6.0576067770464077e-05,6.057538801301e-05,6.33905475829492e-08,3.678574572221508,0.18436399746230545,0.2560775639105422
2017-08-21,2555,rolling,test,pca_only,8,20,log_euclidean,0.01,0.0006100269470452487,4585.818927192931,818.286439279416,1240.2182727545078,620.1091363772467,142.19218990618785,1.4026976598247482e-05,1.402629684079341e-05,8.162524240045877e-07,2.938167255550112,0.12336672260815683,0.15366135064293374
2017-08-21,2555,ewma,test,pca_only,8,20,log_euclidean,0.01,0.00014158790316821013,4363.396741408173,797.8512702976608,1644.6047467424344,822.3023733712016,338.37609222048343,1.2004317579270423e-05,1.200363782181635e-05,5.384467485393517e-07,2.774563387674052,0.11522206855487271,0.13318310884896403
2017-08-21,2555,ledoit_wolf,test,pca_only,8,20,log_euclidean,0.01,0.00016297345110623991,8670.28399564094,707.5645355020883,351.74597094440765,175.87298547220382,-287.66399744763146,8.387338570031096e-06,8.386658812577023e-06,1.0695246502642381e-05,1.2735065416068685,0.043204198209677414,0.024499980708829434
2017-08-21,2555,oas,test,pca_only,8,20,log_euclidean,0.01,0.00048216499195291536,7054.07549256773,717.0585464836198,359.7690007205416,179.88450036027115,-285.1036920093841,9.509299457743804e-06,9.508619700289732e-06,4.939907380648214e-06,2.042345946181128,0.09313404660704891,0.0744543466589239
2017-08-21,2555,shrink,test,pca_only,8,20,log_euclidean,0.01,0.00045473208322189927,7188.390913644094,672.8764642044569,352.11085261784484,176.05542630892236,-288.4785164768315,1.030731247448111e-05,1.0306632717027037e-05,4.126140365957849e-06,1.8995658891880247,0.12364679195681899,0.08923432349096164
2017-08-21,2555,persistence,test,pca_only,8,20,log_euclidean,0.01,6.468763789362558e-05,3304.1802935492587,969.7337282703471,3798.9469295415456,1899.47346477076,1416.1746428891624,1.5086921715549594e-05,1.5086241958095521e-05,1.709954962802842e-07,1.9490525728033672,0.06523965016188263,0.06125166079036501
2017-08-28,2560,D0_pca8,test,pca_only,8,20,log_euclidean,0.01,2.9624356207656246e-05,1886.0738403821865,8210.045428296544,51540.11934292275,25770.059671461317,25139.988318930133,2.755041532530865e-05,2.7550081198776654e-05,4.436192811634119e-08,3.3874009728064607,0.12934199291706633,0.1800629941718267
2017-08-28,2560,rolling,test,pca_only,8,20,log_euclidean,0.01,0.000606171077819803,4566.600608971198,846.264375490358,1265.5396533527257,632.7698266763595,165.33093678666046,1.2589714285304987e-05,1.2589380158772992e-05,7.030642755053085e-07,2.865518173318176,0.11067769755576222,0.1374689376290209
2017-08-28,2560,ewma,test,pca_only,8,20,log_euclidean,0.01,9.201884502199996e-05,4354.425727091961,886.9661559202156,1867.51070471916,933.7553523595931,465.7439669971203,1.1155037765054068e-05,1.1154703638522074e-05,4.3118221552310136e-07,2.8326335170028845,0.10112253423233991,0.13011371814093353
2017-08-28,2560,ledoit_wolf,test,pca_only,8,20,log_euclidean,0.01,0.00016294498639453432,8636.629048398036,690.8272343478856,349.3181639358243,174.65908196791275,-287.7696970340104,4.066552951415094e-06,4.066218824883099e-06,1.0642063104277497e-05,1.3143075691245818,0.04343143392587315,0.02565508408323115
2017-08-28,2560,oas,test,pca_only,8,20,log_euclidean,0.01,0.00048292677600247436,6991.078609395618,721.8860873350188,362.6634349965309,181.33171749826673,-281.48032436235746,7.308542697369924e-06,7.308208570837929e-06,4.429214082389865e-06,2.1572188746395193,0.0849809108990155,0.0755699241891866
2017-08-28,2560,shrink,test,pca_only,8,20,log_euclidean,0.01,0.0004543192675140173,7139.905465844394,680.6668050267635,358.1347706301565,179.06738531507858,-283.6438953806611,7.623839775085953e-06,7.623505648553959e-06,3.859480075894848e-06,1.9066502527908216,0.12630333912878391,0.08592009511557187
2017-08-28,2560,persistence,test,pca_only,8,20,log_euclidean,0.01,5.8204415548067975e-05,3263.8111387918634,1301.194527538917,4714.99726931353,2357.498634656781,1882.8238467949566,7.491980825703371e-06,7.4916466991713764e-06,1.5814374728384148e-07,1.9718647621895722,0.07459721532895801,0.0691644226506447
2017-09-05,2565,D0_pca8,test,pca_only,8,20,log_euclidean,0.01,2.8552342028289965e-05,1932.8179043728378,8182.7763994780225,62778.20373365123,31389.10186682562,30958.778763638362,3.4552396273966715e-05,3.455199918420878e-05,3.282857878912457e-08,3.3765238772412673,0.15129928957739736,0.18500807148952597
2017-09-05,2565,rolling,test,pca_only,8,20,log_euclidean,0.01,0.0006056880200545556,4486.261228979998,878.5982379927016,1214.9197078014604,607.4598539007188,146.06820697139787,1.3801693571748694e-05,1.3801296481990758e-05,6.285606283073028e-07,2.8619674177100114,0.11205425623415254,0.12832730397656603
2017-09-05,2565,ewma,test,pca_only,8,20,log_euclidean,0.01,6.341222278470207e-05,4257.80992308818,866.6935499722629,1989.947989066542,994.9739945332695,537.4183765339084,1.493714569659879e-05,1.4936748606840855e-05,3.571192978754446e-07,2.8900506944008346,0.09740796568745447,0.1273613740530334
2017-09-05,2565,ledoit_wolf,test,pca_only,8,20,log_euclidean,0.01,0.0001607455559203619,8604.432087215897,641.6167844811246,349.5662466260471,174.78312331302357,-287.90022774391923,5.260960068943416e-06,5.2605629791854805e-06,1.0179693740725594e-05,1.2910538881316673,0.04298801323399216,0.02511171713573226
2017-09-05,2565,oas,test,pca_only,8,20,log_euclidean,0.01,0.00048539185139157595,6933.246350383284,731.5198922664626,361.80910792089554,180.90455396044783,-281.5500456529504,9.084514265516178e-06,9.084117175758242e-06,4.0725262778737e-06,2.162921674809441,0.08796272153211482,0.07535249987133409
2017-09-05,2565,shrink,test,pca_only,8,20,log_euclidean,0.01,0.00045385539701361206,7090.477274932415,679.2824141837502,357.28580227408605,178.64290113704286,-283.7740859606557,9.401733649436128e-06,9.401336559678192e-06,3.651707146307264e-06,1.9189589408747292,0.13646407923992934,0.0848362393972454
2017-09-05,2565,persistence,test,pca_only,8,20,log_euclidean,0.01,6.325709695780495e-05,3149.0613364783103,1529.8473646666125,5008.1775978334335,2504.088798916717,2112.8041275634723,1.5625676694104746e-05,1.562527960434681e-05,1.3663108292896415e-07,2.0340964142984372,0.06757977519185936,0.0674625271955709
2017-09-12,2570,D0_pca8,test,pca_only,8,20,log_euclidean,0.01,2.1633348966234935e-05,1810.3694137806374,8196.520490934841,62075.459988444396,31037.7299942222,30147.878443932317,1.3903628028093254e-05,1.3903268569052332e-05,2.3568679912592964e-08,2.9447995847760193,0.09725857360390557,0.14517179836280028
2017-09-12,2570,rolling,test,pca_only,8,20,log_euclidean,0.01,0.0006079250620178631,4499.1862986117,914.3014238929164,1164.2985406164846,582.149270308262,110.92308235087746,2.026062951467856e-05,2.0260270055637638e-05,5.516430565545179e-07,2.7147896537837606,0.08759442528893965,0.11325397277515008
2017-09-12,2570,ewma,test,pca_only,8,20,log_euclidean,0.01,5.553868269226216e-05,4296.0939300469745,1002.7278361917215,1962.9545412325333,981.4772706162687,510.03863548244345,2.106281304003682e-05,2.10624535809959e-05,3.2409635354981343e-07,2.785055947662946,0.08790881574727907,0.11971886833675369
2017-09-12,2570,ledoit_wolf,test,pca_only,8,20,log_euclidean,0.01,0.00015839045775898472,8610.655181468808,643.0050046772697,357.35059968487167,178.67529984243583,-290.74044470100824,7.338875368153519e-06,7.338515909112597e-06,9.509815132208923e-06,1.29660688666061,0.04189517223680241,0.024015437822898323
2017-09-12,2570,oas,test,pca_only,8,20,log_euclidean,0.01,0.0004863121639805366,6941.3347790059,757.9678978571181,360.61702640482594,180.30851320241186,-289.34563848388166,1.409783925481813e-05,1.4097479795777208e-05,3.700401684717332e-06,2.115163505309236,0.07296501310124588,0.06932369646440655
2017-09-12,2570,shrink,test,pca_only,8,20,log_euclidean,0.01,0.00045315687413503044,7079.791077930031,704.2295558108732,359.61484580812703,179.80742290406351,-289.0481101331551,1.2798050095495703e-05,1.279769063645478e-05,3.424740008269199e-06,1.8624211637262964,0.14295609390986794,0.08206024308684219
2017-09-12,2570,persistence,test,pca_only,8,20,log_euclidean,0.01,4.3939165117697036e-05,3268.282278563945,1300.37897288528,4953.693232122159,2476.8466160610756,1976.0904701230302,1.7578576947887113e-05,1.757821748884619e-05,1.285810328886942e-07,2.056085542693896,0.06635343360049975,0.06567688176595246
2017-09-19,2575,D0_pca8,test,pca_only,8,20,log_euclidean,0.01,1.9219925476765424e-05,1902.583848575403,8766.8225531993,54427.937933079906,27213.968966539964,26105.03140020541,6.90542230037811e-05,6.905385413633759e-05,4.2717537063450934e-08,3.6061338760005586,0.18885837564196406,0.2310329487717207
2017-09-19,2575,rolling,test,pca_only,8,20,log_euclidean,0.01,2.9889058639539382e-05,4428.382469278705,816.1607291430421,2215.9363426315394,1107.9681713157697,613.295140163897,1.9192270709210154e-05,1.919190184176664e-05,2.4528592914250974e-07,2.6773379040375955,0.07662347630364254,0.10868064762137275
2017-09-19,2575,ewma,test,pca_only,8,20,log_euclidean,0.01,3.12439956746411e-05,4226.070302299193,911.3921200769078,2406.478768756699,1203.239384378356,706.4171056905913,2.1072225970616575e-05,2.107185710317306e-05,2.3099219465403752e-07,2.645503684571727,0.07865116029194726,0.10956780465378843
2017-09-19,2575,ledoit_wolf,test,pca_only,8,20,log_euclidean,0.01,1.7273568597475678e-05,7451.511709963141,606.1907879625984,331.8517042642525,165.92585213212618,-306.34435611615635,8.327211564626076e-06,8.326842697182564e-06,5.243677495265703e-06,1.5352615107721306,0.05082750671621909,0.036291572509001974
2017-09-19,2575,oas,test,pca_only,8,20,log_euclidean,0.01,1.8779003478279267e-05,7264.999244592838,617.4410967397905,333.49028539842834,166.7451426992139,-305.6852260135434,9.324471585190685e-06,9.324102717747173e-06,4.739228262575061e-06,1.6617546438976238,0.0549443586207626,0.04290699059997098
2017-09-19,2575,shrink,test,pca_only,8,20,log_euclidean,0.01,2.1210080785630344e-05,6779.202448947048,655.0066706836282,369.81358068045853,184.90679034022867,-287.9983100418084,1.3334792070111917e-05,1.3334423202668405e-05,3.0259517089160344e-06,1.8568136936409378,0.13680214376773014,0.07652147729359972
2017-09-19,2575,persistence,test,pca_only,8,20,log_euclidean,0.01,3.0085935087123836e-05,3149.478431674176,1014.6153230735497,4996.6821604450815,2498.3410802225317,1976.2302280460167,7.985753652977218e-06,7.985384785533706e-06,7.49589625625429e-08,1.569029046751822,0.07211254637614022,0.041650457652946817
2017-09-26,2580,D0_pca8,test,pca_only,8,20,log_euclidean,0.01,1.2692840961758675e-05,1858.736611907587,7793.684108715375,70591.93813776452,35295.969068882245,34835.6368276244,2.6093780529517046e-05,2.6093418738962788e-05,2.2218936623624296e-08,3.2712798554322977,0.1315852398583636,0.18042562379257088
2017-09-26,2580,rolling,test,pca_only,8,20,log_euclidean,0.01,2.9425431890059967e-05,4546.12013875767,793.0475679914496,2167.5959631797323,1083.7979815898734,615.0330712645583,2.1301819488997608e-05,2.130145769844335e-05,2.6364051992903524e-07,2.698884059646693,0.08193672796837186,0.11515675354153815
2017-09-26,2580,ewma,test,pca_only,8,20,log_euclidean,0.01,3.2128600013701384e-05,4337.022112749575,866.5721231386765,2356.255618134209,1178.1278090671067,710.3481503892133,2.235569095487955e-05,2.235532916432529e-05,2.576758334565854e-07,2.6688483279318533,0.08835190517174889,0.11881975833102469
2017-09-26,2580,ledoit_wolf,test,pca_only,8,20,log_euclidean,0.01,1.4580495248169617e-05,7492.87035804828,564.0715157933859,338.09835946351683,169.04917973175813,-307.48454296052944,7.920812186156048e-06,7.92045039560179e-06,5.358600469259824e-06,1.501427244508381,0.04674009174789845,0.034812091254078574
2017-09-26,2580,oas,test,pca_only,8,20,log_euclidean,0.01,1.6421433506187498e-05,7315.349445451435,578.0254927990604,339.10435290063924,169.55217645031945,-306.9644554750118,8.935513012688062e-06,8.935151222133804e-06,4.909624828431934e-06,1.630784553633461,0.05162857521801171,0.04142315690098195
2017-09-26,2580,shrink,test,pca_only,8,20,log_euclidean,0.01,1.9120190232878474e-05,6836.3082590781905,621.6112606663,359.24680847830086,179.6234042391501,-296.78296604817086,1.295512861129331e-05,1.2954766820739051e-05,3.1564498483459536e-06,1.8521288268307399,0.15885739647746333,0.08083283644731305
2017-09-26,2580,persistence,test,pca_only,8,20,log_euclidean,0.01,3.271444839965014e-05,3166.009866933427,1026.9825616817534,4551.975205666982,2275.9876028335107,1817.8672667768728,5.7099144435602515e-06,5.709552653005993e-06,4.5838726771784284e-08,1.3077661379094039,0.03795073768185943,0.02484757751727512
2017-10-03,2585,D0_pca8,test,pca_only,8,20,log_euclidean,0.01,6.238135531194916e-05,1937.9535959756943,7772.406869076182,110077.56063790215,55038.780318951045,54201.47173842557,5.673420708224622e-05,5.67337581824196e-05,2.3266992704435728e-08,3.362673245009548,0.1145244158611777,0.1818465233671131
2017-10-03,2585,rolling,test,pca_only,8,20,log_euclidean,0.01,7.099472001951846e-05,4657.808617497636,915.8986360457698,3853.105197571081,1926.5525987855506,1461.0602218709855,3.7603713023442114e-05,3.7603264123615495e-05,2.8381884205198373e-07,2.845681881209283,0.09316541701686,0.12343921053893152
2017-10-03,2585,ewma,test,pca_only,8,20,log_euclidean,0.01,7.10268443053876e-05,4451.989579867208,977.5100936101012,4452.220981818617,2226.110490909299,1750.7141563596947,3.4091993812910393e-05,3.4091544913083774e-05,2.4767575836036225e-07,2.805288536268917,0.10340616704376056,0.12101125594199288
2017-10-03,2585,ledoit_wolf,test,pca_only,8,20,log_euclidean,0.01,5.854086296525238e-05,7480.408690394444,661.6367409246078,351.41949614612105,175.70974807306013,-277.0456493470889,1.1495690870193185e-05,1.1495241970366565e-05,5.157563115732809e-06,1.504794272993417,0.05065267234133446,0.03476873801146793
2017-10-03,2585,oas,test,pca_only,8,20,log_euclidean,0.01,6.0032834654319154e-05,7299.3229076022235,680.0328433820521,363.95014441313805,181.9750722065687,-270.7896148583508,1.3592299089942838e-05,1.3591850190116219e-05,4.7078416662653155e-06,1.6302237346509874,0.05458904024349362,0.041184448818030406
2017-10-03,2585,shrink,test,pca_only,8,20,log_euclidean,0.01,6.096775976401743e-05,6861.714281071284,727.4996302478145,393.30553965869507,196.65276982934714,-256.5488977862163,1.577308369940694e-05,1.577263479958032e-05,3.1139720602512156e-06,1.7904213220342358,0.16060168702926325,0.07992025202352365
2017-10-03,2585,persistence,test,pca_only,8,20,log_euclidean,0.01,7.526355273633872e-05,3384.8218259799564,1134.0459439996005,8437.916204519028,4218.9581022594975,3755.0485153068576,8.139903051485932e-06,8.139454151659313e-06,4.7162676817001413e-08,1.3464767238708075,0.04166361308606988,0.02603118680611659
2017-10-10,2590,D0_pca8,test,pca_only,8,20,log_euclidean,0.01,0.00010391804636296611,2045.089379567079,8494.534441755593,146885.5945993204,73442.7972996602,72728.0570918123,8.586926952219178e-05,8.586884832612782e-05,2.7275050820268847e-08,3.1927564045041614,0.12977716358238717,0.18110284183064387
2017-10-10,2590,rolling,test,pca_only,8,20,log_euclidean,0.01,0.00010341719504216921,4588.868510256302,953.8015371049387,5483.596749093475,2741.7983745467313,2249.6553933822747,5.0759308151778284e-05,5.075888695571432e-05,3.384274712334569e-07,3.3326223163855375,0.10920053607290232,0.1639449186530872
2017-10-10,2590,ewma,test,pca_only,8,20,log_euclidean,0.01,0.00010193227051458901,4383.6183349952025,941.4733148805166,6241.919274141103,3120.9596370705513,2606.2893548680095,3.9053488969590065e-05,3.9053067773526104e-05,3.0046649314713865e-07,3.3097000061568416,0.09617514656942039,0.16064011336830755
2017-10-10,2590,ledoit_wolf,test,pca_only,8,20,log_euclidean,0.01,9.542270874115036e-05,7213.882216389864,661.9882632774043,390.53739474463134,195.26869737231547,-245.43964410038402,9.954664252142738e-06,9.954243056078775e-06,4.90756517406889e-06,1.5946632982106683,0.05985401570790908,0.04005366816353706
2017-10-10,2590,oas,test,pca_only,8,20,log_euclidean,0.01,9.620882766698799e-05,7065.10662444638,685.4036206553367,412.9211379080908,206.4605689540454,-234.6020749810328,1.1787184441357348e-05,1.1786763245293385e-05,4.558123094162824e-06,1.7156300884771714,0.061947674226746303,0.04608577633498742
2017-10-10,2590,shrink,test,pca_only,8,20,log_euclidean,0.01,9.594407734311621e-05,6732.5310956815165,735.6141219746772,449.64622592901935,224.82311296450962,-217.63900564955375,9.470378239655331e-06,9.469957043591368e-06,3.302401893476292e-06,1.8992864826446716,0.12777462151773328,0.07318484248346212
2017-10-10,2590,persistence,test,pca_only,8,20,log_euclidean,0.01,0.00010888462668438872,3423.781059944028,1163.8024862907141,12814.42726784976,6407.213633924885,5955.775408127811,1.4534882036491675e-05,1.4534460840427712e-05,4.05476310100405e-08,1.3296469942693645,0.036559117106861334,0.025520834012327395
2017-10-17,2595,D0_pca8,test,pca_only,8,20,log_euclidean,0.01,0.00012124385052397901,2021.8257065593637,8311.964101813155,180892.01339997898,90446.00669998952,89223.24353093808,5.12878786344488e-05,5.1287382122524167e-05,2.9732961358023965e-08,3.534593482246125,0.16223859797040882,0.22804628629535578
2017-10-17,2595,rolling,test,pca_only,8,20,log_euclidean,0.01,0.00011580357118092641,4561.278465843245,955.6001382998392,6559.803417394223,3279.9017086971226,2830.7108358182195,4.499086274171702e-05,4.4990366229792384e-05,3.2093674782852667e-07,3.2266267174414422,0.10968518071394578,0.16842902481782474
2017-10-17,2595,ewma,test,pca_only,8,20,log_euclidean,0.01,0.00011326020767096653,4366.64452159584,861.9864625977143,7524.730768752592,3762.3653843763054,3295.874877408798,3.401673112272815e-05,3.4016234610803516e-05,2.740721201491428e-07,3.1346058060409905,0.10223459928295489,0.1557856408513366
2017-10-17,2595,ledoit_wolf,test,pca_only,8,20,log_euclidean,0.01,0.00010997803101357045,7050.79081190181,663.773314587634,427.35870506765923,213.6793525338298,-220.42238637934943,1.471247270291256e-05,1.4711976190987927e-05,4.585499050304552e-06,1.6744993896770202,0.06075322430214333,0.043982985890434735
2017-10-17,2595,oas,test,pca_only,8,20,log_euclidean,0.01,0.00011054075365486454,6897.4867957881215,690.9302625685359,461.43626554729053,230.71813277364532,-203.50522989133975,1.6278661005969425e-05,1.627816449404479e-05,4.211180761584592e-06,1.7972907532520992,0.06198420907958397,0.05072836782163883
2017-10-17,2595,shrink,test,pca_only,8,20,log_euclidean,0.01,0.00010978533098306622,6638.284517462901,724.1210202374502,480.8059471950877,240.402973597544,-194.75596544165725,8.777923680005876e-06,8.777427168081243e-06,3.3199990403093406e-06,1.8774070372567766,0.1236057920812807,0.07317797466871936
2017-10-17,2595,persistence,test,pca_only,8,20,log_euclidean,0.01,0.00012007098878219954,3495.9615837209203,1109.6911384837033,14932.85033331991,7466.425166659948,6998.970135085789,1.5728546911738386e-05,1.5728050399813753e-05,3.9468376065030757e-08,1.3851378013977587,0.03241197758831639,0.026061478558968294
2017-10-24,2600,D0_pca8,test,pca_only,8,20,log_euclidean,0.01,0.00014016442926152278,2039.3443401133595,7163.523099966773,199061.37782273974,99530.68891136989,98868.28492840608,4.9289172181534684e-05,4.9288482845526196e-05,1.478791827149575e-08,2.9932849232541545,0.08968626889384157,0.13794150778390238
2017-10-24,2600,rolling,test,pca_only,8,20,log_euclidean,0.01,0.00012509637990380015,4487.8496037195055,796.2855542566266,7245.743483700819,3622.871741850414,3169.5740552399275,5.042081130369648e-05,5.042012196768799e-05,2.6393643341480214e-07,3.165650571544617,0.09524175736256527,0.14864983400286652
2017-10-24,2600,ewma,test,pca_only,8,20,log_euclidean,0.01,0.0001293140397785824,4320.209481092337,810.8092439204614,7939.651978977064,3969.8259894885277,3513.1541088305503,4.5706722845218854e-05,4.5706033509210366e-05,2.3225346341674722e-07,3.007474524907726,0.09438951791894667,0.13378133394547026
2017-10-24,2600,ledoit_wolf,test,pca_only,8,20,log_euclidean,0.01,0.00012565921876955724,7159.146340488975,609.5481768013432,408.50021483554326,204.25010741777172,-225.0424312937033,1.6121738634232537e-05,1.612104929822405e-05,4.318261994265486e-06,1.4980861434509158,0.05559547321968868,0.03325069969279415
2017-10-24,2600,oas,test,pca_only,8,20,log_euclidean,0.01,0.00012531457574644516,7068.579676697658,613.9695745640225,423.7601884871019,211.88009424355056,-217.49929159499123,1.6800623298507214e-05,1.6799933962498725e-05,4.183421436798222e-06,1.5740666040055038,0.057598698483444,0.03692480194197824
2017-10-24,2600,shrink,test,pca_only,8,20,log_euclidean,0.01,0.0001237136270110696,6584.900121527183,651.8043151592879,492.88250500917934,246.44125250458933,-182.93443529096874,1.1667795446498197e-05,1.1667106110489709e-05,3.061649116651739e-06,1.8106102101406292,0.12221044563395198,0.06565537874044947
2017-10-24,2600,persistence,test,pca_only,8,20,log_euclidean,0.01,0.00013498145811245842,3514.004008791394,1042.3397166373277,17832.36376124227,8916.181880621136,8463.673297692387,2.7010504259756517e-05,2.700981492374803e-05,3.645939060634172e-08,1.3602478852886732,0.0372605011633557,0.027031756068438995
2017-10-31,2605,D0_pca8,test,pca_only,8,20,log_euclidean,0.01,0.00013196148239998394,1970.7311924474366,7235.643630553359,153143.344927206,76571.67246360301,76072.57334700083,0.00010323776177531086,0.00010323661335884275,2.1260429965293577e-08,3.077454659103475,0.10691953640130687,0.15515607623496325
2017-10-31,2605,rolling,test,pca_only,8,20,log_euclidean,0.01,0.00011859929742786976,4544.928377115815,865.5844062378284,5849.357640104887,2924.678820052442,2419.5709957792506,4.582817875875961e-05,4.58270303422915e-05,1.4639214450987124e-07,2.2074063587891435,0.0806859268865445,0.07728599265412679
2017-10-31,2605,ewma,test,pca_only,8,20,log_euclidean,0.01,0.0001478588691914508,4378.458967069851,1009.4683360469171,4966.238348663743,2483.1191743318664,1990.361473797915,4.1008026212639174e-05,4.1006877796171064e-05,1.875481887004237e-07,2.245283487553902,0.06858269819046009,0.0779098845776276
2017-10-31,2605,ledoit_wolf,test,pca_only,8,20,log_euclidean,0.01,0.00011927140972130685,7434.649887759619,784.8408454370209,364.88615191617475,182.4430759580875,-252.96142438805623,1.969071242486685e-05,1.9689564008398742e-05,3.2157951647128668e-06,1.2276426224185824,0.041600685927009565,0.021296010435949614
2017-10-31,2605,oas,test,pca_only,8,20,log_euclidean,0.01,0.00011820942447310795,7219.392589041295,777.251345724444,386.2668178241105,193.13340891205524,-242.77789699107248,2.162213300295503e-05,2.1620984586486922e-05,2.9217805005918347e-06,1.3406422487576946,0.04591712975027768,0.026141941546879623
2017-10-31,2605,shrink,test,pca_only,8,20,log_euclidean,0.01,0.00011772132557990016,6656.109776785052,781.2763556392181,481.1957548049646,240.59787740248254,-196.7103479658953,1.9872687454904863e-05,1.9871539038436754e-05,1.7731798313925788e-06,1.5177764963964755,0.0947263377123442,0.047064760968742556
2017-10-31,2605,persistence,test,pca_only,8,20,log_euclidean,0.01,0.00016489998708688319,3598.456604665349,1229.192150209632,9947.222609200346,4973.611304600177,4446.444986822855,2.455368465625374e-05,2.455253623978563e-05,6.123365743166733e-08,1.3409503745579257,0.03622617685395593,0.0266947448883431
2017-11-07,2610,D0_pca8,test,pca_only,8,20,log_euclidean,0.01,0.0001133341498701713,1968.7801223839292,6727.353987858696,199077.53180568622,99538.7659028431,98436.43763987508,6.370867507548028e-05,6.370718595952299e-05,1.5727924986101837e-08,3.551540568967783,0.14392086569436283,0.21200748976390735
2017-11-07,2610,rolling,test,pca_only,8,20,log_euclidean,0.01,0.00010159418248160435,4567.0330317145945,937.4156298721048,4084.3006823419046,2042.1503411709496,1558.292389864795,3.924009710752497e-05,3.9238607991567674e-05,1.3804206245540774e-07,1.9819222426609304,0.06452750943822654,0.060201913117421284
2017-11-07,2610,ewma,test,pca_only,8,20,log_euclidean,0.01,0.00016698415241087007,4390.586910913828,1068.938886133961,2975.0012362906605,1487.5006181453277,1019.2967796348594,3.136635429337201e-05,3.1364865177414716e-05,1.9999174774197036e-07,1.9916405340880672,0.06214807233242317,0.05912876800508036
2017-11-07,2610,ledoit_wolf,test,pca_only,8,20,log_euclidean,0.01,0.00010049645963093591,7857.783766711899,923.3027440630389,331.89952064356805,165.9497603217842,-274.46162883390514,2.2113641732242642e-05,2.2112152616285353e-05,3.1791997699601698e-06,1.0809301818575283,0.028782198307843114,0.015171100733463021
2017-11-07,2610,oas,test,pca_only,8,20,log_euclidean,0.01,9.807468816258537e-05,7416.218516669735,884.050754537408,347.43607823011877,173.71803911505958,-267.4310546319208,2.4378627643707616e-05,2.4377138527750327e-05,2.643400379393468e-06,1.2288412235779778,0.03427293708253912,0.021495872471258014
2017-11-07,2610,shrink,test,pca_only,8,20,log_euclidean,0.01,0.00010057222553760548,6766.722237130878,877.4793088182838,424.5629666456298,212.2814833228155,-230.3902926686862,2.181935221750549e-05,2.18178631015482e-05,1.443758346095009e-06,1.353601420080378,0.09134599540184461,0.04121139974182822
2017-11-07,2610,persistence,test,pca_only,8,20,log_euclidean,0.01,0.00017629522962243107,3574.7954846523753,1298.030641097758,6207.438025164759,3103.7190125823618,2654.125465340947,1.8020762150780214e-05,1.8019273034822925e-05,6.392848026391434e-08,1.2361983959283083,0.03586899708019863,0.021168706689286717
2017-11-14,2615,D0_pca8,test,pca_only,8,20,log_euclidean,0.01,9.983921294800461e-05,1917.4372006334586,6789.255041429802,141259.1228604667,70629.56143023334,69298.63261849925,3.598083359248059e-05,3.597944301009546e-05,2.574778332521491e-08,3.8431821673591293,0.12036689885242602,0.23360140707847912
2017-11-14,2615,rolling,test,pca_only,8,20,log_euclidean,0.01,9.462868952177143e-05,4608.2743091751245,1015.7067076001539,3404.553053825819,1702.276526912923,1218.9662814425246,2.777006399426525e-05,2.776867341188012e-05,1.579121763609909e-07,2.0559304105063663,0.0860983100327697,0.06607524103819329
2017-11-14,2615,ewma,test,pca_only,8,20,log_euclidean,0.01,0.00013237613349671723,4417.113284436547,1134.8388187411467,2715.900571572047,1357.9502857860352,884.3393735291068,2.4634801009033623e-05,2.4633410426648494e-05,1.9906412225833037e-07,1.9996613435797141,0.07501505203048271,0.06280743358504141
2017-11-14,2615,ledoit_wolf,test,pca_only,8,20,log_euclidean,0.01,8.968956626320655e-05,7902.45783550643,985.4630739796412,331.5018651664645,165.75093258323233,-280.9598345488017,1.9005899444657617e-05,1.900450886227249e-05,3.4290459591469336e-06,1.071240893546137,0.02817111365991457,0.015476464221801258
2017-11-14,2615,oas,test,pca_only,8,20,log_euclidean,0.01,8.87142550365915e-05,7508.76583160674,954.8419000650103,340.6649933898974,170.3324966949487,-276.93054455282436,1.978487760752281e-05,1.978348702513768e-05,2.994470985703038e-06,1.2113382423189067,0.03942589781619253,0.021590694868436924
2017-11-14,2615,shrink,test,pca_only,8,20,log_euclidean,0.01,9.247948700320349e-05,6859.580992262219,951.5890827721307,418.5182724407241,209.25913622036214,-239.06532111738952,2.1136940293302966e-05,2.1135549710917838e-05,1.5857805600711172e-06,1.407086353306393,0.08969689970931188,0.04226437710458264
2017-11-14,2615,persistence,test,pca_only,8,20,log_euclidean,0.01,0.0001749141747131422,3555.695648258903,1321.4179769517298,4982.537487263723,2491.2687436318683,2027.906283168264,1.5874528356079656e-05,1.5873137773694527e-05,7.78042526023785e-08,1.2991498663858267,0.03748899301474609,0.02299546862270193
2017-11-21,2620,D0_pca8,test,pca_only,8,20,log_euclidean,0.01,9.03089337057854e-05,1934.2421922607177,7713.394054865118,98430.99181333909,49215.49590666956,48261.997665965006,5.5284001544921574e-05,5.528313152282191e-05,2.4646644483873472e-08,3.187088789535906,0.10779643707650013,0.16160139233305182
2017-11-21,2620,rolling,test,pca_only,8,20,log_euclidean,0.01,8.794485718330262e-05,4691.86373035457,1093.328096820374,3243.9701676301797,1621.985083815095,1132.5379687976285,2.3284890046832384e-05,2.3284020024732716e-05,1.6712552687652106e-07,1.9798202119493487,0.08053635429675352,0.06847916496960928
2017-11-21,2620,ewma,test,pca_only,8,20,log_euclidean,0.01,0.00011584914806313335,4505.429321235495,1220.4432750255535,2667.4442468486395,1333.7221234243138,853.9628442068102,2.4448981836211085e-05,2.4448111814111417e-05,2.0931362609171939e-07,2.0167281943862987,0.08139580489528503,0.06690653479429812
2017-11-21,2620,ledoit_wolf,test,pca_only,8,20,log_euclidean,0.01,8.239009192312179e-05,7953.781225387057,1046.5278816027576,330.13111753704015,165.0655587685199,-284.84083521604504,1.9982342756567977e-05,1.9981472734468308e-05,3.597208931012561e-06,1.073565017148568,0.02844956774210256,0.01529439155915972
2017-11-21,2620,oas,test,pca_only,8,20,log_euclidean,0.01,8.143004803468353e-05,7550.704330913052,1024.2699372001819,335.4208306426368,167.7104153213176,-282.68290241213896,1.9134288299113813e-05,1.9133418277014144e-05,3.1820861751258343e-06,1.2551575348017379,0.03927151480035017,0.0220952149485812
2017-11-21,2620,shrink,test,pca_only,8,20,log_euclidean,0.01,8.493252646708888e-05,6884.1137088315945,1022.8463466395879,397.0811398505396,198.54056992526952,-253.07467598246944,1.749496533824797e-05,1.74940953161483e-05,1.7348157304592212e-06,1.3667744445205026,0.09753733605857699,0.04056481351817764
2017-11-21,2620,persistence,test,pca_only,8,20,log_euclidean,0.01,0.00017599977549480746,3480.2265409309166,1366.8912925722343,3802.319632698326,1901.159816349133,1443.5591241085897,2.938737041393818e-05,2.9386500391838513e-05,1.0328190705178504e-07,1.3788228849461936,0.03699688496029683,0.02779186293254293
2017-11-29,2625,D0_pca8,test,pca_only,8,20,log_euclidean,0.01,3.656765652362352e-05,1796.7442629445823,7189.923003410537,76430.42681797857,38215.213408989264,36784.797393901434,2.265627064327579e-05,2.2655786701037924e-05,1.9782014183639217e-08,3.0959200267792513,0.11993763916755884,0.1601830125679376
2017-11-29,2625,rolling,test,pca_only,8,20,log_euclidean,0.01,4.348855564768234e-05,4546.785780606154,877.8816878489928,2207.002626788578,1103.501313394301,600.3632798399324,2.011159175447662e-05,2.0111107812238755e-05,2.1669463498315248e-07,2.3151892037222246,0.09044576174486825,0.08669513875685503
2017-11-29,2625,ewma,test,pca_only,8,20,log_euclidean,0.01,5.508766065937044e-05,4349.592441328198,948.2732382518208,2010.6907934188316,1005.3453967094216,507.2918620314266,2.0580699097920775e-05,2.058021515568291e-05,2.3914829156634694e-07,2.283714061450638,0.08827218419977063,0.08178823839398441
2017-11-29,2625,ledoit_wolf,test,pca_only,8,20,log_euclidean,0.01,3.258165907714432e-05,7963.631400600876,838.2842337964549,332.9384027316068,166.46920136580331,-298.8280827493046,1.605895874096744e-05,1.6058474798729573e-05,4.128077479317367e-06,1.0830556821351707,0.026972828981701946,0.01586037773861468
2017-11-29,2625,oas,test,pca_only,8,20,log_euclidean,0.01,3.3490573822816696e-05,7559.994785152876,810.5220769950699,328.321229278976,164.16061463948793,-301.51938283155687,1.5573156276877877e-05,1.557267233464001e-05,3.852068844372709e-06,1.31361295940942,0.039266793575340575,0.02455360661058646
2017-11-29,2625,shrink,test,pca_only,8,20,log_euclidean,0.01,3.855322263623652e-05,6874.644694061334,809.4249524164013,353.5602604918965,176.78013024594847,-290.18631341699785,1.6981233550800375e-05,1.698074960856251e-05,2.1192476995800866e-06,1.5622252988019072,0.10296771871900183,0.05180710843379704
2017-11-29,2625,persistence,test,pca_only,8,20,log_euclidean,0.01,0.0001158432221708885,3258.5737598354253,1068.713792476842,2901.323999888701,1450.6619999443424,940.6544157560074,2.185477087355637e-05,2.1854286931318502e-05,1.3028927829384008e-07,1.6368979138415265,0.04076923369931382,0.03878213092576443
2017-12-06,2630,D0_pca8,test,pca_only,8,20,log_euclidean,0.01,2.7041921502924674e-05,1781.8763289610192,6468.493932580093,78659.79052118934,39329.89526059466,38092.139317189125,3.0382938072118842e-05,3.0382426543232106e-05,2.009521674432106e-08,3.251331541071065,0.10542800912273124,0.1747857828017123
2017-12-06,2630,rolling,test,pca_only,8,20,log_euclidean,0.01,5.103230980426521e-05,4612.828254769299,921.3594740241015,1844.4049623510668,922.202481175536,437.9029058643158,1.5908043736192447e-05,1.590753220730571e-05,2.792188912695134e-07,2.5291504453369336,0.09914448941956971,0.09938865499005435
2017-12-06,2630,ewma,test,pca_only,8,20,log_euclidean,0.01,0.00011332687961618078,4410.088455270674,1194.70783400586,1601.3839087497552,800.6919543748645,319.43460968715067,1.5877978180230884e-05,1.5877466651344147e-05,3.2016201895677045e-07,2.4597842056886794,0.09639099740839194,0.09050883853261413
2017-12-06,2630,ledoit_wolf,test,pca_only,8,20,log_euclidean,0.01,2.7408638894206412e-05,8025.5182205354195,789.4129119054614,339.13623368020546,169.5681168401027,-300.39006228258404,1.5659953111655545e-05,1.565944158276881e-05,4.8111410965247144e-06,1.1424042082197052,0.030937760160446803,0.017752033379283518
2017-12-06,2630,oas,test,pca_only,8,20,log_euclidean,0.01,3.307815070290636e-05,7560.746075813137,790.3027641846181,333.305146729824,166.6525733649123,-303.5845588808999,1.4263845803928808e-05,1.4263334275042072e-05,4.25911373217437e-06,1.4035645395088867,0.04734820839162132,0.02860031834440888
2017-12-06,2630,shrink,test,pca_only,8,20,log_euclidean,0.01,3.855075107433898e-05,7026.295723297017,807.5936486411621,346.58038821281207,173.29019410640615,-297.6126471536094,1.1897066730761457e-05,1.189655520187472e-05,2.5801996218487966e-06,1.603136219407274,0.10177152547534747,0.052385156562818246
2017-12-06,2630,persistence,test,pca_only,8,20,log_euclidean,0.01,0.0001085178950530129,3315.4449259569565,1320.2289783131357,3207.117357706336,1603.5586788531525,1120.4364304034857,2.3989112099743784e-05,2.3988600570857048e-05,1.5574682134263217e-07,1.9282060862237531,0.054497861632935386,0.05302642874439486
2017-12-13,2635,D0_pca8,test,pca_only,8,20,log_euclidean,0.01,3.381527920198462e-05,1747.265604168047,5692.07824389407,96890.53305723653,48445.266528618275,48284.044120944105,2.543033652044779e-05,2.5429758233277258e-05,1.3822425516225981e-08,3.053371833438028,0.10508095300550863,0.146676067320091
2017-12-13,2635,rolling,test,pca_only,8,20,log_euclidean,0.01,5.406600212863609e-05,4582.830849176337,934.8492773944351,2134.6263521180927,1067.3131760590522,604.4319177375421,2.231893284851313e-05,2.2318354561342595e-05,2.7736100248030683e-07,2.526174610278763,0.0773543647494092,0.09871203398746335
2017-12-13,2635,ewma,test,pca_only,8,20,log_euclidean,0.01,7.569407363115804e-05,4374.3221958868535,1109.7743716656041,2119.311789448303,1059.655894724152,598.1973402037853,2.1202468269206605e-05,2.120188998203607e-05,2.648328767868079e-07,2.4224885815011037,0.06997659348788193,0.08912190149058923
2017-12-13,2635,ledoit_wolf,test,pca_only,8,20,log_euclidean,0.01,3.195687493099833e-05,8004.51212259993,785.5706706273357,334.13493320311807,167.0674666015591,-295.75216634092976,1.706406615445486e-05,1.7063487867284327e-05,4.895705650891716e-06,1.1582420493899581,0.02959512270952402,0.018426931946557572
2017-12-13,2635,oas,test,pca_only,8,20,log_euclidean,0.01,3.7074488610787983e-05,7538.02411185486,791.3284353912368,332.73488366232533,166.3674418311627,-296.5893043786694,1.6299043511612585e-05,1.629846522444205e-05,4.276801033907695e-06,1.4242421149944755,0.03929807367452874,0.029818625546840293
2017-12-13,2635,shrink,test,pca_only,8,20,log_euclidean,0.01,4.2053794260477604e-05,7017.914210160751,812.8849986224675,370.224224596146,185.11211229807316,-278.25385411852596,1.8000564324625557e-05,1.7999986037455023e-05,2.562711651700924e-06,1.6063723711433235,0.14205162085565237,0.059779534120897565
2017-12-13,2635,persistence,test,pca_only,8,20,log_euclidean,0.01,0.00010473372345593352,3307.937038473631,1387.8767193927317,4197.431547937143,2098.7157739685636,1625.8185870115483,2.429540266292648e-05,2.4294824375755947e-05,1.4161907245693197e-07,1.8768697541478898,0.06338535654294437,0.053827053818360095
2017-12-20,2640,D0_pca8,test,pca_only,8,20,log_euclidean,0.01,4.166100055034256e-05,1741.6506544884621,5834.393484646849,117816.59005080476,58908.29502540239,58650.39255135207,2.8717181892257674e-05,2.8716599138831457e-05,1.5665124160595238e-08,3.4970320337330665,0.10569743982620718,0.1834641094577121
2017-12-20,2640,rolling,test,pca_only,8,20,log_euclidean,0.01,5.703609083030056e-05,4577.962048198052,911.491627745937,2166.4257831649807,1083.2128915824921,626.8230726257563,2.4694615117125656e-05,2.469403236369944e-05,3.132215530525612e-07,2.594031562590006,0.10921755028436,0.10886005913428114
2017-12-20,2640,ewma,test,pca_only,8,20,log_euclidean,0.01,6.060400566022983e-05,4351.496784343916,992.7987034593864,2280.3045958855196,1140.152297942764,687.9145026856352,2.7392941187488482e-05,2.7392358434062265e-05,3.093941698667695e-07,2.61192857935623,0.12374101877109875,0.11579074198766849
2017-12-20,2640,ledoit_wolf,test,pca_only,8,20,log_euclidean,0.01,3.686493436006578e-05,8020.777095810374,773.4316935166673,330.48740270325743,165.24370135162835,-293.46498386329756,1.5961522288231244e-05,1.5960939534805027e-05,5.431702717005834e-06,1.1832701498845852,0.030674687701522985,0.020048369634686744
2017-12-20,2640,oas,test,pca_only,8,20,log_euclidean,0.01,4.0912071673714975e-05,7578.304299793965,775.1585884938171,329.8005573300902,164.90027866504505,-293.8372703426659,1.596526174946796e-05,1.5964678996041743e-05,4.8122930993331035e-06,1.448648310025706,0.04288661636951829,0.03183296835648701
2017-12-20,2640,shrink,test,pca_only,8,20,log_euclidean,0.01,4.565261821206646e-05,7046.749712884997,793.2007231227924,362.9491824512497,181.47459122562458,-277.95181635989877,1.867214978107098e-05,1.8671567027644762e-05,2.8926009012527994e-06,1.6800607264276188,0.1253499559122698,0.06391722018082124
2017-12-20,2640,persistence,test,pca_only,8,20,log_euclidean,0.01,9.77566594993585e-05,3316.5743001180526,1455.44321377184,4695.948982250959,2347.974491125495,1903.4949949472964,2.1014754607684166e-05,2.101417185425795e-05,1.0793777421717705e-07,1.723867242564389,0.04410699712865387,0.04350579028281
2017-12-28,2645,D0_pca8,test,pca_only,8,20,log_euclidean,0.01,7.750782063196883e-05,1917.512888617318,4518.599960793303,179282.98651362036,89641.49325681018,89286.1928494849,2.2601601481085854e-05,2.2600371948143726e-05,1.135766508393683e-08,3.003851100911098,0.11244078056390665,0.14543803269292793
2017-12-28,2645,rolling,test,pca_only,8,20,log_euclidean,0.01,7.924197125773997e-05,4665.321523774521,903.2978481247383,3050.2711906532763,1525.135595326617,1093.4621048871888,3.098039882636941e-05,3.097916929342728e-05,3.716421496132921e-07,2.789413681219658,0.1040830521471766,0.12675477298948068
2017-12-28,2645,ewma,test,pca_only,8,20,log_euclidean,0.01,7.694654106863084e-05,4445.040182919168,945.3124074246489,3685.9029561445027,1842.951478072243,1417.6373681485989,3.191633029563168e-05,3.1915100762689556e-05,3.124149454563429e-07,2.8419011247970727,0.12000715127348059,0.1335781249158041
2017-12-28,2645,ledoit_wolf,test,pca_only,8,20,log_euclidean,0.01,6.499574102780293e-05,8011.522413365168,759.8834403828107,326.9415745167449,163.47078725837252,-279.8552445408027,2.1564008589450327e-05,2.15627790565082e-05,5.405479519562437e-06,1.184979739112376,0.029371347182639663,0.020014650504580032
2017-12-28,2645,oas,test,pca_only,8,20,log_euclidean,0.01,6.687260938657602e-05,7568.194203136991,764.2433742021504,338.6573220185014,169.32866100925048,-273.97363301501457,2.182042425448377e-05,2.181919472154164e-05,4.827776279956609e-06,1.4454177686033853,0.0399361385669948,0.031370899265170324
2017-12-28,2645,shrink,test,pca_only,8,20,log_euclidean,0.01,6.805950278210013e-05,7054.282289250796,781.6834165769396,399.78557070190743,199.89278535095403,-244.05668196536016,2.8346418404981864e-05,2.8345188872039736e-05,3.0215993286810383e-06,1.6942285651809514,0.14400398239889559,0.06621298315211308
2017-12-28,2645,persistence,test,pca_only,8,20,log_euclidean,0.01,8.413712300097574e-05,3450.9877735486725,1260.4393045620566,9330.46459731597,4665.232298658014,4306.973817551513,2.1831992025592398e-05,2.183076249265027e-05,5.966123047302291e-08,1.4684153454462963,0.041763303419472486,0.033027837175438154
2018-01-05,2650,D0_pca8,test,pca_only,8,20,log_euclidean,0.01,0.0003103966655259731,1978.9029095712624,2827.556754186753,205201.62260926288,102600.81130463144,99892.12261361872,0.00016008597672442066,0.00016008026038154128,2.0952975876421322e-08,4.0466266651793354,0.12539744668679792,0.24085380976891071
2018-01-05,2650,rolling,test,pca_only,8,20,log_euclidean,0.01,0.00026484223473775316,4689.967213763807,1919.6555055010754,3547.460764838161,1773.730382419078,1319.16823002936,0.00010569286382476757,0.00010568714748188819,4.2368528271735897e-07,2.8991473533574346,0.10459707133174452,0.13911456306715791
2018-01-05,2650,ewma,test,pca_only,8,20,log_euclidean,0.01,0.00023592297835356004,4472.614764676534,1591.2556562816287,4499.520257263157,2249.7601286315826,1789.8434283896208,0.00011349276511203484,0.00011348704876915545,3.772014725178444e-07,3.0373270506430794,0.12862891583383312,0.1567699626212096
2018-01-05,2650,ledoit_wolf,test,pca_only,8,20,log_euclidean,0.01,0.0002779392193290178,7986.340328084345,2116.9984535353346,318.21105782963434,159.10552891481737,-266.1219553649554,0.00010111059611343726,0.00010110487977055788,5.662432248299198e-06,1.2303804487813397,0.03457593648298354,0.02231023039542537
2018-01-05,2650,oas,test,pca_only,8,20,log_euclidean,0.01,0.0002696246017781806,7552.286287532732,2022.125756405503,338.4131815587866,169.20659077939348,-256.1110401343737,9.713467898326701e-05,9.712896264038763e-05,4.95996983242666e-06,1.4958905425667406,0.04172916337366753,0.03323558442896326
2018-01-05,2650,shrink,test,pca_only,8,20,log_euclidean,0.01,0.00026889705286554325,7057.456052832802,1951.4881382096573,421.67074822502093,210.8353741125108,-216.16998769552188,0.00010199867889474678,0.0001019929625518674,3.0540482481977627e-06,1.7326837433675932,0.1184515083151833,0.06850396718907334
2018-01-05,2650,persistence,test,pca_only,8,20,log_euclidean,0.01,0.00025269738315160633,3464.9151051649883,1743.8433551476287,13411.768972213655,6705.884486106828,6224.296639338162,0.00010015971589156337,0.00010015399954868399,5.5147294421323815e-08,1.4253802729362992,0.06321409049669541,0.03435096661476637
2018-01-12,2655,D0_pca8,test,pca_only,8,20,log_euclidean,0.01,0.0007794683808364073,2009.4978567653625,1344.7937372458505,257250.17124336024,128625.08562168012,123260.18417504402,0.00018552719823305782,0.00018551755743381496,1.3235721906581765e-08,3.1952593731491965,0.11472638805611908,0.17684179283763485
2018-01-12,2655,rolling,test,pca_only,8,20,log_euclidean,0.01,0.0006881681474932974,4665.232140663603,2579.8481856427093,4704.918374542234,2352.4591872711144,1879.6799739089536,0.00017638006396258736,0.0001763704231633445,4.1223792305182844e-07,2.9658989826289117,0.09583924516073754,0.14535453519553873
2018-01-12,2655,ewma,test,pca_only,8,20,log_euclidean,0.01,0.0006481292302254046,4472.81414814142,2207.326597756687,5668.843781901052,2834.4218909505307,2349.1725674472877,0.00017361783948239044,0.00017360819868314758,3.81796821974073e-07,3.130699709183081,0.10957141648429064,0.15721211059039894
2018-01-12,2655,ledoit_wolf,test,pca_only,8,20,log_euclidean,0.01,0.0007253157185375974,7867.003056252461,2866.255846927969,329.4169018959768,164.7084509479884,-249.04314535068806,0.00018585627850111925,0.0001858466377018764,5.6112893018825965e-06,1.2379996491347298,0.03888818328166528,0.022794306404612105
2018-01-12,2655,oas,test,pca_only,8,20,log_euclidean,0.01,0.0007084394318904094,7434.26624961165,2747.6186044829055,364.79584836887454,182.39792418443744,-232.13758720847687,0.0001767389004550106,0.00017672925965576773,4.982126352208874e-06,1.521878006630118,0.05180632997567608,0.0355662487926468
2018-01-12,2655,shrink,test,pca_only,8,20,log_euclidean,0.01,0.0007051790105493924,6958.140543600834,2653.5445422604207,463.53556784059674,231.76778392029817,-184.4253839295998,0.00017814749761969588,0.00017813785682045303,3.091121770499195e-06,1.7517536641253713,0.1165124681843114,0.07073739558155236
2018-01-12,2655,persistence,test,pca_only,8,20,log_euclidean,0.01,0.0006656081241946492,3540.993863889669,2268.602365345185,14702.89179890012,7351.445899450055,6702.087426093165,0.0001868523455130866,0.00018684270471384376,6.78204111581305e-08,1.4965321706615182,0.06284382324596763,0.03696021051947179
2018-01-22,2660,D0_pca8,test,pca_only,8,20,log_euclidean,0.01,0.0008501144419815216,2070.9075633179677,1913.877429693225,267586.74835712527,133793.37417856263,128939.56746136956,0.0002298985401825695,0.0002298904992101835,1.70648907358009e-08,3.545695993349438,0.15058036077185216,0.20409736949979698
2018-01-22,2660,rolling,test,pca_only,8,20,log_euclidean,0.01,0.000744044644490388,4795.000161454137,2324.6421834874086,6169.69357160602,3084.846785803027,2622.4857308467836,0.0001963338687534708,0.00019632582778108482,3.5515447466079293e-07,2.95745342186971,0.1181836310212468,0.1443816927481808
2018-01-22,2660,ewma,test,pca_only,8,20,log_euclidean,0.01,0.0006944483714011916,4603.271040410509,1951.825177390606,6433.86150946344,3216.9307547317326,2748.6044528312,0.0001996195588188139,0.0001996115178464279,3.5800674338107875e-07,3.0067138137458254,0.1121918877866646,0.14530924745164017
2018-01-22,2660,ledoit_wolf,test,pca_only,8,20,log_euclidean,0.01,0.0007856693870557086,7592.408376337378,2618.753007410326,371.5352654882928,185.7676327441466,-224.4399443809748,0.00017411924716127054,0.00017411120618888456,5.40452307691151e-06,1.4267857261164238,0.04916535025249752,0.03134165818895695
2018-01-22,2660,oas,test,pca_only,8,20,log_euclidean,0.01,0.0007731810433796397,7326.091402806342,2532.180887022412,415.2246889258056,207.61234446290334,-203.12628220233222,0.0001698975523246825,0.00016988951135229652,4.829299180440406e-06,1.6458740276578618,0.05867294839003929,0.04116459231664115
2018-01-22,2660,shrink,test,pca_only,8,20,log_euclidean,0.01,0.0007704058024078517,6986.458403326882,2441.658250437061,490.45796750448085,245.2289837522406,-166.5099590051627,0.00017090789425133876,0.00017089985327895278,3.528809238985986e-06,1.8167046148257957,0.10993372322820602,0.06759620868433472
2018-01-22,2660,persistence,test,pca_only,8,20,log_euclidean,0.01,0.0007379078613399695,3527.0039725975066,2296.556530399992,14479.195291664435,7239.597645832212,6639.134452354481,0.00020874610279793328,0.0002087380618255473,7.403367627200751e-08,1.5534984800246654,0.054992105410147776,0.03725060557810152
2018-01-29,2665,D0_pca8,test,pca_only,8,20,log_euclidean,0.01,0.0009406728195152018,2056.8260192027,1816.4514992951592,226566.24066025205,113283.12033012601,110188.07588153034,0.0002190565027681413,0.0002190458188138093,1.7324156778960205e-08,3.5540890551821636,0.14976376255121193,0.20131262846125192
2018-01-29,2665,rolling,test,pca_only,8,20,log_euclidean,0.01,0.0008235778502051114,4775.055271070856,2542.273547197622,5107.712931220519,2553.856465610267,2061.8256636910933,0.0002074807673532999,0.0002074700833989679,4.0595808353219646e-07,3.07488070971701,0.1229325639764746,0.15836861347268819
2018-01-29,2665,ewma,test,pca_only,8,20,log_euclidean,0.01,0.0007761620281972427,4552.839578450576,2097.7922564598357,4600.508237764339,2300.254118882164,1822.09317230872,0.00020083046383643523,0.00020081977988210324,4.4782528148116574e-07,2.9882826203521295,0.10716833279119704,0.14708471698505896
2018-01-29,2665,ledoit_wolf,test,pca_only,8,20,log_euclidean,0.01,0.0008782626158995022,7730.495304326367,2880.6386189384284,333.51075150000906,166.75537575000465,-244.98522008429063,0.00019997523430645067,0.00019996455035211868,5.882575693767987e-06,1.3605149053599592,0.044047179368188846,0.02711798058108266
2018-01-29,2665,oas,test,pca_only,8,20,log_euclidean,0.01,0.0008592411565391282,7404.6194624119435,2764.9370181578106,366.30269046112346,183.1513452305615,-229.39735600943794,0.00019255761274225756,0.00019254692878792557,5.358630693722648e-06,1.6341202794453666,0.0569013025454156,0.039262887171519836
2018-01-29,2665,shrink,test,pca_only,8,20,log_euclidean,0.01,0.0008542861114872014,7000.076750209254,2664.687137558407,428.9693079612008,214.48465398060034,-199.64494312131018,0.0001895816750998354,0.00018957099114550341,3.927210274740316e-06,1.8345558800008024,0.09832613984557174,0.06810187822621967
2018-01-29,2665,persistence,test,pca_only,8,20,log_euclidean,0.01,0.0007933817830779103,3524.419926596076,2341.8608070226487,9084.724182835611,4542.36209141779,4032.3660818620206,0.00023953857053633998,0.000239527886582008,1.3428666680317607e-07,1.8047386645479109,0.07477277692782848,0.050021973414482716
2018-02-05,2670,D0_pca8,test,pca_only,8,20,log_euclidean,0.01,0.00044042659473551556,2068.3022357484497,2717.2762951463,168339.3486703618,84169.6743351809,82721.32837259796,0.00017155949233381987,0.0001715552320446247,3.293397968756462e-08,3.700759857649025,0.14655473431156443,0.2250141708110865
2018-02-05,2670,rolling,test,pca_only,8,20,log_euclidean,0.01,0.00033281577799973926,4763.692958999761,1537.957926978323,4370.386626496881,2185.193313248441,1731.6872550945027,0.00020261387171021462,0.00020260961142101944,4.5398239928347335e-07,3.186557704077949,0.14765042735668124,0.16536831781150796
2018-02-05,2670,ewma,test,pca_only,8,20,log_euclidean,0.01,0.0002744575891938093,4551.66919337113,1180.7605347718281,3601.9275970414437,1800.9637985207232,1354.6001471043196,0.0001951114797695798,0.0001951072194803846,5.902108631347513e-07,3.1712589235227195,0.11824182549621191,0.16091303611418284
2018-02-05,2670,ledoit_wolf,test,pca_only,8,20,log_euclidean,0.01,0.0003741111335345698,7705.479048878224,1936.2438790030906,329.22835856533584,164.61417928266786,-255.92292106697687,0.00014383811220814734,0.00014383385191895216,7.516505738143843e-06,1.6576138195642725,0.05334110714015716,0.04097784214620397
2018-02-05,2670,oas,test,pca_only,8,20,log_euclidean,0.01,0.0003588145679057324,7362.616337832027,1790.7671439579274,364.33827034642223,182.16913517321123,-238.84248364636363,0.00014776643639359871,0.00014776217610440353,6.375164881098825e-06,1.9458278342384887,0.06318916419333521,0.056577731643859756
2018-02-05,2670,shrink,test,pca_only,8,20,log_euclidean,0.01,0.00035963519665982777,7102.37979851726,1709.4109250319498,404.43036064149715,202.2151803207485,-219.89104748556792,0.00014789122620426862,0.00014788696591507344,5.301143066064886e-06,2.0505701010373865,0.13412779778365594,0.0865381357534699
2018-02-05,2670,persistence,test,pca_only,8,20,log_euclidean,0.01,0.00017627889101667508,3583.600188917812,737.4452286021109,4738.07567307478,2369.0378365373745,1925.3698478553208,0.00014188014782958035,0.00014187588754038517,6.260724800040823e-07,3.0670475980812246,0.104460454058573,0.15211475788092482
2018-02-12,2675,D0_pca8,test,pca_only,8,20,log_euclidean,0.01,0.000119231870974357,2079.688266885746,4360.172869619438,74818.80583671379,37409.402918356885,36451.628240472695,0.00011228420754640584,0.00011228186217196451,3.821192930274358e-08,2.78216287505961,0.11826137777002306,0.14032795064302747
2018-02-12,2675,rolling,test,pca_only,8,20,log_euclidean,0.01,9.027418354288722e-05,4660.0955027389655,671.6351555302855,2585.1179223570703,1292.5589611785356,835.9754908896357,0.00011324718799576405,0.00011324484262132272,1.491269312129179e-06,4.879390885835369,0.17987315290833777,0.37836166869357113
2018-02-12,2675,ewma,test,pca_only,8,20,log_euclidean,0.01,0.00041228767431542436,4481.135749880272,1043.9922672415923,1872.8573519351535,936.4286759675721,489.317572982452,8.323749039847419e-05,8.323514502403286e-05,1.7523058183801173e-06,4.222203582400145,0.15576131880360047,0.28714612161859204
2018-02-12,2675,ledoit_wolf,test,pca_only,8,20,log_euclidean,0.01,6.987515052650179e-05,7688.289977803187,682.5703129932022,326.46084163368425,163.23042081684207,-270.77452424345654,6.831546721770987e-05,6.831312184326854e-05,1.707474867390088e-05,2.58049841509265,0.08135056191800731,0.10652698431959738
2018-02-12,2675,oas,test,pca_only,8,20,log_euclidean,0.01,7.434590419597934e-05,7205.2071333625845,630.8986156110946,369.8293198149478,184.91465990747352,-249.70167530942263,7.306364522328332e-05,7.306129984884199e-05,1.2634445773649921e-05,3.1117752894362773,0.10436836955587284,0.15192466256958126
2018-02-12,2675,shrink,test,pca_only,8,20,log_euclidean,0.01,7.045730355100012e-05,7478.987721421666,642.6914549053249,331.1390259113115,165.56951295565568,-268.3588089518224,8.18571419459634e-05,8.185479657152207e-05,1.3643219274425826e-05,2.7375739036892504,0.1210787379259286,0.145336811494745
2018-02-12,2675,persistence,test,pca_only,8,20,log_euclidean,0.01,0.0004425251717215014,3559.1662490066833,1133.181647750207,3051.122047853626,1525.5610239268117,1088.9075543009646,0.00013605329772943997,0.00013605095235499865,1.0135936963460834e-06,3.4086889145574935,0.11769467391575317,0.18296876747216337
2018-02-20,2680,D0_pca8,test,pca_only,8,20,log_euclidean,0.01,0.0008343165970166714,2071.069196873465,4347.439145779454,194789.20234415017,97394.60117207508,95194.88872687946,0.00011364170780380057,0.00011363804388651795,5.395229507684829e-08,3.6065810172689647,0.1837010215911517,0.23619874983202233
2018-02-20,2680,rolling,test,pca_only,8,20,log_euclidean,0.01,0.0008023559953536099,4728.223072841009,675.1646596976193,4893.0314727493815,2446.515736374685,1955.6739835869175,8.864906883170375e-05,8.864540491442113e-05,1.310475292356286e-06,4.878864762159994,0.14541901826787598,0.3492626328463523
2018-02-20,2680,ewma,test,pca_only,8,20,log_euclidean,0.01,0.000999012691540364,4581.44857004017,912.6368388401454,3847.136047734866,1923.5680238674363,1453.670723716389,6.765748417846564e-05,6.765382026118302e-05,1.5668674087227975e-06,4.4598575924631705,0.11745272030831379,0.28392526977431365
2018-02-20,2680,ledoit_wolf,test,pca_only,8,20,log_euclidean,0.01,0.0007764484003109619,7576.0630511042245,627.4059181736467,449.39691971995035,224.69845985997532,-193.45600961322208,8.387176274044605e-05,8.386809882316343e-05,1.527844025365958e-05,2.7567038808236024,0.08883374052608994,0.11839047966875657
2018-02-20,2680,oas,test,pca_only,8,20,log_euclidean,0.01,0.0007833941463263254,7132.260057417877,604.1312859060629,577.1921724220967,288.59608621104815,-131.98133070922034,7.770702702721131e-05,7.770336310992869e-05,1.1134204897191997e-05,3.26496664377676,0.09808713468188478,0.15976255208933993
2018-02-20,2680,shrink,test,pca_only,8,20,log_euclidean,0.01,0.0007773893986766857,7501.517378416722,610.3931494001198,456.71197279575927,228.35598639787955,-189.88772100483163,6.221586650051117e-05,6.221220258322855e-05,1.3986907796378838e-05,2.757896053075003,0.10985522085808443,0.13528145261058486
2018-02-20,2680,persistence,test,pca_only,8,20,log_euclidean,0.01,0.0012085939302725883,3755.0236849046614,1094.3052296418955,6374.929364402205,3187.4646822011055,2731.7990989627447,0.00018729572746298498,0.00018729206354570237,9.584486308286962e-07,3.354600976437094,0.10551418727507947,0.16320546228030997
2018-02-27,2685,D0_pca8,test,pca_only,8,20,log_euclidean,0.01,0.0010286241990572994,2021.1816220363853,3284.9198666614884,210107.43362290706,105053.71681145353,102653.06259003418,0.00011318123675898678,0.00011317429482507124,3.248975304112596e-08,2.974815331659178,0.11354727024347994,0.14764392854521996
2018-02-27,2685,rolling,test,pca_only,8,20,log_euclidean,0.01,0.0008120785211448665,4707.963577807697,553.2809055619472,4723.684272766111,2361.8421363830603,1879.2613629948166,0.00013121520408253913,0.0001312082621486236,1.5073860606026828e-06,5.018246670524852,0.1501541663707855,0.3895970694951447
2018-02-27,2685,ewma,test,pca_only,8,20,log_euclidean,0.01,0.0008235668994217242,4537.025863977976,603.21324292209,4231.358997528457,2115.679498764225,1645.1918915449344,0.00012396002987206654,0.000123953087938151,1.6353332945168763e-06,4.672525252279375,0.13740519702945236,0.3408529748892614
2018-02-27,2685,ledoit_wolf,test,pca_only,8,20,log_euclidean,0.01,0.0008314639738890722,7568.4980068280765,741.9075148357562,440.12030400437743,220.06015200218872,-191.95389004686507,9.367815545711718e-05,9.367121352320165e-05,1.785750905630712e-05,2.8699385311570063,0.08421763286509272,0.13817112524024372
2018-02-27,2685,oas,test,pca_only,8,20,log_euclidean,0.01,0.0008221892179103593,7180.495859332008,640.903647635266,548.5748801148882,274.28744005744386,-139.76614505363318,9.457888992359249e-05,9.457194798967695e-05,1.360677074898281e-05,3.338761147915141,0.0967709478115912,0.18482519693908742
2018-02-27,2685,shrink,test,pca_only,8,20,log_euclidean,0.01,0.0008420647353934766,7563.190828336704,747.8240297532088,440.64732241652325,220.32366120826143,-191.7243388466735,6.231170149690704e-05,6.23047595629915e-05,1.678685893374708e-05,2.8899204897575976,0.11928660247462745,0.15135430489698762
2018-02-27,2685,persistence,test,pca_only,8,20,log_euclidean,0.01,0.0010169155507929342,3552.5431706054023,777.6865745019184,6565.096166218031,3282.5480831090244,2826.088977383226,0.00020764439328318005,0.0002076374513492645,1.1163925559916107e-06,3.6254664160562178,0.10000442118906032,0.19526348826987852
2018-03-06,2690,D0_pca8,test,pca_only,8,20,log_euclidean,0.01,0.0012122999782651278,1959.7894188564537,2465.944696918361,264447.3522736125,132223.67613680626,129444.22905381306,0.0002400504357015288,0.0002400420820402581,4.7642328955630674e-08,3.773092297471979,0.197110802931252,0.24893939328624165
2018-03-06,2690,rolling,test,pca_only,8,20,log_euclidean,0.01,0.0008520411577790895,4813.284151365016,525.2598640203668,4749.780884340561,2374.890442170282,1899.3780892822542,0.0001820927090748075,0.0001820843554135368,1.6914146202159503e-06,5.1728511207451335,0.21224687731622516,0.42171489170513443
2018-03-06,2690,ewma,test,pca_only,8,20,log_euclidean,0.01,0.0008341773066670167,4617.49401529205,516.9006677127472,4524.418307801532,2262.209153900767,1788.4572294275622,0.0001680974806390922,0.0001680891269778215,1.6519006979017438e-06,4.893022662073315,0.15020960983277573,0.36774261529149727
2018-03-06,2690,ledoit_wolf,test,pca_only,8,20,log_euclidean,0.01,0.0008953793893617466,7535.874832649781,781.8159080267287,451.9763378762632,225.9881689381309,-184.60790015621757,0.00012668672443760202,0.00012667837077633132,1.8772425783473338e-05,3.2550232408914366,0.09420958135858205,0.1611324017671568
2018-03-06,2690,oas,test,pca_only,8,20,log_euclidean,0.01,0.000880758866694522,7223.212887916343,677.1449181778601,546.4034684777025,273.2017342388511,-139.08789648971788,0.00013241373445074212,0.00013240538078947142,1.4915538259530377e-05,3.6192028439516535,0.1078166588896851,0.202156269174057
2018-03-06,2690,shrink,test,pca_only,8,20,log_euclidean,0.01,0.000919856002759862,7635.687473521479,850.6456343749148,435.76263994282226,217.88131997141076,-192.28206107220976,8.751554001034813e-05,8.750718634907742e-05,1.9394282131832332e-05,3.0385135076959218,0.11971960378772567,0.16026771578406154
2018-03-06,2690,persistence,test,pca_only,8,20,log_euclidean,0.01,0.0008475924015008823,3507.226534340899,588.4256993946386,8083.165006255933,4041.582503127974,3558.452539284711,0.00013273449377122133,0.00013272614010995064,6.216036213073193e-07,3.0454559239164674,0.09624616978997397,0.1355056362094988
2018-03-13,2695,D0_pca8,test,pca_only,8,20,log_euclidean,0.01,0.0013566622480680735,1939.6214740130438,2192.749886857448,155692.3271088476,77846.16355442381,76129.21494855198,7.7591088370126e-05,7.758113812793943e-05,4.2290874693638435e-08,3.0674513418048917,0.11920839587115259,0.15744266673402557
2018-03-13,2695,rolling,test,pca_only,8,20,log_euclidean,0.01,0.0009174653433870363,4898.93591317209,629.1106587821581,4631.567976921757,2315.7839884608757,1852.0770086640252,0.00015194679935310053,0.00015193684911091394,1.5772563310651862e-06,5.0419063773672885,0.14162103332573503,0.38165799919563875
2018-03-13,2695,ewma,test,pca_only,8,20,log_euclidean,0.01,0.0009313169099253352,4697.0430802920755,709.40324475962,4823.054896134361,2411.5274480671806,1945.8029127186771,0.00015653719822032513,0.00015652724797813854,1.4969733573769892e-06,4.95301767595539,0.14731463619173601,0.35699430661872933
2018-03-13,2695,ledoit_wolf,test,pca_only,8,20,log_euclidean,0.01,0.0009831562767254843,7601.022570684121,970.137707064309,446.1567460896455,223.0783730448233,-184.69175224863324,0.0001265960791470653,0.0001265861289048787,1.8177815022169893e-05,3.301885599550788,0.09669493290925917,0.16112690234067725
2018-03-13,2695,oas,test,pca_only,8,20,log_euclidean,0.01,0.00096437476812346,7330.4615875459,854.7898913948659,525.4287720224565,262.7143860112286,-146.27478366330783,0.00012830244685517816,0.00012829249661299157,1.4738272357648064e-05,3.5929734924115238,0.10605413180142893,0.19387085047332797
2018-03-13,2695,shrink,test,pca_only,8,20,log_euclidean,0.01,0.0010199765237821688,7731.907039092217,1087.22662683353,424.07452299815463,212.0372614990777,-195.30873290999233,8.483685435898957e-05,8.4826904116803e-05,1.953065032337419e-05,3.059045083724265,0.11276449421073768,0.15537785217847955
2018-03-13,2695,persistence,test,pca_only,8,20,log_euclidean,0.01,0.0010987816065180219,3604.0921152003016,1183.8554816978653,11476.18750513774,5738.093752568858,5261.891394976116,0.00015620317999139822,0.00015619322974921163,3.3615442510020867e-07,2.5427336457090446,0.09236404934743592,0.09997319049858132
2018-03-20,2700,D0_pca8,test,pca_only,8,20,log_euclidean,0.01,0.0006867078370625404,1798.5219842131842,2289.6473863348488,57458.99516261895,28729.49758130948,27092.673695477686,0.00013439773629125913,0.00013438907375037707,5.03857672394137e-08,3.1929554344007385,0.16645613645691398,0.1709496252900954
2018-03-20,2700,rolling,test,pca_only,8,20,log_euclidean,0.01,0.0003633309374506325,4903.13654735447,685.3152882103902,1634.4670563027053,817.233528151351,365.1876016678048,0.0001405804815719538,0.00014057181903107173,2.0661375941987963e-06,4.924538345785772,0.15569810521996766,0.3954222870453964
2018-03-20,2700,ewma,test,pca_only,8,20,log_euclidean,0.01,0.0013960251640827937,4689.916808882003,786.6291647813159,1282.2492747829185,641.1246373914521,198.21678154969828,0.00013163716556909745,0.0001316285030282154,2.4623149124879753e-06,4.560870470531729,0.14135860736379213,0.32897800767302543
2018-03-20,2700,ledoit_wolf,test,pca_only,8,20,log_euclidean,0.01,0.000449530808679844,8597.825148423253,1700.769311475812,290.99290769020945,145.4964538451047,-277.7366918218123,9.47798018435628e-05,9.477113930268074e-05,2.9992325821101883e-05,2.2810735954339356,0.06397830338180202,0.07889894845762199
2018-03-20,2700,oas,test,pca_only,8,20,log_euclidean,0.01,0.0003809076030042612,7651.225237155442,978.2346643669321,306.5658299447487,153.2829149723746,-271.33818128506346,0.00010607998588057515,0.00010607132333969308,1.891021442185542e-05,3.3465930444179044,0.0943866557556413,0.17380061765448873
2018-03-20,2700,shrink,test,pca_only,8,20,log_euclidean,0.01,0.0004611516801280195,7802.3840822790235,1124.772380974164,287.725833667797,143.86291683389845,-280.1582305931267,8.223051756910417e-05,8.22218550282221e-05,1.9761736333780037e-05,3.04723742744421,0.13068428236341822,0.1661670374225031
2018-03-20,2700,persistence,test,pca_only,8,20,log_euclidean,0.01,0.0011271594298844232,3467.9132962004746,1079.4811682311329,3046.8477239369454,1523.4238619684684,1047.4452445876818,0.0001366580378815419,0.00013664937534065984,4.5863292599604515e-07,2.306225284493931,0.09564274431899807,0.08516791774366639
2018-03-27,2705,D0_pca8,test,pca_only,8,20,log_euclidean,0.01,0.00027085144606964657,1817.4295023534996,3204.5304448704874,39787.9756077763,19893.98780388817,18830.747611614963,7.084073607920272e-05,7.083687801772542e-05,7.242470048121462e-08,3.0955380775632224,0.13032820463200762,0.1730815816971701
2018-03-27,2705,rolling,test,pca_only,8,20,log_euclidean,0.01,0.00024164247210483797,4960.521841646354,517.560932104708,1494.251815177191,747.125907588595,293.36303883448215,0.0001362270683113336,0.0001362232102498563,2.679165466733346e-06,5.399865609432434,0.2184118172775594,0.46748534824471083
2018-03-27,2705,ewma,test,pca_only,8,20,log_euclidean,0.01,0.0007441665964113255,4743.818690965611,537.5471305610029,1276.213962083494,638.1069810417484,188.23104859318053,0.00011708850610546941,0.0001170846480439921,2.793518227258814e-06,4.811644765896568,0.20148896352195947,0.37306458864193864
2018-03-27,2705,ledoit_wolf,test,pca_only,8,20,log_euclidean,0.01,0.0001701808802296484,8428.46298613825,781.73257176012,305.91184372185023,152.95592186092526,-280.2997754838557,7.718583247013344e-05,7.718197440865613e-05,3.2037214010736004e-05,2.582438648454813,0.07449818724218725,0.10517854608333262
2018-03-27,2705,oas,test,pca_only,8,20,log_euclidean,0.01,0.00019564124576618782,7621.807487241637,531.6509423731902,324.3932376245141,162.196618812257,-272.0978302935725,9.573477275727428e-05,9.573091469579698e-05,2.0846914897445323e-05,3.468398249420571,0.12138272858461359,0.19515236765124708
2018-03-27,2705,shrink,test,pca_only,8,20,log_euclidean,0.01,0.0002249083743171766,7921.160580780388,629.8074521029614,300.9116076394431,150.45580381972144,-283.268279078722,6.95215459354252e-05,6.95176878739479e-05,2.3283567323486943e-05,3.0087146535428126,0.1910318756903333,0.1797828772953477
2018-03-27,2705,persistence,test,pca_only,8,20,log_euclidean,0.01,0.0008341824548240959,3407.836887382655,661.7728877911609,2231.147151699348,1115.5735758496744,660.2994366095203,9.75709424952906e-05,9.756708443381329e-05,7.0379640197565e-07,2.5678043976684357,0.10395728423304196,0.11334154700443973
2018-04-04,2710,D0_pca8,test,pca_only,8,20,log_euclidean,0.01,0.00017759963588568736,1905.3809583008756,5180.93753346703,65843.94911453681,32921.97455726841,32141.442412885088,0.0001149143914041524,0.00011491243343659906,5.008874367172257e-08,2.9865321141293393,0.15578930623461218,0.16590012407799606
2018-04-04,2710,rolling,test,pca_only,8,20,log_euclidean,0.01,0.0003576623638030579,4937.272236033738,905.0297116257782,1666.8042908579457,833.4021454289825,386.0469096014704,0.00012376811339223024,0.0001237661554246769,2.6278464643623442e-06,5.307800288772148,0.18566076843039575,0.45022766307119977
2018-04-04,2710,ewma,test,pca_only,8,20,log_euclidean,0.01,0.0006272698574203436,4715.165040259766,1047.9875799669287,1582.730994315832,791.3654971579249,345.17180564113465,0.00011903805679690752,0.00011903609882935418,2.685278800597749e-06,4.996112575473351,0.16793571933165638,0.40750153808919864
2018-04-04,2710,ledoit_wolf,test,pca_only,8,20,log_euclidean,0.01,0.0001977344865748191,8297.453982677207,497.8501267837688,322.55664771020963,161.278323855105,-272.0972079255255,7.869932515755991e-05,7.869736719000657e-05,3.268226067986632e-05,2.8676201481609764,0.09064627829156632,0.1320871264103046
2018-04-04,2710,oas,test,pca_only,8,20,log_euclidean,0.01,0.0002666272741780649,7582.094715942299,617.4475708391682,356.80088782841096,178.4004439142052,-255.64802729772265,9.714582040842776e-05,9.714386244087443e-05,2.101887154080753e-05,3.699102327149963,0.11707861069672809,0.2217610579381665
2018-04-04,2710,shrink,test,pca_only,8,20,log_euclidean,0.01,0.00024341653864001837,7991.598127804307,530.1009860304846,319.25020602683367,159.62510301341675,-273.90707670803744,7.84749611475193e-05,7.847300317996597e-05,2.546896022242318e-05,3.1427091342392575,0.1548875545012387,0.1896450207809438
2018-04-04,2710,persistence,test,pca_only,8,20,log_euclidean,0.01,0.0009916258244395077,3455.2140743013238,1105.1906749150617,2480.567164203143,1240.2835821015592,793.4598009511681,6.53931279280667e-05,6.539116996051337e-05,8.922116545689541e-07,2.7908663835233996,0.1144115717322552,0.13528342102873553
2018-04-11,2715,D0_pca8,test,pca_only,8,20,log_euclidean,0.01,8.265764634444264e-05,1974.816364655829,6521.588752921639,97324.69613832071,48662.348069160354,47412.09559232234,7.587811636167643e-05,7.587659554747951e-05,3.301081713869014e-08,3.0660144585008102,0.16499035904176743,0.17056466100661943
2018-04-11,2715,rolling,test,pca_only,8,20,log_euclidean,0.01,0.0004972895926853172,4887.571757687071,1602.2647777465359,1548.6456875186686,774.3228437593305,319.86334245269506,0.00013407453914134144,0.00013407301832714453,2.712437955695105e-06,5.379432503207327,0.1788863781876036,0.4521251475770868
2018-04-11,2715,ewma,test,pca_only,8,20,log_euclidean,0.01,0.0006422030495924484,4632.420428997062,1846.9339023098187,1510.9949745835156,755.4974872917519,300.59896563771304,0.00012042613162667239,0.00012042461081247547,2.5231351574865967e-06,4.949391849295969,0.1562834835638323,0.3839159551255776
2018-04-11,2715,ledoit_wolf,test,pca_only,8,20,log_euclidean,0.01,0.0002687307321044758,8183.630422601751,786.9341742562175,329.86328714948553,164.93164357474288,-275.33811838800955,7.06298267652676e-05,7.062830595107067e-05,3.173799038320029e-05,3.0888651415165804,0.09884581990431272,0.14730823491804063
2018-04-11,2715,oas,test,pca_only,8,20,log_euclidean,0.01,0.00036664127650284234,7521.661712167554,1107.0665682089611,361.80274423586354,180.90137211793154,-260.1043272217752,9.093576261629636e-05,9.093424180209944e-05,2.0639248796428704e-05,3.928269070918549,0.12204091816342,0.23232429048291883
2018-04-11,2715,shrink,test,pca_only,8,20,log_euclidean,0.01,0.0002853533819798456,8027.647704655693,825.6062316451631,330.48155937228586,165.24077968614242,-275.02349257068045,7.720085081026047e-05,7.719932999606355e-05,2.6001649821816244e-05,3.1364033835162046,0.14572362410464113,0.18483810964778705
2018-04-11,2715,persistence,test,pca_only,8,20,log_euclidean,0.01,0.0012226565903463889,3454.8035280955705,2169.709872112156,2288.720658306281,1144.3603291531392,675.6627163656606,4.844774626700989e-05,4.844622545281297e-05,9.79395317824773e-07,2.9515561199450624,0.11296857859095018,0.14006296120298556
2018-04-18,2720,D0_pca8,test,pca_only,8,20,log_euclidean,0.01,6.62771886191067e-05,1980.745224685575,6873.688400361783,58191.969434827486,29095.984717413772,28229.254871866222,9.026971179729402e-05,9.026831473195072e-05,6.727856399928378e-08,3.267494856596184,0.13145996120060022,0.18484805496159717
2018-04-18,2720,rolling,test,pca_only,8,20,log_euclidean,0.01,0.0004981004462198256,4811.659470394892,1696.597988903306,1613.3030673871365,806.6515336935665,350.948157494117,9.626558648604223e-05,9.626418942069892e-05,3.0711349442461616e-06,6.048926987355885,0.18621791555797793,0.5171302987097507
2018-04-18,2720,ewma,test,pca_only,8,20,log_euclidean,0.01,0.00040034973237074536,4587.1328364370775,1669.3685545601043,1799.4571355120297,899.7285677560146,442.22456806449657,8.879707356963996e-05,8.879567650429665e-05,2.632573278824029e-06,5.830376582128029,0.162104446316581,0.47909403302151404
2018-04-18,2720,ledoit_wolf,test,pca_only,8,20,log_euclidean,0.01,0.0002627068848270975,8165.187962454491,823.2898507494002,332.82715862560974,166.41357931280538,-276.02434587587766,4.04999680431092e-05,4.049857097776589e-05,3.17858966900448e-05,3.045692853274757,0.09041052790348927,0.13344627710286025
2018-04-18,2720,oas,test,pca_only,8,20,log_euclidean,0.01,0.0003713915227330518,7426.740615103797,1192.9004839412798,370.479079596891,185.23953979844518,-257.9329024507666,5.223655666633093e-05,5.223515960098762e-05,2.0775076695988983e-05,3.9747260661315584,0.11551275313144213,0.22991288463976228
2018-04-18,2720,shrink,test,pca_only,8,20,log_euclidean,0.01,0.000289799191180696,7942.3405064762555,884.2463384716192,334.6079493453942,167.30397467269762,-275.2927190803344,4.779155890361696e-05,4.779016183827365e-05,2.662762566924475e-05,3.092097369593396,0.13351891388495518,0.17091423174758674
2018-04-18,2720,persistence,test,pca_only,8,20,log_euclidean,0.01,0.0005779462846603369,3430.769439979952,2243.5852486859512,3296.656952073887,1648.3284760369447,1180.612541301341,5.074553330811701e-05,5.07441362427737e-05,7.87770993437981e-07,3.3236276082287035,0.09268090316558567,0.16772839842414883
2018-04-25,2725,D0_pca8,test,pca_only,8,20,log_euclidean,0.01,6.0972395831574303e-05,1981.868988511193,7047.595584147677,88185.60771817296,44092.80385908649,43356.99990119695,0.00014499933720076488,0.0001449979452910076,5.2874882472642635e-08,3.862075763223973,0.1592424608715086,0.2448638462191867
2018-04-25,2725,rolling,test,pca_only,8,20,log_euclidean,0.01,0.0003366606997090804,4843.667276438249,1403.5506577814172,1989.5286510589272,994.7643255294622,535.0347813591861,7.556101141448828e-05,7.555961950473097e-05,1.811602488029378e-06,4.666501500085725,0.15037890898866987,0.36671819341057893
2018-04-25,2725,ewma,test,pca_only,8,20,log_euclidean,0.01,0.00027718694357155874,4617.497456829243,1464.6035819655367,2218.249583921153,1109.124791960578,649.2431830565306,8.58029106798451e-05,8.580151877008779e-05,1.6417529227213398e-06,4.770985199535056,0.16327519958953218,0.3686270507081274
2018-04-25,2725,ledoit_wolf,test,pca_only,8,20,log_euclidean,0.01,0.00014578190031989252,8323.793541903664,651.6744846593313,336.76607112257005,168.38303556128534,-275.6125320596235,3.182717044794079e-05,3.182577853818349e-05,2.433061269835932e-05,2.277897583711231,0.06845356738182193,0.08219821547262847
2018-04-25,2725,oas,test,pca_only,8,20,log_euclidean,0.01,0.0002475776161981284,7394.0511402197935,966.332245528205,382.8836247666526,191.44181238332672,-253.14378335739215,4.138183680111565e-05,4.138044489135835e-05,1.4718604177628919e-05,3.1869407588218635,0.10108563228501288,0.1664863851016361
2018-04-25,2725,shrink,test,pca_only,8,20,log_euclidean,0.01,0.00022703612659403838,7656.167883492125,812.81554390346,351.5112893031507,175.75564465157532,-268.7345004322847,3.969847396405579e-05,3.969708205429849e-05,1.572261502057204e-05,2.792942586542738,0.1563612346264781,0.1681031689134529
2018-04-25,2725,persistence,test,pca_only,8,20,log_euclidean,0.01,0.0002899045703498602,3512.7784622406316,1756.6826862292849,4459.121011290476,2229.560505645247,1770.4305961373598,3.641075084821531e-05,3.640935893845801e-05,4.2734248892068647e-07,2.88359195516094,0.08557680391411145,0.11682817319396434
2018-05-02,2730,D0_pca8,test,pca_only,8,20,log_euclidean,0.01,5.259047369220386e-05,1911.9517101715073,6189.329333111462,76788.6012474128,38394.3006237064,37045.09032240274,6.877135739262486e-05,6.876872755431102e-05,4.352675096848212e-08,3.3485354253463817,0.1621042703786386,0.19190830849043589
2018-05-02,2730,rolling,test,pca_only,8,20,log_euclidean,0.01,0.0002939546944739367,4780.15341658965,960.3527888674616,1730.222505342595,865.1112526713025,403.37073786009086,6.374941000410027e-05,6.374678016578642e-05,1.952716327984284e-06,4.903410998268906,0.169982807043125,0.39369281096202247
2018-05-02,2730,ewma,test,pca_only,8,20,log_euclidean,0.01,0.00018948264561483003,4567.093597408525,888.6384995321979,1975.0191791052775,987.5095895526348,523.630056361214,6.601704821910045e-05,6.601441838078661e-05,1.7016808384788e-06,4.843706358786261,0.17205320294391624,0.37921337238970154
2018-05-02,2730,ledoit_wolf,test,pca_only,8,20,log_euclidean,0.01,0.00011576910193956871,8366.646913296028,535.8587051995191,332.7016327957045,166.35081639785236,-282.40923371324027,3.132171645649458e-05,3.131908661818073e-05,2.5170393501071515e-05,2.1934090370628283,0.06303041670105648,0.07647073152642786
2018-05-02,2730,oas,test,pca_only,8,20,log_euclidean,0.01,0.00021084294496268388,7401.805557798814,659.3893281543454,359.09535036105655,179.54767518052876,-269.99413015911506,3.796707055919744e-05,3.7964440720883586e-05,1.570703398879291e-05,3.268397711230609,0.10452926939046352,0.16573564316157002
2018-05-02,2730,shrink,test,pca_only,8,20,log_euclidean,0.01,0.00020039309526292634,7621.965519200826,584.1703379711523,334.151667929426,167.07583396471273,-282.0592159553497,2.7940755307251e-05,2.7938125468937146e-05,1.596111275053612e-05,2.953586365971841,0.13587296370029664,0.16637112466722728
2018-05-02,2730,persistence,test,pca_only,8,20,log_euclidean,0.01,0.00018218321331933283,3459.7629879168853,979.2857682965281,4215.635042762824,2107.817521381438,1608.8727939361258,5.658545792544526e-05,5.6582828087131406e-05,2.3393824018710374e-07,2.0684823270324793,0.06620049412174324,0.06709812317348231
2018-05-09,2735,D0_pca8,test,pca_only,8,20,log_euclidean,0.01,5.212234999699181e-05,1849.1590068982878,6201.484158818686,77035.37059605772,38517.68529802886,37440.44029854521,7.998168475931652e-05,7.997952802472365e-05,5.1237570407597694e-08,3.7446898101160495,0.1449300272779805,0.22934468622168047
2018-05-09,2735,rolling,test,pca_only,8,20,log_euclidean,0.01,0.00028453212162011404,4736.959023478948,861.8962497562937,1737.821338293663,868.910669146829,405.965241483412,6.968816727172432e-05,6.968601053713145e-05,1.722730788692152e-06,4.835860622095781,0.13668757857745606,0.3531358723966674
2018-05-09,2735,ewma,test,pca_only,8,20,log_euclidean,0.01,0.00012557271085762606,4556.845482433637,762.7976145449754,2152.1408062110586,1076.070403105532,610.0152763807207,6.599537216190045e-05,6.599321542730759e-05,1.3670494529634363e-06,4.684857888139638,0.14640992829279165,0.3377698119896628
2018-05-09,2735,ledoit_wolf,test,pca_only,8,20,log_euclidean,0.01,0.00010905135119182613,8373.767692325991,537.2096622170582,331.6668175077698,165.83340875388487,-283.94046783884033,2.8063895441495324e-05,2.8061738706902463e-05,2.316023395564082e-05,2.0631906120091137,0.06837554813004568,0.07008761292819643
2018-05-09,2735,oas,test,pca_only,8,20,log_euclidean,0.01,0.00020368171911188619,7381.05113438966,619.4619281481721,354.0568402822681,177.02842014113406,-273.4845225428201,3.79781580464832e-05,3.797600131189034e-05,1.4230012909824493e-05,3.1316159035185613,0.08821605599973699,0.15177133900124457
2018-05-09,2735,shrink,test,pca_only,8,20,log_euclidean,0.01,0.00019592181302239149,7606.6251899216395,545.0448395912707,327.1071741455097,163.5535870727546,-286.67647435740184,3.197524411350971e-05,3.1973087378916847e-05,1.4887145537305679e-05,2.7874421870834003,0.16165106684515923,0.14326040620135577
2018-05-09,2735,persistence,test,pca_only,8,20,log_euclidean,0.01,8.953775495277509e-05,3437.3342571429444,915.952966085272,4803.534477355014,2401.7672386775143,1943.7592684186984,3.1492109097293004e-05,3.148995236270014e-05,1.9254524120229863e-07,2.0096561036379104,0.07265896319922603,0.06553628905821078
2018-05-16,2740,D0_pca8,test,pca_only,8,20,log_euclidean,0.01,4.5971206743731405e-05,1847.759237929085,6429.311927022075,45696.04541707619,22848.02270853809,21937.967197130554,6.272829376837178e-05,6.272528587919531e-05,6.289556135475719e-08,3.2747434461525358,0.11419735401212411,0.1684440780016858
2018-05-16,2740,rolling,test,pca_only,8,20,log_euclidean,0.01,0.00027374726216447667,4696.847907650136,815.1795990725378,1704.9245252471078,852.4622626235548,374.4019641160545,5.115910118955371e-05,5.115609330037723e-05,1.7049618768228982e-06,4.784092367127417,0.14029911913550333,0.3572811846826587
2018-05-16,2740,ewma,test,pca_only,8,20,log_euclidean,0.01,9.114321439982021e-05,4496.477799524041,722.3205649678199,2336.228701424615,1168.1143507123118,679.2008395945732,5.161652724706881e-05,5.1613519357892334e-05,1.2050509942083735e-06,4.613781711803783,0.1421404374729765,0.34447980218975804
2018-05-16,2740,ledoit_wolf,test,pca_only,8,20,log_euclidean,0.01,9.955359726047122e-05,8401.813670082161,550.2865132326725,332.85731130314497,166.42865565157211,-284.48876472121844,2.8459043817040877e-05,2.84560359278644e-05,2.1202780628342472e-05,1.8885148451705147,0.07023335003114747,0.060331284743479124
2018-05-16,2740,oas,test,pca_only,8,20,log_euclidean,0.01,0.00019715174331739435,7341.381540485916,601.6009945768296,353.4788553239075,176.73942766195427,-275.49183447166985,3.124096983365951e-05,3.123796194448304e-05,1.3187790938273178e-05,2.952697276960744,0.09802270693389487,0.1381745949408269
2018-05-16,2740,shrink,test,pca_only,8,20,log_euclidean,0.01,0.00019305620721714014,7561.967339824405,530.8316538622819,333.10990659007336,166.55495329503628,-285.364780909887,2.8825358742596772e-05,2.8822350853420294e-05,1.3072383786692935e-05,2.5204971825278415,0.1787644163015846,0.13693005133538938
2018-05-16,2740,persistence,test,pca_only,8,20,log_euclidean,0.01,8.348922988657087e-05,3413.219689506461,959.100040313712,4873.928942438431,2436.9644712192085,1942.98884693399,2.771070203041045e-05,2.770769414123397e-05,1.758709824697658e-07,1.9658626351371709,0.07197551367094221,0.0628444921704113
2018-05-23,2745,D0_pca8,test,pca_only,8,20,log_euclidean,0.01,4.035288051650539e-05,1767.2970218601963,6454.946134601879,39177.906472056326,19588.95323602816,19077.87696220093,9.253099814618448e-05,9.252972245363042e-05,8.797259962664672e-08,3.7499921869208332,0.16415278079460852,0.23546270997129765
2018-05-23,2745,rolling,test,pca_only,8,20,log_euclidean,0.01,0.0002530032587363218,4634.261296383285,813.8475419170443,1452.881958796424,726.440979398205,267.59656292706984,4.607743862337598e-05,4.607616293082193e-05,1.5587492144212564e-06,4.59045521749265,0.14147348985348024,0.33022187695399685
2018-05-23,2745,ewma,test,pca_only,8,20,log_euclidean,0.01,6.755812868296964e-05,4431.493688597509,700.948315162603,2033.0913620110055,1016.5456810054985,555.164120064308,4.2469195964464114e-05,4.246792027191006e-05,1.0567961665088051e-06,4.419442660281683,0.1443348842005821,0.3118863584999599
2018-05-23,2745,ledoit_wolf,test,pca_only,8,20,log_euclidean,0.01,8.626555532153435e-05,8415.344873722535,595.8075831209209,332.8323258703085,166.41616293515438,-287.6431475885797,3.1072513410894144e-05,3.107123771834009e-05,2.0605943150175936e-05,1.9115385164388587,0.07350191080983226,0.05884727937219566
2018-05-23,2745,oas,test,pca_only,8,20,log_euclidean,0.01,0.00017997837567921155,7326.067422864221,609.1851392923229,339.08714003089335,169.54357001544693,-284.7496777175631,3.727338188295778e-05,3.7272106190403725e-05,1.2397622353309379e-05,2.9080523357842734,0.10635192408921906,0.13304821472744166
2018-05-23,2745,shrink,test,pca_only,8,20,log_euclidean,0.01,0.00018004596803736353,7521.776454962545,552.2295213993629,322.12745545375367,161.0637277268768,-293.5490771387842,2.5762433370008175e-05,2.576115767745412e-05,1.2383840576086475e-05,2.498284398032961,0.19094190828278726,0.1337768520991797
2018-05-23,2745,persistence,test,pca_only,8,20,log_euclidean,0.01,7.555146944726999e-05,3267.7024106339095,1054.012002289088,4419.0348990674565,2209.517449533724,1742.4889235623334,3.1773013405687316e-05,3.177173771313326e-05,1.6129162399205179e-07,1.9548657598697816,0.06403065829054783,0.060115917694959886
2018-05-31,2750,D0_pca8,test,pca_only,8,20,log_euclidean,0.01,5.7901919928017145e-05,1808.0737805108665,6660.6704416381735,76337.74487654936,38168.87243827468,37540.40628827197,5.0689767462277176e-05,5.068917057352351e-05,3.748580459369584e-08,3.8011326324784127,0.11875170372306727,0.22051709001375638
2018-05-31,2750,rolling,test,pca_only,8,20,log_euclidean,0.01,0.00012191175178612574,4502.415750874472,936.5805244050393,1815.5425152181358,907.7712576090654,435.7883254311646,5.023842974380148e-05,5.023783285504781e-05,1.6490364804430497e-06,5.260255679936333,0.21441032919265315,0.4401763044140009
2018-05-31,2750,ewma,test,pca_only,8,20,log_euclidean,0.01,6.202835281437599e-05,4319.695490512094,795.7109111440321,2177.543942322179,1088.771971161082,613.2337006049944,4.942640772530983e-05,4.9425810836556164e-05,1.2981472713456548e-06,4.933796780171361,0.18909168174901117,0.39294438588405434
2018-05-31,2750,ledoit_wolf,test,pca_only,8,20,log_euclidean,0.01,8.249496038307598e-05,7141.85776472953,701.0152253702717,336.6039023419679,168.30195117098367,-284.8983186769228,2.1608601559333214e-05,2.1608004670579543e-05,1.342819732245926e-05,3.004183681093206,0.10484700288689308,0.14457733897675995
2018-05-31,2750,oas,test,pca_only,8,20,log_euclidean,0.01,8.688358848530522e-05,7011.588347732164,723.713470569603,347.1288721740443,173.5644360870221,-279.8480558719337,2.3163423464203578e-05,2.3162826575449907e-05,1.2329003178550866e-05,3.164408408462115,0.11011814029884862,0.15974314744822793
2018-05-31,2750,shrink,test,pca_only,8,20,log_euclidean,0.01,6.537805299368044e-05,7438.5885016436905,655.399629433394,317.88329786695004,158.94164893347454,-294.2244379626252,1.9859528084514852e-05,1.985893119576118e-05,1.3482114724465917e-05,2.555566934211952,0.174749594227401,0.1424300988602276
2018-05-31,2750,persistence,test,pca_only,8,20,log_euclidean,0.01,7.685725833696253e-05,3243.535890515953,1064.2364193837245,4990.364190434993,2495.182095217508,2008.4785746884525,3.6441787818684217e-05,3.644119092993055e-05,2.3845924936799956e-07,2.53963097872568,0.08067445098065333,0.09578915655817702
2018-06-07,2755,D0_pca8,test,pca_only,8,20,log_euclidean,0.01,0.012120656137903564,1943.760293280649,8134.284773428121,423685.47358146484,211842.7367907324,200649.83234864485,7.162474152886417e-05,7.161843356242087e-05,7.273788117761166e-08,3.668018258875074,0.18930668341921988,0.22613858577291027
2018-06-07,2755,rolling,test,pca_only,8,20,log_euclidean,0.01,0.01202348662508675,4776.989306511147,1293.5196355414625,23480.568683903264,11740.284341951667,10731.248436731748,5.151278435023124e-05,5.150647638378795e-05,1.1305987578455594e-06,4.705947723207046,0.17119265939825065,0.3414588561860805
2018-06-07,2755,ewma,test,pca_only,8,20,log_euclidean,0.01,0.012001247815676791,4587.80428660507,1194.8232451221706,27005.450111200844,13502.725055600438,12399.500749737083,5.082600269063855e-05,5.081969472419526e-05,9.450933717250695e-07,4.437344041262207,0.16044981400058486,0.3066161472270392
2018-06-07,2755,ledoit_wolf,test,pca_only,8,20,log_euclidean,0.01,0.01201642778896462,7371.213032297919,977.6939505160738,1298.209574421256,649.1047872106274,237.4924375705345,1.8034415581642013e-05,1.8028107615198725e-05,1.2190591834604389e-05,2.6572537619533354,0.10210903177750706,0.10751494472486926
2018-06-07,2755,oas,test,pca_only,8,20,log_euclidean,0.01,0.012016924468582359,7187.013175147616,1019.4036237307541,1566.1545097522655,783.0772548761337,363.9206626655434,2.0782771573580338e-05,2.077646360713705e-05,1.0841087413241627e-05,2.8846777437994535,0.10830970007084041,0.1256893318442795
2018-06-07,2755,shrink,test,pca_only,8,20,log_euclidean,0.01,0.012017016542261755,7374.862016187159,970.8499139329758,1042.8878310179732,521.4439155089866,115.61337165297205,2.6213376170852058e-05,2.620706820440877e-05,1.0714996918466218e-05,2.5116912822236768,0.1499247252652012,0.1358772310628997
2018-06-07,2755,persistence,test,pca_only,8,20,log_euclidean,0.01,0.012023718647604428,3504.4814698231985,1334.9767399905177,39090.46032630936,19545.230163154683,18152.090252388163,6.996070203681662e-05,6.995439407037333e-05,2.027713932724892e-07,2.3989080955977546,0.07062945333748807,0.08365827726659895
2018-06-14,2760,D0_pca8,test,pca_only,8,20,log_euclidean,0.01,0.012151578169437401,1978.058089510293,7530.126882799157,614835.1275060131,307417.5637530066,290654.9352387452,5.19419594792023e-05,5.193390350377463e-05,2.4179888079236467e-08,2.8237925112195437,0.11974666829732976,0.13129671539673862
2018-06-14,2760,rolling,test,pca_only,8,20,log_euclidean,0.01,0.012031320000375031,4733.629027905254,1032.8027666344199,26135.88900648459,13067.944503242277,11976.017193918475,0.0004080916309218255,0.00040808357494639784,7.459150976558709e-07,4.025571148548876,0.13004180156928255,0.2539994195059066
2018-06-14,2760,ewma,test,pca_only,8,20,log_euclidean,0.01,0.012043036776673248,4535.707120775146,1058.7969227639035,29830.463608101418,14915.23180405072,13720.617359728469,0.00029826627761384055,0.0002982582216384129,6.263302402735056e-07,3.9028532550554886,0.1259636940401237,0.24219706134431168
2018-06-14,2760,ledoit_wolf,test,pca_only,8,20,log_euclidean,0.01,0.012044872698939228,7585.911902349911,916.8933216419196,1035.367628569283,517.6838142846407,112.8029033633746,5.757154433903517e-05,5.75634883636075e-05,1.021025075113635e-05,2.027231659986533,0.06541563276803736,0.06374206081276301
2018-06-14,2760,oas,test,pca_only,8,20,log_euclidean,0.01,0.012040118528466485,7320.374792585243,916.6994424093423,1325.1598284376746,662.5799142188384,249.26843648949026,8.907621431864265e-05,8.906815834321499e-05,8.933313240490731e-06,2.339057545720634,0.06804583885617609,0.08172223659892953
2018-06-14,2760,shrink,test,pca_only,8,20,log_euclidean,0.01,0.012042832968653189,7226.482327980042,915.4585555301071,1146.673198707065,573.3365993535315,163.84653963651766,9.226173499929992e-05,9.225367902387226e-05,8.164978325084427e-06,2.313558794828505,0.12474193299411665,0.1027931498058848
2018-06-14,2760,persistence,test,pca_only,8,20,log_euclidean,0.01,0.012037577788941491,3436.574741548534,1227.2440708461006,39483.973885403786,19741.98694270185,18281.868435407647,7.042940376121438e-05,7.042134778578671e-05,2.3517025470690395e-07,2.463074000920721,0.08359021264161404,0.09814424460935596
2018-06-21,2765,D0_pca8,test,pca_only,8,20,log_euclidean,0.01,0.012160182401169959,1928.3428285478822,7312.85001833478,858732.1223589252,429366.0611794626,405885.645788093,6.127448840476305e-05,6.126805843826673e-05,3.2921380391205525e-08,3.7349736626421497,0.158888354526013,0.22520657793199164
2018-06-21,2765,rolling,test,pca_only,8,20,log_euclidean,0.01,0.012057971472369798,4757.727787896438,994.235662399448,27319.60276868169,13659.80138434083,12547.705539290675,0.000190141054153265,0.00019013462418676868,7.249597620126004e-07,4.375375558456524,0.14270330902891454,0.2782394450302603
2018-06-21,2765,ewma,test,pca_only,8,20,log_euclidean,0.01,0.012076722520891304,4548.70861591167,1030.6405274437357,30624.64258495494,15312.321292477507,14105.771996981843,0.00012712636063113875,0.00012711993066464244,6.297793834686995e-07,4.1567541842088644,0.1384112403978449,0.2582040053044963
2018-06-21,2765,ledoit_wolf,test,pca_only,8,20,log_euclidean,0.01,0.012076345852077926,7577.5641843065705,951.504612459261,1002.7698973001302,501.38494865006453,97.60278362120671,1.653919377449267e-05,1.653276380799635e-05,8.662998056963084e-06,1.7554653048724544,0.06304953715668012,0.04680873179724994
2018-06-21,2765,oas,test,pca_only,8,20,log_euclidean,0.01,0.012073732895556853,7471.3071842428,942.8388446589381,1099.9849540908951,549.9924770454484,143.40107863803715,2.0103306249201763e-05,2.0096876282705444e-05,8.408760347272934e-06,1.8874369315127437,0.06497608545104774,0.052892299304359035
2018-06-21,2765,shrink,test,pca_only,8,20,log_euclidean,0.01,0.01207007811621322,7122.965693374281,934.4601299444405,1262.553412226511,631.2767061132558,218.66188799371676,3.3536227968888015e-05,3.3529798002391696e-05,6.56012200032217e-06,2.1178138716020696,0.12073966263654912,0.08308362599506139
2018-06-21,2765,persistence,test,pca_only,8,20,log_euclidean,0.01,0.012041138678747065,3386.640447574191,1267.9599967381278,42887.21434844773,21443.607174223773,19895.140050478978,7.232425457878373e-05,7.231782461228741e-05,1.3804177518799228e-07,2.104603554810579,0.06302310562483258,0.06244405176711589
2018-06-28,2770,D0_pca8,test,pca_only,8,20,log_euclidean,0.01,0.012171066853543565,2039.184122659312,8221.729793150067,680857.8886674168,340428.9443337084,322294.38888853625,0.0005419952130029181,0.0005419884124449601,4.98389816887546e-08,3.984611345989568,0.1611624515085603,0.2552668645493377
2018-06-28,2770,rolling,test,pca_only,8,20,log_euclidean,0.01,0.01209665389134083,4944.331445421157,1056.807760358745,25872.47930333946,12936.239651669735,11879.929095808144,4.323434998525301e-05,4.322754942729505e-05,6.140702146843133e-07,3.7687242601474957,0.13478248657801528,0.22503160517233595
2018-06-28,2770,ewma,test,pca_only,8,20,log_euclidean,0.01,0.012120865412884636,4717.2255952884125,1190.7709093320943,26643.046614795287,13321.52330739767,12238.35844644581,3.980011669819963e-05,3.979331614024167e-05,5.799961635171527e-07,3.654183093017566,0.1316520804789802,0.20935959177073166
2018-06-28,2770,ledoit_wolf,test,pca_only,8,20,log_euclidean,0.01,0.012100488309680722,7658.992479743967,858.565126738988,1040.0467923187964,520.0233961593979,118.22189229273685,1.4187086556271177e-05,1.418028599831321e-05,8.196989121026823e-06,1.7181673188536968,0.07215302111152462,0.047951101868557784
2018-06-28,2770,oas,test,pca_only,8,20,log_euclidean,0.01,0.01209950710968373,7552.791988552748,865.8880197249798,1143.1762230586914,571.5881115293454,166.89609952326714,1.5629658874104275e-05,1.562285831614631e-05,7.854511504054322e-06,1.8232501973132333,0.0751709787861148,0.05350789615575116
2018-06-28,2770,shrink,test,pca_only,8,20,log_euclidean,0.01,0.01209941604993031,7229.335008573898,893.3701262234497,1319.1748897400498,659.5874448700249,248.23998449756863,2.452744718696782e-05,2.4520646629009854e-05,5.750477745636478e-06,1.9467486604388997,0.11092657350692384,0.08457159043216253
2018-06-28,2770,persistence,test,pca_only,8,20,log_euclidean,0.01,0.01213491425226373,3610.7171193422573,1408.102317785329,47939.71491772454,23969.857458862294,22348.2894080939,1.1359605939457995e-05,1.1352805381500029e-05,8.47195530290806e-08,1.5102944569583951,0.06931685210289502,0.03666890385322801
2018-07-06,2775,D0_pca8,test,pca_only,8,20,log_euclidean,0.01,9.669921865926e-05,1944.64938815959,7344.984502254962,153302.2292717891,76651.11463589454,74465.23919580174,4.2833208600230325e-05,4.2832511606394035e-05,2.2882818737684377e-08,3.638362069323413,0.13096013304507012,0.20849145972864255
2018-07-06,2775,rolling,test,pca_only,8,20,log_euclidean,0.01,0.0019222205548145945,5024.696964317687,955.2539487109525,1784.5059442044917,892.2529721022363,428.7240531479862,5.198586351046693e-05,5.198516651663064e-05,1.1746481960764433e-06,3.142366556290689,0.11014582966260694,0.15796370793024817
2018-07-06,2775,ewma,test,pca_only,8,20,log_euclidean,0.01,0.016295024732717225,4821.838147224184,1215.7315092646784,976.0141206298194,488.00706031491455,37.501369385310944,4.5020924687023165e-05,4.5020227693186875e-05,2.0588540660443997e-06,2.5442063690146397,0.08437684110943608,0.10579329132600321
2018-07-06,2775,ledoit_wolf,test,pca_only,8,20,log_euclidean,0.01,0.0005627946368551317,9163.143303085284,782.2471610033576,350.45338544990904,175.226692724954,-264.5835665952267,2.6874196560820436e-05,2.6873499566984146e-05,1.3253480855649567e-05,1.1918365106710223,0.0472130306101508,0.021611116149163067
2018-07-06,2775,oas,test,pca_only,8,20,log_euclidean,0.01,0.001617813936403415,7229.802967809847,845.2848957930851,472.07125295876153,236.03562647938188,-206.879480419552,3.969520083105799e-05,3.96945038372217e-05,5.358618093376871e-06,2.212965043624567,0.07997316151159271,0.08281720350799257
2018-07-06,2775,shrink,test,pca_only,8,20,log_euclidean,0.01,0.0012447507664873159,7589.698132828587,783.4526233297654,413.22606611499316,206.61303305749686,-235.17689634101276,3.2553988961158305e-05,3.2553291967322015e-05,5.5831548866805785e-06,1.7888066512688827,0.12376513358273744,0.0768292142414197
2018-07-06,2775,persistence,test,pca_only,8,20,log_euclidean,0.01,0.012147239459030868,3715.1917092082185,1385.8722608626763,1534.8114454632448,767.4057227316066,313.29060358283675,1.8366122944689517e-05,1.8365425950853227e-05,4.4259246370712765e-07,1.510888541370653,0.05339816139410374,0.03319484227766143
2018-07-13,2780,D0_pca8,test,pca_only,8,20,log_euclidean,0.01,9.340245451825428e-05,2031.865234877709,8384.297906739483,103196.78673110271,51598.39336555134,50249.7116928222,9.63905119025454e-05,9.638993673432952e-05,5.175341494207497e-08,3.5162613834400926,0.23943503218455298,0.24194470469620308
2018-07-13,2780,rolling,test,pca_only,8,20,log_euclidean,0.01,0.0019225743014505393,5008.0405840503845,1089.2036092812875,1894.897870302123,947.4489351510492,494.8014476536641,4.22800667227131e-05,4.227949155449722e-05,1.3619146377132192e-06,3.2839300569209477,0.11323892172622219,0.17912219928591874
2018-07-13,2780,ewma,test,pca_only,8,20,log_euclidean,0.01,0.008834941352264326,4794.921443294036,1352.0361015878275,1232.391984237196,616.1959921186094,170.13460445316542,3.946878159917031e-05,3.946820643095443e-05,1.870086401809121e-06,2.7848768196719074,0.09291370771638567,0.11899031434346276
2018-07-13,2780,ledoit_wolf,test,pca_only,8,20,log_euclidean,0.01,0.0005623575414720062,9117.698710585475,743.4916726061565,348.75373755511634,174.37686877755795,-263.5079402288741,2.286246035346045e-05,2.2861885185244575e-05,1.3011389188690101e-05,1.1947642144966504,0.05225464767937652,0.02169303781000776
2018-07-13,2780,oas,test,pca_only,8,20,log_euclidean,0.01,0.001623737453003403,7156.003615526034,913.7409794439362,492.2382001813053,246.11910009065397,-193.76701019964483,3.199279816186371e-05,3.1992222993647834e-05,5.58294800087032e-06,2.271705787641394,0.0791722352664237,0.08383711885183079
2018-07-13,2780,shrink,test,pca_only,8,20,log_euclidean,0.01,0.0012446320989875825,7489.440893618981,836.4692036607328,443.85643320607073,221.928216603035,-217.32941682829588,2.7872078843590148e-05,2.7871503675374274e-05,5.476092718775235e-06,1.8901142717897381,0.10740033692695657,0.08100457466378448
2018-07-13,2780,persistence,test,pca_only,8,20,log_euclidean,0.01,0.01216911131167458,3745.5029517599733,1549.1292084165627,1573.4103841622018,786.7051920810867,336.2014033904758,2.3403830690316443e-05,2.340325552210057e-05,4.994230208926584e-07,1.5611644093086805,0.07393659096195179,0.037079130655271575
2018-07-20,2785,D0_pca8,test,pca_only,8,20,log_euclidean,0.01,0.00012374523654172894,2062.3841615548827,7605.494045706702,102110.65747624608,51055.32873812305,49799.78510511329,6.045637401900941e-05,6.0454842574961666e-05,4.2884787067572104e-08,3.244361243475772,0.11542527751048665,0.16737132572514998
2018-07-20,2785,rolling,test,pca_only,8,20,log_euclidean,0.01,0.0019296812225957512,4944.0045285019505,1009.956941707758,2065.0788130747283,1032.5394065373894,583.4243977107685,6.30676331833406e-05,6.306610173929285e-05,1.2454359508087032e-06,3.1688466515701688,0.12232577739415489,0.16847407740280393
2018-07-20,2785,ewma,test,pca_only,8,20,log_euclidean,0.01,0.004811359285379393,4755.808009571576,1197.8153840217594,1662.7326490796827,831.3663245398473,391.92452867821834,5.0426786190715226e-05,5.042525474666748e-05,1.4001884217383605e-06,2.6514449871758985,0.09220784645091594,0.11569445975513136
2018-07-20,2785,ledoit_wolf,test,pca_only,8,20,log_euclidean,0.01,0.0005811678607585784,9074.045594487421,758.6259763950663,338.86453672317384,169.43226836158715,-259.90195245453583,3.087698007569476e-05,3.0875448631647015e-05,1.2261939597502666e-05,1.1688896995410223,0.052964229314991534,0.020785488300997326
2018-07-20,2785,oas,test,pca_only,8,20,log_euclidean,0.01,0.0016382492748234416,7075.633511946629,856.0537866975802,515.7714089797377,257.8857044898697,-173.66198362249423,4.442836208948484e-05,4.4426830645437095e-05,5.134182720286786e-06,2.163664731166117,0.08789319751618822,0.0819380626821283
2018-07-20,2785,shrink,test,pca_only,8,20,log_euclidean,0.01,0.001259419370501216,7401.438240012847,794.2630475436808,460.76302304972955,230.38151152486506,-199.6151429282114,3.4270938220963176e-05,3.426940677691543e-05,4.850607286149555e-06,1.8599304021175809,0.11057651392659783,0.0798004609750479
2018-07-20,2785,persistence,test,pca_only,8,20,log_euclidean,0.01,0.012183888813078168,3737.516457550011,1491.8026368864557,1780.529409596411,890.2647047981969,450.5695823233693,4.1442609709902616e-05,4.144107826585487e-05,4.610515658972243e-07,1.4936164304985935,0.06429388463112878,0.03442433081864165
2018-07-27,2790,D0_pca8,test,pca_only,8,20,log_euclidean,0.01,8.707807267226978e-05,1954.336172692826,6173.29055583753,149225.63670747398,74612.81835373699,73676.74920042933,7.530130995047051e-05,7.530007639186443e-05,2.8793411041914814e-08,3.7800347614735337,0.1696880851915161,0.23859085126586774
2018-07-27,2790,rolling,test,pca_only,8,20,log_euclidean,0.01,0.0018879266948300304,4837.466129386139,886.2939809669188,1503.710753075024,751.8553765375354,303.5115191422395,7.691908003817619e-05,7.691784647957011e-05,1.2392346076564942e-06,3.1099615799638953,0.11964795278095305,0.16375744055949423
2018-07-27,2790,ewma,test,pca_only,8,20,log_euclidean,0.01,0.0026430462156230416,4658.0547231364535,1064.4244551543943,1413.0199784102751,706.5099892051381,259.90288605636397,5.5682104537282544e-05,5.5680870978676465e-05,1.1274942233180976e-06,2.6391578347209315,0.08658398508415821,0.10615303125259783
2018-07-27,2790,ledoit_wolf,test,pca_only,8,20,log_euclidean,0.01,0.0005391138220945947,9124.111081791558,781.261389154105,341.22575229206603,170.6128761460334,-268.20447384049396,2.6585718523689393e-05,2.658448496508331e-05,1.213912420645231e-05,1.1574598757288024,0.05026960789245776,0.019924422309327824
2018-07-27,2790,oas,test,pca_only,8,20,log_euclidean,0.01,0.0015878567622015268,7129.096043281512,783.87972122742,420.54960149699036,210.2748007484958,-229.571888794363,4.2827868964829395e-05,4.282663540622332e-05,5.272960893821286e-06,2.170223441473211,0.0788457011593093,0.07752465699719378
2018-07-27,2790,shrink,test,pca_only,8,20,log_euclidean,0.01,0.0012169091144896506,7422.665624684309,739.3188727528398,390.11409071464936,195.05704535732468,-244.41419203512092,3.071392977506704e-05,3.071269621646096e-05,4.8399199216065075e-06,1.8268344549903952,0.11415778027452886,0.08221591436274155
2018-07-27,2790,persistence,test,pca_only,8,20,log_euclidean,0.01,0.012159402892315894,3679.485512866692,1368.0969620248588,1395.5846528613722,697.7923264306955,249.69731746856692,3.177713938074991e-05,3.1775905822143835e-05,4.4569616881181337e-07,1.4148062455661217,0.056094210034432566,0.032458596406034615
2018-08-03,2795,D0_pca8,test,pca_only,8,20,log_euclidean,0.01,5.66486226044541e-05,1942.696563501024,6488.198122210513,99393.30397871067,49696.65198935533,49064.02055510774,7.933266419216837e-05,7.933131708204715e-05,3.944490655501144e-08,4.068752975127845,0.17853685602845834,0.289438653293855
2018-08-03,2795,rolling,test,pca_only,8,20,log_euclidean,0.01,0.0018738611932436118,4736.346194194341,844.8914695741496,1108.309789883759,554.1548949418866,102.21796382053166,1.7710769942844803e-05,1.770942283272358e-05,9.317747683492345e-07,2.779173988675836,0.08217384820012763,0.12268975301426707
2018-08-03,2795,ewma,test,pca_only,8,20,log_euclidean,0.01,0.0014671317205917878,4578.459986108102,1064.705654932765,1188.3186497597233,594.1593248798655,140.42100696821396,1.8719652423855942e-05,1.871830531373472e-05,8.000197863856215e-07,2.4072351720905965,0.09005901524885107,0.09385767469871581
2018-08-03,2795,ledoit_wolf,test,pca_only,8,20,log_euclidean,0.01,0.0005210881027623243,9169.770488937838,845.3630403082575,353.7832420626411,176.89162103132065,-273.8010789404277,1.919838361758631e-05,1.9197036507465087e-05,1.1875389980226167e-05,1.228867837378731,0.04494281896029622,0.020730208508492963
2018-08-03,2795,oas,test,pca_only,8,20,log_euclidean,0.01,0.001563986245909744,7193.283445905248,789.8076206051122,371.83702771337767,185.9185138566899,-265.04690936414016,1.7471356719760948e-05,1.7470009609639724e-05,4.441516163776992e-06,2.0620564594042072,0.07032271075928834,0.06749372892360632
2018-08-03,2795,shrink,test,pca_only,8,20,log_euclidean,0.01,0.0011991837944222527,7536.888333304334,749.7968555716477,343.28960031581295,171.64480015790664,-279.3172256649957,1.6528369112099502e-05,1.652702200197828e-05,4.853449836593765e-06,1.7506363209313125,0.11646541268771662,0.07284684737072496
2018-08-03,2795,persistence,test,pca_only,8,20,log_euclidean,0.01,0.00011866269061342369,3418.0693624322826,1111.5043453990545,4733.976920959621,2366.988460479796,1897.4044000764056,2.2823100912657e-05,2.2821753802535776e-05,1.0782458821062766e-07,1.5508806427637263,0.05640079257940939,0.035829042492714624
2018-08-10,2800,D0_pca8,test,pca_only,8,20,log_euclidean,0.01,6.856210703670311e-05,1815.8527129434087,5940.657432191095,143107.55936630766,71553.77968315383,72193.13942748359,4.234869549091785e-05,4.2346274260091563e-05,1.7083061732374333e-08,3.20188480439045,0.13430189551650948,0.18532625412646025
2018-08-10,2800,rolling,test,pca_only,8,20,log_euclidean,0.01,0.0018675084013032933,4809.386852202656,887.497185852306,1179.3028291657229,589.6514145828493,141.1631450824396,2.5286152084926736e-05,2.528373085410045e-05,5.856717852189131e-07,2.2425362717871815,0.10003558789719344,0.08035856446435169
2018-08-10,2800,ewma,test,pca_only,8,20,log_euclidean,0.01,0.000814579969168601,4623.569783566777,977.7335316662377,1446.3408672635096,723.1704336317669,276.0678794855879,2.439456715009606e-05,2.4392145919269773e-05,4.828394539990384e-07,2.154410031043292,0.09904796814599823,0.07528261624240612
2018-08-10,2800,ledoit_wolf,test,pca_only,8,20,log_euclidean,0.01,0.0005184216087372751,9174.77383761874,856.3014678383888,350.63797765123377,175.31898882561717,-272.3400797588654,2.0100121621923972e-05,2.0097700391097686e-05,1.0208761340379712e-05,1.1937516319648251,0.04340759072599202,0.019849041025432387
2018-08-10,2800,oas,test,pca_only,8,20,log_euclidean,0.01,0.0015613901211738832,7200.2366739416575,829.2370072525507,377.8248810226232,188.9124405113108,-258.8701683261399,2.2043817732204266e-05,2.204139650137798e-05,3.0921026727638738e-06,1.8497030848020706,0.08041089235980428,0.05253648623096613
2018-08-10,2800,shrink,test,pca_only,8,20,log_euclidean,0.01,0.001197610540233627,7519.019660945905,784.6820999051224,342.9345092011073,171.46725460055399,-276.28246711500884,1.7610156705309006e-05,1.760773547448272e-05,3.134762156980997e-06,1.588541077375794,0.1366546878712729,0.06524536395366455
2018-08-10,2800,persistence,test,pca_only,8,20,log_euclidean,0.01,0.00012254595633467164,3506.265335005537,1198.248595745067,5003.079697725331,2501.539848862633,2080.0383940689753,2.6475622396320442e-05,2.6473201165494156e-05,8.901993273814758e-08,1.3507867355704288,0.05383820239145652,0.02893272476701146
2018-08-17,2805,D0_pca8,test,pca_only,8,20,log_euclidean,0.01,3.741398592186411e-05,1851.8338085706016,8164.42800295121,59928.22354961024,29964.111774805122,29327.721246659297,5.7168874599591546e-05,5.716834672740648e-05,5.1517083250091613e-08,3.984351208989784,0.19111764900715472,0.25406520722592474
2018-08-17,2805,rolling,test,pca_only,8,20,log_euclidean,0.01,0.0018533856780052422,4670.414732301676,862.4743746986666,990.9199234665302,495.45996173326984,36.06788824480137,1.3215142777063713e-05,1.3214614904878645e-05,6.388918621275442e-07,2.4139884833139797,0.08169876650158657,0.08743451031549807
2018-08-17,2805,ewma,test,pca_only,8,20,log_euclidean,0.01,0.00047268675178357245,4477.051187601489,885.8955375371687,1314.929182365113,657.4645911825475,196.07383188974478,1.0548752492642218e-05,1.054822462045715e-05,5.075162372316243e-07,2.434123674135298,0.08149508987124693,0.09239221828575948
2018-08-17,2805,ledoit_wolf,test,pca_only,8,20,log_euclidean,0.01,0.0004979712008931413,9181.479013035105,751.0577949072544,364.3910054422916,182.19550272114543,-276.225797037876,6.804056626150652e-06,6.803528753965586e-06,1.0664836663917321e-05,1.1660852290452162,0.03884754496518303,0.019747333704262064
2018-08-17,2805,oas,test,pca_only,8,20,log_euclidean,0.01,0.001542772056105832,7191.4086879706865,784.0021419092539,362.2114870813491,181.10574354067523,-277.4351480142393,9.440628074890607e-06,9.44010020270554e-06,3.4482360687540044e-06,1.9270067186524782,0.07261692317530394,0.0567000341895873
2018-08-17,2805,shrink,test,pca_only,8,20,log_euclidean,0.01,0.0011790558025263043,7512.782564247016,726.9221524605803,335.0431099813418,167.52155499067123,-291.3853840951831,1.0927347554076982e-05,1.0926819681891915e-05,3.3303041905680574e-06,1.6873277206273751,0.14434818567473132,0.07114422159378912
2018-08-17,2805,persistence,test,pca_only,8,20,log_euclidean,0.01,0.00012704430282023727,3383.663051575483,1078.162754203535,3356.432186679419,1678.2160933397004,1249.3508522729073,2.2628974914943717e-05,2.262844704275865e-05,1.7246600297449215e-07,1.7810217884729609,0.05458090926007159,0.04734383392421853
2018-08-24,2810,D0_pca8,test,pca_only,8,20,log_euclidean,0.01,3.996859165747986e-05,1747.4164809044025,7138.239316067534,125664.2030619135,62832.101530956745,60885.69148275971,3.7515697800323975e-05,3.751527206491371e-05,1.946045495737569e-08,3.690976146444303,0.12597642428310846,0.22587362823877796
2018-08-24,2810,rolling,test,pca_only,8,20,log_euclidean,0.01,0.0018633239990635683,4696.172238283118,851.540739327792,966.0362170992671,483.01810854962133,17.803071220055756,1.8134250122837755e-05,1.813382438742749e-05,6.974175648427146e-07,2.434913884837416,0.08860044232834138,0.09311390908814438
2018-08-24,2810,ewma,test,pca_only,8,20,log_euclidean,0.01,0.0002753552427163557,4490.498708818496,803.0630196635902,1483.1293170085858,741.5646585043028,271.9461759021752,1.3663338203758321e-05,1.366291246834806e-05,4.767952618706876e-07,2.5583539687745467,0.0923204480006837,0.10202249788122798
2018-08-24,2810,ledoit_wolf,test,pca_only,8,20,log_euclidean,0.01,0.0005030319561188877,9194.05095940114,755.3011468433053,365.5131810048736,182.75659050243638,-276.4263608703495,8.620604109813674e-06,8.620178374403412e-06,1.0923089155678229e-05,1.1447760111603262,0.03825797655543758,0.01950840038705806
2018-08-24,2810,oas,test,pca_only,8,20,log_euclidean,0.01,0.0015502366699536889,7214.752785311625,779.1098422691896,360.45410030492263,180.2270501524616,-279.75553988731366,1.216289997046966e-05,1.2162474235059398e-05,3.6729219427556527e-06,1.907976710221826,0.07711563197032918,0.05896187076652149
2018-08-24,2810,shrink,test,pca_only,8,20,log_euclidean,0.01,0.0011881958703475587,7546.919950447866,721.1791045870365,342.4189158491156,171.20945792455763,-288.86125766830804,1.3163282765715464e-05,1.3162857030305202e-05,3.417877529004949e-06,1.6534741525191914,0.1821126598029147,0.08067967591746411
2018-08-24,2810,persistence,test,pca_only,8,20,log_euclidean,0.01,9.339710572643798e-05,3282.7190619510584,999.7612206962478,3820.784991819202,1910.3924959096032,1423.4845072531825,2.1179954323400843e-05,2.117952858799058e-05,1.4602578129706956e-07,1.8621359045768997,0.05312403746592816,0.048666378615457716
2018-08-31,2815,D0_pca8,test,pca_only,8,20,log_euclidean,0.01,3.6896121446053525e-05,1831.2611163776014,8743.043979526608,51648.96544154137,25824.4827207707,25004.73130440283,2.9051971498886278e-05,2.90515756167807e-05,7.158613545773343e-08,4.051910059637723,0.12725336570872342,0.2620848505528459
2018-08-31,2815,rolling,test,pca_only,8,20,log_euclidean,0.01,0.0018736000855143061,4689.384682397327,875.2929032886791,967.9884569103515,483.9942284551881,22.63098613404725,3.178952925920113e-05,3.178913337709555e-05,7.076192963917611e-07,2.4533725922834373,0.08851631272683382,0.09403675208607368
2018-08-31,2815,ewma,test,pca_only,8,20,log_euclidean,0.01,0.00016829846898187676,4453.323903261842,776.826184565193,1645.7411593009538,822.8705796504844,356.1849175192035,2.8527671895642767e-05,2.852727601353719e-05,4.0585556925586793e-07,2.500585847285238,0.08173379563121712,0.10279525505345544
2018-08-31,2815,ledoit_wolf,test,pca_only,8,20,log_euclidean,0.01,0.0005071656941877911,9209.36657226858,675.9815106970402,363.43103525421867,181.7155176271088,-275.5475969547791,7.329646354939017e-06,7.329250472833438e-06,1.1222816614428343e-05,1.1690775303004484,0.03750551517177675,0.020179392647248936
2018-08-31,2815,oas,test,pca_only,8,20,log_euclidean,0.01,0.0015568333727263165,7243.473216865987,768.496935637296,359.0939955290893,179.54699776454385,-278.2754903444162,1.8992061766961314e-05,1.8991665884855737e-05,3.7469723148824275e-06,1.9246748613656894,0.07422418540862029,0.05910672369588383
2018-08-31,2815,shrink,test,pca_only,8,20,log_euclidean,0.01,0.0011950295739811456,7559.4936658369725,702.7667539823686,342.1203618536613,171.06018092683055,-286.7755298368303,1.8983622374568272e-05,1.8983226492462695e-05,3.6039765929256684e-06,1.6921549368208282,0.1606441707964294,0.07612270670066648
2018-08-31,2815,persistence,test,pca_only,8,20,log_euclidean,0.01,6.866246993677833e-05,3173.8956618676466,1058.8663947047914,4763.526153277587,2381.763076638791,1901.1864264751107,1.871633714481269e-05,1.8715941262707113e-05,1.2850344637164907e-07,1.9404525133972752,0.05511508063024694,0.05414499456365551
2018-09-10,2820,D0_pca8,test,pca_only,8,20,log_euclidean,0.01,3.489499409393758e-05,1781.6430117174687,7986.147060985586,61336.81960082345,30668.409800411722,29470.743469466932,3.571375620474617e-05,3.5713299016136e-05,3.6064991666126284e-08,3.465294916083164,0.1370213583338021,0.19643706393667754
2018-09-10,2820,rolling,test,pca_only,8,20,log_euclidean,0.01,0.001861915730508496,4777.999059132038,865.1646657154693,963.015089959926,481.5075449799357,13.04649279515331,3.334460990212941e-05,3.334415271351924e-05,8.768767061181706e-07,2.6679781191359506,0.0951127918133536,0.11282837419117112
2018-09-10,2820,ewma,test,pca_only,8,20,log_euclidean,0.01,0.0001065432953622387,4537.459702561673,768.1448217002229,1783.2675277492344,891.6337638746112,414.0834175000653,3.569351583510851e-05,3.569305864649834e-05,4.464905255461569e-07,2.7375870943127643,0.10484984474551087,0.11854028723052445
2018-09-10,2820,ledoit_wolf,test,pca_only,8,20,log_euclidean,0.01,0.000500496546316868,9185.59878752868,764.8509187268705,364.14178207909333,182.0708910395466,-277.5516168317973,9.06399754981817e-06,9.063540361207996e-06,1.0474845961801065e-05,1.1466961046163213,0.03147339233561452,0.01833636914006531
2018-09-10,2820,oas,test,pca_only,8,20,log_euclidean,0.01,0.0015515585225193015,7207.359017771694,792.6965722878831,358.59672071797445,179.29836035898714,-281.6229834226434,1.765480322292462e-05,1.7654346034314444e-05,4.016631003805792e-06,1.9590088999566335,0.06512390213437341,0.058762040335935586
2018-09-10,2820,shrink,test,pca_only,8,20,log_euclidean,0.01,0.001188191150445144,7496.14991840373,738.8739255765361,348.85684662588955,174.4284233129448,-286.39745150677254,1.8752533216509604e-05,1.875207602789943e-05,3.6416788741987525e-06,1.7433068504425622,0.13132047323702725,0.07470087674636987
2018-09-10,2820,persistence,test,pca_only,8,20,log_euclidean,0.01,6.204144639400326e-05,3199.3078499756557,960.7852147079069,3987.738943269321,1993.8694716346422,1504.7595227073084,1.4180295587585224e-05,1.4179838398975051e-05,1.5480374217894887e-07,1.975673558947056,0.06334253971755774,0.06081040679383367
2018-09-17,2825,D0_pca8,test,pca_only,8,20,log_euclidean,0.01,0.00017554888062327708,1853.7435347730197,4568.761014788965,135148.00360904576,67574.00180452288,64927.74470269876,0.00010987133574955336,0.00010986742629972136,2.4517345558432177e-08,3.798711717588973,0.2196458845548941,0.260930316337311
2018-09-17,2825,rolling,test,pca_only,8,20,log_euclidean,0.01,0.00013290404548689107,4607.158230502228,1144.652376439893,2632.591240317107,1316.295620158548,833.0647169226957,7.513958787101111e-05,7.513567842117912e-05,3.636516151527302e-07,2.909092062603672,0.08868397185687868,0.13153094027052567
2018-09-17,2825,ewma,test,pca_only,8,20,log_euclidean,0.01,0.00013869956762757333,4387.022880660976,1245.5899723177388,2859.0594014402495,1429.529700720123,940.788918815538,6.969608860158842e-05,6.969217915175643e-05,3.209151350092473e-07,2.8679722159157786,0.09479295347456296,0.1275174056494194
2018-09-17,2825,ledoit_wolf,test,pca_only,8,20,log_euclidean,0.01,0.00014869999928919346,7898.736469148546,1391.040560500821,309.6237532214843,154.8118766107424,-285.7399188661967,5.727118717878543e-05,5.726727772895345e-05,6.03291945379381e-06,1.3358983582165853,0.04045228665831507,0.025448995867488184
2018-09-17,2825,oas,test,pca_only,8,20,log_euclidean,0.01,0.00014241728300490284,7622.760099513952,1306.0386309690716,312.1163209342928,156.05816046714654,-284.8551095826597,5.6336236895375695e-05,5.633232744554371e-05,5.59073797551075e-06,1.5315275784685431,0.04867531835912679,0.03391669012216523
2018-09-17,2825,shrink,test,pca_only,8,20,log_euclidean,0.01,0.00014012940729625324,7061.350490567556,1212.8099904723133,341.97403578830966,170.98701789415463,-271.25970645699675,6.552445660515663e-05,6.552054715532464e-05,3.5477136284641425e-06,1.7806167957878503,0.09686216325797363,0.0662169982409397
2018-09-17,2825,persistence,test,pca_only,8,20,log_euclidean,0.01,0.0001382882212318364,3210.3988511850444,1464.6332433699176,6791.6123352845825,3395.8061676423,2871.695789401721,5.2768387713665976e-05,5.276447826383399e-05,6.03296820968867e-08,1.4127637156948303,0.05865177021822719,0.02974569293241204
2018-09-24,2830,D0_pca8,test,pca_only,8,20,log_euclidean,0.01,0.0002826600692218936,1827.2981594553794,3269.541437523297,123248.09334414832,61624.04667207416,59122.28912674781,8.728885811539093e-05,8.728489941560806e-05,2.079184574285618e-08,3.299050253096551,0.11740923325195739,0.17927138758508443
2018-09-24,2830,rolling,test,pca_only,8,20,log_euclidean,0.01,0.00023122010087692674,4635.49321129079,1428.14999956236,3098.0746854304143,1549.0373427152103,1045.3547848015703,8.575841884425018e-05,8.575446014446731e-05,3.006935230520702e-07,2.7124671946383994,0.08158091104588243,0.11062989740496608
2018-09-24,2830,ewma,test,pca_only,8,20,log_euclidean,0.01,0.00022822615226694126,4416.492638821041,1409.2463641565562,3453.699615749432,1726.8498078747075,1217.5234742428127,7.766190879895346e-05,7.76579500991706e-05,2.620630096877038e-07,2.666363689847137,0.09623234115860399,0.11268966354585835
2018-09-24,2830,ledoit_wolf,test,pca_only,8,20,log_euclidean,0.01,0.00025671767808660884,7901.365729629414,1644.1855801568208,311.82166770395315,155.91083385197655,-276.8932392233886,8.63988881662248e-05,8.639492946644194e-05,5.150158863240539e-06,1.304027467279089,0.036042664926750255,0.022984800532083797
2018-09-24,2830,oas,test,pca_only,8,20,log_euclidean,0.01,0.0002476909085697734,7621.453806346883,1564.4626531533277,317.86089506197976,158.9304475309901,-274.44980497993595,8.465869429273865e-05,8.465473559295578e-05,4.681375463177447e-06,1.47853040378911,0.04156154129565332,0.030235876064568037
2018-09-24,2830,shrink,test,pca_only,8,20,log_euclidean,0.01,0.00024225207239026152,7054.9441306113895,1484.7885971738613,365.93101780772133,182.96550890386035,-251.9213931025121,8.600031348351537e-05,8.59963547837325e-05,3.095437879378804e-06,1.6712286657640532,0.09081877473882892,0.056380897009871235
2018-09-24,2830,persistence,test,pca_only,8,20,log_euclidean,0.01,0.00024247552388549745,3209.850210637278,1666.8697929530751,8267.161631963336,4133.580815981644,3599.062474160877,8.763007297843227e-05,8.76261142786494e-05,5.412811490777023e-08,1.364060187558987,0.047142764123145914,0.026934980834601302
2018-10-01,2835,D0_pca8,test,pca_only,8,20,log_euclidean,0.01,0.0006952645798373096,1965.590479027108,3714.883606663454,187673.7136330183,93836.85681650916,91999.59294819419,0.00010312353873253667,0.00010311713699518745,2.1848140289640176e-08,3.43699187498836,0.12870587480165382,0.1993416560283124
2018-10-01,2835,rolling,test,pca_only,8,20,log_euclidean,0.01,0.0005915521023446575,4688.170509514429,1528.3683434053341,4386.62114918969,2193.31057459484,1759.9968459985507,0.00010769577478966289,0.00010768937305231367,3.2088246357107315e-07,2.8362066750037407,0.08285635513973023,0.11569279009586149
2018-10-01,2835,ewma,test,pca_only,8,20,log_euclidean,0.01,0.0006170747407261968,4460.166416491009,1587.1193526202633,5103.386468650464,2551.6932343252274,2120.5778732929825,8.953370202086048e-05,8.952730028351126e-05,2.7387877861659306e-07,2.795801120983228,0.09832215988863054,0.11794715083872413
2018-10-01,2835,ledoit_wolf,test,pca_only,8,20,log_euclidean,0.01,0.0006451435120394188,7937.651521984663,1820.3757470389792,327.17500476514516,163.58750238257213,-247.05957930994046,0.00012521807118412082,0.0001252116694467716,5.4025638124904865e-06,1.313330145730257,0.040770597948649095,0.02364277120800259
2018-10-01,2835,oas,test,pca_only,8,20,log_euclidean,0.01,0.0006289550922968694,7667.091265642903,1729.658362182463,342.6962025377395,171.34810126886958,-239.65422081844818,0.00011944733544122015,0.00011944093370387093,4.9379896245312816e-06,1.4842217908561215,0.04700073262442024,0.031067700759233843
2018-10-01,2835,shrink,test,pca_only,8,20,log_euclidean,0.01,0.0006162966801239582,7075.102299239734,1616.1981077310381,415.4247301805823,207.71236509029077,-204.25164937758203,0.0001263936220479783,0.00012638722031062908,3.5163555284346574e-06,1.6977414451085584,0.11615372963676661,0.059321939534826625
2018-10-01,2835,persistence,test,pca_only,8,20,log_euclidean,0.01,0.0006333735918605495,3366.489447869846,1957.2905593619994,12562.547193466427,6281.273596733191,6060.109774761164,0.00014767980428589917,0.00014767340254854996,5.345397034119917e-08,1.3115599934195408,0.04618572709762836,0.026187443805230217
2018-10-08,2840,D0_pca8,test,pca_only,8,20,log_euclidean,0.01,0.001347107998725381,2032.1053739932497,3604.776491274535,255996.45448317303,127998.22724158652,122809.80772899723,0.0001236416738886712,0.000123634639243853,2.1863093989014465e-08,3.66929174553707,0.13708469883681254,0.21770180255588986
2018-10-08,2840,rolling,test,pca_only,8,20,log_euclidean,0.01,0.0011500615700538027,4578.120731268537,1465.315439264772,5722.609037859044,2861.304518929522,2359.1233244470864,0.00013953479556903017,0.00013952776092421195,3.3475485613113345e-07,2.905004109005431,0.08176556926050862,0.12791809564473203
2018-10-08,2840,ewma,test,pca_only,8,20,log_euclidean,0.01,0.001153290267234032,4383.819590561805,1583.7931597585875,6460.996078295109,3230.498039147552,2715.6503455005395,0.00013955991682458024,0.00013955288217976203,2.8858016996649057e-07,2.7669431905174373,0.07945724270686054,0.11961013573458112
2018-10-08,2840,ledoit_wolf,test,pca_only,8,20,log_euclidean,0.01,0.001238144610619924,7681.785262709645,1739.9833114517937,362.2795035847522,181.13975179237596,-218.76033620376202,0.00014493379701845235,0.00014492676237363414,5.250370951821386e-06,1.433249708630697,0.04331023261342481,0.02928660262003092
2018-10-08,2840,oas,test,pca_only,8,20,log_euclidean,0.01,0.0012234094715218504,7528.360009457868,1688.554592094313,380.5376138131089,190.26880690655446,-210.14390392777165,0.0001425028363553272,0.00014249580171050898,4.942558950498282e-06,1.5252216949073172,0.04757043926929584,0.033815800920675286
2018-10-08,2840,shrink,test,pca_only,8,20,log_euclidean,0.01,0.0012014029786200336,6974.691173219175,1576.376191311695,488.6167030493515,244.3083515246757,-158.78762666204165,0.00014381955819020375,0.00014381252354538554,3.3124693630342163e-06,1.788596638965697,0.11655427484448923,0.06722961429028038
2018-10-08,2840,persistence,test,pca_only,8,20,log_euclidean,0.01,0.0011962058848643694,3461.682304932225,1792.1378332465763,16722.161131386136,8361.080565693075,7758.5522896071925,0.00018845562505379125,0.00018844859040897304,5.827654488824146e-08,1.3518384987813956,0.05909362385473723,0.029844866687235596
2018-10-15,2845,D0_pca8,test,pca_only,8,20,log_euclidean,0.01,0.001210942734764372,2028.1955600473261,3869.199064798665,290600.33260761056,145300.16630380525,139765.96542816175,0.0001254070359706606,0.00012540049851239376,1.9127988801139498e-08,3.602913335983235,0.16661507233555345,0.22431687937252595
2018-10-15,2845,rolling,test,pca_only,8,20,log_euclidean,0.01,0.0008675215815251295,4510.2784871960175,780.0979865850453,5600.7078766743125,2800.353938337159,2280.382563060047,0.00017619121275442738,0.00017618467529616054,6.814595052329658e-07,3.849905543890282,0.1661758829081376,0.24048693599852256
2018-10-15,2845,ewma,test,pca_only,8,20,log_euclidean,0.01,0.0006355450055979052,4325.314165267337,774.2581780639321,4689.3551990010155,2344.6775995005073,1843.9133521646004,0.00017612533908840754,0.0001761188016301407,7.384421140789221e-07,3.506524402093241,0.1471179905089836,0.19444500645632173
2018-10-15,2845,ledoit_wolf,test,pca_only,8,20,log_euclidean,0.01,0.0009786277970811011,7495.239061726892,1090.557492821653,371.3905757877976,185.6952878938987,-216.0641770182495,0.00010390280601904782,0.00010389626856078098,9.231786264858121e-06,1.8703218089454159,0.09629480759797757,0.0596132181889442
2018-10-15,2845,oas,test,pca_only,8,20,log_euclidean,0.01,0.0009426458319940616,7154.873768584684,965.1731577483033,436.84149800220143,218.42074900110072,-185.22868425988233,0.00011278618316691818,0.00011277964570865134,7.738968348500379e-06,2.1935386636202523,0.10914066685384503,0.0804849015033674
2018-10-15,2845,shrink,test,pca_only,8,20,log_euclidean,0.01,0.0009525467940456929,7039.60412324925,952.1600029699375,436.720805305657,218.36040265282833,-185.71320641209226,9.991777159763813e-05,9.991123413937129e-05,7.622491740578917e-06,2.2658063722443402,0.12120508483031761,0.1029304102651437
2018-10-15,2845,persistence,test,pca_only,8,20,log_euclidean,0.01,0.0007008746543952242,3452.14295317747,874.1184075171651,9769.12268550504,4884.561342752512,4334.084293173563,0.0001410278916383944,0.00014102135418012755,3.22196204838573e-07,2.444744224989514,0.10076950745528016,0.10485026492264944
2018-10-22,2850,D0_pca8,test,pca_only,8,20,log_euclidean,0.01,0.00118960786911323,2125.785119321168,4817.419074906474,248326.69845243017,124163.34922621508,121471.24604466425,0.00013841685029244082,0.00013841373402644847,3.948905439028483e-08,3.871795856652595,0.18531214712766972,0.27220080286422915
2018-10-22,2850,rolling,test,pca_only,8,20,log_euclidean,0.01,0.00080242738773296,4587.553489897712,625.7835312585803,5917.115216229424,2958.5576081147133,2481.0064992700027,0.00020155156818351568,0.00020154845191752333,9.289343154683214e-07,4.464317853981207,0.13409243107061333,0.30022853944576505
2018-10-22,2850,ewma,test,pca_only,8,20,log_euclidean,0.01,0.0006026800962761396,4411.392032198234,708.8855486012392,4900.185833105384,2450.0929165526913,1983.2294406244243,0.0002083431354061157,0.00020834001914012335,9.823695094743405e-07,3.9951028934119392,0.12378513974391558,0.24309114569129786
2018-10-22,2850,ledoit_wolf,test,pca_only,8,20,log_euclidean,0.01,0.00089578203671264,7338.635224094578,759.331943482304,434.39833488190425,217.19916744095207,-180.98492877016434,9.57576889322879e-05,9.575457266629555e-05,9.979294421454038e-06,2.228950152025946,0.10871828183743447,0.08124934695139321
2018-10-22,2850,oas,test,pca_only,8,20,log_euclidean,0.01,0.0008709874234266757,7072.743879313098,702.686148498187,510.94814200066935,255.47407100033467,-144.07782277608757,0.00010722896963789984,0.00010722585337190749,8.53822379379454e-06,2.494498853941694,0.11478480754162623,0.10085474967369665
2018-10-22,2850,shrink,test,pca_only,8,20,log_euclidean,0.01,0.0008982591070311501,7149.12877702454,730.9078662860231,430.59004024219166,215.29502012109558,-183.5531113841252,8.61477271888975e-05,8.614461092290515e-05,9.802034285398299e-06,2.3176754165181364,0.12019416574739514,0.10076047504512323
2018-10-22,2850,persistence,test,pca_only,8,20,log_euclidean,0.01,0.0006220815809569467,3601.4194577400744,883.1980042184589,9168.431873898851,4584.21593694942,4086.5678686492333,0.00010879759152664635,0.000108794475260654,4.281731161996217e-07,2.5288340079902216,0.15539275941717523,0.11766845707132471
2018-10-29,2855,D0_pca8,test,pca_only,8,20,log_euclidean,0.01,0.0006457486926810346,2008.3467526816926,4346.737235199851,247697.69373736123,123848.84686868062,120014.44257141785,6.19228103631934e-05,6.192067061866402e-05,1.880700133626508e-08,3.1932699672861062,0.12094649592601667,0.171844204948408
2018-10-29,2855,rolling,test,pca_only,8,20,log_euclidean,0.01,0.0003210290890264975,4604.800267807955,666.3747583385583,4308.06255499409,2154.031277497051,1703.806239208077,0.00019634790451901027,0.0001963457647744809,9.925088725438132e-07,4.130226584857488,0.12245068461437476,0.264558023792146
2018-10-29,2855,ewma,test,pca_only,8,20,log_euclidean,0.01,0.0003704346376834241,4420.244118050986,951.1122510637722,2955.972538479064,1477.986269239535,1039.8916333147715,0.00017184963793924054,0.00017184749819471116,1.2848969457185114e-06,3.5478743565112363,0.12855526263054126,0.20298353282256504
2018-10-29,2855,ledoit_wolf,test,pca_only,8,20,log_euclidean,0.01,0.0003714352081609246,7526.27440156264,626.4999697344696,384.9439479926325,192.47197399631642,-214.4029483096086,9.425077235606794e-05,9.424863261153856e-05,1.0392845729254198e-05,2.061948190137868,0.11418271939889295,0.07477402038996535
2018-10-29,2855,oas,test,pca_only,8,20,log_euclidean,0.01,0.0003517718041354407,7132.1482353169295,608.4306911359392,471.2467736153088,235.62338680765407,-172.57459045607894,0.00010711265334800539,0.00010711051360347602,8.167888469174635e-06,2.398613200702005,0.12064215565272719,0.09918717421149777
2018-10-29,2855,shrink,test,pca_only,8,20,log_euclidean,0.01,0.0003775759728051652,7384.150527978411,621.0581841641836,373.9142468680766,186.95712343403818,-219.6661376871779,8.338142790644832e-05,8.337928816191894e-05,9.770657163307192e-06,2.0841599343558816,0.10847926917266074,0.0901788116185981
2018-10-29,2855,persistence,test,pca_only,8,20,log_euclidean,0.01,0.0003750644629524417,3580.304275250466,946.3711523698755,5150.541598246441,2575.2707991232164,2127.737241347274,0.00012727119437249944,0.00012726905462797007,6.41450424305942e-07,2.4475328747919933,0.1534266345231973,0.11645282099719992
2018-11-05,2860,D0_pca8,test,pca_only,8,20,log_euclidean,0.01,0.0007758797130463977,1978.400396287343,4378.579370037009,109873.62086657644,54936.810433288236,53559.31813189112,0.00015010630648142767,0.000150104591702886,8.214898969195985e-08,4.148356443480516,0.1560509623897832,0.2880158402823646
2018-11-05,2860,rolling,test,pca_only,8,20,log_euclidean,0.01,0.0003300028916089243,4644.202019806997,704.3979591264765,2869.2956864702737,1434.6478432351364,996.14900429424,0.00015754896829373396,0.0001575472535151923,9.900809616993918e-07,3.8271517416145326,0.10938300387851359,0.22126337456314749
2018-11-05,2860,ewma,test,pca_only,8,20,log_euclidean,0.01,0.00034740391041872693,4471.7503487143995,797.8871025198689,2109.2847093665932,1054.642354683296,624.8404423925106,0.00014406567267777104,0.00014406395789922938,1.3286742141837788e-06,3.5005947604742627,0.11939331167047569,0.1854234036399881
2018-11-05,2860,ledoit_wolf,test,pca_only,8,20,log_euclidean,0.01,0.00040501537971989626,7706.015521400077,872.4097458824224,329.12000703729916,164.56000351864986,-243.37270576188857,0.00010693692574549663,0.00010693521096695497,1.1247315018905653e-05,2.1875196324391695,0.10474956612291762,0.07658878407950105
2018-11-05,2860,oas,test,pca_only,8,20,log_euclidean,0.01,0.00037742687130611503,7320.822752542482,792.2939847025401,379.8150378318861,189.90751891594314,-218.88255476301038,0.00011424903328067427,0.00011424731850213262,8.729592969055787e-06,2.4945712166739904,0.11025075779909443,0.09795008645644793
2018-11-05,2860,shrink,test,pca_only,8,20,log_euclidean,0.01,0.000423563765124319,7594.305252305217,860.999068682951,314.1644974569043,157.08224872845216,-250.44987236464104,9.435746118417972e-05,9.435574640563806e-05,1.1248075811051631e-05,2.1270767702842104,0.09275214154990086,0.08767562330742724
2018-11-05,2860,persistence,test,pca_only,8,20,log_euclidean,0.01,0.0004518676321171439,3640.9606558503783,768.70093028935,3172.1550828903646,1586.0775414451796,1153.1613481490417,9.617061564169693e-05,9.616890086315528e-05,8.09207274924465e-07,2.4310389604093463,0.14840633817870919,0.10703614451730172
2018-11-12,2865,D0_pca8,test,pca_only,8,20,log_euclidean,0.01,0.0007115588223153566,1969.2569023027854,4150.000619418136,151625.10619290752,75812.55309645376,73830.003619027,0.00013781949210615207,0.00013781712925807257,4.665590094345408e-08,4.079632123827736,0.14961919638954863,0.2683460705462389
2018-11-12,2865,rolling,test,pca_only,8,20,log_euclidean,0.01,0.0002821855205115292,4662.335268034614,718.3788280191869,2644.57171914533,1322.2858595726666,878.8836249333165,0.00012779352146870075,0.00012779115862062126,1.0517093909921034e-06,3.946709330854058,0.1375177285599982,0.23019932318842665
2018-11-12,2865,ewma,test,pca_only,8,20,log_euclidean,0.01,0.00029495799384902,4504.701868466875,796.9197813599385,2206.4508227240026,1103.2254113619952,663.1615103636152,0.00012317393369399765,0.00012317157084591816,1.3014600934151126e-06,3.670032084491085,0.14086817892484887,0.2046315073802051
2018-11-12,2865,ledoit_wolf,test,pca_only,8,20,log_euclidean,0.01,0.00033573467307866796,7730.517556853785,854.301998525641,330.19568763718394,165.0978438185922,-246.30936399609487,8.825038246579763e-05,8.824801961771813e-05,1.2552959921996116e-05,2.316716571479419,0.11475955015190788,0.08725924919425909
2018-11-12,2865,oas,test,pca_only,8,20,log_euclidean,0.01,0.0003172356196714446,7397.084199730414,792.9309787417867,370.6697039279428,185.3348519639713,-226.91206507505726,9.374201831339264e-05,9.373965546531315e-05,1.0022524831127047e-05,2.615894342080411,0.12229321009606796,0.10998088297758508
2018-11-12,2865,shrink,test,pca_only,8,20,log_euclidean,0.01,0.0003559040347599474,7705.316536506454,863.3726833933783,313.64896043347255,156.82448021673633,-253.86829368131325,8.645594674128114e-05,8.645358389320165e-05,1.246931718364556e-05,2.22141417406803,0.10811237693276504,0.0982892730406874
2018-11-12,2865,persistence,test,pca_only,8,20,log_euclidean,0.01,0.00045536375563810143,3656.124202325718,883.0815502453733,3085.7057009339846,1542.8528504670003,1102.834698890643,5.87835833854684e-05,5.87812205373889e-05,6.811959967096626e-07,2.2940838393284513,0.09295307277353884,0.09189456904294115
2018-11-19,2870,D0_pca8,test,pca_only,8,20,log_euclidean,0.01,0.0007182068152924235,2031.2045333424487,3528.639639451858,97005.17314811429,48502.586574057146,46626.19769642287,0.00014319790969706203,0.00014319511005401705,5.7047502285850865e-08,3.6510802264009596,0.1192425274802475,0.21009842765760312
2018-11-19,2870,rolling,test,pca_only,8,20,log_euclidean,0.01,0.00029542390573844443,4885.899724074449,807.0282611117907,2355.520871808327,1177.7604359041695,732.7918976299812,0.00011024951208018958,0.0001102467124371446,1.2014564593525544e-06,4.0254839280709085,0.1499929134437867,0.2382662113680772
2018-11-19,2870,ewma,test,pca_only,8,20,log_euclidean,0.01,0.0003466466217637642,4731.5461286298105,919.2099462536285,2012.607723348704,1006.3038616743521,569.7612729568297,0.00011380828890645593,0.00011380548926341095,1.361388946838715e-06,3.7136806529340802,0.15004879832653775,0.20195415114021775
2018-11-19,2870,ledoit_wolf,test,pca_only,8,20,log_euclidean,0.01,0.00034223581390954033,7834.790847409905,977.9304733520299,318.7020787064349,159.35103935321746,-254.55588191230171,9.53500496984845e-05,9.534725005543952e-05,1.333289869738887e-05,2.3474101584124005,0.1201288080054337,0.08972671776580217
2018-11-19,2870,oas,test,pca_only,8,20,log_euclidean,0.01,0.0003280070015568985,7565.238598427257,917.6366669855413,345.9216306912717,172.96081534563587,-241.53855901140713,9.652078450920107e-05,9.651798486615609e-05,1.112685499783318e-05,2.616177659032492,0.12740017059676612,0.10852105548466297
2018-11-19,2870,shrink,test,pca_only,8,20,log_euclidean,0.01,0.00037000759100432024,7860.175445531564,1006.3467183210878,320.87635840317546,160.43817920158796,-253.27171470935323,9.519023794936886e-05,9.518743830632387e-05,1.3379303306117308e-05,2.2062703010146882,0.10358780438269886,0.0961991333015686
2018-11-19,2870,persistence,test,pca_only,8,20,log_euclidean,0.01,0.0005317579886872676,3709.1138454837023,1020.6989891949324,2676.3095550512435,1338.154777525617,903.9368360579047,8.4068632375641e-05,8.406583273259602e-05,4.7469962375154723e-07,1.9680652864289725,0.07035349427051407,0.060700501109418124
2018-11-27,2875,D0_pca8,test,pca_only,8,20,log_euclidean,0.01,0.007193490976976583,2134.7434806977444,3534.454963332573,428610.4428801327,214305.22144006638,203524.34336572693,0.00015197912777616294,0.00015196164133263415,4.088148654983359e-08,3.357327457298558,0.124598465248982,0.19047756268619076
2018-11-27,2875,rolling,test,pca_only,8,20,log_euclidean,0.01,0.00610902932393831,5025.422664678263,866.5428606271142,8178.349495406059,4089.1747477030367,3510.3357623050106,0.00022817743678320938,0.0002281599503396806,1.4906966171561311e-06,4.12106998651312,0.14822820495545672,0.2704644739777684
2018-11-27,2875,ewma,test,pca_only,8,20,log_euclidean,0.01,0.006029476139370057,4889.650975753684,921.0398834202178,7519.8738937043745,3759.936946852192,3196.4839336565497,0.0001835501940378968,0.000183532707594368,1.4998000348335964e-06,3.646059618731389,0.15687975091772413,0.218450076556517
2018-11-27,2875,ledoit_wolf,test,pca_only,8,20,log_euclidean,0.01,0.006254122005469965,7878.550041057826,1017.6200919141588,699.4387252485644,349.7193626242825,-40.089655515246406,0.00010724026650644854,0.00010722278006291976,1.4341109177517193e-05,2.4039169219567866,0.11777936664000903,0.09986874179640048
2018-11-27,2875,oas,test,pca_only,8,20,log_euclidean,0.01,0.006227412763670997,7696.612302302449,978.7431792487861,804.398499665305,402.19924983265287,9.460776271536536,0.00011371515695124569,0.00011369767050771691,1.2710093647328606e-05,2.583668253659484,0.12277908310824776,0.11418741853172801
2018-11-27,2875,shrink,test,pca_only,8,20,log_euclidean,0.01,0.006350856315075431,8037.518841195113,1098.4850093761033,622.2635924243588,311.1317962121793,-76.61649648590029,9.328805464170851e-05,9.327056819817973e-05,1.5568659293063344e-05,2.1481085041681056,0.10081952889429426,0.09644090381366584
2018-11-27,2875,persistence,test,pca_only,8,20,log_euclidean,0.01,0.006120955116246181,3912.7676196588295,1109.4665997646039,11993.70525951271,5996.852629756383,5382.012140221735,8.931919167736611e-05,8.930170523383733e-05,3.2586261232563073e-07,1.856133799503603,0.07170488153604838,0.05199189429836267
2018-12-04,2880,D0_pca8,test,pca_only,8,20,log_euclidean,0.01,0.0070226042649836045,2079.3299849176137,3344.4860428053,377677.2073855324,188838.6036927662,178976.11465250707,0.00011080541178790554,0.00011079097873485061,6.231029802583821e-08,3.963744457290159,0.1339246106276233,0.24066568984488956
2018-12-04,2880,rolling,test,pca_only,8,20,log_euclidean,0.01,0.005891112737838005,5033.0759922118505,769.6981892274795,6710.905607369446,3355.4528036847155,2795.955630300278,0.00012446621554862796,0.00012445178249557304,1.850280231646463e-06,4.503211512780418,0.151279187554842,0.3136059330986187
2018-12-04,2880,ewma,test,pca_only,8,20,log_euclidean,0.01,0.005852540061883284,4869.569807653999,854.4373098745713,7055.693343968204,3527.8466719841026,2964.443412688221,9.877241405153002e-05,9.87579809984751e-05,1.6694202065293821e-06,3.983373923323432,0.13186728802116351,0.24888276010730231
2018-12-04,2880,ledoit_wolf,test,pca_only,8,20,log_euclidean,0.01,0.006026237249869451,7872.904220979669,901.3157497149919,677.4304155288465,338.7152077644232,-52.746663691682976,7.532541257057434e-05,7.531097951751942e-05,1.5793820201621674e-05,2.62466632597939,0.10569110869754776,0.11129886238839008
2018-12-04,2880,oas,test,pca_only,8,20,log_euclidean,0.01,0.0060083086260205015,7745.9536685501835,876.1891932091563,742.7340407558984,371.36702037794885,-22.072163142713485,7.628865013047002e-05,7.62742170774151e-05,1.4557647309390764e-05,2.7599912292940503,0.10851542532053268,0.12287086427625564
2018-12-04,2880,shrink,test,pca_only,8,20,log_euclidean,0.01,0.006141982544191902,8115.976151623986,1009.4857611260661,560.0600307239929,280.0300153619962,-108.33563896803726,8.090072402610818e-05,8.088629097305325e-05,1.7578755195786084e-05,2.262830067972639,0.1035388548005465,0.0968578030941383
2018-12-04,2880,persistence,test,pca_only,8,20,log_euclidean,0.01,0.005676082351082811,3730.158060018158,810.6900809819688,11618.838621662851,5809.419310831437,5175.87858056466,7.077610454630158e-05,7.076167149324665e-05,3.5995514506789167e-07,1.8979512404839867,0.07011721229728017,0.059117476199663524
2018-12-12,2885,D0_pca8,test,pca_only,8,20,log_euclidean,0.01,0.006805927264752769,2100.548622918596,3449.776582899697,293082.00480086,146541.00240043,139301.22409264868,0.00021323217981452465,0.00021321510904384454,6.085121757450127e-08,3.6597052944149135,0.13656393817400073,0.2212559213603209
2018-12-12,2885,rolling,test,pca_only,8,20,log_euclidean,0.01,0.005596879895644836,5195.778377434933,691.2294146305451,5516.842053021297,2758.421026510646,2237.141605249176,0.00014129488554522605,0.00014127781477454594,1.748232927871937e-06,4.147741112622202,0.17691635721973004,0.27704845058487504
2018-12-12,2885,ewma,test,pca_only,8,20,log_euclidean,0.01,0.005483030298122519,4993.977575108329,696.3487700712221,6043.567943390239,3021.783971695109,2488.484568849151,0.00012385302097984074,0.00012383595020916063,1.5350428604959335e-06,3.639965808033837,0.16651749865118476,0.21796075094514303
2018-12-12,2885,ledoit_wolf,test,pca_only,8,20,log_euclidean,0.01,0.005697524861746298,7809.706738568249,764.7789034399605,693.4455659468925,346.7227829734459,-44.586423452943734,9.247978007131399e-05,9.246270930063386e-05,1.4000959485902417e-05,2.6632479661396786,0.1461939438542323,0.1230035866441398
2018-12-12,2885,oas,test,pca_only,8,20,log_euclidean,0.01,0.005690039491960176,7743.09359527976,755.6268211945481,727.685042562273,363.84252128113576,-28.474634413960842,9.3553561811049e-05,9.353649104036887e-05,1.3318945757263459e-05,2.7306787090130467,0.1480168816402667,0.1285837131918198
2018-12-12,2885,shrink,test,pca_only,8,20,log_euclidean,0.01,0.00583549153826491,8254.306811830236,910.5971225145296,510.53316929536345,255.26658464768147,-130.6271263678529,9.76125049528102e-05,9.759543418213007e-05,1.643013580462402e-05,2.2101726103448804,0.11792470779923378,0.10460829693493845
2018-12-12,2885,persistence,test,pca_only,8,20,log_euclidean,0.01,0.005613268100414216,3715.778370470787,867.4677875787023,11539.094817629395,5769.547408814722,5115.868631534222,0.00010932150223428748,0.00010930443146360735,3.692517458167879e-07,2.0152351183543615,0.07081306115886886,0.0644342313056697
2018-12-19,2890,D0_pca8,test,pca_only,8,20,log_euclidean,0.01,0.0064657410618937,2025.7466345714017,3532.6442108903098,504274.792003192,252137.396001596,240282.86331395147,0.00015245029186066678,0.00015243982422273632,3.896468118937347e-08,3.568445684407512,0.14182786212390322,0.21560821267665403
2018-12-19,2890,rolling,test,pca_only,8,20,log_euclidean,0.01,0.005431060936715723,5185.802101131984,682.434431453817,7556.434425484523,3778.2172127422414,3195.796815806767,0.00037590912793810706,0.00037589866030017657,1.9939103482591962e-06,4.462389324763658,0.20418806165770273,0.3069445586144546
2018-12-19,2890,ewma,test,pca_only,8,20,log_euclidean,0.01,0.005423343369392486,4984.1583651235815,721.4913539485133,8415.109469355863,4207.554734677932,3603.8512061543975,0.0003784465281279889,0.0003784360604900584,1.7321501491221705e-06,4.360283291989568,0.19815878725900316,0.2825482313693615
2018-12-19,2890,ledoit_wolf,test,pca_only,8,20,log_euclidean,0.01,0.005487292508752068,7815.054380586781,721.0627560793015,818.7167370130587,409.35836850652964,11.791015605402773,0.00011256824863308631,0.00011255778099515584,1.5857865946337935e-05,2.969033019107466,0.1697772747577287,0.14707129000392283
2018-12-19,2890,oas,test,pca_only,8,20,log_euclidean,0.01,0.0054850993021377265,7783.653090714048,717.9505160440514,840.9769816959364,420.4884908479683,22.267899068999302,0.00011522915854244255,0.00011521869090451208,1.547248124981474e-05,3.0022533049377094,0.17081317617022643,0.1500145492581583
2018-12-19,2890,shrink,test,pca_only,8,20,log_euclidean,0.01,0.005590633552474887,8311.855188584768,844.6824722259831,549.9687309650865,274.984365482543,-114.77555773791991,8.507060090963963e-05,8.506013327170915e-05,1.932761929284075e-05,2.4553664636541357,0.14095332581348052,0.12679316456762912
2018-12-19,2890,persistence,test,pca_only,8,20,log_euclidean,0.01,0.0053861197242979116,3792.1435637647937,897.9290038613033,12442.152200251732,6221.076100125854,5558.541297279445,0.00011885575096379782,0.00011884528332586734,4.5194333250274415e-07,2.358518876794492,0.07496696198278663,0.08379598074620051
2018-12-27,2895,D0_pca8,test,pca_only,8,20,log_euclidean,0.01,0.0003797156217227086,1872.9834519035953,4372.266080653439,73782.47544654546,36891.23772327274,35907.67717918911,0.0001147600969404522,0.00011475800528989907,7.07149773514106e-08,3.4786082439410984,0.15953794296386442,0.21660009499695923
2018-12-27,2895,rolling,test,pca_only,8,20,log_euclidean,0.01,0.0011490937801538366,5328.440954232291,676.5959494684805,1247.5619053084479,623.7809526542222,187.08084169004195,8.278881764902858e-05,8.278672599847545e-05,2.6764506826145768e-06,4.16427817309687,0.15116326188776127,0.2704360880871694
2018-12-27,2895,ewma,test,pca_only,8,20,log_euclidean,0.01,0.00802606927923737,5130.948302998717,918.5936159878037,879.5329994244321,439.7664997122298,9.742997543361753,7.746249011934393e-05,7.74603984687908e-05,3.6552716277313453e-06,3.742445261929851,0.13278099456852155,0.2115667701331493
2018-12-27,2895,ledoit_wolf,test,pca_only,8,20,log_euclidean,0.01,0.0005469942349619723,9145.859569102642,805.3426430943032,315.571876496715,157.78593824835752,-263.88084699416106,5.062209433036319e-05,5.0620002679810055e-05,2.889573200551694e-05,1.963859517583567,0.09213592223699561,0.062245866282544256
2018-12-27,2895,oas,test,pca_only,8,20,log_euclidean,0.01,0.0008604613096723158,8161.115208530629,655.7751468848428,330.5702781411124,165.28513907055566,-257.3622754857982,5.81519503740193e-05,5.8149858723466164e-05,1.730129283059297e-05,2.725695525967077,0.12265411780113822,0.11892588958822417
2018-12-27,2895,shrink,test,pca_only,8,20,log_euclidean,0.01,0.0007879114177564173,8568.307867785163,722.3948097880018,311.2369244316434,155.61846221582212,-266.51593223393036,5.715747751751142e-05,5.715538586695828e-05,1.8616273433811552e-05,2.2927561995634043,0.15077293155451188,0.11757446514937525
2018-12-27,2895,persistence,test,pca_only,8,20,log_euclidean,0.01,0.006188558288087847,3873.4977887796167,1057.4647887481258,1589.1247409375917,794.5623704688047,361.6664697569549,6.83703127608812e-05,6.836822111032807e-05,1.2199706117670207e-06,2.4772229981232554,0.08408713661800093,0.09370787900433784
2019-01-04,2900,D0_pca8,test,pca_only,8,20,log_euclidean,0.01,0.00015555177727933337,1985.9086360042893,6705.031672650579,61514.661266418356,30757.33063320918,29437.454386872607,0.00011589849781078774,0.00011589688692309702,5.395185163278234e-08,2.9407077196277744,0.1394419119903978,0.14183733499422332
2019-01-04,2900,rolling,test,pca_only,8,20,log_euclidean,0.01,0.0014496025696263367,5315.27610603199,1102.9440113827864,1370.2406653347116,685.1203326673545,237.2684288112599,7.65922267590189e-05,7.659061587132818e-05,2.488903115245461e-06,3.9834914059703306,0.14111368339776179,0.25180856298502574
2019-01-04,2900,ewma,test,pca_only,8,20,log_euclidean,0.01,0.00483308730805753,5113.305521826189,1439.9577055479504,1116.8968142784454,558.448407139221,114.21434644987282,6.746444792317704e-05,6.746283703548632e-05,3.093427937729756e-06,3.822567456417455,0.11221175689500246,0.21903777673673494
2019-01-04,2900,ledoit_wolf,test,pca_only,8,20,log_euclidean,0.01,0.0006800482868901657,9135.661529847024,615.2950352815185,329.9513733934788,164.97568669673876,-262.46046996432443,4.3024425766656e-05,4.302281487896528e-05,2.704612212666291e-05,1.9420219322146215,0.07701620451963916,0.059617780152889766
2019-01-04,2900,oas,test,pca_only,8,20,log_euclidean,0.01,0.0010955116466290797,8139.78054718238,816.9008762264187,352.3777468749589,176.18887343747917,-252.6552407617356,5.190430849432362e-05,5.19026976066329e-05,1.6016425887063538e-05,2.656809110970331,0.09462282889520782,0.11092865202000232
2019-01-04,2900,shrink,test,pca_only,8,20,log_euclidean,0.01,0.0009271741232333151,8545.689306161472,707.8658224681492,331.03529917758004,165.51764958878974,-262.5877462722646,5.428913962558642e-05,5.4287528737895694e-05,1.7655914815578196e-05,2.2414402054532028,0.15657335608982598,0.10841249595963943
2019-01-04,2900,persistence,test,pca_only,8,20,log_euclidean,0.01,0.006600954598760906,3876.045739336493,1713.507296241829,1733.3757877798757,866.6878938899307,414.6246403749152,6.388509543792718e-05,6.388348455023645e-05,1.1524970261118782e-06,2.373935078981484,0.08388291422930948,0.09017414331025018
2019-01-11,2905,D0_pca8,test,pca_only,8,20,log_euclidean,0.01,0.00016297162779230657,1941.08751976565,6290.19896198412,90153.33706934661,45076.66853467331,43361.84538846811,7.97726016681545e-05,7.97713488912386e-05,4.708691908392105e-08,3.5001922949175284,0.1494098833694767,0.20018528827174945
2019-01-11,2905,rolling,test,pca_only,8,20,log_euclidean,0.01,0.0013957361852001428,5290.419776454042,1061.1503546772908,1303.0931329670036,651.5465664834978,205.83097559322965,0.00011777434671757361,0.00011777309394065771,2.758310923711033e-06,4.146510983966454,0.15753972783322864,0.28414001115924553
2019-01-11,2905,ewma,test,pca_only,8,20,log_euclidean,0.01,0.0028693762055686206,5072.163542885709,1299.8935813082937,1161.0073941909768,580.5036970954975,136.49805494757294,0.00010403929167172922,0.00010403803889481332,2.954398201906179e-06,3.818769924688328,0.15941587662835072,0.2490627924742067
2019-01-11,2905,ledoit_wolf,test,pca_only,8,20,log_euclidean,0.01,0.0006552379810877527,9056.338583637606,596.3240961269877,327.16741766271485,163.5837088313576,-266.291905320494,3.93359450816287e-05,3.9334692304712804e-05,2.8781103683489723e-05,1.99680540011793,0.08058945587844628,0.06523048659530979
2019-01-11,2905,oas,test,pca_only,8,20,log_euclidean,0.01,0.0010578834423762976,8048.064136112428,780.6158410263354,346.3747508134957,173.18737540674752,-257.82829681748706,5.6178420523014885e-05,5.617716774609899e-05,1.6906910074657548e-05,2.7444413181459955,0.11205863937306997,0.12474889206571724
2019-01-11,2905,shrink,test,pca_only,8,20,log_euclidean,0.01,0.0008938631643478475,8470.364765379465,680.8849262337669,328.5339141301792,164.26695706508977,-266.2841476937359,4.572722278616754e-05,4.5725970009251646e-05,1.9681800541895462e-05,2.3339270907274337,0.15345789552182185,0.11681443333051406
2019-01-11,2905,persistence,test,pca_only,8,20,log_euclidean,0.01,0.006377679712088887,3723.412085403223,1573.1680934384372,1519.2425309988841,759.6212654994375,309.9886587778267,5.1512915141061927e-05,5.151166236414603e-05,1.2188959207518016e-06,2.4712148642810186,0.084335278199133,0.09508916939276675
2019-01-18,2910,D0_pca8,test,pca_only,8,20,log_euclidean,0.01,0.00016206563420423045,2003.5002799419233,6217.829251435753,131215.1667310324,65607.58336551621,63428.303406242034,6.934190891222494e-05,6.934107307831793e-05,4.284844717020536e-08,3.7295734708444286,0.15666769707681402,0.22515625886264848
2019-01-18,2910,rolling,test,pca_only,8,20,log_euclidean,0.01,0.0013307176028365258,5226.392198252178,1078.2073014344385,1441.1986045661654,720.5993022830811,272.7825927228449,0.00015220791404558468,0.00015220707821167765,2.367085633222676e-06,4.0627736745340775,0.1415806647327636,0.25800890502176943
2019-01-18,2910,ewma,test,pca_only,8,20,log_euclidean,0.01,0.001583060636028972,5035.244563700319,1156.7720009845782,1467.2047396680111,733.6023698340055,286.4900785803326,0.00012544169329765595,0.00012544085746374892,2.2075168336033886e-06,3.829654346888193,0.13419388227749404,0.23261722848126953
2019-01-18,2910,ledoit_wolf,test,pca_only,8,20,log_euclidean,0.01,0.0006030924562832747,9010.289093314379,610.3930075525628,329.2887635119838,164.64438175599201,-265.6631487961905,4.936885467713634e-05,4.936801884322933e-05,2.4965612330806197e-05,1.9289641193978604,0.06876518703628501,0.05977034412813684
2019-01-18,2910,oas,test,pca_only,8,20,log_euclidean,0.01,0.001028946291686594,7894.508627279836,810.5054530335998,361.50859949528706,180.75429974764327,-250.81409155344718,7.959180942515127e-05,7.959097359124426e-05,1.3523379155148176e-05,2.6672458377838564,0.09742345289664044,0.11307751516266483
2019-01-18,2910,shrink,test,pca_only,8,20,log_euclidean,0.01,0.0008781729046843825,8339.886972687686,685.8254683374269,333.9185252132405,166.95926260662054,-264.30312859274227,6.672275320659177e-05,6.672191737268476e-05,1.6030933877690383e-05,2.2709762386997294,0.15212383974866672,0.11521757700813652
2019-01-18,2910,persistence,test,pca_only,8,20,log_euclidean,0.01,0.0061418425511126215,3784.249358306502,1569.3011713543124,1715.3166937304911,857.658346865235,405.79663577456097,3.551572433894439e-05,3.551488850503738e-05,9.079262234979806e-07,2.253512248133364,0.06733734405851557,0.0745581153994701
2019-01-28,2915,D0_pca8,test,pca_only,8,20,log_euclidean,0.01,7.625500110263257e-05,2019.5775420317996,7309.304357999465,65086.63634213301,32543.318171066494,31412.239134215448,5.621687135012319e-05,5.6216123756915636e-05,9.30064189528674e-08,3.6895413127852184,0.14990113498273444,0.24479847283039835
2019-01-28,2915,rolling,test,pca_only,8,20,log_euclidean,0.01,0.0015194105120552917,5160.317407276952,1309.012272954267,1270.2138995899393,635.1069497949707,182.64790578824767,0.00010449867175836226,0.00010449792416515471,1.9449164909650603e-06,3.709838893174006,0.11676635708504303,0.22121640377785814
2019-01-28,2915,ewma,test,pca_only,8,20,log_euclidean,0.01,0.001134899583850794,4968.784617744257,1287.8919311192528,1443.7969495107152,721.8984747553606,267.83572548415333,9.124191437888965e-05,9.12411667856821e-05,1.7792526439512535e-06,3.725325933831811,0.11739703993721966,0.2225446049313268
2019-01-28,2915,ledoit_wolf,test,pca_only,8,20,log_euclidean,0.01,0.0007116328765753944,8996.318524633323,680.6233667196977,341.60092056491476,170.8004602824571,-268.9634910489732,4.14105116847284e-05,4.1409764091520845e-05,2.5019731072490525e-05,1.9866497767240512,0.07525950975291018,0.0623974278025481
2019-01-28,2915,oas,test,pca_only,8,20,log_euclidean,0.01,0.0011829567237405063,7898.414015189214,984.6474045768065,361.4794385727029,180.7397192863514,-259.96060421159024,6.374872529897074e-05,6.374797770576319e-05,1.3000966164471283e-05,2.741227149651009,0.09595405029971277,0.1183656458258081
2019-01-28,2915,shrink,test,pca_only,8,20,log_euclidean,0.01,0.0009801164270397806,8350.994752526458,779.35192896382,342.48643311330125,171.24321655665022,-269.0616209442509,4.9009100051985154e-05,4.90083524587776e-05,1.622036135197684e-05,2.2852617172990315,0.1231327249149999,0.11438958857736502
2019-01-28,2915,persistence,test,pca_only,8,20,log_euclidean,0.01,0.000343304826669548,3635.9583560032206,1459.9817622102878,4123.295677974251,2061.6478389871163,1579.430272466599,4.0933269551346246e-05,4.093252195813869e-05,3.308192126057253e-07,2.174216551526044,0.07088671468363349,0.07365264081569771
2019-02-04,2920,D0_pca8,test,pca_only,8,20,log_euclidean,0.01,7.07909825009786e-05,2048.13630654087,7240.717000830695,95473.05523175096,47736.52761587547,46062.6263803694,4.6294808605985895e-05,4.62940709357649e-05,5.122740857189048e-08,3.4833091346751957,0.11476061613822408,0.20039981479069835
2019-02-04,2920,rolling,test,pca_only,8,20,log_euclidean,0.01,0.0014597040067459352,5080.597131658329,1254.7618040376587,1234.0969752118021,617.048487605894,159.0091949526171,6.972510307094753e-05,6.972436540072653e-05,2.084262723142778e-06,3.8476605058105893,0.11967593729113651,0.24039208201740606
2019-02-04,2920,ewma,test,pca_only,8,20,log_euclidean,0.01,0.0007172238924381037,4893.596405522629,1093.9016580695652,1530.9991036473775,765.4995518236949,303.83004020763127,5.96259003829182e-05,5.9625162712697204e-05,1.6313123217878798e-06,3.7274657180774646,0.12336513853938162,0.22573589527335153
2019-02-04,2920,ledoit_wolf,test,pca_only,8,20,log_euclidean,0.01,0.0006707383645542556,8927.353577785256,714.0454254890377,342.4493660041317,171.22468300206572,-270.2746565540025,3.124500685212445e-05,3.124426918190345e-05,2.5892330545388185e-05,1.967110384830208,0.07266980552558702,0.0642490077710063
2019-02-04,2920,oas,test,pca_only,8,20,log_euclidean,0.01,0.0011382207316753532,7803.180272538493,975.8843064031405,363.06632866810514,181.5331643340528,-261.24140353125097,4.637064413463442e-05,4.636990646441343e-05,1.3308669297164801e-05,2.809071607836817,0.09558920341623953,0.12696576511269306
2019-02-04,2920,shrink,test,pca_only,8,20,log_euclidean,0.01,0.0009225053912043471,8279.06235849156,774.2267306396544,339.60217925334746,169.8010896266736,-272.3647877575211,3.2920297569312686e-05,3.291955989909169e-05,1.730365455863145e-05,2.310821871603895,0.11871292403468518,0.11846239729539959
2019-02-04,2920,persistence,test,pca_only,8,20,log_euclidean,0.01,0.00019841758389524275,3796.9878095292243,1134.2120155551886,4948.674741642732,2474.337370821355,1970.4636457678844,3.850065232310524e-05,3.8499914652884246e-05,2.2533982945935798e-07,1.9953374887785569,0.05647929588702181,0.05885593751032984
2019-02-11,2925,D0_pca8,test,pca_only,8,20,log_euclidean,0.01,7.99968699223302e-05,1990.3012035452612,5605.313478562192,93187.2579686891,46593.62898434456,45315.82984441896,6.6777006247926e-05,6.677579275986907e-05,6.510390911838205e-08,3.856522111991448,0.19552521356922017,0.26531398824019253
2019-02-11,2925,rolling,test,pca_only,8,20,log_euclidean,0.01,0.0012434537330629537,5058.341245078241,819.2235489977907,1276.8930108722548,638.4465054361261,184.15343040796597,4.456861237656169e-05,4.4567398888504755e-05,2.2452385541136176e-06,4.310251020628212,0.12946546340779744,0.26995966209045635
2019-02-11,2925,ewma,test,pca_only,8,20,log_euclidean,0.01,0.000352535685038293,4868.345101355896,761.0144859078581,1760.9853683943265,880.4926841971603,421.6235798223803,4.2656858984219264e-05,4.265564549616233e-05,1.4852828183026935e-06,4.058182485063769,0.12154399869218925,0.24314478131653827
2019-02-11,2925,ledoit_wolf,test,pca_only,8,20,log_euclidean,0.01,0.0005210191925930144,8908.658344710248,605.4495223546121,337.08187233029633,168.5409361651483,-272.1739371433103,2.9911765782846303e-05,2.991055229478937e-05,2.6418545700183514e-05,1.9247117194663872,0.06381242347120251,0.060880551226797176
2019-02-11,2925,oas,test,pca_only,8,20,log_euclidean,0.01,0.0009612621617620923,7714.942423045624,666.0243411596205,359.59468810220994,179.79734405110474,-261.9393438132873,3.5492775293259894e-05,3.549156180520296e-05,1.378142116157119e-05,2.9602878625179128,0.08175964836090045,0.13312256829991348
2019-02-11,2925,shrink,test,pca_only,8,20,log_euclidean,0.01,0.0007965174142348675,8204.888504312545,568.243599013381,330.667447625353,165.3337238126765,-276.04262378996464,2.7437863898651466e-05,2.7436650410594533e-05,1.6993142897472953e-05,2.3589923567093245,0.15316821909823625,0.11767694191188352
2019-02-11,2925,persistence,test,pca_only,8,20,log_euclidean,0.01,0.00015550332044212724,3695.4388533160754,1007.8362231845834,4832.797376722484,2416.3986883612492,1929.8950657453904,3.60891971096649e-05,3.608798362160797e-05,1.953646854840353e-07,1.8886047712235459,0.05823139900495,0.053481689133573186
2019-02-19,2930,D0_pca8,test,pca_only,8,20,log_euclidean,0.01,4.599233071308826e-05,1913.801186474359,6092.313781135876,38408.81040640577,19204.40520320287,18136.897942440406,5.0413149324889246e-05,5.04122486732401e-05,1.449288066681654e-07,4.227823843314149,0.15275703861684595,0.2924423882450669
2019-02-19,2930,rolling,test,pca_only,8,20,log_euclidean,0.01,0.0011780812866651373,4946.7055422512385,852.4738261270505,1047.8667319503743,523.9333659751924,58.24418033736633,3.9867223092233804e-05,3.986632244058466e-05,1.9096910330676306e-06,3.8621717618593414,0.13077388038039603,0.23705600881687808
2019-02-19,2930,ewma,test,pca_only,8,20,log_euclidean,0.01,0.00021634217753741252,4752.088445425038,700.8275400276594,1512.6591937613125,756.3295968806589,281.7696179506327,3.6841998216237285e-05,3.684109756458814e-05,1.1929640436658255e-06,3.6998095071339105,0.12191439525381519,0.21855581646944175
2019-02-19,2930,ledoit_wolf,test,pca_only,8,20,log_euclidean,0.01,0.00045834674696945324,8945.030685555525,551.7956324778717,342.3026627807158,171.15133139035748,-277.82176057646865,1.9923261770598323e-05,1.992236111894918e-05,2.6433209364989483e-05,1.9506899960774327,0.06115644602073317,0.0597331751901702
2019-02-19,2930,oas,test,pca_only,8,20,log_euclidean,0.01,0.0009036775971218485,7696.347457173068,659.6797362252006,341.850706814502,170.92535340725112,-279.49641721929595,2.686875580602206e-05,2.6867855154372918e-05,1.3007184311011294e-05,2.887835595713276,0.09543199141540065,0.1314547554167781
2019-02-19,2930,shrink,test,pca_only,8,20,log_euclidean,0.01,0.0007575897557184585,8138.522648616115,552.3109027049617,327.8555025069678,163.9277512534843,-285.7929012283655,1.9916058573874135e-05,1.991515792222499e-05,1.6595368578804697e-05,2.4299448145269866,0.17147222129783188,0.12480486250609603
2019-02-19,2930,persistence,test,pca_only,8,20,log_euclidean,0.01,0.00013386949085848879,3596.797729282351,943.8221320043075,4044.317967663269,2022.1589838316245,1503.1559856335728,2.213440198392951e-05,2.2133501332280366e-05,1.5627054993573245e-07,1.6838295150323566,0.04635741076745365,0.042775820401532605
2019-02-26,2935,D0_pca8,test,pca_only,8,20,log_euclidean,0.01,0.00019661345674513872,1922.2369473559206,4575.70470480873,105939.82239289477,52969.91119644738,51620.85584198361,7.1838705832113e-05,7.183765630962943e-05,5.99671700831567e-08,4.339335675740939,0.1690543419421342,0.2845253539505889
2019-02-26,2935,rolling,test,pca_only,8,20,log_euclidean,0.01,0.0009709554020152187,4946.873714941952,660.614507689806,1452.6139572393454,726.3069786196708,275.377920350178,6.673348166976546e-05,6.673243214728189e-05,1.5589007176008131e-06,3.876606148683142,0.10514625544900788,0.21096493359089863
2019-02-26,2935,ewma,test,pca_only,8,20,log_euclidean,0.01,0.00018859968280415844,4762.507875829724,751.1373323746253,2410.1988018586994,1205.0994009293483,741.5540777126186,6.835961058500892e-05,6.835856106252535e-05,9.568864453265246e-07,3.7887523757458834,0.11737074996622536,0.2175682300292516
2019-02-26,2935,ledoit_wolf,test,pca_only,8,20,log_euclidean,0.01,0.0003748030823201918,8987.674055700745,850.6041458385098,326.53351055971984,163.2667552798603,-268.08769809296757,3.890020270700948e-05,3.8899153184525904e-05,2.3086255811700275e-05,1.8420590653939295,0.046924544777070504,0.04871622184059534
2019-02-26,2935,oas,test,pca_only,8,20,log_euclidean,0.01,0.0007568880389717912,7624.289141639685,634.9167524552912,357.3425360850241,178.67126804251222,-254.3301673808074,4.99898446308289e-05,4.9988795108345324e-05,1.086296392878342e-05,2.886670520264899,0.08312070146384502,0.11695030906234895
2019-02-26,2935,shrink,test,pca_only,8,20,log_euclidean,0.01,0.0006968543221214261,7988.130201120985,646.2376058957598,319.61369127047436,159.80684563523752,-272.46259847245454,4.065717485091687e-05,4.065612532843329e-05,1.3782554882269252e-05,2.4738176708908832,0.14178866615557414,0.10934681235764732
2019-02-26,2935,persistence,test,pca_only,8,20,log_euclidean,0.01,0.00020366872948265966,3584.451140870119,1273.4968669270447,7061.858233696943,3530.9291168484824,3027.018534115285,6.0474012458479124e-05,6.047296293599555e-05,1.1439691209561135e-07,1.670761730957316,0.04412918237988851,0.03871334043835674
2019-03-05,2940,D0_pca8,test,pca_only,8,20,log_euclidean,0.01,0.0002020231483689567,1796.2545743551818,4441.823432288487,90796.98106586943,45398.49053293472,43761.108756582784,4.759982320223902e-05,4.759867461122711e-05,6.246476203094486e-08,3.9222454186218014,0.1461058529482672,0.2676718308452742
2019-03-05,2940,rolling,test,pca_only,8,20,log_euclidean,0.01,0.0010149807109601184,4954.592600858118,698.212838200177,1447.9887801795583,723.9943900897722,270.29318197943434,5.643009914436061e-05,5.64289505533487e-05,1.2208043666722337e-06,3.4399056624804305,0.09932557527699161,0.16779244816031022
2019-03-05,2940,ewma,test,pca_only,8,20,log_euclidean,0.01,0.00019841706495591851,4762.909635317569,904.8144505889827,2507.5576137668536,1253.7788068834254,784.2799367310784,6.370685870469169e-05,6.370571011367979e-05,7.816286006897826e-07,3.36312392124391,0.11095948478006634,0.19234800455943674
2019-03-05,2940,ledoit_wolf,test,pca_only,8,20,log_euclidean,0.01,0.0004052930554939589,9006.38578702667,1036.1876327147,329.421068620337,164.71053431016895,-269.60543335489535,3.252592119736121e-05,3.25247726063493e-05,1.9562399025668244e-05,1.7409500907642423,0.04742446857982356,0.043632216080331326
2019-03-05,2940,oas,test,pca_only,8,20,log_euclidean,0.01,0.00080111028247726,7620.826179144502,722.4953766283928,360.5344857586898,180.26724287934485,-255.81975246788474,4.022542497721757e-05,4.022427638620566e-05,8.617746648254555e-06,2.6204234665456263,0.07403437076537811,0.09855677204950464
2019-03-05,2940,shrink,test,pca_only,8,20,log_euclidean,0.01,0.0007713827173417893,7939.235120899,762.3870300679866,325.0213007920493,162.5106503960249,-273.04234410748774,3.426451090759068e-05,3.426336231657877e-05,9.947337935379897e-06,2.2783554832122928,0.139142743219055,0.11200022786453986
2019-03-05,2940,persistence,test,pca_only,8,20,log_euclidean,0.01,0.00022492284631696975,3559.2917228106735,1442.531810112927,7138.290315059661,3569.145157529845,3057.0244796428747,5.715629228088224e-05,5.7155143689870336e-05,1.0472265792028034e-07,1.5788258436816223,0.053142847589090755,0.036707676943782734
2019-03-12,2945,D0_pca8,test,pca_only,8,20,log_euclidean,0.01,0.00017481227847043317,1782.1131906391597,5191.743806838344,98892.29642859995,49446.148214299974,48057.52835432228,4.0639551211502374e-05,4.063861189438589e-05,4.1955612027843135e-08,3.6675210347027396,0.18079749049060842,0.22796117345957997
2019-03-12,2945,rolling,test,pca_only,8,20,log_euclidean,0.01,0.00014088343673500858,4725.205267507021,684.2238357711328,2593.838682688186,1296.9193413440948,818.6801602768144,5.355023338858979e-05,5.354929407147331e-05,6.719527976631385e-07,3.4253128488569327,0.11548036599855918,0.18281097255813858
2019-03-12,2945,ewma,test,pca_only,8,20,log_euclidean,0.01,0.00014370199194157655,4553.968508888364,769.6419934521913,3023.447139369101,1511.723569684541,1027.1589752012708,5.4607566448853346e-05,5.460662713173686e-05,6.35461893572629e-07,3.44893937391986,0.13688950116952944,0.19266671416742862
2019-03-12,2945,ledoit_wolf,test,pca_only,8,20,log_euclidean,0.01,0.00012401124034926207,7657.707719052723,748.1417000345342,341.46507510763956,170.73253755381933,-268.44647645801723,3.314253541324078e-05,3.314159609612429e-05,1.0015513185361085e-05,2.290812167476544,0.07317978577582601,0.07822050458321383
2019-03-12,2945,oas,test,pca_only,8,20,log_euclidean,0.01,0.0001257923315901909,7448.45441058455,716.6439531913172,358.7694249699214,179.38471248496057,-260.3134076810755,3.472320708544207e-05,3.472226776832558e-05,8.60379522044865e-06,2.460628471430519,0.08061734964653844,0.09070379467216955
2019-03-12,2945,shrink,test,pca_only,8,20,log_euclidean,0.01,0.00012472601166134032,7457.316342985829,728.8447228769141,333.4149532440009,166.70747662200012,-273.02277180251457,3.1406154943020535e-05,3.140521562590405e-05,8.019187499793927e-06,2.281405943456918,0.13926780233689684,0.11502285568598232
2019-03-12,2945,persistence,test,pca_only,8,20,log_euclidean,0.01,0.00018044805695507482,3577.0157050231282,1035.554279274874,6564.986102495167,3282.493051247594,2762.283963917821,1.7269207423773226e-05,1.726826810665674e-05,1.697461244764358e-07,1.9831291673494598,0.05867326494575147,0.05830572129103826
2019-03-19,2950,D0_pca8,test,pca_only,8,20,log_euclidean,0.01,0.00018157120089735783,1810.8222874611617,4710.136632694864,115729.84366370669,57864.921831853346,57919.416853939205,1.9388773448318573e-05,1.9387455524288563e-05,2.445231506433818e-08,2.9449695667574116,0.10988473268006657,0.15896575720177636
2019-03-19,2950,rolling,test,pca_only,8,20,log_euclidean,0.01,0.0001390643954912449,4822.475499462715,765.0775579280997,2801.000833299748,1400.500416649873,933.6871366642075,4.021683300036707e-05,4.0215515076337065e-05,5.649376029087348e-07,3.2479694561638577,0.1004652538972548,0.16564063824258413
2019-03-19,2950,ewma,test,pca_only,8,20,log_euclidean,0.01,0.00014160762413884247,4628.980512288823,827.4481748295663,3498.7002927329545,1749.3501463664786,1276.5796990416325,4.742808422636071e-05,4.74267663023307e-05,5.269068556186941e-07,3.5492954567438604,0.11875576451532124,0.18849083171535794
2019-03-19,2950,ledoit_wolf,test,pca_only,8,20,log_euclidean,0.01,0.00013115821507883146,7698.777973920362,855.2133135517772,343.42264938080086,171.71132469039998,-265.69328214332614,2.9572952653326346e-05,2.9571634729296336e-05,9.258581754997364e-06,2.1484555007885047,0.06181276189532042,0.06881979092704181
2019-03-19,2950,oas,test,pca_only,8,20,log_euclidean,0.01,0.00013122963889139003,7514.789691787505,821.9914895571305,358.34085048259175,179.1704252412954,-258.5205167230346,3.0595050800768886e-05,3.059373287673888e-05,8.126272942012138e-06,2.298589850342025,0.06598561028993781,0.07926591808858385
2019-03-19,2950,shrink,test,pca_only,8,20,log_euclidean,0.01,0.00013301453759087564,7397.02011406482,816.7439750657437,344.84069151052245,172.42034575526117,-265.94419043189066,2.96598304044099e-05,2.965851248037989e-05,6.3959305632120115e-06,2.221436678848992,0.17958961631059794,0.12768267383257761
2019-03-19,2950,persistence,test,pca_only,8,20,log_euclidean,0.01,0.00016411284776337163,3452.9336791496753,1024.1757283896839,7131.067889888138,3565.533944944056,3132.114403823119,1.6427863058111205e-05,1.6426545134081195e-05,1.2367779018383025e-07,1.7940672897497854,0.06448279266583476,0.05029078690171323
2019-03-26,2955,D0_pca8,test,pca_only,8,20,log_euclidean,0.01,4.519280355421653e-05,1937.4320915966534,7104.264655068495,91135.99841925212,45567.999209626054,45048.69500714347,3.0301578077197503e-05,3.0301095340380468e-05,2.7799918073550552e-08,3.483986515829995,0.12252099993352705,0.19676146032824923
2019-03-26,2955,rolling,test,pca_only,8,20,log_euclidean,0.01,8.341264039997841e-05,4861.759691909305,780.3070393811242,2031.057509478269,1015.5287547391321,569.3433076695353,1.8468380148694248e-05,1.8467897411877213e-05,6.29651835503355e-07,3.2038444930151297,0.13845052206205416,0.17741000699985193
2019-03-26,2955,ewma,test,pca_only,8,20,log_euclidean,0.01,0.00018171566949062984,4656.922857633574,928.772492372577,1882.810205487302,941.4051027436492,494.62021561167523,1.8768418058462797e-05,1.8767935321645762e-05,6.827650958338642e-07,3.1376470228506435,0.1302564291811316,0.1655864811095168
2019-03-26,2955,ledoit_wolf,test,pca_only,8,20,log_euclidean,0.01,4.6429289605422135e-05,7965.057845013194,643.3296478661971,332.10053406186137,166.0502670309308,-286.4661818183248,1.0073096233852674e-05,1.0072613497035638e-05,9.876223021678617e-06,1.743099071889871,0.051601713201760234,0.04845260320653085
2019-03-26,2955,oas,test,pca_only,8,20,log_euclidean,0.01,5.445290974358131e-05,7643.210966698912,642.9175769450576,339.17456155514805,169.58728077757374,-282.8657892039549,1.0570348150527972e-05,1.0569865413710937e-05,8.344187568815978e-06,1.992451463822125,0.06598832716887196,0.06452608195853456
2019-03-26,2955,shrink,test,pca_only,8,20,log_euclidean,0.01,5.7400304795166414e-05,7395.196259739822,650.7787716797375,344.630292744577,172.3151463722892,-280.0983314089253,9.33738217385883e-06,9.336899437041795e-06,6.236254036306369e-06,2.0831764380734987,0.11744764165274811,0.10450034277198758
2019-03-26,2955,persistence,test,pca_only,8,20,log_euclidean,0.01,0.00017965193532021298,3416.921103884026,1164.5071443331537,3425.831337927349,1712.9156689636702,1282.2019642331343,1.3544782950817157e-05,1.3544300214000121e-05,1.9837641057876732e-07,1.881930223780258,0.054781869688561476,0.05433135204464171
2019-04-02,2960,D0_pca8,test,pca_only,8,20,log_euclidean,0.01,5.162840370674607e-05,1973.7339078534383,7235.450561541098,114888.76326998111,57444.38163499057,56186.142436650596,4.649499599559436e-05,4.6494506970879264e-05,2.5179905897968953e-08,3.339806008122164,0.1331070631293837,0.1836531295574528
2019-04-02,2960,rolling,test,pca_only,8,20,log_euclidean,0.01,0.00010084107213353805,4931.906719532443,940.8593458193807,2421.5067357041144,1210.7533678520713,742.6186675530046,3.057945099541068e-05,3.057896197069558e-05,6.345118790338085e-07,3.3400878450122207,0.1132080950494909,0.17546917650169472
2019-04-02,2960,ewma,test,pca_only,8,20,log_euclidean,0.01,0.00014720218243503342,4713.959025449376,1148.9213840023695,2389.8659811920274,1194.9329905959994,725.900592731273,3.5591354768050385e-05,3.559086574333529e-05,6.350228540136468e-07,3.206522114329957,0.10043649591465575,0.16196455420427727
2019-04-02,2960,ledoit_wolf,test,pca_only,8,20,log_euclidean,0.01,5.899936820276156e-05,7913.209374078386,660.9692006920652,340.00396048355634,170.00198024177857,-278.3178058945885,1.937087000204912e-05,1.937038097733402e-05,8.925461268720333e-06,1.7892910320260025,0.05136493630855652,0.04823291013207478
2019-04-02,2960,oas,test,pca_only,8,20,log_euclidean,0.01,6.829219587085937e-05,7606.512864081723,696.7924994084873,354.5321974659072,177.26609873295308,-271.34174528986813,2.0992639268055302e-05,2.09921502433402e-05,7.504499776613819e-06,2.010835975095609,0.05608248027769274,0.061380500179181834
2019-04-02,2960,shrink,test,pca_only,8,20,log_euclidean,0.01,6.961402419329723e-05,7396.128674012181,710.0832934433648,366.895735352599,183.44786767629955,-265.68920771527803,1.5114670392418688e-05,1.5114181367703589e-05,6.148639270382547e-06,2.05925657716586,0.12559510357963144,0.08859532909559972
2019-04-02,2960,persistence,test,pca_only,8,20,log_euclidean,0.01,0.00019287959421970287,3444.815772372881,1517.7631304337128,4249.502869940599,2124.7514349702988,1657.0391881223593,2.4014823693738627e-05,2.4014334669023526e-05,1.9349446979163859e-07,1.8725398659131933,0.06174312517495275,0.055349850938427765
2019-04-09,2965,D0_pca8,test,pca_only,8,20,log_euclidean,0.01,6.17311226484766e-05,2039.4210935329302,7012.188952498285,147406.5537396628,73703.27686983139,72112.32687817162,4.2824100348867916e-05,4.2823358078816516e-05,3.703995849811064e-08,3.9869863660129763,0.16505564103510945,0.26905104345465725
2019-04-09,2965,rolling,test,pca_only,8,20,log_euclidean,0.01,8.179880444602011e-05,4878.635319568131,788.5016232333368,3007.3138724897717,1503.656936244882,1053.8691201586414,2.425142289075614e-05,2.4250680620704744e-05,5.654308889913905e-07,3.3102664367668266,0.10532365100355992,0.17249898977058262
2019-04-09,2965,ewma,test,pca_only,8,20,log_euclidean,0.01,9.792743486548233e-05,4656.502867459004,911.626840339373,3113.86264250994,1556.9313212549787,1097.7098873175123,2.6073815089066394e-05,2.6073072819014998e-05,5.272328809112597e-07,3.201962567257072,0.09496420544649778,0.1561463352410351
2019-04-09,2965,ledoit_wolf,test,pca_only,8,20,log_euclidean,0.01,5.3648492346253446e-05,7991.996279561352,617.245129761462,336.4620311233743,168.23101556168714,-274.0468381938262,2.1915983355946235e-05,2.191524108589484e-05,8.708323385798336e-06,1.6191796151850948,0.04536544137148654,0.039342507719824275
2019-04-09,2965,oas,test,pca_only,8,20,log_euclidean,0.01,6.019704081691384e-05,7599.17988607482,621.0830205893835,356.66996579135616,178.33498289567785,-264.0524013600424,2.20916991529924e-05,2.2090956882941004e-05,7.240895299593963e-06,1.9240764932100998,0.051690598082207044,0.05500237337104872
2019-04-09,2965,shrink,test,pca_only,8,20,log_euclidean,0.01,6.5078386777346e-05,7256.169935562511,630.6495948331709,395.3517482079343,197.67587410396695,-245.27149616857469,2.1232523736411837e-05,2.123178146636044e-05,5.315081438340129e-06,2.1054503936261897,0.11514916582327389,0.08473877724795349
2019-04-09,2965,persistence,test,pca_only,8,20,log_euclidean,0.01,0.00016697271468447432,3509.4339620627056,1197.979826967778,5170.219228389773,2585.1096141949038,2120.803045508856,2.5721231324585087e-05,2.572048905453369e-05,1.527826915449758e-07,1.7707462390465263,0.06165135959609977,0.04654862970099219
2019-04-16,2970,D0_pca8,test,pca_only,8,20,log_euclidean,0.01,0.00011553420242194193,2040.598331424524,4064.7577694695838,128041.876299063,64020.9381495315,63424.654734797834,4.6815429857451187e-05,4.6814308948101e-05,2.1487320845296915e-08,3.121585729478394,0.14057364783182077,0.15984018828337077
2019-04-16,2970,rolling,test,pca_only,8,20,log_euclidean,0.01,7.63069772529571e-05,4701.355011809307,644.8519528150057,3003.632955955015,1501.8164779774988,1044.3139058447923,3.602741535696841e-05,3.602629444761822e-05,4.808292281407825e-07,3.0192883606372467,0.10645679098348591,0.15064536584504182
2019-04-16,2970,ewma,test,pca_only,8,20,log_euclidean,0.01,7.933860908532581e-05,4505.834907947945,694.5863477771395,3216.47979391464,1608.239896957325,1142.8895836792303,3.5026705910597716e-05,3.502558500124753e-05,4.1070338768613094e-07,2.804065332612675,0.09480991847565608,0.12740853571449748
2019-04-16,2970,ledoit_wolf,test,pca_only,8,20,log_euclidean,0.01,8.042144417730391e-05,7855.232079987948,802.5878035704955,321.24636711226856,160.62318355613417,-275.67818749715684,2.6891441133257124e-05,2.6890320223906933e-05,7.182906878754297e-06,1.5684210369258922,0.047696544803494174,0.039431338543044724
2019-04-16,2970,oas,test,pca_only,8,20,log_euclidean,0.01,7.570485836485316e-05,7422.106753615517,694.4983692834694,343.7654400926989,171.88272004634928,-264.6751176814874,2.667607496912041e-05,2.6674954059770218e-05,5.5352557574126e-06,1.7926531009546014,0.054571832584192556,0.051350274475922296
2019-04-16,2970,shrink,test,pca_only,8,20,log_euclidean,0.01,8.05468080344285e-05,7092.640198806805,656.8559844800034,385.4167795663186,192.70838978315902,-244.8412561545219,2.2221102823017942e-05,2.221998191366775e-05,4.245077940473989e-06,1.8313685661126564,0.12015511155052769,0.07812774813299914
2019-04-16,2970,persistence,test,pca_only,8,20,log_euclidean,0.01,0.0001473534059411517,3494.0297867088566,839.4692598041794,5085.616288072188,2542.8081440360907,2091.7607116903187,2.5271121748816313e-05,2.527000083946612e-05,1.724023705852273e-07,1.8614599668762168,0.04949185826736947,0.052105763973554715
2019-04-24,2975,D0_pca8,test,pca_only,8,20,log_euclidean,0.01,0.00014884403630606558,1961.4041602542761,4850.110566607591,125895.44664787642,62947.72332393822,62881.422886571534,5.8181435390119876e-05,5.818042063717316e-05,3.883228731208377e-08,4.123637243241184,0.19444525957324046,0.2856599542458652
2019-04-24,2975,rolling,test,pca_only,8,20,log_euclidean,0.01,9.023405882744791e-05,4780.347384414484,710.047660634549,3067.7879113311324,1533.8939556655687,1111.2982404812747,5.584522380833381e-05,5.584420905538709e-05,3.3433392160513875e-07,2.6829226424184403,0.0998964958496231,0.11159217887465665
2019-04-24,2975,ewma,test,pca_only,8,20,log_euclidean,0.01,0.00010069094454363139,4582.950179427936,840.649102451574,3227.16801965183,1613.5840098259137,1195.5911124953373,5.096417965249595e-05,5.0963164899549236e-05,3.0434634652638474e-07,2.5828617056240972,0.09384944708570706,0.1032701078904909
2019-04-24,2975,ledoit_wolf,test,pca_only,8,20,log_euclidean,0.01,0.00010671031867526211,7913.939562237615,1029.9752190683002,316.0164517515128,158.00822587575647,-277.57766166073134,3.204084376598756e-05,3.203982901304084e-05,7.19550638564737e-06,1.561872526046882,0.046031187568660085,0.03753679976105745
2019-04-24,2975,oas,test,pca_only,8,20,log_euclidean,0.01,9.713911264756415e-05,7483.037187042846,869.2128238888747,335.65614585605067,167.82807292802536,-267.3864243518682,3.4317048245287794e-05,3.431603349234108e-05,5.488354581231391e-06,1.8171577457005939,0.05429277545066456,0.0509454104758402
2019-04-24,2975,shrink,test,pca_only,8,20,log_euclidean,0.01,0.00010128322247246455,7111.031815122486,800.9207274568005,376.6686726882567,188.3343363441281,-247.67207728449603,2.601075081726043e-05,2.6009736064313712e-05,4.027402007953223e-06,1.9143862164526495,0.10371624665431671,0.0770466059041505
2019-04-24,2975,persistence,test,pca_only,8,20,log_euclidean,0.01,0.00011585366347178161,3439.7668900931694,1165.9180899485664,7185.8439021890445,3592.921951094534,3211.4779563640973,3.4672923319581005e-05,3.467190856663429e-05,7.503520285235224e-08,1.4981832509968926,0.043721629739472606,0.03342715827165926
2019-05-01,2980,D0_pca8,test,pca_only,8,20,log_euclidean,0.01,0.0001674887543265267,1929.0290523220992,3094.5828539037257,112263.22505864008,56131.61252932004,56232.773881149806,5.541319944706763e-05,5.5410308583428165e-05,1.9167351448786357e-08,2.8896512750659493,0.1522390618728442,0.13926065928855375
2019-05-01,2980,rolling,test,pca_only,8,20,log_euclidean,0.01,0.00010320840537344752,4748.842836796418,837.7535408691681,2964.8450343843874,1482.4225171921903,1053.9512342914645,4.511243359567996e-05,4.5109542732040494e-05,2.805882875273197e-07,2.4488551440840713,0.08588613136954507,0.0971961549691625
2019-05-01,2980,ewma,test,pca_only,8,20,log_euclidean,0.01,0.00012969541259467786,4560.107318881671,1176.8563388257994,3024.8420713626906,1512.421035681342,1086.3991861680247,4.397873241374867e-05,4.3975841550109206e-05,2.7185288768496657e-07,2.416341373384517,0.08122405001938779,0.09425326905664319
2019-05-01,2980,ledoit_wolf,test,pca_only,8,20,log_euclidean,0.01,0.00012456335314016588,7886.21215957731,1248.8590697399695,312.45753411564186,156.22876705782124,-279.3075758616454,3.363831869779551e-05,3.363542783415604e-05,6.8163976225359446e-06,1.5377227998681808,0.043629398353048736,0.03664954153943232
2019-05-01,2980,oas,test,pca_only,8,20,log_euclidean,0.01,0.00011357780339290372,7472.5040072540905,1072.164222492534,329.401128823945,164.7005644119729,-270.7471972552193,3.4056834078903845e-05,3.405394321526438e-05,5.199816836063954e-06,1.7946884438836281,0.05018480650423824,0.04957713116523292
2019-05-01,2980,shrink,test,pca_only,8,20,log_euclidean,0.01,0.00011688290647936878,7109.048624080635,989.4545193362982,360.02289195443393,180.01144597721714,-255.84811195308083,2.926026310576761e-05,2.925737224212814e-05,3.644137238835531e-06,1.88686127582918,0.10135255878311918,0.07596014125984836
2019-05-01,2980,persistence,test,pca_only,8,20,log_euclidean,0.01,0.00015104009648778184,3498.925119985287,1581.030022491172,6596.62564241276,3298.3128212063807,2916.9115306585795,5.783255305658843e-05,5.7829662192948965e-05,8.110902519509007e-08,1.5255306503856658,0.046513065883675035,0.03282678669376207
2019-05-08,2985,D0_pca8,test,pca_only,8,20,log_euclidean,0.01,0.0003063231886683594,1971.58949038363,3713.4371853255466,114680.06620343715,57340.033101718574,57918.1979665906,8.36527641712594e-05,8.364979385171658e-05,4.360509817478954e-08,3.7403609920192453,0.14830779826843424,0.2490409673274524
2019-05-08,2985,rolling,test,pca_only,8,20,log_euclidean,0.01,0.00017458561777081535,4742.518446884236,839.8969710406955,2655.0306846176304,1327.5153423088111,895.6249336244116,4.818117475994674e-05,4.8178204440403915e-05,3.1063706733993463e-07,2.6154321907130096,0.07177597143191376,0.10123584932091685
2019-05-08,2985,ewma,test,pca_only,8,20,log_euclidean,0.01,0.0001938900646521759,4573.737437569112,1047.3235073576286,2669.1027406174608,1334.5513703087256,906.7068325218095,4.8191217780950974e-05,4.818824746140815e-05,3.04463735401502e-07,2.591932522067814,0.07194033694915304,0.09675298874941651
2019-05-08,2985,ledoit_wolf,test,pca_only,8,20,log_euclidean,0.01,0.00022236952548141068,7860.436381186375,1326.9200082021403,297.71725480698086,148.85862740349017,-279.0832294040422,4.597697716269829e-05,4.597400684315547e-05,7.203010530096368e-06,1.6652700141853598,0.04488027453590416,0.04262293135447131
2019-05-08,2985,oas,test,pca_only,8,20,log_euclidean,0.01,0.00020361709091865326,7490.812547635488,1143.4395247228185,311.091134659183,155.5455673295914,-272.4291215896832,4.46097846460078e-05,4.4606814326464976e-05,5.539984810006281e-06,1.888945019264485,0.04834154124943187,0.05414261693538831
2019-05-08,2985,shrink,test,pca_only,8,20,log_euclidean,0.01,0.0002086905801604708,7205.580259230117,1071.285462010244,327.0968026747021,163.54840133735067,-265.7498060834632,4.047241534759458e-05,4.046944502805176e-05,4.10635864043838e-06,2.0182974726784018,0.11140558621789783,0.07597845716480638
2019-05-08,2985,persistence,test,pca_only,8,20,log_euclidean,0.01,0.0002500286953627771,3618.8386744304808,1453.6959858187276,6200.7374447364855,3100.368722368238,2716.302251851771,6.665636012455372e-05,6.66533898050109e-05,1.1644352245273357e-07,1.6526922924047474,0.06950362137163588,0.04214024078206076
2019-05-15,2990,D0_pca8,test,pca_only,8,20,log_euclidean,0.01,0.00018664237252674696,1949.3450287498417,4512.935705947648,95749.04750352757,47874.52375176377,47509.5028520201,6.120022131367084e-05,6.119675392157353e-05,3.1673064647163766e-08,3.119504819373126,0.10998362573681165,0.15979962545683324
2019-05-15,2990,rolling,test,pca_only,8,20,log_euclidean,0.01,8.970877601563099e-05,4629.717342530418,597.3473914155451,2668.72771658853,1334.3638582942572,888.3655537642553,4.5444350829101956e-05,4.544088343700465e-05,3.6304733896609607e-07,2.7545940863344636,0.08309926310196666,0.11651536072487896
2019-05-15,2990,ewma,test,pca_only,8,20,log_euclidean,0.01,8.395725730538038e-05,4468.983953137609,681.7896160357753,2581.5287029190717,1290.7643514595316,849.6101737507151,4.6402053459810764e-05,4.6398586067713455e-05,3.774962509731626e-07,2.724377274724403,0.08069064546666309,0.11125227172383573
2019-05-15,2990,ledoit_wolf,test,pca_only,8,20,log_euclidean,0.01,0.00010509592520929542,7609.112908807068,728.6602362769938,312.6172141258729,156.30860706293612,-275.6103092059687,4.376595583341427e-05,4.376248844131696e-05,7.0876378907703635e-06,1.9056645820734919,0.0576226148808582,0.05449187139300944
2019-05-15,2990,oas,test,pca_only,8,20,log_euclidean,0.01,9.70262000642853e-05,7203.622139563741,644.7994131694836,341.82907636144904,170.9145381807245,-261.2298268758239,4.365799822649732e-05,4.365453083440001e-05,5.140242648781841e-06,2.1578013733626085,0.06402328395565919,0.0689228539476584
2019-05-15,2990,shrink,test,pca_only,8,20,log_euclidean,0.01,0.00010548597771351013,7218.3638376156005,659.1966754005514,336.4226981870841,168.2113490935419,-265.00786245961297,4.5007869308806564e-05,4.5004401916709256e-05,4.835103206709168e-06,2.0424307437878944,0.12584263582161162,0.08530645037576094
2019-05-15,2990,persistence,test,pca_only,8,20,log_euclidean,0.01,0.00011167824805701107,3515.3557390741835,826.2615440907181,5126.409312924539,2563.2046564622665,2123.731230555854,5.6607759528204906e-05,5.66042921361076e-05,1.817640218321806e-07,1.9053251296676164,0.061599557176467055,0.05750379410898637
2019-05-22,2995,D0_pca8,test,pca_only,8,20,log_euclidean,0.01,0.00017025122385507449,1905.1744313891445,5045.453883761439,93323.66491449792,46661.83245724895,45197.48808865618,8.662721100040448e-05,8.662443841529582e-05,4.5014570447208784e-08,3.415153370477033,0.16682108564039572,0.2145597158022275
2019-05-22,2995,rolling,test,pca_only,8,20,log_euclidean,0.01,8.537045187139836e-05,4589.919038332822,600.6555254208901,2487.3293619042906,1243.664680952146,800.5241280476918,4.9956788806408396e-05,4.995401622129974e-05,3.2949446054954873e-07,2.6407595010914315,0.07695515805100749,0.1061264505047407
2019-05-22,2995,ewma,test,pca_only,8,20,log_euclidean,0.01,7.958778710583432e-05,4421.699701856813,681.0773962956166,2480.526356706914,1240.2631783534616,797.0657693960715,4.9920561273143397e-05,4.991778868803474e-05,3.3468080148678176e-07,2.580516291978001,0.07833921780800704,0.10412733331203197
2019-05-22,2995,ledoit_wolf,test,pca_only,8,20,log_euclidean,0.01,0.00010054871513077732,7681.778108564322,743.5637731114064,308.0439951408152,154.02199757040742,-281.13652716767695,4.422911292563247e-05,4.422634034052381e-05,6.871767897845538e-06,1.7968132580806961,0.046767428614166585,0.04827333316508671
2019-05-22,2995,oas,test,pca_only,8,20,log_euclidean,0.01,9.204857642251745e-05,7252.003711233638,651.214415694926,331.1603878717383,165.58019393586935,-269.85794316616705,4.527355706449656e-05,4.52707844793879e-05,4.9431086786169946e-06,2.063185995863036,0.05229999847376664,0.0624111568708726
2019-05-22,2995,shrink,test,pca_only,8,20,log_euclidean,0.01,9.926850941117612e-05,7212.978343555843,658.7762210686309,334.05032547198266,167.02516273599122,-268.8164124839627,4.388245433746322e-05,4.387968175235456e-05,4.155598371260458e-06,2.0503281131004165,0.1047524279081103,0.08122601164987675
2019-05-22,2995,persistence,test,pca_only,8,20,log_euclidean,0.01,9.519192633574607e-05,3462.5461242541214,807.1220436307059,4928.438413745163,2464.2192068725885,1986.5532585897495,5.1597185491051597e-05,5.159441290594294e-05,1.7252555376123914e-07,1.8340465118235791,0.0671502362211495,0.054302351014512355
2019-05-30,3000,D0_pca8,test,pca_only,8,20,log_euclidean,0.01,0.0001325136220531086,1967.3817266101837,5552.2864561528195,109413.31797727867,54706.65898863934,52883.32114696024,8.371274057339025e-05,8.370842542124766e-05,3.841986660304941e-08,3.9516256729591697,0.15086715862448072,0.25308009961728894
2019-05-30,3000,rolling,test,pca_only,8,20,log_euclidean,0.01,6.866131689938474e-05,4605.842380937178,554.7411280988815,2306.569002323986,1153.2845011619975,678.5250982075388,4.9422958338531106e-05,4.941864318638852e-05,4.786669187810883e-07,3.0647133610302166,0.1148891169613368,0.14359332442504325
2019-05-30,3000,ewma,test,pca_only,8,20,log_euclidean,0.01,7.091802726843717e-05,4422.120854927849,602.221894406147,2331.4460274942858,1165.7230137471388,688.4480548614486,4.5935479854996226e-05,4.593116470285364e-05,4.798057788027263e-07,2.9883662161290667,0.11683535804013355,0.1427803245518866
2019-05-30,3000,ledoit_wolf,test,pca_only,8,20,log_euclidean,0.01,6.746955289640805e-05,7663.899629233834,591.1366773676446,312.4740634975912,156.23703174879535,-284.04381065650443,4.2854021735128285e-05,4.28497065829857e-05,8.154823698225108e-06,1.9644539330452797,0.058198496103973936,0.0569388302904552
2019-05-30,3000,oas,test,pca_only,8,20,log_euclidean,0.01,6.530123435308856e-05,7302.901003988046,543.2702891455633,330.6594764558225,165.32973822791104,-275.5618872415399,4.492935802868951e-05,4.4925042876546925e-05,6.32010758604736e-06,2.206778177508955,0.07121566862022422,0.07242574529007147
2019-05-30,3000,shrink,test,pca_only,8,20,log_euclidean,0.01,7.018988840619013e-05,7296.595766907896,557.4081945880176,329.9604785997577,164.98023929987892,-275.992748421146,4.221246474034179e-05,4.220814958819921e-05,5.371665144245707e-06,2.161584647566579,0.1424118950979819,0.09878991538997142
2019-05-30,3000,persistence,test,pca_only,8,20,log_euclidean,0.01,9.627610216559426e-05,3324.2099771116964,875.8615955920329,4432.98309821483,2216.4915491074125,1720.7295906498778,3.577619993601133e-05,3.577188478386874e-05,2.781804375410217e-07,2.2489236426826476,0.12120603044185518,0.0861690223386988
2019-06-06,3005,D0_pca8,test,pca_only,8,20,log_euclidean,0.01,7.12936161434455e-05,1894.8639484471514,7059.934020454046,98725.01626217375,49362.50813108687,47150.82242204972,0.00012973698040381242,0.00012973556221355058,5.716434717582671e-08,4.308497917164811,0.1643389135378679,0.3171010548620485
2019-06-06,3005,rolling,test,pca_only,8,20,log_euclidean,0.01,8.670597456675799e-05,4697.253291107681,893.4297869342254,2582.402906769938,1291.201453384972,794.3772484125388,4.9073890902611926e-05,4.9072472712350085e-05,5.904951100644737e-07,3.4643789479954,0.11845671496947738,0.18316234883239046
2019-06-06,3005,ewma,test,pca_only,8,20,log_euclidean,0.01,0.00017304138480895794,4518.747744955083,1154.226865359172,2142.986088060253,1071.4930440301248,584.0571864797394,4.5950793524458476e-05,4.5949375334196635e-05,7.133898831469906e-07,3.366932592654838,0.11511415907139778,0.17450911633661167
2019-06-06,3005,ledoit_wolf,test,pca_only,8,20,log_euclidean,0.01,6.326342796455157e-05,7358.6880976701195,668.9260651434067,351.55477835325433,175.77738917662703,-275.1356929003591,3.56855267531693e-05,3.568410856290746e-05,7.904300331643767e-06,2.3504177148806136,0.07463955805241408,0.08182696706431655
2019-06-06,3005,oas,test,pca_only,8,20,log_euclidean,0.01,6.565658044439324e-05,7230.515978094258,687.5828219063318,363.80647378431445,181.90323689215768,-269.4116343194233,3.653214217035857e-05,3.653072398009673e-05,7.151588995969146e-06,2.455847653731698,0.07899518514763465,0.0893004253528799
2019-06-06,3005,shrink,test,pca_only,8,20,log_euclidean,0.01,6.053239787735619e-05,7363.806083217377,668.3607089481704,363.5265192376113,181.763259618806,-269.84804202503653,3.721977450941341e-05,3.721835631915157e-05,6.86493297798996e-06,2.2838481280072362,0.09534009074378877,0.09925959440962943
2019-06-06,3005,persistence,test,pca_only,8,20,log_euclidean,0.01,0.00023612760100260693,3342.8031731910596,1550.2517790164654,3548.0331773391704,1774.0165886695838,1264.797594207159,5.231773134642609e-05,5.231631315616425e-05,3.494076781445173e-07,2.3947456864403462,0.09053465772037625,0.09110843928894788
2019-06-13,3010,D0_pca8,test,pca_only,8,20,log_euclidean,0.01,6.277663841646563e-05,2018.0177751740648,7223.45008658112,88198.15956461245,44099.07978230623,42857.055301400214,0.00015208974255690984,0.00015208845548079044,3.3368320209647623e-08,3.255281658928238,0.12550035049260758,0.1737817446811488
2019-06-13,3010,rolling,test,pca_only,8,20,log_euclidean,0.01,8.650799442443988e-05,4691.39573774214,808.7536183138831,2834.339928639848,1417.1699643199254,929.333365751608,4.353984193477793e-05,4.353855485865852e-05,6.121229873345186e-07,3.404940779140336,0.1292907129196655,0.1930143557123377
2019-06-13,3010,ewma,test,pca_only,8,20,log_euclidean,0.01,0.0001268485977781367,4497.829562431651,925.8767170984494,2535.981686585965,1267.9908432929783,786.7097043557417,4.298074272781106e-05,4.297945565169165e-05,6.677641569488825e-07,3.3379456392164655,0.12749390084485873,0.18434475368003797
2019-06-13,3010,ledoit_wolf,test,pca_only,8,20,log_euclidean,0.01,6.189869623890275e-05,7388.32098719709,614.3859911615358,357.14414968741494,178.57207484370764,-270.7513828604281,3.3042593170162484e-05,3.3041306094043074e-05,8.183950943661678e-06,2.2358907926268135,0.07997666449266404,0.07824935982188674
2019-06-13,3010,oas,test,pca_only,8,20,log_euclidean,0.01,6.469803744732592e-05,7246.456958230978,630.608313472342,371.74552298867593,185.87276149433836,-263.78692991491926,3.3848557367064786e-05,3.384727029094538e-05,7.374470713001344e-06,2.3536905663374057,0.08534620812574226,0.08672809630854778
2019-06-13,3010,shrink,test,pca_only,8,20,log_euclidean,0.01,5.9772664370357824e-05,7350.352104602235,613.3627716660003,373.2688182894385,186.634409144719,-263.6186348519482,3.8208334329709693e-05,3.8207047253590284e-05,6.970442305062494e-06,2.2416637907476504,0.11009733588247284,0.09600133763982653
2019-06-13,3010,persistence,test,pca_only,8,20,log_euclidean,0.01,0.00015739223139621365,3349.4484571239946,1110.74777944963,4085.831458126243,2042.9157290631272,1544.7397814165956,3.542886602547913e-05,3.5427578949359724e-05,3.295772286262131e-07,2.518227031905847,0.07531668240274772,0.09284879923191579
2019-06-20,3015,D0_pca8,test,pca_only,8,20,log_euclidean,0.01,5.549515016920971e-05,1908.8505164392986,6935.91148859619,76569.97990481334,38284.98995240664,37074.9988107136,7.288506287414767e-05,7.2883372781501e-05,3.5015928971810023e-08,3.0638133405071004,0.1182671912015141,0.16383095510241194
2019-06-20,3015,rolling,test,pca_only,8,20,log_euclidean,0.01,9.731610013718139e-05,4661.692883348806,879.4218942692579,2727.5776039655984,1363.7888019828029,885.82150937042,5.448548917235933e-05,5.448379907971265e-05,7.231075822952322e-07,3.6843105244738967,0.1357612413441512,0.2215944997495453
2019-06-20,3015,ewma,test,pca_only,8,20,log_euclidean,0.01,0.00010933519051030646,4465.323396519763,908.3116915910861,2757.955541636898,1378.977770818443,901.085172639996,5.3115245460976966e-05,5.311355536833029e-05,7.026062200504916e-07,3.5946069707564545,0.131466717415765,0.21065905326388873
2019-06-20,3015,ledoit_wolf,test,pca_only,8,20,log_euclidean,0.01,6.769595999267567e-05,7353.112340212606,670.9849544657029,360.5223606195493,180.2611803097746,-269.69524447871083,4.127503497011953e-05,4.1273344877472855e-05,8.288298415972633e-06,2.2300413322553303,0.08010123908638356,0.07914411623693726
2019-06-20,3015,oas,test,pca_only,8,20,log_euclidean,0.01,7.090097556590466e-05,7226.113193758237,688.6087646075239,373.8181438399123,186.90907191995632,-263.2896204075902,4.2582471114266684e-05,4.2580781021620006e-05,7.591167096088387e-06,2.339387365563348,0.08479641437043993,0.08704387491351556
2019-06-20,3015,shrink,test,pca_only,8,20,log_euclidean,0.01,6.329656096696289e-05,7355.66811023268,652.6047385049707,370.4852534946501,185.24262674732495,-265.6380665132854,4.680141371078367e-05,4.679972361813699e-05,7.360714160828834e-06,2.1633164343202913,0.12164270805597753,0.09408329416688876
2019-06-20,3015,persistence,test,pca_only,8,20,log_euclidean,0.01,0.0001544834400792676,3334.60038164704,1121.3666989671683,4285.334580796452,2142.667290398239,1637.3938299703746,4.363632773682036e-05,4.3634637644173684e-05,3.061934457388405e-07,2.5218721302841036,0.07779149836581443,0.09025108450170584
2019-06-27,3020,D0_pca8,test,pca_only,8,20,log_euclidean,0.01,5.582235897033032e-05,1970.2734669420324,7034.190579291853,93134.62174004667,46567.31087002331,45504.29845101361,7.821657573576711e-05,7.821509051832276e-05,4.864860340038496e-08,3.711100483618657,0.1703286635911712,0.2535401256004788
2019-06-27,3020,rolling,test,pca_only,8,20,log_euclidean,0.01,9.11364520055116e-05,4797.449596509844,809.1909775567879,2850.1883178441094,1425.0941589220463,948.6042945750072,6.106824779450409e-05,6.106676257705974e-05,1.0254508070647266e-06,4.371599738971001,0.13096642751166812,0.3072080960651848
2019-06-27,3020,ewma,test,pca_only,8,20,log_euclidean,0.01,8.999730883682253e-05,4574.164406572613,828.6915444076856,3044.802416422089,1522.401208211044,1044.7576168816815,6.628427992118747e-05,6.628279470374312e-05,9.627247640868454e-07,4.342443040148919,0.12718075411050617,0.30646339672876516
2019-06-27,3020,ledoit_wolf,test,pca_only,8,20,log_euclidean,0.01,6.28661320823515e-05,7411.61048307299,613.4839090909087,362.5777060242496,181.28885301212532,-267.7827495694548,3.4601815748054687e-05,3.4600330530610336e-05,1.0583621297092199e-05,2.3992402030903905,0.0842120144346709,0.08825910933144802
2019-06-27,3020,oas,test,pca_only,8,20,log_euclidean,0.01,6.571828297595762e-05,7292.278714608081,628.1618435131646,375.51216711753796,187.75608355877,-261.5323627697055,3.641274185257104e-05,3.641125663512669e-05,9.858754916819025e-06,2.5333408302965847,0.08845365237761317,0.09829468343075097
2019-06-27,3020,shrink,test,pca_only,8,20,log_euclidean,0.01,5.9490108469657696e-05,7410.867487226815,605.994135008712,373.2061122886515,186.6030561443264,-263.1589258579553,3.989830279442134e-05,3.989681757697699e-05,9.653344689581945e-06,2.284492264416274,0.12046163480996633,0.10610952397839199
2019-06-27,3020,persistence,test,pca_only,8,20,log_euclidean,0.01,0.0001185869655790814,3378.147973630151,985.1868730837157,4851.458440767935,2425.7292203839716,1939.554322174521,5.157722036090384e-05,5.157573514345949e-05,3.537938379610584e-07,2.771329978307777,0.0847121627538323,0.11518118256710122
2019-07-05,3025,D0_pca8,test,pca_only,8,20,log_euclidean,0.01,0.00020309625832602802,1946.6300057247363,6669.430727978175,182226.3670937688,91113.1835468844,88984.12372221201,9.351928638533789e-05,9.351793574988432e-05,2.121677008332152e-08,3.55609946174573,0.10937151943530454,0.1824543335629631
2019-07-05,3025,rolling,test,pca_only,8,20,log_euclidean,0.01,0.00018546159853621367,4795.429891800517,949.3194967040388,3628.12190195635,1814.0609509781639,1335.0703706560766,8.972075162142511e-05,8.971940098597155e-05,8.43104848503066e-07,3.996354031922593,0.1405443063276856,0.25503199881554467
2019-07-05,3025,ewma,test,pca_only,8,20,log_euclidean,0.01,0.00018939055995445956,4577.142084135824,942.1268949802794,3809.087494896981,1904.5437474484957,1424.2156368556243,0.00012759825288896214,0.00012759690225350856,8.887034014096321e-07,4.249984770013031,0.13005588666394344,0.2779809969883843
2019-07-05,3025,ledoit_wolf,test,pca_only,8,20,log_euclidean,0.01,0.00016763160153795308,7370.7354657051355,757.4372779657754,399.9085618038506,199.954280901925,-230.1971050574914,3.548678288066208e-05,3.548543224520851e-05,9.50225908360776e-06,2.4518953437011484,0.09136108813521003,0.09316832534079104
2019-07-05,3025,oas,test,pca_only,8,20,log_euclidean,0.01,0.0001691099581591431,7259.874309028769,770.846733254077,419.8946353255858,209.9473176627927,-220.56627618501975,3.8585278911069415e-05,3.8583928275615846e-05,8.791366658108952e-06,2.5547041886262702,0.09493730644647759,0.10172565054508911
2019-07-05,3025,shrink,test,pca_only,8,20,log_euclidean,0.01,0.00016424463139076345,7413.840466112586,750.3921378483199,377.09593337479794,188.54796668739885,-241.36872613576074,3.325192325481201e-05,3.325057261935844e-05,8.748444876796829e-06,2.2926539637358494,0.12110065782053162,0.10709423993927661
2019-07-05,3025,persistence,test,pca_only,8,20,log_euclidean,0.01,0.0001991910127746814,3520.4983398916797,1099.7682281999791,8709.179715251003,4354.589857625514,3853.047311755568,3.7123828813578414e-05,3.7122478178124844e-05,1.421511989363927e-07,2.0030208288618683,0.05738629876587439,0.05635358543687478
2019-07-12,3030,D0_pca8,test,pca_only,8,20,log_euclidean,0.01,0.00034044910253529194,1938.1118236688822,4077.648214114958,180327.20647997837,90163.6032399892,87799.2904866379,0.00016039659733638854,0.00016039414644209167,2.998706439338443e-08,3.9525129810126605,0.1372504081674484,0.2553863313386705
2019-07-12,3030,rolling,test,pca_only,8,20,log_euclidean,0.01,0.0001837702889502937,4677.9406033390005,660.2731102245843,3488.0979457310323,1744.048972865507,1294.6145678594914,0.0001256504638965803,0.00012564801300228343,8.363820770635429e-07,3.954170908220207,0.17836843225010837,0.25786314238887387
2019-07-12,3030,ewma,test,pca_only,8,20,log_euclidean,0.01,0.00023684461373767765,4490.19911793236,839.3933987609053,4029.057228184737,2014.5286140923636,1563.2861647238403,0.0001313028061931664,0.00013130035529886953,8.242010406020303e-07,4.266784588544135,0.15318337041327074,0.28557063966186325
2019-07-12,3030,ledoit_wolf,test,pca_only,8,20,log_euclidean,0.01,0.00019882589689360024,7283.95063017679,728.5334605298972,383.5569204481426,191.77846022407186,-229.86041828557245,7.073253693754933e-05,7.073008604325245e-05,9.203937003864169e-06,2.396437715762117,0.1031043117847685,0.0939684785422988
2019-07-12,3030,oas,test,pca_only,8,20,log_euclidean,0.01,0.00019619564652690658,7157.672182613176,710.1639613521113,405.86089524948005,202.93044762474074,-218.93950148996896,7.350958108900617e-05,7.350713019470929e-05,8.430221256942464e-06,2.5157623767888326,0.10889294503171558,0.10361033312164228
2019-07-12,3030,shrink,test,pca_only,8,20,log_euclidean,0.01,0.000205803045375969,7336.543395292003,740.6499600510526,365.0215001610015,182.51075008050074,-238.97240022136197,6.697142330203328e-05,6.69689724077364e-05,8.389953286119578e-06,2.3024083027593907,0.1261448640340611,0.11034435637336436
2019-07-12,3030,persistence,test,pca_only,8,20,log_euclidean,0.01,0.00029144845067231894,3489.666013775321,1283.9104190379023,9000.915045260354,4500.45752263018,4020.57660962511,0.00010718869747623152,0.00010718624658193464,1.3536410117160804e-07,1.8925344577176735,0.060749820084728436,0.053351029609797054
2019-07-19,3035,D0_pca8,test,pca_only,8,20,log_euclidean,0.01,0.0007015563710334101,2030.7545222288936,3247.0404574404024,112993.30329456873,56496.65164728436,55539.7165712956,0.00014674959172598855,0.0001467458410318901,3.4218514148411324e-08,2.9101660468718187,0.14610528661276914,0.15002023077415869
2019-07-19,3035,rolling,test,pca_only,8,20,log_euclidean,0.01,0.00042962292148609674,4789.885639114127,891.066365891715,4470.104282031309,2235.0521410156575,1800.9391062061052,9.696594115101846e-05,9.696219045692001e-05,9.055905689501626e-07,4.026192261036835,0.15708592923547338,0.2870348414176161
2019-07-19,3035,ewma,test,pca_only,8,20,log_euclidean,0.01,0.0005704424553493149,4600.9181295595135,1290.9255715527167,5046.24810534581,2523.1240526729025,2087.913035654161,0.00010832199636654332,0.00010831824567244486,8.071246972889744e-07,4.0669034402278115,0.1497672041636226,0.28186709551199507
2019-07-19,3035,ledoit_wolf,test,pca_only,8,20,log_euclidean,0.01,0.0004894932191261795,7331.230562329845,1147.8069413888445,390.8471697152241,195.42358485761173,-216.7490396252527,0.00010314599504206982,0.00010314224434797136,9.752868304623667e-06,2.3920289024494257,0.09034814214685159,0.08661922436164878
2019-07-19,3035,oas,test,pca_only,8,20,log_euclidean,0.01,0.00047871964538238876,7169.604231903477,1093.6812936080125,426.5437885737367,213.27189428686825,-199.17182438274554,0.00010208246408046843,0.00010207871338636998,8.830525360402324e-06,2.5517507782916278,0.09634453136284946,0.10006364450531002
2019-07-19,3035,shrink,test,pca_only,8,20,log_euclidean,0.01,0.0005044949904111143,7289.317825927976,1153.578398388417,383.25049591585855,191.62524795792925,-219.88724697602953,9.44771960879319e-05,9.447344539383344e-05,8.23251360390152e-06,2.349890009601803,0.13507347820503932,0.11611668978065391
2019-07-19,3035,persistence,test,pca_only,8,20,log_euclidean,0.01,0.0006587270812830116,3568.340978549634,1819.5215081519923,10101.680907935857,5050.840453967928,4581.761723703634,0.00016414473314642147,0.000164140982452323,1.526595165176577e-07,1.9489736721321893,0.06624398953290878,0.061294904067718196
2019-07-26,3040,D0_pca8,test,pca_only,8,20,log_euclidean,0.01,0.0010081088410257189,1989.4748739130455,1931.3627264860172,225186.84672652162,112593.4233632608,111178.03920512498,0.0001959776169007206,0.0001959740349062855,1.700012610834393e-08,3.127938983313891,0.14601331112870047,0.1684605059896709
2019-07-26,3040,rolling,test,pca_only,8,20,log_euclidean,0.01,0.0006961177628315041,4733.00019760873,1624.0166752584294,4478.075419818105,2239.0377099090474,1821.2988712645188,0.0001907815306041002,0.00019077794860966512,7.818489056737543e-07,3.8300033184999864,0.1355973636201975,0.261179090724572
2019-07-26,3040,ewma,test,pca_only,8,20,log_euclidean,0.01,0.0007968662727467894,4559.6283385044935,1980.9549424802535,4802.350095237206,2401.1750476186003,1986.564837931488,0.0001625203772234224,0.00016251679522898732,7.658228323090195e-07,3.949511563654471,0.1513461645714209,0.27263938512247615
2019-07-26,3040,ledoit_wolf,test,pca_only,8,20,log_euclidean,0.01,0.0007687486918889139,7398.81126270235,1994.0663361272236,376.2632411730758,188.1316205865382,-221.22144050354342,0.00016624825500115683,0.00016624467300672174,9.435777322665884e-06,2.118309305105719,0.07416478494917116,0.07689820049522288
2019-07-26,3040,oas,test,pca_only,8,20,log_euclidean,0.01,0.0007622696765336231,7321.218848493849,1958.51150932547,390.0310064782503,195.0155032391257,-214.37978881588933,0.00016704243647782877,0.00016703885448339368,9.037569009275209e-06,2.1941694844365753,0.07605623228122982,0.08290135810357448
2019-07-26,3040,shrink,test,pca_only,8,20,log_euclidean,0.01,0.0007757650920765448,7267.474504303714,1957.107449664989,379.9066056469851,189.95330282349275,-219.30658599839663,0.0001556813123538751,0.00015567773035944,7.431296556325991e-06,2.167498364543142,0.18833584553684976,0.12898989714576922
2019-07-26,3040,persistence,test,pca_only,8,20,log_euclidean,0.01,0.0008706147053805207,3700.020156101269,2329.9989600441363,10435.186688514063,5217.593344257041,4805.611802831241,0.0001893771698580637,0.0001893735878636286,1.5436991618176923e-07,1.976018919956372,0.06683012742589789,0.06135629002122297
2019-08-02,3045,D0_pca8,test,pca_only,8,20,log_euclidean,0.01,0.0009764058029768032,1909.2460154806076,1296.521398656504,97180.46949875029,48590.23474937515,46752.386658742085,0.00011537306777817255,0.00011536973639030259,3.021908542122557e-08,3.428484616797426,0.12056276501742226,0.1909653916692084
2019-08-02,3045,rolling,test,pca_only,8,20,log_euclidean,0.01,0.0006693337937099204,4759.480920754556,2396.73971249569,2304.958394619891,1152.4791973099432,698.690551023573,0.00023097375872996027,0.0002309704273420903,8.118006632314777e-07,3.730332567076938,0.12230452301052594,0.2364761973813866
2019-08-02,3045,ewma,test,pca_only,8,20,log_euclidean,0.01,0.000837227425691618,4565.636886018224,3055.675363835662,1898.4573756326156,949.2286878163072,503.5755136214774,0.000174982396748733,0.00017497906536086304,1.0764904538555672e-06,3.727359065990255,0.14058390885901093,0.23539852129938993
2019-08-02,3045,ledoit_wolf,test,pca_only,8,20,log_euclidean,0.01,0.0007748425499480619,7865.067941015681,3083.878409841176,281.5682620360776,140.78413101803835,-281.7948616121933,0.0001858621884329716,0.00018585885704510164,1.2108302501426132e-05,1.869484233560005,0.05985948703677276,0.05642962003848221
2019-08-02,3045,oas,test,pca_only,8,20,log_euclidean,0.01,0.000737568332160944,7499.517680953857,2847.2133492868693,294.65992352681013,147.32996176340512,-275.7246834097299,0.00019386988407376084,0.00019386655268589087,1.0245055064535592e-05,2.2590811952394674,0.07162656680226745,0.0830048525057038
2019-08-02,3045,shrink,test,pca_only,8,20,log_euclidean,0.01,0.0007542230409634946,7411.193317093587,2828.826053573561,300.214159015306,150.10707950765274,-273.70825606242335,0.00017344683084905026,0.0001734434994611803,8.392984937799553e-06,2.253890051435757,0.19940751218710787,0.12511666270341612
2019-08-02,3045,persistence,test,pca_only,8,20,log_euclidean,0.01,0.0008677438434103489,3586.6845082494797,3359.7657804882665,4659.756062062468,2329.8780310312177,1850.9212412354427,0.00018404440500825834,0.00018404107362038837,1.5843242526456352e-07,1.6960706038813627,0.04491890086397167,0.04097487864125742
2019-08-09,3050,D0_pca8,test,pca_only,8,20,log_euclidean,0.01,0.0008457119113708097,1940.2216081504016,1478.9162295240312,166648.29744278756,83324.14872139378,80536.49205659585,0.00011672208819982891,0.00011671799506389198,1.751199406264798e-08,3.547036104223796,0.12523942607589406,0.1928707887006757
2019-08-09,3050,rolling,test,pca_only,8,20,log_euclidean,0.01,0.00046554880800118607,4822.332322530347,1380.8850542939676,1974.8442690163201,987.4221345081568,549.1016175746829,9.568910601261305e-05,9.568501287667611e-05,1.260567779492967e-06,4.4799516432119155,0.15630687632206777,0.3265921548061946
2019-08-09,3050,ewma,test,pca_only,8,20,log_euclidean,0.01,0.0004294132848838594,4622.451644058583,1147.54830628105,1595.8391480900357,797.9195740450184,359.900102594005,9.282228231230924e-05,9.281818917637231e-05,1.4635203438263726e-06,4.05741803853405,0.13213191619107786,0.2706410335943416
2019-08-09,3050,ledoit_wolf,test,pca_only,8,20,log_euclidean,0.01,0.0005640433180160706,7888.26851516884,1970.603455515455,281.45887790808194,140.72943895404083,-284.24335203050646,9.152319577558591e-05,9.151910263964898e-05,1.5352357963489018e-05,2.0661583042379665,0.07232792771665407,0.07074211852973125
2019-08-09,3050,oas,test,pca_only,8,20,log_euclidean,0.01,0.0005282112496256616,7511.553966823523,1747.7568163902667,294.00235576838827,147.00117788419436,-278.3247315544639,8.985617872894109e-05,8.985208559300415e-05,1.2933698049696484e-05,2.511651090270144,0.07981106791801795,0.10364701155350244
2019-08-09,3050,shrink,test,pca_only,8,20,log_euclidean,0.01,0.0005551737884318074,7543.371312386009,1809.6118907920754,287.49492141735936,143.74746070867957,-281.79385140867464,8.809679440664393e-05,8.8092701270707e-05,1.1751339253436736e-05,2.4205869652899668,0.10976161371993336,0.12259243761504304
2019-08-09,3050,persistence,test,pca_only,8,20,log_euclidean,0.01,0.00044736911328575223,3441.5958914739954,1250.5611892427453,2968.5342449614013,1484.2671224806982,1035.1178729342444,6.972690736381889e-05,6.972281422788196e-05,3.4749090578941236e-07,2.1722673837713207,0.08865481776449176,0.07571414282938164
2019-08-16,3055,D0_pca8,test,pca_only,8,20,log_euclidean,0.01,0.0002943709665493438,1907.0604088877317,4152.740937559735,94615.29371985904,47307.64685992952,46192.315054269304,8.058051007053819e-05,8.05783078663786e-05,4.24368196772628e-08,4.010022116912445,0.15651637974917962,0.24850747445840662
2019-08-16,3055,rolling,test,pca_only,8,20,log_euclidean,0.01,0.00011473246021678275,4761.141181676783,677.5183322904887,2052.6234023068696,1026.311701153438,570.8521949453285,9.692085417354418e-05,9.691865196938459e-05,1.2635849223256793e-06,4.553278796402734,0.13645963277471737,0.32964170943435855
2019-08-16,3055,ewma,test,pca_only,8,20,log_euclidean,0.01,0.00019531886169151772,4538.638241528752,674.1202535698333,1550.4344765467808,775.2172382733888,321.0049971363693,7.944643527546931e-05,7.944423307130972e-05,1.6507809141315679e-06,4.327210639835944,0.13015446631249192,0.29137546587765567
2019-08-16,3055,ledoit_wolf,test,pca_only,8,20,log_euclidean,0.01,0.00013722620441461574,7741.711474433999,862.4995758984844,302.53401370410836,151.26700685205418,-281.5892600907531,3.998159290087169e-05,3.99793906967121e-05,1.6039158889294303e-05,2.4296862817294658,0.08307018104271388,0.08940366212329907
2019-08-16,3055,oas,test,pca_only,8,20,log_euclidean,0.01,0.00012574746978122125,7323.568045523892,757.5715325690217,325.1320386255054,162.56601931275287,-270.9628775798007,4.8323024511227864e-05,4.8320822307068275e-05,1.271760726708896e-05,2.906761605689986,0.09448418606412226,0.1315011820041773
2019-08-16,3055,shrink,test,pca_only,8,20,log_euclidean,0.01,0.00014017271836471722,7518.451074197093,831.9912146047617,305.3438067479457,152.67190337397267,-280.70771509928625,5.529866287508306e-05,5.529646067092347e-05,1.3047163907764638e-05,2.6252968295564663,0.13820878035872197,0.13216618867151478
2019-08-16,3055,persistence,test,pca_only,8,20,log_euclidean,0.01,0.0003031407764167572,3366.9488963313433,814.3615415094201,2486.338624334787,1243.1693121673889,782.4873173286801,2.960047623683918e-05,2.959827403267959e-05,5.638249586390235e-07,2.493892448172665,0.10206303691328636,0.09923476646674977
2019-08-23,3060,D0_pca8,test,pca_only,8,20,log_euclidean,0.01,0.00018181092224573613,1943.8527804334385,5982.096411987447,167804.8350133343,83902.41750666715,80953.82875569518,8.093320258567223e-05,8.093162216890125e-05,2.7086508180530615e-08,3.8237268376473494,0.1805734706248427,0.2599880631792247
2019-08-23,3060,rolling,test,pca_only,8,20,log_euclidean,0.01,0.00012976541787041855,4767.467006694931,863.778265168384,2107.8235615229137,1053.911780761456,575.9206179053269,7.117235200673001e-05,7.117077158995904e-05,1.374632544571692e-06,4.609635174773999,0.14223893078628605,0.3446893857227139
2019-08-23,3060,ewma,test,pca_only,8,20,log_euclidean,0.01,0.0002666622259179494,4554.774101709345,1272.5599746721716,1763.9540668930756,881.9770334465398,411.6498633557711,5.6956031116578486e-05,5.695445069980751e-05,1.5248024159996935e-06,4.238407009709603,0.12038278627782346,0.281286872472891
2019-08-23,3060,ledoit_wolf,test,pca_only,8,20,log_euclidean,0.01,0.00010408944937272612,7684.828769918198,677.0397472528663,321.0025008211902,160.50125041059493,-278.46309146554563,2.2312058006036774e-05,2.2310477589265798e-05,1.575692599874502e-05,2.499992219876251,0.0873384551465603,0.09802909571371529
2019-08-23,3060,oas,test,pca_only,8,20,log_euclidean,0.01,0.0001094932292446807,7300.654957670576,701.058543692242,347.36536522694746,173.68268261347362,-266.2681989683953,2.8575355108587575e-05,2.85737746918166e-05,1.2555010201275757e-05,2.9365106252734496,0.09511745224848038,0.13600420965909885
2019-08-23,3060,shrink,test,pca_only,8,20,log_euclidean,0.01,0.00010535369684324349,7550.304034161712,705.4765726920067,321.9152308469734,160.95761542348674,-278.5543013580685,2.777585836891363e-05,2.7774277952142655e-05,1.3155825861037214e-05,2.540819902034506,0.16189019939258517,0.13761532657206244
2019-08-23,3060,persistence,test,pca_only,8,20,log_euclidean,0.01,0.0006701327480463506,3420.5871506908725,2011.5270812792908,2452.4056989680826,1226.2028494840326,753.2253459023044,3.278176516175303e-05,3.2780184744982056e-05,6.129525841640506e-07,2.4439557480614185,0.10889619079302248,0.10087234334511437
2019-08-30,3065,D0_pca8,test,pca_only,8,20,log_euclidean,0.01,0.0001777499721654028,1912.3297481932832,6809.562724998746,133888.03061238086,66944.01530619043,64306.119269159855,5.557425515550859e-05,5.557365666048029e-05,2.8746331025854388e-08,3.560238206136981,0.15530313698419518,0.22323838640584856
2019-08-30,3065,rolling,test,pca_only,8,20,log_euclidean,0.01,0.00017351172694945847,4722.131262568176,1199.135605933656,1978.2802221211386,989.1401110605694,520.502320587875,7.835620499600871e-05,7.835560650098041e-05,1.3396897154836833e-06,4.28142704345737,0.14314237102518196,0.31943024826455413
2019-08-30,3065,ewma,test,pca_only,8,20,log_euclidean,0.01,0.0003562484576198997,4516.930006773349,1861.9208579938277,1793.3770417965497,896.6885208982798,430.7070843275475,6.328448760808898e-05,6.328388911306068e-05,1.4396028260356993e-06,4.032787811420609,0.1565554835494413,0.2725444340475849
2019-08-30,3065,ledoit_wolf,test,pca_only,8,20,log_euclidean,0.01,0.00012898603436355992,7528.823158778016,838.2176239123751,329.8006669713702,164.9003334856851,-273.9400289677747,3.0240004218210947e-05,3.0239405723182643e-05,1.4771986534870696e-05,2.7614365633274107,0.113879555452206,0.12339622027619307
2019-08-30,3065,oas,test,pca_only,8,20,log_euclidean,0.01,0.00013884233503774096,7220.287916675627,913.240447889754,356.8519849535672,178.42599247678336,-261.21030468929087,3.761166536742641e-05,3.7611066872398105e-05,1.1846787768881248e-05,3.0791507609478757,0.11974542247844337,0.15457146462410984
2019-08-30,3065,shrink,test,pca_only,8,20,log_euclidean,0.01,0.00012026933799315325,7627.892934809932,832.367505649859,316.3089345302843,158.15446726514233,-280.7704739556292,2.577529254832632e-05,2.5774694053298016e-05,1.476195949151284e-05,2.5975148374748125,0.15027087921743945,0.14337500503766742
2019-08-30,3065,persistence,test,pca_only,8,20,log_euclidean,0.01,0.0007033841778345969,3362.546661912683,3056.6454928284734,3277.638471304009,1638.8192356519924,1148.560091653314,2.819188393689507e-05,2.8191285441866766e-05,5.036962310766784e-07,2.514278137459311,0.12149699763386414,0.1039268037348013
2019-09-09,3070,D0_pca8,test,pca_only,8,20,log_euclidean,0.01,0.00012107912947691242,1904.0916385111436,5723.492160509306,102142.97236907629,51071.48618453815,49006.14630873928,5.509930632322183e-05,5.509807658085353e-05,4.1970245429877426e-08,3.6423751281940078,0.20529465021253498,0.2460711024169276
2019-09-09,3070,rolling,test,pca_only,8,20,log_euclidean,0.01,0.00020851009800570646,4718.546270472746,1036.9577381109275,2011.8684210890601,1005.9342105445367,531.4217160543019,8.238005907635722e-05,8.237882933398892e-05,1.1189335155840984e-06,4.063418862302741,0.15096591753457506,0.25738936813853613
2019-09-09,3070,ewma,test,pca_only,8,20,log_euclidean,0.01,0.0003295520508294152,4488.244423777383,1374.980038501129,1951.9461801248922,975.9730900624405,503.043236196101,8.378708861374625e-05,8.378585887137796e-05,1.133503251864751e-06,3.8531293215674562,0.14826165366324298,0.23788787867781686
2019-09-09,3070,ledoit_wolf,test,pca_only,8,20,log_euclidean,0.01,0.00014356415138614746,7447.469372328613,759.0240536741604,341.92076562267704,170.9603828113384,-271.5963971811813,5.237470433685385e-05,5.237347459448555e-05,1.135329948391578e-05,2.5729583578635977,0.11852451245890386,0.10990642943381727
2019-09-09,3070,oas,test,pca_only,8,20,log_euclidean,0.01,0.00015840732736049673,7155.37048249481,814.2287588367369,372.42504399384677,186.21252199692316,-257.2403538016568,5.726364140675403e-05,5.726241166438573e-05,9.049124140806895e-06,2.822963680626104,0.12559850632857902,0.13076623472591428
2019-09-09,3070,shrink,test,pca_only,8,20,log_euclidean,0.01,0.00012119749437436292,7630.498438651616,700.9908237482608,320.8389797505841,160.41948987529202,-281.55541162813955,3.402581007966054e-05,3.402458033729224e-05,1.3393698856178746e-05,2.4118287314084537,0.12603153010346066,0.12196484743874315
2019-09-09,3070,persistence,test,pca_only,8,20,log_euclidean,0.01,0.0005871780751645256,3303.85205979289,1871.961024783896,3428.6739056739775,1714.3369528369997,1215.7800374328285,6.165157738868786e-05,6.165034764631956e-05,4.786552284610656e-07,2.488720691201765,0.12437339353640724,0.10470102170117546
2019-09-16,3075,D0_pca8,test,pca_only,8,20,log_euclidean,0.01,0.00010915504202884386,1822.3229110960776,4428.619570747967,52039.09887497191,26019.549437485955,24947.26881152404,4.199775282159946e-05,4.199628088648058e-05,7.907995966373139e-08,3.7814062478265345,0.13907316780072443,0.2528992954743053
2019-09-16,3075,rolling,test,pca_only,8,20,log_euclidean,0.01,0.0001185054695719695,4650.87720389167,610.0070190433889,1629.4012027144468,814.7006013572285,352.22417246822107,8.344224037064207e-05,8.344076843552318e-05,1.1410952707493018e-06,4.062633864857774,0.15119892190902726,0.2564680510339723
2019-09-16,3075,ewma,test,pca_only,8,20,log_euclidean,0.01,0.00013402906552259297,4452.0164771783275,696.0561893294854,1728.0272792804062,864.0136396402035,400.9599187523391,7.261251827968284e-05,7.261104634456396e-05,1.0532385615270581e-06,3.896366565140006,0.14892373648362564,0.23658931415219525
2019-09-16,3075,ledoit_wolf,test,pca_only,8,20,log_euclidean,0.01,7.202546881126e-05,7421.932129099563,599.5317603093049,319.46621091517176,159.7331054575849,-286.2662270048123,4.727586676945619e-05,4.7274394834337305e-05,1.077235723819057e-05,2.442575672720895,0.11356147710925085,0.10206048535435712
2019-09-16,3075,oas,test,pca_only,8,20,log_euclidean,0.01,8.200046905371042e-05,7124.860979497667,583.7793321139135,340.56854938077925,170.28427469038928,-276.1711198992512,5.191611478118301e-05,5.1914642846064125e-05,8.624202718193193e-06,2.6676705376329917,0.1207915368455638,0.1213165105202039
2019-09-16,3075,shrink,test,pca_only,8,20,log_euclidean,0.01,6.017627662379764e-05,7624.241217700007,623.3325424666969,306.2315722593389,153.11578612966917,-292.693436941439,2.9384484487247174e-05,2.938301255212829e-05,1.3271817835527167e-05,2.252749495458251,0.11459713811139245,0.1069529299811825
2019-09-16,3075,persistence,test,pca_only,8,20,log_euclidean,0.01,0.00012814614898411616,3275.796045618392,824.9346625079882,3181.286477154016,1590.643238576991,1097.7514286827093,4.7958612535806566e-05,4.7957140600687683e-05,2.953433225681417e-07,2.274923689816014,0.10197076887231528,0.07966883810463662
2019-09-23,3080,D0_pca8,test,pca_only,8,20,log_euclidean,0.01,0.00011759331332936884,1828.410084725173,4069.2014573338793,52671.91848524263,26335.959242621306,25269.936160194855,4.297639386805313e-05,4.29750968649629e-05,6.054109644072828e-08,3.3620740353408447,0.18804908330843373,0.2112903448448893
2019-09-23,3080,rolling,test,pca_only,8,20,log_euclidean,0.01,0.00012358361273664815,4685.149815772272,698.527231140202,1406.1325035842547,703.0662517921298,238.4704336287469,4.030590716373587e-05,4.0304610160645634e-05,1.6030669664497084e-06,4.516861909501454,0.15594910865540781,0.3254047277617301
2019-09-23,3080,ewma,test,pca_only,8,20,log_euclidean,0.01,0.00011820789163971513,4489.70202679621,822.3735283102678,1533.7457742172749,766.8728871086289,300.5775381153678,3.1984895880627974e-05,3.198359887753774e-05,1.3525790576388508e-06,4.246418348071297,0.15046133135222783,0.27901655731150304
2019-09-23,3080,ledoit_wolf,test,pca_only,8,20,log_euclidean,0.01,7.489433640612544e-05,7490.063243321698,728.6034720969192,315.0258055995675,157.51290279978394,-292.44784693943853,2.771227208552226e-05,2.7710975082432028e-05,1.214711634582373e-05,2.4882706682804656,0.09732917822320408,0.10142588085395418
2019-09-23,3080,oas,test,pca_only,8,20,log_euclidean,0.01,8.386558848181017e-05,7234.620645734853,703.3100553854588,327.47467013832204,163.7373350691616,-286.5843712974351,2.8442099815511487e-05,2.8440802812421256e-05,1.0290444943727214e-05,2.7046415735321885,0.10054865701083372,0.11835073618436875
2019-09-23,3080,shrink,test,pca_only,8,20,log_euclidean,0.01,6.31564583357403e-05,7681.126033407161,783.2875843632979,313.04335808874237,156.52167904437104,-293.2588167090523,2.221315594198121e-05,2.221185893889098e-05,1.3673004693798724e-05,2.2979086282227934,0.127299517492924,0.11358356269801019
2019-09-23,3080,persistence,test,pca_only,8,20,log_euclidean,0.01,0.00012866645417430194,3385.707303955038,1397.018569985814,3466.667735949146,1733.3338679745686,1238.1817303238572,3.5408904789469364e-05,3.540760778637913e-05,1.72957397347183e-07,1.8159766217126447,0.07176691853869885,0.05309311589342589
2019-09-30,3085,D0_pca8,test,pca_only,8,20,log_euclidean,0.01,0.00014911709418479564,1911.5487615815969,4551.973012117889,136493.49328720686,68246.74664360344,66340.87169685416,9.383475184109929e-05,9.38335862864819e-05,4.0552645108562143e-08,4.209945280088,0.17361689687550746,0.32104633007844663
2019-09-30,3085,rolling,test,pca_only,8,20,log_euclidean,0.01,0.00016229127760767535,4757.740372029797,763.8006913540437,2134.63920778128,1067.3196038906422,600.1646801315399,6.397105275943438e-05,6.396988720481699e-05,1.4412202797765374e-06,4.245917606734702,0.14855923375735608,0.3012116407538413
2019-09-30,3085,ewma,test,pca_only,8,20,log_euclidean,0.01,0.00010348180789915896,4543.692753920963,795.1218242603182,2599.1009875289924,1299.55049376449,826.0681432549034,4.241112290970259e-05,4.2409957355085195e-05,1.1334510969816763e-06,4.056623911737983,0.1268339324436855,0.26365807850037276
2019-09-30,3085,ledoit_wolf,test,pca_only,8,20,log_euclidean,0.01,0.00010813403752484124,7452.707652124116,668.8470087534133,351.334720575409,175.66736028770444,-263.84246152758834,3.748833288398919e-05,3.7487167329371796e-05,1.1403994480567837e-05,2.452893845933673,0.10437020179632629,0.1027496344429488
2019-09-30,3085,oas,test,pca_only,8,20,log_euclidean,0.01,0.0001184792100227535,7201.045374295876,674.4682189975949,381.7591361244598,190.87956806222968,-249.30640138710564,3.9689810620684e-05,3.9688645066066606e-05,9.581467946307847e-06,2.6512460867920544,0.10904444192883421,0.11931553611323761
2019-09-30,3085,shrink,test,pca_only,8,20,log_euclidean,0.01,9.120909779238755e-05,7687.781075304439,681.6305188362621,342.25542869750666,171.12771434875322,-268.32485709819355,3.010940895109253e-05,3.010824339647513e-05,1.3071988717792603e-05,2.3549169352736787,0.1227459738254228,0.11630137962426593
2019-09-30,3085,persistence,test,pca_only,8,20,log_euclidean,0.01,0.00014621099155430074,3444.6173517867983,1365.7476404326715,5125.107630050045,2562.5538150250363,2063.7885846214203,4.576921701060909e-05,4.5768051455991696e-05,1.0669707113732109e-07,1.515457000962502,0.042185051871959804,0.03274232427714395
2019-10-07,3090,D0_pca8,test,pca_only,8,20,log_euclidean,0.01,0.0001295073374425598,2012.302669306177,6792.974379562878,54552.93731202553,27276.468656012763,26373.535044416767,5.5000387788800625e-05,5.499898484313567e-05,8.210394210132184e-08,2.9823863546470175,0.11741509098875295,0.14736567915356388
2019-10-07,3090,rolling,test,pca_only,8,20,log_euclidean,0.01,0.00022677525094718832,4740.10513880277,1001.1802745362211,2453.6244945206804,1226.8122472603513,755.0178391452574,6.897186608420098e-05,6.897046313853602e-05,9.416298609079673e-07,3.7384793407488894,0.11533833722599668,0.20739613239619603
2019-10-07,3090,ewma,test,pca_only,8,20,log_euclidean,0.01,0.00013405463269455066,4541.534861671463,926.5604545521364,3109.4685558437027,1554.7342779218566,1072.0669740465676,6.562898456852109e-05,6.562758162285613e-05,7.4089396415943e-07,3.7440554923930653,0.11235403291990191,0.20638896109667182
2019-10-07,3090,ledoit_wolf,test,pca_only,8,20,log_euclidean,0.01,0.00016084543374745176,7378.048329436273,687.6975718360652,373.37094838423644,186.68547419211816,-246.88059030225833,3.1809629537618405e-05,3.180822659195345e-05,9.986079276706368e-06,2.7241317016097866,0.10522606230613567,0.11697501002558561
2019-10-07,3090,oas,test,pca_only,8,20,log_euclidean,0.01,0.0001720462078278431,7166.922993037244,734.8001734599278,407.5061006096407,203.75305030482022,-230.60129539853588,3.62504863217571e-05,3.624908337609215e-05,8.27581394454208e-06,2.8764530187454587,0.1075714226893874,0.12883965457081833
2019-10-07,3090,shrink,test,pca_only,8,20,log_euclidean,0.01,0.00012844561895937722,7670.7716808344285,644.678497242972,351.5500787619603,175.77503938097993,-256.8738748163936,1.960747576328458e-05,1.9606072817619625e-05,1.1207340251942662e-05,2.4650754614799837,0.269913566998267,0.16167892556866806
2019-10-07,3090,persistence,test,pca_only,8,20,log_euclidean,0.01,0.00014237762394031403,3440.641402300685,1076.9901776652798,6746.205173630668,3373.1025868153383,2849.8219096956773,2.9844730134392407e-05,2.984332718872745e-05,1.787623972303032e-07,1.933565347094736,0.0833799139637632,0.05944803772314935
2019-10-14,3095,D0_pca8,test,pca_only,8,20,log_euclidean,0.01,0.00016001082466997953,2148.68603279055,8492.354345619791,82710.48475294675,41355.24237647337,40151.32608549002,0.000105949326229395,0.00010594881629035528,7.883042758586511e-08,3.38848310413179,0.13392369531559975,0.1899491467632409
2019-10-14,3095,rolling,test,pca_only,8,20,log_euclidean,0.01,0.00036163599557827847,4873.170588765329,1964.179157316657,4174.110755564411,2087.055377782217,1611.7320485955145,0.00015519875647817407,0.00015519824653913435,8.604073704888193e-07,3.7056397581354656,0.1196463384223605,0.2089614663187414
2019-10-14,3095,ewma,test,pca_only,8,20,log_euclidean,0.01,0.00023904881904925074,4657.815257696779,1686.3512651963658,5137.914088263998,2568.9570441320043,2081.7657246326694,0.00014875223010018022,0.0001487517201611405,6.827828985853277e-07,3.6387099880484195,0.11854738611222464,0.2021088367971832
2019-10-14,3095,ledoit_wolf,test,pca_only,8,20,log_euclidean,0.01,0.0002904536151372515,7063.743527751622,1446.2105632128976,573.0469515069279,286.5234757534654,-142.8685292420898,0.0001022657748338991,0.00010226526489485938,7.446914910958353e-06,2.935591306138759,0.10946254488892307,0.13485518255355972
2019-10-14,3095,oas,test,pca_only,8,20,log_euclidean,0.01,0.0002970173343794616,6966.405029958067,1496.4382661021527,617.7812483254106,308.890624162706,-121.13358003258836,0.00010633502834720892,0.00010633451840816919,6.739764300253883e-06,2.999754101913719,0.11000649869698385,0.14043395235250175
2019-10-14,3095,shrink,test,pca_only,8,20,log_euclidean,0.01,0.00022278585568236579,7615.200532066214,1120.8017243149466,475.4629964068786,237.73149820343963,-188.62292033858012,0.00010723708019708918,0.00010723657025804946,9.926221908635904e-06,2.4078381647917144,0.250007075747529,0.16149889520038985
2019-10-14,3095,persistence,test,pca_only,8,20,log_euclidean,0.01,0.00019974559667869493,3584.315406108485,1718.655108712882,9532.2258305336,4766.11291526681,4223.771941643785,2.638711088960749e-05,2.638660095056777e-05,1.9839562878397587e-07,2.170807000882617,0.07618682203043925,0.07225675469879618
2019-10-21,3100,D0_pca8,test,pca_only,8,20,log_euclidean,0.01,0.000184861586541667,2104.9403425218316,8435.152569951277,152112.97549382132,76056.48774691063,74467.30122979292,6.885543577909368e-05,6.885496836763496e-05,5.446736104213933e-08,3.7655283485113062,0.15935807686918088,0.24106082802034465
2019-10-21,3100,rolling,test,pca_only,8,20,log_euclidean,0.01,0.00030954277813539363,4788.7351982445925,1818.0977410464584,4768.473271077065,2384.2366355385316,1906.682528817033,0.00012237163229963826,0.00012237116488817952,8.176280984269063e-07,3.867929216248088,0.11453757697352354,0.22550571218090437
2019-10-21,3100,ewma,test,pca_only,8,20,log_euclidean,0.01,0.00020710279067935066,4585.919835673469,1523.836938714798,5943.007515340849,2971.5037576704162,2480.635951125586,0.0001021153969743874,0.00010211492956292867,6.409085874234028e-07,3.758536112961063,0.12211301538311821,0.21402378207841388
2019-10-21,3100,ledoit_wolf,test,pca_only,8,20,log_euclidean,0.01,0.0002558041230095969,6978.521105163405,1349.5250435662917,595.8745954539942,297.9372977269966,-129.16090495707653,8.382347636316751e-05,8.382300895170879e-05,7.1193508566338225e-06,2.792605649323461,0.10794034277927975,0.12517422374087767
2019-10-21,3100,oas,test,pca_only,8,20,log_euclidean,0.01,0.00026310373630634954,6834.423883100101,1416.3690415699464,669.6646833515365,334.8323416757691,-93.2297983850061,8.86831644680297e-05,8.868269705657097e-05,6.1940127028836765e-06,2.9181494621020496,0.10937982612707908,0.1352118945146527
2019-10-21,3100,shrink,test,pca_only,8,20,log_euclidean,0.01,0.0002119816822884106,7440.561218349039,1084.8370543642272,490.5204948129739,245.26024740648685,-179.06097512031585,9.282002824465921e-05,9.281956083320048e-05,8.6958396660236e-06,2.3226000021138193,0.22268435746945736,0.14980184198098673
2019-10-21,3100,persistence,test,pca_only,8,20,log_euclidean,0.01,0.00023242986169582765,3513.9537383162906,2091.1975659567615,10726.622761012863,5363.311380506424,4819.683892546001,3.1538187011290265e-05,3.153771959983153e-05,1.809932667318193e-07,2.08854893736955,0.08060554361869222,0.07068141658528913
2019-10-28,3105,D0_pca8,test,pca_only,8,20,log_euclidean,0.01,0.00018598985897246408,1991.636092085434,7655.76993404514,150529.79753512907,75264.89876756455,72944.30189128946,5.749392971160954e-05,5.749345595898011e-05,2.9231330509326872e-08,3.1512576390784246,0.130750170793681,0.18582665135894033
2019-10-28,3105,rolling,test,pca_only,8,20,log_euclidean,0.01,0.00019117272095085731,4705.457421221752,1093.053141056137,4177.337455871517,2088.668727935762,1615.8651132542302,0.0001380244181639251,0.00013802394441129567,6.696020416034555e-07,3.4900731020955646,0.12551106686915417,0.19154241528469398
2019-10-28,3105,ewma,test,pca_only,8,20,log_euclidean,0.01,0.00019329240085889652,4515.417560596974,1012.9909128743607,4189.021276840221,2094.51063842012,1623.0433671877206,9.723568422960857e-05,9.723521047697915e-05,6.153503777145186e-07,3.2184289548089797,0.12543416983824557,0.16782859111546325
2019-10-28,3105,ledoit_wolf,test,pca_only,8,20,log_euclidean,0.01,0.00016296738826865198,7200.51023836891,785.6794871162851,458.0483407876618,229.024170393831,-199.63248777960285,6.377389402391734e-05,6.377342027128792e-05,7.1503464809418236e-06,2.383967500951799,0.09733119273373737,0.09183687881644009
2019-10-28,3105,oas,test,pca_only,8,20,log_euclidean,0.01,0.0001660859306851925,7068.785248001323,817.6345645028018,494.84338887696117,247.4216944384808,-181.73131038982152,6.907502721680055e-05,6.907455346417112e-05,6.3938472683113655e-06,2.4757236819307,0.09873959315601948,0.09872033920177231
2019-10-28,3105,shrink,test,pca_only,8,20,log_euclidean,0.01,0.00015226509234885904,7353.736775563453,741.2516679236636,455.42083127949286,227.71041563974694,-199.8360355039011,6.524837772010798e-05,6.524790396747856e-05,6.773997998318346e-06,2.180602251967588,0.15964160267415659,0.11981583013776967
2019-10-28,3105,persistence,test,pca_only,8,20,log_euclidean,0.01,0.00022122568517633732,3515.7432473967883,1488.8178478789519,7570.052859649043,3785.0264298245384,3288.0315284626836,4.160449069423141e-05,4.160401694160199e-05,1.909598809175064e-07,1.9103890291062577,0.07586949707349437,0.0600615140186375
2019-11-04,3110,D0_pca8,test,pca_only,8,20,log_euclidean,0.01,0.0005087728011842433,1979.3497554532994,6479.735659085524,214387.69256809287,107193.84628404646,103306.19076791969,7.748645062790799e-05,7.748552664209833e-05,2.834200711057974e-08,3.2487605747540926,0.13520788551371252,0.18036263014868642
2019-11-04,3110,rolling,test,pca_only,8,20,log_euclidean,0.01,0.0005076741393912844,4754.4493857444995,946.4726283955335,5885.744832177126,2942.872416088543,2418.926096604755,0.00021531886122617982,0.00021531793724037016,6.435366989133026e-07,3.3281132954159904,0.12528172918083869,0.18245244857612491
2019-11-04,3110,ewma,test,pca_only,8,20,log_euclidean,0.01,0.0005046374687773098,4553.465505973701,878.6383379069765,5670.120980147955,2835.0604900739713,2314.4071194007165,0.0001683144882444889,0.00016831356425867924,6.018057842977663e-07,3.0337707243626624,0.12067687341206987,0.15424809511173548
2019-11-04,3110,ledoit_wolf,test,pca_only,8,20,log_euclidean,0.01,0.00047889106754274674,7314.881788297458,677.9993286505992,535.4540749085513,267.72703745427606,-156.0937830197202,8.928629171841643e-05,8.928536773260677e-05,7.526274941017119e-06,2.2824859116379637,0.10356610006417728,0.08580210223144265
2019-11-04,3110,oas,test,pca_only,8,20,log_euclidean,0.01,0.0004823353839427341,7167.930010459403,705.8231454391005,590.9567198722181,295.4783599361088,-129.54656438702148,0.0001000952616689056,0.00010009433768309594,6.672614393915554e-06,2.3818283227019443,0.10655925132836286,0.0934998324156966
2019-11-04,3110,shrink,test,pca_only,8,20,log_euclidean,0.01,0.00046515328637274143,7353.319066003702,645.4608600391264,471.43529668399333,235.71764834199638,-185.59936425835556,8.765911976837865e-05,8.7658195782569e-05,6.688120751552366e-06,2.142825950792517,0.18146709278297346,0.11985258276426893
2019-11-04,3110,persistence,test,pca_only,8,20,log_euclidean,0.01,0.0005301980438683633,3540.318186511121,1064.0930992280432,9139.382374329336,4569.691187164668,3992.0240118289125,2.6541419657745842e-05,2.6540495671936178e-05,1.664615193704764e-07,1.7968245880220126,0.06426328829962706,0.0459898701235138
2019-11-11,3115,D0_pca8,test,pca_only,8,20,log_euclidean,0.01,0.00047519278689075464,2007.2384295834518,6701.446674032268,155573.64845734398,77786.82422867196,74240.42155339282,6.255757956497287e-05,6.255611989626281e-05,4.923209363077686e-08,3.8773181840902535,0.22829136253433566,0.25408201944258624
2019-11-11,3115,rolling,test,pca_only,8,20,log_euclidean,0.01,0.00043550262883421825,4699.94226779848,661.5854465584684,3967.6262763809436,1983.8131381904736,1474.7726541230375,2.492674531914614e-05,2.4925285650436084e-05,4.0237465904146563e-07,2.718217200922369,0.09324793659964191,0.1121877730259372
2019-11-11,3115,ewma,test,pca_only,8,20,log_euclidean,0.01,0.0005081586223969975,4492.219144618795,778.6995124040171,3466.0901418024296,1733.0450709012111,1234.5284257574363,2.2784000529508248e-05,2.2782540860798192e-05,4.487797257940126e-07,2.5971994538001226,0.09312992112674816,0.10351216104076069
2019-11-11,3115,ledoit_wolf,test,pca_only,8,20,log_euclidean,0.01,0.0004206691813005083,7707.920691132042,593.781270491988,383.36568500416956,191.68284250208433,-236.83126169355324,1.445090462588548e-05,1.4449444957175424e-05,6.884440279498288e-06,1.7855240029358859,0.062361171251849055,0.05022902868115758
2019-11-11,3115,oas,test,pca_only,8,20,log_euclidean,0.01,0.00042199221283010374,7492.708085048197,586.7091093990076,412.27013376526475,206.13506688263175,-223.30617457099862,1.5762608259652664e-05,1.5761148590942607e-05,5.898120111095169e-06,1.904837337102571,0.06688382136682011,0.0573732713347231
2019-11-11,3115,shrink,test,pca_only,8,20,log_euclidean,0.01,0.00041599552649914566,7287.53842836377,577.8689498128224,325.9713473734939,162.9856736867468,-265.1193443414502,1.223616672765929e-05,1.2234707058949233e-05,4.901153857348744e-06,1.9985914872847883,0.1307977203262037,0.08148003325676105
2019-11-11,3115,persistence,test,pca_only,8,20,log_euclidean,0.01,0.0005236518758517999,3422.864617166514,1040.1944037102392,6349.961880487228,3174.9809402436103,2618.775988356927,1.3604451752862014e-05,1.3602992084151957e-05,9.811086526351437e-08,1.322443805959902,0.040534049437483545,0.024439757264226727
2019-11-18,3120,D0_pca8,test,pca_only,8,20,log_euclidean,0.01,0.0004872713439780062,1884.2960991843627,5068.914144569535,223210.5618319767,111605.28091598838,106446.09238465337,2.2068456906270024e-05,2.2066599927230725e-05,2.252488443541389e-08,3.235600120852728,0.13357540094038825,0.1913901815696072
2019-11-18,3120,rolling,test,pca_only,8,20,log_euclidean,0.01,0.0004323061569834983,4693.821131832774,660.629497814221,3890.8589332859283,1945.4294666429446,1431.6343425516666,3.1213844081976184e-05,3.121198710293689e-05,4.1319448395664994e-07,2.776365024655234,0.09398224192933899,0.11960099388535027
2019-11-18,3120,ewma,test,pca_only,8,20,log_euclidean,0.01,0.0004638587499113456,4487.631445556411,714.0388825524195,3884.5973722202334,1942.2986861101017,1428.7928061920873,3.1006898159443385e-05,3.100504118040409e-05,4.0303292394896393e-07,2.6722240570255296,0.09148317451337866,0.1106696115759748
2019-11-18,3120,ledoit_wolf,test,pca_only,8,20,log_euclidean,0.01,0.00042657453373274554,7800.660703819858,650.2739405764789,366.1093299905549,183.05466499527734,-246.46358494807274,1.4431663933447763e-05,1.4429806954408466e-05,7.4978422269835815e-06,1.7169425834774397,0.06152156246882461,0.046698629576159445
2019-11-18,3120,oas,test,pca_only,8,20,log_euclidean,0.01,0.00042586830976191884,7542.854724979942,627.5413404696989,394.2443405254471,197.12217026272333,-233.40837580697107,1.657501898749793e-05,1.6573162008458632e-05,6.345929850061043e-06,1.8682474413609118,0.06766423205238094,0.05600060996515462
2019-11-18,3120,shrink,test,pca_only,8,20,log_euclidean,0.01,0.00042240042985851827,7242.650489422745,613.3309886634852,330.85602695450723,165.4280134772535,-264.0938161014848,1.829176498273714e-05,1.8289908003697842e-05,5.000825137432523e-06,1.9958296699874412,0.14787788445346237,0.0829620993419285
2019-11-18,3120,persistence,test,pca_only,8,20,log_euclidean,0.01,0.0005430331890216836,3397.2817357051867,1089.441741271116,5450.579789995135,2725.289894997581,2183.895374527969,1.5429356714871882e-05,1.5427499735832583e-05,9.366033152208628e-08,1.28854169913069,0.0303592731046375,0.02215453171270804
2019-11-25,3125,D0_pca8,test,pca_only,8,20,log_euclidean,0.01,0.0010655456929180012,2037.4537856369589,6141.645124135447,436295.8648664492,218147.93243322463,211965.59108825523,5.666102746977978e-05,5.665728553582398e-05,2.3178611815633043e-08,3.3814803533495517,0.12915871062520035,0.19702928435792155
2019-11-25,3125,rolling,test,pca_only,8,20,log_euclidean,0.01,0.0010216101402193748,4766.7381283944715,721.6889155084416,7647.083044016299,3823.541522008161,3329.654961419093,5.577791376515199e-05,5.577417183119619e-05,4.215553507040738e-07,2.7168490108228713,0.08244890881396134,0.11664727024395587
2019-11-25,3125,ewma,test,pca_only,8,20,log_euclidean,0.01,0.001054056518173188,4565.019817846132,770.6780204053744,7504.213906907911,3752.1069534539765,3258.5856599688914,4.810745295300176e-05,4.810371101904596e-05,4.162430686721202e-07,2.5757716646591087,0.08017707298462194,0.10568488303576633
2019-11-25,3125,ledoit_wolf,test,pca_only,8,20,log_euclidean,0.01,0.0010069718115768085,7978.16741513184,625.9979054774772,462.6626416813476,231.33132084067364,-179.962955354349,2.1143338989378547e-05,2.1139597055422743e-05,8.005630675420654e-06,1.6193579774419489,0.05495202687202637,0.04273954117064798
2019-11-25,3125,oas,test,pca_only,8,20,log_euclidean,0.01,0.0010081394591427446,7699.7053854514015,611.8696799461665,530.855204082363,265.42760204118224,-146.865593165849,2.4024413919540213e-05,2.402067198558441e-05,6.7525471666269335e-06,1.7927261352738684,0.05946302450206384,0.05199132227259106
2019-11-25,3125,shrink,test,pca_only,8,20,log_euclidean,0.01,0.0010068873890077623,7253.7023284077095,617.1781768258045,765.8836811297394,382.94184056486966,-29.079783207574064,3.9759587637402236e-05,3.9755845703446436e-05,4.577037357551072e-06,2.0133538984286927,0.1319620456938966,0.08300695744754089
2019-11-25,3125,persistence,test,pca_only,8,20,log_euclidean,0.01,0.0010940415872789438,3474.731928574532,1030.906741991872,10705.769585083439,5352.884792541723,4801.934111631615,1.8135964487861876e-05,1.8132222553906072e-05,1.0092816735615242e-07,1.3486293371074405,0.04610860795468189,0.025307869504062823
2019-12-03,3130,D0_pca8,test,pca_only,8,20,log_euclidean,0.01,0.002577333803912548,1922.4594502435723,6725.406836158225,387438.2068109954,193719.10340549768,184025.86654272297,1.1637058263183617e-05,1.1633447129552383e-05,2.147233388105399e-08,2.9587886035532303,0.13187970766004398,0.1423375772730178
2019-12-03,3130,rolling,test,pca_only,8,20,log_euclidean,0.01,0.0026425628583912663,4743.168281886103,881.2922360800264,8918.17574835478,4459.087874177384,3827.9855014519308,0.00013030615115274774,0.0001303025400191165,4.878567533876432e-07,2.7544450126090316,0.0831108302922653,0.11823431512107219
2019-12-03,3130,ewma,test,pca_only,8,20,log_euclidean,0.01,0.0030834692263249095,4549.54522270058,870.3416057582144,7128.154329037438,3564.0771645187215,2977.8908309234203,9.113770133469796e-05,9.113409020106673e-05,5.901717053242463e-07,2.475045747092659,0.08100507987219509,0.0998384478890298
2019-12-03,3130,ledoit_wolf,test,pca_only,8,20,log_euclidean,0.01,0.0025641151936153465,8293.482029961384,678.6687852710578,474.7629132749388,237.3814566374693,-177.68609012477086,3.550272580677992e-05,3.549911467314868e-05,9.15757581228725e-06,1.4683834913734302,0.05830701660897579,0.03536662556237614
2019-12-03,3130,oas,test,pca_only,8,20,log_euclidean,0.01,0.002591773615646517,7718.457873827227,682.587898112616,642.3657781615541,321.1828890807776,-98.98484802155903,5.0303481475503756e-05,5.029987034187252e-05,6.668236149234176e-06,1.819029659025988,0.06824163233309857,0.05280043756046642
2019-12-03,3130,shrink,test,pca_only,8,20,log_euclidean,0.01,0.0026065258144892115,7272.1501540940735,705.3227586361584,1249.398008661952,624.6990043309761,187.73963606550925,9.43570978198597e-05,9.435348668622846e-05,4.777793103758741e-06,1.9806519501493403,0.14572705730443114,0.08451451887550485
2019-12-03,3130,persistence,test,pca_only,8,20,log_euclidean,0.01,0.0030051880437614144,3452.813946646431,1060.8452962794086,10802.136755585308,5401.068377792648,4731.254447201174,1.8396650089570525e-05,1.839303895593929e-05,1.507250496029151e-07,1.4163999899774464,0.04983184372002313,0.029930975520495385
2019-12-10,3135,D0_pca8,test,pca_only,8,20,log_euclidean,0.01,0.002603000756670653,1993.187482956006,6427.068244831361,555254.5014170096,277627.2507085048,264917.40423469176,0.0001194003614530519,0.00011939673799947117,1.588819495694697e-08,3.5067476192084666,0.14067381986938146,0.19005307309189615
2019-12-10,3135,rolling,test,pca_only,8,20,log_euclidean,0.01,0.0026599562169699028,4765.193966638897,956.0216447063556,9005.40231639335,4502.701158196665,3885.137842340567,0.00010060204240371385,0.00010059841895013312,4.287326971711715e-07,2.5807364525741563,0.09429045100817314,0.10458191238650341
2019-12-10,3135,ewma,test,pca_only,8,20,log_euclidean,0.01,0.002855036880859046,4541.348647029164,929.5660582520304,8313.123629754438,4156.561814877219,3548.3958633322386,7.741588498169679e-05,7.741226152811605e-05,4.696030397229636e-07,2.5326076901866585,0.0886098281900876,0.09762897919878394
2019-12-10,3135,ledoit_wolf,test,pca_only,8,20,log_euclidean,0.01,0.002583512030584568,8242.064681729007,715.7079976955852,486.04856239856554,243.02428119928274,-168.59525949650666,5.018392814792879e-05,5.018030469434805e-05,8.859675427378508e-06,1.498259986021749,0.06454522282991293,0.037556392863005994
2019-12-10,3135,oas,test,pca_only,8,20,log_euclidean,0.01,0.002610441686074399,7670.604516486861,734.1161464071388,663.4647555632693,331.7323777816343,-84.91623971765603,6.381627637277051e-05,6.381265291918977e-05,6.2054471016007534e-06,1.8179902196041793,0.07788202508959469,0.05465155171131607
2019-12-10,3135,shrink,test,pca_only,8,20,log_euclidean,0.01,0.002619574500586741,7240.2487149592525,750.7867410044305,1182.9187593686183,591.4593796843096,160.30882224515327,8.523057899612503e-05,8.52269555425443e-05,4.657723430980299e-06,1.9807395009509985,0.14136559697132148,0.08254487590933411
2019-12-10,3135,persistence,test,pca_only,8,20,log_euclidean,0.01,0.0029685770966390523,3331.9307658736006,1128.612024672516,12133.546048818846,6066.773024409431,5377.233566980549,2.5620426710103018e-05,2.561680325652228e-05,1.6857363904044778e-07,1.6286787817937405,0.05083728371635442,0.03808208994956823
2019-12-17,3140,D0_pca8,test,pca_only,8,20,log_euclidean,0.01,0.002595884451175719,2070.1395723741175,7693.956397811961,421353.5933508885,210676.79667544423,200743.10490505927,5.169094174049886e-05,5.168794963169208e-05,2.8753838888001706e-08,3.202045198307723,0.11485786977687189,0.1836731840230494
2019-12-17,3140,rolling,test,pca_only,8,20,log_euclidean,0.01,0.0026623728628249795,4724.050329670071,945.5142487612285,9942.833226129937,4971.416613064972,4307.027070550032,2.9120267898205907e-05,2.9117275789399126e-05,3.8367095066473436e-07,2.313804702274529,0.10200787247196356,0.09450179984545573
2019-12-17,3140,ewma,test,pca_only,8,20,log_euclidean,0.01,0.002752802939781195,4494.004667334322,1030.0339674844815,10114.928667257162,5057.464333628581,4389.803511348623,2.9148820923552836e-05,2.9145828814746055e-05,3.7880876259772156e-07,2.2830914269631446,0.08574822569633936,0.08834853324358766
2019-12-17,3140,ledoit_wolf,test,pca_only,8,20,log_euclidean,0.01,0.0025818148354496357,8245.6105644367,722.2207427794551,484.09021881060585,242.04510940530267,-169.8652945217602,3.5253649738559074e-05,3.525065762975229e-05,6.773520358898017e-06,1.3383097355114515,0.058314346331877626,0.02723433228380793
2019-12-17,3140,oas,test,pca_only,8,20,log_euclidean,0.01,0.002612301541482508,7627.258075033836,747.419771540111,684.9045979916539,342.4522989958264,-75.65990383675239,3.599505602153012e-05,3.5992063912723337e-05,4.8036168143482596e-06,1.58595758699988,0.07604951695150876,0.040175754493121205
2019-12-17,3140,shrink,test,pca_only,8,20,log_euclidean,0.01,0.002621544967884121,7138.88502365749,755.0184177411785,1349.7979470548744,674.8989735274358,238.4784070561114,4.115080255536211e-05,4.114781044655533e-05,3.575463719174707e-06,1.6742984493873294,0.12031854323800602,0.05975684866740431
2019-12-17,3140,persistence,test,pca_only,8,20,log_euclidean,0.01,0.0029928533895408854,3286.212999748684,1227.2672343914264,12758.262737561921,6379.131368780995,5673.193290234836,2.8985043430416115e-05,2.8982051321609334e-05,1.780614176203326e-07,1.6975393235627092,0.054092074427268315,0.041225011257160486
2019-12-24,3145,D0_pca8,test,pca_only,8,20,log_euclidean,0.01,0.0006380285808871074,1991.08079987451,5422.303861524955,302292.12555794034,151146.0627789702,150227.56005067175,2.9176131494109624e-05,2.9174500358624588e-05,1.5623534612953452e-08,3.106922338462128,0.10765612354959422,0.15959464127379602
2019-12-24,3145,rolling,test,pca_only,8,20,log_euclidean,0.01,0.0006956456171489901,4693.196803883344,785.9728092082173,5031.748080492762,2515.8740402463686,2070.59373695462,3.488047855263722e-05,3.4878847417152184e-05,2.9587393623490754e-07,2.0816841847402774,0.09318975162697271,0.07477815007692559
2019-12-24,3145,ewma,test,pca_only,8,20,log_euclidean,0.01,0.0007185451018782702,4493.3500629232885,829.4775638615092,5521.111450772703,2760.5557253863526,2311.109494144219,4.097557726587971e-05,4.0973946130394674e-05,2.975001544911555e-07,2.1096332024164237,0.08736884514567743,0.07811756995328348
2019-12-24,3145,ledoit_wolf,test,pca_only,8,20,log_euclidean,0.01,0.0006273679948955762,8342.587712747392,751.6593633870232,375.2053795387515,187.60268976937627,-235.918255428767,2.922670689398551e-05,2.9225075758500475e-05,5.7327449664835246e-06,1.2172974326396513,0.044632962032052935,0.020601693294558583
2019-12-24,3145,oas,test,pca_only,8,20,log_euclidean,0.01,0.000651903489321287,7705.014502921732,716.0291414265815,453.5497744265813,226.7748872132907,-197.38446986660816,3.226476508987039e-05,3.226313395438536e-05,4.177759446411992e-06,1.4190216582179778,0.06325681108225643,0.031066815015610656
2019-12-24,3145,shrink,test,pca_only,8,20,log_euclidean,0.01,0.0006664870033700381,7078.974720312512,704.2444903327666,788.70404934872,394.35202467435994,-31.19752723004725,3.7029425175712326e-05,3.702779404022729e-05,2.661929644919259e-06,1.549171025980875,0.10174784008638178,0.05066099195497595
2019-12-24,3145,persistence,test,pca_only,8,20,log_euclidean,0.01,0.00044314527493158714,3141.660564530455,892.320026387227,1846.4849082912594,923.2424541456278,487.35507950114277,2.7783269687995678e-05,2.7781638552510642e-05,2.7561751094740836e-07,1.690049011864428,0.05262376888676117,0.042467362186442446
2020-01-02,3150,D0_pca8,test,pca_only,8,20,log_euclidean,0.01,9.375452517511363e-05,1932.191262151362,5313.073871699636,100224.30956269095,50112.15478134548,49883.444508809516,5.406404688017764e-05,5.406277094181431e-05,4.0979637735570155e-08,3.7289685298183177,0.16350791823667238,0.23623527223857868
2020-01-02,3150,rolling,test,pca_only,8,20,log_euclidean,0.01,0.0005171251188872693,4743.50965848711,1088.092796967097,1374.732347135122,687.3661735675523,238.77820541756893,3.3762817035280136e-05,3.376154109691681e-05,4.6543223842405394e-07,2.0996671990767037,0.0822996754653556,0.07532122019212927
2020-01-02,3150,ewma,test,pca_only,8,20,log_euclidean,0.01,0.0024515332326721937,4507.444845094153,1083.4153573667259,1081.1272321175484,540.5636160587683,93.68656051109402,3.3527483616447825e-05,3.35262076780845e-05,6.252508138083416e-07,2.099565800633741,0.07103475896998761,0.07281936039018892
2020-01-02,3150,ledoit_wolf,test,pca_only,8,20,log_euclidean,0.01,0.00018654479144341945,8933.323145594522,1224.9161497666632,333.89574857377187,166.94787428688582,-274.61727261561924,3.757777604201243e-05,3.7576500103649106e-05,7.405898428827157e-06,1.1520614160767138,0.039639859660804654,0.017837206675845544
2020-01-02,3150,oas,test,pca_only,8,20,log_euclidean,0.01,0.00038183563904795276,7684.276190979792,1092.8607644636222,332.4254039850282,166.21270199251438,-275.8459777505539,3.254747509492047e-05,3.254619915655714e-05,3.9600718373590215e-06,1.4834504117407752,0.06768448182533458,0.03410581551323888
2020-01-02,3150,shrink,test,pca_only,8,20,log_euclidean,0.01,0.000406365651206991,7243.81529883612,1070.7713096639652,369.1140910063598,184.5570455031792,-258.26847054870564,2.1097524251467126e-05,2.10962483131038e-05,2.61578796161546e-06,1.512623661598662,0.13432339656510364,0.05434808590886947
2020-01-02,3150,persistence,test,pca_only,8,20,log_euclidean,0.01,0.0026117426575486616,3375.737305190743,1388.3245877123209,2122.3300949238683,1061.1650474619337,620.6324863650646,3.233954968587597e-05,3.233827374751264e-05,2.2926756384144858e-07,1.458693509590798,0.04625497399295667,0.03320460803206486
2020-01-09,3155,D0_pca8,test,pca_only,8,20,log_euclidean,0.01,0.00019083698457430704,2087.2783478959727,3927.659538927689,163917.12250506,81958.56125253,80700.47104159588,4.830097372673302e-05,4.829969147816958e-05,2.0179848677217324e-08,3.222955325217167,0.15685905055854107,0.16627926817780928
2020-01-09,3155,rolling,test,pca_only,8,20,log_euclidean,0.01,0.0005974442088145753,4917.975501502626,1166.0901480522155,1916.4989577158235,958.2494788579116,518.9442577259153,2.159280627565452e-05,2.1591524027091075e-05,5.44153600180828e-07,2.26744374344832,0.0822254336768203,0.0887522073613155
2020-01-09,3155,ewma,test,pca_only,8,20,log_euclidean,0.01,0.0014710289905469404,4682.335687460277,1284.7230945662775,1681.3855278740762,840.6927639370375,402.85550091471436,1.8304351429443065e-05,1.830306918087962e-05,6.597440666276859e-07,2.196460701956783,0.07874770204722888,0.08789269410985093
2020-01-09,3155,ledoit_wolf,test,pca_only,8,20,log_euclidean,0.01,0.00027448429843713766,8910.254492184227,1377.6428142804236,330.004485917457,165.00224295872889,-267.946965972934,4.0665847429606344e-05,4.06645651810429e-05,7.955756306626146e-06,1.14881057429223,0.04039741582399112,0.018994221049056147
2020-01-09,3155,oas,test,pca_only,8,20,log_euclidean,0.01,0.00046763373601223246,7663.836933537086,1189.9338732344868,362.7354249541521,181.36771247707645,-251.99061684367848,2.7973348328528796e-05,2.797206607996535e-05,4.3312993669031954e-06,1.5571502628650917,0.06406863308758806,0.03845050303310268
2020-01-09,3155,shrink,test,pca_only,8,20,log_euclidean,0.01,0.0004989351814402103,7233.670898366121,1179.5085574409645,466.99159653892923,233.49579826946456,-199.97839671585606,2.234494085033766e-05,2.2343658601774214e-05,2.6694632421863992e-06,1.6464866735561148,0.09837050883443485,0.058543515184189314
2020-01-09,3155,persistence,test,pca_only,8,20,log_euclidean,0.01,0.0027268936540875573,3678.2239261214654,1635.8900910488965,2704.9200227218907,1352.4600113609374,903.854645136583,4.7028487672075375e-05,4.702720542351193e-05,2.4588260957518383e-07,1.4805161227192365,0.06319911702515298,0.033654404016428496
2020-01-16,3160,D0_pca8,test,pca_only,8,20,log_euclidean,0.01,0.00021615480902722255,2019.747676253598,4432.291641264448,216630.3279723966,108315.1639861983,106951.65595448967,4.2685967824881105e-05,4.268489105637525e-05,1.904438963545546e-08,3.616024784369276,0.13031041568594456,0.20366896955832
2020-01-16,3160,rolling,test,pca_only,8,20,log_euclidean,0.01,0.000599804298314033,4788.453190699859,1115.9017940251356,2003.7313679197596,1001.8656839598851,573.0564620708956,2.0500118688593198e-05,2.0499041920087344e-05,6.250915471361201e-07,2.5209328333114964,0.09840305085009257,0.10626408579543566
2020-01-16,3160,ewma,test,pca_only,8,20,log_euclidean,0.01,0.0008703901001662762,4608.062558226737,1236.0178414173295,2086.0138667828755,1043.0069333914332,615.2176931098405,1.978245294219528e-05,1.9781376173689426e-05,6.612476999056105e-07,2.5387471401105035,0.10692051217470609,0.10903135154140207
2020-01-16,3160,ledoit_wolf,test,pca_only,8,20,log_euclidean,0.01,0.00028469514061646575,8841.902404544915,1322.6940073093324,325.2009166925127,162.60045834625654,-265.64652589417193,4.243013443340173e-05,4.242905766489588e-05,7.802293608961882e-06,1.1166835377976674,0.04090749259756749,0.018037915132388917
2020-01-16,3160,oas,test,pca_only,8,20,log_euclidean,0.01,0.0004780004734746176,7531.263601384323,1138.7460428853196,369.1013747695902,184.5506873847948,-243.52431090551173,2.6820818833225465e-05,2.681974206471961e-05,4.4764588743642385e-06,1.549598084173326,0.06880987465019929,0.03989558170608792
2020-01-16,3160,shrink,test,pca_only,8,20,log_euclidean,0.01,0.0005042476176325336,7113.634580164248,1125.463988386496,479.2123827519158,239.60619137595785,-189.65993212917869,2.277861783108161e-05,2.2777541062575757e-05,2.8388436297470746e-06,1.6678048183203316,0.13851215913612722,0.06636128989726517
2020-01-16,3160,persistence,test,pca_only,8,20,log_euclidean,0.01,0.0027386317124729713,3708.461062970334,1632.179971768055,3071.1430857736277,1535.5715428868184,1090.9042225967055,6.11024103822313e-05,6.110133361372544e-05,2.1067772379960053e-07,1.3660834569148972,0.050824819117240676,0.028997678323279326
2020-01-24,3165,D0_pca8,test,pca_only,8,20,log_euclidean,0.01,0.00044587954665582753,1965.4815562973831,3151.3127850696565,221591.01700335578,110795.50850167789,109658.87284946484,3.8257833215766236e-05,3.825647924912918e-05,1.4553338308545783e-08,2.9235933175587707,0.15447026352782112,0.16342584352478254
2020-01-24,3165,rolling,test,pca_only,8,20,log_euclidean,0.01,0.0007692630230139588,4800.35615750773,1367.754515505229,2282.6250958980304,1141.312547949029,724.1279536758839,4.108802141352548e-05,4.108666744688842e-05,6.068103259355922e-07,2.5884863347865923,0.08057152012518541,0.10773553913605086
2020-01-24,3165,ewma,test,pca_only,8,20,log_euclidean,0.01,0.0007391156127509543,4630.831135035753,1556.852502574469,2636.1106399054347,1318.0553199527294,901.6664041946622,4.403850007942837e-05,4.403714611279131e-05,5.213040602315816e-07,2.5927379892493954,0.08106922411887546,0.10150405341534013
2020-01-24,3165,ledoit_wolf,test,pca_only,8,20,log_euclidean,0.01,0.0004885357579253939,8736.545264745495,1797.7165852365642,315.6199630033981,157.80998150169927,-261.849520657573,6.530876219388737e-05,6.53074082272503e-05,7.6138416524332105e-06,1.1501984818842337,0.0429475198612945,0.019090699979008835
2020-01-24,3165,oas,test,pca_only,8,20,log_euclidean,0.01,0.0006658213927625042,7380.441912995545,1493.8143764446154,388.6210315225409,194.31051576127103,-225.33531520008478,4.132114818572319e-05,4.1319794219086136e-05,4.050419567436198e-06,1.665548402687595,0.06881044541548517,0.04341748584597007
2020-01-24,3165,shrink,test,pca_only,8,20,log_euclidean,0.01,0.0006916092278656806,7077.290438807178,1469.8953464200158,486.40037275705345,243.200186378527,-177.6196967205647,3.555375857017825e-05,3.55524046035412e-05,2.7313051057095296e-06,1.6851598776977397,0.11885921412269039,0.06731940485754669
2020-01-24,3165,persistence,test,pca_only,8,20,log_euclidean,0.01,0.0009548213821857143,3699.3595819725424,1601.7860750921539,4843.58050647703,2421.790253238507,1974.9763517748465,7.681740679749455e-05,7.681605283085749e-05,1.8455526869147116e-07,1.5804331649916559,0.052238753534775785,0.040201665626165214
2020-01-31,3170,D0_pca8,test,pca_only,8,20,log_euclidean,0.01,0.011708456786328791,2224.678200997519,2590.8980941826867,1110363.3722667908,555181.6861333954,547307.164126478,0.0018565974141538774,0.0018565788622047343,2.4662398119279766e-08,3.4461872286895425,0.1616237818716577,0.19533410761421918
2020-01-31,3170,rolling,test,pca_only,8,20,log_euclidean,0.01,0.011913833308258718,5141.867036382008,1912.9576565153975,17095.28462996121,8547.642314980614,8092.576784389251,0.00044007003757462655,0.00044005148562548335,7.809722861957408e-07,2.7976671415543217,0.10322638525354151,0.13041173926120436
2020-01-31,3170,ewma,test,pca_only,8,20,log_euclidean,0.01,0.011630657928554885,4943.933593595176,1837.5950594507258,21827.448830582704,10913.724415291354,10430.358165223595,0.00041810950826428017,0.000418090956315137,5.757086467352276e-07,2.6597960507543785,0.09485388472467102,0.11496779175196883
2020-01-31,3170,ledoit_wolf,test,pca_only,8,20,log_euclidean,0.01,0.011649410383023405,8823.16585307117,2520.3250234980983,619.6172308193723,309.808615409686,-56.71357413905014,0.00020841504759994508,0.0002083964956508019,8.867263889316033e-06,1.2201572622717172,0.04788422431559324,0.022274686061964727
2020-01-31,3170,oas,test,pca_only,8,20,log_euclidean,0.01,0.011812803709424507,7542.731808303054,2113.6110199945524,1648.8271918283215,824.4135959141606,452.0521518926681,0.0002549155204041927,0.0002548969684550495,4.84515265076401e-06,1.7214960161369481,0.07293465752627971,0.046551287071520196
2020-01-31,3170,shrink,test,pca_only,8,20,log_euclidean,0.01,0.011865285006460969,7295.271076133234,2079.107716831693,2703.8800096050386,1351.9400048025195,970.4224465938412,0.00039091047406295367,0.0003908919221138105,3.066819354240996e-06,1.7271592147522679,0.13875839132358475,0.07642009279352607
2020-01-31,3170,persistence,test,pca_only,8,20,log_euclidean,0.01,0.011379145628491185,3856.3396829537,1499.800959268985,40828.89552685475,20414.447763427368,19826.229871912787,0.00018612241401906208,0.0001861038620699189,1.6655899136144754e-07,1.992378219960133,0.07668548399382269,0.0582576426751479
2020-02-07,3175,D0_pca8,test,pca_only,8,20,log_euclidean,0.01,0.03599686829194052,2212.4387091995663,1396.6865144343287,1169728.472627344,584864.236313672,583535.7439893095,0.0019262611362227254,0.0019260753093951857,2.580524382037401e-08,3.0918369175610594,0.14126766877270125,0.16994629519607193
2020-02-07,3175,rolling,test,pca_only,8,20,log_euclidean,0.01,0.03471887024614731,5104.02725819075,2697.6862827599925,20698.907735189747,10349.453867594862,10084.117804549163,0.0010606450524819524,0.0010604592256544126,7.350723380091712e-07,2.7154703076115525,0.09766291270888634,0.12487645164682197
2020-02-07,3175,ewma,test,pca_only,8,20,log_euclidean,0.01,0.03405958380259251,4941.513165911441,2522.024943809632,24763.063143961685,12381.531571980833,12134.235059289951,0.0009076619536347465,0.0009074761268072066,5.677976386345941e-07,2.51043241441002,0.10261198203333782,0.10504717496569624
2020-02-07,3175,ledoit_wolf,test,pca_only,8,20,log_euclidean,0.01,0.035168131700248725,8839.91775368376,3719.0095745608187,733.5640043081463,366.7820021540734,37.02998343789189,0.0006270126159284615,0.0006268267891009216,1.0460124963128534e-05,1.3152440042649145,0.05225999314583386,0.027282853866333716
2020-02-07,3175,oas,test,pca_only,8,20,log_euclidean,0.01,0.03483429125323955,7585.946642106339,3048.125536558563,1941.40693574411,970.703467872055,646.3351108503982,0.0007238131976807203,0.0007236273708531804,5.320064221549622e-06,1.834365538528336,0.0628963680549127,0.054158464757035917
2020-02-07,3175,shrink,test,pca_only,8,20,log_euclidean,0.01,0.035047403024395185,7453.532686042936,3049.8580692764726,2740.1017820775287,1370.0508910387634,1039.463383623454,0.0008932426037681097,0.0008930567769405698,3.851646689539221e-06,1.7602521262011606,0.12961366948316988,0.07793706256158255
2020-02-07,3175,persistence,test,pca_only,8,20,log_euclidean,0.01,0.03392078397045113,4002.3233436971173,2353.4061878386046,50411.174790534074,25205.587395267015,25379.195406365434,0.0006297961129417852,0.0006296102861142453,1.8480798124411996e-07,1.8471959539138347,0.06113730023413894,0.053135256379281195
2020-02-14,3180,D0_pca8,test,pca_only,8,20,log_euclidean,0.01,0.13074125181540586,2492.296809097133,737.6552927739556,2352805.1793410624,1176402.5896705312,1172152.7957085348,0.0032987110119327063,0.0032979313692098272,2.1027633206914562e-08,3.7489865642130544,0.11356180982902196,0.2125447176697151
2020-02-14,3180,rolling,test,pca_only,8,20,log_euclidean,0.01,0.12721679612735232,5425.273133356224,3530.586763355902,30413.154367217,15206.577183608524,15175.300716713062,0.0017050736610344538,0.0017042940183115746,5.16101660978461e-07,2.4438096898115793,0.08250101452755844,0.10063462086787016
2020-02-14,3180,ewma,test,pca_only,8,20,log_euclidean,0.01,0.1258160451756688,5269.664386263745,3367.065888883533,35858.63457145803,17929.317285728997,17988.524595591316,0.0017452583651890595,0.0017444787224661802,4.1318630525575175e-07,2.259468520188254,0.08598703330589601,0.08618833842337077
2020-02-14,3180,ledoit_wolf,test,pca_only,8,20,log_euclidean,0.01,0.12871923148298986,8726.425344385994,4705.775405636286,1075.1894596875418,537.594729843771,246.8925704733456,0.0016970399336800716,0.0016962602909571924,9.067003570686625e-06,1.336008956976975,0.04931459765165101,0.028815417014876162
2020-02-14,3180,oas,test,pca_only,8,20,log_euclidean,0.01,0.12763733549365835,7507.045056114417,3906.0450524128073,3119.0269643340384,1559.513482167019,1287.9175174258037,0.0016519808643315783,0.001651201221608699,3.9475553527656694e-06,1.7946119873464177,0.059845315909994284,0.05459674246996435
2020-02-14,3180,shrink,test,pca_only,8,20,log_euclidean,0.01,0.12824436389201677,7570.875457039709,3984.6589663121304,4087.638903416904,2043.8194517084519,1768.4222571849684,0.001624119208465853,0.0016233395657429736,3.4992243787935204e-06,1.711814744746167,0.10237167024822134,0.06869775461610615
2020-02-14,3180,persistence,test,pca_only,8,20,log_euclidean,0.01,0.12429502423897419,4387.583789314184,3094.9545759961907,64376.31320916047,32188.15660458024,32953.319581003314,0.0016089029651223659,0.0016081233223994866,1.801940892533704e-07,1.738514426937756,0.053601669972913636,0.04768706512612506
2020-02-24,3185,D0_pca8,test,pca_only,8,20,log_euclidean,0.01,0.1573861292190336,2749.643287951722,1438.4186665767602,3111673.8358497852,1555836.9179248926,1545818.7814751402,0.002250291382999608,0.0022490871040095305,1.8252521573416762e-08,3.3767392417117974,0.1251726373972431,0.18783666692626205
2020-02-24,3185,rolling,test,pca_only,8,20,log_euclidean,0.01,0.15373626128001855,5629.182207565151,2608.635749533438,40739.4698063585,20369.734903179244,20461.513751242164,0.002086115158935784,0.0020849108799457067,5.140938201313696e-07,2.54538376187793,0.07295428336444953,0.09836926701250306
2020-02-24,3185,ewma,test,pca_only,8,20,log_euclidean,0.01,0.15265274590537897,5419.289726221897,2597.0307044130514,51889.63204509908,25944.81602254954,26163.8965259806,0.002050754157168621,0.0020495498781785437,3.802153828356339e-07,2.4258124848730773,0.071399925513021,0.08717271745589543
2020-02-24,3185,ledoit_wolf,test,pca_only,8,20,log_euclidean,0.01,0.15528305415256016,8840.133243103017,3467.932129517465,1432.9281749505162,716.4640874752586,451.2450321114746,0.002042635104552051,0.0020414308255619737,8.75216193334205e-06,1.3102183293999028,0.04464879699055627,0.02705658170321912
2020-02-24,3185,oas,test,pca_only,8,20,log_euclidean,0.01,0.15417729261376256,7659.758353298552,2875.165799387438,4099.816077864678,2049.90803893234,1812.0718527414713,0.001961672165248888,0.0019604678862588107,3.9384547537497836e-06,1.769202491900592,0.06167701989870591,0.05098630529739951
2020-02-24,3185,shrink,test,pca_only,8,20,log_euclidean,0.01,0.15478002970511773,7714.083894617954,2922.2574135656378,5504.978690533347,2752.489345266674,2507.3560156636586,0.0019178189858704193,0.0019166147068803419,3.436849403613598e-06,1.6565999966738458,0.10458039368254213,0.064799826271366
2020-02-24,3185,persistence,test,pca_only,8,20,log_euclidean,0.01,0.14571146050698233,4554.627738681951,1632.6380653070682,66653.29926500459,33326.649632502296,33389.57974522106,0.001362324899999671,0.0013611206210095935,2.537907290961347e-07,1.8858797424306208,0.07457130061701428,0.05527068721778499
2020-03-02,3190,D0_pca8,test,pca_only,8,20,log_euclidean,0.01,0.27470516793531,2792.6838045100153,1377.8438334143964,1507956.332053819,753978.1660269095,728318.2272673168,0.002671418252731271,0.0026702501785350863,4.227832069091845e-08,4.031807356116348,0.14115521215878232,0.26792831576016674
2020-03-02,3190,rolling,test,pca_only,8,20,log_euclidean,0.01,0.26217130425243373,5639.778164317079,1438.81085689856,21660.988348715,10830.494174357493,10182.255462385308,0.001920269627322514,0.0019191015531263296,1.26667540674599e-06,3.6194565544320696,0.15188849229536242,0.20622954097351182
2020-03-02,3190,ewma,test,pca_only,8,20,log_euclidean,0.01,0.2473490850513667,5442.565328142542,898.2563702140831,20889.21316213372,10444.606581066859,9810.472950556661,0.0017837827531338897,0.0017826146789377052,1.4016263754327412e-06,3.591944638649547,0.13847192546865922,0.2044348108745475
2020-03-02,3190,ledoit_wolf,test,pca_only,8,20,log_euclidean,0.01,0.26718715911803503,8943.6926786564,2673.6498762408514,927.5913077053979,463.79565385269905,164.58115866913406,0.0017996317926515448,0.0017984637184553602,2.2670271004349934e-05,1.9918248247010115,0.0617068772931365,0.062155963557446015
2020-03-02,3190,oas,test,pca_only,8,20,log_euclidean,0.01,0.2639863902680459,7937.236912023911,1845.3012645886956,2098.765140844169,1049.3825704220849,728.3157686106318,0.0017278951925165018,0.0017267271183203173,1.1790773264938343e-05,2.7873266190709782,0.10368325891606595,0.12031772615461603
2020-03-02,3190,shrink,test,pca_only,8,20,log_euclidean,0.01,0.26593793878181926,8127.123894463111,2008.1831145323729,1789.4175384147034,894.7087692073517,577.9168894241785,0.001718356790578073,0.0017171887163818884,1.269112542404926e-05,2.574315059737787,0.1894061486232064,0.13889014494436563
2020-03-02,3190,persistence,test,pca_only,8,20,log_euclidean,0.01,0.25811735778224754,4507.433098143706,995.0164513840233,14304.004192967548,7152.002096483767,6732.386154541254,0.0013512168377107807,0.0013500487635145961,1.7532211084205384e-06,2.6533246891838838,0.07676912811398455,0.10687298757479909
2020-03-09,3195,D0_pca8,test,pca_only,8,20,log_euclidean,0.01,0.24110028310113935,2790.721519976564,1611.6589110025702,803830.4579989364,401915.2289994682,383267.95036521053,0.0020333622140510104,0.002033022036944247,7.0432225186524e-08,3.7229286628116762,0.15311158482407186,0.22949718223793678
2020-03-09,3195,rolling,test,pca_only,8,20,log_euclidean,0.01,0.224700633534932,5734.111767230661,993.0149729629418,10432.671965049887,5216.335982524948,4690.436216659576,0.0024494532054563484,0.002449113028349585,4.387513496451162e-06,4.736232240161313,0.21216443129108634,0.36487010836718653
2020-03-09,3195,ewma,test,pca_only,8,20,log_euclidean,0.01,0.21098632865073572,5522.325762197506,645.8742195030284,6939.161908453416,3469.5809542267116,3025.8291198997063,0.001942711268175002,0.0019423710910682385,6.649619519493071e-06,4.416716505972389,0.17442399019836177,0.32014570767820555
2020-03-09,3195,ledoit_wolf,test,pca_only,8,20,log_euclidean,0.01,0.23656702152922693,10612.162701535544,3577.0006587664748,428.592612548549,214.29630627427434,-80.95742341835839,0.0024697899789610806,0.002469449801854317,4.274157168396449e-05,1.2425199084097236,0.038647449661321706,0.02259844749139374
2020-03-09,3195,oas,test,pca_only,8,20,log_euclidean,0.01,0.22662244924570085,8506.713113204163,1386.013513827317,1215.9599674399833,607.9799837199921,292.16356530935644,0.0016978105194159249,0.0016974703423091615,2.949027639011928e-05,3.1017838380765608,0.13128572723857324,0.16202960626873736
2020-03-09,3195,shrink,test,pca_only,8,20,log_euclidean,0.01,0.2301329100516099,8614.872194353871,1536.5298744724514,1085.0220191284297,542.511009564215,227.72402031275124,0.0016700740251823832,0.0016697338480756198,3.405336363099245e-05,2.9442363519619894,0.10234802382071777,0.149560366542335
2020-03-09,3195,persistence,test,pca_only,8,20,log_euclidean,0.01,0.17241973984510436,4450.947096544212,629.4708699936052,6151.237016424135,3075.618508212076,2655.254658947567,0.0018228035520868589,0.0018224633749800954,7.1199941521446965e-06,3.7486817968477757,0.13594907739348389,0.2265186177467618
2020-03-16,3200,D0_pca8,test,pca_only,8,20,log_euclidean,0.01,0.06955420769071408,2844.007889891993,3064.462018468885,268911.4929514098,134455.7464757049,127030.82778135574,0.0013563650348674097,0.0013563206448762488,1.0030567564931097e-07,2.6207410803953337,0.1274911677254772,0.12438000510776746
2020-03-16,3200,rolling,test,pca_only,8,20,log_euclidean,0.01,0.036931127302192425,5635.151371779372,963.0881725351069,4171.937635779289,2085.9688178896495,1659.613192790786,0.0023377181560970722,0.002337673766105911,1.166813936427623e-05,5.6117754143083785,0.17246430248864694,0.47862136092359486
2020-03-16,3200,ewma,test,pca_only,8,20,log_euclidean,0.01,0.039612094480547894,5413.85947591732,1364.6260883924995,2383.8738001339584,1191.9369000669853,817.413912555476,0.0019855585820323517,0.0019855141920411905,1.9548705885122523e-05,4.870570716567991,0.15726816421670073,0.36111192816447063
2020-03-16,3200,ledoit_wolf,test,pca_only,8,20,log_euclidean,0.01,0.04620072803819285,10703.8253855986,869.0669995143983,327.2203667994735,163.61018339973674,-149.81527947244814,0.0011937051735195058,0.0011936607835283449,0.00011709225972761968,2.3053872081316986,0.08442363743984774,0.08191770879267601
2020-03-16,3200,oas,test,pca_only,8,20,log_euclidean,0.01,0.03883349167721512,8795.954262786938,706.9631920619247,735.5376900271622,367.76884501357983,40.05931328027042,0.0015511474815501534,0.0015511030915589924,5.4837171714586544e-05,3.8630842012156177,0.12595876916758458,0.22777809525655354
2020-03-16,3200,shrink,test,pca_only,8,20,log_euclidean,0.01,0.04460500515199002,9715.804482697198,619.3471243925445,421.07199007263546,210.5359950363179,-107.76354789771099,0.0011208119619291238,0.0011207675719379629,8.109945239167449e-05,3.029062045070877,0.12299816275538554,0.16424016234699818
2020-03-16,3200,persistence,test,pca_only,8,20,log_euclidean,0.01,0.04929141946423457,4171.023024826335,1305.7403740737054,2456.832145268081,1228.4160726340365,850.6710414342385,0.0014158931159418966,0.0014158487259507357,1.8878594128666798e-05,4.446645757537519,0.15379268048974964,0.3257875775073447
2020-03-23,3205,D0_pca8,test,pca_only,8,20,log_euclidean,0.01,0.04841587792558881,2558.385769527679,2541.133893120643,195769.65260029922,97884.8263001496,92954.30044371574,0.0008524412595672642,0.0008523935684209784,8.609888527519623e-08,2.804433771086059,0.13306919483548743,0.1381135609773741
2020-03-23,3205,rolling,test,pca_only,8,20,log_euclidean,0.01,0.01367803480030021,5666.941631123253,608.8409163701239,1544.6946427660264,772.3473213830096,401.51183478684044,0.000759866574845013,0.0007598188836987273,1.5801806700175718e-05,5.314421603982074,0.1762064825458297,0.4568468012738448
2020-03-23,3205,ewma,test,pca_only,8,20,log_euclidean,0.01,0.04940499272940006,5451.808551671936,668.849294447467,935.4301846312774,467.71509231564164,115.95367905730829,0.0005414426007665259,0.0005413949096202401,2.6124451313198387e-05,4.671763575034607,0.14571206514705867,0.3624806094440258
2020-03-23,3205,ledoit_wolf,test,pca_only,8,20,log_euclidean,0.01,0.017158269481726843,10799.251608272272,750.8933374473786,261.3270637099488,130.66353185497448,-197.23141935109714,0.00040228040950426934,0.0004022327183579836,0.0001456045577301872,2.6634047261813376,0.08476297840751139,0.1123026188621579
2020-03-23,3205,oas,test,pca_only,8,20,log_euclidean,0.01,0.01443433807305473,9338.572653083855,543.6648962039363,339.81831460164176,169.90915730082054,-162.50919942189245,0.00046745403561142837,0.0004674063444651426,7.721742039240077e-05,3.6285572362787173,0.12019822835560894,0.21672769429236022
2020-03-23,3205,shrink,test,pca_only,8,20,log_euclidean,0.01,0.018624714788124067,10440.349872001345,676.9442185006387,259.5637988203984,129.78189941019912,-198.87974760289475,0.00037316972881639885,0.0003731220376701131,0.00012203197114421795,2.8070594071191732,0.13052466202090185,0.1500378516326783
2020-03-23,3205,persistence,test,pca_only,8,20,log_euclidean,0.01,0.06086831879748596,4218.085802054214,730.4672047721051,1060.570084626268,530.2850423131312,174.58920801517303,0.00046408061799171885,0.0004640329268454331,2.602237675460211e-05,4.7015475117485215,0.15276633926675856,0.36056095629635
2020-03-30,3210,D0_pca8,test,pca_only,8,20,log_euclidean,0.01,0.016806843613938686,2417.451475374968,3551.726774614257,128977.01805975473,64488.509029877365,62209.90454034744,0.00048316756075174154,0.0004831340207501571,9.721169784737074e-08,2.763877958773314,0.133405045894514,0.14010345890375772
2020-03-30,3210,rolling,test,pca_only,8,20,log_euclidean,0.01,0.01838536597648842,5750.686096408423,752.3414506805389,895.848083095879,447.9240415479453,81.30017220914907,0.000410321366359838,0.00041028782635825354,2.075903244646766e-05,5.473618957764855,0.15581413614032785,0.4730957663439404
2020-03-30,3210,ewma,test,pca_only,8,20,log_euclidean,0.01,0.08834430913305084,5552.86991992465,784.2739921777138,672.7550542253184,336.37752711265364,-23.79246747833629,0.00033635500726155316,0.0003363214672599687,2.6737078906876613e-05,4.86437407189494,0.1447687419865412,0.36476853643740137
2020-03-30,3210,ledoit_wolf,test,pca_only,8,20,log_euclidean,0.01,0.010084612171783372,10825.661027310007,534.6134447194779,273.9213795285005,136.96068976424974,-210.69387581671543,0.00025372921634711314,0.0002536956763455287,0.0001616835165091539,3.038458514422588,0.09502251476469852,0.1375571933523214
2020-03-30,3210,oas,test,pca_only,8,20,log_euclidean,0.01,0.014081626622806476,9663.866424710159,582.3527109014694,290.5696767338444,145.28483836692084,-204.17170870810233,0.00026507670766273803,0.0002650431676611536,9.491372954974268e-05,3.846496319320864,0.11113709989537,0.22184927345530164
2020-03-30,3210,shrink,test,pca_only,8,20,log_euclidean,0.01,0.008784721437088343,10903.765290772333,575.8328479963305,270.11439767336003,135.05719883667962,-212.57251843714994,0.00026590079420925946,0.000265867254207675,0.00015541269193408813,2.897084761800918,0.141036451481024,0.15209321720794625
2020-03-30,3210,persistence,test,pca_only,8,20,log_euclidean,0.01,0.17495494844910886,4179.210991519319,862.890532552359,729.5378812738956,364.76894063696415,3.239325242013341,0.00028812402442518205,0.0002880904844235976,2.775610039090588e-05,4.5627224905450445,0.1896866116498324,0.34274482802522205
2020-04-06,3215,D0_pca8,test,pca_only,8,20,log_euclidean,0.01,0.008730058521541666,2330.6469046346438,4662.909498607576,93064.99696817926,46532.49848408966,44892.593919512365,0.0003078126899901201,0.00030780127115349475,9.432269803359221e-08,2.474934847659674,0.10909132334845506,0.11046496299163427
2020-04-06,3215,rolling,test,pca_only,8,20,log_euclidean,0.01,0.02496122345225655,5657.069714367911,1249.2534330128756,656.424858135963,328.21242906798693,-43.905696706295124,0.00014186047478813142,0.00014184905595150609,2.1349461829775013e-05,5.478430148495354,0.16866756726197352,0.4779427256530512
2020-04-06,3215,ewma,test,pca_only,8,20,log_euclidean,0.01,0.05839782389746935,5464.082578770766,1183.1323007109472,601.2670253306092,300.63351266530924,-69.08931254283327,0.00020160121399988144,0.0002015897951632561,2.4398532002800204e-05,5.1111655643177,0.16785279249603913,0.40234511540134427
2020-04-06,3215,ledoit_wolf,test,pca_only,8,20,log_euclidean,0.01,0.01361694784969427,10878.853760462924,767.2720514254322,284.3170546589429,142.1585273294713,-216.97292229085633,0.00015240783258229837,0.00015239641374567304,0.00017249506711616126,3.1298167499794136,0.10578224441960307,0.14696985356163988
2020-04-06,3215,oas,test,pca_only,8,20,log_euclidean,0.01,0.018894956060649594,9828.261921792462,954.2483466144151,278.87750764852484,139.4387538242621,-220.80042794424094,0.00013674617513792552,0.0001367347563013002,0.00010547241785281402,3.924651660446175,0.11840833852207118,0.23236217783422577
2020-04-06,3215,shrink,test,pca_only,8,20,log_euclidean,0.01,0.01050616871586489,11031.59096894881,813.5295572127952,286.6093918366806,143.30469591834014,-215.81346943624993,0.00015880319614847117,0.00015879177731184584,0.00016934413205971945,2.9651325122873784,0.11467911191773407,0.15192840029227206
2020-04-06,3215,persistence,test,pca_only,8,20,log_euclidean,0.01,0.16994105862401312,4230.531212621778,1414.103009303395,675.1795891343163,337.58979456715764,-30.506617761245913,0.0003081429372727326,0.00030813151843610726,1.7758465832782733e-05,4.03336681844022,0.1233317609013805,0.24265599620429515
2020-04-14,3220,D0_pca8,test,pca_only,8,20,log_euclidean,0.01,0.00729845026777055,2222.1021020143003,4548.2890353577895,148739.39024450656,74369.69512225328,71252.44851756234,0.00015395595675303758,0.00015395039490316404,5.9443744580001275e-08,2.863758277268259,0.10436168916439818,0.1403875216890308
2020-04-14,3220,rolling,test,pca_only,8,20,log_euclidean,0.01,0.0352411841518702,5898.941970440528,1235.710305576528,586.5701551688732,293.285077584438,-83.86888664070568,0.00021331981877464138,0.00021331425692476785,2.296893399420411e-05,5.4883866787014846,0.16615510894053945,0.4751618662019335
2020-04-14,3220,ewma,test,pca_only,8,20,log_euclidean,0.01,0.04855459289710953,5688.91859510898,1099.3144163294548,603.4626069537968,301.73130347690005,-75.42348078077342,0.0001941936889091764,0.00019418812705930286,2.249258565918189e-05,5.149091831128507,0.15703464622065372,0.4143746729146989
2020-04-14,3220,ledoit_wolf,test,pca_only,8,20,log_euclidean,0.01,0.021323228171702707,10861.081503079029,757.44964371631,290.8910306555701,145.44551532778456,-220.94353778641994,0.00014842934891463826,0.00014842378706476472,0.00017582343154518473,3.3729991332224007,0.09191568151630954,0.16521476420428247
2020-04-14,3220,oas,test,pca_only,8,20,log_euclidean,0.01,0.027023657229607312,10006.680871523391,927.5941869211382,282.17874704847947,141.0893735242396,-226.1352812773468,0.00016364123699393334,0.0001636356751440598,0.00011503418496805895,4.037390924680659,0.11683178656453788,0.24164075167457644
2020-04-14,3220,shrink,test,pca_only,8,20,log_euclidean,0.01,0.01454659164091945,11230.74547216485,788.5125175259293,300.40002786078924,150.20001393039433,-216.07255908572083,0.00014831976459479855,0.00014831420274492502,0.0001881145345696387,3.0647647599963324,0.10992828589190727,0.15617668538228785
2020-04-14,3220,persistence,test,pca_only,8,20,log_euclidean,0.01,0.03972861159535866,4244.722127765188,912.8155471179505,840.0837159855853,420.04185799279355,39.83420311941848,0.0001239823123730579,0.00012397675052318435,6.432034642444286e-06,3.0628368528433465,0.09134634267609856,0.13690642184865312
2020-04-21,3225,D0_pca8,test,pca_only,8,20,log_euclidean,0.01,0.0058950829137333904,2335.0138333805976,5092.860652158011,78832.61704011871,39416.308520059356,37912.41077973935,8.774825787484249e-05,8.773908538440958e-05,8.01962479919362e-08,2.5076657244834153,0.1033274185827455,0.10036294217779568
2020-04-21,3225,rolling,test,pca_only,8,20,log_euclidean,0.01,0.04032227385469474,5946.76789551892,1413.7594902201902,582.4438496479694,291.2219248239779,-86.85429962821101,0.00018399518366265323,0.00018398601117222032,2.7955740746093932e-05,5.898805943814549,0.20416841067358574,0.5521392651472431
2020-04-21,3225,ewma,test,pca_only,8,20,log_euclidean,0.01,0.03179526287568112,5721.786190880084,1132.482052681383,671.3742665369824,335.6871332684953,-43.43403303655905,0.00017923917006897977,0.00017922999757854686,2.3052386694378973e-05,5.652917329327711,0.17166903375755577,0.49281693567741114
2020-04-21,3225,ledoit_wolf,test,pca_only,8,20,log_euclidean,0.01,0.025557162976503435,10824.062249169274,840.7060475774326,294.5167097557521,147.25835487787734,-221.8419297484288,0.00012205508013189984,0.00012204590764146692,0.00019139788585285168,3.494157918136253,0.09022294333010375,0.1799614198706228
2020-04-21,3225,oas,test,pca_only,8,20,log_euclidean,0.01,0.03123453574892715,10041.64335736183,1042.8233863714745,286.5830175356969,143.29150876784843,-226.47998641181394,0.0001389774881037056,0.0001389683156132727,0.0001319215151964126,4.16097399758548,0.11895763722604796,0.26033130255227144
2020-04-21,3225,shrink,test,pca_only,8,20,log_euclidean,0.01,0.017072056102435847,11274.64970342704,850.3295653436492,307.1078141503013,153.55390707515068,-215.4434978868572,9.704252494715632e-05,9.703335245672341e-05,0.00020927482675273362,3.1564995225027697,0.1181860549777036,0.16282380178869638
2020-04-21,3225,persistence,test,pca_only,8,20,log_euclidean,0.01,0.02477934303497506,4050.2555225489423,1076.2619393081827,1069.2541002952696,534.6270501476321,151.01027773740483,0.00011567058141731946,0.00011566140892688655,4.4596687773504256e-06,2.9119094566963106,0.10391512393305467,0.1297023862285052
2020-04-28,3230,D0_pca8,test,pca_only,8,20,log_euclidean,0.01,0.006761797904616573,2243.7476564576023,5058.540325872146,72566.82710347032,36283.41355173517,34328.84316742893,6.807430161437075e-05,6.806269471549513e-05,1.0747675669035495e-07,2.664601623074609,0.1160656279309141,0.12692726237858473
2020-04-28,3230,rolling,test,pca_only,8,20,log_euclidean,0.01,0.04153827482791453,5990.96092657816,1386.6562306694814,561.2036859104339,280.6018429552149,-100.05403625331056,0.00025093901101369266,0.00025092740411481704,2.888584438452618e-05,5.876252199362713,0.20962580309906323,0.556714836304123
2020-04-28,3230,ewma,test,pca_only,8,20,log_euclidean,0.01,0.01602124493155721,5750.420171594523,1026.1872738790037,741.3804006429021,370.6902003214479,-15.68240740509881,0.00022642423091180796,0.00022641262401293234,1.86921489681965e-05,5.560194485393342,0.1832767215318576,0.48672500715154393
2020-04-28,3230,ledoit_wolf,test,pca_only,8,20,log_euclidean,0.01,0.02675271595104104,10819.919837905549,848.0635247711472,292.6502491201989,146.32512456010025,-222.79381123153684,0.00017741192803527706,0.00017740032113640144,0.00019084491465935294,3.5305596360972955,0.09203062730445367,0.1824780025813478
2020-04-28,3230,oas,test,pca_only,8,20,log_euclidean,0.01,0.03214429001297586,10089.818499784265,1027.1690482750382,284.15584639773056,142.07792319886494,-227.85729324630492,0.0001998719807703125,0.00019986037387143688,0.00013485633293276535,4.132079230581596,0.11764310097446393,0.2568194482429798
2020-04-28,3230,shrink,test,pca_only,8,20,log_euclidean,0.01,0.01759907711822372,11311.740062272143,862.767569607737,307.0289810145685,153.5144905072843,-215.33780021789252,0.00014774965342601382,0.0001477380465271382,0.00021281938538451444,3.1267851150352906,0.12378282766118645,0.16153992596332148
2020-04-28,3230,persistence,test,pca_only,8,20,log_euclidean,0.01,0.005597037850522245,4057.368960178861,807.8663232573083,1718.1048619572196,859.052430978607,452.1695405406821,0.00014968991628646968,0.00014967830938759406,2.6294706796254157e-06,2.811319658333544,0.07551430765756054,0.11959712588209019
2020-05-05,3235,D0_pca8,test,pca_only,8,20,log_euclidean,0.01,0.005265060713379708,2204.1460892997593,5732.997400754728,90750.7436281901,45375.371814095066,43389.67506319686,0.00021020988740680913,0.00021019847080903882,8.351707174076335e-08,2.6207291839581126,0.1178738321529654,0.11979229208565292
2020-05-05,3235,rolling,test,pca_only,8,20,log_euclidean,0.01,0.05157711729622817,6016.194774434527,1617.2502756115573,513.3185026359533,256.659251317976,-128.11799661066993,0.00025925490310803865,0.00025924348651026836,3.059593144086007e-05,6.0737061086810975,0.21621425783537476,0.5685545631494734
2020-05-05,3235,ewma,test,pca_only,8,20,log_euclidean,0.01,0.01329588568357545,5769.086684669426,1038.3344319660227,732.1338826207536,366.06694131037796,-26.3337537076344,0.0002344697762466564,0.00023445835964888608,1.6479802250063106e-05,5.506019104527828,0.1705612565824347,0.47846914323695144
2020-05-05,3235,ledoit_wolf,test,pca_only,8,20,log_euclidean,0.01,0.03518769395616004,10804.23467146222,1056.325220999478,300.2759281847659,150.13796409238338,-225.06527717375442,0.0001821651009703887,0.0001821536843726184,0.0001928372209860289,3.5659395111148866,0.10084781524025191,0.19181805844535071
2020-05-05,3235,oas,test,pca_only,8,20,log_euclidean,0.01,0.04064589195025944,10162.040483067658,1234.3707146419724,289.93851385503115,144.96925692751518,-230.83941078332236,0.0002000106481514792,0.00019999923155370887,0.00014149745223751182,4.081569981418274,0.11858942162190397,0.26077421462684613
2020-05-05,3235,shrink,test,pca_only,8,20,log_euclidean,0.01,0.02315516579809172,11380.768922877442,988.8140983883648,316.98407597501216,158.49203798750577,-216.45669099242204,0.0001814932688336571,0.00018148185223588678,0.00021980656707047328,3.131718701203263,0.12899178540126024,0.16461912614447058
2020-05-05,3235,persistence,test,pca_only,8,20,log_euclidean,0.01,0.002147064277763451,3885.827770101264,725.4951380541783,1936.4486020681125,968.2243010340565,549.6091565644438,0.00014617801399715417,0.00014616659739938385,1.6196884389551073e-06,2.4755541647982606,0.07785630107543129,0.09627036840285898
2020-05-12,3240,D0_pca8,test,pca_only,8,20,log_euclidean,0.01,0.008435960063196801,2245.380586197951,6395.693507362002,125350.85971171859,62675.42985585928,59773.168935851274,6.344797051371787e-05,6.344027996623993e-05,4.9879734638834104e-08,2.4127043731373257,0.0960280891582529,0.10270196996967976
2020-05-12,3240,rolling,test,pca_only,8,20,log_euclidean,0.01,0.046800247432097764,6016.250084387396,2039.8830600627232,493.1254446126595,246.5627223063275,-132.55491708974282,0.00022529961745129182,0.00022529192690381387,2.4292717956746233e-05,5.593064715818882,0.15472828759950133,0.46420406234168743
2020-05-12,3240,ewma,test,pca_only,8,20,log_euclidean,0.01,0.006123439071342488,5734.043099308401,1271.5611014578758,785.3101667173805,392.65508335868566,3.0626465558172162,0.00019121834101833436,0.0001912106504708564,1.287465908406655e-05,5.7502237391639355,0.16980367198219085,0.4824871418434693
2020-05-12,3240,ledoit_wolf,test,pca_only,8,20,log_euclidean,0.01,0.03128856977494662,10844.714014871148,1382.0901596715973,288.89426752293406,144.44713376146814,-224.26261627706785,0.00019513675819101488,0.00019512906764353693,0.0001737432186296488,3.5227570935373564,0.09088318152595401,0.17995282908783278
2020-05-12,3240,oas,test,pca_only,8,20,log_euclidean,0.01,0.03665365675796241,10169.152301045257,1604.2428855127725,277.4754245241071,138.73771226205474,-230.69108294375238,0.00020744405426778164,0.00020743636372030368,0.00012196549629539289,4.061777765584087,0.10012533984061957,0.2418254186183581
2020-05-12,3240,shrink,test,pca_only,8,20,log_euclidean,0.01,0.020721894094840057,11356.06135135254,1301.6645261447109,303.46450682911615,151.7322534145582,-216.66653896830638,0.0002001665434950414,0.00020015885294756344,0.00019718709994760996,3.1056905638805676,0.12032102785534048,0.16475779613304017
2020-05-12,3240,persistence,test,pca_only,8,20,log_euclidean,0.01,0.0021603718045824175,3903.6460955699613,923.5284434866642,2399.9485491228115,1199.9742745613923,768.6161316812639,0.00010414378971567443,0.00010413609916819649,1.0402598809165089e-06,2.048827327225538,0.06566206017235626,0.07150407690082962
2020-05-19,3245,D0_pca8,test,pca_only,8,20,log_euclidean,0.01,0.011945357300574076,2114.1301499391593,3834.070008776118,97298.36576205118,48649.1828810256,45798.16378302154,0.0001747113957921905,0.00017468652745044323,7.5412270084063e-08,2.6575395476590202,0.09977696844913696,0.13245524924763188
2020-05-19,3245,rolling,test,pca_only,8,20,log_euclidean,0.01,0.03719582501177323,5855.336394384388,798.5276916331964,462.90360631823205,231.45180315911117,-141.7665137363635,0.00016387624388937858,0.0001638513755476313,2.2233347798782266e-05,5.592327456875176,0.1567770702048004,0.46168747283631645
2020-05-19,3245,ewma,test,pca_only,8,20,log_euclidean,0.01,0.003598812404645142,5576.197731400443,455.2211592650132,745.6440361800762,372.8220180900371,-9.99744638749183,0.0002173338490858864,0.00021730898074413913,1.245158703713257e-05,5.917961129129172,0.1760754598259769,0.5210443523504827
2020-05-19,3245,ledoit_wolf,test,pca_only,8,20,log_euclidean,0.01,0.02510710778675227,10461.02535296813,591.9136491437858,266.6463715203301,133.32318576016476,-231.15814405256106,0.00015381514672236363,0.00015379027838061636,0.0001428505598491673,3.6167473983978873,0.10664956577209136,0.18970112696544855
2020-05-19,3245,oas,test,pca_only,8,20,log_euclidean,0.01,0.029040837418433243,9841.45982956476,645.7833024766983,258.7146805335299,129.35734026676445,-235.80083261622622,0.00015261157269548729,0.00015258670435374,0.00010132458273089282,4.152461334447656,0.11336579176952025,0.24837474488065983
2020-05-19,3245,shrink,test,pca_only,8,20,log_euclidean,0.01,0.01432005478386006,11238.819758671125,651.6831598579486,288.2828314729742,144.14141573648732,-219.88139374772362,0.0001943505386257848,0.00019432567028403752,0.00018045221295318208,3.0393849971511413,0.11573917569451068,0.15880721979900492
2020-05-19,3245,persistence,test,pca_only,8,20,log_euclidean,0.01,0.002976067382545139,3772.3504284099695,693.7576702108112,2387.190315788714,1193.5951578943368,771.2878247080228,0.00015454450132325117,0.0001545196329815039,9.963239571155244e-07,2.098783842824791,0.07615942786368818,0.07272467022600523
2020-05-27,3250,D0_pca8,test,pca_only,8,20,log_euclidean,0.01,0.010896578355027596,2128.5228024465555,3345.7006529098144,92817.63381575176,46408.81690787589,43650.01769363614,0.00019599649289334263,0.0001959731697055244,7.826294643666889e-08,2.749776969077716,0.10835864376125268,0.1324874011313986
2020-05-27,3250,rolling,test,pca_only,8,20,log_euclidean,0.01,0.0132072668181946,5768.175119573389,506.97772808484257,545.9024382761579,272.95121913807725,-108.09477518885267,0.00017127081701039844,0.0001712474938225802,1.4069140871802816e-05,4.917656031953864,0.16249170762362486,0.369641058611025
2020-05-27,3250,ewma,test,pca_only,8,20,log_euclidean,0.01,0.0021703420026484557,5466.083397078187,394.6179818939677,865.437834028684,432.7189170143463,41.1562016243608,0.00023063872812169702,0.0002306154049338788,8.687819078555313e-06,5.267556410034431,0.16990316381940995,0.4411584937987463
2020-05-27,3250,ledoit_wolf,test,pca_only,8,20,log_euclidean,0.01,0.008204549420520436,10206.395531898173,504.9354570333557,262.99593238476564,131.4979661923825,-237.26405881855308,0.00015631452113257116,0.00015629119794475293,8.759019472934438e-05,2.936685950118468,0.07861112385558092,0.13215476600974985
2020-05-27,3250,oas,test,pca_only,8,20,log_euclidean,0.01,0.010006557330229891,9512.441977993718,478.70542902416054,257.7037559721905,128.85187798609553,-240.87640506600877,0.000155157813030201,0.00015513448984238277,6.007427525051269e-05,3.372281095813122,0.09183208416460223,0.17395729805794746
2020-05-27,3250,shrink,test,pca_only,8,20,log_euclidean,0.01,0.005197955297912676,10775.152975471445,660.4233813913761,276.5819529200899,138.2909764600453,-230.04008920766486,0.0001568719325570976,0.00015684860936927936,9.66108973271848e-05,2.5738593103970153,0.10984870184000978,0.12812462941219482
2020-05-27,3250,persistence,test,pca_only,8,20,log_euclidean,0.01,0.0023841553761529033,3673.323811478569,664.0761083896996,1995.2776973278815,997.6388486639528,569.8451240227786,0.0001386280311563095,0.00013860470796849128,1.1875575423306541e-06,2.3756618807987353,0.078551883455593,0.08468754378619293
2020-06-03,3255,D0_pca8,test,pca_only,8,20,log_euclidean,0.01,0.009407497131601779,2190.9440818282483,2458.3771039577273,117995.4783611486,58997.73918057434,55906.48410794071,0.00019880194498172912,0.00019877264157389639,6.431384987597727e-08,2.835772718177279,0.12581496352603555,0.13593041120821348
2020-06-03,3255,rolling,test,pca_only,8,20,log_euclidean,0.01,0.00374580149377744,5628.239727358277,505.43046784530907,752.0194326650526,376.0097163325273,-12.730054785318464,0.0001512992680908378,0.00015126996468300507,9.37953470245076e-06,4.859104569183866,0.15966529227726087,0.3772524542386359
2020-06-03,3255,ewma,test,pca_only,8,20,log_euclidean,0.01,0.0019439836412525617,5356.215805595108,729.6341191270817,1050.3870838431367,525.1935419215633,127.2042256104714,0.00015838484781984763,0.0001583555444120149,7.649719443125216e-06,5.475910693949795,0.17335786675493323,0.45608313480811896
2020-06-03,3255,ledoit_wolf,test,pca_only,8,20,log_euclidean,0.01,0.0027202202727197086,9359.500530876863,586.2314374484546,258.7466735742871,129.37333678714336,-242.58124473196736,0.00016115583346146647,0.00016112653005363373,5.379157490068152e-05,3.049451956241911,0.10347322041957784,0.1484827198611535
2020-06-03,3255,oas,test,pca_only,8,20,log_euclidean,0.01,0.00291780788382522,9018.522546705504,552.822224183751,267.0214346223417,133.51071731117148,-239.19768757985207,0.00015700300626349072,0.00015697370285565798,4.3839766684988714e-05,3.3279654650601067,0.11233840710784108,0.1764647936623393
2020-06-03,3255,shrink,test,pca_only,8,20,log_euclidean,0.01,0.002172468713254059,10101.392067989194,800.7743593055609,260.73979789171227,130.36989894585614,-240.80926813219895,0.0001795582539157385,0.00017952895050790576,6.268715470992393e-05,2.4062165842183734,0.18085975385885003,0.14085401609665074
2020-06-03,3255,persistence,test,pca_only,8,20,log_euclidean,0.01,0.002620906915377933,3636.0092357904423,1263.5698165411677,2370.538293187966,1185.269146593989,753.631097652437,0.0001860070190770599,0.00018597771566922715,1.0656254357004777e-06,2.3939209485614508,0.07548737077694719,0.08633734634210537
2020-06-10,3260,D0_pca8,test,pca_only,8,20,log_euclidean,0.01,0.004805935411089783,2065.394387075577,2155.847943941059,124557.44059040009,62278.720295200066,60998.821558638614,0.00012471097678623712,0.0001247007257967771,4.892654669148141e-08,3.115723571705088,0.13653783663444877,0.15850872115202302
2020-06-10,3260,rolling,test,pca_only,8,20,log_euclidean,0.01,0.002191656890727588,5373.147634121439,939.6333306123723,789.8868999902265,394.943449995116,-1.1922189949572242,0.0002723783047854415,0.0002723680537959815,7.866278762975843e-06,5.098019389827798,0.17470922142365683,0.4027381047237286
2020-06-10,3260,ewma,test,pca_only,8,20,log_euclidean,0.01,0.0023132189279921065,5134.144460810084,1239.2619920590294,872.0638441091471,436.03192205456855,36.9505613737836,0.00025617722903480524,0.00025616697804534523,6.918941251975402e-06,4.813677274744246,0.16951476516246122,0.3554754229281693
2020-06-10,3260,ledoit_wolf,test,pca_only,8,20,log_euclidean,0.01,0.0016468534704891986,8642.6308730751,1020.4644330930062,277.1733110286292,138.58665551431488,-246.20693784359406,0.00023942395930734862,0.00023941370831788862,3.533554514796998e-05,3.4207107955449745,0.1099484397644864,0.1726734420927191
2020-06-10,3260,oas,test,pca_only,8,20,log_euclidean,0.01,0.0016322806873186049,8680.6041845696,1024.749139130981,275.5105907273192,137.7552953636598,-246.96735651819026,0.00023857428437882544,0.00023856403338936544,3.6180392354214225e-05,3.3840003655067306,0.10833309426934679,0.16872939955573396
2020-06-10,3260,shrink,test,pca_only,8,20,log_euclidean,0.01,0.0011177621383050692,9597.450553217392,1275.5642312468945,269.7241415231684,134.86207076158388,-249.10327590196457,0.00021850097493613624,0.00021849072394667624,4.876078207946472e-05,2.4880556316240354,0.13945427020112683,0.12243867597224996
2020-06-10,3260,persistence,test,pca_only,8,20,log_euclidean,0.01,0.002829309247789076,3596.3750508332123,1913.0731395702544,1810.5176309656117,905.2588154828007,495.65000962216135,0.00020177754636362935,0.00020176729537416935,8.143138957509583e-07,2.061256424238981,0.05114855069075995,0.05614268031180062
2020-06-17,3265,D0_pca8,test,pca_only,8,20,log_euclidean,0.01,0.0012988691392658985,2062.737372542726,4527.31676228664,46336.60172504188,23168.30086252093,22121.23575834347,0.0001596999579877146,0.0001596938646286725,1.292820040381547e-07,2.916973181203566,0.13936947057930466,0.14825229576586
2020-06-17,3265,rolling,test,pca_only,8,20,log_euclidean,0.01,0.0050614313119520405,5254.039260649425,754.2130067200665,820.6655557454384,410.33277787271413,2.702264597971464,0.00021997291975239062,0.00021996682639334854,5.913406945189065e-06,4.321550024347306,0.17061539482701693,0.3221640432014717
2020-06-17,3265,ewma,test,pca_only,8,20,log_euclidean,0.01,0.006471748838571465,5031.926272913106,734.8414621241857,839.453029593859,419.7265147969318,10.323080725812996,0.00020431509151826088,0.0002043089981592188,5.20692630364225e-06,3.896144527935549,0.15330807308908323,0.26082383849007534
2020-06-17,3265,ledoit_wolf,test,pca_only,8,20,log_euclidean,0.01,0.0038471485266235485,8506.18576343459,646.5603787177845,303.7725318073966,151.8862659037003,-246.36606235995387,0.000183896458444568,0.00018389036508552591,2.9652836662188552e-05,3.2976548916729547,0.12926912434311794,0.17831465896824222
2020-06-17,3265,oas,test,pca_only,8,20,log_euclidean,0.01,0.003870398845406166,8480.705239017445,648.4064969514492,305.16259626871835,152.5812981343598,-245.71624546415092,0.00018468983078549038,0.0001846837374264483,2.9099670567071817e-05,3.3140617005533937,0.1301670859748563,0.18055170266031997
2020-06-17,3265,shrink,test,pca_only,8,20,log_euclidean,0.01,0.001847237821523619,9522.884492982334,605.8607778392048,294.0184168186505,147.009208409325,-250.45737851204566,0.00012958164244182118,0.0001295755490827791,4.5961020307247016e-05,2.482418790031955,0.1878990348101083,0.1426305673310837
2020-06-17,3265,persistence,test,pca_only,8,20,log_euclidean,0.01,0.006297812535648184,3659.8848442784088,805.2766820322736,1538.923479539362,769.4617397696794,347.78499402228505,0.00010140969443458574,0.00010140360107554366,1.9074832171225178e-06,2.61161021453447,0.11003238925313245,0.11609766762842602
2020-06-24,3270,D0_pca8,test,pca_only,8,20,log_euclidean,0.01,0.0011023981824544776,2022.484364724722,5721.215343715205,83388.03120147077,41694.01560073538,39806.652954352205,0.000170410038604385,0.00017040659239872755,7.721092389448504e-08,3.0997233949569347,0.14654233847726705,0.1694095878332618
2020-06-24,3270,rolling,test,pca_only,8,20,log_euclidean,0.01,0.0035890495722784082,5114.259802760239,926.702109785171,960.331146641314,480.16557332065497,65.60436555691385,0.00017033349253385568,0.00017033004632819823,5.693780642725881e-06,4.747593382801139,0.152819146593386,0.3537881842306499
2020-06-24,3270,ewma,test,pca_only,8,20,log_euclidean,0.01,0.003345671033491755,4897.087574526463,970.5525061826129,1051.8013640705558,525.9006820352724,109.73162260218069,0.00016430841929976125,0.0001643049730941038,4.3916131478971984e-06,4.186363680355623,0.13871593901532178,0.2686244159565831
2020-06-24,3270,ledoit_wolf,test,pca_only,8,20,log_euclidean,0.01,0.0027477882649290923,8242.120491045493,780.4369807848249,316.6634296896646,158.33171484483137,-242.4838992509405,0.0001359561546857103,0.00013595270848005284,2.6082286747378048e-05,3.302708506076008,0.12451791467219551,0.17182053313930498
2020-06-24,3270,oas,test,pca_only,8,20,log_euclidean,0.01,0.002754552826412781,8231.711942253673,781.6116924265204,317.4620251974294,158.73101259871564,-242.1109075248641,0.00013625172557643885,0.0001362482793707814,2.5894571134888826e-05,3.31279042098951,0.12479808316374512,0.17279232633875163
2020-06-24,3270,shrink,test,pca_only,8,20,log_euclidean,0.01,0.0013735314555099135,9203.928094695906,663.9459115618297,293.8737599530739,146.93687997653672,-252.7469251295328,0.00010127186322253452,0.00010126841701687708,3.742893310765122e-05,2.4646080306126947,0.242226729757521,0.1512917602205226
2020-06-24,3270,persistence,test,pca_only,8,20,log_euclidean,0.01,0.006454215097772016,3664.2435553588152,1207.4878024729228,1790.0077944879358,895.0038972439643,469.47068831981096,9.094304523398632e-05,9.093959902832887e-05,1.7041828950843268e-06,2.605042143024382,0.11385284776722816,0.11249404994143088
2020-07-01,3275,D0_pca8,test,pca_only,8,20,log_euclidean,0.01,0.0006733877006372003,2076.7432280402045,6657.669681425925,59987.73398713367,29993.866993566833,28693.45698422698,9.950212062902199e-05,9.949958931598467e-05,9.123035328343868e-08,2.8741279506032082,0.1288023509152709,0.14718690720017338
2020-07-01,3275,rolling,test,pca_only,8,20,log_euclidean,0.01,0.003698685920590982,5128.203117858021,1025.1054835799773,994.7269195875988,497.36345979379826,83.9863829897397,0.00012553767803712121,0.00012553514672408392,4.708348789596796e-06,4.530260466074481,0.16331373711573188,0.3127164043239073
2020-07-01,3275,ewma,test,pca_only,8,20,log_euclidean,0.01,0.0034477889653889895,4887.990716877395,1297.807847051631,1052.3560269776842,526.178013488841,112.33533036602698,0.0001270596537755945,0.0001270571224625572,4.140370918149903e-06,4.244743844588619,0.1742402923563584,0.29047717618996727
2020-07-01,3275,ledoit_wolf,test,pca_only,8,20,log_euclidean,0.01,0.002830863389425463,8241.967655890327,812.4856944725774,321.94527684661574,160.97263842330813,-242.82265755676212,7.834025381228389e-05,7.833772249924658e-05,2.3327652444992854e-05,3.0668605938140883,0.12397288225623446,0.15348325840976626
2020-07-01,3275,oas,test,pca_only,8,20,log_euclidean,0.01,0.002871754899965818,8180.61904843808,822.642121256888,326.6963380114889,163.34816900574558,-240.55244480702632,7.97973902944392e-05,7.979485898140189e-05,2.2335765404550913e-05,3.125038978320328,0.12595598819880452,0.15866794044719654
2020-07-01,3275,shrink,test,pca_only,8,20,log_euclidean,0.01,0.0014760811497076833,9109.910851427203,649.5994617442826,298.8847841171117,149.4423920585558,-253.83735424943046,5.372012907455711e-05,5.37175977615198e-05,3.0406186425266334e-05,2.30265602792293,0.2568583743980363,0.16222617787717056
2020-07-01,3275,persistence,test,pca_only,8,20,log_euclidean,0.01,0.00614147575341897,3624.823559244939,1708.5328277474323,1847.8059023555777,923.9029511777952,500.85018766492504,8.595638657327665e-05,8.595385526023933e-05,1.8587093934390053e-06,2.5918038204171197,0.1119060634355263,0.12917943220279804
2020-07-09,3280,D0_pca8,test,pca_only,8,20,log_euclidean,0.01,0.0005018359264279328,2118.1126136648613,7228.644724287845,120420.37739010114,60210.18869505057,57970.06264303518,0.00010412318682591659,0.00010412033124701968,5.6818550890324956e-08,3.3773544648142773,0.15728102686047182,0.19137286971965375
2020-07-09,3280,rolling,test,pca_only,8,20,log_euclidean,0.01,0.004226652081456396,5226.430296653192,1340.2667956258306,1226.3110271856788,613.1555135928427,196.53366325330478,0.00015366233752247508,0.00015365948194357817,3.752346353415303e-06,4.118162335387935,0.13244854976543927,0.2674439884310943
2020-07-09,3280,ewma,test,pca_only,8,20,log_euclidean,0.01,0.002414996736094756,4959.974681769687,1487.4460614403192,1454.6527527577257,727.326376378847,308.0258950697869,0.00014836269492420233,0.00014835983934530542,2.9986247302779387e-06,4.027354018679579,0.12653984360012274,0.2602995966412242
2020-07-09,3280,ledoit_wolf,test,pca_only,8,20,log_euclidean,0.01,0.003306619787925771,8201.58117372244,1057.3253414506796,351.39582531306655,175.69791265653362,-228.94699721573411,0.00010115241218860612,0.00010114955660970921,2.0076693781978037e-05,2.996496968473605,0.10150836059207465,0.14399692724079316
2020-07-09,3280,oas,test,pca_only,8,20,log_euclidean,0.01,0.0033781809529866364,8101.2804445674865,1080.7888154209118,362.99350631103437,181.49675315551684,-223.35414246255132,0.00010462903686535717,0.00010462618128646026,1.8589448151685996e-05,3.0710626607816676,0.10294376519979731,0.15154883708928646
2020-07-09,3280,shrink,test,pca_only,8,20,log_euclidean,0.01,0.001845354852534461,9028.628360044591,761.5066397704795,310.4241246887197,155.21206234435968,-248.7744184977433,5.5281947555375684e-05,5.5279091976478785e-05,2.961884248951155e-05,2.1746105167875247,0.15932026665950597,0.12297302208630467
2020-07-09,3280,persistence,test,pca_only,8,20,log_euclidean,0.01,0.0034036158675366324,3593.838706715955,2505.0379722549237,2722.850803435405,1361.4254017176834,931.07798125116,0.0001092133073268881,0.0001092104517479912,1.1776263471743345e-06,2.7143916169856253,0.09074027923680003,0.11091124590179778
2020-07-16,3285,D0_pca8,test,pca_only,8,20,log_euclidean,0.01,0.0004370224667527028,2110.263478525817,8106.391445990339,184033.5695277601,92016.78476388004,88511.99986359687,0.00011335171217436311,0.00011335004834937679,3.6999026047502244e-08,3.394001266086268,0.14772133548344754,0.19373848878455716
2020-07-16,3285,rolling,test,pca_only,8,20,log_euclidean,0.01,0.0040195307420082945,5156.690510950739,1659.194624265053,1383.546669223142,691.7733346115734,270.33484180743164,0.00013543106500554658,0.00013542940118056027,3.944683991323834e-06,4.265545526586068,0.16943606651660248,0.3022462545047125
2020-07-16,3285,ewma,test,pca_only,8,20,log_euclidean,0.01,0.002475504025560245,4922.428302517525,1677.0703838128793,1610.1455578290058,805.0727789145117,381.8837245659538,0.00012745804659060868,0.00012745638276562236,3.6142232750674326e-06,4.270022117846173,0.1556664630730257,0.3055307354971808
2020-07-16,3285,ledoit_wolf,test,pca_only,8,20,log_euclidean,0.01,0.003142279184136537,8176.732492149755,1308.0851766800802,364.61988490415615,182.30994245207862,-226.02224312634985,9.88875936348417e-05,9.888592980985538e-05,2.2031081642892797e-05,3.0427390809127886,0.11147768591662295,0.15067388687308814
2020-07-16,3285,oas,test,pca_only,8,20,log_euclidean,0.01,0.003251464806839319,8013.412737334954,1353.9644372394916,385.98406245086204,192.99203122543247,-215.6917711335847,0.00010307253956595412,0.00010307087574096781,1.952837262524596e-05,3.1833007114960146,0.11818574855507483,0.16534916108744072
2020-07-16,3285,shrink,test,pca_only,8,20,log_euclidean,0.01,0.0018669074301212471,8929.59481921668,997.3235618449726,323.2888002546405,161.64440012731953,-245.8933114798753,5.39528533755904e-05,5.395118955060409e-05,2.9777468410791714e-05,2.28882753148956,0.1435022127390119,0.13298472041681175
2020-07-16,3285,persistence,test,pca_only,8,20,log_euclidean,0.01,0.0011341629977139308,3588.8201701669063,1714.9413788171873,3782.4628809651895,1891.2314404825825,1437.5166270712825,7.887419396939537e-05,7.887253014440906e-05,6.636454626312123e-07,2.4312371388383482,0.08178017004918837,0.0864125540807054
2020-07-23,3290,D0_pca8,test,pca_only,8,20,log_euclidean,0.01,0.000305545553845813,2082.254882749223,8267.047489025175,127070.2989201718,63535.1494600859,62188.11302448737,0.00015449379036539418,0.00015449235261552524,5.0093809224639934e-08,3.2266916883300016,0.15077695928962812,0.18965235639958042
2020-07-23,3290,rolling,test,pca_only,8,20,log_euclidean,0.01,0.0038499318631506716,5072.020797318164,1611.6382434378866,1206.5648694889246,603.2824347444615,184.79032449858795,0.00012790438484239428,0.00012790294709252533,4.313778430852635e-06,4.63452877865012,0.16292937389823328,0.3429427643557287
2020-07-23,3290,ewma,test,pca_only,8,20,log_euclidean,0.01,0.0015325850960364621,4843.725684114352,1326.7727442277728,1564.5114372279681,782.2557186139887,361.3397208109059,0.00016417559850443914,0.0001641741607545702,3.5875163008326493e-06,4.755872330643165,0.14925183270314982,0.3660730566642326
2020-07-23,3290,ledoit_wolf,test,pca_only,8,20,log_euclidean,0.01,0.002974611991757913,8172.407662876351,1247.4222365802443,347.2564304084003,173.62821520419988,-239.43036161629365,6.921535088458252e-05,6.921391313471358e-05,2.507816039040081e-05,3.1197809163689563,0.11877175587933819,0.16239761759937948
2020-07-23,3290,oas,test,pca_only,8,20,log_euclidean,0.01,0.0031114695672136653,7962.953893694736,1306.5419448362215,367.97955594320274,183.9897779716002,-229.24025293777873,7.714245249762929e-05,7.714101474776036e-05,2.1586863865959902e-05,3.327331613146259,0.12286684284674887,0.1849298987477441
2020-07-23,3290,shrink,test,pca_only,8,20,log_euclidean,0.01,0.0017834499116335112,8873.704775629933,954.5303645774383,319.07959929289444,159.5397996464475,-253.34600113248948,4.264101872700011e-05,4.263958097713117e-05,3.015726733785451e-05,2.311717313039559,0.168147902195814,0.14463990569797122
2020-07-23,3290,persistence,test,pca_only,8,20,log_euclidean,0.01,0.0007620065904435898,3464.6057132255905,1305.2851786285783,3309.9906824141235,1654.9953412070754,1211.045392875187,3.833757886165355e-05,3.833614111178462e-05,4.780567584349626e-07,2.0415650389857247,0.07212662625694718,0.06561007751295315
2020-07-30,3295,D0_pca8,test,pca_only,8,20,log_euclidean,0.01,0.00033494779785441415,2135.2505911610115,8767.481447780068,80700.03742615003,40350.018713075006,39597.27232892178,0.00014926441611803033,0.00014926212725366615,6.076105427793219e-08,2.954230812339276,0.1320054392200045,0.1542337785761287
2020-07-30,3295,rolling,test,pca_only,8,20,log_euclidean,0.01,0.0025177433288574116,5047.5261382964245,1501.6215937774916,1110.4274889511366,555.2137444755778,139.45868572643093,0.0001020136322400249,0.00010201134337566072,4.409303753911207e-06,4.852539017099584,0.1489099207817089,0.3691339532552545
2020-07-30,3295,ewma,test,pca_only,8,20,log_euclidean,0.01,0.0007171447558920531,4822.91091522279,1254.615810781486,1459.4137327037643,729.7068663518769,316.28913607502903,0.00014461914952422568,0.0001446168606598615,3.5837133994043046e-06,5.057981693820098,0.1565807017834942,0.3961904629219701
2020-07-30,3295,ledoit_wolf,test,pca_only,8,20,log_euclidean,0.01,0.0018261281945577193,8223.260299881094,1114.2652645997446,322.48176467579344,161.24088233789666,-255.77487134035454,4.2460355563358125e-05,4.245806669899394e-05,2.5507840505982713e-05,2.8335166833556764,0.10471249491719128,0.138331360892543
2020-07-30,3295,oas,test,pca_only,8,20,log_euclidean,0.01,0.0019784161549464205,7917.591120708403,1198.5895263200143,343.01452120127095,171.50726060063545,-245.43435379439256,5.0048895523552644e-05,5.004660665918846e-05,2.0984673731124456e-05,3.1590407892280172,0.10943370565698286,0.16850329150834775
2020-07-30,3295,shrink,test,pca_only,8,20,log_euclidean,0.01,0.00111721988946905,8759.068326258603,954.8694442523179,313.7388933816147,156.8694466908075,-260.4190760500653,3.2333602677574245e-05,3.233131381321006e-05,2.6654172151002555e-05,2.2551860132655674,0.17132687549288342,0.1495658499490225
2020-07-30,3295,persistence,test,pca_only,8,20,log_euclidean,0.01,0.00036407460063501713,3447.399717851641,1111.0060005893906,3157.524443739007,1578.7622218695278,1155.7397516187307,4.114619167084963e-05,4.114390280648545e-05,3.6342849063293335e-07,1.8714494171111413,0.05834547139909458,0.055457305624573905
2020-08-06,3300,D0_pca8,test,pca_only,8,20,log_euclidean,0.01,0.009471723749910389,2100.6307821459272,6204.299595108904,657160.8808266512,328580.4404133256,324733.46220873727,0.00015566301910949697,0.00015563937027246325,3.099630946539234e-08,3.111820325783461,0.12597121095488528,0.15749968630898092
2020-08-06,3300,rolling,test,pca_only,8,20,log_euclidean,0.01,0.011022688445740692,5160.382039001485,896.9012719433335,6111.797496624268,3055.8987483121327,2656.133998217306,0.0004042509221348359,0.0004042272732978022,4.3785664267287396e-06,4.802607620539723,0.15694206882317227,0.3810032200326996
2020-08-06,3300,ewma,test,pca_only,8,20,log_euclidean,0.01,0.009366783377211156,4907.998135344729,765.3322677460715,7813.358145959327,3906.6790729796608,3493.327566138748,0.0001235691363881901,0.00012354548755115637,3.4441311391701246e-06,5.034717677970062,0.1754598747568946,0.4064929157077435
2020-08-06,3300,ledoit_wolf,test,pca_only,8,20,log_euclidean,0.01,0.010405623935317979,8303.461921004206,730.7886640220111,742.02354821741,371.0117741087046,-3.170451617944559,0.0001497567968013496,0.0001497331479643159,2.5691224711269e-05,2.7360626210801,0.10466862425129718,0.1289982340605357
2020-08-06,3300,oas,test,pca_only,8,20,log_euclidean,0.01,0.010561553706366602,7952.812138304472,765.0552458102284,972.5099515114357,486.2549757557176,110.88572489466534,0.00017907236794280267,0.00017904871910576895,2.0685440661725757e-05,3.077976671500935,0.11136422165403388,0.1630975888995771
2020-08-06,3300,shrink,test,pca_only,8,20,log_euclidean,0.01,0.009889464397610369,8755.861507555022,662.4489675893531,632.1056967726328,316.0528483863162,-57.80798683409436,8.339785354713589e-05,8.337420471010215e-05,2.4666619974417186e-05,2.2264064288165275,0.19018645736115689,0.1626783142727687
2020-08-06,3300,persistence,test,pca_only,8,20,log_euclidean,0.01,0.00927454786462915,3612.54951208515,954.7667050469247,13718.927850439168,6859.463925219583,6411.150433415414,0.00012314646047040554,0.00012312281163337182,3.5844082994022946e-07,1.9557026012848922,0.0577723077434559,0.05706153171213304
2020-08-13,3305,D0_pca8,test,pca_only,8,20,log_euclidean,0.01,0.009409823854585756,2089.6403220203406,4819.787379611555,577558.6782753111,288779.33913765557,286913.57021848834,0.00013359285952238974,0.00013357030390009488,3.886666987765476e-08,3.323055071468831,0.12756739572218845,0.1723632399175227
2020-08-13,3305,rolling,test,pca_only,8,20,log_euclidean,0.01,0.010573829491658204,5155.85160671154,791.073533521113,6429.468621975976,3214.734310987988,2816.1034246082772,0.00023637218703197578,0.00023634963140968092,2.808559607345603e-06,4.275562526405623,0.1256755798884643,0.2743902268247907
2020-08-13,3305,ewma,test,pca_only,8,20,log_euclidean,0.01,0.009262527800790388,4884.980232988203,915.6703089788809,8051.4830808021225,4025.741540401064,3626.213259432117,0.00010433963908633707,0.00010431708346404221,2.315770996326571e-06,4.341593610980533,0.1310130762487918,0.2983860648305601
2020-08-13,3305,ledoit_wolf,test,pca_only,8,20,log_euclidean,0.01,0.010017729264384784,8372.49059199431,748.053230495502,694.5918249113536,347.2959124556771,-25.969696567248718,0.0001314630537695235,0.00013144049814722866,2.279831868314862e-05,2.723679530344884,0.08300551272282308,0.11888549424875518
2020-08-13,3305,oas,test,pca_only,8,20,log_euclidean,0.01,0.01018319018848998,7945.212615629553,747.4831859734802,960.9747607177612,480.4873803588808,105.92467445934203,0.0001480463775872564,0.00014802382196496154,1.6802261307126344e-05,3.099532169795898,0.09401866223317898,0.15272355429388196
2020-08-13,3305,shrink,test,pca_only,8,20,log_euclidean,0.01,0.009653241241541063,8712.223851763485,694.2322909056525,592.3255766573299,296.16278832866493,-76.99870662529179,8.98830637108866e-05,8.986050808859175e-05,2.170670047942879e-05,2.3565041564895655,0.1768945119148332,0.14869565808625734
2020-08-13,3305,persistence,test,pca_only,8,20,log_euclidean,0.01,0.009289379872966458,3576.811988000259,1478.8666078621472,14460.557248457026,7230.278624228515,6753.491570500172,0.00011791699323768841,0.00011789443761539355,2.2629339072487614e-07,1.6361403080691097,0.052368004900146155,0.038762325461817466
2020-08-20,3310,D0_pca8,test,pca_only,8,20,log_euclidean,0.01,0.00948847692685014,2108.049670222491,4352.740601950693,546524.3994478214,273262.1997239107,272110.3369752437,0.00019563787937411728,0.0001956143363523389,3.932833682939576e-08,3.0639047888863615,0.119595495503941,0.16270036895037635
2020-08-20,3310,rolling,test,pca_only,8,20,log_euclidean,0.01,0.009622833952140017,5070.524020608842,694.1479427170084,7388.13335056531,3694.0666752826555,3278.6582110776303,0.00019823969979790125,0.00019821615677612287,2.126574395663399e-06,4.221196552011559,0.11765426131222997,0.25185583475195905
2020-08-20,3310,ewma,test,pca_only,8,20,log_euclidean,0.01,0.009241031391239435,4799.649591118216,964.5501879590056,9126.69435122663,4563.347175613312,4140.0330800310785,0.0004341616931481877,0.00043413815012640933,1.8649781364420113e-06,4.424900082858383,0.15335957181581836,0.2908254025758587
2020-08-20,3310,ledoit_wolf,test,pca_only,8,20,log_euclidean,0.01,0.009330954396237573,8380.68529041652,688.9481434951563,660.5894164013773,330.29470820068894,-41.087719051440764,0.0001375964221799604,0.00013757287915818202,2.1249039397734728e-05,2.595826062961011,0.07001335943213821,0.10304630501829214
2020-08-20,3310,oas,test,pca_only,8,20,log_euclidean,0.01,0.009435135413593412,7827.694458412236,666.0726299761864,993.7316368049078,496.86581840245435,123.30287905134529,0.000151711920075115,0.00015168837705333663,1.4352199047177604e-05,3.0704474191252573,0.07961031940694706,0.13938877792393886
2020-08-20,3310,shrink,test,pca_only,8,20,log_euclidean,0.01,0.009246561747910973,8501.42243274597,651.9163346866582,609.8021997206312,304.901099860316,-66.83384742546099,8.95815243290209e-05,8.955798130724253e-05,1.8952729177519913e-05,2.376256700376885,0.15691477860731023,0.13897500636193463
2020-08-20,3310,persistence,test,pca_only,8,20,log_euclidean,0.01,0.009364417574908341,3628.50169861227,1578.6074179526158,17592.412977246287,8796.206488623147,8285.704415703103,0.00013706477600462265,0.00013704123298284427,1.8771606036403651e-07,1.6071564530347178,0.046488680134279765,0.03622231997659585
2020-08-27,3315,D0_pca8,test,pca_only,8,20,log_euclidean,0.01,0.00970310993815565,2174.136651135824,3734.10151871238,804917.9427071143,402458.97135355714,399619.86219678784,0.00029501865908953997,0.00029499692813754914,3.0623245418294096e-08,3.36005941078649,0.1291742597583811,0.19605847492798106
2020-08-27,3315,rolling,test,pca_only,8,20,log_euclidean,0.01,0.009239475636000168,5059.475525386578,973.6567381858954,8753.460283183813,4376.730141591904,3968.5737526473677,0.00015488507603258494,0.00015486334508059413,1.328872797900595e-06,3.67605140169506,0.0993108028043398,0.2004479044788879
2020-08-27,3315,ewma,test,pca_only,8,20,log_euclidean,0.01,0.009313012920286497,4808.920732936979,1268.4617039980828,9435.36321592353,4717.68160796176,4307.653429151646,0.00033539901658023236,0.00033537728562824153,1.3201239877289978e-06,3.9339092697295994,0.1002380252238637,0.22713932091325975
2020-08-27,3315,ledoit_wolf,test,pca_only,8,20,log_euclidean,0.01,0.009218906155682806,7964.355074673214,1066.5629327986114,840.2541787412345,420.1270893706171,51.235395287701216,0.00019822791035216183,0.00019820617940017102,1.1550831569151046e-05,2.389163126213034,0.06891333034585236,0.08407383845613092
2020-08-27,3315,oas,test,pca_only,8,20,log_euclidean,0.01,0.009219459155553809,7874.618588338048,1055.5611030031087,901.3051702870389,450.65258514351916,81.40838128938307,0.00019887611812141978,0.00019885438716942897,1.083950944613359e-05,2.457167207641621,0.07048115305100983,0.08857016255882984
2020-08-27,3315,shrink,test,pca_only,8,20,log_euclidean,0.01,0.00923341460689078,8182.117889643116,1077.0572076159142,639.3366601524369,319.6683300762183,-49.53538732768455,0.00014238481917242836,0.00014236308822043755,1.1100170492405272e-05,2.201627364549581,0.14893074642486892,0.10243296794920533
2020-08-27,3315,persistence,test,pca_only,8,20,log_euclidean,0.01,0.009468775500041167,3654.9911184995685,1917.2792616511078,18646.529018343135,9323.264509171566,8865.791488674116,0.00025082915524953853,0.0002508074242975477,1.918829645244811e-07,1.691652893204242,0.04473954229145928,0.04030732315496637
2020-09-03,3320,D0_pca8,test,pca_only,8,20,log_euclidean,0.01,0.000728665876000145,2042.0472501540012,3815.153409926768,147717.93038758042,73858.96519379021,71710.70422379192,0.00021144385856045568,0.00021143902206306872,3.880375968159457e-08,3.5845341800871293,0.1357812624930073,0.19881613006475424
2020-09-03,3320,rolling,test,pca_only,8,20,log_euclidean,0.01,0.0017374995383506971,5045.012139074255,940.9635975473669,1284.2067839923063,642.1033919961462,216.8578068781539,8.219963747219412e-05,8.219480097480714e-05,2.1783661094323264e-06,3.5028230589640907,0.11057462320042069,0.19700166099968652
2020-09-03,3320,ewma,test,pca_only,8,20,log_euclidean,0.01,0.011157104233973715,4849.672135842302,1185.9302561158495,954.5907739651889,477.29538698259256,58.01805671957567,8.35496478334222e-05,8.354481133603522e-05,3.3391379486878237e-06,3.33063982250244,0.1023250577852505,0.1694921858469213
2020-09-03,3320,ledoit_wolf,test,pca_only,8,20,log_euclidean,0.01,0.0006247748341016079,10296.769446719481,1742.0011941574528,328.95676651956194,164.47838325978114,-241.5903131255193,0.00013339981418902225,0.00013339497769163528,2.4766161257126697e-05,1.1656721281818159,0.03177332073551135,0.01914855099738526
2020-09-03,3320,oas,test,pca_only,8,20,log_euclidean,0.01,0.001375485736506118,8215.481451440424,1039.965887977382,315.9320814390336,157.96604071951697,-249.79488209423727,8.506343951294205e-05,8.505860301555508e-05,1.4184517574891091e-05,2.347846027453892,0.06731096121273153,0.08538964030833272
2020-09-03,3320,shrink,test,pca_only,8,20,log_euclidean,0.01,0.001704811348300437,8275.254078457054,1050.3506764662309,303.40809321371626,151.70404660685796,-256.3408460805133,8.0774889513683e-05,8.077005301629603e-05,1.2179246956209209e-05,2.200629750771983,0.14845678025356535,0.10662960430229537
2020-09-03,3320,persistence,test,pca_only,8,20,log_euclidean,0.01,0.00931569546958114,3572.5745717758596,1133.2694463160078,1663.7849606257455,831.8924803128771,409.31422098165376,0.0001456170755372185,0.00014561223903983154,1.2099242655593343e-06,2.3983486645562957,0.06932262373948536,0.08347462435063119
2020-09-11,3325,D0_pca8,test,pca_only,8,20,log_euclidean,0.01,0.0007734312574833071,1981.8778925982774,3655.84202225463,103818.93490021989,51909.46745010994,49794.75224814388,7.58817106524787e-05,7.587977918817032e-05,4.419826152276516e-08,3.357302437081088,0.12300762306015213,0.18351597678511938
2020-09-11,3325,rolling,test,pca_only,8,20,log_euclidean,0.01,0.0017635331125991545,5078.477311254507,976.8274247509819,1212.0620376324127,606.0310188162069,176.7627558155539,0.00014369961295004668,0.00014369768148573831,2.40999767747639e-06,3.7361533705517815,0.13348338031333298,0.22997678344504185
2020-09-11,3325,ewma,test,pca_only,8,20,log_euclidean,0.01,0.006371116734664548,4860.395843368709,960.8073893011698,951.5726523679853,475.7863261839897,50.07570580466061,0.00012866408675823706,0.00012866215529392869,3.1337308603039013e-06,3.387645626214764,0.13688612046417284,0.1953298809596332
2020-09-11,3325,ledoit_wolf,test,pca_only,8,20,log_euclidean,0.01,0.0007168172155918916,10331.596263839227,1962.2217813003672,333.3298843539613,166.66494217698042,-243.07842259177875,0.00013511600791686534,0.00013511407645255697,2.5030734498371557e-05,1.1414587942969368,0.024876153786794027,0.01668700312075074
2020-09-11,3325,oas,test,pca_only,8,20,log_euclidean,0.01,0.0014212893884266989,8208.885596739434,1096.3557233373094,308.2203623533129,154.11018117665645,-257.41282893138407,0.00011360027177443321,0.00011359834031012483,1.6953182717722922e-05,2.569675597878646,0.08713724780702935,0.10494048077115672
2020-09-11,3325,shrink,test,pca_only,8,20,log_euclidean,0.01,0.001787894507488617,8272.715676585885,1138.8711727104164,297.0848936765717,148.5424468382856,-262.9277188769917,8.209772335060952e-05,8.209579188630114e-05,1.5737677746380595e-05,2.4687338475050993,0.14757344030629857,0.13033257146493135
2020-09-11,3325,persistence,test,pca_only,8,20,log_euclidean,0.01,0.009290453206258391,3486.356889480425,1026.1574571519,1413.5329898008054,706.7664949004022,274.4674342303332,0.00011916337933211616,0.00011916144786780777,1.4773346356051832e-06,2.5669011236931785,0.09808308364269959,0.10128037855225619
2020-09-18,3330,D0_pca8,test,pca_only,8,20,log_euclidean,0.01,0.0005297676718568978,1984.4840976170556,4063.8447392473236,50983.077838615834,25491.5389193079,24618.507472627047,7.278285979686436e-05,7.27810364093349e-05,9.294868872326739e-08,3.29809636299611,0.1301041341482693,0.18094970577706476
2020-09-18,3330,rolling,test,pca_only,8,20,log_euclidean,0.01,0.0017048818688989373,5004.087671344423,937.4844116728054,1127.1021024725023,563.5510512362509,135.50090754538752,9.068335762715514e-05,9.068153423962569e-05,2.4004169861872992e-06,3.695176357937137,0.13835800913769689,0.23549734309420695
2020-09-18,3330,ewma,test,pca_only,8,20,log_euclidean,0.01,0.0034825100097578836,4790.191493889955,866.5764163858803,1036.9313703294888,518.4656851647442,91.38220012361928,9.109591605170322e-05,9.109409266417377e-05,2.6782314222780495e-06,3.3862801529736575,0.16016265902706586,0.20467834160259074
2020-09-18,3330,ledoit_wolf,test,pca_only,8,20,log_euclidean,0.01,0.0005808575640791152,10317.479067248418,1864.1408133885711,338.7936989012136,169.39684945060688,-244.28761710785267,0.00011909553070124753,0.00011909370731371807,2.512666950615938e-05,1.1193008646412286,0.024067379856987557,0.01606787504689457
2020-09-18,3330,oas,test,pca_only,8,20,log_euclidean,0.01,0.0013524524426411371,8177.782205312616,1039.6606105638907,308.3533131046962,154.17665655234782,-260.90387375554303,8.349345559786364e-05,8.349163221033419e-05,1.7585609877763883e-05,2.553703149020258,0.10270187298723349,0.11286154923959799
2020-09-18,3330,shrink,test,pca_only,8,20,log_euclidean,0.01,0.0016992013398182029,8229.315139850525,1075.173344576358,299.7007423717283,149.85037118586436,-265.2192660652342,6.777331357890506e-05,6.777149019137561e-05,1.5761161638711195e-05,2.4878352539713195,0.14627899675281902,0.1428556872246471
2020-09-18,3330,persistence,test,pca_only,8,20,log_euclidean,0.01,0.009170920978525843,3526.368241952528,881.9284375614022,1334.9070154208475,667.453507710426,236.25656265171182,9.88226842076044e-05,9.882086082007495e-05,1.7083639122340354e-06,2.6232679871197435,0.1103058502928493,0.11467290072856336
2020-09-25,3335,D0_pca8,test,pca_only,8,20,log_euclidean,0.01,0.00034208699350204833,1979.1442698408919,4872.589782636434,113864.2882738303,56932.144136915165,55293.178638094825,8.807523081717441e-05,8.80733963931883e-05,3.7037072214577764e-08,3.40310286521691,0.1298677509318057,0.1833659127006901
2020-09-25,3335,rolling,test,pca_only,8,20,log_euclidean,0.01,0.001601031972732155,5012.200211404164,635.8228064659933,976.1508939706771,488.0754469853374,53.32001606019885,3.260793344055785e-05,3.2606099016571735e-05,2.200930050926083e-06,3.6094085400310134,0.14224762466858598,0.22016414693930877
2020-09-25,3335,ewma,test,pca_only,8,20,log_euclidean,0.01,0.0019756990325683777,4804.771522807082,665.7440788629727,956.3584549749025,478.17922748744496,44.553671978556444,3.588267307655579e-05,3.5880838652569674e-05,2.1751810177305045e-06,3.4086811417757596,0.14439249199291881,0.1947537892292405
2020-09-25,3335,ledoit_wolf,test,pca_only,8,20,log_euclidean,0.01,0.0003404535199036171,10310.910729529884,1268.8411322255176,351.69072630437506,175.84536315218787,-247.11057479707205,6.663443256984594e-05,6.663259814585982e-05,2.452153620004732e-05,1.083556676560877,0.028918328050828383,0.015922156859932778
2020-09-25,3335,oas,test,pca_only,8,20,log_euclidean,0.01,0.0012306347802722888,8154.947404166841,648.7172336302,306.18624246652115,153.09312123326075,-270.79201196903233,3.9867779242297414e-05,3.98659448183113e-05,1.6334701415271805e-05,2.566466923928272,0.10579891128301223,0.10907758750761243
2020-09-25,3335,shrink,test,pca_only,8,20,log_euclidean,0.01,0.001553537896097626,8198.862424721689,668.7718342317145,299.03991355728317,149.51995677864193,-274.1970961078233,3.602323326906011e-05,3.6021398845074e-05,1.4977281078379834e-05,2.427453232475343,0.15692737946759508,0.12960029225252176
2020-09-25,3335,persistence,test,pca_only,8,20,log_euclidean,0.01,0.009212659105594776,3595.442103928295,902.2264884637709,1139.4365193506242,569.7182596753137,133.1760836960504,5.383895229491627e-05,5.383711787093016e-05,1.877621419345048e-06,2.6386062653617794,0.10578351222496764,0.11762993229161652
2020-10-02,3340,D0_pca8,test,pca_only,8,20,log_euclidean,0.01,0.0007286880500495192,1967.3869451514358,3342.3335447561903,131555.77575168284,65777.88787584144,64023.2556094743,0.00017701081252442433,0.00017700534161655177,4.642836171386826e-08,3.4296236814904453,0.18413691012590536,0.2178271953859421
2020-10-02,3340,rolling,test,pca_only,8,20,log_euclidean,0.01,0.001685986088933184,5073.08063335127,755.8408981047747,1187.476776727995,593.7383883639983,168.7871498363278,7.905672237705998e-05,7.90512514691874e-05,2.0846722043726844e-06,3.634395169570724,0.14239235057947527,0.21296503150434237
2020-10-02,3340,ewma,test,pca_only,8,20,log_euclidean,0.01,0.0011403630916794639,4851.435435752093,642.6030041010744,1262.606911852134,631.3034559260684,202.1855344655551,7.988418166636538e-05,7.98787107584928e-05,1.9206083134616337e-06,3.564284224049461,0.1433809674381498,0.20426632435944006
2020-10-02,3340,ledoit_wolf,test,pca_only,8,20,log_euclidean,0.01,0.0006644266931441017,10307.981378716973,1985.2431551893928,334.68197620965645,167.34098810482806,-244.63139131703707,0.00012213567599279198,0.00012213020508491942,2.651593650418688e-05,1.0990075415146376,0.029328021167865224,0.01700514266936842
2020-10-02,3340,oas,test,pca_only,8,20,log_euclidean,0.01,0.0013565018787227298,8154.02137697324,922.7619763717922,305.9833569592669,152.99167847963403,-259.83952593602714,6.629643587867044e-05,6.629096497079787e-05,1.6447314160300757e-05,2.6520417884991647,0.10289489458452582,0.11507324329646719
2020-10-02,3340,shrink,test,pca_only,8,20,log_euclidean,0.01,0.001729572627826608,8204.142036141946,972.6055993214311,295.46461399998753,147.7323069999939,-265.1040619191634,6.168245470956225e-05,6.167698380168967e-05,1.5992266409065427e-05,2.4445997900580645,0.1670294170392153,0.13118758034028682
2020-10-02,3340,persistence,test,pca_only,8,20,log_euclidean,0.01,0.0002933927679179104,3551.05572715168,743.9658175453612,3121.338328238193,1560.6691641190941,1112.1478551749526,7.503107568320973e-05,7.502560477533716e-05,6.816310155341262e-07,2.6883612769962695,0.09688896864041412,0.10945237637761412
2020-10-09,3345,D0_pca8,test,pca_only,8,20,log_euclidean,0.01,0.0010288964613259324,2039.5746740526442,4248.467040213281,139790.0455639098,69895.02278195489,67282.74902757337,0.000273122027660654,0.00027311690071131164,6.251788835487007e-08,3.603472971034903,0.15120569888974883,0.22116945411169378
2020-10-09,3345,rolling,test,pca_only,8,20,log_euclidean,0.01,0.0019285145039379843,5158.528012899953,695.4324748536445,2002.399510682967,1001.1997553414787,571.913655103113,0.00016862021927367444,0.0001686150923243321,2.1883631309454916e-06,3.7191445607662863,0.14876065935534385,0.22384887487772706
2020-10-09,3345,ewma,test,pca_only,8,20,log_euclidean,0.01,0.0009898549709305272,4930.235464017442,721.8982758964653,2362.5823759786276,1181.2911879893143,744.6160977421772,0.00015974804365438062,0.00015974291670503828,1.8145057278888925e-06,3.6632464267573166,0.14571859338121207,0.2176253060821246
2020-10-09,3345,ledoit_wolf,test,pca_only,8,20,log_euclidean,0.01,0.0009320719403983521,10268.998333655341,1622.837368405225,325.6120336431247,162.80601682156257,-234.41439406681198,0.00013802585302026974,0.0001380207260709274,2.974697494555102e-05,1.1739904183538876,0.035357568557368546,0.019583916696366246
2020-10-09,3345,oas,test,pca_only,8,20,log_euclidean,0.01,0.0016070220089686419,8119.504736959792,753.1535049872634,379.05242399047813,189.52621199523855,-210.6759547070955,0.0001424485841527162,0.00014244345720337387,1.6956300586676103e-05,2.759574772016689,0.11404685715367908,0.12486815689611089
2020-10-09,3345,shrink,test,pca_only,8,20,log_euclidean,0.01,0.0019776582306399214,8202.655084777089,790.7404815626778,352.2208663671853,176.1104331835926,-223.89406242435675,0.00011666714660625888,0.00011666201965691656,1.6396833161503073e-05,2.557867501478246,0.15955167221661803,0.13932259895445034
2020-10-09,3345,persistence,test,pca_only,8,20,log_euclidean,0.01,0.0005880804542268794,3633.8771116698717,927.8958432354657,5934.304928078578,2967.152464039287,2467.870918389503,0.00012717865004548685,0.0001271735230961445,4.2500671444452163e-07,2.2416179931788585,0.06626867738210265,0.07284005641036562
2020-10-16,3350,D0_pca8,test,pca_only,8,20,log_euclidean,0.01,0.005553433507151094,2123.6100073719385,5784.540528397217,206338.03679080852,103169.01839540426,98616.46207835473,0.0002360956492501126,0.00023606942230992753,9.946890132081677e-08,4.124028688441308,0.16522002895894122,0.29226395279912243
2020-10-16,3350,rolling,test,pca_only,8,20,log_euclidean,0.01,0.005212849189553868,5049.41013124855,883.9690800646431,2468.0459321481408,1234.0229660740715,793.6244355802427,0.00023340998351461018,0.0002333837565744251,2.1869075249054693e-06,3.7765654904665866,0.1284793969757134,0.22994948353552375
2020-10-16,3350,ewma,test,pca_only,8,20,log_euclidean,0.01,0.0041938275770708675,4851.738889736675,1007.5838427320311,3400.003766463274,1700.0018832316355,1232.790010881971,0.00022197180741476922,0.00022194558047458415,1.539389026252471e-06,3.725379661984933,0.12363159351936057,0.22389361103909602
2020-10-16,3350,ledoit_wolf,test,pca_only,8,20,log_euclidean,0.01,0.0051774859120103656,10225.78937958452,1814.6739792505198,303.09037541789826,151.54518770894947,-222.62941031983397,0.0001679251978489334,0.00016789897090874832,2.9382053831127087e-05,1.1623711947864632,0.03547405266721774,0.01954925059362193
2020-10-16,3350,oas,test,pca_only,8,20,log_euclidean,0.01,0.005060820125837062,8010.7699822627455,899.2817449286731,403.38524356887973,201.69262178443964,-178.87518022070338,0.00017927927546016617,0.0001792530485199811,1.6344963462835227e-05,2.8378744758209424,0.10347345520282675,0.13015172080650478
2020-10-16,3350,shrink,test,pca_only,8,20,log_euclidean,0.01,0.005638576046837486,8137.063692126916,970.2855213011096,366.52968196679745,183.26484098339893,-196.29767331629188,0.00014398675999000878,0.0001439605330498237,1.6398230333594904e-05,2.6243669834018863,0.130846046602746,0.13618697621531067
2020-10-16,3350,persistence,test,pca_only,8,20,log_euclidean,0.01,0.0036091941163260846,3666.548128035242,1254.9156369759617,9045.579041029996,4522.789520515009,3964.366071378223,0.00014750027304609778,0.0001474740461059127,3.7859890606900033e-07,2.059152198917411,0.08177404871287446,0.07116589558825698
2020-10-23,3355,D0_pca8,test,pca_only,8,20,log_euclidean,0.01,0.005619207363518691,2158.26301686427,5519.993358094183,271802.29761519376,135901.14880759688,129891.0670580018,0.0003772422615331456,0.0003771966704103038,5.233242566437472e-08,3.7145112107840013,0.1269589071430311,0.21964662537603133
2020-10-23,3355,rolling,test,pca_only,8,20,log_euclidean,0.01,0.0051304493854179,5117.288493951519,878.8939537296615,2660.576915298489,1330.2884576492504,881.2940005011391,0.00016882814943999097,0.0001687825583171492,2.1002592745154758e-06,3.5896859329332234,0.14209081999695164,0.22392581816523655
2020-10-23,3355,ewma,test,pca_only,8,20,log_euclidean,0.01,0.0038540430707904023,4923.198926764253,965.3981392973822,3851.8918761641467,1925.9459380820745,1441.6575793811194,0.00016403017481635406,0.0001639845836935123,1.4544785782519455e-06,3.5413948386117298,0.13948869012912046,0.21998986963974523
2020-10-23,3355,ledoit_wolf,test,pca_only,8,20,log_euclidean,0.01,0.005159377720262242,10180.420192109044,1856.1923593655845,301.8125576186887,150.90627880934431,-223.84543872735904,0.00017270070165249454,0.00017265511052965278,2.9600947770404155e-05,1.1976822324748686,0.03726578669219529,0.02083333244251728
2020-10-23,3355,oas,test,pca_only,8,20,log_euclidean,0.01,0.004993087656177512,7966.797058470447,903.3500910180425,425.42918331437204,212.71459165718628,-169.3766010576575,0.00014555775629356284,0.00014551216517072108,1.5308052569333526e-05,2.712965626107779,0.10665763783851005,0.12827753673037667
2020-10-23,3355,shrink,test,pca_only,8,20,log_euclidean,0.01,0.005582135830555286,8128.922384042751,977.2189777803146,400.1484564302196,200.07422821510986,-181.1174683228532,0.00015011644316763006,0.0001500708520447883,1.5215366083089357e-05,2.5058515069367484,0.15453492405333943,0.1395585849055474
2020-10-23,3355,persistence,test,pca_only,8,20,log_euclidean,0.01,0.0040185766496941685,3653.028794870843,1183.7642570679818,10746.033570478126,5373.016785239052,4743.543424128071,0.0002026324737569453,0.00020258688263410354,2.917166956952293e-07,2.0936214650347336,0.06761664088411884,0.06771922461747573
2020-10-30,3360,D0_pca8,test,pca_only,8,20,log_euclidean,0.01,0.005041913133060664,2208.4258009746072,7679.174116028285,165445.8493289602,82722.9246644801,79354.88466037306,0.00025593654249174517,0.0002559179627605623,6.804222577739557e-08,3.18933699481532,0.13715089650814574,0.1748359658499393
2020-10-30,3360,rolling,test,pca_only,8,20,log_euclidean,0.01,0.004778340040062065,5127.582385635124,1450.1780552213509,2621.819457943953,1310.9097289719757,868.5244851087934,0.00011952531797176114,0.00011950673824057825,2.949888546150138e-06,4.088621054017605,0.2039304122188681,0.29527850794678057
2020-10-30,3360,ewma,test,pca_only,8,20,log_euclidean,0.01,0.0032308092189154035,4919.7132155808295,1730.6546273331544,3658.769793092158,1829.3848965460832,1359.6446923701715,0.00012070016858004914,0.00012068158884886625,2.066594538793378e-06,3.9467184952474894,0.19615007748218283,0.27894247413660084
2020-10-30,3360,ledoit_wolf,test,pca_only,8,20,log_euclidean,0.01,0.004579521075848997,10165.75405541392,1640.6292987224938,302.82240623727284,151.41120311863648,-223.97394707675085,7.951006330193467e-05,7.949148357075179e-05,3.84632002145089e-05,1.3614459574180011,0.044863999773392726,0.027667542395950352
2020-10-30,3360,oas,test,pca_only,8,20,log_euclidean,0.01,0.004601411997122232,8061.885892305363,1241.910310549204,425.8971803609495,212.9485901804749,-169.08731697830103,0.00010580351206655295,0.00010578493233537007,2.039553278592373e-05,2.9480493662111233,0.1284099248714851,0.151865287870845
2020-10-30,3360,shrink,test,pca_only,8,20,log_euclidean,0.01,0.005147676375950182,8284.435881728254,1261.893538363581,393.8097765010525,196.90488825052682,-184.06827270767553,0.00016032535443545164,0.00016030677470426876,2.029737805161894e-05,2.6516804007907666,0.15899043281711375,0.1600540328773123
2020-10-30,3360,persistence,test,pca_only,8,20,log_euclidean,0.01,0.0032658310271269334,3623.7035691862475,1901.0402011055453,7989.837517542983,3994.918758771497,3441.15758668173,0.0001132680665854633,0.00011324948685428041,6.817373706617352e-07,2.862592110241348,0.0920620526504562,0.12377362904463358
2020-11-06,3365,D0_pca8,test,pca_only,8,20,log_euclidean,0.01,0.004602211865805535,2210.5427043823497,7430.180967285377,275561.96597012866,137780.98298506433,139985.6473735738,0.00018286991424927237,0.0001828606852519814,5.021087504170298e-08,4.065506718027021,0.2036179483687835,0.2629453032755724
2020-11-06,3365,rolling,test,pca_only,8,20,log_euclidean,0.01,0.0044167610642268295,5148.699094261859,1662.6743425026455,1580.9351813811124,790.4675906905582,379.3991662213444,0.00012860566489946703,0.00012859643590217606,3.0117898066280395e-06,4.0651285292578025,0.1760204628380478,0.2806247895459427
2020-11-06,3365,ewma,test,pca_only,8,20,log_euclidean,0.01,0.0030656325673072155,4932.54569956923,1866.091207941572,1951.2887293726467,975.6443646863256,553.3535311093981,0.00013523756089937707,0.0001352283319020861,2.3396350882787075e-06,3.8025985530287034,0.17362737072145165,0.2572958605372406
2020-11-06,3365,ledoit_wolf,test,pca_only,8,20,log_euclidean,0.01,0.004066004634338041,10281.792759198102,1777.8738329690987,300.147408468674,150.07370423433676,-233.5439125334679,5.14635167555137e-05,5.145428775822271e-05,4.463170543358414e-05,1.3992834223641537,0.045297647646331624,0.029579868439343873
2020-11-06,3365,oas,test,pca_only,8,20,log_euclidean,0.01,0.0041941525156774274,8278.212005680962,1434.1227318046724,315.56126013763,157.78063006881513,-228.68312353231067,9.957170195624365e-05,9.956247295895266e-05,2.3783795779443815e-05,3.0368212014594236,0.11897507190940447,0.15661605891589842
2020-11-06,3365,shrink,test,pca_only,8,20,log_euclidean,0.01,0.004713095511130343,8457.529777761278,1464.4209205491766,297.86885120382897,148.93442560191414,-237.1332277784367,0.00013054712115624553,0.00013053789215895456,2.2992272257156106e-05,2.7461629438148476,0.1941736804776346,0.18729285660191558
2020-11-06,3365,persistence,test,pca_only,8,20,log_euclidean,0.01,0.002991641167351415,3755.3657316431218,1948.2517225122224,4229.859730125625,2114.929865062812,1725.0659925134291,0.00013496786714061593,0.00013495863814332496,7.985526079127136e-07,2.488966838865703,0.11167177375030149,0.10604745524165352
2020-11-13,3370,D0_pca8,test,pca_only,8,20,log_euclidean,0.01,0.0008409704829060513,2060.4386482547575,6143.894320206193,158175.49760493066,79087.74880246533,80238.29473471986,0.0001254590369120023,0.0001254571333685748,4.063647353103171e-08,3.7284254516364452,0.12362372246864083,0.21341913642612123
2020-11-13,3370,rolling,test,pca_only,8,20,log_euclidean,0.01,0.0006231869794532354,5043.76793197289,843.685040989955,1313.5342924781733,656.7671462390881,242.37984896995818,6.386468881490854e-05,6.386278527148104e-05,3.035690963650455e-06,4.435863458206881,0.17962937378008734,0.3331147043371573
2020-11-13,3370,ewma,test,pca_only,8,20,log_euclidean,0.01,0.0025918069063173505,4842.591946244207,979.1715242819394,1008.5128654562786,504.2564327281391,85.8781515654421,8.423327021051974e-05,8.423136666709224e-05,3.777621491331727e-06,4.048940475719496,0.14960967695531305,0.2761957375679956
2020-11-13,3370,ledoit_wolf,test,pca_only,8,20,log_euclidean,0.01,0.0003632341398147076,8889.413864082246,628.531398154377,295.026167439779,147.5130837198894,-263.3708069627304,4.6298438794750836e-05,4.629653525132333e-05,3.7163158938182754e-05,2.4976853589897328,0.09531904714030029,0.10100000092420872
2020-11-13,3370,oas,test,pca_only,8,20,log_euclidean,0.01,0.00047672976445455766,7969.04860742265,686.6309988359143,317.9590100299762,158.9795050149882,-252.27129855978774,5.7253070855533215e-05,5.725116731210571e-05,2.1285431752326515e-05,3.2712688655239215,0.12623100997519482,0.17305393442083938
2020-11-13,3370,shrink,test,pca_only,8,20,log_euclidean,0.01,0.0003656438171870467,8614.614507937193,668.473500091288,292.66367608429107,146.3318380421456,-265.1628197041533,4.6116235230864915e-05,4.611433168743741e-05,2.779347460360338e-05,2.6244792835823163,0.19896030681145005,0.17571962954828899
2020-11-13,3370,persistence,test,pca_only,8,20,log_euclidean,0.01,0.0032103608631323536,3732.519159910952,1009.2314024115101,1642.0818311414473,821.0409155707201,415.3957847189198,0.00014982231746794844,0.00014982041392452093,1.7796702475384218e-06,2.9899911937890127,0.1113353995873651,0.13583818209993287
2020-11-20,3375,D0_pca8,test,pca_only,8,20,log_euclidean,0.01,0.000778131348399865,2030.3016959912613,5879.144809662413,135382.83406914683,67691.41703457342,65826.97026186457,0.00010054517676059879,0.00010054309557175068,3.390253786176018e-08,3.4144582646755643,0.12770187555280135,0.18862349861149208
2020-11-20,3375,rolling,test,pca_only,8,20,log_euclidean,0.01,0.0006075629509259897,5074.191352582017,743.0574669275258,1323.7102473126338,661.8551236563148,221.99228477886467,7.669667912532164e-05,7.669459793647354e-05,2.7207575368581727e-06,4.43140973387307,0.15117668080534274,0.314643574376747
2020-11-20,3375,ewma,test,pca_only,8,20,log_euclidean,0.01,0.0016872670078906776,4881.937016327981,881.8299703098312,1138.6846206681528,569.342310334074,133.81354733644,8.406991360198672e-05,8.406783241313862e-05,3.3395557748783076e-06,4.271660165283495,0.14414990021559348,0.29897819523937996
2020-11-20,3375,ledoit_wolf,test,pca_only,8,20,log_euclidean,0.01,0.0003384416357607687,8726.920942135366,586.1264000132052,295.1167203788629,147.55836018943148,-266.11763350053724,3.627246654158687e-05,3.627038535273876e-05,3.2771719290388544e-05,2.4792768297047982,0.08030887329402894,0.0994001277691834
2020-11-20,3375,oas,test,pca_only,8,20,log_euclidean,0.01,0.0004580774826568403,7854.629285620042,622.7934623220895,325.7904372227091,162.89521861135376,-252.633246415846,5.2022314699366275e-05,5.2020233510518166e-05,1.8980704986236724e-05,3.281844001601959,0.10646348783952303,0.17569756839472697
2020-11-20,3375,shrink,test,pca_only,8,20,log_euclidean,0.01,0.0003279653178568443,8528.020325263273,619.2911671187609,297.00010931384975,148.50005465692453,-265.71632078100373,3.5763082995891426e-05,3.576100180704332e-05,2.6510485865964962e-05,2.6906746188478334,0.1292624101312719,0.14888646138572925
2020-11-20,3375,persistence,test,pca_only,8,20,log_euclidean,0.01,0.0032327519666492254,3694.6153664608087,1024.0143863550131,1552.1979395558078,776.0989697779028,345.91309628864076,0.00011222760582439702,0.00011222552463554892,2.208725135930476e-06,3.228598067019021,0.11657402653495041,0.16841585048930724
2020-11-30,3380,D0_pca8,test,pca_only,8,20,log_euclidean,0.01,0.0012697138473589187,2088.6760690388282,6253.057592013909,333291.33129683445,166645.66564841723,158279.48248935994,0.00012849157170451985,0.00012848884768896997,2.2870635571374928e-08,2.9743497859880965,0.13037612287412959,0.15095629577682965
2020-11-30,3380,rolling,test,pca_only,8,20,log_euclidean,0.01,0.0020127544002409466,5123.272992063268,868.6462971519536,2361.997158440384,1180.9985792201921,715.4593959635256,7.723605711966543e-05,7.723333310411555e-05,3.0367720340638128e-06,4.439084493698042,0.15341547477451667,0.3323659151355872
2020-11-30,3380,ewma,test,pca_only,8,20,log_euclidean,0.01,0.0029223937156255047,4933.738556912017,1016.8667850593714,2148.4141446854937,1074.2070723427432,614.2541480759744,8.103825669039015e-05,8.103553267484027e-05,3.4143065550351174e-06,4.275560961545426,0.14487778185471212,0.31424073562543214
2020-11-30,3380,ledoit_wolf,test,pca_only,8,20,log_euclidean,0.01,0.001494940705434707,8679.95792255522,618.759207847074,355.69017930983193,177.84508965491554,-230.42000243309477,4.236176742092555e-05,4.2359043405375674e-05,3.177093682385695e-05,2.501073324893693,0.08458006751415227,0.10228585530214995
2020-11-30,3380,oas,test,pca_only,8,20,log_euclidean,0.01,0.001733105569869066,7898.966042127479,711.5979663909399,456.1210573781624,228.06052868908102,-184.1228928703891,5.271502235591481e-05,5.271229834036493e-05,1.9711018298008147e-05,3.241698690440458,0.10914634390137021,0.17291340700700025
2020-11-30,3380,shrink,test,pca_only,8,20,log_euclidean,0.01,0.00140120425773792,8603.691383108404,614.3414731536843,367.1133787650841,183.5566893825419,-225.37085509535171,4.971445329351296e-05,4.9711729277963084e-05,2.647762045531492e-05,2.5981742984471974,0.13230085385619425,0.14964308125937364
2020-11-30,3380,persistence,test,pca_only,8,20,log_euclidean,0.01,0.0047083125575510375,3811.769626749794,1382.8218729728633,3324.375665343106,1662.1878326715703,1177.673626086566,4.496449511518336e-05,4.4961771099633485e-05,1.2213573619721502e-06,2.512293651154087,0.07610158703670077,0.09739053439330872
2020-12-07,3385,D0_pca8,test,pca_only,8,20,log_euclidean,0.01,0.0013029891924763,1988.486639978748,6030.8056334157445,279238.0736535218,139619.03682676092,132754.05131635698,0.00017727588385256483,0.0001772677832893055,4.495663360244462e-08,3.550355078344365,0.154898399217625,0.22568317263764925
2020-12-07,3385,rolling,test,pca_only,8,20,log_euclidean,0.01,0.0018197219263193561,5064.431748644785,830.1010781931468,2933.8790905881815,1466.9395452940835,993.5256997411276,0.000140121780703245,0.00014011368013998568,2.929550271564738e-06,4.661224821308767,0.14187827641058415,0.33860449576324225
2020-12-07,3385,ewma,test,pca_only,8,20,log_euclidean,0.01,0.0023481570932484554,4854.706014635951,957.3113525192587,2652.158596330231,1326.079298165124,860.4057446438613,0.00019021545019136821,0.0001902073496281089,3.1442991131776044e-06,4.538727544321859,0.1370047120014374,0.3195924693541807
2020-12-07,3385,ledoit_wolf,test,pca_only,8,20,log_euclidean,0.01,0.001386662978302352,8654.867380579515,670.5870536953512,370.6768165569749,185.33840827848803,-221.67578627436902,5.581814111620393e-05,5.581004055294461e-05,3.172525391291243e-05,2.4278169988199743,0.08334815109486468,0.09785234008047342
2020-12-07,3385,oas,test,pca_only,8,20,log_euclidean,0.01,0.001586538312487529,7863.270683277837,715.4911961669773,499.0318396792999,249.51591983964934,-161.77830350814455,7.98052523567083e-05,7.979715179344898e-05,1.9938304024184054e-05,3.2420700136838576,0.10993388581577677,0.1748961230489456
2020-12-07,3385,shrink,test,pca_only,8,20,log_euclidean,0.01,0.0013356007884230917,8520.253207882231,671.6260405264916,396.25541053053837,198.12770526526955,-209.93684092436553,4.54912057086179e-05,4.5483105145358584e-05,2.5420615954742195e-05,2.603117713073629,0.18204991459619965,0.16117439932721872
2020-12-07,3385,persistence,test,pca_only,8,20,log_euclidean,0.01,0.004156005896990597,3619.227535479023,1500.456930368792,3748.9461477633754,1874.473073881692,1390.3547593623177,5.358991338384007e-05,5.3581812820580754e-05,7.264957799996003e-07,2.1341208855133993,0.06895671092733363,0.06978678298354311
2020-12-14,3390,D0_pca8,test,pca_only,8,20,log_euclidean,0.01,0.0012173619247105509,1806.9726817677636,5799.949279998046,246010.6570724399,123005.32853621997,130574.67077653151,0.0001573137399470685,0.00015730936221829343,5.020270337020881e-08,4.087931833974937,0.132562484840734,0.2511792554884291
2020-12-14,3390,rolling,test,pca_only,8,20,log_euclidean,0.01,0.0019442733473186233,5088.96342437936,928.7316111794195,2921.474918336272,1460.7374591681203,1145.32904962084,6.459571135869358e-05,6.45913336299185e-05,3.0366047640797395e-06,4.878484583441916,0.12507239362497294,0.35124344983568245
2020-12-14,3390,ewma,test,pca_only,8,20,log_euclidean,0.01,0.0018045561986125844,4874.657704720834,1004.4488299109133,3222.849213095189,1611.4246065475909,1304.2472341898037,6.229282438519697e-05,6.228844665642189e-05,2.6269699080161814e-06,4.645073315413764,0.12571685425064216,0.3202523615420366
2020-12-14,3390,ledoit_wolf,test,pca_only,8,20,log_euclidean,0.01,0.0014613192902503676,8848.678351236756,762.2973786873788,382.858434976173,191.4292174880865,-212.18288688449368,4.436149429413297e-05,4.43571165653579e-05,2.9210972163810014e-05,2.389541238199052,0.08371409758261714,0.08716230153679556
2020-12-14,3390,oas,test,pca_only,8,20,log_euclidean,0.01,0.0016950971527612381,8000.261814256551,814.2809229044246,519.1496882307597,259.5748441153797,-137.88469815745648,4.5708142083870206e-05,4.5703764355095133e-05,1.8545596224925564e-05,3.255809120457068,0.10627603974980572,0.16210881027064794
2020-12-14,3390,shrink,test,pca_only,8,20,log_euclidean,0.01,0.0014061969327820337,8705.224797641884,757.2063576630311,407.2706797164667,203.63533985823352,-198.90301993353714,3.871523722650048e-05,3.8710859497725406e-05,2.3770054849742076e-05,2.4687121242418395,0.14036736479131356,0.13707664332325706
2020-12-14,3390,persistence,test,pca_only,8,20,log_euclidean,0.01,0.0014280519864271846,3438.174341018691,1161.4457358325528,6697.83368826173,3348.9168441308407,3170.155967214562,4.245321653557101e-05,4.244883880679594e-05,2.82706303758785e-07,1.7888260768322455,0.05125850492546919,0.05057168256653852
2020-12-21,3395,D0_pca8,test,pca_only,8,20,log_euclidean,0.01,0.0012553419504026204,1908.9312045489523,7133.987343456153,235170.60218343846,117585.3010917192,124410.23174287606,0.00011348507061742798,0.00011348157057523206,7.162121743645163e-08,3.9975060329535608,0.15705417383629605,0.28567825612506476
2020-12-21,3395,rolling,test,pca_only,8,20,log_euclidean,0.01,0.0020549275437310673,5103.101106352036,1048.8934234386347,3332.792962892015,1666.3964814460146,1361.00256414685,0.00012468423080499037,0.00012468073076279447,3.147206873659232e-06,4.7596303408559955,0.14708476624277264,0.3620596083244893
2020-12-21,3395,ewma,test,pca_only,8,20,log_euclidean,0.01,0.001561865536077563,4887.042491537152,1020.9042954821382,4284.057173875581,2142.0285869377863,1863.329030572518,0.0001276125522239575,0.0001276090521817616,2.3059761747314136e-06,4.581760244267095,0.13236208824992063,0.32576421360373276
2020-12-21,3395,ledoit_wolf,test,pca_only,8,20,log_euclidean,0.01,0.0015405124287931596,8881.654858137172,768.2482269650253,393.24346221702945,196.62173110851495,-202.43176170149206,3.012169007251934e-05,3.0118190030323432e-05,2.7936929410007683e-05,2.1979138480903058,0.07939022736470915,0.07742719204035622
2020-12-21,3395,oas,test,pca_only,8,20,log_euclidean,0.01,0.0017990808175497733,7994.292709791638,884.7619035331353,562.3067408672682,281.15337043363184,-111.10747937718162,4.940594192029765e-05,4.940244187810174e-05,1.7891976291794128e-05,3.1214294081662732,0.10448784938452364,0.15399415986071766
2020-12-21,3395,shrink,test,pca_only,8,20,log_euclidean,0.01,0.0014913099011608475,8688.1460409031,763.5723616094778,419.78151539752207,209.89075769876058,-188.0382393063507,4.0014689045144015e-05,4.0011189002948106e-05,2.3112849969876524e-05,2.411649617615319,0.10255078590696112,0.12267801262687598
2020-12-21,3395,persistence,test,pca_only,8,20,log_euclidean,0.01,0.001459458130807256,3446.572672107047,1261.2333426150567,7662.15598474331,3831.077992371609,3677.9653050928296,3.413928014460114e-05,3.413578010240523e-05,2.9608598297057004e-07,1.9108908099689006,0.06192491415308912,0.05425893918253261
2020-12-29,3400,D0_pca8,test,pca_only,8,20,log_euclidean,0.01,0.00042329989936319446,1880.981627742127,7495.965138088737,77330.7595626388,38665.37978131941,42127.82307420997,0.00012199101303020242,0.0001219884196318127,7.783228419945311e-08,3.2447320195156006,0.12811184571066947,0.17059035171363793
2020-12-29,3400,rolling,test,pca_only,8,20,log_euclidean,0.01,0.001383876399113473,5147.763618388122,1416.2286899634796,1623.2970239125448,811.6485119562785,456.88105800952013,0.00015247941720426223,0.0001524768238058725,3.279090109912192e-06,4.669812062716932,0.1324293810420716,0.32133441816180314
2020-12-29,3400,ewma,test,pca_only,8,20,log_euclidean,0.01,0.0018762330911656212,4896.962746210281,1402.6702062205118,1677.3510143353492,838.6755071676835,488.65730687756655,0.00012548193928641602,0.0001254793458880263,2.8412032015517688e-06,4.213497110449378,0.11573339074322922,0.2588124752430453
2020-12-29,3400,ledoit_wolf,test,pca_only,8,20,log_euclidean,0.01,0.0007852352659012303,9187.768202982512,1180.5853297477797,331.73740896886693,165.86870448443318,-246.5180781511897,5.629279422018308e-05,5.629020082179335e-05,2.9434210913949266e-05,2.0852308888486806,0.06606010685135758,0.06593067199650343
2020-12-29,3400,oas,test,pca_only,8,20,log_euclidean,0.01,0.0010645756968445308,8335.93876890353,1255.508293750761,369.12288092163885,184.56144046081886,-224.14520833537927,7.219774793038362e-05,7.219515453199389e-05,2.0018805230870887e-05,2.848395940198809,0.08755192553843744,0.12268003343869928
2020-12-29,3400,shrink,test,pca_only,8,20,log_euclidean,0.01,0.0007856662759304636,8810.36732227653,1166.8724213421758,350.476604000782,175.2383020003913,-235.70813736160667,8.603292712102563e-05,8.60303337226359e-05,2.1939067739009857e-05,2.4298766962917155,0.13623928209098013,0.1276817748749171
2020-12-29,3400,persistence,test,pca_only,8,20,log_euclidean,0.01,0.001389548952137763,3415.3710549718908,1645.6666901302265,4180.96800502596,2090.484002512928,1882.6307809968546,9.632747827878728e-05,9.632488488039755e-05,3.2053886416340027e-07,1.7873768246388373,0.05953995374549432,0.04722513990466918
2021-01-06,3405,D0_pca8,test,pca_only,8,20,log_euclidean,0.01,0.0005872824351425654,1987.1132310062674,5913.197083567601,177788.4808264318,88894.2404132159,95426.29718393814,0.00018133379979835327,0.00018133176332297716,5.084773958110226e-08,3.6056286741490435,0.1308042774588921,0.20801208211186759
2021-01-06,3405,rolling,test,pca_only,8,20,log_euclidean,0.01,0.0014148889845044853,5154.484908725231,1335.5202087048613,1846.3251824351814,923.1625912175908,590.5474989242698,0.00020979434502317544,0.00020979230854779933,3.1912224876558707e-06,4.5820251899549564,0.14376168644845475,0.32621922862240965
2021-01-06,3405,ewma,test,pca_only,8,20,log_euclidean,0.01,0.0012824337132423891,4903.255852388531,1234.7040874393156,2118.856777937216,1059.4283889686076,740.5020981372849,0.0001783775351340544,0.0001783754986586783,2.4438856865492314e-06,4.122959827080057,0.1375387360029855,0.2663872695699621
2021-01-06,3405,ledoit_wolf,test,pca_only,8,20,log_euclidean,0.01,0.0008416137685810986,9204.700971247043,1134.9514570978904,331.80545340193964,165.90272670097,-239.1542872991201,0.00013411209163661969,0.00013411005516124358,3.0282389421804623e-05,2.0794018225680624,0.07218367099523584,0.06542607041742025
2021-01-06,3405,oas,test,pca_only,8,20,log_euclidean,0.01,0.0011166037773140765,8312.100732635201,1198.6051315750228,382.74066039135255,191.37033019567667,-209.29945599151267,0.00015078087357105858,0.00015077883709568247,2.036460810576172e-05,2.9121713648000354,0.09943363611551406,0.12790543103970883
2021-01-06,3405,shrink,test,pca_only,8,20,log_euclidean,0.01,0.0008586710128059218,8791.102175008724,1092.7245362903975,353.1728835672621,176.5864417836314,-226.64853808726667,0.00015970331971141847,0.00015970128323604236,2.171921965824776e-05,2.411388338507904,0.17561780451383563,0.14085882049955037
2021-01-06,3405,persistence,test,pca_only,8,20,log_euclidean,0.01,0.0014961274885023604,3451.9380471043323,1497.4530464881843,4493.156843386065,2246.5784216930733,2017.0467084336483,0.00014680089664144316,0.00014679886016606705,5.350809506547279e-07,2.2180711489604987,0.07252567666893686,0.07589515446936984
2021-01-13,3410,D0_pca8,test,pca_only,8,20,log_euclidean,0.01,0.000632049812696059,2153.1601127659246,5986.593049131475,149133.517121484,74566.75856074199,71871.27199801439,9.793314103848363e-05,9.792967799029516e-05,7.14858078071849e-08,3.763996943154827,0.16421470632578125,0.23671748795957295
2021-01-13,3410,rolling,test,pca_only,8,20,log_euclidean,0.01,0.0012350887820483918,5070.088465054559,1355.5462239460446,2109.013671313103,1054.5068356565744,620.2717954065602,0.00020499178847951293,0.00020498832543132446,1.8992033914979024e-06,3.5412388009633995,0.10944781894432608,0.2105863383323953
2021-01-13,3410,ewma,test,pca_only,8,20,log_euclidean,0.01,0.0009179427401079738,4820.316728458513,1165.3455798383097,2648.461137262458,1324.2305686312288,881.3063871666994,0.0001920169566630959,0.00019201349361490743,1.4745188076475573e-06,3.490280165336343,0.10870378401206741,0.19810219773450805
2021-01-13,3410,ledoit_wolf,test,pca_only,8,20,log_euclidean,0.01,0.0007481976270948117,9011.260693723778,1111.5169514380696,322.88046568292316,161.44023284146147,-240.56604615022675,0.00013661018357571768,0.00013660672052752922,2.2400733230466553e-05,1.8340907162742601,0.051743982136160466,0.05016074541385431
2021-01-13,3410,oas,test,pca_only,8,20,log_euclidean,0.01,0.0009925814298837972,8068.433080552153,1202.4703622793886,387.5614334016069,193.78071670080425,-210.22318385549164,0.00015867933855242595,0.0001586758755042375,1.3900417247438232e-05,2.4826077813939005,0.07449623246370471,0.09714835583533969
2021-01-13,3410,shrink,test,pca_only,8,20,log_euclidean,0.01,0.0008021354633667363,8469.758656318725,1089.9328724607903,365.0342573730888,182.51712868654388,-220.7925273058636,0.00012742588183076444,0.00012742241878257597,1.4286113801106014e-05,2.177045657273854,0.1355055760672369,0.1106573810317241
2021-01-13,3410,persistence,test,pca_only,8,20,log_euclidean,0.01,0.001472077626744038,3427.151849055065,1350.4900505334604,5197.793518227343,2598.8967591136798,2122.3396733238237,0.0001503639256740985,0.00015036046262591004,3.931103133740431e-07,1.959347503464909,0.06414909988937523,0.059589353262306015
2021-01-21,3415,D0_pca8,test,pca_only,8,20,log_euclidean,0.01,0.0005802754703950119,2217.480277983845,5871.474762867817,211682.96296499993,105841.48148249996,101694.50783558746,0.00017571703330915184,0.00017571420908400387,3.123019258049052e-08,3.129691219499082,0.12181427497145995,0.16137707978322732
2021-01-21,3415,rolling,test,pca_only,8,20,log_euclidean,0.01,0.0010983080651131643,4997.42038811546,1310.7597724403483,2301.266720622051,1150.6333603110209,702.7901646768277,0.00018623382850612694,0.00018623100428097897,1.5359629732346603e-06,3.2856760332322192,0.11705867539844024,0.1790794397562344
2021-01-21,3415,ewma,test,pca_only,8,20,log_euclidean,0.01,0.0006051262388965585,4749.485039577777,1039.3567508556987,2943.7419921161913,1471.870996058104,1011.5789494354588,0.00016365982438820386,0.0001636570001630559,1.1409650255791487e-06,3.201754928554782,0.11447738816530927,0.16649455141736355
2021-01-21,3415,ledoit_wolf,test,pca_only,8,20,log_euclidean,0.01,0.0006481179161067156,8874.839870547754,1049.41351423705,322.2307119515523,161.1153559757761,-242.8392650155159,0.00013256651526814944,0.00013256369104300148,1.6787328599651972e-05,1.708112513396806,0.046851494202972715,0.04155321984132057
2021-01-21,3415,oas,test,pca_only,8,20,log_euclidean,0.01,0.0008884459437334041,7861.071029181069,1157.8216535472393,407.29583115942086,203.64791557970963,-203.29172185279404,0.00015620639972401302,0.00015620357549886506,9.866373790499907e-06,2.2414897881007936,0.06985596828363631,0.08048225857893093
2021-01-21,3415,shrink,test,pca_only,8,20,log_euclidean,0.01,0.0006909626910279391,8329.530080680368,1037.8399142466549,367.83666298865927,183.9183314943295,-221.6422225588286,0.00012899289981124881,0.00012899007558610085,1.1481840040719825e-05,1.856999743804113,0.12654885610875083,0.07852355399517003
2021-01-21,3415,persistence,test,pca_only,8,20,log_euclidean,0.01,0.0014128326345576676,3472.532976383429,1259.5520110607738,4574.227596940141,2287.1137984700663,1799.8997510388374,0.0001571263623205607,0.00015712353809541274,3.285457585031701e-07,1.7188641629907444,0.061821314665343935,0.04628633846870673
2021-01-28,3420,D0_pca8,test,pca_only,8,20,log_euclidean,0.01,0.000507284570760015,2121.360291904609,5453.1990425775675,120519.07030218054,60259.53515109027,60051.67179228542,0.00027662630899218446,0.0002766231206181056,6.982837608934204e-08,3.6954379574024836,0.13169822955165555,0.22429608465406792
2021-01-28,3420,rolling,test,pca_only,8,20,log_euclidean,0.01,0.00042216992939330853,4880.265722246711,850.7252825192459,2359.7789480782685,1179.889474039142,741.1149275831339,0.0001903826744988729,0.000190379486124794,1.123423125408559e-06,3.17682629561877,0.10030184095752978,0.16626333460054638
2021-01-28,3420,ewma,test,pca_only,8,20,log_euclidean,0.01,0.0005434085194624684,4639.641197972381,1334.2483804471215,2359.472673207701,1179.7363366038617,736.996032747895,0.0001723355748009225,0.00017233238642684362,1.0449927840309794e-06,2.9905024721363582,0.09820713307570093,0.14530501772447518
2021-01-28,3420,ledoit_wolf,test,pca_only,8,20,log_euclidean,0.01,0.00034381307902684144,8387.481212557841,769.0328993748474,316.3290418963801,158.16452094819033,-248.48756461859665,0.00011883895555345978,0.00011883576717938089,1.2997567478642596e-05,1.804992981316489,0.060967923454740724,0.0521844637685334
2021-01-28,3420,oas,test,pca_only,8,20,log_euclidean,0.01,0.0003629049346592493,7898.748302701856,764.7957710104196,352.0246747659302,176.01233738296577,-231.61546447355218,0.00012977689712625684,0.00012977370875217795,9.784846009428343e-06,2.064419611356945,0.06991955745704878,0.0703312578930495
2021-01-28,3420,shrink,test,pca_only,8,20,log_euclidean,0.01,0.00036751302048836836,8032.7027726518645,766.0375632983809,346.2027254993633,173.1013627496814,-234.22353341961974,0.00012881209254581906,0.00012880890417174017,9.819098747640035e-06,1.8851814567786296,0.1065578871033079,0.07460407253328527
2021-01-28,3420,persistence,test,pca_only,8,20,log_euclidean,0.01,0.000508899157806792,3505.1741996621713,1551.9723800149286,5160.570810195766,2580.2854050978717,2108.324765314451,0.00011524357635457815,0.00011524038798049926,3.21725943060344e-07,1.8824761317560161,0.07122896089371314,0.06080668854149261
2021-02-04,3425,D0_pca8,test,pca_only,8,20,log_euclidean,0.01,0.0003561685573740439,2112.815200178301,5590.50802603321,235493.64091486842,117746.82045743418,116079.45616215728,5.063693058213225e-05,5.06336841547692e-05,2.4323043433287355e-08,3.74188912069014,0.11823047034960518,0.20670886018706822
2021-02-04,3425,rolling,test,pca_only,8,20,log_euclidean,0.01,0.0004175352625323041,4916.911833467913,748.4892728333423,1956.2295842435456,978.1147921217948,529.2944179364799,8.455374496196357e-05,8.455049853460052e-05,1.264503391523009e-06,3.41827516273353,0.12233757106003927,0.18090451369993465
2021-02-04,3425,ewma,test,pca_only,8,20,log_euclidean,0.01,0.0005219678214671069,4704.451794199784,1054.6527267567603,1863.151355386839,931.5756776934215,483.5579086680185,7.893179288712502e-05,7.892854645976198e-05,1.2832421261595147e-06,3.2972822569065205,0.11760707381192352,0.16548734449244787
2021-02-04,3425,ledoit_wolf,test,pca_only,8,20,log_euclidean,0.01,0.00027904814113564224,8592.943883635806,638.9443705983567,313.41854682907444,156.70927341453677,-259.27909314790406,5.9454584816400415e-05,5.945133838903737e-05,1.6902183324381824e-05,1.9222707729011468,0.06825181053319128,0.057890736547501064
2021-02-04,3425,oas,test,pca_only,8,20,log_euclidean,0.01,0.0003202327858094154,8061.241058480156,634.7833073250225,333.38482674433,166.69241337216516,-250.27126533205222,6.3741645632198e-05,6.373839920483495e-05,1.2506962621486134e-05,2.2676516040249886,0.0837188600079627,0.07965057854964298
2021-02-04,3425,shrink,test,pca_only,8,20,log_euclidean,0.01,0.0003124010713762727,8123.028354605748,637.4950084983574,327.4737427380078,163.73687136900395,-252.65383214567564,5.3769621313674276e-05,5.376637488631123e-05,1.1477915856359581e-05,2.199905736824585,0.128967503020953,0.09434319166311654
2021-02-04,3425,persistence,test,pca_only,8,20,log_euclidean,0.01,0.0005148463922760164,3618.818213775591,1233.4424402579498,4115.070161964384,2057.535080982206,1579.4803536269987,7.174012813254902e-05,7.173688170518597e-05,3.573860657671348e-07,1.8709600765529129,0.09235901335688138,0.0583292181998071
2021-02-11,3430,D0_pca8,test,pca_only,8,20,log_euclidean,0.01,0.0004265877053747466,2110.741763857175,5948.953644873987,196746.82372430927,98373.41186215464,94827.88182451451,0.0001197143935251347,0.00011970897740554452,4.627530104641529e-08,3.9735084034792387,0.203458827728429,0.2737115799519913
2021-02-11,3430,rolling,test,pca_only,8,20,log_euclidean,0.01,0.0004346519494319294,4881.207578310092,792.5503754372273,2195.1356312794705,1097.5678156397266,645.5393602030641,0.00012430878976675037,0.00012430337364716017,1.3836002225163203e-06,3.7018859217230946,0.14147047444215574,0.20933950313087366
2021-02-11,3430,ewma,test,pca_only,8,20,log_euclidean,0.01,0.00043714174290151753,4701.3863485329475,1007.0446039667578,2201.4799325737567,1100.73996628689,645.7859696934299,0.0001176646879464299,0.00011765927182683972,1.315276964287581e-06,3.414809419117064,0.13242429479274576,0.1829314610562655
2021-02-11,3430,ledoit_wolf,test,pca_only,8,20,log_euclidean,0.01,0.0003297660275853142,8681.57293989515,794.1883057809388,312.2853526461336,156.14267632306743,-255.63057132483655,8.440583362650557e-05,8.440041750691538e-05,1.849761754817248e-05,1.8641836686119302,0.06877169456890117,0.05369025293345797
2021-02-11,3430,oas,test,pca_only,8,20,log_euclidean,0.01,0.0003603307407245722,8093.183705354841,748.7563584962976,334.66833941416286,167.3341697070819,-245.5894086191528,8.872540898824835e-05,8.871999286865817e-05,1.3873536035495794e-05,2.2669367129477753,0.08910400103342063,0.08024123529457679
2021-02-11,3430,shrink,test,pca_only,8,20,log_euclidean,0.01,0.00036729956827652753,8071.820082459621,739.0546207000141,324.9032060628573,162.45160303142933,-250.12189629985323,7.933862082934971e-05,7.933320470975953e-05,1.2204427279143323e-05,2.2322946233870686,0.12459931652644825,0.0995830207430155
2021-02-11,3430,persistence,test,pca_only,8,20,log_euclidean,0.01,0.0006026557204292411,3751.7653875969854,1281.8446931439923,4091.63326694617,2045.816633473062,1590.0982394564883,0.00011957851067231762,0.00011957309455272744,4.536747243915212e-07,2.0622114186854597,0.09420790327961497,0.06729434172195292
2021-02-19,3435,D0_pca8,test,pca_only,8,20,log_euclidean,0.01,0.0005173293713502879,2063.359692331754,5610.000313120806,208424.58282125994,104212.29141062997,99969.1400527561,0.00010304800674035675,0.00010304264680010399,4.0223007285140276e-08,4.0093216993806395,0.1805040449695934,0.2838462819474063
2021-02-19,3435,rolling,test,pca_only,8,20,log_euclidean,0.01,0.00047325021310460323,4861.994652395558,847.2824200053226,2268.964501375725,1134.4822506878422,676.6098231393266,0.00010588269003575857,0.00010587733009550581,1.2919664967075047e-06,3.6348036305339075,0.12936772393880822,0.20496713909238073
2021-02-19,3435,ewma,test,pca_only,8,20,log_euclidean,0.01,0.0003925656795408768,4684.917527815167,983.2956396302056,2481.714664100665,1240.8573320503317,776.1393702335959,9.742990972784135e-05,9.742454978758859e-05,1.1300611524343472e-06,3.411769339820073,0.12425269004889132,0.17772901664597157
2021-02-19,3435,ledoit_wolf,test,pca_only,8,20,log_euclidean,0.01,0.0003959287410079458,8735.315837907241,904.967008105845,309.9669251624253,154.9834625812128,-255.5317232246428,7.511498698271413e-05,7.510962704246137e-05,1.8674499864915598e-05,1.7940538263093444,0.0657052194181179,0.049906236148023995
2021-02-19,3435,oas,test,pca_only,8,20,log_euclidean,0.01,0.0004159534143749514,8103.159255811485,830.9657119218655,332.7738789884879,166.38693949424368,-245.49458391501838,7.443806974024474e-05,7.443270979999198e-05,1.3933875351014482e-05,2.2638238424999617,0.08689494085773777,0.07945898535053172
2021-02-19,3435,shrink,test,pca_only,8,20,log_euclidean,0.01,0.000435535607301908,8052.913008652702,823.9345902052776,322.9951482091427,161.4975741045712,-250.45074160702978,7.830017266778027e-05,7.829481272752751e-05,1.2110439725892448e-05,2.2553663120754788,0.1183802126488228,0.09725110140342123
2021-02-19,3435,persistence,test,pca_only,8,20,log_euclidean,0.01,0.0005599897028599754,3686.600728992131,1278.4119227341457,4252.10819077635,2126.0540953881264,1650.401648314044,0.00013266454717759395,0.0001326591872373412,4.346129405662867e-07,2.0281275240925303,0.09795407783405212,0.06672085672155327
2021-02-26,3440,D0_pca8,test,pca_only,8,20,log_euclidean,0.01,0.0005300337450944595,1983.3124037573255,5989.128435775581,143281.0520603809,71640.52603019045,68532.70383766023,4.670469259455157e-05,4.670167508598394e-05,3.7153045788629966e-08,3.4929530571888816,0.14079761249128833,0.19231267701380556
2021-02-26,3440,rolling,test,pca_only,8,20,log_euclidean,0.01,0.000493376905422271,4757.385250831873,912.3484856057464,1825.6777398514323,912.8388699256939,467.19444001966565,6.316810108225903e-05,6.31650835736914e-05,1.2504499056466682e-06,3.6558231532136913,0.12969605448873225,0.1887695886677856
2021-02-26,3440,ewma,test,pca_only,8,20,log_euclidean,0.01,0.0004196038347195696,4593.28179479703,1008.0985258187369,1998.5323571505483,999.2661785752887,548.1298435582509,6.417399894665033e-05,6.41709814380827e-05,1.1351456301059895e-06,3.4831996476723197,0.1230468545939093,0.17209653257256058
2021-02-26,3440,ledoit_wolf,test,pca_only,8,20,log_euclidean,0.01,0.0004049979987324638,8723.000244480852,946.2464904771296,302.2351472851964,151.11757364259816,-262.3718420849935,5.548932033237075e-05,5.548630282380312e-05,1.9637060276227506e-05,1.9630790230486375,0.07005307117967692,0.05618390639712344
2021-02-26,3440,oas,test,pca_only,8,20,log_euclidean,0.01,0.0004266095286608077,8161.99488485383,889.5715364503646,312.479805887997,156.23990294399866,-258.0989542606908,5.339281719999717e-05,5.3389799691429545e-05,1.4782926350693087e-05,2.4016120721405714,0.08423390995469786,0.08312965234385808
2021-02-26,3440,shrink,test,pca_only,8,20,log_euclidean,0.01,0.00044364084013517825,8151.6893694696955,889.4144847528003,299.09736691322234,149.54868345661117,-264.81701052775077,4.7220495427136e-05,4.721747791856837e-05,1.2779239780040149e-05,2.307957588501626,0.11252339381120295,0.10144485987910337
2021-02-26,3440,persistence,test,pca_only,8,20,log_euclidean,0.01,0.00044320145518622644,3474.980578491168,1170.7105364885756,3854.2112756970114,1927.105637848501,1452.7052529201542,0.00012942653175696713,0.0001294235142483995,4.5661949145951254e-07,2.174720910316974,0.07629944360426703,0.07588248074048456
2021-03-05,3445,D0_pca8,test,pca_only,8,20,log_euclidean,0.01,0.0004856979613946402,1955.2896521427865,6807.956320061054,147452.01473898825,73726.00736949412,72017.52830665724,5.3039362020405066e-05,5.3035726678106445e-05,2.68798377089781e-08,3.509263003196462,0.11488198755261243,0.19383976345987183
2021-03-05,3445,rolling,test,pca_only,8,20,log_euclidean,0.01,0.0005007129892703138,4746.30990782733,1033.2469017074318,1689.3222092759045,844.6611046379494,412.9347082631428,9.091319416584822e-05,9.09095588235496e-05,1.3933319538780261e-06,3.7152309290637806,0.1251446821904995,0.20448886305850825
2021-03-05,3445,ewma,test,pca_only,8,20,log_euclidean,0.01,0.00039089320334690053,4581.684058248108,1032.8214990546776,1957.7067581278561,978.8533790639194,540.5516084980097,9.131228919552099e-05,9.130865385322237e-05,1.1841473265624514e-06,3.607798845477293,0.11185906652383415,0.188657132439228
2021-03-05,3445,ledoit_wolf,test,pca_only,8,20,log_euclidean,0.01,0.000388766888860079,8767.521194289284,975.7936051023771,303.78505689363,151.89252844681545,-263.2303872134721,6.490732983082757e-05,6.490369448852895e-05,2.210194093037389e-05,2.0069131614358318,0.06961435461658066,0.06072845616183682
2021-03-05,3445,oas,test,pca_only,8,20,log_euclidean,0.01,0.0004176637124898491,8235.699247567434,951.0270968401738,309.5393811357723,154.76969056788673,-260.7839055212649,7.024483360919242e-05,7.02411982668938e-05,1.7004990479166393e-05,2.4451270207170275,0.08379236365624941,0.08963959880176663
2021-03-05,3445,shrink,test,pca_only,8,20,log_euclidean,0.01,0.0004325316691163729,8187.847189436438,947.9846045194183,300.7708966267159,150.38544831335798,-265.32864275802024,6.731831767799011e-05,6.731468233569149e-05,1.3761976954337152e-05,2.3797505363412705,0.18797157326296576,0.12019667331546406
2021-03-05,3445,persistence,test,pca_only,8,20,log_euclidean,0.01,0.0004114283852667349,3410.195252911186,1207.6637710665823,4291.75987327093,2145.8799366354874,1675.6599779126307,6.320176079070994e-05,6.319812544841132e-05,3.7498247666626756e-07,2.2951046998497704,0.07831513711554629,0.0751481608532356
2021-03-12,3450,D0_pca8,test,pca_only,8,20,log_euclidean,0.01,0.0002801643670746284,1927.1797957367876,6157.554336007245,162337.72696292578,81168.86348146289,79046.82206710055,7.268519699205606e-05,7.268190527285233e-05,1.336484936568652e-08,2.93624057926594,0.1122331117394589,0.13470429947294474
2021-03-12,3450,rolling,test,pca_only,8,20,log_euclidean,0.01,0.00021793213012762344,4658.784627078986,826.4049773758137,1475.289476663317,737.6447383316718,293.31385864070717,9.205005275430874e-05,9.2046761035105e-05,1.4127527319505681e-06,3.951767690753217,0.13206734164846765,0.24261007040155969
2021-03-12,3450,ewma,test,pca_only,8,20,log_euclidean,0.01,0.000263225410596365,4494.310858574001,877.3500359045357,1481.8531509368333,740.9265754684159,295.417085983392,8.556677490402963e-05,8.55634831848259e-05,1.3468277485822854e-06,3.7997944796448353,0.12201311935423419,0.2146596596621708
2021-03-12,3450,ledoit_wolf,test,pca_only,8,20,log_euclidean,0.01,0.00016932262343963742,8351.792592339527,734.5880642249167,299.8450166474178,149.92250832370874,-277.2541838751284,4.366085936775021e-05,4.365756764854647e-05,2.045631853862629e-05,2.3219422068286333,0.08818464237201631,0.0807280461063936
2021-03-12,3450,oas,test,pca_only,8,20,log_euclidean,0.01,0.00017572938250544004,8058.532137566708,730.7325999569696,301.3481275443896,150.6740637721951,-276.73255735326563,4.936000377949279e-05,4.9356712060289055e-05,1.7482547801444624e-05,2.589830073992435,0.09500661212567112,0.10060339505841177
2021-03-12,3450,shrink,test,pca_only,8,20,log_euclidean,0.01,0.00017096003341107182,8116.731029302915,748.5089084300541,297.5448071371635,148.77240356858158,-278.72399073971917,4.528500809896035e-05,4.528171637975661e-05,1.5464030071238993e-05,2.354582886592255,0.22374815053561237,0.1283456315434621
2021-03-12,3450,persistence,test,pca_only,8,20,log_euclidean,0.01,0.0002849208237325229,3195.9276576686198,943.3412217536684,2763.557068815619,1381.7785344077995,920.2926550968659,4.963521021440368e-05,4.963191849519994e-05,5.325976995747153e-07,2.481369233710037,0.08431033833611694,0.09537486527428371
2021-03-19,3455,D0_pca8,test,pca_only,8,20,log_euclidean,0.01,0.00017538661567215977,1897.8376164672118,7372.404704355858,79776.60737449118,39888.30368724561,38519.71609284336,9.372537843765947e-05,9.372410827464528e-05,3.28634769040892e-08,3.0653616029242308,0.13692740271067547,0.1605743262436528
2021-03-19,3455,rolling,test,pca_only,8,20,log_euclidean,0.01,0.00021753974951262416,4741.4860573141905,832.365394617384,1192.8695310509936,596.4347655254958,151.96474032097015,5.523210748432928e-05,5.52308373213151e-05,1.2744616364757877e-06,3.8328082627921507,0.129113092273689,0.21244273736724853
2021-03-19,3455,ewma,test,pca_only,8,20,log_euclidean,0.01,0.00022948315097754486,4568.310049067539,804.3689805250569,1211.3396323232444,605.6698161616268,161.13964893438097,5.693562287326709e-05,5.6934352710252905e-05,1.247621155083034e-06,3.735615012462658,0.13096697692365586,0.20793293732534354
2021-03-19,3455,ledoit_wolf,test,pca_only,8,20,log_euclidean,0.01,0.0001382968993432997,8382.893919364693,755.6441283716081,303.84490244527956,151.92245122264,-283.81683633145576,4.1568541959488124e-05,4.156727179647394e-05,1.7765099483215506e-05,2.1973678252095374,0.08468797016015606,0.07243555072549346
2021-03-19,3455,oas,test,pca_only,8,20,log_euclidean,0.01,0.00015051791717638543,8127.109524029248,751.4844166411375,301.9113328858081,150.95566644290403,-284.9091188704532,4.313925207681537e-05,4.313798191380119e-05,1.540794049135865e-05,2.4027744550183505,0.09287189865057993,0.08653870857455337
2021-03-19,3455,shrink,test,pca_only,8,20,log_euclidean,0.01,0.0001407124714041344,8166.464651406099,757.8840082312711,298.27795793455175,149.13897896727627,-286.75742077462047,3.5980823697527786e-05,3.5979553534513604e-05,1.3163639986640425e-05,2.176961649630895,0.23333720272600197,0.11899390250518274
2021-03-19,3455,persistence,test,pca_only,8,20,log_euclidean,0.01,0.0003320362435425291,3252.0891628476693,1038.24913724982,2291.2130520574087,1145.6065260286964,682.7612190645842,5.081928836621217e-05,5.081801820319799e-05,5.227631377550598e-07,2.403073624014633,0.0833030107941205,0.08967198193448551
2021-03-26,3460,D0_pca8,test,pca_only,8,20,log_euclidean,0.01,0.00011519336578380714,1872.2480663659521,7726.867354294516,60915.61915194569,30457.809575972857,29022.464792500017,0.00011824916872037387,0.00011824779975175273,5.55223346356026e-08,3.454118416731142,0.12386175584247246,0.19424615332982056
2021-03-26,3460,rolling,test,pca_only,8,20,log_euclidean,0.01,0.00022951029928271045,4891.347539065517,818.9675692984708,1299.9113589512804,649.955679475631,197.39271073144363,7.016354599974193e-05,7.01621770311208e-05,1.6044094791226044e-06,4.135598330666741,0.15012766087570575,0.2561681022790397
2021-03-26,3460,ewma,test,pca_only,8,20,log_euclidean,0.01,0.0002739187298304404,4689.935693008601,864.2754315569383,1362.1804230511466,681.0902115255785,228.20316716992684,8.026588596381599e-05,8.026451699519485e-05,1.643192703929817e-06,4.257371764513854,0.15949182312577698,0.2728425850164006
2021-03-26,3460,ledoit_wolf,test,pca_only,8,20,log_euclidean,0.01,0.00013119760461062914,8348.464806746772,716.0883734455072,314.79128531922356,157.39564265961172,-282.82040376975664,4.603648371814491e-05,4.6035114749523775e-05,1.8391346853149e-05,2.295650640803512,0.08247055013200777,0.07488808074763338
2021-03-26,3460,oas,test,pca_only,8,20,log_euclidean,0.01,0.00014464000422463285,8146.035486058159,719.1894583136009,314.74936875413704,157.37468437706852,-282.9887509494606,4.8033652334839066e-05,4.803228336621793e-05,1.657184936130385e-05,2.470629564582249,0.08961105222181426,0.08680749435285047
2021-03-26,3460,shrink,test,pca_only,8,20,log_euclidean,0.01,0.0001306420948090483,8192.087141947108,713.7646968515829,309.33177528995543,154.66588764497763,-285.71167617336334,3.861956036678936e-05,3.8618191398168224e-05,1.4223353481909658e-05,2.2117372972013825,0.2094108217721311,0.11639439593392324
2021-03-26,3460,persistence,test,pca_only,8,20,log_euclidean,0.01,0.00037152599497056394,3276.7579729068984,1157.2659657885133,2377.6084561197295,1188.8042280598604,719.9078233450969,4.1285004316952566e-05,4.128363534833143e-05,3.5772073419679007e-07,2.02169131278516,0.07325221603626561,0.06501598728878534
2021-04-05,3465,D0_pca8,test,pca_only,8,20,log_euclidean,0.01,8.666933202311974e-05,1907.803392878966,7685.769769757093,79399.16575226549,39699.58287613275,38340.4705860626,0.00011355670358400036,0.00011355583033383552,3.894107442229669e-08,3.362513317942661,0.12518155712220977,0.17553820207200727
2021-04-05,3465,rolling,test,pca_only,8,20,log_euclidean,0.01,0.0002282411518063252,4960.931510790289,762.7867747213536,1374.878538297488,687.4392691487459,242.0332450060358,6.399706155189135e-05,6.399618830172652e-05,1.8163228078835258e-06,4.344286968161116,0.1387412197225845,0.289552871710542
2021-04-05,3465,ewma,test,pca_only,8,20,log_euclidean,0.01,0.00021467075951940676,4727.914390418025,782.8504743543242,1523.2153685840249,761.6076842920144,315.9885981950785,7.658379627222868e-05,7.658292302206384e-05,1.680899829543629e-06,4.3401006063435235,0.1593614468490544,0.29604681667890986
2021-04-05,3465,ledoit_wolf,test,pca_only,8,20,log_euclidean,0.01,0.00012278950425917857,8326.65277637467,624.9939859757524,323.6746754017614,161.83733770088094,-280.7425017311112,3.1397362985474656e-05,3.139648973530983e-05,1.9838795680296074e-05,2.2940599119175067,0.08496010530423909,0.08037278758135981
2021-04-05,3465,oas,test,pca_only,8,20,log_euclidean,0.01,0.00013746192463377424,8126.446014575917,633.5759614757693,324.8636726373073,162.431836318654,-280.2079349352586,3.387565578173464e-05,3.387478253156981e-05,1.7943918807979093e-05,2.4583202330611535,0.08997308711280194,0.0936933271939979
2021-04-05,3465,shrink,test,pca_only,8,20,log_euclidean,0.01,0.00012176339331871369,8188.859268138724,630.9125107710599,321.7633131122092,160.88165655610507,-281.6968700764282,3.1982061955044197e-05,3.198118870487937e-05,1.539269749037741e-05,2.24194918882207,0.1867953004271053,0.11925667279262701
2021-04-05,3465,persistence,test,pca_only,8,20,log_euclidean,0.01,0.00034780952402492667,3337.7307883783765,1158.3744695228004,2520.9173494857173,1260.458674742851,800.4028910726144,3.5944782742813836e-05,3.594390949264901e-05,3.6978750052411616e-07,2.1612168092221475,0.06261131451648602,0.0703436602633799
2021-04-12,3470,D0_pca8,test,pca_only,8,20,log_euclidean,0.01,0.00013518823995648576,1930.83451546487,7417.383777037975,117977.89312563787,58988.94656281893,57649.28843141642,0.00017427839275299247,0.00017427731771070228,4.071834716432294e-08,3.9615674971848205,0.13631510247921874,0.25243493422560387
2021-04-12,3470,rolling,test,pca_only,8,20,log_euclidean,0.01,0.00016936534091585698,4834.996274329786,749.3907398898641,1639.3270071869288,819.6635035934607,369.4593937686817,6.452010760594012e-05,6.451903256364993e-05,1.5987613589301392e-06,4.239665454277873,0.1531615547940124,0.28555470730042576
2021-04-12,3470,ewma,test,pca_only,8,20,log_euclidean,0.01,0.00012877882177220033,4605.604048075734,763.3929992469854,1940.3875920418461,970.1937960209291,514.4671236982011,7.395889296619526e-05,7.395781792390508e-05,1.5301519640867548e-06,4.334764666710966,0.16292863435091634,0.3178441736163886
2021-04-12,3470,ledoit_wolf,test,pca_only,8,20,log_euclidean,0.01,0.00010272308099490418,8158.687547406467,619.5501194476509,316.3380000815869,158.16900004079372,-275.95375671481236,3.8041059799044043e-05,3.803998475675385e-05,1.789517112267718e-05,2.218821872981875,0.09284721112561588,0.08002400678129484
2021-04-12,3470,oas,test,pca_only,8,20,log_euclidean,0.01,0.00011172015743503676,7951.710489237893,627.5306505434107,321.2388911819112,160.61944559095573,-273.6849838731576,4.0897436933893965e-05,4.089636189160377e-05,1.6116433495478242e-05,2.4020527817701702,0.10096839056134436,0.09458962921793998
2021-04-12,3470,shrink,test,pca_only,8,20,log_euclidean,0.01,0.00010230041604546523,8019.513362812907,628.7037424106569,316.2485259794937,158.12426298974674,-276.07434754830354,2.9779694125998484e-05,2.9778619083708294e-05,1.3912044431846247e-05,2.170279103726094,0.2119913034329707,0.1231616455803953
2021-04-12,3470,persistence,test,pca_only,8,20,log_euclidean,0.01,0.00017656244576368986,3263.0973415410926,993.558468724819,3707.588500153295,1853.794250076623,1375.1649556256118,3.126834765475055e-05,3.1267272612460354e-05,2.759299624836195e-07,2.020294367121465,0.08000127255322696,0.06730104778290981
2021-04-19,3475,D0_pca8,test,pca_only,8,20,log_euclidean,0.01,0.0003704750819096862,1914.0686078677065,5062.745555478987,138200.95977523073,69100.47988761537,66785.48368322049,0.00011550986653150552,0.00011550873784060332,4.851947704182684e-08,4.59683082283305,0.15191455214687086,0.32580111484149255
2021-04-19,3475,rolling,test,pca_only,8,20,log_euclidean,0.01,0.00017454432613590225,4736.001777174048,858.1679015000134,1936.736906712695,968.3684533563435,522.6242529288298,0.00011242689903596062,0.00011242577034505842,1.4002941281512026e-06,4.3849935043726065,0.13345105815700264,0.28178563887587343
2021-04-19,3475,ewma,test,pca_only,8,20,log_euclidean,0.01,0.00020092519839583957,4501.442188085797,921.0242923346079,2298.463583155002,1149.2317915775075,697.9767612170633,7.496522148281394e-05,7.496409279191174e-05,1.3342281692914332e-06,4.525282016371477,0.15733080350864712,0.3202578994380669
2021-04-19,3475,ledoit_wolf,test,pca_only,8,20,log_euclidean,0.01,0.0001843567504364903,7886.154321430329,893.4560878268024,302.952238839733,151.47611941986656,-270.6260718061369,6.360518637480529e-05,6.360405768390309e-05,1.3276011709513602e-05,2.1034684908828942,0.0721877918661757,0.06738068713561014
2021-04-19,3475,oas,test,pca_only,8,20,log_euclidean,0.01,0.00018181499438201112,7764.638217417618,881.7149336370805,308.17849597568863,154.08924798784426,-268.1844004936496,6.588479003833839e-05,6.588366134743619e-05,1.2563273351539912e-05,2.222386489407245,0.07687446710758795,0.0748194642036422
2021-04-19,3475,shrink,test,pca_only,8,20,log_euclidean,0.01,0.00018925544219975654,7779.917489958316,896.3722953845754,304.2909968371282,152.1454984185641,-270.3517200155487,5.2422716414711626e-05,5.242158772380942e-05,1.0870605131892462e-05,2.1602528823973897,0.11212602714815535,0.093420316342873
2021-04-19,3475,persistence,test,pca_only,8,20,log_euclidean,0.01,0.00022552422937543646,3217.221091658622,1239.2425323266634,5048.681576089859,2524.3407880449404,2037.1254320667765,6.590130601371349e-05,6.590017732281129e-05,1.6722626722923282e-07,1.8156015167661221,0.05485532166661474,0.04933966385378153
2021-04-26,3480,D0_pca8,test,pca_only,8,20,log_euclidean,0.01,0.0002934225854061942,1955.4729615660171,4846.7893315535,139486.37019281444,69743.18509640722,67727.81361706226,9.860800666404784e-05,9.860626627004374e-05,3.716977301420144e-08,4.196477545466966,0.20500632342827577,0.2771577583782025
2021-04-26,3480,rolling,test,pca_only,8,20,log_euclidean,0.01,0.00014433707979063192,4643.6421211769275,808.8702588123451,1973.4942606299564,986.7471303149716,533.7622545242693,0.00013362011246886266,0.00013361837207485856,9.28152243844993e-07,3.6310981192046126,0.10520812349011982,0.1974307216519167
2021-04-26,3480,ewma,test,pca_only,8,20,log_euclidean,0.01,0.00013439797282039636,4412.000793385388,819.7116506681889,2322.5992212096075,1161.299610604804,703.2324943061229,0.00011290273334454946,0.00011290099295054536,8.557548922198354e-07,3.636273864197714,0.1232897702424663,0.21512422655669408
2021-04-26,3480,ledoit_wolf,test,pca_only,8,20,log_euclidean,0.01,0.00013624380933502045,7696.647874562255,803.061338121878,310.67853249416515,155.33926624708312,-269.44972469371726,8.123614163453242e-05,8.123440124052833e-05,1.1165318175296559e-05,2.303546088565949,0.06213893483414096,0.08114748261609732
2021-04-26,3480,oas,test,pca_only,8,20,log_euclidean,0.01,0.00013597912727426295,7598.226676580776,797.8377563991196,316.4079762841468,158.20398814207374,-266.75892657547604,8.434831905582471e-05,8.434657866182062e-05,1.0471538490069359e-05,2.3866238334300944,0.06372596024098369,0.08700016930594118
2021-04-26,3480,shrink,test,pca_only,8,20,log_euclidean,0.01,0.00013885146513464646,7723.156035201938,806.9421184262875,303.5525613716708,151.77628068583533,-272.9393603890645,6.34399101660752e-05,6.34381697720711e-05,1.0348887225435277e-05,2.2119671915942027,0.11760759490618161,0.09646611756546787
2021-04-26,3480,persistence,test,pca_only,8,20,log_euclidean,0.01,0.00019737362201891387,3249.362114294936,1176.4100790436257,6021.039865543284,3010.519932771628,2525.734120178754,0.00010143253846895259,0.00010143079807494849,1.5742162709378684e-07,1.8426326864724534,0.056878773139286264,0.05145758679247658
2021-05-03,3485,D0_pca8,test,pca_only,8,20,log_euclidean,0.01,0.0003297707183526766,1901.0635388654048,4843.360297297354,129284.39395017466,64642.19697508732,62884.16932339012,9.795978807321715e-05,9.795784431223643e-05,4.139230082513337e-08,4.448547003557282,0.15884801713979846,0.32944467557371665
2021-05-03,3485,rolling,test,pca_only,8,20,log_euclidean,0.01,0.00013791391912594328,4513.222352168168,712.6845480430661,1680.0995891540601,840.0497945770314,398.7303011693355,6.28936130955717e-05,6.289166933459099e-05,1.1405439035786119e-06,3.949014777250986,0.12457558164420869,0.24348506727053892
2021-05-03,3485,ewma,test,pca_only,8,20,log_euclidean,0.01,0.00015418720335050296,4319.138302405754,780.9063769988879,2049.14373713508,1024.5718685675447,580.8267192240563,5.08696728307477e-05,5.0867729069766973e-05,9.604309336234931e-07,3.8530549131273073,0.14884888536600852,0.24839716204672802
2021-05-03,3485,ledoit_wolf,test,pca_only,8,20,log_euclidean,0.01,0.00014174458050328993,7652.659360705244,750.6815413066993,292.7735440385996,146.38677201929949,-278.8069258481735,4.272557854802027e-05,4.272363478703955e-05,1.1716685956546872e-05,2.2144358004225735,0.06474714350784411,0.07583445948539817
2021-05-03,3485,oas,test,pca_only,8,20,log_euclidean,0.01,0.00014002196650876258,7524.467560856781,738.3695073850035,297.7511213793774,148.87556068968848,-276.42724372932514,4.36853108795202e-05,4.3683367118539475e-05,1.0924187038485637e-05,2.321227520722267,0.06637715626008621,0.0838713628377528
2021-05-03,3485,shrink,test,pca_only,8,20,log_euclidean,0.01,0.00014689113986830106,7645.041156377906,760.218074943431,286.29445627510455,143.147228137552,-282.5427723140293,4.460425314083529e-05,4.4602309379854564e-05,1.0310652781435222e-05,2.194908697863859,0.13372439060963823,0.10375476876451428
2021-05-03,3485,persistence,test,pca_only,8,20,log_euclidean,0.01,0.00021192517104107032,3254.374932340719,1087.191564125579,5874.990159607869,2937.4950798039326,2445.0232086161345,4.9623835443920345e-05,4.962189168293962e-05,1.1599195540363953e-07,1.6478217883921273,0.05437285726102718,0.040672820056806364
2021-05-10,3490,D0_pca8,test,pca_only,8,20,log_euclidean,0.01,0.00030072444810754796,1911.3412337859859,4246.022795307897,146169.29746641163,73084.64873320582,72030.16085872831,7.978427378587428e-05,7.978230396565987e-05,3.4819761652564814e-08,4.3432377519255425,0.12443001154075652,0.28759192893261365
2021-05-10,3490,rolling,test,pca_only,8,20,log_euclidean,0.01,0.00015886250156997166,4594.637997359754,820.0203911685262,2423.8215927376277,1211.9107963688216,764.2366318858136,8.213928867299602e-05,8.213731885278161e-05,1.0705356909968246e-06,4.097992449404102,0.13767319698962302,0.24424904421561272
2021-05-10,3490,ewma,test,pca_only,8,20,log_euclidean,0.01,0.00017984365073511486,4401.771813689414,931.384256370128,2656.5753205052474,1328.2876602526158,878.0344031303788,9.904135577947807e-05,9.903938595926365e-05,9.778768023383468e-07,3.872996306640447,0.13496768029146602,0.23547771038164494
2021-05-10,3490,ledoit_wolf,test,pca_only,8,20,log_euclidean,0.01,0.00016149128897678127,7681.339902155851,879.5988373141488,320.704446677909,160.35222333895427,-264.6947964153984,5.2754514566255555e-05,5.275254474604114e-05,1.1055408844221238e-05,2.073252653591674,0.07698405985395537,0.06710975378997432
2021-05-10,3490,oas,test,pca_only,8,20,log_euclidean,0.01,0.0001601234530321406,7565.076942439775,865.7455822964148,328.6311723285648,164.3155861642823,-260.8733560020432,5.4126655824802915e-05,5.41246860045885e-05,1.0427756590967433e-05,2.177921660003258,0.07919747046072044,0.07399334744743682
2021-05-10,3490,shrink,test,pca_only,8,20,log_euclidean,0.01,0.00016398582102086646,7584.324632095908,869.816973873679,321.8642121789368,160.93210608946848,-264.5328166543204,5.086905756102242e-05,5.0867087740808006e-05,9.190438503030507e-06,2.1182159818605655,0.12244246049786502,0.09631296641436449
2021-05-10,3490,persistence,test,pca_only,8,20,log_euclidean,0.01,0.0002124302892101463,3383.41985630204,1171.2949226680032,5844.010713980883,2922.0053569904594,2435.339084093907,4.9324469195205465e-05,4.932249937499105e-05,1.4068810035629481e-07,1.624301702505006,0.04955035228065044,0.041413358686364164
2021-05-17,3495,D0_pca8,test,pca_only,8,20,log_euclidean,0.01,0.00011909893378594957,1862.7984119816829,7208.824409017041,132354.87371248042,66177.4368562402,64902.324938454156,3.0987242114209323e-05,3.09861458760675e-05,3.708943450250108e-08,4.352769120113456,0.12807987134800106,0.2741163300295281
2021-05-17,3495,rolling,test,pca_only,8,20,log_euclidean,0.01,0.00017722317557840003,4614.849313404767,796.4923789644082,2164.306446975431,1082.1532234877222,642.1893171977493,7.99624177873521e-05,7.996132154921027e-05,9.948496277123178e-07,3.6904915600957042,0.14064014022079938,0.22164858084749353
2021-05-17,3495,ewma,test,pca_only,8,20,log_euclidean,0.01,0.0002875943781232573,4413.504970648925,1165.9617862635241,2066.230808815645,1033.1154044078144,593.5550467352754,8.735070951540141e-05,8.734961327725959e-05,9.683777078026633e-07,3.4567548115203457,0.1301483022477392,0.19140788168262224
2021-05-17,3495,ledoit_wolf,test,pca_only,8,20,log_euclidean,0.01,0.00012535623080580082,7557.751817886385,636.6751147854925,340.9925445858893,170.4962722929443,-268.7119961406594,3.444168091148772e-05,3.44405846733459e-05,1.018471210216308e-05,2.1779075119707794,0.07428041487222324,0.07501970504397712
2021-05-17,3495,oas,test,pca_only,8,20,log_euclidean,0.01,0.00013001858677232967,7441.557229994513,646.1824270280191,349.55992934772803,174.77996467386436,-264.4351744981691,3.711283284115143e-05,3.711173660300961e-05,9.509560550178201e-06,2.2805933533958904,0.07878139391096042,0.0821338298290728
2021-05-17,3495,shrink,test,pca_only,8,20,log_euclidean,0.01,0.00011378423374424879,7597.922393219982,630.3722474969813,337.095713261607,168.54785663080338,-271.21093363306824,3.0394581542073758e-05,3.0393485303931934e-05,8.750090664377636e-06,2.077962387656117,0.1556735903619019,0.09707069564905453
2021-05-17,3495,persistence,test,pca_only,8,20,log_euclidean,0.01,0.00031186112766858,3310.242411041193,1357.7532224056486,3535.2557090164664,1767.6278545082405,1333.0881539474622,2.6325834022609103e-05,2.632473778446728e-05,2.2934911665795235e-07,1.8642769788481055,0.05223916210505679,0.05076106264537194
2021-05-24,3500,D0_pca8,test,pca_only,8,20,log_euclidean,0.01,0.0002198640268290095,1888.916063055141,6075.330970536574,112397.20533497531,56198.60266748765,54238.033923354036,8.262914551028375e-05,8.262703996608401e-05,4.551963884038516e-08,4.1096608498848894,0.15423289987735742,0.2727037882077152
2021-05-24,3500,rolling,test,pca_only,8,20,log_euclidean,0.01,0.00017033666028090037,4638.136767010298,797.4973035414473,2330.522739855216,1165.2613699276105,716.0842389427065,0.00010975141385223118,0.00010974930830803144,7.775242597925824e-07,3.450026072092483,0.11596707363041367,0.18739725424666998
2021-05-24,3500,ewma,test,pca_only,8,20,log_euclidean,0.01,0.00020254399540972854,4421.396304730852,882.0579278293467,2280.870543841946,1140.4352719209764,692.4800698032592,9.997742265729283e-05,9.997531711309309e-05,7.514455179599576e-07,3.2809460174805194,0.10790909165075958,0.16700988890615426
2021-05-24,3500,ledoit_wolf,test,pca_only,8,20,log_euclidean,0.01,0.00014785177026090045,7395.420031818005,802.9154449571383,343.71849974875045,171.85924987437505,-262.6905484149599,5.803001229674786e-05,5.802790675254812e-05,8.375406249714848e-06,2.2904079491262257,0.06984778658038429,0.08053289151894016
2021-05-24,3500,oas,test,pca_only,8,20,log_euclidean,0.01,0.00014841706359542466,7357.835359848657,800.6845947769765,347.36837466403506,173.68418733201722,-260.9127411125377,5.8932753605047924e-05,5.893064806084818e-05,8.159054924448701e-06,2.3217696258047544,0.070947799730736,0.08273047133739866
2021-05-24,3500,shrink,test,pca_only,8,20,log_euclidean,0.01,0.00014471515196650374,7498.598127916933,800.9388756741757,331.06607478587335,165.53303739293642,-269.28141367883575,4.3335430847606755e-05,4.3333325303407014e-05,7.774747029711279e-06,2.1594347757549524,0.15529661053264127,0.09578800321327328
2021-05-24,3500,persistence,test,pca_only,8,20,log_euclidean,0.01,0.0002454032556602675,3280.2876707326477,1092.1937608087624,3893.9169424533275,1946.9584712266796,1477.3641642856564,3.129430778466004e-05,3.12922022404603e-05,2.668837786491199e-07,2.038149288130476,0.054729554522790644,0.06204140577101318
2021-06-01,3505,D0_pca8,test,pca_only,8,20,log_euclidean,0.01,0.00018372642597444403,1856.9348828110951,5886.189776698205,89742.35721157555,44871.17860578779,43582.03833936343,0.00011037729589539032,0.00011037545097097007,5.470449821350277e-08,3.9868186595577146,0.1246726755628174,0.24973047885896948
2021-06-01,3505,rolling,test,pca_only,8,20,log_euclidean,0.01,0.00014786721725900014,4581.387682546348,817.7507686137386,2448.2168740764555,1224.1084370382282,766.8986719159138,6.149988417979552e-05,6.149803925537526e-05,7.43525669974485e-07,3.394577235297377,0.14081173928535815,0.19065537982428782
2021-06-01,3505,ewma,test,pca_only,8,20,log_euclidean,0.01,0.00015454189705219412,4369.32256807912,829.4362541680434,2517.3566240851433,1258.6783120425712,801.7481948480201,6.221087817601154e-05,6.220903325159129e-05,6.815284833208058e-07,3.2180188061685557,0.12647732869262143,0.17043831267034298
2021-06-01,3505,ledoit_wolf,test,pca_only,8,20,log_euclidean,0.01,0.00012852809920609428,7366.422055228319,837.4552934703613,347.5723489542243,173.7861744771124,-263.0991889325614,5.109673257511413e-05,5.109488765069388e-05,7.799047110300593e-06,2.1757271524357806,0.07539237755244212,0.07335859491725336
2021-06-01,3505,oas,test,pca_only,8,20,log_euclidean,0.01,0.00012945924253723428,7292.023152617088,831.8792929623323,354.9423503408543,177.47117517042716,-259.5295184369991,5.1482588103871245e-05,5.148074317945099e-05,7.4175589678825396e-06,2.228965740123181,0.07826018299991763,0.07725767386536114
2021-06-01,3505,shrink,test,pca_only,8,20,log_euclidean,0.01,0.00012712468236796728,7419.301317839615,831.5050649978301,338.8076098392431,169.40380491962168,-268.0141504106297,3.468395874939058e-05,3.468211382497033e-05,7.2314392237450515e-06,2.1717184537468572,0.17464558757652107,0.09674881346013589
2021-06-01,3505,persistence,test,pca_only,8,20,log_euclidean,0.01,0.00024023626667724898,3316.3023312170444,1018.8786011958782,3895.1631183938457,1947.5815591969256,1490.222087386282,4.27741642527666e-05,4.277231932834635e-05,2.7345740396619303e-07,2.057263412938309,0.05857323977982349,0.06464262160771786
2021-06-08,3510,D0_pca8,test,pca_only,8,20,log_euclidean,0.01,0.00018505064705690288,1812.5400355707657,5403.991885485412,70356.43851521466,35178.21925760734,34509.35046034062,9.553148947187055e-05,9.552952806521757e-05,5.2828660895621246e-08,4.1310371251579,0.13566411646760554,0.2772779375468927
2021-06-08,3510,rolling,test,pca_only,8,20,log_euclidean,0.01,0.00011980936955081339,4573.207080777816,972.93007718938,1621.7388638475984,810.8694319238016,351.21181921268624,5.203908099429572e-05,5.2037119587642736e-05,7.011136331712963e-07,3.4465823203045156,0.10650269996641153,0.18129289848456406
2021-06-08,3510,ewma,test,pca_only,8,20,log_euclidean,0.01,0.00016637631793598394,4362.818240121737,965.0400721949284,1517.7983186637407,758.8991593318766,303.8662784109618,5.16750757238289e-05,5.167311431717592e-05,7.20508494520897e-07,3.1402204873767463,0.098359101189062,0.15814355962364268
2021-06-08,3510,ledoit_wolf,test,pca_only,8,20,log_euclidean,0.01,0.00011292665618718667,7608.021346018588,1044.4669289367914,304.1819658387383,152.09098291936888,-293.0367470421996,4.6646066506724424e-05,4.6644105100071444e-05,8.623760062370406e-06,1.9653561794125631,0.05856083449291307,0.05991498250952688
2021-06-08,3510,oas,test,pca_only,8,20,log_euclidean,0.01,0.00011272528586045034,7472.600559863086,1026.0369839224584,306.97335664859355,153.48667832429692,-291.7466044408892,4.677880542941981e-05,4.677684402276683e-05,7.969664984128332e-06,2.067001884805175,0.06224533773205619,0.06636469034846929
2021-06-08,3510,shrink,test,pca_only,8,20,log_euclidean,0.01,0.00011644349130317594,7350.051282769131,1004.3357241746908,302.224488741463,151.11224437073145,-294.3548368711809,3.724164139892369e-05,3.723967999227071e-05,6.851798317466514e-06,2.177422394786694,0.1291516038262563,0.08903445723683791
2021-06-08,3510,persistence,test,pca_only,8,20,log_euclidean,0.01,0.0002049937595962513,3185.4591687310694,1045.9087138153923,2651.3821872432204,1325.69109362161,874.9225292184283,5.890158281281816e-05,5.889962140616518e-05,2.7696623104056643e-07,2.0667102583271832,0.05742148153978272,0.06475729034119869
2021-06-15,3515,D0_pca8,test,pca_only,8,20,log_euclidean,0.01,0.00024734644804247043,1805.4172191382816,5313.605303566548,69016.22275154757,34508.11137577379,33354.66966456379,6.260454515457881e-05,6.260279782298824e-05,6.087091291623803e-08,4.025960368627429,0.16952245056788104,0.257461953928786
2021-06-15,3515,rolling,test,pca_only,8,20,log_euclidean,0.01,0.0001380088291615246,4575.168870070182,979.8764450352776,1756.1212379097628,878.0606189548837,419.55731183033606,5.8461370199815994e-05,5.845962286822542e-05,6.541753411394525e-07,3.4839272179759035,0.1025982749468541,0.1766908573356788
2021-06-15,3515,ewma,test,pca_only,8,20,log_euclidean,0.01,0.00016261527495314138,4339.8527731973045,1005.938685881508,1752.2640036050802,876.1320018025436,419.23196729147566,5.897906361296475e-05,5.897731628137417e-05,5.972469466052503e-07,3.137686860000376,0.10531420066910181,0.15239894702070195
2021-06-15,3515,ledoit_wolf,test,pca_only,8,20,log_euclidean,0.01,0.0001476843837076473,7574.268190977877,1101.3422026690582,300.3399968091286,150.1699984045646,-292.23758758860885,5.0332107375292934e-05,5.033036004370236e-05,7.80900587873468e-06,1.9071129802127533,0.05684488121943101,0.05457092504712423
2021-06-15,3515,oas,test,pca_only,8,20,log_euclidean,0.01,0.00014493705804478378,7409.824171242414,1072.003921984115,304.74868254845313,152.37434127422694,-290.18690252363,5.082670739316848e-05,5.0824960061577905e-05,7.104678185646933e-06,2.0257132190216702,0.061527519197983584,0.061482536038803534
2021-06-15,3515,shrink,test,pca_only,8,20,log_euclidean,0.01,0.0001519457059443215,7293.836342584866,1052.4004097897478,299.8789341021517,149.9394670510759,-292.9628091663468,4.071316454288616e-05,4.0711417211295585e-05,6.218313173588073e-06,2.0453670517828573,0.12252411491137433,0.07971804600769246
2021-06-15,3515,persistence,test,pca_only,8,20,log_euclidean,0.01,0.00019582029575492037,3290.013617282105,1444.936057151003,4084.5542079774223,2042.2771039887198,1561.4520117735474,6.244897692677917e-05,6.24472295951886e-05,1.2765206007185086e-07,1.6070273591581585,0.057787512641499734,0.04181536481095256
2021-06-22,3520,D0_pca8,test,pca_only,8,20,log_euclidean,0.01,0.0002735661773649883,1842.6342846871182,6809.423383016614,60897.48609626963,30448.74304813481,29264.032348422865,5.159644729912133e-05,5.159524221366229e-05,6.227989068067271e-08,3.7990554759263135,0.1169615174508132,0.222027312689011
2021-06-22,3520,rolling,test,pca_only,8,20,log_euclidean,0.01,0.00012618507820975723,4440.510183043905,990.314936290488,1558.6761679284718,779.3380839642416,319.762225032497,4.448224936122023e-05,4.448104427576119e-05,6.209009073443324e-07,3.2033051020179513,0.10049344933982969,0.16065723349866576
2021-06-22,3520,ewma,test,pca_only,8,20,log_euclidean,0.01,0.00014309224974147044,4202.298874281619,1105.6632094936058,1504.7430066523316,752.3715033261609,295.7517260168763,4.60468283631458e-05,4.6045623277686756e-05,6.33346747319655e-07,3.140096795542155,0.10028145416125306,0.1545672591622557
2021-06-22,3520,ledoit_wolf,test,pca_only,8,20,log_euclidean,0.01,0.0001354850483556097,7432.832536663644,940.1729891662503,298.46807329668917,149.2340366483446,-293.413824835744,3.2180970675014413e-05,3.217976558955537e-05,7.893653838839808e-06,2.171051552288825,0.07215860529781487,0.07274022701536396
2021-06-22,3520,oas,test,pca_only,8,20,log_euclidean,0.01,0.00013331294366397407,7298.1479833688345,934.8037818588404,302.8325886015755,151.41629430078788,-291.3843674117045,3.306597744298812e-05,3.306477235752908e-05,7.161165524184923e-06,2.256437494557798,0.07542020319569874,0.07894511108144224
2021-06-22,3520,shrink,test,pca_only,8,20,log_euclidean,0.01,0.00014461018251195383,7361.889825228516,976.1492085590423,297.5902951540189,148.79514757700946,-294.115338173919,2.9469387162591126e-05,2.9468182077132085e-05,7.342988312535278e-06,2.167195601889673,0.0989433342894659,0.08751180859983462
2021-06-22,3520,persistence,test,pca_only,8,20,log_euclidean,0.01,0.000184549763246967,3104.5479790220834,1250.735615093909,3278.0400448467894,1639.0200224233936,1145.7136013135005,3.815787165364684e-05,3.81566665681878e-05,2.3441182748434292e-07,2.060692189413639,0.07728613352285975,0.06620476548501522
2021-06-29,3525,D0_pca8,test,pca_only,8,20,log_euclidean,0.01,0.0002587565594009464,1767.4676787033068,6801.096786857348,56570.29123552077,28285.1456177604,27001.58382313085,3.4731111518592324e-05,3.473063860295634e-05,3.862981976522421e-08,3.160715388749859,0.1111646543278626,0.1533653260981021
2021-06-29,3525,rolling,test,pca_only,8,20,log_euclidean,0.01,0.00011003140335980517,4333.679335512573,1153.4326123225205,1196.7218291243366,598.3609145621734,135.89553571577835,2.535657809078047e-05,2.5356105175144485e-05,7.588374277283575e-07,3.349685079854789,0.12646341744388787,0.1871810757990001
2021-06-29,3525,ewma,test,pca_only,8,20,log_euclidean,0.01,0.00012590348389452573,4108.133044475191,1261.1977853200726,1249.5730967981815,624.786548399092,160.49995357612937,2.4074879102601794e-05,2.407440618696581e-05,7.002100512472999e-07,3.2870303174878126,0.12191214043894474,0.18010886610746424
2021-06-29,3525,ledoit_wolf,test,pca_only,8,20,log_euclidean,0.01,0.00011678645425163635,7410.443425718038,1076.9945042079905,286.465690487508,143.23284524375424,-303.09622405296153,1.6185791724703757e-05,1.6185318809067773e-05,7.99221773901916e-06,2.11140082199484,0.0752562994157052,0.07025585517593178
2021-06-29,3525,oas,test,pca_only,8,20,log_euclidean,0.01,0.00011505020086848724,7283.899271767482,1074.361987827303,287.84828205373464,143.92414102686712,-302.55454964809576,1.6491654385093735e-05,1.6491181469457752e-05,7.352425839471268e-06,2.1903670890509863,0.07819995980356169,0.07580364016326895
2021-06-29,3525,shrink,test,pca_only,8,20,log_euclidean,0.01,0.00012607782279303763,7348.90283570793,1124.9611014628892,284.5828902756758,142.29144513783814,-304.3001728918048,1.5721148558647633e-05,1.572067564301165e-05,7.584550649926261e-06,2.108623364131863,0.08675600461669766,0.08320650593827905
2021-06-29,3525,persistence,test,pca_only,8,20,log_euclidean,0.01,0.00018012176538161385,3025.0222933431914,1493.905243086048,2972.3557346482576,1486.1778673241288,999.7654442258108,4.302525976258222e-05,4.3024786846946235e-05,2.1591787834706987e-07,2.0464573404882134,0.06709026426706532,0.06380918490683098
2021-07-07,3530,D0_pca8,test,pca_only,8,20,log_euclidean,0.01,0.0002608179953209782,1816.2921213127747,6756.741045161072,76502.60820770964,38251.30410385481,37339.278367109284,4.157905623996474e-05,4.1578526040988324e-05,5.917663122117019e-08,3.7223834712434782,0.15735971503327337,0.24780245980425658
2021-07-07,3530,rolling,test,pca_only,8,20,log_euclidean,0.01,0.00011785958477388619,4375.720626397979,822.2262989924668,1774.8957164010892,887.4478582005406,447.4219612238733,2.5708815057621796e-05,2.570828485864538e-05,8.853412156718127e-07,3.7878258072453677,0.11817906776727435,0.22867288942818867
2021-07-07,3530,ewma,test,pca_only,8,20,log_euclidean,0.01,0.00011629145669050467,4177.355795541788,831.0102539567088,2042.245938564697,1021.1229692823448,576.9000169402789,2.7164688477496198e-05,2.7164158278519783e-05,7.65608698296031e-07,3.781042463229471,0.11681395371390259,0.22943446850334662
2021-07-07,3530,ledoit_wolf,test,pca_only,8,20,log_euclidean,0.01,0.00012901234318123806,7435.176319788239,706.7868865425899,303.56033028300783,151.78016514150414,-286.41151359710966,1.1703426058098234e-05,1.1702895859121817e-05,8.862850117449781e-06,2.0970383625644042,0.07701262232684149,0.0687339271855077
2021-07-07,3530,oas,test,pca_only,8,20,log_euclidean,0.01,0.00012598660733113403,7259.401195521339,707.0909018940351,311.1537890556738,155.57689452783686,-282.6651395265802,1.2083019795915347e-05,1.208248959693893e-05,8.00563023130687e-06,2.236083128942445,0.08101922054365328,0.07764143767838926
2021-07-07,3530,shrink,test,pca_only,8,20,log_euclidean,0.01,0.0001371173816009114,7281.352976482175,758.3829194433439,307.70753920921834,153.8537696046098,-284.48918554053745,1.498404508434877e-05,1.4983514885372353e-05,7.525929595014047e-06,2.134586877514138,0.09874665468078474,0.09135839125264719
2021-07-07,3530,persistence,test,pca_only,8,20,log_euclidean,0.01,0.0001288314356901152,3126.5182169894797,1096.263638118913,4565.944644656347,2282.9723223281426,1832.7059141792765,3.050655963219867e-05,3.0506029433222257e-05,1.8331613651784248e-07,2.0349268124173907,0.07135639342239537,0.06412353245895289
2021-07-14,3535,D0_pca8,test,pca_only,8,20,log_euclidean,0.01,0.00023997328109735805,1835.030687865568,7075.363732976242,96370.46142602857,48185.23071301429,47647.60575801545,4.746724108780128e-05,4.74667575755888e-05,4.671241565536945e-08,3.834122283492059,0.13419918473345785,0.2575723594398074
2021-07-14,3535,rolling,test,pca_only,8,20,log_euclidean,0.01,9.564162644793262e-05,4338.2359332564165,769.3518555686719,1906.2847948931474,953.1423974465811,504.58364642728765,5.34514415461338e-05,5.3450958033921324e-05,9.295604923364622e-07,3.872863728190056,0.13193937044145249,0.2402857277264687
2021-07-14,3535,ewma,test,pca_only,8,20,log_euclidean,0.01,7.843047592562663e-05,4135.632910919111,701.3777795636996,2261.045684958963,1130.5228424794836,676.8862665491818,5.161325089151123e-05,5.161276737929875e-05,7.724727420424133e-07,3.834074137125386,0.12807301247614036,0.23471917234390918
2021-07-14,3535,ledoit_wolf,test,pca_only,8,20,log_euclidean,0.01,9.90109374137278e-05,7268.2502558068945,582.9009403319778,312.2200252045868,156.11001260229358,-280.11767767742515,1.1552017733660364e-05,1.1551534221447883e-05,8.545701826159487e-06,2.2577990016704934,0.08469480864859519,0.07865536689660454
2021-07-14,3535,oas,test,pca_only,8,20,log_euclidean,0.01,9.756649123269692e-05,7113.3414835339145,594.5359824635891,322.54396637064724,161.2719831853238,-275.09790308258846,1.3119962228613665e-05,1.3119478716401183e-05,7.762311348707784e-06,2.374060298177385,0.08829929847859269,0.08726860703820156
2021-07-14,3535,shrink,test,pca_only,8,20,log_euclidean,0.01,0.0001078323330995833,7225.388438537479,639.9220312369675,313.1667620712116,156.583381035606,-280.27199611636513,1.4962021884778108e-05,1.4961538372565627e-05,7.529921870146997e-06,2.192701225429874,0.11974681784774248,0.10000434472414013
2021-07-14,3535,persistence,test,pca_only,8,20,log_euclidean,0.01,0.00010592571783196001,3115.4420209795494,1085.4943987539984,4350.1784923579335,2175.0892461789635,1716.7000890162005,1.4449869886104084e-05,1.4449386373891603e-05,1.914099564655292e-07,1.9776539288411934,0.07121769712179706,0.06180028294993242
2021-07-21,3540,D0_pca8,test,pca_only,8,20,log_euclidean,0.01,0.00011525465211997745,1865.5848407741541,7605.517662022708,79225.03043002986,39612.515215014944,39508.24109282477,3.3677661783367584e-05,3.367703535196178e-05,4.9788995260381844e-08,3.525526887864579,0.17493312288026328,0.22694847011850594
2021-07-21,3540,rolling,test,pca_only,8,20,log_euclidean,0.01,0.00010416404427559113,4317.535467604738,823.4333739394024,1910.1314321002658,955.0657160501369,502.2081204496477,3.8111984681497474e-05,3.811135825009167e-05,9.803058505378615e-07,4.005324641225535,0.1447262726563008,0.2431122163873808
2021-07-21,3540,ewma,test,pca_only,8,20,log_euclidean,0.01,0.0001443298757545824,4098.046560825015,897.2646015424007,2033.458000540788,1016.7290002703943,562.676351287282,3.599903942389884e-05,3.599841299249304e-05,8.979610921270485e-07,3.8359040196905703,0.1441903377660042,0.22444878725729095
2021-07-21,3540,ledoit_wolf,test,pca_only,8,20,log_euclidean,0.01,7.530071367372064e-05,7059.678892763883,555.5208206210625,340.7999435886713,170.39997179433527,-273.35824817732635,1.9331329481070687e-05,1.933070304966488e-05,7.434029275796922e-06,2.362756053758182,0.09603605488162724,0.08573486870256362
2021-07-21,3540,oas,test,pca_only,8,20,log_euclidean,0.01,7.80155952614638e-05,6936.655059689132,577.7124929379312,352.9263703320793,176.46318516604015,-267.36310803733204,1.999263026711705e-05,1.9992003835711243e-05,6.846074524208542e-06,2.4582077952985704,0.09979866653297928,0.09281819344890088
2021-07-21,3540,shrink,test,pca_only,8,20,log_euclidean,0.01,6.66609534514857e-05,7181.838949966356,546.672541436124,329.2549723129156,164.62748615645745,-279.81712765544813,2.3177873842638862e-05,2.3177247411233057e-05,6.965867902723152e-06,2.132487308637219,0.12287245789487802,0.09755069931509298
2021-07-21,3540,persistence,test,pca_only,8,20,log_euclidean,0.01,0.0001484600743283273,3081.776790858813,1093.1780350755284,4178.162664233792,2089.0813321169044,1651.7345511691535,8.397814004578604e-06,8.397187573172798e-06,1.2614488172127385e-07,1.6070099842786736,0.05080185062282278,0.040356375555040354
2021-07-28,3545,D0_pca8,test,pca_only,8,20,log_euclidean,0.01,0.0001593927773975045,1866.4648065685838,7766.928093094157,74289.3668898157,37144.68344490784,36667.89898754166,6.674528218866852e-05,6.674428410529228e-05,8.862206840384016e-08,4.236481966790346,0.18133155387780958,0.3136943155273121
2021-07-28,3545,rolling,test,pca_only,8,20,log_euclidean,0.01,9.599534590208861e-05,4177.112142621811,660.597395383642,2522.581781450988,1261.2908907255055,818.1424603275901,2.9556283756054043e-05,2.9555285672677802e-05,6.254611915146161e-07,3.460797596159197,0.12433645188958589,0.18594649632055552
2021-07-28,3545,ewma,test,pca_only,8,20,log_euclidean,0.01,0.0001205027256239675,3979.7936635703304,763.984231455195,2624.355840503198,1312.1779202515972,863.2227391035533,3.579667163117187e-05,3.579567354779563e-05,6.072523357391602e-07,3.3613103449149935,0.1263839642342489,0.17676546159984394
2021-07-28,3545,ledoit_wolf,test,pca_only,8,20,log_euclidean,0.01,8.449736575307834e-05,6864.208710384277,478.34518664982124,369.546270501968,184.77313525098347,-248.95278365808622,1.3941506681560907e-05,1.3940508598184666e-05,5.420630534543658e-06,2.211807330133612,0.08684458275369514,0.07584685983101994
2021-07-28,3545,oas,test,pca_only,8,20,log_euclidean,0.01,8.510982831199632e-05,6776.982561480613,488.1901945577688,383.1141601920154,191.55708009600698,-242.23758553775733,1.4389980231163695e-05,1.4388982147787454e-05,5.0922639829259895e-06,2.275886895376735,0.08928708970439392,0.08056611828354428
2021-07-28,3545,shrink,test,pca_only,8,20,log_euclidean,0.01,8.38147147887867e-05,6940.193850952868,474.7563674173756,326.7765425816492,163.3882712908245,-271.90771995279243,8.182116595147466e-06,8.181118511771225e-06,4.910240195886705e-06,2.0402923286508683,0.13990030730127542,0.08796028907787311
2021-07-28,3545,persistence,test,pca_only,8,20,log_euclidean,0.01,0.00014247902794626665,2974.763064790125,1125.6010803084932,5306.713598713023,2653.3567993565084,2221.734192553336,1.1631372870187384e-05,1.1630374786811143e-05,8.785892721110653e-08,1.3999981029130903,0.033793308875036544,0.030008819452196005
2021-08-04,3550,D0_pca8,test,pca_only,8,20,log_euclidean,0.01,0.0001675221177990346,1907.8875016526913,7786.904480336532,89651.01314649671,44825.506573248356,43976.184538287256,6.928606670543745e-05,6.92854725519663e-05,5.1863659092916524e-08,3.6948420803814903,0.17403191702251275,0.251669676133673
2021-08-04,3550,rolling,test,pca_only,8,20,log_euclidean,0.01,8.443665325469951e-05,4222.9367412258825,616.1252779912496,2170.7220142835654,1085.3610071417838,626.769503562982,1.3038380489431904e-05,1.3037786335960762e-05,4.910316644922989e-07,3.1501653535018166,0.1252756601936295,0.14777653861914247
2021-08-04,3550,ewma,test,pca_only,8,20,log_euclidean,0.01,8.974635336431989e-05,4022.9330636647483,632.666491164137,2229.3354277997405,1114.667713899871,656.4117363821359,1.5194426993691475e-05,1.5193832840220333e-05,4.6453683610937833e-07,2.9514103508225205,0.1265070141279783,0.13551235828900654
2021-08-04,3550,ledoit_wolf,test,pca_only,8,20,log_euclidean,0.01,7.701457518006955e-05,6927.925699881881,433.2384400244755,337.8971629192421,168.94858145962084,-268.88917105455164,8.28731143332882e-06,8.286717279857678e-06,4.775240749372466e-06,2.0539495353075856,0.08668699458773936,0.06603061078325466
2021-08-04,3550,oas,test,pca_only,8,20,log_euclidean,0.01,7.73236508586683e-05,6817.266545860422,445.13139847037314,350.4154429877001,175.2077214938497,-262.842610762419,8.453408681706344e-06,8.452814528235202e-06,4.390482349388773e-06,2.130844609312814,0.09005862899611594,0.07083356550577409
2021-08-04,3550,shrink,test,pca_only,8,20,log_euclidean,0.01,7.882081626031883e-05,6913.216053102923,445.10327036243694,287.2244707490796,143.61223537453947,-294.83535471119075,4.039359502919803e-06,4.03876534944866e-06,4.203166437584144e-06,1.8439616996202328,0.1556467980777576,0.08166733547444145
2021-08-04,3550,persistence,test,pca_only,8,20,log_euclidean,0.01,0.0001278054868962771,2964.7327649881563,685.5697726399511,4030.039891833945,2015.0199459169748,1557.980916002093,6.9186342305834e-06,6.918040077112257e-06,1.0149816901555828e-07,1.366480281100356,0.041821392611413724,0.03078164458912418
2021-08-11,3555,D0_pca8,test,pca_only,8,20,log_euclidean,0.01,0.0001379868106094655,1871.0647070813277,7816.335757437205,77942.9860792508,38971.49303962539,37764.41052822169,9.559162653944741e-05,9.559082953744382e-05,6.940921357370788e-08,4.531618676089667,0.15429413512483656,0.31880692055747667
2021-08-11,3555,rolling,test,pca_only,8,20,log_euclidean,0.01,9.802741883271776e-05,4364.46233244271,734.0975555939881,2008.7478449847686,1004.373922492382,551.0040031148935,1.9135234630017237e-05,1.9134437628013645e-05,4.526886005074924e-07,2.9719809412434492,0.12810206033265933,0.1306332233424635
2021-08-11,3555,ewma,test,pca_only,8,20,log_euclidean,0.01,0.00011018701968457266,4151.950199718949,752.7219073874746,2029.7105426380353,1014.8552713190188,561.8741116584421,1.6247556749425644e-05,1.6246759747422052e-05,4.1632104201273173e-07,2.767809368629388,0.12114095396644661,0.11620403104602045
2021-08-11,3555,ledoit_wolf,test,pca_only,8,20,log_euclidean,0.01,8.031261141575043e-05,6961.145584499779,530.824883571791,338.652003633579,169.32600181678924,-271.5331786474286,1.0716931812500375e-05,1.0716134810496784e-05,4.587097973042589e-06,2.094931975644253,0.0914020852702822,0.06771182043144278
2021-08-11,3555,oas,test,pca_only,8,20,log_euclidean,0.01,8.137484471010122e-05,6879.273872732605,541.4045261314376,347.346680554767,173.67334027738315,-267.281806270713,1.0969231788575436e-05,1.0968434786571845e-05,4.286524369718926e-06,2.1457249316129636,0.09388357472439585,0.07098816432248692
2021-08-11,3555,shrink,test,pca_only,8,20,log_euclidean,0.01,7.498413117535343e-05,6963.324964957142,527.8648224143396,289.65884744824086,144.82942372412015,-297.01888573287476,5.18435884988044e-06,5.183561847876849e-06,3.806812603626656e-06,1.8392345017211567,0.16802074873230166,0.09722389521088493
2021-08-11,3555,persistence,test,pca_only,8,20,log_euclidean,0.01,0.00013899228092882588,3039.6010986506,741.2315384942757,3837.5041941191216,1918.7520970595651,1438.9412509325512,1.1694902549891158e-05,1.1694105547887567e-05,9.532128671028072e-08,1.3608686197519404,0.0305288740039917,0.02826380161905701
2021-08-18,3560,D0_pca8,test,pca_only,8,20,log_euclidean,0.01,0.00014654165001863089,1897.5733689678318,7807.035420532377,75832.44701972768,37916.223509863856,36899.22631520721,8.411064659111372e-05,8.411011857238934e-05,4.9830935255604686e-08,3.4548591198129324,0.14974591118678063,0.20953904846465204
2021-08-18,3560,rolling,test,pca_only,8,20,log_euclidean,0.01,0.00010223450943105296,4222.085959118141,788.9547828420292,2197.0772873041333,1098.5386436520698,663.4747673124897,3.1119524263639484e-05,3.1118996244915105e-05,4.4942000058465963e-07,2.985535015874484,0.12644356374113272,0.13891006941066977
2021-08-18,3560,ewma,test,pca_only,8,20,log_euclidean,0.01,0.00010379849623933833,4010.955613144919,724.159491574424,2227.060925705686,1113.530462852838,679.1246212048683,2.2310391577774713e-05,2.230986355905033e-05,3.8632159700969414e-07,2.736467241703593,0.10639796817916229,0.11019225892181285
2021-08-18,3560,ledoit_wolf,test,pca_only,8,20,log_euclidean,0.01,8.884730552031361e-05,6570.059768441295,597.5147691998758,381.87474224747564,190.93737112373773,-247.2622786074324,1.4467626426637839e-05,1.4467098407913456e-05,3.1489275005863385e-06,2.0952067371161904,0.08293514415495333,0.06734264586581262
2021-08-18,3560,oas,test,pca_only,8,20,log_euclidean,0.01,8.857829468213391e-05,6594.381074284684,593.937179478765,377.6093982395223,188.80469911976078,-249.4043518080815,1.4271109341902583e-05,1.42705813231782e-05,3.2154975885412813e-06,2.0801857531097054,0.08225035688740145,0.0664302279708961
2021-08-18,3560,shrink,test,pca_only,8,20,log_euclidean,0.01,7.868214253874596e-05,6831.049935792293,541.1901470978139,284.1604891677115,142.0802445838558,-298.27272742885566,4.002508564828884e-06,4.001980546104502e-06,3.0138107045377085e-06,1.7421332860829877,0.2615089526836618,0.12822116130891942
2021-08-18,3560,persistence,test,pca_only,8,20,log_euclidean,0.01,0.00010916483249983072,2934.1990789137817,739.3409244988262,4674.661450811336,2337.3307254056695,1892.4687399686277,7.345724290731123e-06,7.345196272006741e-06,8.994307034914636e-08,1.4301026995364623,0.03230446270085844,0.03219612746222774
2021-08-25,3565,D0_pca8,test,pca_only,8,20,log_euclidean,0.01,0.0001786850418622353,1893.9413252919805,6841.184739905226,50629.77992174313,25314.889960871576,24845.171185857937,5.3493145514570666e-05,5.3492491980090255e-05,7.87276801323152e-08,3.5824185656626093,0.13626947644396428,0.22623616919480435
2021-08-25,3565,rolling,test,pca_only,8,20,log_euclidean,0.01,7.376642277742868e-05,4266.510115844125,698.6160479221137,1995.7243292967983,997.8621646483961,580.6564043374372,1.9275204326304192e-05,1.927455079182378e-05,4.0384533296733594e-07,2.7811106102006846,0.097602626014846,0.12092898170062112
2021-08-25,3565,ewma,test,pca_only,8,20,log_euclidean,0.01,8.417415841998976e-05,4043.2928866847315,659.5681596145145,2041.4475840990822,1020.723792049543,601.0253429461203,1.5534794574677166e-05,1.5534141040196755e-05,3.6232681559444833e-07,2.536642378324447,0.09202781246336987,0.09801799798643372
2021-08-25,3565,ledoit_wolf,test,pca_only,8,20,log_euclidean,0.01,6.829397729754116e-05,6640.452773148309,517.9880455310049,367.6143014557751,183.80715072788712,-254.76221435825,1.1024454018012212e-05,1.10238004835318e-05,3.2220513308992948e-06,2.0872554450242142,0.07816877440791865,0.06800254702580737
2021-08-25,3565,oas,test,pca_only,8,20,log_euclidean,0.01,6.822389230069754e-05,6675.88503740984,514.7789978582714,362.1190858717064,181.05954293585305,-257.5996992188576,1.08544033355511e-05,1.0853749801070688e-05,3.325966663148785e-06,2.0662318879874992,0.07753816573909149,0.06676707239001577
2021-08-25,3565,shrink,test,pca_only,8,20,log_euclidean,0.01,7.080979086516034e-05,6820.7919528018265,557.5810370059494,293.32814677656916,146.66407338828432,-295.9956175307284,2.936771382046887e-06,2.9361178475664755e-06,2.4973630715242105e-06,1.680061409397819,0.3415463309135337,0.18705000042069037
2021-08-25,3565,persistence,test,pca_only,8,20,log_euclidean,0.01,0.00012029408733138237,3147.581089396601,711.8349519197403,3393.2995100238127,1696.6497550119066,1274.5480560780238,7.556535868218189e-06,7.5558823337377785e-06,1.1427794408592631e-07,1.4362024678700762,0.03523329194458546,0.032782419305185315
2021-09-01,3570,D0_pca8,test,pca_only,8,20,log_euclidean,0.01,0.0002077300267302674,1853.6986445026146,6737.64358870909,63187.44886702674,31593.72443351339,31686.738433843722,5.302348493861197e-05,5.302288180159431e-05,8.151469308747234e-08,3.957871154633888,0.18139305345122303,0.2909753671376988
2021-09-01,3570,rolling,test,pca_only,8,20,log_euclidean,0.01,7.585867316344917e-05,4136.992969939028,570.2976961098117,1947.9153597858442,973.9576798929219,560.2540525010958,8.693811185147961e-06,8.693208048130301e-06,2.1494417025924034e-07,2.078327652613043,0.0727808350350022,0.06761581513743593
2021-09-01,3570,ewma,test,pca_only,8,20,log_euclidean,0.01,9.213728004399914e-05,3956.562543404855,571.8876999241583,1956.1606412259125,978.0803206129517,562.4877764713916,9.354024876262004e-06,9.353421739244344e-06,2.2957186180080749e-07,1.9196200660907565,0.06307831440210107,0.06266358722419182
2021-09-01,3570,ledoit_wolf,test,pca_only,8,20,log_euclidean,0.01,7.82443612570017e-05,6668.91006113599,451.75037495373806,346.3163213053517,173.158160652675,-262.2993161283018,8.224705760820419e-06,8.224102623802759e-06,2.085586058044656e-06,1.639704588536491,0.048491449314849826,0.043624575599666864
2021-09-01,3570,oas,test,pca_only,8,20,log_euclidean,0.01,7.850966810281767e-05,6711.15974171349,451.4314375479251,340.9086284916308,170.4543142458153,-265.10185960076643,8.141299401192075e-06,8.140696264174415e-06,2.1697054654848107e-06,1.625206375086182,0.04806736959361223,0.04295154915259524
2021-09-01,3570,shrink,test,pca_only,8,20,log_euclidean,0.01,8.792992703995167e-05,6499.982007113891,526.870318829129,279.00221122275696,139.50110561137788,-303.14321360597535,2.81768294210914e-07,2.811651571932531e-07,5.348522521468964e-07,1.2709472838918643,0.19270586653171648,0.10684285337321149
2021-09-01,3570,persistence,test,pca_only,8,20,log_euclidean,0.01,0.00011679387226300043,3146.3108157847178,661.1247959759228,3765.266671544219,1882.633335772119,1447.6458405021701,1.1002297030794587e-05,1.1001693893776927e-05,9.707432218626542e-08,1.386400164352139,0.03666189577115387,0.02940141143199793
2021-09-09,3575,D0_pca8,test,pca_only,8,20,log_euclidean,0.01,0.00023979462869608715,1846.3835000446209,6289.826324808083,84877.23719668295,42438.61859834149,42583.942320149756,4.272336579986253e-05,4.272276286501219e-05,3.98764701843691e-08,3.643477030006586,0.13116042063358205,0.20921162329045415
2021-09-09,3575,rolling,test,pca_only,8,20,log_euclidean,0.01,8.428270230170617e-05,4129.002132351322,670.294676405685,1950.7223497516848,975.361174875839,521.6518785274252,2.9414712185684943e-06,2.940868283718154e-06,1.753905785283848e-07,1.569095026764768,0.06736439931380972,0.05522387874208295
2021-09-09,3575,ewma,test,pca_only,8,20,log_euclidean,0.01,0.00011035494342154312,3966.1553578972234,710.2159098395163,2056.5318686263977,1028.2659343131984,583.627144724532,2.6298394807022063e-06,2.6292365458518658e-06,1.82054169742845e-07,1.5933709957162971,0.06514182983720279,0.054620196449446
2021-09-09,3575,ledoit_wolf,test,pca_only,8,20,log_euclidean,0.01,9.075070252653468e-05,6706.233469957469,494.6368089343247,344.8686031802033,172.4343015901016,-263.78379623332955,5.697310326114481e-06,5.696707391264141e-06,1.8404272480047431e-06,1.4026471051824239,0.04917369625367489,0.038422195371449246
2021-09-09,3575,oas,test,pca_only,8,20,log_euclidean,0.01,9.115599977200946e-05,6744.057072636484,495.5800578233333,340.1684766600191,170.0842383300095,-266.0916705799763,5.749448567166978e-06,5.748845632316638e-06,1.9090448986283704e-06,1.397293475839129,0.04872697103784575,0.038011422301432535
2021-09-09,3575,shrink,test,pca_only,8,20,log_euclidean,0.01,0.00010408081901911756,6211.921285535569,627.2155018383497,268.68106719648404,134.34053359824193,-310.79714570209893,6.422450314610612e-08,6.362156829576569e-08,2.269444446572398e-07,1.1145208029540352,0.09314017427674728,0.06656657990515674
2021-09-09,3575,persistence,test,pca_only,8,20,log_euclidean,0.01,0.0001396194411257259,3158.153437951715,785.733135456728,4230.693890329131,2115.346945164576,1677.9519401842088,1.0137571777231949e-05,1.0136968842381609e-05,1.030071773247928e-07,1.4528046066937883,0.035458933840620016,0.03335686307672112
2021-09-16,3580,D0_pca8,test,pca_only,8,20,log_euclidean,0.01,0.00019308563778708515,1833.1141693956379,6277.021724358827,80198.5353089843,40099.26765449214,39161.92099518354,6.359679878370158e-05,6.359616439601386e-05,4.79340278174818e-08,3.448655635640679,0.1772613770629888,0.2167106075206363
2021-09-16,3580,rolling,test,pca_only,8,20,log_euclidean,0.01,7.919361933458444e-05,4114.7557150847315,464.92541884961975,1961.7152734804827,980.857636740245,528.485211237097,1.0588510113905281e-06,1.0582166237028014e-06,1.5608189974836445e-07,1.3694655643571123,0.04947074800519178,0.04845346882565588
2021-09-16,3580,ewma,test,pca_only,8,20,log_euclidean,0.01,9.789838007516641e-05,3910.2689216799636,570.210256188709,2030.1859846060756,1015.0929923030392,566.0774157246469,1.281800246208793e-06,1.2811658585210662e-06,1.4692426454298523e-07,1.384903890339976,0.04837134220958145,0.04706309816149749
2021-09-16,3580,ledoit_wolf,test,pca_only,8,20,log_euclidean,0.01,7.835435091996433e-05,6740.265572498489,474.6235027157562,343.3268812962209,171.66344064811148,-266.97363306565234,2.7279190368220825e-06,2.7272846491343558e-06,1.77795875120846e-06,1.296406412370438,0.04288807265973002,0.03846672193107785
2021-09-16,3580,oas,test,pca_only,8,20,log_euclidean,0.01,7.855024977014865e-05,6801.60253975417,476.87656452495,336.25822158320307,168.12911079160165,-270.4243077438471,2.8641721040833875e-06,2.8635377163956607e-06,1.8945794608339337e-06,1.2922737208091926,0.04251032582119786,0.03794318742326703
2021-09-16,3580,shrink,test,pca_only,8,20,log_euclidean,0.01,8.583706772652034e-05,5834.3349502814945,512.4982432544399,263.3215854028896,131.66079270144473,-315.13671396661914,1.8530208959119677e-08,1.7895821271392942e-08,1.7184157850214007e-07,1.0165889409904576,0.05446611210279908,0.05343267230165479
2021-09-16,3580,persistence,test,pca_only,8,20,log_euclidean,0.01,0.0001356955518046207,3131.8398428884993,770.2431547767967,4288.983768493581,2144.4918842467823,1695.5365342770806,1.702128581887238e-05,1.7020651431184653e-05,9.031696156986072e-08,1.3765039028491934,0.03417481608126843,0.02845420049846039
2021-09-23,3585,D0_pca8,test,pca_only,8,20,log_euclidean,0.01,9.43150179461294e-05,1879.537233994904,7231.111642602347,71128.92430808212,35564.462154041066,34688.782387268744,3.7409431732085256e-05,3.740897302292607e-05,5.9221565156330045e-08,3.9040933088145886,0.12635216321340692,0.2362167952341789
2021-09-23,3585,rolling,test,pca_only,8,20,log_euclidean,0.01,9.150894942125629e-05,4091.1272036404616,474.0378798081932,1573.231293156124,786.6156465780646,324.9163577457804,1.3211662065036282e-06,1.3207074973444429e-06,1.550193641817814e-07,1.4150285669837248,0.04822369135491831,0.04752596378441934
2021-09-23,3585,ewma,test,pca_only,8,20,log_euclidean,0.01,0.00010924451580775365,3920.136073036437,521.9842306994939,1695.8252924534409,847.9126462267193,390.0881033206365,1.5561269225293639e-06,1.5556682133701786e-06,1.4988674121089004e-07,1.407417737942068,0.04742833189151106,0.046282025122386494
2021-09-23,3585,ledoit_wolf,test,pca_only,8,20,log_euclidean,0.01,7.189971628893902e-05,6844.666576405525,431.13573490158177,322.4447296966888,161.2223648483445,-283.6089626711347,2.4014145715183838e-06,2.4009558623591985e-06,1.930380922516182e-06,1.3192741773394745,0.04230345790886705,0.03801475353080463
2021-09-23,3585,oas,test,pca_only,8,20,log_euclidean,0.01,7.143522915776115e-05,6873.917956784948,430.5513170898273,320.38423649426966,160.19211824713472,-284.6050268625539,2.4479320001192135e-06,2.447473290960028e-06,1.9890413790362486e-06,1.3166310486248116,0.0421307517986039,0.03776237551349938
2021-09-23,3585,shrink,test,pca_only,8,20,log_euclidean,0.01,6.33729700208971e-05,5869.372809244878,410.5454031279588,255.59907314985185,127.79953657492618,-324.36522275139816,1.2763363003847594e-08,1.230465384466221e-08,1.752672170652885e-07,1.0167842536511715,0.05452181995845504,0.05353738646709952
2021-09-23,3585,persistence,test,pca_only,8,20,log_euclidean,0.01,0.00013572927015383703,3046.5729119016146,654.0765003060579,3898.6368737608263,1949.3184368804248,1502.6572806020756,8.069609352238628e-06,8.069150643079444e-06,1.003956563032241e-07,1.4459010434837285,0.03956319869864204,0.03280378136976742
2021-09-30,3590,D0_pca8,test,pca_only,8,20,log_euclidean,0.01,5.970475145080101e-05,1918.1626228781004,7216.491882855043,102573.18354445095,51286.59177222547,49760.65536716637,5.382186424917944e-05,5.3821404466066086e-05,3.491309099761354e-08,3.963236817877551,0.10996602802664363,0.23291937875944346
2021-09-30,3590,rolling,test,pca_only,8,20,log_euclidean,0.01,8.496991323098249e-05,4114.8582991127,532.0148413628451,1770.786671214213,885.3933356071124,417.02525405557225,1.752805937114684e-06,1.7523461540013286e-06,1.4257407426353606e-07,1.4406767752821963,0.0463943012408218,0.04582168789576009
2021-09-30,3590,ewma,test,pca_only,8,20,log_euclidean,0.01,0.00011496986015294239,3941.975746899141,607.2859431595157,1876.555453388881,938.2777266944456,468.2816877830779,1.9013355058962808e-06,1.9008757227829254e-06,1.4233878532256026e-07,1.4187817567226833,0.04588080565017307,0.04484310257577435
2021-09-30,3590,ledoit_wolf,test,pca_only,8,20,log_euclidean,0.01,6.178882240182042e-05,6890.790931296787,459.19504853045873,337.1554366423698,168.5777183211851,-280.6105070871187,3.033213326580696e-06,3.032753543467341e-06,1.9521321496294293e-06,1.3296407575852485,0.04084127834565013,0.03674041571960619
2021-09-30,3590,oas,test,pca_only,8,20,log_euclidean,0.01,6.134489152647633e-05,6913.1180766347325,458.05835654260864,335.46603388801935,167.73301694400936,-281.41451378955054,3.0681150349039667e-06,3.0676552517906115e-06,1.9973224202273516e-06,1.3276402979597595,0.04071312006585885,0.036548452482971894
2021-09-30,3590,shrink,test,pca_only,8,20,log_euclidean,0.01,5.266820015955635e-05,5836.183376547184,427.119565381605,277.6690068062771,138.83450340313834,-316.97916805062675,1.0454138265558163e-08,9.994355152202843e-09,1.677847199397775e-07,1.0165487473368264,0.0545971676086397,0.05367713662130294
2021-09-30,3590,persistence,test,pca_only,8,20,log_euclidean,0.01,0.00015557892616874133,3099.6773477655233,798.94051617576,3745.3952701225535,1872.6976350612695,1382.2906312226307,5.631629917028011e-06,5.631170133914655e-06,1.0256814791826884e-07,1.4039543605680067,0.03866537331495962,0.031514498835503245
2021-10-07,3595,D0_pca8,test,pca_only,8,20,log_euclidean,0.01,6.971416329772342e-05,1969.8990625413735,7828.937757861922,83146.70255639913,41573.35127819957,40945.60135815058,6.022437249756906e-05,6.0223918840381435e-05,6.68541437246232e-08,4.2349927283329984,0.1442188992624723,0.2805942302421303
2021-10-07,3595,rolling,test,pca_only,8,20,log_euclidean,0.01,0.00010110279652513073,4213.581624209433,614.9375482707114,1912.6076852992614,956.3038426496296,504.9746294170853,9.28232990818561e-07,9.277793336309335e-07,1.5848487960453206e-07,1.4314721132594386,0.04849155647303743,0.04796899867130904
2021-10-07,3595,ewma,test,pca_only,8,20,log_euclidean,0.01,0.00013671336844409148,4050.9612830608694,736.8614651393943,1943.5419064623784,971.7709532311928,518.6558672915253,9.570183576952672e-07,9.565647005076397e-07,1.6237995479926338e-07,1.405809684360243,0.04796056297933227,0.04688209610707029
2021-10-07,3595,ledoit_wolf,test,pca_only,8,20,log_euclidean,0.01,7.376436383520736e-05,7090.816351825391,500.244357180208,337.49300784189063,168.74650392094566,-275.14222810136783,1.6046257013710684e-06,1.604172044183441e-06,2.3664932229030154e-06,1.3241105846826695,0.042073963663050405,0.037377618936556625
2021-10-07,3595,oas,test,pca_only,8,20,log_euclidean,0.01,7.439109369780147e-05,7063.01526262471,502.6114557390276,339.57767522133594,169.78883761066774,-274.12015357847497,1.5740899818791902e-06,1.5736363246915627e-06,2.301818412602519e-06,1.3268759604832918,0.042253849181996504,0.03764228102741952
2021-10-07,3595,shrink,test,pca_only,8,20,log_euclidean,0.01,6.51507120701684e-05,5926.104415331729,465.36969367047953,280.57872851260856,140.2893642563044,-310.95462222302655,6.1191108299489184e-09,5.665453642321393e-09,1.7864139223219903e-07,1.0163054968293903,0.05465800224350145,0.05379625527245162
2021-10-07,3595,persistence,test,pca_only,8,20,log_euclidean,0.01,0.0001858194189746822,3207.437686227192,950.6945398503772,4072.064888098713,2036.03244404937,1557.7549043239292,7.664011526702383e-06,7.663557869514755e-06,1.1110226454405157e-07,1.361941217042593,0.03742780277113615,0.03270483798163167
2021-10-14,3600,D0_pca8,test,pca_only,8,20,log_euclidean,0.01,9.746794758528917e-05,1996.35076288852,8035.092889482918,109413.32540436948,54706.662702184745,53381.62510558573,8.228372438720491e-05,8.228341153503463e-05,5.0942147514183196e-08,3.833551859509983,0.18028813030476692,0.24682870193976902
2021-10-14,3600,rolling,test,pca_only,8,20,log_euclidean,0.01,9.062789009923076e-05,4225.87490075101,578.388237372325,2321.0376334681014,1160.518816734052,691.4562662879172,1.1709194706705496e-06,1.1706066185002781e-06,1.55181418556771e-07,1.4150963310046185,0.04902704748085456,0.0484223164108492
2021-10-14,3600,ewma,test,pca_only,8,20,log_euclidean,0.01,9.35837166426616e-05,4057.0503290067845,648.5984547094463,2519.9443811455803,1259.9721905727902,790.0416706140448,1.216794304213775e-06,1.2164814520435036e-06,1.4592141859240527e-07,1.3788620005204806,0.04831586652499095,0.04694631787610531
2021-10-14,3600,ledoit_wolf,test,pca_only,8,20,log_euclidean,0.01,7.133259996104397e-05,7016.749974013569,451.8893391555056,356.7715543491622,178.38577717458134,-261.2245437187122,1.5382361152933019e-06,1.5379232631230304e-06,2.260471388456705e-06,1.3271805785522113,0.04264399701687684,0.03812522731043073
2021-10-14,3600,oas,test,pca_only,8,20,log_euclidean,0.01,7.176261758852076e-05,6988.021542694415,454.59101395923363,359.9932015673446,179.99660078367222,-259.6812355830819,1.5224268808207247e-06,1.5221140286504532e-06,2.195367400954826e-06,1.329650557611667,0.04282390152953831,0.038388204085570234
2021-10-14,3600,shrink,test,pca_only,8,20,log_euclidean,0.01,6.58999182236392e-05,5865.923563392887,434.115084284413,293.66925165621103,146.83462582810546,-301.04047190802106,5.767252014413647e-09,5.454399844142181e-09,1.730660989957905e-07,1.017248138524271,0.054676890912036674,0.053834484612046256
2021-10-14,3600,persistence,test,pca_only,8,20,log_euclidean,0.01,0.0001494580905466486,3253.4869570844335,924.9078211175471,4948.355936926045,2474.1779684630123,1993.374369673722,5.301505229421524e-06,5.301192377251252e-06,1.1538776431672135e-07,1.471986138455974,0.03535509499545459,0.035269668362278225
2021-10-21,3605,D0_pca8,test,pca_only,8,20,log_euclidean,0.01,0.00012972335023111333,1991.76615973267,7590.94039631725,129451.99558885851,64725.99779442925,64189.88318391035,5.833217181686294e-05,5.833168133455086e-05,4.63990259784224e-08,3.9530729641985696,0.149015811094359,0.28084413017736
2021-10-21,3605,rolling,test,pca_only,8,20,log_euclidean,0.01,9.413463139499859e-05,4196.355494570645,604.8167857890769,2484.934158148563,1242.4670790742812,781.067356574792,2.2311328456302875e-06,2.230642363318208e-06,1.4195571600924503e-07,1.4461304465427707,0.04713273348391663,0.046605011324814434
2021-10-21,3605,ewma,test,pca_only,8,20,log_euclidean,0.01,9.279489652548557e-05,4012.39041040929,636.5107512543684,2734.5718666377425,1367.2859333188624,903.6523376246769,1.8792795761517866e-06,1.878789093839707e-06,1.3184881857393524e-07,1.409543705484689,0.04709309977367292,0.045911862845860456
2021-10-21,3605,ledoit_wolf,test,pca_only,8,20,log_euclidean,0.01,8.228448544145763e-05,7003.27756841816,466.3329992564887,356.9377563987092,178.4688781993551,-256.1288442037851,2.447567823461173e-06,2.4470773411490936e-06,2.231497303395473e-06,1.3500975036237854,0.041493668082689616,0.03760924145708287
2021-10-21,3605,oas,test,pca_only,8,20,log_euclidean,0.01,8.267087836033082e-05,6952.424866687403,471.5376710986984,362.91117190992827,181.4555859549644,-253.24351281004124,2.415844517077579e-06,2.4153540347654998e-06,2.1172726330396206e-06,1.3544118826942944,0.0417680869273483,0.03801223959881094
2021-10-21,3605,shrink,test,pca_only,8,20,log_euclidean,0.01,7.942454375508526e-05,5827.141774040198,452.8978385190668,292.568814296729,146.28440714836444,-298.41135209838063,5.896851365041633e-09,5.406369052962104e-09,1.648167208600121e-07,1.0167959002257967,0.05472251762067477,0.053922245410200374
2021-10-21,3605,persistence,test,pca_only,8,20,log_euclidean,0.01,0.00011907137902196388,3305.7861140425357,775.1528315460876,6410.129912451036,3205.0649562255244,2730.380950831301,1.0955793362595184e-05,1.0955302880283104e-05,8.222283305912783e-08,1.375477712895086,0.03281939667092563,0.029659838131847006
2021-10-28,3610,D0_pca8,test,pca_only,8,20,log_euclidean,0.01,0.0005007742247457147,1999.7972057443621,6881.656249953072,247991.22805147755,123995.61402573877,120995.14546634405,5.372020314402247e-05,5.371931327317425e-05,3.363487617862748e-08,4.058103650958037,0.13905354716866974,0.2694902605394753
2021-10-28,3610,rolling,test,pca_only,8,20,log_euclidean,0.01,0.00028527356619213024,4128.87324693891,452.52854232176946,2990.129266878917,1495.064633439456,1024.3489491519153,1.6468793308077199e-06,1.645989459959504e-06,1.41672486071998e-07,1.4641727408156087,0.04699226333452907,0.046312370853117346
2021-10-28,3610,ewma,test,pca_only,8,20,log_euclidean,0.01,0.00034095507987336854,3987.527742322782,531.1633974935468,3417.435567955337,1708.7177839776652,1234.8856904585477,1.8516299529536943e-06,1.8507400821054785e-06,1.2648445172502855e-07,1.4591619916249365,0.04633516701516188,0.045259447335792034
2021-10-28,3610,ledoit_wolf,test,pca_only,8,20,log_euclidean,0.01,0.00031220358655928947,7099.198212452358,420.2567499326746,354.04745195964114,177.02372597982094,-237.2233054976331,4.0948833191474326e-06,4.093993448299217e-06,2.41217153489091e-06,1.3632057158757682,0.04029783392822374,0.03617060312900681
2021-10-28,3610,oas,test,pca_only,8,20,log_euclidean,0.01,0.00030974992132097107,7020.482576447472,419.95987078141803,364.76169908332054,182.38084954166058,-232.1381144152033,3.925155760633226e-06,3.924265889785011e-06,2.2293843357308893e-06,1.3713662165390652,0.04074809013617473,0.036799310981770986
2021-10-28,3610,shrink,test,pca_only,8,20,log_euclidean,0.01,0.00031633514935633774,5829.14669925567,424.86328015262933,287.72599808436706,143.86299904218342,-286.4396176255878,1.1582958440204459e-08,1.0693087591988698e-08,1.6484715158145102e-07,1.0171323828047654,0.05467905155820101,0.053837752404546885
2021-10-28,3610,persistence,test,pca_only,8,20,log_euclidean,0.01,0.0004034019116546346,3368.8291521736883,713.6998259531321,11339.1656770019,5669.582838500961,5117.860580978173,1.2233506263619717e-05,1.2232616392771501e-05,7.591329732774834e-08,1.3964522796497507,0.034648690997070755,0.030272136761832196
2021-11-04,3615,D0_pca8,test,pca_only,8,20,log_euclidean,0.01,0.0006384428133229972,1986.7951216774368,5759.634872039181,280603.7066424131,140301.85332120658,138091.4684181358,7.233812916806265e-05,7.233688664351198e-05,3.00150402778196e-08,3.798205857497851,0.14382250312589906,0.24950438946856793
2021-11-04,3615,rolling,test,pca_only,8,20,log_euclidean,0.01,0.00038386010864007434,4150.956299959569,507.97456041702543,3073.809829413554,1536.904914706778,1066.0648317186779,1.7720946966925701e-06,1.7708521721418954e-06,1.3996280089071251e-07,1.4467830884195367,0.04572842270919229,0.045180217389291455
2021-11-04,3615,ewma,test,pca_only,8,20,log_euclidean,0.01,0.00043609666127871524,3996.938590567217,673.4513179406699,3056.697021300093,1528.34851065005,1057.631938375298,1.7967823656625485e-06,1.7955398411118738e-06,1.4237262074075535e-07,1.4354769191721926,0.045325095061733094,0.04445299748757087
2021-11-04,3615,ledoit_wolf,test,pca_only,8,20,log_euclidean,0.01,0.000421493651413261,7166.793816401077,567.6329438706387,358.265204958496,179.13260247924796,-232.42147401125945,6.010908245573429e-06,6.0096657210227546e-06,2.462127026101923e-06,1.345201933586283,0.03936009119992814,0.03523979679340559
2021-11-04,3615,oas,test,pca_only,8,20,log_euclidean,0.01,0.0004187926441781915,7102.912347765987,562.1276784021707,366.9159203562672,183.45796017813322,-228.34835622150254,5.664986864634848e-06,5.663744340084174e-06,2.3108876121714976e-06,1.351190841619035,0.03972827418412743,0.03575690095611521
2021-11-04,3615,shrink,test,pca_only,8,20,log_euclidean,0.01,0.0004287453730116594,5890.900035969184,572.4607187427061,295.1978435119106,147.59892175595513,-280.57143584986386,1.953669740349583e-08,1.8294172852821134e-08,1.671680766012759e-07,1.0168085990914657,0.05461608459545266,0.05371575849843822
2021-11-04,3615,persistence,test,pca_only,8,20,log_euclidean,0.01,0.000516996066608418,3399.5519580586,902.516094304049,11694.20798818805,5847.103994094031,5323.561223403864,2.759738740526083e-05,2.7596144880710153e-05,7.614323040259846e-08,1.365026178142439,0.028387382354060416,0.028002914921157272
2021-11-11,3620,D0_pca8,test,pca_only,8,20,log_euclidean,0.01,0.0006596829327656529,1956.5251496830492,5717.34143102207,158541.4435266281,79270.72176331404,77526.37085470691,8.826542948639398e-05,8.826409029270819e-05,7.408093193403866e-08,4.388816911861944,0.13255348068762646,0.30439846246059854
2021-11-11,3620,rolling,test,pca_only,8,20,log_euclidean,0.01,0.0004272617930810137,4216.321181480241,611.139380855142,3606.2025626308955,1803.1012813154452,1332.186910861502,2.7639831788732286e-06,2.7626439851874334e-06,1.3932655218737833e-07,1.4453874374963018,0.045317862666779916,0.04476539110682738
2021-11-11,3620,ewma,test,pca_only,8,20,log_euclidean,0.01,0.0004563803026100766,4048.0545275162212,805.1779243041569,3621.997543625552,1810.9987718127745,1347.4220768209987,3.0788747232918712e-06,3.077535529606076e-06,1.4544048218338333e-07,1.434254182370124,0.04474548070027094,0.04371957160993102
2021-11-11,3620,ledoit_wolf,test,pca_only,8,20,log_euclidean,0.01,0.00046969528255038815,7252.461618478479,706.651533644674,383.7376477253546,191.86882386267703,-219.9366834445225,7.197938359531137e-06,7.1965991658453415e-06,2.5922400698638448e-06,1.356662854047495,0.03866715834181146,0.034506018676947046
2021-11-11,3620,oas,test,pca_only,8,20,log_euclidean,0.01,0.00046609445578547784,7176.344079150689,697.5479938439869,395.8075703980096,197.90378519900437,-214.16487833303046,6.765969290514199e-06,6.764630096828404e-06,2.4047292423077826e-06,1.3638673787373468,0.039115298269248706,0.03513280088021372
2021-11-11,3620,shrink,test,pca_only,8,20,log_euclidean,0.01,0.0004775579556218564,5932.946178443712,708.7395101933859,302.55689335079364,151.27844667539696,-277.37847972592874,2.478373570898744e-08,2.344454202319205e-08,1.6776719832189777e-07,1.0173319418054112,0.05456766243735709,0.05362309883438973
2021-11-11,3620,persistence,test,pca_only,8,20,log_euclidean,0.01,0.0005269061309016896,3325.17600397131,1087.5007612016739,9562.886236616901,4781.443118308469,4281.830901585892,3.278544849305404e-05,3.2784109299368245e-05,6.916291636672486e-08,1.259276199773717,0.030367667505619256,0.022592030242158626
2021-11-18,3625,D0_pca8,test,pca_only,8,20,log_euclidean,0.01,0.0006757478631804219,1970.5478619103924,5888.591695329576,146100.78423789117,73050.39211894559,70058.81909331909,9.239090711427242e-05,9.238968321112808e-05,4.710629107329859e-08,3.5970699108863413,0.12539670406876452,0.20183425822430695
2021-11-18,3625,rolling,test,pca_only,8,20,log_euclidean,0.01,0.00044168675492490996,4289.566425009743,576.873118167819,4230.758536462549,2115.379268231267,1625.6966364437017,3.6573602948079547e-06,3.656136391663607e-06,1.3392119007363316e-07,1.4642240508752578,0.044548354443331925,0.04401031432696652
2021-11-18,3625,ewma,test,pca_only,8,20,log_euclidean,0.01,0.0004930266426595514,4115.222754996671,784.7873102755541,4551.6277241644475,2275.8138620822137,1787.5989467425054,4.004923772975373e-06,4.0036998698310254e-06,1.2838582636187312e-07,1.4566895295851128,0.04442627098337658,0.04346868687746304
2021-11-18,3625,ledoit_wolf,test,pca_only,8,20,log_euclidean,0.01,0.0004865425770884353,7230.829046494885,666.0969472751582,411.4753363802632,205.73766819013116,-206.76074837180778,8.801009275213968e-06,8.799785372069621e-06,2.4998188476234383e-06,1.331354702125209,0.03800564258417364,0.03377567824769807
2021-11-18,3625,oas,test,pca_only,8,20,log_euclidean,0.01,0.0004819798691230034,7138.726226766898,655.5900714411922,429.9695775426861,214.98478877134295,-197.95067659132104,8.20050646845158e-06,8.199282565307233e-06,2.2815708952058102e-06,1.3417392376874029,0.03855855713955293,0.03455075588651972
2021-11-18,3625,shrink,test,pca_only,8,20,log_euclidean,0.01,0.0004961684137515529,5921.790872545449,671.3935396181785,330.48117638611245,165.24058819305617,-263.92455555478904,3.131903818583018e-08,3.0095135041482756e-08,1.63752402327584e-07,1.0167719971902287,0.054470341970974424,0.05343750548870048
2021-11-18,3625,persistence,test,pca_only,8,20,log_euclidean,0.01,0.000539875622709231,3305.0661183758266,1037.656380995794,8381.082293829608,4190.541146914822,3645.7147881579467,3.319098972027557e-05,3.3189765817131223e-05,8.298367916659965e-08,1.3054446479639943,0.026480026452827977,0.024529511184189137
2021-11-26,3630,D0_pca8,test,pca_only,8,20,log_euclidean,0.01,0.0004771851675172079,1907.3407625837115,5609.018221712676,104604.64298868667,52302.321494343334,50123.89364329599,6.359499572587565e-05,6.359416774919556e-05,4.057155978919252e-08,3.3735788435459804,0.1177927881605306,0.19470081000445177
2021-11-26,3630,rolling,test,pca_only,8,20,log_euclidean,0.01,0.0002965407634469167,4224.505259984248,726.4513115793723,1796.7420992102768,898.371049605134,442.91256407626815,2.8296997667192982e-06,2.828871790039202e-06,1.637243899660066e-07,1.4571531804950113,0.04445674858313371,0.043839825565409885
2021-11-26,3630,ewma,test,pca_only,8,20,log_euclidean,0.01,0.0005866935482387956,4059.379249184802,1048.5957202216423,1545.5840396031688,772.792019801588,322.42149090959,3.031245065681585e-06,3.030417089001489e-06,2.1030456339443765e-07,1.419526467446749,0.043392419385864994,0.042006737170607766
2021-11-26,3630,ledoit_wolf,test,pca_only,8,20,log_euclidean,0.01,0.0003443376904515183,7945.401047304838,941.3272700251646,290.4558117397047,145.22790586985226,-278.3083605753959,1.3564039950919704e-05,1.3563211974239609e-05,4.397037532591911e-06,1.245049450216359,0.033298601909390386,0.027755824239935056
2021-11-26,3630,oas,test,pca_only,8,20,log_euclidean,0.01,0.0003209030836500554,7430.647714974939,843.9946955459891,301.6097082108591,150.80485410542937,-273.54738805079944,8.745471362810795e-06,8.7446433861307e-06,2.870295532541857e-06,1.311839466609195,0.03713008770954136,0.032526729949699386
2021-11-26,3630,shrink,test,pca_only,8,20,log_euclidean,0.01,0.0003357182625897438,6014.827655345613,858.0014865301316,266.2250138568237,133.11250692841156,-301.7176978566007,3.841249475265068e-08,3.7584518072554646e-08,1.9993559610725244e-07,1.0179488909616572,0.054288116006209426,0.05308971679982573
2021-11-26,3630,persistence,test,pca_only,8,20,log_euclidean,0.01,0.0004158893920364232,3164.3930648941046,865.3917525999357,2883.4493776388194,1441.724688819399,966.8330526044887,2.5730883249759704e-05,2.5730055273079607e-05,1.434133859825117e-07,1.313323502611003,0.0350650207300095,0.025801593425448254
