date,raw_anchor,method,split,embedder,pca_k,k_neighbors,aggregation,eta,raw_frob,raw_logeuc,raw_corr_frob,cond_stein,cond_kl,nll,gmvp_var,var_regret,pred_var,leverage_l1,max_abs_w,hhi
2013-01-04,1390,similarity,select,hybrid,5,20,log_euclidean,0.01,0.00013184608669146916,2140.4174502506676,5570.203947054193,53422.54562081651,26711.272810408245,25922.703978347858,3.8238215712518115e-05,3.823578752765569e-05,2.8660415899761334e-08,2.320169401442375,0.08950511764519112,0.08376041213457433
2013-01-04,1390,rolling,select,hybrid,5,20,log_euclidean,0.01,157.60244604751983,5141.846753289603,1017.0580494276583,424.94969457723914,212.47484728862995,-223.65577949410832,3.093981002637384e-05,3.093738184151142e-05,5.463334462268999e-05,1.2580308614710567,0.04337219450684788,0.02373513798693967
2013-01-04,1390,ewma,select,hybrid,5,20,log_euclidean,0.01,757.5690541562236,4957.244616666765,1345.7847689625976,489.44308475024957,244.72154237512115,-191.31354721546745,2.9770519887625508e-05,2.9768091702763086e-05,8.164345449324419e-05,1.0493084151962866,0.0303357221497004,0.016037404603348956
2013-01-04,1390,ledoit_wolf,select,hybrid,5,20,log_euclidean,0.01,41.21827647607785,20228.095893001497,784.2306215019028,779.8513085165956,389.9256542582976,-46.08270867197727,2.680553932123459e-05,2.6803111136372167e-05,0.0006675368815607304,1.0005829277280731,0.011419811548814142,0.010423155178882901
2013-01-04,1390,oas,select,hybrid,5,20,log_euclidean,0.01,139.68615513740002,14331.018314550627,752.9745369224304,543.7015306947906,271.8507653473927,-164.18097289638916,2.684210646778842e-05,2.6839678282926e-05,0.0001186113487634697,1.0151115692932167,0.02417339574099262,0.012531879520258842
2013-01-04,1390,shrink,select,hybrid,5,20,log_euclidean,0.01,97.31574004861395,8489.410104263698,695.1232307638492,444.10296357600623,222.05148178800292,-214.08043963788958,2.8472714628221285e-05,2.8470286443358863e-05,4.525797090186565e-05,1.1304163836699705,0.03592928617497886,0.01863998345575501
2013-01-04,1390,persistence,select,hybrid,5,20,log_euclidean,0.01,1048.185659849201,3866.664012765962,1499.1978287147608,503.6512443356801,251.8256221678493,-184.20554311627532,2.7722124097121966e-05,2.7719695912259544e-05,7.461318299805089e-05,1.0243382934924339,0.024342740715824377,0.013311026691960676
2013-01-11,1395,similarity,select,hybrid,5,20,log_euclidean,0.01,0.00014337505649781608,1994.2530696058427,6204.507016023561,66873.4728274964,33436.736413748215,32576.57771941782,2.7287021180218222e-05,2.7284717869103847e-05,2.5144628025146534e-08,2.368574092803559,0.09759275417634285,0.08908982071636327
2013-01-11,1395,rolling,select,hybrid,5,20,log_euclidean,0.01,157.60231720932418,5102.6128638146065,961.9062294295677,420.8023367399926,210.4011683700062,-223.03731983223943,3.194281749105047e-05,3.19405141799361e-05,5.127742966219435e-05,1.1978997276422187,0.040718287806856976,0.021807412866107913
2013-01-11,1395,ewma,select,hybrid,5,20,log_euclidean,0.01,408.03826138970095,4900.6917994458345,1119.2875593177475,458.0407254821655,229.02036274107547,-204.34003807282915,2.738497336316912e-05,2.7382670052054744e-05,6.314139412704529e-05,1.0763112163390116,0.031203000497235497,0.01676931291857105
2013-01-11,1395,ledoit_wolf,select,hybrid,5,20,log_euclidean,0.01,41.21677724370422,20218.648835403492,787.3241344300695,774.5103491408723,387.2551745704361,-46.09071676632353,3.0210895603658903e-05,3.0208592292544528e-05,0.0006630443560621216,1.0005906033554604,0.011463977852844823,0.010422049549035955
2013-01-11,1395,oas,select,hybrid,5,20,log_euclidean,0.01,139.68891457817298,14319.14855559451,758.161427622048,538.3555689474155,269.17778447370796,-164.18140493004324,2.901569364307165e-05,2.9013390331957276e-05,0.00011255919562418366,1.0092814684363396,0.022951670615739467,0.0122003480481692
2013-01-11,1395,shrink,select,hybrid,5,20,log_euclidean,0.01,97.31570307103419,8413.67466181689,672.7724796653486,440.06756189633006,220.03378094816475,-213.39095890078002,3.0352034301233962e-05,3.0349730990119588e-05,4.2333555357418164e-05,1.0710459760075648,0.03361614620238361,0.01722146927696221
2013-01-11,1395,persistence,select,hybrid,5,20,log_euclidean,0.01,1048.1853082253238,3845.797508640663,1433.758737476338,498.82354472033705,249.4117723601736,-183.94040040422254,2.827326150955352e-05,2.8270958198439144e-05,7.791992365380306e-05,1.0250580058726726,0.0240404240427188,0.013353680131857098
2013-01-18,1400,similarity,select,hybrid,5,20,log_euclidean,0.01,0.00019797356515541926,2043.5075489896515,6199.496624871337,104042.4560194318,52021.22800971591,50186.08369509932,1.848836690209024e-05,1.8486256165525087e-05,2.1498879983828858e-08,2.4383129602053044,0.10675480068977987,0.09485711207387346
2013-01-18,1400,rolling,select,hybrid,5,20,log_euclidean,0.01,157.60167732495023,5010.874010994139,950.7702562722116,411.410290615851,205.70514530793594,-221.0732587584379,3.5604454185053824e-05,3.560234344848867e-05,5.0132675281143375e-05,1.1856797920084718,0.03982968664469581,0.021394458719708232
2013-01-18,1400,ewma,select,hybrid,5,20,log_euclidean,0.01,219.7746405953763,4800.733787396697,996.8521864897074,423.05210939717256,211.52605469859253,-215.2383274550159,2.5832441164718685e-05,2.5830330428153533e-05,4.8525724422842555e-05,1.0930941241203573,0.03266665142188312,0.017178628159829804
2013-01-18,1400,ledoit_wolf,select,hybrid,5,20,log_euclidean,0.01,41.21567762092627,20203.38636794321,728.6212014316598,761.2692049617451,380.63460248087256,-46.09896486970386,2.9449617431480945e-05,2.9447506694915793e-05,0.0006600983046674846,1.0005928149768324,0.011027743005491362,0.01041996040351245
2013-01-18,1400,oas,select,hybrid,5,20,log_euclidean,0.01,139.69414784340847,14298.80345812388,703.3196929069604,525.3721586707921,262.6860793353972,-164.05946400360529,2.7562560461929726e-05,2.7560449725364574e-05,0.0001103236049137596,1.008367745535469,0.022519167315826177,0.011890507676139132
2013-01-18,1400,shrink,select,hybrid,5,20,log_euclidean,0.01,97.31513707821782,8258.70604246664,646.2229365714934,430.8204760637773,215.41023803188864,-211.35107846735656,3.2084009928179426e-05,3.2081899191614275e-05,4.077371934742941e-05,1.0622642286569637,0.032394126562174046,0.016805453962101598
2013-01-18,1400,persistence,select,hybrid,5,20,log_euclidean,0.01,1048.18176798803,3844.967562214905,1332.526925408517,487.07584278802835,243.53792139401193,-183.2053531501012,2.6377520748781453e-05,2.63754100122163e-05,6.540213665879078e-05,1.0208178089365034,0.02184805895571465,0.01251413976603523
2013-01-28,1405,similarity,select,hybrid,5,20,log_euclidean,0.01,0.00014098647420311306,2224.148785988419,3279.662148042453,56048.71544016148,28024.357720080734,26786.69232806022,3.630136761796662e-05,3.6299889620681584e-05,2.836074718409749e-08,2.1873377149584097,0.0792000647940221,0.07486252543812515
2013-01-28,1405,rolling,select,hybrid,5,20,log_euclidean,0.01,157.59890923645912,5088.667670423963,769.2229758764495,417.0628622276877,208.53143111386294,-223.6448733316919,4.9142178391898135e-05,4.9140700394613096e-05,4.327835953067725e-05,1.075868955900093,0.034379699637651,0.016882769086708816
2013-01-28,1405,ewma,select,hybrid,5,20,log_euclidean,0.01,118.372718185352,4871.301978402935,842.4585483293483,407.767326247151,203.88366312357866,-228.3362854638629,4.942989263549401e-05,4.942841463820897e-05,3.676261499638995e-05,1.170718468047979,0.03367051180366371,0.019051650171725706
2013-01-28,1405,ledoit_wolf,select,hybrid,5,20,log_euclidean,0.01,41.21319706509922,20217.201659419232,1392.686845394349,771.6193097910003,385.8096548955004,-46.12593243336029,6.974625166139109e-05,6.974477366410605e-05,0.0006516155816327666,1.0003726184087687,0.010884342324527506,0.010418204720972338
2013-01-28,1405,oas,select,hybrid,5,20,log_euclidean,0.01,139.69016463004516,14312.274997848388,1349.7107663431916,535.0482314266676,267.52411571333283,-164.47505734522164,6.227032952861515e-05,6.226885153133012e-05,9.783844982416555e-05,1.0062915153596435,0.01996553385626574,0.011288878742744042
2013-01-28,1405,shrink,select,hybrid,5,20,log_euclidean,0.01,97.31317501767965,8232.086588747303,780.1401823803267,436.5569982409588,218.27849912047898,-213.9058176609016,5.482784280419016e-05,5.482636480690512e-05,3.419467823499967e-05,1.0169438592738411,0.027163759092779877,0.013820047842881218
2013-01-28,1405,persistence,select,hybrid,5,20,log_euclidean,0.01,0.0002087916489894542,3372.8068753128355,841.2118312208547,6039.270298538727,3019.635149269361,2494.96102963928,4.8660254304421425e-05,4.8658776307136386e-05,4.097595108459827e-07,2.937049196778385,0.1270820638785524,0.12601033113734186
2013-02-04,1410,similarity,select,hybrid,5,20,log_euclidean,0.01,0.00011028758745581751,2039.745178208293,3786.4704333431155,66475.06132747274,33237.53066373637,32349.884076638664,3.1645305122584574e-05,3.1643729366952314e-05,2.2451629507796926e-08,2.29316803366583,0.09399232817179895,0.08413505480944886
2013-02-04,1410,rolling,select,hybrid,5,20,log_euclidean,0.01,157.59637673692367,5064.753794490138,963.8659712918907,427.7263396993252,213.8631698496975,-225.17715353777248,5.929120339293988e-05,5.928962763730762e-05,3.625727887592423e-05,1.049779049691135,0.028803657242069753,0.015235249125784694
2013-02-04,1410,ewma,select,hybrid,5,20,log_euclidean,0.01,63.75642308040807,4854.375276216277,1013.0681297653932,394.95202956382,197.47601478190558,-241.53880588772205,4.8634212180545874e-05,4.8632636424913615e-05,2.777828773772137e-05,1.1611845611794467,0.03463009096425028,0.019687699427588228
2013-02-04,1410,ledoit_wolf,select,hybrid,5,20,log_euclidean,0.01,41.212608495812106,20242.085255533388,1655.2560702108412,785.7272305088063,392.8636152544031,-46.16264217715043,7.394422733510061e-05,7.394265157946835e-05,0.0006466132706656857,1.0003167265223734,0.010812391231192367,0.010417761951273693
2013-02-04,1410,oas,select,hybrid,5,20,log_euclidean,0.01,139.68840796567576,14318.7904521385,1616.4642550270821,548.302361226375,274.15118061318685,-164.88627692974174,6.841683698726399e-05,6.841526123163173e-05,8.945823724564873e-05,1.003523339133617,0.01825710647806515,0.011124052253898158
2013-02-04,1410,shrink,select,hybrid,5,20,log_euclidean,0.01,97.31135392314758,8173.539289995546,1024.90469180287,447.21625915808795,223.60812957904386,-215.44236938569352,6.364809829138244e-05,6.364652253575018e-05,2.843376693585938e-05,1.0158196525947096,0.02344200687239761,0.013152136386082081
2013-02-04,1410,persistence,select,hybrid,5,20,log_euclidean,0.01,0.00019609825378089253,3442.5579457331196,1247.9561536553745,4859.755969281048,2429.8779846405077,1960.521467955147,3.118898588259335e-05,3.118741012696109e-05,2.149888371735378e-07,2.0429659667139526,0.07531663127664735,0.06655513204330556
2013-02-11,1415,similarity,select,hybrid,5,20,log_euclidean,0.01,8.588465772919817e-05,2020.9251755514706,3911.6424967264647,49493.68673953928,24746.843369769635,23816.759406558704,2.274732562876321e-05,2.2745633654545816e-05,3.0559049209720323e-08,2.4282949336834174,0.1011251973310344,0.09262610665937948
2013-02-11,1415,rolling,select,hybrid,5,20,log_euclidean,0.01,157.5970560744288,5065.086157784813,829.166724026127,436.7291986773191,218.36459933867383,-226.38608825075488,5.2455875874595845e-05,5.245418390037845e-05,3.97693573788573e-05,1.076517933196734,0.03159350174800831,0.016048675395995016
2013-02-11,1415,ewma,select,hybrid,5,20,log_euclidean,0.01,34.34030211353458,4847.608732223958,843.381926263248,382.67560404391816,191.3378020219464,-253.38997919970126,3.894803056844123e-05,3.8946338594223835e-05,2.73663765843937e-05,1.3682601037871203,0.04642159846167199,0.02702026206549063
2013-02-11,1415,ledoit_wolf,select,hybrid,5,20,log_euclidean,0.01,41.21327597893091,20261.157710275773,1551.399444774628,797.0367961556491,398.51839807782454,-46.18989921536261,6.630334498634211e-05,6.630165301212472e-05,0.0006491527029643117,1.0003873530086316,0.010843628486794323,0.010417850407962493
2013-02-11,1415,oas,select,hybrid,5,20,log_euclidean,0.01,139.68898915300423,14326.085958841752,1508.0461838985004,559.0430930759209,279.5215465379633,-165.203995222551,6.0849467862767435e-05,6.084777588855004e-05,9.388841985828244e-05,1.0029558146419235,0.01916097115388336,0.01118842665110751
2013-02-11,1415,shrink,select,hybrid,5,20,log_euclidean,0.01,97.31158396591324,8159.747752359517,877.2445318370526,456.25509862370654,228.12754931185398,-216.63470520987875,5.647507981743477e-05,5.6473387843217374e-05,3.106967511999631e-05,1.0323318665029726,0.024682325063029985,0.013712772773057765
2013-02-11,1415,persistence,select,hybrid,5,20,log_euclidean,0.01,0.0001864375393971171,3411.2056557435653,1138.1174663187694,3946.2017266548232,1973.100863327405,1491.432886472975,2.795248510071108e-05,2.7950793126493685e-05,2.1130276069298386e-07,2.0695136917450605,0.062405169051307774,0.06191098376895438
2013-02-19,1420,similarity,select,hybrid,5,20,log_euclidean,0.01,5.4814387144180043e-05,2020.5610678569965,2634.720683346275,29998.685931457112,14999.34296572856,14501.208142319632,1.7074671563533685e-05,1.707349681052738e-05,2.736296960552245e-08,2.2972027120099763,0.09453236025428974,0.08662066838124957
2013-02-19,1420,rolling,select,hybrid,5,20,log_euclidean,0.01,157.59654057684457,5062.4899977758705,950.0971080267134,455.1614892233629,227.58074461171225,-228.37044277713625,5.682441351286101e-05,5.68232387598547e-05,3.727008903870698e-05,1.086524211494713,0.029606946593399505,0.016138335993889058
2013-02-19,1420,ewma,select,hybrid,5,20,log_euclidean,0.01,18.496027085403966,4848.806581958192,1093.8979092419122,379.2547503443481,189.627375172194,-266.2080198441459,4.116291540594126e-05,4.116174065293495e-05,1.979566156753815e-05,1.3717173500371385,0.045639201196058084,0.026808939184461457
2013-02-19,1420,ledoit_wolf,select,hybrid,5,20,log_euclidean,0.01,41.213754275010785,20285.890473102983,1839.3955191617802,819.4877055976999,409.74385279885064,-46.23365686580068,7.10257702977962e-05,7.102459554478989e-05,0.0006480143050636915,1.0003903693118343,0.010824194362375479,0.010417976913685446
2013-02-19,1420,oas,select,hybrid,5,20,log_euclidean,0.01,139.68813992871378,14336.293695221873,1790.9124388528808,580.5579632375287,290.2789816187726,-165.70053089264326,6.534047295353392e-05,6.53392982005276e-05,9.153128047995632e-05,1.0026985471150713,0.018678497082298035,0.011211821945122663
2013-02-19,1420,shrink,select,hybrid,5,20,log_euclidean,0.01,97.31129188675618,8130.948176711756,1059.528781412338,474.716970569448,237.35848528472368,-218.60401014292566,6.133714302973431e-05,6.1335968276728e-05,2.9687341437323986e-05,1.032450382922246,0.02358330129612396,0.013553071754134139
2013-02-19,1420,persistence,select,hybrid,5,20,log_euclidean,0.01,0.00022408043168861398,3458.6656797863266,1330.6731441276067,2856.2689364657567,1428.1344682328777,972.6609391839868,3.635649957342869e-05,3.6355324820422384e-05,2.1507362142530846e-07,1.9170871052916876,0.05637860202044511,0.05470051463978073
2013-02-26,1425,similarity,select,hybrid,5,20,log_euclidean,0.01,2.000065957146469e-05,1866.078255569564,5871.780473320057,26075.108682607563,13037.554341303787,12434.48809833581,2.1985477788399177e-05,2.198483834893591e-05,4.515355019029585e-08,2.533152642786443,0.12029581096924416,0.11105259696402484
2013-02-26,1425,rolling,select,hybrid,5,20,log_euclidean,0.01,157.5961686867197,5009.960796335543,791.1368004705258,473.0639128268426,236.53195641342987,-229.11919298015655,2.3738813140376655e-05,2.373817370091339e-05,4.738253034399343e-05,1.1818960342339773,0.03763503560767174,0.02052351950283864
2013-02-26,1425,ewma,select,hybrid,5,20,log_euclidean,0.01,9.962195302445537,4768.037314621417,831.2751801880736,377.25993152914083,188.62996576463988,-277.0340892166812,1.9397710420301817e-05,1.939707098083855e-05,1.9505772269995874e-05,1.7938302588367387,0.061088907548018975,0.047133207143823366
2013-02-26,1425,ledoit_wolf,select,hybrid,5,20,log_euclidean,0.01,41.21502882023127,20287.75209662308,1126.9151376788225,838.8366000191163,419.4183000095576,-46.25464275014004,3.212975888492901e-05,3.212911944546574e-05,0.0006576390294362614,1.000308211938651,0.010983584891136019,0.010419426724837543
2013-02-26,1425,oas,select,hybrid,5,20,log_euclidean,0.01,139.6862614859648,14326.24140799754,1084.4335235880153,599.4676803458534,299.7338401729246,-165.93374671991856,2.8007259300414936e-05,2.800661986095167e-05,0.00010610227890605614,1.0074306746261075,0.02164603293771827,0.011808336129366138
2013-02-26,1425,shrink,select,hybrid,5,20,log_euclidean,0.01,97.31059315076263,8119.3638461784885,674.5513760719215,492.0614211926728,246.03071059633638,-219.61722875448882,2.5471176323005567e-05,2.54705368835423e-05,3.846105111014206e-05,1.07028481628804,0.03054887239224578,0.016247534783430554
2013-02-26,1425,persistence,select,hybrid,5,20,log_euclidean,0.01,0.00014628556967761708,3468.108785283682,943.374518905907,2998.498812129671,1499.2494060648314,1023.3303597353873,2.7430368087024754e-05,2.742972864756149e-05,2.3089387657848626e-07,2.04762694925899,0.06578935055439863,0.06555628079909082
2013-03-05,1430,similarity,select,hybrid,5,20,log_euclidean,0.01,2.9044592422927157e-05,1937.1328016722218,6096.727987273306,38597.52599029009,19298.762995145036,18536.888933458154,1.9515066636474142e-05,1.951442078581946e-05,3.356197251729751e-08,2.5443602674973023,0.11697812442371587,0.1063626473778057
2013-03-05,1430,rolling,select,hybrid,5,20,log_euclidean,0.01,157.59819321143513,4989.84780482719,833.2795391181235,461.8570064207372,230.9285032103927,-228.3961389628395,1.8885007624703257e-05,1.8884361774048575e-05,4.693601525551914e-05,1.1431635540223624,0.03728210605557008,0.01953570496832893
2013-03-05,1430,ewma,select,hybrid,5,20,log_euclidean,0.01,5.366224805153157,4732.4861732447225,870.6384775628914,355.45652923150783,177.72826461571802,-281.75563475724124,8.850732216268363e-06,8.850086365613681e-06,1.7854652915925436e-05,1.90761139877404,0.07602909135697658,0.057078267229258225
2013-03-05,1430,ledoit_wolf,select,hybrid,5,20,log_euclidean,0.01,41.21562269221742,20267.378511374947,1037.6848992849643,825.9953832439106,412.9976916219543,-46.243085601379036,3.267464711768147e-05,3.2674001267026786e-05,0.0006560993287570608,1.0002158304591393,0.010958382168062768,0.010418884338097421
2013-03-05,1430,oas,select,hybrid,5,20,log_euclidean,0.01,139.68867195648636,14318.730453375721,1000.2866853903869,586.9765096440641,293.48825482203574,-165.7753743843102,2.648091786300682e-05,2.6480272012352137e-05,0.00010434941547900587,1.00810140917735,0.021290450524586724,0.011630556987911945
2013-03-05,1430,shrink,select,hybrid,5,20,log_euclidean,0.01,97.31222250423673,8140.951546758366,684.4574984006023,480.92660788265175,240.463303941326,-218.87679563411098,2.152654721841772e-05,2.152590136776304e-05,3.774793645711624e-05,1.0460875304722508,0.029983851249163095,0.015521745302597542
2013-03-05,1430,persistence,select,hybrid,5,20,log_euclidean,0.01,0.00011214931550299538,3463.6797026716886,1139.8656101577214,3944.11402531166,1972.0570126558162,1483.2324976984783,2.195415297468247e-05,2.1953507124027787e-05,2.250399213810486e-07,2.12671929947289,0.0733961892463411,0.07312287184223809
2013-03-12,1435,similarity,select,hybrid,5,20,log_euclidean,0.01,4.826319213205401e-05,2195.129435003394,5546.6430561301495,17812.196130030068,8906.098065015043,8308.869619189367,3.2445048707473864e-05,3.244391144677184e-05,7.245883938923112e-08,2.2254058961126644,0.10136068235490288,0.08615753484058503
2013-03-12,1435,rolling,select,hybrid,5,20,log_euclidean,0.01,6.961710547330272e-05,4703.3852668955205,666.4302669095182,2610.026178994771,1305.0130894973834,832.324903954569,2.963332802708971e-05,2.9632190766387682e-05,9.062888355803915e-07,3.738908991480927,0.3012458189858124,0.2805191170455053
2013-03-12,1435,ewma,select,hybrid,5,20,log_euclidean,0.01,5.971114982711141e-05,4495.24319504441,687.7839943314727,2948.82452980919,1474.4122649045935,998.7525656409338,2.3195370890337987e-05,2.319423362963596e-05,6.877424101225082e-07,3.2140918919714365,0.25767033637626474,0.21598729751301865
2013-03-12,1435,ledoit_wolf,select,hybrid,5,20,log_euclidean,0.01,4.6779816666128014e-05,7833.114853084148,679.8189937620388,329.4739715319209,164.73698576596004,-286.1137474187439,1.3920015044874643e-05,1.3918877784172615e-05,1.2225530179016512e-05,1.811059114584789,0.10176094825948379,0.05572823010816691
2013-03-12,1435,oas,select,hybrid,5,20,log_euclidean,0.01,5.196305661395581e-05,7407.267077482745,609.6062181595476,345.4563156895798,172.72815784478928,-278.5033758433755,1.3516554074608904e-05,1.3515416813906876e-05,1.0209597241660417e-05,2.144568459544174,0.13826143798469012,0.08358156088606614
2013-03-12,1435,shrink,select,hybrid,5,20,log_euclidean,0.01,5.973343813063589e-05,6978.536992099513,587.0583654877953,361.40774375338594,180.70387187669314,-271.2239147008993,1.175524778235785e-06,1.1743875175337572e-06,2.1815952544597813e-06,1.3689725900124006,0.7246972810479836,0.5382714633072837
2013-03-12,1435,persistence,select,hybrid,5,20,log_euclidean,0.01,9.803345277863952e-05,3361.4434421717347,887.1255835678793,4903.414587853155,2451.7072939265863,1970.313910950124,1.759691628134033e-05,1.7595779020638304e-05,2.095808892854903e-07,2.161205723020479,0.07688318819682238,0.07617849371939305
2013-03-19,1440,similarity,select,hybrid,5,20,log_euclidean,0.01,7.76192040366723e-05,2398.4860820512517,3206.449889569223,18036.345551227874,9018.172775613935,8458.742674209057,4.066735033991833e-05,4.066506120487446e-05,7.992437918332332e-08,2.3262113846660433,0.09840892505710531,0.08888436100034397
2013-03-19,1440,rolling,select,hybrid,5,20,log_euclidean,0.01,0.0001262208041951104,4730.014558007566,925.9838285303915,3132.051170228471,1566.0255851142374,1118.2962448735536,3.6108922212852864e-05,3.610663307780899e-05,3.9134946976530634e-07,2.6658956087114527,0.13911255110083684,0.13463877223013873
2013-03-19,1440,ewma,select,hybrid,5,20,log_euclidean,0.01,0.00010697264032387272,4523.0835669178905,857.4552922458736,3754.5762945159613,1877.288147257976,1426.753732452145,3.81609955138503e-05,3.815870637880642e-05,3.251985589728648e-07,2.644801606211881,0.13885691915063003,0.13229182143435322
2013-03-19,1440,ledoit_wolf,select,hybrid,5,20,log_euclidean,0.01,0.0001344610705417594,7952.55779629893,1557.6037760877261,317.53544749229803,158.7677237461492,-279.10110607374975,4.7913993628597695e-05,4.791170449355382e-05,8.693012452492769e-06,1.547693245272926,0.06248763244343166,0.03845671401318296
2013-03-19,1440,oas,select,hybrid,5,20,log_euclidean,0.01,0.00012756919326328657,7486.906642758786,1299.1107726267799,335.6147311999165,167.80736559995813,-270.24956229543267,3.9106822264863696e-05,3.910453312981982e-05,6.851286538858678e-06,1.869945993586701,0.0842821636383672,0.06001725415978797
2013-03-19,1440,shrink,select,hybrid,5,20,log_euclidean,0.01,0.00013665932261137757,6891.635293891979,1131.872152980715,372.7231476916238,186.36157384581196,-251.7004788144966,5.600503788359075e-06,5.598214653315199e-06,1.6571476245894146e-06,1.450985470737988,0.5883555544877181,0.37002798507865153
2013-03-19,1440,persistence,select,hybrid,5,20,log_euclidean,0.01,8.058127464954438e-05,3258.9727387961148,745.9989586616173,6766.584558631573,3383.292279315794,2903.4070815371565,3.96312123493284e-05,3.962892321428453e-05,1.5477491936160213e-07,2.0632669526374063,0.0806390679480281,0.07153125242364668
2013-03-26,1445,similarity,select,hybrid,5,20,log_euclidean,0.01,0.00013468728084979192,2392.0137378429968,3466.975603458165,21268.23867792429,10634.119338962144,10014.68478062992,4.4011369191936655e-05,4.4009564944430767e-05,8.242809845761401e-08,2.335040137048652,0.09657106443439858,0.08911097180072135
2013-03-26,1445,rolling,select,hybrid,5,20,log_euclidean,0.01,0.0001697082253731981,4687.231908153275,823.3035792477598,3439.1574707922373,1719.578735396121,1256.8113520300635,3.0176530183273698e-05,3.0174725935767806e-05,3.96965332282471e-07,2.6410615931015067,0.14120803774163213,0.13540805451573004
2013-03-26,1445,ewma,select,hybrid,5,20,log_euclidean,0.01,0.00016653810218971203,4505.328541247243,805.3511939825913,4336.453396894281,2168.2266984471476,1697.294927296325,3.295164103588853e-05,3.2949836788382644e-05,3.290212506978752e-07,2.7022747602305612,0.1469592247817232,0.14008253812748142
2013-03-26,1445,ledoit_wolf,select,hybrid,5,20,log_euclidean,0.01,0.00019428491440377015,7907.429264870536,1368.917278890887,318.1288057094847,159.06440285474218,-269.28102872657394,4.6579412366957884e-05,4.6577608119451996e-05,8.443422078449367e-06,1.570446173875126,0.06332778891958876,0.04050927223756742
2013-03-26,1445,oas,select,hybrid,5,20,log_euclidean,0.01,0.00018106376953675856,7440.5605497135075,1132.801799763758,344.99242069462355,172.49621034731115,-256.4834352942157,3.7106873946753026e-05,3.710506969924714e-05,6.500646990079322e-06,1.8420170106627816,0.0833783406288277,0.06026802120695245
2013-03-26,1445,shrink,select,hybrid,5,20,log_euclidean,0.01,0.0001851670873052534,6882.988906518858,999.352215884476,378.3119409253711,189.15597046268488,-241.00990614092183,4.920182770196198e-06,4.918378522690307e-06,1.674292200634615e-06,1.4309970507620062,0.5948870532291533,0.37642721459951733
2013-03-26,1445,persistence,select,hybrid,5,20,log_euclidean,0.01,0.00019207613693877603,3382.400650936246,1106.4106641870717,11257.122281057093,5628.56114052855,5086.555802326034,6.91965470098972e-05,6.919474276239131e-05,7.971143418439566e-08,1.6460579583073074,0.07762261621873266,0.04625348027858115
2013-04-03,1450,similarity,select,hybrid,5,20,log_euclidean,0.01,0.00014764252204160186,2313.2032249510466,3578.017533436841,25134.12592594417,12567.06296297209,12026.59667145408,4.366755849923706e-05,4.366562728474251e-05,7.559676934914874e-08,2.341477171167576,0.10016507170550848,0.0900481170056734
2013-04-03,1450,rolling,select,hybrid,5,20,log_euclidean,0.01,0.00017206965354675616,4717.05285807042,774.3522077104174,3786.5092025174226,1893.2546012587118,1411.062331447779,4.628665231593687e-05,4.6284721101442324e-05,4.3471556157012195e-07,2.7613727589164743,0.1507924454078192,0.14455914471681094
2013-04-03,1450,ewma,select,hybrid,5,20,log_euclidean,0.01,0.00018495413272246781,4544.575091933593,929.1194294682159,4686.228777334309,2343.114388667149,1847.3578309288837,5.118996125497799e-05,5.118803004048344e-05,3.5067308574702914e-07,2.734723056507305,0.15191896813304656,0.14433842344276035
2013-04-03,1450,ledoit_wolf,select,hybrid,5,20,log_euclidean,0.01,0.00019753095177049896,7931.910952666156,1310.4632388685475,322.5029254559327,161.25146272796576,-263.6236193345392,5.5731011966383355e-05,5.5729080751888806e-05,8.867747725986408e-06,1.5605394819178642,0.06577645897132813,0.04160051143121638
2013-04-03,1450,oas,select,hybrid,5,20,log_euclidean,0.01,0.00018424378099759242,7480.578675686969,1084.8951529469045,353.8228301688341,176.91141508441677,-248.88701437762535,4.8661785127854576e-05,4.865985391336003e-05,6.951024441816914e-06,1.8517704086909728,0.08639042756543142,0.061237359616211
2013-04-03,1450,shrink,select,hybrid,5,20,log_euclidean,0.01,0.000187988546426892,6918.468811591471,948.0714312546916,379.20270713188364,189.6013535659415,-238.5367063006952,6.0835612650364725e-06,6.081630050541923e-06,1.744212012210179e-06,1.4390782412258922,0.6043535915448723,0.38567229672273234
2013-04-03,1450,persistence,select,hybrid,5,20,log_euclidean,0.01,0.0002036597086490093,3548.2442200877713,1271.6082944875604,11239.14680321313,5619.573401606565,5128.076732599344,8.083826957965285e-05,8.083633836515829e-05,8.521857178915977e-08,1.7043148350902386,0.06099070088909888,0.043469294678561005
2013-04-10,1455,similarity,select,hybrid,5,20,log_euclidean,0.01,0.00015699778909077084,2227.696435099081,3648.8766432124476,28772.671151359566,14386.335575679774,13733.44358923242,4.3483240024227914e-05,4.348118015692585e-05,5.6433269194751135e-08,2.216955144788681,0.09523428583338804,0.08223608213963095
2013-04-10,1455,rolling,select,hybrid,5,20,log_euclidean,0.01,0.00017503155199453458,4762.495866367943,743.2190571452196,4111.671306061056,2055.8356530305305,1550.706217399517,5.561138346606361e-05,5.5609323598761545e-05,4.262317830682947e-07,2.809124213914199,0.1631392320860031,0.15696409578687803
2013-04-10,1455,ewma,select,hybrid,5,20,log_euclidean,0.01,0.00019260959877085907,4571.026001268542,945.5812989780612,4401.389959092857,2200.6949795464247,1691.5097161862632,7.036148811167178e-05,7.035942824436972e-05,4.059345326262843e-07,2.817360198445463,0.1661328696299251,0.15571646617410684
2013-04-10,1455,ledoit_wolf,select,hybrid,5,20,log_euclidean,0.01,0.00020177358370891517,7712.297028634722,1122.8272795015346,332.8419879583064,166.4209939791535,-259.67475949799024,5.023522313981543e-05,5.0233163272513367e-05,8.191648835332311e-06,1.693073610612355,0.07610413589905973,0.049145296354341214
2013-04-10,1455,oas,select,hybrid,5,20,log_euclidean,0.01,0.00019204015009749738,7405.950321029664,983.3258011036347,360.86058909712597,180.43029454856327,-246.6076344221928,4.716286814113228e-05,4.716080827383021e-05,6.842292524637978e-06,1.8933321011298674,0.09184258793398316,0.06373259606127402
2013-04-10,1455,shrink,select,hybrid,5,20,log_euclidean,0.01,0.00019479528329656743,6933.738424572468,887.9458843017702,386.3599012411183,193.17995062055945,-236.05608491471926,5.234929819944114e-06,5.232869952642048e-06,1.6640769731983875e-06,1.4136017780811443,0.6361936232859855,0.4219086051335638
2013-04-10,1455,persistence,select,hybrid,5,20,log_euclidean,0.01,0.00018715018763066081,3539.6904559936356,1073.592107583634,8620.970344605583,4310.485172302792,3790.9041768923103,6.497267276746446e-05,6.49706129001624e-05,1.4037957619765618e-07,1.9246930212137179,0.06936027920317905,0.05913818922190322
2013-04-17,1460,similarity,select,hybrid,5,20,log_euclidean,0.01,8.618858201653926e-05,2201.4785712461244,5564.992837141947,21281.437545896108,10640.718772948065,10174.986104333999,3.782901799922193e-05,3.7828030486003544e-05,5.675009233711423e-08,2.0046191605037866,0.0765565359089931,0.06602531743955821
2013-04-17,1460,rolling,select,hybrid,5,20,log_euclidean,0.01,8.772535597987933e-05,4771.087048891488,818.8836679371633,3650.118389050054,1825.0591945250246,1359.9304308821838,2.0596695994493928e-05,2.059570848127554e-05,5.160860163995759e-07,3.022299107603301,0.18748556995989102,0.18159530047067557
2013-04-17,1460,ewma,select,hybrid,5,20,log_euclidean,0.01,0.0001242056047410609,4571.368093726494,1092.0497120710006,3331.812650667992,1665.9063253339946,1204.2710517029063,2.0426863030878293e-05,2.0425875517659905e-05,5.859117387161678e-07,3.1018971405448785,0.1913077257196016,0.18086555910405772
2013-04-17,1460,ledoit_wolf,select,hybrid,5,20,log_euclidean,0.01,7.499378593482062e-05,7472.114867444091,583.4346016648594,357.54091466804374,178.77045733402133,-256.76148555686234,1.4947461677544103e-05,1.4946474164325717e-05,8.762638488851114e-06,2.1195463656091222,0.1091992674110068,0.07744215468792098
2013-04-17,1460,oas,select,hybrid,5,20,log_euclidean,0.01,7.689596804926976e-05,7205.751989552074,601.7413821974187,390.81437385490256,195.407186927451,-240.56964658921433,1.5071719424736291e-05,1.5070731911517905e-05,7.120240999890406e-06,2.2528469446062473,0.12322717647265723,0.09147258000603202
2013-04-17,1460,shrink,select,hybrid,5,20,log_euclidean,0.01,7.667822041851143e-05,7045.085984353176,596.6248198129925,370.9370106346281,185.4685053173135,-251.4353817521159,2.0674228386750445e-06,2.0664353254566583e-06,1.9268962958483005e-06,1.3888111377548928,0.6993711040751601,0.5015969306048687
2013-04-17,1460,persistence,select,hybrid,5,20,log_euclidean,0.01,0.00013857891409065092,3569.469195629168,1291.3234555463002,5939.403320262402,2969.701660131211,2519.396792871377,2.360948106132528e-05,2.3608493548106892e-05,3.13569624260255e-07,2.5452714327280517,0.10004451113133554,0.09963454741364211
2013-04-24,1465,similarity,select,hybrid,5,20,log_euclidean,0.01,6.800395522880788e-05,2168.945107132502,5246.791449758594,20049.34600356536,10024.673001782672,9460.735547795393,2.8103303028254933e-05,2.8101983928940735e-05,5.561778484402132e-08,1.9821095773865236,0.07756221601825858,0.06570663488689035
2013-04-24,1465,rolling,select,hybrid,5,20,log_euclidean,0.01,7.960337788267826e-05,4799.270153841356,747.5320775152137,3148.097571918669,1574.0487859593254,1108.4241136122696,2.4193571722056308e-05,2.419225262274211e-05,4.936132561978392e-07,2.9340925036621672,0.1692585685698282,0.16539793591042512
2013-04-24,1465,ewma,select,hybrid,5,20,log_euclidean,0.01,0.0001577530209042201,4577.22263774559,920.7842029652693,2600.0486536927397,1300.0243268463691,839.0013359326082,2.4676524224342645e-05,2.4675205125028447e-05,6.669530929542404e-07,3.0264111566731593,0.18603771355669124,0.1752752437743343
2013-04-24,1465,ledoit_wolf,select,hybrid,5,20,log_euclidean,0.01,6.161453756779639e-05,7486.175279896326,584.0723585897885,350.9472168379551,175.4736084189778,-266.8534224754919,1.9403535226166126e-05,1.9402216126851928e-05,8.853313860117913e-06,2.1982105991722274,0.10987751410507546,0.08124360473111394
2013-04-24,1465,oas,select,hybrid,5,20,log_euclidean,0.01,6.497365257018039e-05,7194.353760434515,586.1623049432994,382.61117277141796,191.30558638570892,-251.47609203874376,2.0093657813526986e-05,2.009233871421279e-05,6.932470993734427e-06,2.3469862452851102,0.12298336621156722,0.09592715856827536
2013-04-24,1465,shrink,select,hybrid,5,20,log_euclidean,0.01,6.416284325600503e-05,7081.643900667289,574.2216050597723,356.45284141808753,178.22642070904317,-265.1070920941284,2.3550481549892547e-06,2.3537290556750565e-06,1.997675354845845e-06,1.4409371543327172,0.6843567840467684,0.4819971880539622
2013-04-24,1465,persistence,select,hybrid,5,20,log_euclidean,0.01,0.00017850043148473697,3544.6433905555327,1008.6499623683725,4174.694445189878,2087.34722259495,1614.7928874814188,2.7453125632493696e-05,2.74518065331795e-05,3.1840215318265283e-07,2.378206936358839,0.08170064763089528,0.08144792321049546
2013-05-01,1470,similarity,select,hybrid,5,20,log_euclidean,0.01,7.380130205413937e-05,2069.809194529433,5848.796641185008,17045.91515824947,8522.957579124739,7953.687783956501,4.48175692713233e-05,4.4816627016228976e-05,9.473381464544764e-08,2.303282643712578,0.10333778875476507,0.09668019149363023
2013-05-01,1470,rolling,select,hybrid,5,20,log_euclidean,0.01,7.213464596690533e-05,4676.736039787528,770.6584863401076,2585.2664676873164,1292.6332338436596,829.7958484278048,2.9454694081233375e-05,2.945375182613905e-05,4.942492987301686e-07,3.0449115322081752,0.17104727471944026,0.1673657753364423
2013-05-01,1470,ewma,select,hybrid,5,20,log_euclidean,0.01,0.00011694527529477497,4483.226044560444,794.5626082709646,2167.5756086882343,1083.7878043441185,623.4437391278259,2.5983382319477087e-05,2.598244006438276e-05,6.681470082645367e-07,3.0423294535531116,0.18851273357534082,0.1748790931061058
2013-05-01,1470,ledoit_wolf,select,hybrid,5,20,log_euclidean,0.01,5.3445746669807134e-05,7318.4629974440795,642.5280672407328,343.16585700493386,171.58292850246687,-276.323596167152,2.4088678077804708e-05,2.408773582271038e-05,8.064692507016784e-06,2.338254706819505,0.11874554955179027,0.09010910623477252
2013-05-01,1470,oas,select,hybrid,5,20,log_euclidean,0.01,5.603865278068012e-05,7130.264942153717,645.6396689331627,360.56290866679353,180.2814543333974,-267.84113965317914,2.481451354032527e-05,2.4813571285230945e-05,6.8348401668248945e-06,2.447278705463582,0.12701563886216363,0.0999179822578325
2013-05-01,1470,shrink,select,hybrid,5,20,log_euclidean,0.01,5.205408181820645e-05,7107.297785195815,625.2826116470693,339.0946885849062,169.54734429245306,-277.808469480511,3.827887599745456e-06,3.82694534465113e-06,2.002677834377382e-06,1.4284389111250824,0.6924404039621732,0.4937270188465111
2013-05-01,1470,persistence,select,hybrid,5,20,log_euclidean,0.01,0.0001898667297478738,3360.588153341515,1014.062813116364,3149.2131095798304,1574.606554789922,1116.2667691562635,3.879938898118753e-05,3.879844672609321e-05,3.30433165524044e-07,2.310200279232513,0.08001336831358363,0.07974055285840329
2013-05-08,1475,similarity,select,hybrid,5,20,log_euclidean,0.01,5.465606143782873e-05,2076.560876914175,5084.499839998125,27443.57323445206,13721.786617226036,12968.203162902479,4.472338949453619e-05,4.4722075840199744e-05,4.918999747671779e-08,2.1983355449691473,0.10878181794104151,0.09549339321058942
2013-05-08,1475,rolling,select,hybrid,5,20,log_euclidean,0.01,6.142070364243339e-05,4639.28912949147,695.201998175866,2368.535985759,1184.2679928795028,704.4343472689109,3.514413764683736e-05,3.5142823992500916e-05,4.5708082541806655e-07,3.1324105724398894,0.16038535544172627,0.15635818326308137
2013-05-08,1475,ewma,select,hybrid,5,20,log_euclidean,0.01,9.712594317319174e-05,4443.609212524865,736.4103113097201,2010.0750444321357,1005.0375222160721,529.6931716131234,3.262565711107305e-05,3.26243434567366e-05,5.7397093114269e-07,2.9687551413803988,0.16409505984307757,0.1521542469672264
2013-05-08,1475,ledoit_wolf,select,hybrid,5,20,log_euclidean,0.01,5.0411291038858516e-05,7481.863235534943,794.3516551851476,324.2686836660059,162.13434183300302,-286.13458464547614,2.9010029875097806e-05,2.900871622076136e-05,8.194202754984968e-06,2.1432564360773414,0.09945151908129231,0.07167200672295519
2013-05-08,1475,oas,select,hybrid,5,20,log_euclidean,0.01,5.1591427480108245e-05,7248.814433509507,748.7604348564885,336.8300071763929,168.4150035881966,-280.24912237175795,2.9315648144266322e-05,2.9314334489929875e-05,6.834230787906849e-06,2.286273695857358,0.10987868492259442,0.08276946013239463
2013-05-08,1475,shrink,select,hybrid,5,20,log_euclidean,0.01,5.1159726082184126e-05,7085.615117996173,719.2764805898541,326.1035407141492,163.05177035707464,-285.9468150116804,3.42861265247379e-06,3.4272989981373436e-06,1.9954521097322304e-06,1.4228967755611317,0.6995467497919946,0.4999886142619542
2013-05-08,1475,persistence,select,hybrid,5,20,log_euclidean,0.01,0.00017951354890971013,3293.226246681518,869.1958540329908,3048.0683121090387,1524.0341560545348,1037.4347307481924,3.996616802390793e-05,3.996485436957148e-05,3.344388982093133e-07,2.2852181535336826,0.08190577437632476,0.0816030239346454
2013-05-15,1480,similarity,select,hybrid,5,20,log_euclidean,0.01,6.1017124721281495e-05,2053.6832271089415,4233.775935020317,26789.119298504847,13394.559649252415,12697.942543658726,4.526249930435682e-05,4.526066394563493e-05,5.2848264823978467e-08,2.1976197216346858,0.11028521083879499,0.09581616340826989
2013-05-15,1480,rolling,select,hybrid,5,20,log_euclidean,0.01,5.6165709875263256e-05,4666.15019395456,648.0310677168774,2339.2802824797864,1169.6401412398886,702.4582562291318,3.118538083603709e-05,3.11835454773152e-05,4.2874257142543296e-07,3.0075822883944383,0.1478930623034007,0.14447540594327116
2013-05-15,1480,ewma,select,hybrid,5,20,log_euclidean,0.01,6.561832618574669e-05,4471.514167741072,620.9960248889331,2136.09035416631,1068.0451770831517,603.9357059552729,2.5490364095291787e-05,2.54885287365699e-05,5.067428809754815e-07,2.8840138831770123,0.15677181255840972,0.1469674489356938
2013-05-15,1480,ledoit_wolf,select,hybrid,5,20,log_euclidean,0.01,5.599647665889237e-05,7501.399446048557,902.3779140504412,320.3505954969275,160.17529774846383,-285.16152949648915,3.079653276682212e-05,3.0794697408100234e-05,7.916568930785885e-06,2.1392089870970303,0.09634122295045201,0.07161568015208804
2013-05-15,1480,oas,select,hybrid,5,20,log_euclidean,0.01,5.4782361437415836e-05,7290.657514584637,830.5297673170202,331.81888008386466,165.9094400419321,-279.6999982381784,3.0213383857345256e-05,3.021154849862337e-05,6.662194954409397e-06,2.2651438528146817,0.10467795012051777,0.08093439806832724
2013-05-15,1480,shrink,select,hybrid,5,20,log_euclidean,0.01,5.692465548279566e-05,7117.046782981532,805.1673331870892,320.6128638142577,160.30643190712894,-285.80071461649743,3.7277931675765516e-06,3.7259578088546662e-06,1.960909853508486e-06,1.4315277781245876,0.6757509854675239,0.4696271650163134
2013-05-15,1480,persistence,select,hybrid,5,20,log_euclidean,0.01,0.00011067353084252497,3399.0614614307897,1057.0031423985533,4193.424362571605,2096.712181285813,1616.3632127926246,5.036135001577125e-05,5.035951465704936e-05,1.5685902059260456e-07,1.810979992459848,0.04914559404378082,0.048990560382548426
2013-05-22,1485,similarity,select,hybrid,5,20,log_euclidean,0.01,8.487808986188713e-05,2084.4181258968365,2708.5839141088522,18654.568828610718,9327.28441430536,8744.782340099775,7.02429705845542e-05,7.024063913588744e-05,7.029222583356228e-08,2.3484092243040418,0.11185010673962593,0.09861377588421916
2013-05-22,1485,rolling,select,hybrid,5,20,log_euclidean,0.01,7.767888154206828e-05,4736.698503931282,821.1511925327875,2123.4316758321343,1061.7158379160678,607.0538083630499,5.180105090450733e-05,5.179871945584056e-05,4.807149863824674e-07,2.9591877464246767,0.1591068000847073,0.15489732941732112
2013-05-22,1485,ewma,select,hybrid,5,20,log_euclidean,0.01,9.532458962608117e-05,4549.125132960169,927.7940958711979,2115.808513765573,1057.9042568827876,604.8531957755454,4.735013899535231e-05,4.734780754668554e-05,4.994999734517216e-07,2.926073213583285,0.1639533729361562,0.15467815182061886
2013-05-22,1485,ledoit_wolf,select,hybrid,5,20,log_euclidean,0.01,9.117120356090297e-05,7542.695571848369,1279.029191589816,310.9383076623951,155.4691538311975,-288.6553678761217,4.9810404087937196e-05,4.980807263927043e-05,8.284860579379267e-06,2.1416728934399702,0.09979745893338879,0.07260969925329394
2013-05-22,1485,oas,select,hybrid,5,20,log_euclidean,0.01,8.75811413659405e-05,7364.163539131114,1182.7302986903485,318.7964523244194,159.3982261622098,-284.85203916351577,4.920879985733325e-05,4.920646840866648e-05,7.192329263972358e-06,2.2400693542286017,0.10763353446920368,0.0809119176783207
2013-05-22,1485,shrink,select,hybrid,5,20,log_euclidean,0.01,9.368570309089309e-05,7182.688437407722,1155.699697596359,310.8498441559924,155.4249220779962,-289.25638710249564,6.2448126708704326e-06,6.242481222203666e-06,2.0929277796153986e-06,1.4007008864850958,0.6921075662408859,0.48991846614060547
2013-05-22,1485,persistence,select,hybrid,5,20,log_euclidean,0.01,0.00013075360554159506,3506.2844399394,1266.8741828327854,4615.727140679362,2307.863570339685,1853.5620236146242,7.266688049217465e-05,7.266454904350789e-05,1.7454718758322586e-07,2.0037807815781967,0.06163762298964958,0.06139026811839708
2013-05-30,1490,similarity,select,hybrid,5,20,log_euclidean,0.01,0.00011608236149208894,2242.233327822086,1973.3864545259712,15620.769129537766,7810.384564768887,7140.130133290436,8.623018457237058e-05,8.6227484142055e-05,7.133187759627644e-08,2.313120349018858,0.10012182698523481,0.08942448422661493
2013-05-30,1490,rolling,select,hybrid,5,20,log_euclidean,0.01,0.00010082797408341273,4831.0729969758995,952.8092377937883,2017.420657780885,1008.7103288904368,536.6760407950745,5.4122504995755304e-05,5.411980456543974e-05,5.498805499587743e-07,3.173526784977075,0.1753084274368529,0.1699789781500496
2013-05-30,1490,ewma,select,hybrid,5,20,log_euclidean,0.01,0.00013091846659198233,4625.280039741995,1182.6802920592422,2166.0822612179068,1083.0411306089527,607.596802197909,5.363187268442638e-05,5.3629172254110814e-05,4.90452378288241e-07,3.0472022776765355,0.16763974803966694,0.15628606917035134
2013-05-30,1490,ledoit_wolf,select,hybrid,5,20,log_euclidean,0.01,0.000123744024588818,7587.509382391545,1442.2093870341619,304.89246093196783,152.44623046598352,-291.54874099027836,4.996579852481246e-05,4.99630980944969e-05,9.038003865147657e-06,2.1740402881991705,0.10651415301450351,0.07621350720988736
2013-05-30,1490,oas,select,hybrid,5,20,log_euclidean,0.01,0.00011909555095689226,7435.178878632215,1352.3911271744046,310.5823795318202,155.29118976591,-288.9513670784337,4.916477984861944e-05,4.916207941830388e-05,8.038035805020737e-06,2.2702747865755715,0.11399548085826404,0.08392555144098954
2013-05-30,1490,shrink,select,hybrid,5,20,log_euclidean,0.01,0.00012711138804634396,7242.843431330144,1323.8025554224405,302.84726799299403,151.42363399649707,-293.69863771790745,5.259445405343336e-06,5.2567449750277685e-06,2.254038112492706e-06,1.4004376907154839,0.718066871893887,0.5246138392043512
2013-05-30,1490,persistence,select,hybrid,5,20,log_euclidean,0.01,0.00016951413363022847,3455.6390964361044,1566.2646273584246,5113.637452703901,2556.8187263519367,2045.2288866972576,8.217069170177556e-05,8.216799127145999e-05,1.294400914844413e-07,1.7435196691790442,0.06693684774054304,0.05117939179807555
2013-06-06,1495,similarity,select,hybrid,5,20,log_euclidean,0.01,0.001863743204847048,2116.2956347800186,4670.3990105630955,67298.24043349142,33649.12021674571,31630.372487444627,6.116421360830197e-05,6.115530789755712e-05,5.2015487151027813e-08,2.38273956655458,0.10313407980528212,0.09573602794419231
2013-06-06,1495,rolling,select,hybrid,5,20,log_euclidean,0.01,0.0017829187480001177,4868.158322875905,1332.2816035424976,6317.207772600141,3158.60388630007,2597.460624810431,0.0001663949348137344,0.00016638602910298955,7.073807379830026e-07,3.509732983336692,0.22225086330860241,0.214595105742096
2013-06-06,1495,ewma,select,hybrid,5,20,log_euclidean,0.01,0.001800545998502095,4646.487546973756,1436.1103361961984,6835.241468984897,3417.6207344924496,2842.9048603324118,0.0001763815803992607,0.00017637267468851586,6.064728469599403e-07,3.426741307188929,0.21848315060920626,0.20678985594134522
2013-06-06,1495,ledoit_wolf,select,hybrid,5,20,log_euclidean,0.01,0.0018015868468111082,7541.949439784318,1334.2057192723908,500.051765100138,250.02588255006927,-165.72706427480153,0.00010299250377396622,0.00010298359806322137,9.972865986237911e-06,2.348185275580687,0.12753434224216015,0.08609560253864981
2013-06-06,1495,oas,select,hybrid,5,20,log_euclidean,0.01,0.0017983295411060775,7414.966068642842,1317.281166489913,537.8306301607009,268.9153150803497,-147.9658973921155,0.00010823484086572128,0.00010822593515497643,9.102943716955519e-06,2.4278931407350246,0.13596438448812703,0.09412721246981076
2013-06-06,1495,shrink,select,hybrid,5,20,log_euclidean,0.01,0.0018030967483815444,7286.026627546668,1328.439034557734,541.577787895137,270.78889394756834,-148.26056198775262,5.070901174547302e-06,5.061995463802456e-06,2.4045435206775183e-06,1.404022924569009,0.7550037833993217,0.5774831627282889
2013-06-06,1495,persistence,select,hybrid,5,20,log_euclidean,0.01,0.0018260457147874088,3419.11506342716,1703.6687810063358,14385.196979443088,7192.598489721555,6445.743273652804,9.107479513285543e-05,9.106588942211058e-05,1.7371252236934734e-07,2.0410256599341317,0.07656597446952977,0.06773453281910852
2013-06-13,1500,similarity,select,hybrid,5,20,log_euclidean,0.01,0.0017935999146195848,1944.5030292470806,5991.086983147463,45534.10051318588,22767.050256592942,21190.492032363294,6.286822162480715e-05,6.285814323912839e-05,8.58083841267113e-08,2.4882706964859826,0.11514338277661045,0.10575462072273284
2013-06-13,1500,rolling,select,hybrid,5,20,log_euclidean,0.01,0.001763025551407562,4854.671621416092,1453.7667977042422,6343.115618210414,3171.557809105207,2586.902488886991,0.0001189295983435689,0.00011891951995789014,6.762877809099849e-07,3.417459675614922,0.20959317610475267,0.202770830626309
2013-06-13,1500,ewma,select,hybrid,5,20,log_euclidean,0.01,0.0017770493192222469,4628.111381225459,1541.2003464603235,7097.406994941144,3548.703497470577,2941.7513524782134,0.0001100103927205552,0.00011000031433487644,5.718885304540384e-07,3.3519049696355285,0.20537254360701215,0.19514606944352303
2013-06-13,1500,ledoit_wolf,select,hybrid,5,20,log_euclidean,0.01,0.0017669979971841258,7432.019919838622,1302.431285010348,533.0949874139201,266.5474937069598,-151.88191842019884,8.098653613773119e-05,8.097645775205243e-05,9.217190562262649e-06,2.4133944441694575,0.13191874337438003,0.09421094552151944
2013-06-13,1500,oas,select,hybrid,5,20,log_euclidean,0.01,0.001766056872339453,7337.719417055127,1304.951029449087,565.3346410529687,282.6673205264851,-136.8363443001711,8.271559445510187e-05,8.27055160694231e-05,8.550343906523957e-06,2.475846014656924,0.13744287981239164,0.09989358771771017
2013-06-13,1500,shrink,select,hybrid,5,20,log_euclidean,0.01,0.0017677965541301318,7280.052518429853,1311.9101776268606,536.7583746339731,268.37918731698664,-151.86987208566103,3.6252742987447325e-06,3.6151959130659733e-06,2.465154571160431e-06,1.3750987921478124,0.7635322825142237,0.5898081275089964
2013-06-13,1500,persistence,select,hybrid,5,20,log_euclidean,0.01,0.0017893862325611457,3388.4820932610774,1784.547874614073,14591.57202763091,7295.786013815448,6505.069011915516,0.00010589885036062735,0.00010588877197494859,2.446640894312395e-07,2.2610679714433464,0.0896649647447855,0.0893217479154592
2013-06-20,1505,similarity,select,hybrid,5,20,log_euclidean,0.01,0.0017776592281403519,2063.527759908613,7924.0294881327145,66334.34417439354,33167.17208719677,31119.73055361447,2.0710702875698284e-05,2.0704318652200418e-05,5.770588582234459e-08,2.494376220227374,0.11194282946801161,0.10699042041041935
2013-06-20,1505,rolling,select,hybrid,5,20,log_euclidean,0.01,0.0017883145725527546,4788.168667812236,2076.6289075359014,6684.486427801271,3342.2432139006332,2755.695600655641,6.031702110521091e-05,6.031063688171304e-05,6.706602793264843e-07,3.5056647530903096,0.21236654118798548,0.20613971658040778
2013-06-20,1505,ewma,select,hybrid,5,20,log_euclidean,0.01,0.0017847626102443003,4562.649615374261,2234.46958757428,7045.872102403399,3522.93605120169,2925.4600708654057,4.4467154612832756e-05,4.446077038933489e-05,5.629798072448951e-07,3.4781609050318716,0.2118210587775667,0.20359914050482594
2013-06-20,1505,ledoit_wolf,select,hybrid,5,20,log_euclidean,0.01,0.0017650615452572023,7279.690217439064,1635.0601424840224,600.5346833849428,300.2673416924723,-121.2782964667703,5.3594568845015284e-05,5.358818462151742e-05,8.625503040805466e-06,2.5873018178400526,0.14441815327660643,0.10707979286952192
2013-06-20,1505,oas,select,hybrid,5,20,log_euclidean,0.01,0.001766578588286351,7203.922770978372,1662.1614193759629,632.7514141197198,316.37570705986,-106.16093018482971,5.4160015397925214e-05,5.415363117442735e-05,8.080413011783926e-06,2.63448415839819,0.148722238751843,0.11187879641640952
2013-06-20,1505,shrink,select,hybrid,5,20,log_euclidean,0.01,0.0017556291053699826,7270.296838198546,1595.4776319146204,544.8026244173363,272.40131220866846,-148.9664044942564,1.8826717452250512e-06,1.8762875217271855e-06,2.4473482300559026e-06,1.380057320200048,0.7744990746778843,0.6062335678371518
2013-06-20,1505,persistence,select,hybrid,5,20,log_euclidean,0.01,0.0018443688504402695,3371.644867830792,2898.375574805204,14294.17582173165,7147.087910865841,6368.356579468507,4.6464005745868646e-05,4.645762152237078e-05,3.3127923786214674e-07,2.689629173442268,0.11562327542426883,0.11521423256419647
2013-06-27,1510,similarity,select,hybrid,5,20,log_euclidean,0.01,0.0018894623498009275,2207.164776735419,9020.53891386978,75345.53713710963,37672.76856855479,35910.51304883059,4.2820058350501744e-05,4.2814504489688204e-05,7.35178067851408e-08,2.451250754769001,0.11183946008131403,0.10618661439378718
2013-06-27,1510,rolling,select,hybrid,5,20,log_euclidean,0.01,0.0018959261776076083,4764.4228444786695,2413.3705763516405,7547.831587687522,3773.915793843757,3195.7808472165975,8.143813092428242e-05,8.143257706346887e-05,6.928623130269842e-07,3.6076050499443446,0.22397772495779752,0.21821078903019697
2013-06-27,1510,ewma,select,hybrid,5,20,log_euclidean,0.01,0.0019497349440810064,4537.0521729890825,2980.5591473149866,7476.252427215227,3738.1262136076243,3163.422419170203,5.611535661163725e-05,5.610980275082371e-05,6.525829853017457e-07,3.5860881900319286,0.22160667219389468,0.21254389114674485
2013-06-27,1510,ledoit_wolf,select,hybrid,5,20,log_euclidean,0.01,0.001868638818786112,7279.609878164516,1869.025336888838,678.1578093843267,339.07890469216255,-74.00436599535637,7.542814316753646e-05,7.542258930672291e-05,9.353806924182641e-06,2.705114296618724,0.1587909957421196,0.11990234290600728
2013-06-27,1510,oas,select,hybrid,5,20,log_euclidean,0.01,0.0018704522533478402,7206.414213971748,1903.6033562555383,714.6676597681526,357.3338298840765,-56.70649726661314,7.686442527630033e-05,7.685887141548678e-05,8.768313365483262e-06,2.763714997463704,0.1631040737824949,0.12518700312897557
2013-06-27,1510,shrink,select,hybrid,5,20,log_euclidean,0.01,0.0018556238577639174,7250.579928190758,1803.7787813540344,596.9833618694245,298.4916809347119,-114.61710628821405,2.3968048288474385e-06,2.3912509680338956e-06,2.440129409116655e-06,1.3911073538660348,0.7883533749270231,0.6277326453065107
2013-06-27,1510,persistence,select,hybrid,5,20,log_euclidean,0.01,0.002015597421161886,3539.301890037377,3575.246579094931,17705.979574718716,8852.989787359345,8087.855026263011,7.222821842058491e-05,7.222266455977136e-05,3.692131898019983e-07,2.775872055612031,0.12429516950420148,0.1238065762176314
2013-07-05,1515,similarity,select,hybrid,5,20,log_euclidean,0.01,0.0003997262466741658,2550.6731293511025,6287.150728743005,13389.821826451805,6694.910913225885,6237.548620174135,4.8422008051806615e-05,4.842022094978867e-05,1.498170798230804e-07,2.0799840899244533,0.07503920526876445,0.07229905108685006
2013-07-05,1515,rolling,select,hybrid,5,20,log_euclidean,0.01,0.00023256747008636844,4791.635045985501,1085.227121630407,3444.109303597363,1722.0546517986813,1259.5308249938712,3.2573416219948963e-05,3.257162911793102e-05,7.257910302256341e-07,3.43871400574191,0.20358455830823935,0.19784128047058422
2013-07-05,1515,ewma,select,hybrid,5,20,log_euclidean,0.01,0.0007858125176695482,4593.175122986941,1527.1169994556,2554.1240222327283,1277.0620111163562,815.8750697446615,3.1934374656956754e-05,3.193258755493881e-05,9.844368867832666e-07,3.3338548491403612,0.19682320190531807,0.18633354768938457
2013-07-05,1515,ledoit_wolf,select,hybrid,5,20,log_euclidean,0.01,0.00014871461896239836,8267.859546481097,633.4777684265478,344.59602112134303,172.2980105606713,-260.20707209852065,1.3377025186076414e-05,1.3375238084058468e-05,1.5674054132524702e-05,1.8325725161850546,0.091538988228784,0.054954002965384253
2013-07-05,1515,oas,select,hybrid,5,20,log_euclidean,0.01,0.00019008086247248974,7379.2440039633475,787.2889866464772,421.79943781031227,210.89971890515628,-222.87028954251687,2.014778062109942e-05,2.0145993519081476e-05,9.266930295608745e-06,2.565885478574925,0.1460124123896257,0.1114434336034681
2013-07-05,1515,shrink,select,hybrid,5,20,log_euclidean,0.01,0.00017992254882325876,7401.501768665372,736.6192201308227,368.28140750597186,184.14070375298508,-249.67866461483044,1.2494257681610283e-06,1.2476386661430833e-06,2.6799297589657418e-06,1.41192000958792,0.7512805916682748,0.573099203335677
2013-07-05,1515,persistence,select,hybrid,5,20,log_euclidean,0.01,0.001993698110048809,3555.3724247026958,1968.69291505861,3558.043262610244,1779.0216313051371,1338.1814956041942,2.254502525696888e-05,2.2543238154950937e-05,7.718021197518446e-07,2.6937976724786283,0.11273330656644186,0.11161542301856778
2013-07-12,1520,similarity,select,hybrid,5,20,log_euclidean,0.01,0.0005424171191897824,2543.737874679018,6187.27461652897,10499.363852064558,5249.6819260322745,4752.424048874702,4.463799969734348e-05,4.4637016128300125e-05,1.9361847323456087e-07,2.164680290566134,0.07925488305516386,0.07641231391898665
2013-07-12,1520,rolling,select,hybrid,5,20,log_euclidean,0.01,0.00044108754031577655,4752.46474225987,1274.3443571384116,2825.851416472184,1412.9257082360907,956.6593602275007,2.6666182490807363e-05,2.6665198921764002e-05,1.1080474747012775e-06,3.516872972256193,0.2583308033862595,0.24589285771813707
2013-07-12,1520,ewma,select,hybrid,5,20,log_euclidean,0.01,0.0016173592328161093,4559.478378478039,1727.8373881997557,2084.9766859005053,1042.4883429502574,588.3499493325735,3.6414607284971524e-05,3.641362371592817e-05,1.667237764329185e-06,3.497225516219384,0.2633538694777108,0.23663166121924792
2013-07-12,1520,ledoit_wolf,select,hybrid,5,20,log_euclidean,0.01,0.00022854875745753563,8292.308619137348,765.8048699933345,347.7269338741278,173.863466937064,-261.8090546594535,1.2911453769492009e-05,1.291047020044865e-05,1.7692685075546265e-05,1.909994251296346,0.10433042686334137,0.06133436397158776
2013-07-12,1520,oas,select,hybrid,5,20,log_euclidean,0.01,0.0003563627230101447,7182.037243310182,1006.511423308543,460.05389435330585,230.02694717665307,-207.11218158059646,1.9041071963306153e-05,1.9040088394262793e-05,9.115506653631348e-06,2.7053281598338415,0.1794653396569983,0.13207064843148106
2013-07-12,1520,shrink,select,hybrid,5,20,log_euclidean,0.01,0.00031034106680914123,7474.348858051564,866.1640070511023,369.8390335248714,184.9195167624361,-252.2401994995486,1.2314265235131808e-06,1.2304429544698221e-06,3.221683177453646e-06,1.3876070770799944,0.7507725988268029,0.5720475050573998
2013-07-12,1520,persistence,select,hybrid,5,20,log_euclidean,0.01,0.001947877036507339,3527.0071527586115,1949.100757432342,3247.8735120029874,1623.9367560014723,1174.4384677010094,3.0540822522067955e-05,3.05398389530246e-05,7.480307311283259e-07,2.668884874761141,0.111568131981318,0.11024616739537199
2013-07-19,1525,similarity,select,hybrid,5,20,log_euclidean,0.01,0.0005448244343622203,2496.0237546693575,5370.440688073288,10196.318683347175,5098.1593416736105,4631.765859347381,6.118105733130593e-05,6.117994904190387e-05,1.8362613505351445e-07,2.106876789320298,0.07477999639171623,0.07245264954373044
2013-07-19,1525,rolling,select,hybrid,5,20,log_euclidean,0.01,0.0004279511543869199,4765.656076841892,1134.5179001990216,3053.5858948643217,1526.7929474321527,1067.4107499312472,5.238542284076999e-05,5.238431455136792e-05,9.772648771097809e-07,3.555088295297889,0.23779132479671317,0.22756364577856641
2013-07-19,1525,ewma,select,hybrid,5,20,log_euclidean,0.01,0.0009286006048864204,4581.108359017415,1455.154394749902,2585.934704953095,1292.9673524765426,835.0818395542492,6.220173285907162e-05,6.220062456966955e-05,1.2507789793271515e-06,3.4361548938886957,0.24716523780803545,0.22345999858929164
2013-07-19,1525,ledoit_wolf,select,hybrid,5,20,log_euclidean,0.01,0.00022299565325896296,8266.11254134662,808.5498401061584,348.57305304570207,174.2865265228508,-261.2284425179806,2.938230635430378e-05,2.9381198064901715e-05,1.661573129091857e-05,1.8455559752456505,0.09886563156369353,0.0573892241997518
2013-07-19,1525,oas,select,hybrid,5,20,log_euclidean,0.01,0.000349988181123037,7102.653589698897,943.3115595414251,481.7329008515868,240.86645042579514,-196.4722879041642,4.130334386353493e-05,4.1302235574132865e-05,8.15769545710644e-06,2.7175550969453726,0.1733816951461156,0.13164182740868718
2013-07-19,1525,shrink,select,hybrid,5,20,log_euclidean,0.01,0.0003069095488179571,7417.218331700091,822.5890312492575,385.4367153724328,192.71835768621685,-244.5867980455067,2.839466384411206e-06,2.8383580950091424e-06,3.053084450960863e-06,1.3897971477565818,0.7425203406604104,0.5600538689791624
2013-07-19,1525,persistence,select,hybrid,5,20,log_euclidean,0.01,0.001892928963998334,3568.0317263417446,1993.761159235246,3341.566974086837,1670.783487043423,1229.4504092466195,3.206102676909393e-05,3.2059918479691865e-05,4.04584057549664e-07,2.031436693965608,0.0637727075530623,0.06287753804644543
2013-07-26,1530,similarity,select,hybrid,5,20,log_euclidean,0.01,0.0005179957798032823,2568.3210312555,4029.7073067621254,6469.700794609571,3234.850397304764,2780.7572803126886,3.4825094829726136e-05,3.482397969375135e-05,1.8888678580533495e-07,2.0217654707819075,0.0696650314716657,0.06471811603422503
2013-07-26,1530,rolling,select,hybrid,5,20,log_euclidean,0.01,0.0003463528235663842,4653.323169857229,1052.0120152181362,1746.0144066776174,873.0072033388161,419.04405829907347,1.106982628607603e-05,1.1068711150101246e-05,9.71886832258217e-07,3.443428688854383,0.2192120459904066,0.21052493740995207
2013-07-26,1530,ewma,select,hybrid,5,20,log_euclidean,0.01,0.0005872406397818233,4491.959681375554,1381.1713574066716,1559.4137158767235,779.7068579383721,322.43741153085205,1.298242009944422e-05,1.2981304963469437e-05,1.224975231112841e-06,3.2672989270478987,0.2298165324571376,0.20703274891230747
2013-07-26,1530,ledoit_wolf,select,hybrid,5,20,log_euclidean,0.01,0.00013724082556558395,8432.666781444683,973.9079578133008,332.1052342612814,166.05261713064058,-280.2065199807035,2.321268494004578e-05,2.3211569804070997e-05,1.6918936191198013e-05,1.7589208781790582,0.08720095556507977,0.04968329906700462
2013-07-26,1530,oas,select,hybrid,5,20,log_euclidean,0.01,0.0002619992201014395,7263.160570707534,942.3296033664691,362.1809384310635,181.09046921553232,-265.6485803036013,1.4544560528661411e-05,1.4543445392686628e-05,8.898680991566799e-06,2.527000744004403,0.1553311238019789,0.11562917532107987
2013-07-26,1530,shrink,select,hybrid,5,20,log_euclidean,0.01,0.00022678380566633759,7453.401679467095,877.7901485264694,326.66338249724475,163.33169124862238,-284.2942448033114,1.6078121188951946e-06,1.6066969829204115e-06,3.2178243528442015e-06,1.397524615303002,0.7254267791910384,0.5355904170724155
2013-07-26,1530,persistence,select,hybrid,5,20,log_euclidean,0.01,0.0019028559919090492,3585.564502004108,2341.9764446214144,2039.5213164647025,1019.7606582323546,567.8767116250308,3.165408795490426e-05,3.165297281892947e-05,3.331272578196967e-07,1.658603080491576,0.054110668391790066,0.04406529584520694
2013-08-02,1535,similarity,select,hybrid,5,20,log_euclidean,0.01,0.0006640912985649528,2532.8909455320613,3406.998156422073,5223.856136321956,2611.9280681609644,2124.408404802391,4.445386909857882e-05,4.445283812114079e-05,2.3555117404886566e-07,2.0931205624256175,0.07458617528279428,0.06938053777411597
2013-08-02,1535,rolling,select,hybrid,5,20,log_euclidean,0.01,0.0003398891863564093,4643.78117606567,1087.435686292817,1549.299022294936,774.6495111474808,310.05791811673777,2.321580599144231e-05,2.321477501400428e-05,1.0022539570015917e-06,3.3532844659888,0.21685099832299312,0.20665610283119237
2013-08-02,1535,ewma,select,hybrid,5,20,log_euclidean,0.01,0.00037097214921342754,4471.727326852903,1310.9098301070535,1484.5110990766786,742.2555495383438,275.0060215297011,2.4773864948834312e-05,2.477283397139628e-05,1.0955779125233699e-06,3.1966470801778484,0.21599850724741362,0.19546779402561448
2013-08-02,1535,ledoit_wolf,select,hybrid,5,20,log_euclidean,0.01,0.000136233692079774,8510.146004236092,1129.057279561181,329.8536646202783,164.92683231013896,-283.4333739855873,3.0207520400594976e-05,3.0206489423156945e-05,1.7221633678728254e-05,1.736422177208137,0.08381906277202111,0.04865492886854867
2013-08-02,1535,oas,select,hybrid,5,20,log_euclidean,0.01,0.00025388483427732844,7355.152160155396,1013.8733610059663,340.2203246911401,170.11016234556962,-279.0940583095256,2.3217491891104625e-05,2.3216460913666594e-05,9.282098697761356e-06,2.431987979183503,0.14678367865981318,0.10766398355199211
2013-08-02,1535,shrink,select,hybrid,5,20,log_euclidean,0.01,0.00022579569301745287,7459.777499025521,975.5039264584128,314.40799798253516,157.20399899126755,-292.27453623088593,1.907950785221279e-06,1.9069198077832493e-06,3.2840701428694674e-06,1.422516254481025,0.7102027681376581,0.5152491650704063
2013-08-02,1535,persistence,select,hybrid,5,20,log_euclidean,0.01,0.0001797807644320196,3387.7628302786634,1347.011567576576,3920.3118955283985,1960.155947764207,1491.854041766548,4.6254117503244285e-05,4.6253086525806254e-05,1.6098393067087036e-07,1.7247131521917427,0.059799004817118515,0.04540279689720442
2013-08-09,1540,similarity,select,hybrid,5,20,log_euclidean,0.01,0.0003915277586975172,2473.2273444404145,3244.660349099651,6189.239717952257,3094.6198589761325,2593.5541854292287,3.865089521807705e-05,3.8649602886590215e-05,1.8280113713760796e-07,2.0564483770374467,0.07091992929292704,0.06632747527613223
2013-08-09,1540,rolling,select,hybrid,5,20,log_euclidean,0.01,0.0003348386640637766,4606.083634906401,1177.8332739751622,1632.5612493645526,816.2806246822811,346.9205816377605,1.4504659671836748e-05,1.4503367340349912e-05,1.0963874688528716e-06,3.5758639583737186,0.24145544087368104,0.22812665297190593
2013-08-09,1540,ewma,select,hybrid,5,20,log_euclidean,0.01,0.0002286475856212249,4409.777144252368,1320.2265509378724,1796.0147792236337,898.0073896118117,423.29233694514113,1.6366397911185066e-05,1.636510557969823e-05,1.0292836154886237e-06,3.3802935282002564,0.24608742165781147,0.2172777156664142
2013-08-09,1540,ledoit_wolf,select,hybrid,5,20,log_euclidean,0.01,0.00014281945863805587,8477.7554485159,1342.2256064700514,324.2499459210278,162.12497296051382,-283.40519793859204,3.194215525242128e-05,3.1940862920934445e-05,1.715656600453193e-05,1.7318160848450632,0.08468068883716286,0.04753369928145474
2013-08-09,1540,oas,select,hybrid,5,20,log_euclidean,0.01,0.0002545297140310664,7295.650019367937,1155.304599072144,340.37605931367125,170.18802965683574,-276.77931518819963,2.0056016202592137e-05,2.00547238711053e-05,9.481637708336823e-06,2.5601784623517894,0.15616853827942478,0.11054860786660008
2013-08-09,1540,shrink,select,hybrid,5,20,log_euclidean,0.01,0.00022886265335027,7409.508981855804,1122.164634400765,312.39794324163694,156.19897162081872,-290.6859405235439,1.8589008244855325e-06,1.857608492998697e-06,3.2368353786273087e-06,1.443105283162568,0.7125024795051785,0.5188057591037584
2013-08-09,1540,persistence,select,hybrid,5,20,log_euclidean,0.01,0.0001839474616823555,3274.101406296577,1472.2470988969367,3945.4171324847694,1972.7085662423788,1487.1916357348873,3.5974064357114735e-05,3.59727720256279e-05,1.234142136160353e-07,1.501936553910328,0.05240928853051907,0.036870955741150374
2013-08-16,1545,similarity,select,hybrid,5,20,log_euclidean,0.01,0.00035277468269506566,2424.1430167389826,3619.147334607551,6915.799811164003,3457.8999055819995,2952.9024940197287,3.0972267174097456e-05,3.097125483523803e-05,2.029910858387003e-07,2.1974707756126732,0.08303530837976124,0.07828314231768092
2013-08-16,1545,rolling,select,hybrid,5,20,log_euclidean,0.01,0.00033586485600085723,4584.069660871045,1147.513509833674,1478.5089888969594,739.2544944484814,269.4978717243437,2.1911381503137116e-05,2.1910369164277688e-05,9.199036259850449e-07,3.318792621126149,0.2025475896683743,0.1930972457605046
2013-08-16,1545,ewma,select,hybrid,5,20,log_euclidean,0.01,0.00015820516465876643,4389.659333756112,1113.51853753223,1824.2585947947932,912.1292973973955,435.1943586800051,2.249671708580845e-05,2.249570474694902e-05,7.353636072301586e-07,3.251889097474009,0.19803260811713813,0.1860242609552844
2013-08-16,1545,ledoit_wolf,select,hybrid,5,20,log_euclidean,0.01,0.00013676580776768503,8506.909694614475,1187.8446258969934,328.011707579678,164.00585378983882,-284.2091370480565,2.368408159855065e-05,2.368306925969122e-05,1.6552467417673448e-05,1.722701194618623,0.07978389028675612,0.0454385109779822
2013-08-16,1545,oas,select,hybrid,5,20,log_euclidean,0.01,0.0002532914845954697,7321.51205428351,1071.0095208345558,335.5959316006878,167.7979658003436,-281.76050549470267,2.0727601231316543e-05,2.0726588892457115e-05,8.748251363128865e-06,2.5313890220134616,0.14148455395742732,0.10644892933463009
2013-08-16,1545,shrink,select,hybrid,5,20,log_euclidean,0.01,0.00022753996148124663,7404.850110663894,1031.5953451207213,311.92226590889106,155.96113295444565,-293.5468818538447,1.795332546424579e-06,1.794320207565151e-06,3.1296995682088898e-06,1.4851573214359362,0.6887351172501867,0.487172579266017
2013-08-16,1545,persistence,select,hybrid,5,20,log_euclidean,0.01,0.00018501775796807233,3356.9916375261428,1148.682538603442,4139.336244557849,2069.668122278921,1596.602698268945,5.2029569096061847e-05,5.202855675720242e-05,1.483418225820893e-07,1.695902254483375,0.046208068796062506,0.044239554235130533
2013-08-23,1550,similarity,select,hybrid,5,20,log_euclidean,0.01,0.0004679620848676624,2422.0554475389868,3225.281651549174,4487.33008786992,2243.665043934928,1756.5756695554405,3.487484431812243e-05,3.4873400367566035e-05,2.4470145090578954e-07,2.198830977472003,0.08356588310668606,0.07928473066429455
2013-08-23,1550,rolling,select,hybrid,5,20,log_euclidean,0.01,0.0002910555814310469,4494.694991022827,1144.0781207203554,1158.3687483208237,579.1843741604107,110.23458151257555,2.1991800694667632e-05,2.1990356744111236e-05,9.672135584429502e-07,3.3069729233938236,0.2092042113338632,0.199646339743972
2013-08-23,1550,ewma,select,hybrid,5,20,log_euclidean,0.01,0.00011218074887964321,4293.811770972863,998.6118981929421,1415.2827056346393,707.6413528173216,233.75564851812095,2.379657025748437e-05,2.3795126306927972e-05,7.782695815092246e-07,3.239835528468416,0.20584459630150906,0.19145845523175978
2013-08-23,1550,ledoit_wolf,select,hybrid,5,20,log_euclidean,0.01,0.00010240307739997623,8547.945713632658,1301.2146598043296,330.49813299841765,165.24906649920885,-290.1259686071348,2.0134665769404742e-05,2.0133221818848346e-05,1.6434121256264902e-05,1.6088537754768983,0.07513051248981463,0.04048309381007546
2013-08-23,1550,oas,select,hybrid,5,20,log_euclidean,0.01,0.00021049533039900256,7350.492067795028,1125.016211610547,317.22384010882865,158.61192005441433,-297.60820875892284,1.653896632440891e-05,1.6537522373852512e-05,9.298952856502629e-06,2.436685240579497,0.14106439640660287,0.10232241996018947
2013-08-23,1550,shrink,select,hybrid,5,20,log_euclidean,0.01,0.00019057061291634215,7354.099421185351,1082.295363032031,307.3158590383242,153.65792951916262,-302.76817965475533,1.9503566287186217e-06,1.948912678162225e-06,3.1610541629593953e-06,1.464971624360978,0.683349422939669,0.47956299733248775
2013-08-23,1550,persistence,select,hybrid,5,20,log_euclidean,0.01,7.386367985894335e-05,3268.450238855944,963.4830703509255,4234.552097376239,2117.2760486881234,1630.5790482795194,3.2112162854948196e-05,3.21107189043918e-05,1.5516421816741465e-07,1.9102195295804971,0.059585427690524176,0.05938656235774847
2013-08-30,1555,similarity,select,hybrid,5,20,log_euclidean,0.01,0.0006516314123941888,2223.859840179077,4271.121645154632,40902.75874395584,20451.379371977917,19815.271481971115,2.4437626165687995e-05,2.4435097760495238e-05,6.629012592324349e-08,2.2784611294955104,0.09109546048993629,0.08645548094415682
2013-08-30,1555,rolling,select,hybrid,5,20,log_euclidean,0.01,0.0008998395944749767,4607.845557498946,1014.4365274344063,4165.916387261924,2082.9581936309573,1615.6555944209413,3.3249100081953785e-05,3.324657167676103e-05,1.0245211846383878e-06,3.3006255450221578,0.2206600655931476,0.20719566036725956
2013-08-30,1555,ewma,select,hybrid,5,20,log_euclidean,0.01,0.0006874341771854125,4398.979311621277,772.6357152953065,5659.770513899998,2829.8852569499973,2341.8476407312255,4.520598428010243e-05,4.5203455874909674e-05,7.371925835719912e-07,3.20782497185517,0.21425540695584172,0.19612304075321646
2013-08-30,1555,ledoit_wolf,select,hybrid,5,20,log_euclidean,0.01,0.0006905786305014794,8583.79721326433,897.2103113016215,364.2778499521633,182.13892497608148,-244.31030805066084,1.964126184067988e-05,1.9638733435487122e-05,1.6185848112497388e-05,1.562478919852377,0.07337342386979484,0.03904279947354148
2013-08-30,1555,oas,select,hybrid,5,20,log_euclidean,0.01,0.00081252293692631,7394.505210767114,886.8367834418914,518.114171779392,259.05708588969594,-169.5567957650719,2.0812575755574497e-05,2.081004735038174e-05,9.361624904941247e-06,2.3166863568994476,0.14070043485578693,0.09968485420185136
2013-08-30,1555,shrink,select,hybrid,5,20,log_euclidean,0.01,0.0007898945892160232,7379.326732364294,822.798890014081,501.0998645124987,250.5499322562491,-178.46191556255255,3.504078679387185e-06,3.501550274194428e-06,3.1000547017234543e-06,1.4583639426043333,0.6673264433599917,0.45974603308105827
2013-08-30,1555,persistence,select,hybrid,5,20,log_euclidean,0.01,0.0006742496434258333,3277.834899784375,976.69366511781,11666.075103037265,5833.037551518632,5351.949299238713,2.7287929864710785e-05,2.7285401459518028e-05,1.5073859361221582e-07,2.030131325789259,0.05895641197054975,0.05875228727909117
2013-09-09,1560,similarity,select,hybrid,5,20,log_euclidean,0.01,0.0006404081170555643,2236.4063889034214,4094.0268193099723,43371.812224694346,21685.90611234717,20844.232790574337,2.7872479872842967e-05,2.7868140343093346e-05,7.005574962546609e-08,2.3407663156002596,0.09601416066037984,0.09151731284566979
2013-09-09,1560,rolling,select,hybrid,5,20,log_euclidean,0.01,0.0008798662890346395,4589.626471341663,1261.6974083187874,4560.64467196107,2280.3223359805324,1800.129737496202,2.53004737013658e-05,2.529613417161618e-05,7.402399041025641e-07,3.08915981530971,0.16823330266006398,0.15863926358593206
2013-09-09,1560,ewma,select,hybrid,5,20,log_euclidean,0.01,0.0006492810554723182,4367.024074517469,838.6750577030257,6541.044931223506,3270.522465611751,2757.2630902264173,2.3510311731324958e-05,2.3505972201575337e-05,4.8501154038895e-07,3.0334064765140787,0.1639819465156748,0.15121145262973762
2013-09-09,1560,ledoit_wolf,select,hybrid,5,20,log_euclidean,0.01,0.0006762726499253924,8558.838821016576,1182.0150156347454,365.6828054273565,182.84140271367812,-243.93933281893632,2.491253749674701e-05,2.490819796699739e-05,1.1538315366208817e-05,1.3475396066143495,0.05262571654992302,0.028975840031824584
2013-09-09,1560,oas,select,hybrid,5,20,log_euclidean,0.01,0.0007994142024823205,7312.105399389441,1165.9176342673277,546.9896791532634,273.49483957663193,-156.31206543557988,2.0880725170602407e-05,2.0876385640852786e-05,6.523610638463579e-06,2.0513816191702836,0.10646062501274434,0.07413741483902012
2013-09-09,1560,shrink,select,hybrid,5,20,log_euclidean,0.01,0.0007774111758812141,7276.407462778286,1094.3354623465575,533.1642557371315,266.5821278685654,-163.47560897439564,4.409967529492715e-06,4.405627999743094e-06,2.554094244828537e-06,1.4614610485159008,0.5800286979880973,0.3547638360254801
2013-09-09,1560,persistence,select,hybrid,5,20,log_euclidean,0.01,0.0006646994544685115,3284.0911219633135,987.8691764207492,10287.861098182644,5143.930549091319,4606.715898108968,2.92969729148689e-05,2.929263338511928e-05,1.801285714389146e-07,2.124134775245175,0.06607782505420032,0.06584707270054548
2013-09-16,1565,similarity,select,hybrid,5,20,log_euclidean,0.01,0.0006689411538113971,2090.4729679274924,3324.761453684051,83123.32588510464,41561.66294255231,40630.914089194885,2.7788196167631275e-05,2.7784229364332344e-05,4.248913921070927e-08,2.3905783104332987,0.10946556545540582,0.09949084779885153
2013-09-16,1565,rolling,select,hybrid,5,20,log_euclidean,0.01,0.0007183964226692273,4569.4633464199,1318.3104568061187,5110.942794092747,2555.4713970463727,2092.5695362727884,3.125949210953385e-05,3.125552530623492e-05,6.729627422140993e-07,3.204053471428585,0.18463359400433674,0.17138039289967769
2013-09-16,1565,ewma,select,hybrid,5,20,log_euclidean,0.01,0.0006478275362273289,4338.362573949392,957.3539677328442,6881.361194679057,3440.680597339536,2964.742185280401,3.961302228142031e-05,3.960905547812138e-05,4.7514598536660937e-07,3.124206302734498,0.17930136063071586,0.16037358525262854
2013-09-16,1565,ledoit_wolf,select,hybrid,5,20,log_euclidean,0.01,0.000676967170304721,8688.773491394255,1917.2379015638576,352.7010481694033,176.35052408470187,-244.44375821123177,4.5974646785286845e-05,4.5970679981987914e-05,9.268061543402509e-06,1.1333871703533496,0.03453199876058199,0.018295105660644503
2013-09-16,1565,oas,select,hybrid,5,20,log_euclidean,0.01,0.000689440206939749,7525.3915247380355,1460.9496186804583,469.0547429804226,234.52737149021164,-187.71793295825518,2.978528384715486e-05,2.978131704385593e-05,7.526974899253993e-06,1.916821187821455,0.092915916437079,0.060248949312621904
2013-09-16,1565,shrink,select,hybrid,5,20,log_euclidean,0.01,0.0006974204307152545,7112.217181348144,1392.0051271264597,540.4613653415797,270.23068267078975,-153.46310736027937,3.532149769817569e-06,3.5281829665186376e-06,2.2753445377179406e-06,1.4162875514153392,0.6237792388398727,0.4030592716711554
2013-09-16,1565,persistence,select,hybrid,5,20,log_euclidean,0.01,0.0006765167446982889,3276.986874373485,999.9135236286156,12182.559281242558,6091.279640621289,5588.080698183317,4.691449621844254e-05,4.691052941514361e-05,1.392421449489314e-07,1.9073764856755497,0.06760692296199973,0.05395681180584572
2013-09-23,1570,similarity,select,hybrid,5,20,log_euclidean,0.01,0.0006856075029425401,2157.385412345398,3923.0725643594847,65386.10643017263,32693.0532150863,31796.537231311813,4.6979440391641366e-05,4.697639717416901e-05,9.875190451519927e-08,3.0899884745500983,0.1932502854008511,0.18071895729735454
2013-09-23,1570,rolling,select,hybrid,5,20,log_euclidean,0.01,0.0006865695265583519,4646.989309770091,961.298076575301,7351.505625787383,3675.7528128936906,3204.687373224181,3.628993244858096e-05,3.62868892311086e-05,5.229332736324357e-07,3.1440804259021586,0.1868102843405434,0.17457086271471547
2013-09-23,1570,ewma,select,hybrid,5,20,log_euclidean,0.01,0.0006766586887051693,4420.1226186999975,932.3643982452277,8348.643129036107,4174.321564518048,3696.64431708103,4.6539347592477e-05,4.653630437500464e-05,4.432886762141296e-07,3.070145751650754,0.18514218274318495,0.16950207558423247
2013-09-23,1570,ledoit_wolf,select,hybrid,5,20,log_euclidean,0.01,0.0006897111179579909,7972.512669421414,1512.8779567709034,396.6353932819818,198.31769664099073,-221.2458825782033,3.420308631534128e-05,3.420004309786892e-05,8.873309996898747e-06,1.4783914746643387,0.06159403086700052,0.035599214405213284
2013-09-23,1570,oas,select,hybrid,5,20,log_euclidean,0.01,0.0006845536347267315,7458.277059070112,1248.9134918357208,488.1188646720509,244.05943233602534,-176.3525273614398,2.9006746853599364e-05,2.9003703636127005e-05,7.246998295432003e-06,1.8184485435883355,0.08967921540640524,0.05851194026126573
2013-09-23,1570,shrink,select,hybrid,5,20,log_euclidean,0.01,0.000690683840464127,6858.020928086093,1110.8085281990102,624.638492683075,312.31924634153734,-110.3318379200603,3.3165546434235093e-06,3.3135114259511515e-06,1.8373267796398125e-06,1.422242795655048,0.6557500078427836,0.4425391265669618
2013-09-23,1570,persistence,select,hybrid,5,20,log_euclidean,0.01,0.0006756381979986172,3329.8860040882464,1003.5993787008515,15136.811353222583,7568.405676611296,7044.011125701963,8.18381155031289e-05,8.183507228565654e-05,1.6136331546947036e-07,2.1578799257431323,0.0735134946411604,0.07319208883629202
2013-09-30,1575,similarity,select,hybrid,5,20,log_euclidean,0.01,9.176376711478705e-05,2277.657562441928,3796.924785911312,22960.05739065422,11480.028695327117,10829.259149153298,6.639539485835838e-05,6.639413634174324e-05,1.2007404222790273e-07,3.1065883771617613,0.17412989022331996,0.16405007714876785
2013-09-30,1575,rolling,select,hybrid,5,20,log_euclidean,0.01,0.00017644728130877802,4775.186510145716,854.9101956450477,2441.2028487460775,1220.601424373046,773.5875550979457,3.152752519917949e-05,3.152626668256435e-05,6.573381989684189e-07,2.9182433561729435,0.17304116278807924,0.16125513354910592
2013-09-30,1575,ewma,select,hybrid,5,20,log_euclidean,0.01,0.0009893799189368852,4569.451223085319,917.8112678473967,1836.4468820120176,918.223441006006,473.22920776321973,2.9762805954179155e-05,2.9761547437564015e-05,8.293340544244636e-07,2.7209363898039056,0.15698667616724926,0.13841104703875795
2013-09-30,1575,ledoit_wolf,select,hybrid,5,20,log_euclidean,0.01,0.00011075577167147239,8814.703418971741,1620.7032917754655,331.91346627651217,165.95673313825642,-273.2153110555807,4.6660845230862464e-05,4.6659586714247324e-05,8.990894397748048e-06,1.079985937426549,0.03040787354964811,0.015918571389841676
2013-09-30,1575,oas,select,hybrid,5,20,log_euclidean,0.01,0.00013841906114819784,7533.791921889242,1038.9457399938237,346.05919313508906,173.02959656754436,-266.31647189817295,2.5417039940269154e-05,2.5415781423654014e-05,7.382300533773254e-06,1.8992957987882033,0.0949314072257914,0.06417893413133098
2013-09-30,1575,shrink,select,hybrid,5,20,log_euclidean,0.01,0.00017782559375694286,6938.612685706888,959.8880403067378,404.57088930496644,202.28544465248376,-237.6726840565753,4.894480052623e-06,4.893221536007861e-06,2.1920163200225424e-06,1.5234057742057123,0.5765533130482716,0.35320229381896556
2013-09-30,1575,persistence,select,hybrid,5,20,log_euclidean,0.01,0.0006860307583792164,3453.6128316386566,1096.0628658473747,3736.966217770288,1868.4831088851392,1416.3164046860277,4.253253670497073e-05,4.253127818835559e-05,2.3724399290543913e-07,1.8427465171428306,0.05469143557832667,0.054238799435793336
2013-10-07,1580,similarity,select,hybrid,5,20,log_euclidean,0.01,8.639406078792793e-05,2159.938109394984,4441.015829770065,46259.17667725637,23129.5883386282,22225.348961903113,3.059198312164764e-05,3.0590192742231196e-05,3.930512742067122e-08,2.402509252233873,0.10230609395948419,0.09718918922138671
2013-10-07,1580,rolling,select,hybrid,5,20,log_euclidean,0.01,0.00016261722298855803,4744.737132079178,739.4342552424418,2994.836039448123,1497.4180197240653,1046.7426111358661,3.53847516931387e-05,3.538296131372226e-05,5.655583373793447e-07,2.9027446376069093,0.16629195334488384,0.15976564208172653
2013-10-07,1580,ewma,select,hybrid,5,20,log_euclidean,0.01,0.0005594914056564615,4561.929395639714,817.7938250369498,2498.2302369850863,1249.1151184925402,798.8382419185723,2.969417738949747e-05,2.9692387010081025e-05,6.624123148678049e-07,2.7500995537332016,0.1558723224633867,0.14503138710592622
2013-10-07,1580,ledoit_wolf,select,hybrid,5,20,log_euclidean,0.01,9.578949526835518e-05,8593.538242075821,1251.6287814526527,327.4881665472664,163.74408327363335,-271.6928105059227,3.527409684519117e-05,3.5272306465774725e-05,9.340342028720444e-06,1.1660694040722008,0.03673595210130061,0.018729516889745865
2013-10-07,1580,oas,select,hybrid,5,20,log_euclidean,0.01,0.00012951893389182026,7241.763263369392,760.4557480183704,384.33883125455793,192.1694156272792,-243.86851969715062,2.055343387671314e-05,2.0551643497296695e-05,6.552227566048544e-06,2.0973515940588543,0.10981767512945702,0.0791901698994623
2013-10-07,1580,shrink,select,hybrid,5,20,log_euclidean,0.01,0.000162774093231973,6813.904029590395,736.6140960251942,428.8485726575243,214.42428632876238,-222.62291181510037,4.130463888504357e-06,4.128673509087913e-06,2.0529301644258556e-06,1.535304261181706,0.6030508263752103,0.3837369211174432
2013-10-07,1580,persistence,select,hybrid,5,20,log_euclidean,0.01,0.0006671685159996006,3579.1558825951715,1035.4415856403994,4129.686506688276,2064.8432533441387,1603.545627180748,1.9457514128812806e-05,1.945572374939636e-05,3.406139043491599e-07,2.1384785325364026,0.08807042337475357,0.07724258038179677
2013-10-14,1585,similarity,select,hybrid,5,20,log_euclidean,0.01,5.835452187682133e-05,2280.709892402773,4677.575983721962,30889.372345090622,15444.68617254529,14835.69029038433,3.417242556957021e-05,3.4169589337242355e-05,4.612110019071137e-08,2.142432102803632,0.08499095160239185,0.08136137010088358
2013-10-14,1585,rolling,select,hybrid,5,20,log_euclidean,0.01,0.00015015277061914434,4671.872478727151,711.9698492875433,2872.299583797857,1436.1497918989335,971.4298882188443,5.806181732138385e-05,5.8058981089055996e-05,5.124494759716783e-07,2.785297251982003,0.15206122707345268,0.146042193241274
2013-10-14,1585,ewma,select,hybrid,5,20,log_euclidean,0.01,0.00034857854286248115,4495.163049993267,1022.1998719320673,2455.2124124294987,1227.6062062147405,766.3475232996362,5.2232911212745595e-05,5.223007498041774e-05,6.12898219324484e-07,2.6882458602089474,0.14627862229042288,0.13617419888793558
2013-10-14,1585,ledoit_wolf,select,hybrid,5,20,log_euclidean,0.01,6.292638515231376e-05,8449.153683722767,825.426801316254,330.48314801074196,165.2415740053715,-274.78913822831635,3.345184272025049e-05,3.344900648792264e-05,1.0841235574511656e-05,1.3368067532473626,0.048710266816866916,0.027936865738883612
2013-10-14,1585,oas,select,hybrid,5,20,log_euclidean,0.01,0.0001129831021731127,7131.015145300908,565.8212606048036,398.4637864756652,199.23189323783248,-242.07207072949845,4.013054987436872e-05,4.0127713642040865e-05,5.720122598858245e-06,2.123429213304234,0.10650233120264281,0.08177586555236566
2013-10-14,1585,shrink,select,hybrid,5,20,log_euclidean,0.01,0.00013973042792679642,6868.696988724871,543.7762237143376,400.3843263203322,200.19216316016616,-242.21735881152057,6.155457898048034e-06,6.152621665720178e-06,2.0829422543023155e-06,1.4907855858024972,0.6175003788262518,0.3977355290554907
2013-10-14,1585,persistence,select,hybrid,5,20,log_euclidean,0.01,0.000662080965864086,3483.1050701620597,1088.6603863750083,3433.850240546948,1716.9251202734629,1255.1331717349344,3.6027543338167656e-05,3.60247071058398e-05,3.8311031780742757e-07,2.1741511365167665,0.10868772710759794,0.07822593827894132
2013-10-21,1590,similarity,select,hybrid,5,20,log_euclidean,0.01,7.001120480866293e-05,2094.881846040682,5882.8953567734015,18243.900269670914,9121.95013483546,8627.61211621627,4.396770316553774e-05,4.39662692948172e-05,6.970207198971087e-08,2.1256475009637983,0.08803596022885933,0.07338300811106746
2013-10-21,1590,rolling,select,hybrid,5,20,log_euclidean,0.01,0.00014928962074820402,4577.684243874376,705.4835649931257,2395.5534319214134,1197.7767159607026,730.049270596988,6.018730632469217e-05,6.018587245397163e-05,6.62683137552296e-07,3.1038884667990754,0.18992643363873676,0.1815980821295992
2013-10-21,1590,ewma,select,hybrid,5,20,log_euclidean,0.01,0.00022268438900740255,4395.628258363662,923.9417228480518,2203.403398342988,1101.7016991714859,634.4863626688566,5.665631700838849e-05,5.6654883137667945e-05,7.307855562576221e-07,3.0035395138363326,0.18631690374961607,0.1715339537669173
2013-10-21,1590,ledoit_wolf,select,hybrid,5,20,log_euclidean,0.01,5.6787443858113286e-05,8486.218745804983,787.9920246007352,330.7001408353401,165.35007041767017,-278.1184330070902,3.362706856413665e-05,3.362563469341611e-05,1.2047335088616558e-05,1.3397098148084619,0.05317819427723098,0.028758115303196757
2013-10-21,1590,oas,select,hybrid,5,20,log_euclidean,0.01,0.00010918808200919894,7195.014068929413,544.111122821389,370.6725217488212,185.3362608744108,-259.37666432504386,4.723881777283942e-05,4.723738390211888e-05,7.130879654060172e-06,2.176732235433313,0.12438038433769007,0.0901689953476137
2013-10-21,1590,shrink,select,hybrid,5,20,log_euclidean,0.01,0.00013580703385457054,6922.511271856401,525.8113745674802,362.1372120765198,181.06860603826036,-264.44854256765836,4.372608025943115e-06,4.371174155222571e-06,2.384536418625003e-06,1.4313486976793444,0.6829108071562763,0.4776225165872269
2013-10-21,1590,persistence,select,hybrid,5,20,log_euclidean,0.01,0.000680692019273209,3496.122597549397,1080.9359265756264,3170.991405331737,1585.495702665875,1122.0275220249482,4.692867334085096e-05,4.692723947013042e-05,3.3359370996295885e-07,2.109711025414089,0.07709046710292651,0.06630999245016697
2013-10-28,1595,similarity,select,hybrid,5,20,log_euclidean,0.01,4.915523284854719e-05,1993.8343633524478,4951.382316672203,45125.25264512666,22562.626322563337,21967.593886153827,3.433070246741932e-05,3.432947807822692e-05,3.742650598020189e-08,2.7106198268814836,0.13177527172782977,0.12262074922067212
2013-10-28,1595,rolling,select,hybrid,5,20,log_euclidean,0.01,0.00015178304069287537,4740.606460483995,683.4662857258963,2154.9375866961323,1077.4687933480627,601.2075647794651,7.426828295877089e-05,7.42670585695785e-05,6.24607238232671e-07,3.004245362295026,0.17479442726069322,0.16728343582609237
2013-10-28,1595,ewma,select,hybrid,5,20,log_euclidean,0.01,0.00015515782483185368,4575.793323626924,839.5647255141077,2089.6423331390824,1044.8211665695376,568.253082812102,5.809959660871686e-05,5.8098372219524454e-05,6.608886356302013e-07,2.834260070730081,0.17556097502622786,0.15865075742159795
2013-10-28,1595,ledoit_wolf,select,hybrid,5,20,log_euclidean,0.01,5.7054354138782684e-05,8575.262033251254,985.2875398587269,335.9027211892644,167.9513605946325,-281.5273722309685,3.5124485809141204e-05,3.51232614199488e-05,1.1380158506816257e-05,1.3119897842600499,0.047665749496803786,0.026188772324498167
2013-10-28,1595,oas,select,hybrid,5,20,log_euclidean,0.01,0.00010972454013963415,7324.7579179677305,624.0519962904746,357.8089277216819,178.90446386084125,-271.81495287050495,4.8438049000067566e-05,4.843682461087516e-05,6.907878139899397e-06,2.0929047390632394,0.1118151757557156,0.08007732027511934
2013-10-28,1595,shrink,select,hybrid,5,20,log_euclidean,0.01,0.00014130399498565207,7005.685091287605,610.5134120171682,360.0802528965403,180.04012644826992,-271.19183374740203,4.59255345285578e-06,4.591329063663379e-06,2.354044011558003e-06,1.408988392625836,0.658256214546983,0.44565212712229135
2013-10-28,1595,persistence,select,hybrid,5,20,log_euclidean,0.01,8.876787616805118e-05,3572.848526524458,963.2636620428344,4688.65794490914,2344.3289724545807,1887.8022287129486,5.261581639130823e-05,5.261459200211583e-05,1.9027134405509394e-07,2.0194924411158044,0.06886774132172238,0.06290818252101536
2013-11-04,1600,similarity,select,hybrid,5,20,log_euclidean,0.01,7.032420205663062e-05,2068.6382737983636,5789.451012897453,54865.11393909542,27432.556969547702,26301.70984982697,3.218245328224829e-05,3.2181158975077266e-05,3.994322036949231e-08,2.6738466472132063,0.12906870937642057,0.11846575753663094
2013-11-04,1600,rolling,select,hybrid,5,20,log_euclidean,0.01,0.00017032556521985,4800.6096500365875,803.2128223630231,2799.104181023436,1399.5520905117232,916.7998030501622,7.048461926409077e-05,7.048332495691975e-05,6.34293424356566e-07,3.0356648989416564,0.182806707582275,0.1741641921016336
2013-11-04,1600,ewma,select,hybrid,5,20,log_euclidean,0.01,0.0001353726739043959,4630.309094000007,918.8050452020974,2879.578612334516,1439.7893061672653,955.9602221940079,6.468994099048721e-05,6.468864668331619e-05,5.97124682729856e-07,2.8713705116449484,0.17214386232484677,0.15721565639544552
2013-11-04,1600,ledoit_wolf,select,hybrid,5,20,log_euclidean,0.01,7.65236173461192e-05,8545.758903530012,910.0750533158409,336.29611035952144,168.14805517976063,-276.68770284080136,3.3606561070903906e-05,3.360526676373288e-05,1.096244190668706e-05,1.2862912408479539,0.04669550025067292,0.02491158208219762
2013-11-04,1600,oas,select,hybrid,5,20,log_euclidean,0.01,0.00012973851808026923,7294.221828451576,668.9534998393127,390.4116357821065,195.2058178910534,-251.46130642696994,4.641703804205692e-05,4.6415743734885895e-05,6.921201611276605e-06,2.1617886739219436,0.11718749078892654,0.08353960389356915
2013-11-04,1600,shrink,select,hybrid,5,20,log_euclidean,0.01,0.0001600776726242527,7013.8050445191475,672.6940746067606,403.56948350293874,201.78474175146954,-245.7905228840532,4.460461874474669e-06,4.459167567303648e-06,2.3126212432116657e-06,1.4147709335942453,0.6659946404822819,0.45582022362468055
2013-11-04,1600,persistence,select,hybrid,5,20,log_euclidean,0.01,0.00011256329462639316,3625.7046960247862,1069.8772390858785,5205.45797877094,2602.728989385455,2083.1505141467687,5.826663678019385e-05,5.8265342473022826e-05,2.1011102145196986e-07,2.0911204487698,0.06599083489625251,0.06563734578787887
2013-11-11,1605,similarity,select,hybrid,5,20,log_euclidean,0.01,6.247988818251951e-05,2177.82490467205,6917.003729491374,46306.81201124518,23153.406005622615,22062.034544630722,4.338221979262352e-05,4.338153860060183e-05,5.001140704083104e-08,2.727848667533623,0.13069396171854641,0.12105163198079551
2013-11-11,1605,rolling,select,hybrid,5,20,log_euclidean,0.01,0.00017827621341651357,4852.343761737131,977.7026373039332,2803.289378309469,1401.6446891547344,925.0223310698291,9.741160672577671e-05,9.741092553375501e-05,6.710259427030207e-07,2.9564862804262875,0.19200222792264435,0.18571737354481863
2013-11-11,1605,ewma,select,hybrid,5,20,log_euclidean,0.01,0.00012082113199803777,4642.684957145249,1067.498295208257,3006.3824524450442,1503.1912262225196,1023.4462141021189,9.881715655426235e-05,9.881647536224066e-05,6.301783396019275e-07,2.9628072784806894,0.18944267186188393,0.18101994715361677
2013-11-11,1605,ledoit_wolf,select,hybrid,5,20,log_euclidean,0.01,6.473221240252245e-05,8580.979174859545,725.6853676511105,342.2513267959912,171.12566339799562,-276.24400527347973,2.375333330838865e-05,2.3752652116366958e-05,1.1208762328024493e-05,1.2306333893836243,0.05094201052963824,0.023266973521423994
2013-11-11,1605,oas,select,hybrid,5,20,log_euclidean,0.01,0.00013166802343704865,7360.692264442001,709.1536988514189,394.48854964303035,197.24427482151512,-251.6884981451338,5.031115259028302e-05,5.031047139826133e-05,7.750569965147531e-06,2.1098679865756935,0.12679344973726459,0.08920319384768854
2013-11-11,1605,shrink,select,hybrid,5,20,log_euclidean,0.01,0.0001602795724686686,7078.95454588363,719.7699094291305,412.26761346171304,206.13380673085638,-243.47448888479033,6.674820192438648e-06,6.674139000416959e-06,2.365099826345191e-06,1.4258164521180368,0.6762041183470037,0.4697333952264447
2013-11-11,1605,persistence,select,hybrid,5,20,log_euclidean,0.01,9.930059574919992e-05,3621.9294581951604,1092.3476338115483,5866.994361999481,2933.4971809997396,2416.5157686761213,8.539776549261332e-05,8.539708430059162e-05,2.796206275715378e-07,2.414750914312673,0.09680448732147764,0.09615902806306088
2013-11-18,1610,similarity,select,hybrid,5,20,log_euclidean,0.01,6.105783413812165e-05,2124.8186342957288,7190.695592404331,37885.09428545484,18942.54714272739,18132.22796802503,5.013086978886548e-05,5.013016950391641e-05,4.978009612497621e-08,2.3780450906645796,0.10920525201763272,0.10208157743372842
2013-11-18,1610,rolling,select,hybrid,5,20,log_euclidean,0.01,0.00017907535777590529,4858.5897784840645,1037.891580453228,2774.7052878381196,1387.3526439190582,906.8981603136857,8.444259608528611e-05,8.444189580033704e-05,7.169249887057061e-07,3.1175969274064723,0.20325461800864492,0.1956205414258861
2013-11-18,1610,ewma,select,hybrid,5,20,log_euclidean,0.01,0.00010172231901263684,4679.281368559423,1097.0583538854219,3320.7897858507104,1660.3948929253552,1173.1731392588076,0.00010192740556693692,0.00010192670528198784,6.248836908581138e-07,3.175620322460008,0.20811098940536363,0.19573221072990124
2013-11-18,1610,ledoit_wolf,select,hybrid,5,20,log_euclidean,0.01,6.346112017190725e-05,8614.447040013394,770.5307673537577,344.8795175797367,172.43975878986825,-277.23040069556066,3.005709419065977e-05,3.00563939057107e-05,1.1315011437079036e-05,1.1861956476228057,0.050313958847295906,0.02210799438537656
2013-11-18,1610,oas,select,hybrid,5,20,log_euclidean,0.01,0.00013126383023802759,7404.995705691677,753.7046816850647,392.9640477483308,196.48202387416495,-254.69647829256155,5.504018638655612e-05,5.503948610160705e-05,8.258387476524866e-06,2.171353074936544,0.1304329541960603,0.0903733441827732
2013-11-18,1610,shrink,select,hybrid,5,20,log_euclidean,0.01,0.00016107602435071607,7095.13836110687,770.9465387445889,417.0240524922716,208.51202624613575,-243.15815511206014,7.2542282101763315e-06,7.253527925227262e-06,2.415751257896363e-06,1.4190876876871945,0.6843816229087374,0.4804216466712255
2013-11-18,1610,persistence,select,hybrid,5,20,log_euclidean,0.01,9.69641029937184e-05,3563.529023075751,1160.5412910505784,6071.446046810597,3035.7230234053027,2519.4368628101547,4.843248175576386e-05,4.8431781470814794e-05,1.7483496902500892e-07,2.0707242038732603,0.07225053881748886,0.06430012506486033
2013-11-25,1615,similarity,select,hybrid,5,20,log_euclidean,0.01,0.009782764211565756,2450.799824467375,6391.7546887434055,285028.93822623097,142514.46911311548,140408.48706112703,5.725998516165081e-05,5.7253265011049843e-05,3.7287348977496635e-08,2.3617957196900368,0.10054602647280551,0.0933266005430911
2013-11-25,1615,rolling,select,hybrid,5,20,log_euclidean,0.01,0.009880757565216405,5121.620865993603,1048.884008911834,19083.347851359424,9541.673925679714,9037.473746173328,0.00012127404432455084,0.00012126732417394987,7.840685439835776e-07,3.263117393221227,0.22186698161258422,0.21195533638486866
2013-11-25,1615,ewma,select,hybrid,5,20,log_euclidean,0.01,0.00978843325916428,4915.580896689888,1102.2781417061635,22997.95261317239,11498.976306586197,10962.651652400851,0.00015228036278858002,0.00015227364263797904,6.032694287448281e-07,3.1581985064168654,0.21341008427355604,0.1969874625908664
2013-11-25,1615,ledoit_wolf,select,hybrid,5,20,log_euclidean,0.01,0.009735303412591607,8649.676299441595,772.3930630057207,578.8939556043217,289.4469778021611,-93.4531498269833,4.0306043907791645e-05,4.0299323757190675e-05,1.1593425798983199e-05,1.2014367613894863,0.05106346553671774,0.022906309048194545
2013-11-25,1615,oas,select,hybrid,5,20,log_euclidean,0.01,0.009825394686860398,7482.556160839145,774.33214020232,1386.178488244375,693.0892441221874,303.8568749165123,7.127498675443743e-05,7.126826660383646e-05,8.577083446228523e-06,2.123898665003929,0.13544113086995796,0.0910489503380502
2013-11-25,1615,shrink,select,hybrid,5,20,log_euclidean,0.01,0.009860848177172053,7200.735706684569,785.1597478048106,1730.3295844047716,865.1647922023858,472.8188028399121,1.1946853295111616e-05,1.1940133144510646e-05,2.419642417381384e-06,1.4146212021432205,0.6841954865823204,0.4811838498430326
2013-11-25,1615,persistence,select,hybrid,5,20,log_euclidean,0.01,0.00979963317815305,3789.0474501074023,1318.334672595274,43301.1286197035,21650.564309851758,20973.10834739876,8.661228790447229e-05,8.660556775387132e-05,1.5176031317231832e-07,2.019598549504231,0.07011192894305328,0.062178248379677815
2013-12-03,1620,similarity,select,hybrid,5,20,log_euclidean,0.01,0.009734815113802375,2166.394554522127,6269.106341259184,257212.1309162179,128606.06545810895,126337.84830655341,0.00029415752578507734,0.00029414184394282284,5.2301018898380156e-08,2.771587538006181,0.14615853975950446,0.13728321807396018
2013-12-03,1620,rolling,select,hybrid,5,20,log_euclidean,0.01,0.009839815595992564,5143.728689215642,996.3474903078009,18132.92501373595,9066.462506867976,8568.687596962689,0.0001304741344857728,0.00013045845264351828,7.068073957265619e-07,3.2377623280807497,0.19162088621493442,0.18414862575763952
2013-12-03,1620,ewma,select,hybrid,5,20,log_euclidean,0.01,0.009768937804291134,4922.587565440617,1129.4706844529696,21160.586305306308,10580.293152653152,10039.27171447388,0.00026192359895721185,0.00026190791711495735,6.099946701315332e-07,3.1682954615889947,0.19676269488768452,0.18274514169115344
2013-12-03,1620,ledoit_wolf,select,hybrid,5,20,log_euclidean,0.01,0.009689930515502161,8742.724704045642,939.9106117309041,547.804314241414,273.9021571207069,-113.74826436780843,3.516917695760961e-05,3.5153495115355094e-05,1.0544680196244635e-05,1.18884443262844,0.04300201451606175,0.020245843114620087
2013-12-03,1620,oas,select,hybrid,5,20,log_euclidean,0.01,0.009780160650857836,7601.3059703198605,830.5708575055905,1234.4900584478405,617.2450292239201,224.38640957089996,6.125090459549692e-05,6.123522275324241e-05,8.197730486889568e-06,2.0350554891835406,0.11492546463488316,0.07595592617238743
2013-12-03,1620,shrink,select,hybrid,5,20,log_euclidean,0.01,0.009819601731653858,7254.77850773025,832.8480447124432,1664.744560570512,832.372280285256,435.38346949845464,1.3872443281362892e-05,1.3856761439108374e-05,2.408297749030349e-06,1.4358459310744685,0.6523999732496184,0.43959858856208706
2013-12-03,1620,persistence,select,hybrid,5,20,log_euclidean,0.01,0.009767425701873191,3720.6561687338217,1329.4510343434108,36393.093115081014,18196.54655754051,17594.569195733067,8.165516663075804e-05,8.163948478850353e-05,1.60979549560143e-07,1.9041979115639356,0.08887520944858661,0.058974312871910725
2013-12-10,1625,similarity,select,hybrid,5,20,log_euclidean,0.01,0.009757733550483165,2120.79560551122,6383.9632707015735,220561.54895452817,110280.77447726409,108336.94056395737,8.050326019357702e-05,8.048150772274991e-05,6.593237976125144e-08,2.6633064063267455,0.14773167196545423,0.1297991031797546
2013-12-10,1625,rolling,select,hybrid,5,20,log_euclidean,0.01,0.009760796890246871,5010.822018555553,989.4268014677154,23572.47545213876,11786.23772606938,11204.035012244723,0.000201246308486818,0.00020122455601599088,5.340268875005985e-07,3.188831561252138,0.19609538151943195,0.1898149027414399
2013-12-10,1625,ewma,select,hybrid,5,20,log_euclidean,0.01,0.009769548129453505,4828.5822627346715,1062.2618782801628,24326.065326017964,12163.032663008984,11573.772872072299,0.00030898481261286556,0.0003089630601420385,5.405957766777743e-07,3.110149628215483,0.2013500666106048,0.18664751833848672
2013-12-10,1625,ledoit_wolf,select,hybrid,5,20,log_euclidean,0.01,0.009730027885240817,7728.477716961267,807.6721396313787,975.9956012020909,487.9978006010452,95.2324320358563,4.108900672166348e-05,4.106725425083637e-05,9.145581261752043e-06,1.7396873118305007,0.09383621055808067,0.05669044126250799
2013-12-10,1625,oas,select,hybrid,5,20,log_euclidean,0.01,0.009734679877560038,7558.469587619364,809.7080042696206,1133.167345569665,566.5836727848325,172.35474637624873,4.8892337647735115e-05,4.8870585176908006e-05,8.335771950899547e-06,1.8839704189520519,0.10591793937034405,0.06745360760516372
2013-12-10,1625,shrink,select,hybrid,5,20,log_euclidean,0.01,0.009743319449309834,7187.81056553037,822.4144750838348,1631.1162061008063,815.5581030504028,415.0183182048295,6.674211993500704e-06,6.652459522673597e-06,1.935290107254114e-06,1.3673590507317515,0.7100048592794629,0.5139989549085556
2013-12-10,1625,persistence,select,hybrid,5,20,log_euclidean,0.01,0.009779786602762039,3687.212647692184,1256.907341059693,39913.36498668484,19956.68249334242,19286.632131240076,4.412189804714765e-05,4.4100145576320544e-05,1.0153761007571874e-07,1.626987949876358,0.05356791795463154,0.03997954041440884
2013-12-17,1630,similarity,select,hybrid,5,20,log_euclidean,0.01,0.00969292968726052,2149.4363188251045,5917.6240705706605,193934.93925441644,96967.46962720822,95168.84579797376,0.00026064892205867837,0.0002606337754359942,8.793555317415054e-08,3.0844109999242515,0.18707871521412353,0.17511697014153058
2013-12-17,1630,rolling,select,hybrid,5,20,log_euclidean,0.01,0.009683095126525728,4998.0233295067355,914.4269265528262,22334.279023533756,11167.13951176688,10673.15771429321,0.00018262055465090917,0.000182605408028225,7.640326258961525e-07,3.4603872468476933,0.27837923442029633,0.26829369612940557
2013-12-17,1630,ewma,select,hybrid,5,20,log_euclidean,0.01,0.00968923498278285,4782.5745209736715,1020.0660384632457,23785.988178344483,11892.994089172244,11400.01006369677,0.0001555012284816207,0.00015548608185893652,6.551417732778884e-07,3.374235021718891,0.27030817559501463,0.25334625430623137
2013-12-17,1630,ledoit_wolf,select,hybrid,5,20,log_euclidean,0.01,0.009660312480677695,7773.26466737866,852.0578336625579,941.6567306067443,470.82836530337204,82.9084026771172,2.9398260775260583e-05,2.9383114152576422e-05,1.1326494671720462e-05,1.6733325997340307,0.11053315620590415,0.05669739576203282
2013-12-17,1630,oas,select,hybrid,5,20,log_euclidean,0.01,0.009663443679605815,7603.808652905504,834.4799736404075,1087.6514720956716,543.8257360478356,155.10339778692006,3.5035402927799286e-05,3.5020256305115125e-05,1.0664186664110494e-05,1.8110790074088188,0.1286934217595241,0.0705803259488956
2013-12-17,1630,shrink,select,hybrid,5,20,log_euclidean,0.01,0.00967214497875573,7211.2031829928,825.733305585296,1590.7878982934817,795.3939491467409,402.3576827979149,2.7206710823598213e-06,2.7055244596756605e-06,2.1196742319115125e-06,1.3140325059813136,0.7717998298598439,0.6026494999915276
2013-12-17,1630,persistence,select,hybrid,5,20,log_euclidean,0.01,0.009711789482663493,3680.0831909308345,1326.292457827682,41352.2340226658,20676.117011332914,20123.62313768693,8.492364630305642e-05,8.490849968037225e-05,1.0172058211851712e-07,1.6295865270697107,0.05969743538114122,0.042042795529670426
2013-12-24,1635,similarity,select,hybrid,5,20,log_euclidean,0.01,0.068974735676011,2304.3427513767033,4874.300909345327,350253.2378473676,175126.61892368377,173624.33712801372,8.061735317731467e-05,8.056064802785771e-05,9.889463594451938e-08,2.7095034052876272,0.13835964364458267,0.13025891059304542
2013-12-24,1635,rolling,select,hybrid,5,20,log_euclidean,0.01,0.07051499510262085,5055.374281808285,991.7710048141528,29398.596121042774,14699.298060521389,14280.551655548785,0.0016858113750937635,0.0016857546699443064,1.610464980310002e-06,3.3337936910443937,0.24879301320781866,0.22712516201287597
2013-12-24,1635,ewma,select,hybrid,5,20,log_euclidean,0.01,0.08412553273431489,4859.680647065667,1082.151377476693,13125.428546211557,6562.714273105778,6182.588783025002,0.0010223785218460926,0.0010223218166966355,2.5839415014307053e-06,2.6258392404819793,0.17714066858110541,0.12938047409237252
2013-12-24,1635,ledoit_wolf,select,hybrid,5,20,log_euclidean,0.01,0.0687474949525493,9921.165421457898,1564.3930534423282,611.2899726223432,305.6449863111717,-42.80938644214612,8.663021013793037e-05,8.657350498847341e-05,7.924013844576074e-06,1.0,0.013200801719093814,0.010168707924784161
2013-12-24,1635,oas,select,hybrid,5,20,log_euclidean,0.01,0.07022787887480661,7339.843000004916,1036.2740279661264,4456.204777561368,2228.102388780684,1870.060660493583,0.0008408791211578341,0.0008408224160083771,7.643684840328431e-06,2.362346153494855,0.16569045611462613,0.10855606375773955
2013-12-24,1635,shrink,select,hybrid,5,20,log_euclidean,0.01,0.07050508909091235,7276.835559337815,1043.9418305912295,4524.276448920558,2262.1382244602787,1901.7945667497838,0.00010309950389237651,0.00010304279874291955,3.624428283981163e-06,1.616560462397466,0.5596501942741711,0.33590637236436904
2013-12-24,1635,persistence,select,hybrid,5,20,log_euclidean,0.01,0.0786745904096528,3772.262784273039,1380.6617949104616,19832.763686940925,9916.381843470459,9509.830108276805,0.0006737863439937715,0.0006737296388443146,4.93162467604838e-07,1.517086959589608,0.053883014191930034,0.03969572053294978
2014-01-02,1640,similarity,select,hybrid,5,20,log_euclidean,0.01,0.06879022337398243,2377.871882789299,4796.313629487613,372205.24887386366,186102.62443693183,185447.146184993,0.00022099277131980836,0.0002209267582515201,9.41754738252651e-08,2.6331737590710276,0.13540270795867704,0.12547549137402636
2014-01-02,1640,rolling,select,hybrid,5,20,log_euclidean,0.01,0.07032128419762415,4995.046276031697,1014.7976627977424,30485.719528587404,15242.859764293704,14866.311954161516,0.0024400671022643573,0.002440001089196069,1.1467937179602433e-06,3.019333185614788,0.18118127105444742,0.1656287297842139
2014-01-02,1640,ewma,select,hybrid,5,20,log_euclidean,0.01,0.07695265653472608,4813.219363590071,1128.7873727918377,17279.335058145854,8639.667529072927,8285.211375430128,0.001705359698700641,0.0017052936856323528,1.5871134995250916e-06,2.6325417311554817,0.14342247722087204,0.1165968338133109
2014-01-02,1640,ledoit_wolf,select,hybrid,5,20,log_euclidean,0.01,0.06857431699561219,9885.708226940655,1637.9820788817265,624.4694969859552,312.2347484929778,-31.599691737660827,0.00010714113683876675,0.00010707512377047849,7.4896394535012564e-06,0.9999999999999999,0.012744659169951381,0.010152915253283708
2014-01-02,1640,oas,select,hybrid,5,20,log_euclidean,0.01,0.07004315957430912,7260.119739996982,1085.9929470077623,4772.523709730196,2386.261854865098,2038.4957780260206,0.0012549766933523982,0.00125491068028411,5.499002936953443e-06,2.220669653123002,0.12568012227117176,0.08698719808897921
2014-01-02,1640,shrink,select,hybrid,5,20,log_euclidean,0.01,0.07031714078710373,7192.617985769883,1094.863434987677,4765.2818972616515,2382.6409486308257,2031.7637885744127,0.00021105789861024325,0.00021099188554195498,3.0728908328333098e-06,1.6232225530982693,0.4851954103526565,0.26073592687181735
2014-01-02,1640,persistence,select,hybrid,5,20,log_euclidean,0.01,0.07850105195538194,3881.6895176785683,1287.599668350862,21821.255000733847,10910.627500366923,10550.640551177084,0.001056041923617637,0.0010559759105493488,5.787976735657329e-07,1.7199298416457296,0.05786664493284911,0.04842494255041291
2014-01-09,1645,similarity,select,hybrid,5,20,log_euclidean,0.01,0.06891217873230966,2237.859035336046,3617.17541911422,415406.1067921645,207703.05339608225,206624.43828548456,7.665919513752651e-05,7.662046383747338e-05,7.193160268474273e-08,2.4949564656351515,0.12127027657956174,0.11176855764585637
2014-01-09,1645,rolling,select,hybrid,5,20,log_euclidean,0.01,0.0704540402370865,5092.188126137205,1352.1038827098023,31883.347846742014,15941.673923371009,15632.08159340678,0.0026652748644752423,0.0026652361331751893,1.0917669041471767e-06,2.9491277691788866,0.1770576546803985,0.1633620732118238
2014-01-09,1645,ewma,select,hybrid,5,20,log_euclidean,0.01,0.07333367343867549,4900.167156097005,1536.4001058993454,22723.311230371783,11361.655615185891,11039.66917251338,0.0018830992809903458,0.0018830605496902926,1.2783490115798425e-06,2.6567803557839373,0.14914512017643328,0.12294478491523503
2014-01-09,1645,ledoit_wolf,select,hybrid,5,20,log_euclidean,0.01,0.06875349381656694,9844.758350450391,2301.5691173125037,643.3272471386877,321.6636235693438,-19.375779463528676,0.00016716545340416907,0.00016712672210411592,7.34149711222513e-06,0.9999999999999997,0.012822710806045828,0.010148036056252217
2014-01-09,1645,oas,select,hybrid,5,20,log_euclidean,0.01,0.07018792524109066,7194.175558921845,1489.8013168219352,5157.20125478509,2578.600627392545,2241.3967223419263,0.0014703987087315868,0.0014703599774315336,5.296972689897834e-06,2.299003162035991,0.12865085953076774,0.09308877201275309
2014-01-09,1645,shrink,select,hybrid,5,20,log_euclidean,0.01,0.07046137243779604,7131.539950115015,1520.4738967585608,5071.595775708573,2535.7978878542863,2193.278780424137,0.00024524239077356423,0.0002452036594735111,2.9767803683463064e-06,1.649357781425784,0.48246093948925245,0.26053318851422
2014-01-09,1645,persistence,select,hybrid,5,20,log_euclidean,0.01,0.07864857677871258,3869.629148793223,1584.2403703128534,22183.504027092713,11091.752013546355,10749.7746575307,0.0010116364234966997,0.0010115976921966465,5.769132817331271e-07,1.7306621403416491,0.05563908438119873,0.04791071223306569
2014-01-16,1650,similarity,select,hybrid,5,20,log_euclidean,0.01,0.06906352597229766,2419.836036259226,3699.9503749409496,493866.48830792157,246933.24415396078,245779.7733025481,8.897360157910728e-05,8.891186902403748e-05,6.133417399445769e-08,2.551512023622079,0.11545959927665539,0.10808280193078727
2014-01-16,1650,rolling,select,hybrid,5,20,log_euclidean,0.01,0.07055215946233852,5061.3921644339825,1076.5372931030179,27518.99046872031,13759.495234360154,13421.925625484844,0.0009386763215819981,0.0009386145890269283,1.1842177623306925e-06,3.161717815713269,0.19082100946901812,0.17586787889370092
2014-01-16,1650,ewma,select,hybrid,5,20,log_euclidean,0.01,0.07136272835774349,4864.922146742772,1050.0911062466705,24512.755792811404,12256.377896405704,11896.869157930474,0.000730675193640211,0.0007306134610851413,1.2082247339965681e-06,2.8651402415288674,0.1688203861771677,0.14487493994326317
2014-01-16,1650,ledoit_wolf,select,hybrid,5,20,log_euclidean,0.01,0.0688743512710149,9843.753571113371,2092.4760907322593,637.5227601167442,318.76138005837214,-22.948657007365803,0.00015104413598560833,0.0001509824034305385,7.820139324467344e-06,1.0,0.013633896628981509,0.010226369352855194
2014-01-16,1650,oas,select,hybrid,5,20,log_euclidean,0.01,0.0702862148724689,7186.881004092449,1211.751727302941,4717.967423642294,2358.983711821147,2016.351634011676,0.0008052693102810134,0.0008052075777259436,5.777534100609848e-06,2.42612647871739,0.13842558035300861,0.10080036071749118
2014-01-16,1650,shrink,select,hybrid,5,20,log_euclidean,0.01,0.07056080487178917,7131.264314576195,1243.7753208314402,4551.81795032039,2275.908975160195,1926.3941179962148,9.999772583160135e-05,9.993599327653155e-05,3.1543538819169154e-06,1.6826110167616781,0.5079878850470253,0.2854361118266047
2014-01-16,1650,persistence,select,hybrid,5,20,log_euclidean,0.01,0.07863789099663086,3888.964863225536,1291.4847783757314,22277.144566536397,11138.5722832682,10758.803945346617,0.00021680710078431624,0.00021674536822924642,5.535975532329824e-07,1.714875290205633,0.05440474243013882,0.04550719947304197
2014-01-24,1655,similarity,select,hybrid,5,20,log_euclidean,0.01,0.00014331246859974704,2185.2570768860132,3777.671711380162,48055.39556948042,24027.697784740227,23521.547030379134,6.127646500230045e-05,6.127464344810328e-05,5.3523335033006935e-08,2.7413478085282734,0.1356346948201408,0.12672392919970726
2014-01-24,1655,rolling,select,hybrid,5,20,log_euclidean,0.01,0.012705542240031125,4954.6579153844095,1085.6470721522398,798.9646602713204,399.4823301356628,-34.952378381082404,5.4999445646424006e-05,5.499762409222684e-05,2.2789946105425257e-06,2.5322150562381944,0.13677806639048162,0.11351196836491448
2014-01-24,1655,ewma,select,hybrid,5,20,log_euclidean,0.01,0.09771318182688653,4790.790306574135,1103.1515380461892,528.2073678895297,264.10368394476654,-169.4491517824448,4.847611072911914e-05,4.8474289174921974e-05,3.3819578746271282e-06,1.9750407410984379,0.09169322861798544,0.06656512954936093
2014-01-24,1655,ledoit_wolf,select,hybrid,5,20,log_euclidean,0.01,0.00037141877159217957,11655.372057247743,1895.1330135545782,425.90281728072034,212.9514086403606,-219.08307302483726,9.879427239539875e-05,9.879245084120158e-05,1.7125728783539697e-05,0.9999999999999999,0.011690551192657255,0.010086749353936341
2014-01-24,1655,oas,select,hybrid,5,20,log_euclidean,0.01,0.010736543819609095,8092.33297360805,1314.8050403860861,348.1320839177599,174.0660419588794,-258.4574811508925,5.7664386991928766e-05,5.76625654377316e-05,8.79314158677902e-06,1.7175473775802343,0.08442894585155661,0.053019440519976015
2014-01-24,1655,shrink,select,hybrid,5,20,log_euclidean,0.01,0.012633185702113076,7174.429202420506,1204.2547218147354,399.7894439424804,199.89472197124053,-233.67806512320857,3.25961289687962e-05,3.259430741459903e-05,4.1259371095421794e-06,1.8816854607437066,0.24757119322582508,0.11459302953360996
2014-01-24,1655,persistence,select,hybrid,5,20,log_euclidean,0.01,0.06887351763807992,3655.891150923511,1140.9579360313555,754.0259246150686,377.01296230752655,-58.176297639355354,6.70652981852232e-05,6.706347663102603e-05,1.4179513505390303e-06,1.6562349705006103,0.08570082847884633,0.047702157313349876
2014-01-31,1660,similarity,select,hybrid,5,20,log_euclidean,0.01,9.181161457765939e-05,2019.2908224397404,3530.4795599351623,66485.34710505325,33242.67355252662,32236.52711396872,4.996318750055371e-05,4.996178206056075e-05,3.112477853945486e-08,2.987998869313899,0.17078123629012126,0.1548472390262228
2014-01-31,1660,rolling,select,hybrid,5,20,log_euclidean,0.01,0.012702092589753366,4978.86075973119,846.262429590993,617.2919027718942,308.64595138594575,-140.56417677670578,3.755034319836661e-05,3.754893775837365e-05,2.467570213577378e-06,2.565692614520525,0.14523015311243392,0.11881059455283853
2014-01-31,1660,ewma,select,hybrid,5,20,log_euclidean,0.01,0.05288919968148493,4812.72315595555,886.6298541095532,504.1353712707154,252.06768563536167,-197.0002159784226,3.818544377542038e-05,3.818403833542742e-05,2.8890950732057107e-06,2.088101418390961,0.10121424082887655,0.08149942925051207
2014-01-31,1660,ledoit_wolf,select,hybrid,5,20,log_euclidean,0.01,0.0003274352637422349,11697.255458354886,1754.9732539213155,450.3978006976871,225.19890034884344,-221.17313354055113,7.785778109110493e-05,7.785637565111198e-05,1.8091215238598995e-05,1.0,0.011830866055878934,0.010110109567832084
2014-01-31,1660,oas,select,hybrid,5,20,log_euclidean,0.01,0.010689359743566839,8158.318691579424,1041.0383141402779,336.53611955335856,168.26805977667902,-278.67833025608627,4.04749342194973e-05,4.0473528779504345e-05,9.551168948126421e-06,1.800633146359634,0.08758338682663555,0.05542017681724227
2014-01-31,1660,shrink,select,hybrid,5,20,log_euclidean,0.01,0.012622154921336245,7318.518214273384,951.6609511149054,356.56630067084734,178.2831503354235,-269.26722213305754,2.1088220980588e-05,2.1086815540595042e-05,4.696397177053283e-06,1.790399466717186,0.27634910230071374,0.12439861384959224
2014-01-31,1660,persistence,select,hybrid,5,20,log_euclidean,0.01,0.06876361832548755,3765.615512207979,970.6754134800484,604.7828778557486,302.39143892787365,-149.00057353487978,4.561383673069929e-05,4.561243129070634e-05,1.6095894682822669e-06,1.834018065129593,0.07217550555227563,0.05258222119495767
2014-02-07,1665,similarity,select,hybrid,5,20,log_euclidean,0.01,0.000706651294226735,2010.8507962995081,5584.918771984788,169645.57063534448,84822.78531767226,82887.01274870911,2.2892173238268047e-05,2.289003229210975e-05,2.3434896761557695e-08,2.7213321695814665,0.13789403924104937,0.12236260831411419
2014-02-07,1665,rolling,select,hybrid,5,20,log_euclidean,0.01,0.013364627909660635,5101.590229479509,790.861140819118,1389.2801405928303,694.6400702964154,254.65999567531293,4.470009526348046e-05,4.469795431732217e-05,2.547050224401782e-06,2.68071223489711,0.147167569393143,0.12540849190060882
2014-02-07,1665,ewma,select,hybrid,5,20,log_euclidean,0.01,0.02934283627934882,4920.076331568417,1158.6296840872337,1170.1783631350386,585.0891815675301,147.280914296915,3.9071362307384024e-05,3.906922136122573e-05,2.532386148323368e-06,2.391195994990556,0.11277555183920433,0.09688488010086371
2014-02-07,1665,ledoit_wolf,select,hybrid,5,20,log_euclidean,0.01,0.0008904929551083454,11739.429077832654,883.361310188789,425.4385085837937,212.71925429189702,-215.5909602227429,3.2271615023576104e-05,3.226947407741781e-05,1.9110815142995805e-05,1.0000000000000002,0.012149729964014927,0.010126564155377995
2014-02-07,1665,oas,select,hybrid,5,20,log_euclidean,0.01,0.011304941689719811,8261.969367884241,615.3796283002946,442.6560667989986,221.3280333994997,-208.88221479080713,2.182716253308802e-05,2.1825021586929725e-05,1.1013548739817321e-05,1.9902102475679357,0.09660833492232727,0.06642961173176441
2014-02-07,1665,shrink,select,hybrid,5,20,log_euclidean,0.01,0.013262138220858307,7493.3080659321095,618.1026544273889,529.6677907902888,264.8338953951449,-166.7385128356656,1.0234800596033345e-05,1.023265964987505e-05,5.57276052394952e-06,1.9166415857734647,0.3219232461980405,0.15545166519686732
2014-02-07,1665,persistence,select,hybrid,5,20,log_euclidean,0.01,0.06961376351929288,3795.408799297124,1582.52507838304,1112.6586959107037,556.3293479553536,118.4085331663332,3.18214565874641e-05,3.1819315641305805e-05,2.037941105248102e-06,2.072283706735349,0.06704493167686347,0.06582348279387168
2014-02-14,1670,similarity,select,hybrid,5,20,log_euclidean,0.01,0.0006996504102632049,1993.3297095730677,4843.171373730172,147777.37210553736,73888.6860527687,72228.26447736069,1.9999408618376334e-05,1.9996183195711743e-05,2.762242244533705e-08,2.758349713890784,0.15173330610880453,0.1338096689227971
2014-02-14,1670,rolling,select,hybrid,5,20,log_euclidean,0.01,0.013348672341151965,5039.111396961114,709.2510863640834,1363.4634539428203,681.7317269714167,243.23832518529517,4.229463264556952e-05,4.229140722290493e-05,2.9487446502016597e-06,2.8523010935432205,0.17140192581394031,0.14455765686583297
2014-02-14,1670,ewma,select,hybrid,5,20,log_euclidean,0.01,0.016107987485481295,4844.331036563625,850.2826627591334,1451.3999492512157,725.6999746256168,286.2903544646034,2.998874484664821e-05,2.998551942398362e-05,2.3775056787370637e-06,2.654281576898173,0.13876388821869345,0.11763227954653444
2014-02-14,1670,ledoit_wolf,select,hybrid,5,20,log_euclidean,0.01,0.0008836319959471444,11734.580020851794,1197.5107803797232,425.51720947584056,212.75860473792028,-215.79220922243226,4.4727670910257845e-05,4.4724445487593254e-05,1.9346848583541845e-05,1.0,0.012231496453646047,0.010140162186815172
2014-02-14,1670,oas,select,hybrid,5,20,log_euclidean,0.01,0.0113027160933607,8226.089948127621,638.5241002328128,438.9243980126025,219.46219900630103,-210.76767431734214,2.372128544271999e-05,2.37180600200554e-05,1.2446201814300845e-05,2.0777177485460983,0.11083817271428124,0.0747055377089883
2014-02-14,1670,shrink,select,hybrid,5,20,log_euclidean,0.01,0.01325113732333446,7446.631215656121,616.9132447721577,516.9168339446614,258.4584169723305,-173.47860912999695,1.0041016204648948e-05,1.0037790781984357e-05,5.907258317632563e-06,2.026702342200969,0.3433079881737084,0.17993937830913603
2014-02-14,1670,persistence,select,hybrid,5,20,log_euclidean,0.01,0.06968804143834856,3699.372760521709,1114.7678014708558,1072.0964814840802,536.0482407420423,98.17202479994651,3.388501812768997e-05,3.3881792705025376e-05,2.4123555204137942e-06,2.2475902356238895,0.08003713309077926,0.07805231694167365
2014-02-24,1675,similarity,select,hybrid,5,20,log_euclidean,0.01,0.0006884126643749222,2036.4177840761804,4723.893703012991,155740.58643344627,77870.29321672315,77272.84217707624,2.6913931205778975e-05,2.691064409797226e-05,2.8941606044601534e-08,2.8410300602512706,0.16186974477917337,0.1420127871238282
2014-02-24,1675,rolling,select,hybrid,5,20,log_euclidean,0.01,0.013321834182711866,5066.642295607904,754.2240157169541,1456.9585590098568,728.4792795049252,297.98658271639357,3.0823497606654e-05,3.082021049884729e-05,3.406700233778537e-06,2.9089847970210188,0.19845056975906195,0.15997488121955492
2014-02-24,1675,ewma,select,hybrid,5,20,log_euclidean,0.01,0.008962537648905646,4852.327352403475,784.5375130681314,1905.902235917816,952.9511179589103,521.7103226599322,2.802952834485467e-05,2.8026241237047952e-05,2.1904214938060825e-06,2.655882634740805,0.1680246349103779,0.13663036807030074
2014-02-24,1675,ledoit_wolf,select,hybrid,5,20,log_euclidean,0.01,0.0008681814900195676,11727.42877470551,1203.4081842307783,423.2591853855399,211.6295926927699,-215.46117944287212,4.54244368071705e-05,4.542114969936379e-05,1.9348691714336056e-05,0.9999999999999999,0.012226413625696696,0.010145735965793616
2014-02-24,1675,oas,select,hybrid,5,20,log_euclidean,0.01,0.011281512450537708,8206.589656406188,655.7391628761977,447.5147297488045,223.75736487440287,-203.95770133777586,2.764226240644746e-05,2.7638975298640743e-05,1.2950792367193246e-05,2.0184815529777125,0.11594461455451974,0.07204630378178889
2014-02-24,1675,shrink,select,hybrid,5,20,log_euclidean,0.01,0.013224695097389319,7397.0668029880835,639.8446330065751,543.249432248519,271.62471612425975,-156.98693519502802,1.2670398039816032e-05,1.2667110932009317e-05,6.150377360806616e-06,1.973500789927439,0.3582170733912027,0.1841030327960078
2014-02-24,1675,persistence,select,hybrid,5,20,log_euclidean,0.01,0.0007637276926748352,3542.865678763609,994.7175214273615,8493.838500805708,4246.91925040285,3778.829064617084,4.0737014329931955e-05,4.073372722212524e-05,2.83418976815042e-07,2.25449999292724,0.08120823802239545,0.08091966586898108
2014-03-03,1680,similarity,select,hybrid,5,20,log_euclidean,0.01,0.000718522252503277,2041.7116932385845,4615.23958272048,140464.47409320285,70232.23704660141,69325.4133092473,2.5152311301120507e-05,2.5149521524743007e-05,3.516779836798015e-08,2.775129298159975,0.15401063585587002,0.1350344560435153
2014-03-03,1680,rolling,select,hybrid,5,20,log_euclidean,0.01,0.013312179729747816,4987.458674450812,729.7239143536822,1462.6205537603396,731.3102768801675,305.59174135150056,2.7899415916710467e-05,2.7896626140332967e-05,2.6585178870340078e-06,2.5920099961773064,0.15516935546794297,0.12928247918299876
2014-03-03,1680,ewma,select,hybrid,5,20,log_euclidean,0.01,0.005140631008242187,4752.06612385249,713.8713507556417,2419.6578907191374,1209.8289453595678,783.2502362831714,3.1256705392766876e-05,3.1253915616389376e-05,1.4695671754547414e-06,2.6264350512679133,0.1480484251288167,0.1268956024798142
2014-03-03,1680,ledoit_wolf,select,hybrid,5,20,log_euclidean,0.01,0.000896163975545515,11721.412685612162,1392.4268058542998,418.3853255969482,209.19266279847412,-214.86696201487152,5.438732555040549e-05,5.438453577402799e-05,1.914000675029228e-05,1.0,0.012440838562042008,0.010149664507924261
2014-03-03,1680,oas,select,hybrid,5,20,log_euclidean,0.01,0.01127933620098756,8197.757710465847,737.516303714556,445.16384992805376,222.5819249640266,-202.05664637634783,2.9139300255985087e-05,2.9136510479607587e-05,1.0944575682476435e-05,1.9275944721036793,0.09834875843407337,0.06573945000462555
2014-03-03,1680,shrink,select,hybrid,5,20,log_euclidean,0.01,0.013221578903065221,7378.677284474362,695.3039647148992,541.164740001356,270.58237000067896,-154.514602336413,1.5167540408411445e-05,1.5164750632033946e-05,5.518060233465189e-06,1.938228191383936,0.322005263380179,0.1541534681864964
2014-03-03,1680,persistence,select,hybrid,5,20,log_euclidean,0.01,0.0007302680205510379,3447.0916366537504,883.8395867242762,11379.52470669196,5689.762353345992,5219.426675273643,4.316952662967022e-05,4.316673685329272e-05,2.0126056936352218e-07,2.131756643127823,0.07913065346491553,0.07675852513057815
2014-03-10,1685,similarity,select,hybrid,5,20,log_euclidean,0.01,0.0013541556416237408,2126.5688737140276,4424.642528046241,226981.42042132895,113490.71021066447,112832.97644661153,4.1375466331220156e-05,4.137149927529875e-05,3.5137556591951984e-08,2.726929378209121,0.14967689005352755,0.13385154571936161
2014-03-10,1685,rolling,select,hybrid,5,20,log_euclidean,0.01,0.012366857503235823,4907.622175595196,799.961784644488,2897.2339954433583,1448.6169977216812,1031.5280092649145,3.6913627138582836e-05,3.690966008266143e-05,2.1746355294473832e-06,2.9573604578116917,0.16496255965318324,0.14524575082076951
2014-03-10,1685,ewma,select,hybrid,5,20,log_euclidean,0.01,0.003670282459341691,4697.349334903482,836.9396903866295,5470.099859423191,2735.0499297115966,2311.3219727291994,3.6607231951262475e-05,3.660326489534107e-05,1.125002378086384e-06,2.8863030514820833,0.15730293185185812,0.13919855633237468
2014-03-10,1685,ledoit_wolf,select,hybrid,5,20,log_euclidean,0.01,0.0013983923221420028,11198.289654866348,1586.8430791935261,378.9939728877002,189.49698644385035,-213.88565397751054,6.523608668209009e-05,6.523211962616869e-05,1.575164939189893e-05,1.0,0.013945726055439641,0.01021915140555773
2014-03-10,1685,oas,select,hybrid,5,20,log_euclidean,0.01,0.0108804209167524,7575.612267415396,775.8036892535458,774.6459113689076,387.32295568445363,-18.78668769505031,3.413628875903267e-05,3.4132321703111264e-05,8.002958180751145e-06,2.2434709521363594,0.12180487963583542,0.08831822260201706
2014-03-10,1685,shrink,select,hybrid,5,20,log_euclidean,0.01,0.012292242833961799,7254.3084211601745,791.4709190211989,845.2973725075509,422.64868625377574,18.469095444421068,1.9464860516333583e-05,1.946089346041218e-05,4.992739496695136e-06,1.9090704904597025,0.3786285888770841,0.19036847970867782
2014-03-10,1685,persistence,select,hybrid,5,20,log_euclidean,0.01,0.0020031434556079925,3571.989510207337,1273.6837117795571,13167.940296000283,6583.970148000142,6151.9937096539825,5.661652722494406e-05,5.661256016902266e-05,2.011390628169086e-07,1.6299171002390431,0.08276896652066094,0.04816469621268561
2014-03-17,1690,similarity,select,hybrid,5,20,log_euclidean,0.01,0.0014496391272385421,2189.0073772131786,3646.245598748026,165441.4602855679,82720.73014278396,82006.59364986971,0.0001031407794913937,0.0001031325840960582,4.3437162577928686e-08,2.6314049782035562,0.13484762944856007,0.12081819940384161
2014-03-17,1690,rolling,select,hybrid,5,20,log_euclidean,0.01,0.012457993417886093,5061.855593967735,919.9715144981049,2777.732511675942,1388.866255837967,972.3342421398444,7.434319835013096e-05,7.433500295479545e-05,2.436741884414192e-06,2.908389463975152,0.17134063294351637,0.1504541214221957
2014-03-17,1690,ewma,select,hybrid,5,20,log_euclidean,0.01,0.003241676281590742,4846.599383390099,926.7465429677519,4848.395788742002,2424.1978943710005,2002.7088366290882,7.47814725258446e-05,7.477327713050909e-05,1.3211260979578114e-06,2.876146657795919,0.16071046357686314,0.1407147292889096
2014-03-17,1690,ledoit_wolf,select,hybrid,5,20,log_euclidean,0.01,0.001512105948356979,11344.662150457954,2094.144869787573,379.42480788648174,189.712403943241,-210.80511849909004,9.490749480238456e-05,9.489929940704905e-05,1.705222320480903e-05,1.0,0.01349508658270369,0.01023141732207079
2014-03-17,1690,oas,select,hybrid,5,20,log_euclidean,0.01,0.010870496918984038,7783.527792777022,1005.3656260828814,702.3425958762188,351.17129793810955,-52.273031903940456,6.0511163020082795e-05,6.0502967624747287e-05,9.477382628522824e-06,2.224644540599403,0.12202318989251765,0.08682471250572586
2014-03-17,1690,shrink,select,hybrid,5,20,log_euclidean,0.01,0.012398914284028768,7343.7039930280125,1010.2577736560988,833.5384093517383,416.7692046758693,12.829112184660366,8.644394146319057e-05,8.643574606785506e-05,5.330127336664109e-06,1.919290614383471,0.3746919273171957,0.18901585339603255
2014-03-17,1690,persistence,select,hybrid,5,20,log_euclidean,0.01,0.0020492515273589753,3537.495873611405,1164.3542306326326,12820.38935237858,6410.194676189298,5956.60144858203,6.927444338140611e-05,6.92662479860706e-05,2.605888416528719e-07,1.8816007918707005,0.08060876700283454,0.06138156679638014
2014-03-24,1695,similarity,select,hybrid,5,20,log_euclidean,0.01,0.002033452369015733,2050.4242422678635,3739.109801656302,195174.8919739188,97587.4459869594,96308.77161867898,6.398437147656105e-05,6.397088977366985e-05,3.746092511401377e-08,2.5478927846544286,0.11943222465287134,0.11023277447374424
2014-03-24,1695,rolling,select,hybrid,5,20,log_euclidean,0.01,0.012981216401291174,5066.831440480423,943.0287124233565,3265.779331104816,1632.8896655524047,1226.4026423351365,6.187455099190684e-05,6.186106928901564e-05,2.353712581588023e-06,2.904358019589053,0.16489166755590123,0.146388595749757
2014-03-24,1695,ewma,select,hybrid,5,20,log_euclidean,0.01,0.002927642259688873,4834.043195691106,1010.7411149149389,6786.099975925248,3393.049987962626,2968.9992834463987,7.177926466473745e-05,7.176578296184625e-05,1.1566983659614194e-06,3.0356692053612506,0.17431913352698952,0.1602523891791938
2014-03-24,1695,ledoit_wolf,select,hybrid,5,20,log_euclidean,0.01,0.002036851327912689,11360.79820245344,2198.7043532281123,371.2613997466243,185.63069987331215,-202.7750129042938,0.00010046134258429249,0.00010044786088140129,1.7239618970851132e-05,0.9999999999999999,0.013654636907031219,0.010245220674414295
2014-03-24,1695,oas,select,hybrid,5,20,log_euclidean,0.01,0.011389574938999633,7805.668782805246,1047.6017601624558,786.1423151374585,393.0711575687294,1.1421688184061138,5.3807623426996416e-05,5.3794141724105217e-05,9.434830553131278e-06,2.251377823015607,0.12049149172412678,0.08782937930175602
2014-03-24,1695,shrink,select,hybrid,5,20,log_euclidean,0.01,0.012927091566296707,7378.977570642224,1056.736272085121,867.7752174677737,433.8876087338869,39.66771518755159,0.00010638786383449216,0.00010637438213160096,5.417903003471974e-06,1.87610011070307,0.379454496330638,0.1911796807919384
2014-03-24,1695,persistence,select,hybrid,5,20,log_euclidean,0.01,0.002590621932402215,3578.3683701349196,1163.2816535514476,16103.712453100752,8051.856226550377,7579.945590638619,6.912359588309601e-05,6.911011418020481e-05,2.9466285672305454e-07,2.0492885683495783,0.07111127300272965,0.06806979134318936
2014-03-31,1700,similarity,select,hybrid,5,20,log_euclidean,0.01,0.0021129595196420123,2249.295019789616,4086.245421048312,350724.10214647313,175362.0510732366,174308.1851167091,0.00024142407072762093,0.00024141107355010838,3.485880396213269e-08,2.8809224213530014,0.17358472171168324,0.15218866129664368
2014-03-31,1700,rolling,select,hybrid,5,20,log_euclidean,0.01,0.012998773941580843,5170.016523967119,945.1325578008224,3484.8656146813582,1742.4328073406793,1335.2214822429835,7.53799424713629e-05,7.536694529385034e-05,2.320285915372501e-06,2.8968915067649146,0.16374359582179213,0.14466887915761578
2014-03-31,1700,ewma,select,hybrid,5,20,log_euclidean,0.01,0.0025146103459499653,4920.163502583765,1002.8454612781256,8658.937483521857,4329.4687417609275,3888.5793695185216,9.672780986230719e-05,9.671481268479463e-05,9.517303851674043e-07,3.021373931696872,0.17555897140029558,0.16063452683959029
2014-03-31,1700,ledoit_wolf,select,hybrid,5,20,log_euclidean,0.01,0.002084558182865122,11349.436860324875,1922.3532759208924,368.00585943339786,184.00292971669847,-201.09929330753903,0.00010259478951391975,0.00010258179233640719,1.685985838924822e-05,1.0,0.012834205981500407,0.010210282949358456
2014-03-31,1700,oas,select,hybrid,5,20,log_euclidean,0.01,0.011420447450859064,7821.348494636055,978.8231080732565,822.4067644710063,411.2033822355029,21.67338849778644,6.291237165014203e-05,6.289937447262947e-05,9.27491502389675e-06,2.3067051950780875,0.12030185246559798,0.08856801118818852
2014-03-31,1700,shrink,select,hybrid,5,20,log_euclidean,0.01,0.012954296462796382,7367.339352086774,990.5792905265224,913.5076100874381,456.75380504371907,64.62724150008019,0.00011626125821285334,0.00011624826103534078,5.215858734573173e-06,1.882921282544241,0.36798571206705405,0.1838002112453275
2014-03-31,1700,persistence,select,hybrid,5,20,log_euclidean,0.01,0.0026471147194552756,3687.436738384584,1058.3287488906994,15975.811612758556,7987.905806379279,7514.842287420257,0.00010768349569932006,0.0001076704985218075,3.006009582867623e-07,2.034465037331111,0.08824757774655526,0.06576863788110769
2014-04-07,1705,similarity,select,hybrid,5,20,log_euclidean,0.01,0.0007257252741779103,2044.7280895852232,4199.377245400289,171545.04307590026,85772.52153795013,84125.25510892502,8.657741903784787e-05,8.657305670302164e-05,2.985238243615431e-08,3.0488953018972484,0.18322859589197618,0.16262920223769162
2014-04-07,1705,rolling,select,hybrid,5,20,log_euclidean,0.01,0.0008648275515165617,4888.708878196099,665.3691259216591,2411.178309219935,1205.589154609965,749.2033533357479,6.826093949211023e-05,6.8256577157284e-05,9.777511761847814e-07,3.1317005039597667,0.17273738324053942,0.16512539535242274
2014-04-07,1705,ewma,select,hybrid,5,20,log_euclidean,0.01,0.002200984081566013,4664.053518321261,665.1013914532625,1617.1879930854257,808.5939965427085,365.2822392650205,9.295339449761782e-05,9.294903216279159e-05,1.545205338266556e-06,3.2118286798706963,0.1240860925638594,0.1604297732330516
2014-04-07,1705,ledoit_wolf,select,hybrid,5,20,log_euclidean,0.01,0.0006869853620761494,9452.408265479866,1391.402383401824,334.72056940236587,167.36028470118265,-248.66865826649897,4.196881087302921e-05,4.1964448538202985e-05,1.5630906942313813e-05,1.147617660590574,0.03051060099650943,0.018013493823219647
2014-04-07,1705,oas,select,hybrid,5,20,log_euclidean,0.01,0.000774072036136601,7894.0778238644725,708.9807453722281,361.6487374010147,180.82436870050742,-237.37362992822142,4.6580099659666856e-05,4.657573732484063e-05,1.1498039434690143e-05,2.2914120285579975,0.08304301681331897,0.08222481584009769
2014-04-07,1705,shrink,select,hybrid,5,20,log_euclidean,0.01,0.0008648242838162393,7273.676513601553,677.2526002812486,383.01789892675805,191.5089494633788,-230.0982150570187,0.00017176083973348977,0.00017175647739866356,3.4290047756398747e-06,1.5965846670696544,0.6054542390338267,0.3855801051581115
2014-04-07,1705,persistence,select,hybrid,5,20,log_euclidean,0.01,0.0018315694240810287,3424.5520773563658,807.5383639470333,3877.110821496016,1938.555410748002,1483.0660703814453,8.703672706550261e-05,8.703236473067638e-05,4.6052825739827684e-07,2.1478684611507437,0.06275264901599638,0.06457413532837142
2014-04-14,1710,similarity,select,hybrid,5,20,log_euclidean,0.01,0.0006208648364790325,2040.0373212411323,6522.485755100688,33451.977030687405,16725.98851534368,15876.809887895588,3.9542333066782056e-05,3.954031222254828e-05,6.526397383317388e-08,2.379500292593951,0.10604990262200821,0.09572759365561645
2014-04-14,1710,rolling,select,hybrid,5,20,log_euclidean,0.01,0.0008895451492778638,4771.206211430729,880.708288517915,2694.9823540278544,1347.4911770139233,908.1695759683741,9.772120652714607e-05,9.77191856829123e-05,1.797615910101549e-06,4.1090122550712005,0.1514023699594316,0.28446197656703986
2014-04-14,1710,ewma,select,hybrid,5,20,log_euclidean,0.01,0.0015075233578645333,4531.504225717912,1175.9976698102864,2088.066891920325,1044.033445960165,608.9807160871011,0.00011975447492161686,0.00011975245407738309,2.213587469094907e-06,3.790878729244114,0.14588097701320765,0.24156109768068754
2014-04-14,1710,ledoit_wolf,select,hybrid,5,20,log_euclidean,0.01,0.000618415531251242,9371.815727671848,805.5192765764433,346.8630151218071,173.43150756090336,-246.41769553001782,1.7908800459761898e-05,1.7906779615528125e-05,1.7075200111025784e-05,1.1867272228587877,0.030491089381527805,0.01959753667648944
2014-04-14,1710,oas,select,hybrid,5,20,log_euclidean,0.01,0.0007797545069197298,7780.083622806124,570.5469187785926,407.24040740712724,203.62020370356333,-217.3592530601925,3.807230446816846e-05,3.807028362393469e-05,1.3898181733370624e-05,2.362224810551659,0.0777250751920648,0.09051405723289745
2014-04-14,1710,shrink,select,hybrid,5,20,log_euclidean,0.01,0.0008616268746777709,7254.501371774559,609.6151442472953,380.5944847863811,190.29724239319023,-232.61656786435665,3.940013109753206e-05,3.939811025329829e-05,8.622911814797194e-06,2.5285151856303165,0.15856202306932507,0.14341251551710135
2014-04-14,1710,persistence,select,hybrid,5,20,log_euclidean,0.01,0.0018615933126677128,3400.1331130741546,1319.6057894275066,3394.500098449821,1697.250049224907,1262.4323190486916,8.217923089037682e-05,8.217721004614305e-05,6.628089696556101e-07,2.4401714432951658,0.07561574757292032,0.08671086677183859
2014-04-22,1715,similarity,select,hybrid,5,20,log_euclidean,0.01,9.004056875360728e-05,2017.7899005536874,5755.044534324133,61616.9505770071,30808.475288503538,29374.892815185896,3.5109150383216004e-05,3.510759427313078e-05,2.746720715400198e-08,2.612167639106881,0.1231611737842401,0.11393997388438283
2014-04-22,1715,rolling,select,hybrid,5,20,log_euclidean,0.01,0.00043822373235149787,4749.524120078708,828.4700559419159,1358.7824908293799,679.3912454146899,215.882322925211,5.7005319252235935e-05,5.700376314215071e-05,1.4612491793201101e-06,3.5453510406659636,0.12765411446475713,0.2167362744363849
2014-04-22,1715,ewma,select,hybrid,5,20,log_euclidean,0.01,0.001128284224112764,4548.701957134239,1081.029264587075,1111.2591304712066,555.6295652356091,95.73371846011779,5.098888285269798e-05,5.0987326742612755e-05,1.786417876648301e-06,3.3683469655115776,0.11622877748851144,0.1833413500276856
2014-04-22,1715,ledoit_wolf,select,hybrid,5,20,log_euclidean,0.01,0.00010188959406255876,9618.251116400475,1008.2125848286912,360.7686648560639,180.38433242803228,-264.3207826385402,2.5665556661744805e-05,2.5664000551659586e-05,1.3341622784230499e-05,1.053670071494226,0.022493127502932673,0.014470693504557815
2014-04-22,1715,oas,select,hybrid,5,20,log_euclidean,0.01,0.00030186279022370816,7919.678757743337,646.8258770978316,332.8785584676218,166.4392792338109,-279.3486900639843,3.0725186959143955e-05,3.072363084905873e-05,1.2200792861373933e-05,2.12161364371674,0.0667798478346957,0.06927731051956663
2014-04-22,1715,shrink,select,hybrid,5,20,log_euclidean,0.01,0.00041711775215178676,7108.987717431159,656.3941523233018,366.59103682639415,183.29551841319682,-263.86687557058315,3.709724622051193e-05,3.709569011042671e-05,6.414213054572562e-06,2.5264711547463277,0.12687549595386174,0.12173961465095119
2014-04-22,1715,persistence,select,hybrid,5,20,log_euclidean,0.01,0.0019040012831308155,3562.799086995408,1346.3884457862025,1476.8297006320056,738.4148503160129,268.514921128136,3.788424734793734e-05,3.7882691237852114e-05,8.646902355495808e-07,2.430878492891556,0.06488753649836551,0.08640289168219126
2014-04-29,1720,similarity,select,hybrid,5,20,log_euclidean,0.01,3.7586828523104726e-05,2061.298308976672,4766.045398541106,36131.43155503439,18065.715777517195,17022.29978826113,2.8466654837098962e-05,2.8465259906857073e-05,3.314972590972155e-08,2.5135045598622936,0.11198832945197375,0.10719220174139801
2014-04-29,1720,rolling,select,hybrid,5,20,log_euclidean,0.01,0.0004307394067527072,4709.666949079994,657.1074324003481,1039.8534668736297,519.926733436816,46.03156505785158,3.4132930752083076e-05,3.413153582184119e-05,1.411276975586001e-06,3.521225149871288,0.1235515501485272,0.20361832159659307
2014-04-29,1720,ewma,select,hybrid,5,20,log_euclidean,0.01,0.0006840956495773378,4509.769464713288,784.0441665874246,952.3133563583715,476.15667817918484,3.85823688577662,3.4150840534695505e-05,3.414944560445362e-05,1.5618331991423395e-06,3.426214391172339,0.10830007435126193,0.1821109849586646
2014-04-29,1720,ledoit_wolf,select,hybrid,5,20,log_euclidean,0.01,6.327642495802478e-05,9639.062324288894,1138.4700544413245,380.2698830873126,190.1349415436564,-268.7749806577982,2.6849746541462458e-05,2.684835161122057e-05,1.3182767609693877e-05,1.0553131248776324,0.02261286514658056,0.01463620510010557
2014-04-29,1720,oas,select,hybrid,5,20,log_euclidean,0.01,0.0002831261176021935,7975.3355155215895,657.3268125497921,332.6118751599985,166.30593757999904,-293.44301032275746,1.9964792046847502e-05,1.9963397116605613e-05,1.1616152725809869e-05,1.9890005547771492,0.0558191518171118,0.06287205209295828
2014-04-29,1720,shrink,select,hybrid,5,20,log_euclidean,0.01,0.0003995796435013898,7146.202892312689,603.0363279750298,349.44689223396557,174.72344611698276,-286.6288016644048,2.495421258212018e-05,2.495281765187829e-05,5.8761952068452325e-06,2.4447019950548605,0.12282733180863427,0.11765233191176544
2014-04-29,1720,persistence,select,hybrid,5,20,log_euclidean,0.01,0.0019757143283313837,3585.2747260437445,1011.6649219894415,1118.6477977206985,559.3238988603415,81.86222420275622,3.476583708889734e-05,3.4764442158655455e-05,8.208442862039227e-07,2.30391266079501,0.06857722938133863,0.07833869016038682
2014-05-06,1725,similarity,select,hybrid,5,20,log_euclidean,0.01,0.0007455975195374344,1987.8061866951787,5971.76069896971,4055.5645935471166,2027.782296773551,1523.4845609748506,3.316355491585241e-05,3.316250086149898e-05,2.8994017243160585e-07,2.2205989435981968,0.09519290981460474,0.08698504432687872
2014-05-06,1725,rolling,select,hybrid,5,20,log_euclidean,0.01,0.00044415053569136847,4736.575517035089,690.066902477244,990.9621524291645,495.4810762145797,17.43176020104546,2.8413553554916647e-05,2.8412499500563217e-05,1.3406230211458162e-06,3.372648130477912,0.1348171118685388,0.19411016883080115
2014-05-06,1725,ewma,select,hybrid,5,20,log_euclidean,0.01,0.00039045789485667485,4557.594805970033,771.6707854759597,1097.9822852789039,548.9911426394506,69.12820587961107,2.8236056870189116e-05,2.8235002815835686e-05,1.197567061405805e-06,3.2730657167000685,0.10397744845796125,0.17029810009954058
2014-05-06,1725,ledoit_wolf,select,hybrid,5,20,log_euclidean,0.01,5.729403109105326e-05,9644.308022031579,1069.0184880211473,388.8796346559025,194.4398173279513,-269.79293495061984,2.2949130226440322e-05,2.2948076172086892e-05,1.3062209249693837e-05,1.0504370048250369,0.023454555132424816,0.014720745768827417
2014-05-06,1725,oas,select,hybrid,5,20,log_euclidean,0.01,0.0002908828310179992,7992.348756098489,655.4590665753626,338.61957324711824,169.30978662355878,-295.68637960550603,1.9238574911694146e-05,1.9237520857340716e-05,1.1229104205256564e-05,1.9728981677383706,0.05726263139715946,0.060417613358384054
2014-05-06,1725,shrink,select,hybrid,5,20,log_euclidean,0.01,0.0004050441357818774,7152.598237172652,609.1879424061246,357.2346084668908,178.6173042334458,-288.01062648261734,2.2758752871762425e-05,2.2757698817408995e-05,5.5687398854255336e-06,2.3841945847071186,0.13689266657811963,0.11651418727296178
2014-05-06,1725,persistence,select,hybrid,5,20,log_euclidean,0.01,0.0006536965684699983,3411.967107101341,969.2950704681421,1920.0322635348225,960.0161317674183,466.6035871580772,3.089744247001342e-05,3.089638841565999e-05,3.942989426778246e-07,2.250858211248104,0.07209561664911841,0.0734972469266695
2014-05-13,1730,similarity,select,hybrid,5,20,log_euclidean,0.01,0.03568929309007017,2196.1976085604556,5837.669867298458,75379.60719811698,37689.80359905849,36918.339847790354,0.0001584085892276551,0.00015836479316009381,2.4887450242204963e-07,2.218036988239318,0.09558027086283172,0.08717621524444341
2014-05-13,1730,rolling,select,hybrid,5,20,log_euclidean,0.01,0.03560174106448032,4865.412386936288,723.4118816585585,17117.2315744671,8558.61578723355,8081.129531893954,0.00038048843075047046,0.00038044463468290917,1.777419033797284e-06,3.826522258620285,0.1531441004644598,0.246870825902477
2014-05-13,1730,ewma,select,hybrid,5,20,log_euclidean,0.01,0.03535984528632998,4660.114387420883,754.5954662504189,21497.774110789982,10748.887055394993,10235.605716768283,9.233833496443795e-05,9.229453889687665e-05,1.3352016677254115e-06,3.7445044962722185,0.12060052221918383,0.22040245522798935
2014-05-13,1730,ledoit_wolf,select,hybrid,5,20,log_euclidean,0.01,0.03507070765203834,9666.488412420567,1035.5860950766528,551.9409743052254,275.9704871526126,-89.96877912761309,0.00010026569264462361,0.00010022189657706231,1.4334490930392215e-05,1.067119734008449,0.025368666780278184,0.015758924732021687
2014-05-13,1730,oas,select,hybrid,5,20,log_euclidean,0.01,0.03541286179148106,8058.684729792271,661.3701748555688,1335.3122627897556,667.6561313948778,295.80420504780125,0.0003067674478788204,0.0003067236518112591,1.278932101647041e-05,2.0436250429163714,0.06172442150715803,0.06235315245420253
2014-05-13,1730,shrink,select,hybrid,5,20,log_euclidean,0.01,0.0355508987737492,7225.182431549923,603.0731143975929,2065.008028644273,1032.5040143221363,651.1532955418239,0.00017211342762148794,0.00017206963155392665,6.73796771599498e-06,2.470966374494806,0.14406069456888773,0.1252680353881717
2014-05-13,1730,persistence,select,hybrid,5,20,log_euclidean,0.01,0.03566451160352584,3518.4238710129353,941.2562588903075,29037.518181894528,14518.759090947264,13933.064736221753,7.165617639807699e-05,7.161238033051569e-05,2.1709044254741048e-07,1.7037624164939613,0.06120878639208649,0.04477429965797605
2014-05-20,1735,similarity,select,hybrid,5,20,log_euclidean,0.01,0.0350913047276635,2030.238112751179,6049.138563788642,943142.0822615259,471571.04113076295,467925.9084991713,4.3318505553384984e-05,4.327931107224222e-05,2.598164011143258e-08,2.9436406375417508,0.14665047229514622,0.1426216387163468
2014-05-20,1735,rolling,select,hybrid,5,20,log_euclidean,0.01,0.03548640203686011,4902.330602504238,823.4643327614169,16166.967867146619,8083.483933573309,7637.528553434144,0.0011940792919993865,0.0011940400975182436,1.4634557534903183e-06,3.6744694412135233,0.12264053504026191,0.20465078921273
2014-05-20,1735,ewma,select,hybrid,5,20,log_euclidean,0.01,0.03516621614403172,4675.942998671748,834.7408002577833,23045.30897821853,11522.654489109267,11036.43961589741,0.0007256872021917989,0.0007256480077106562,9.950310464172005e-07,3.650828598599782,0.1399456890388297,0.20382871566571714
2014-05-20,1735,ledoit_wolf,select,hybrid,5,20,log_euclidean,0.01,0.034939408033899874,9690.601858375932,798.5917520089474,547.0169801277233,273.50849006386153,-93.65110146699041,9.121635859304217e-05,9.117716411189942e-05,1.4319181118238974e-05,1.0638305911585995,0.024728631341238528,0.01569828952786015
2014-05-20,1735,oas,select,hybrid,5,20,log_euclidean,0.01,0.0352898984042528,8115.916999065175,604.426960524087,1277.1557561508753,638.5778780754376,267.28504965610733,0.00041632561354337246,0.0004162864190622297,1.218863716566048e-05,2.0778885273342436,0.058982683568194534,0.062135400598759646
2014-05-20,1735,shrink,select,hybrid,5,20,log_euclidean,0.01,0.03542948886465445,7278.5843391066155,602.598010607707,1965.2956789086215,982.6478394543108,603.4350696685397,0.0002606013005088201,0.00026056210602767735,6.2480297608412914e-06,2.537984868713065,0.1312030525442992,0.11626817778758837
2014-05-20,1735,persistence,select,hybrid,5,20,log_euclidean,0.01,0.03501103470895404,3414.2673274191843,1014.6408560624719,52289.14191061521,26144.570955307605,25471.301142936598,9.596722535347175e-05,9.592803087232899e-05,1.618390808148272e-07,1.9435560966371983,0.06349813390900676,0.05915634456626175
2014-05-28,1740,similarity,select,hybrid,5,20,log_euclidean,0.01,0.035117486092684516,2199.4943625009005,6772.549099515306,103420.54945818332,51710.27472909166,51027.06393637747,0.00024542021031793683,0.0002453805230598896,1.918630020119958e-07,2.241989528656081,0.10232725848584152,0.09246870456231455
2014-05-28,1740,rolling,select,hybrid,5,20,log_euclidean,0.01,0.03517085413594398,4904.734324441158,799.4671553660819,19114.636557003505,9557.318278501753,9125.8550286503,0.0009580554531920094,0.0009580157659339621,1.2536873886750043e-06,3.5932402382312163,0.13357913653957096,0.2098178769897799
2014-05-28,1740,ewma,select,hybrid,5,20,log_euclidean,0.01,0.03490379716697803,4682.590371731786,829.0004381327262,28048.062355928254,14024.031177964127,13544.979577063112,0.0004728618339119827,0.00047282214665393544,8.362817264239524e-07,3.7299379468670524,0.1413315915796875,0.21420828385461327
2014-05-28,1740,ledoit_wolf,select,hybrid,5,20,log_euclidean,0.01,0.03475466237903213,9306.684744493246,730.8850375681418,618.60561253817,309.30280626908495,-56.77358904447823,0.00010508601036920165,0.00010504632311115437,1.3971363975254456e-05,1.1457542185287402,0.0279547243349861,0.018991119774299438
2014-05-28,1740,oas,select,hybrid,5,20,log_euclidean,0.01,0.0350283378574233,7777.8374869532945,586.6596471278995,1583.8646790500818,791.932339525041,421.8993006372672,0.0004025969568425772,0.00040255726958452994,1.0235870102225024e-05,2.2482581218113555,0.06741867898396929,0.07194216607024907
2014-05-28,1740,shrink,select,hybrid,5,20,log_euclidean,0.01,0.03511481490616677,7221.404696133732,572.6472185504896,1986.8539073797742,993.4269536898871,618.985906454741,0.00021291936075643712,0.00021287967349838984,6.076078603837558e-06,2.503092965097417,0.13694263490376277,0.11342806978634877
2014-05-28,1740,persistence,select,hybrid,5,20,log_euclidean,0.01,0.034883781319527754,3448.991334063082,994.1003160486525,90108.60450271472,45054.30225135737,44418.74455960529,0.00023695759533937628,0.000236917908081329,1.4970235242190571e-07,2.1271248105277505,0.0708858347016294,0.07383010531322069
2014-06-04,1745,similarity,select,hybrid,5,20,log_euclidean,0.01,0.03511536653215868,2207.6557351762076,6541.4533833961295,103286.68315613401,51643.341578067004,50964.550682477646,0.00023700744078293163,0.00023693662941832498,1.9186300201200432e-07,2.2419895286560463,0.10232725848584247,0.0924687045623167
2014-06-04,1745,rolling,select,hybrid,5,20,log_euclidean,0.01,0.035159006049490266,4799.594097659516,758.0002644304639,19433.55992461069,9716.779962305347,9288.70097825632,0.001671267695709332,0.0016711968843447255,1.2858122232705517e-06,3.5441839996234323,0.12707559001357938,0.21998486079765978
2014-06-04,1745,ewma,select,hybrid,5,20,log_euclidean,0.01,0.0348654467350342,4580.231281916348,747.9197950624233,33438.45968211068,16719.229841055338,16225.083855842366,0.0007575793400038698,0.0007575085286392632,7.557500135487009e-07,3.815106625586037,0.12359431863844388,0.2320557806006522
2014-06-04,1745,ledoit_wolf,select,hybrid,5,20,log_euclidean,0.01,0.03475510010210323,9295.13565274009,799.0036415211441,618.5374052148965,309.2687026074478,-57.249288506458775,8.370455032775773e-05,8.363373896315108e-05,1.3045463567126225e-05,1.1239547135456955,0.031745392961006286,0.01803493287031774
2014-06-04,1745,oas,select,hybrid,5,20,log_euclidean,0.01,0.035023330760629315,7720.382757767392,584.2258957442293,1616.640433627339,808.320216813669,437.59664260683655,0.0003748500949119614,0.00037477928354735476,1.0054756365873324e-05,2.151048252557644,0.08819816377760395,0.06998766922994328
2014-06-04,1745,shrink,select,hybrid,5,20,log_euclidean,0.01,0.0351087481561609,7151.138231670562,566.371511044995,1937.7368228312782,968.8684114156388,592.0213516545805,0.0002162895000524274,0.00021621868868782076,6.081735010511362e-06,2.386810434469398,0.13266180833623206,0.11017120212968265
2014-06-04,1745,persistence,select,hybrid,5,20,log_euclidean,0.01,0.03487477084939816,3444.4820881829037,967.0771304862112,97896.93558127459,48948.467790637296,48369.472509962805,0.00024038225021034304,0.00024031143884573639,1.1266226434400025e-07,1.959660959628793,0.07250092214864652,0.062181356332062475
2014-06-11,1750,similarity,select,hybrid,5,20,log_euclidean,0.01,0.001544469125847569,2013.4206107321384,7712.163494661705,177908.6457860619,88954.32289303097,83875.81041437315,4.593463865222888e-05,4.592983891642562e-05,4.5313166150819084e-08,3.3178711486907138,0.11948657939533393,0.1869298957209575
2014-06-11,1750,rolling,select,hybrid,5,20,log_euclidean,0.01,0.00750497766830593,4852.889216712696,2228.3617978358807,2127.5904787999502,1063.7952393999776,590.5677749086849,2.8422114005399014e-05,2.8417314269595755e-05,2.1613293559523406e-06,3.100227953965764,0.11186913131681328,0.14732360489416554
2014-06-11,1750,ewma,select,hybrid,5,20,log_euclidean,0.01,0.050208079003046156,4641.9961006424855,2066.514527443496,1302.0526961963485,651.0263480981741,199.48928930610808,1.530511618976538e-05,1.530031645396212e-05,3.0034962943359278e-06,2.418765866222674,0.10225261944647207,0.09463199317817934
2014-06-11,1750,ledoit_wolf,select,hybrid,5,20,log_euclidean,0.01,0.001597137925045576,11139.22123166651,1859.864540457958,396.5729281526736,198.28646407633715,-222.73535313879378,3.057079584746373e-05,3.056599611166047e-05,1.5183762888416092e-05,1.0,0.012793737453028222,0.010342365005081122
2014-06-11,1750,oas,select,hybrid,5,20,log_euclidean,0.01,0.006460854809430413,7915.896273852875,1813.180803692468,528.241714531491,264.12085726574594,-165.01842479379187,1.1985807213354774e-05,1.1981007477551514e-05,9.79483192071796e-06,2.141266902539791,0.08693388279876,0.06972824193279464
2014-06-11,1750,shrink,select,hybrid,5,20,log_euclidean,0.01,0.007449507815246706,7211.467360704922,1872.6317019429375,850.4816168555325,425.2408084277665,-13.539989751886376,4.768025981126323e-05,4.7675460075459975e-05,5.46287167154822e-06,2.3503560475548566,0.1002640357537607,0.10200360540451202
2014-06-11,1750,persistence,select,hybrid,5,20,log_euclidean,0.01,0.03671390488675573,3424.077518227671,2333.0990671598415,1877.3689504485938,938.6844752242931,471.1660480023872,1.2555695516186762e-05,1.2550895780383503e-05,1.2174865651908669e-06,1.859128342611861,0.06929263851168083,0.05780364432638141
2014-06-18,1755,similarity,select,hybrid,5,20,log_euclidean,0.01,0.002031315885118012,2099.2048657204505,9183.179812466391,18679.97104646053,9339.985523230325,8454.087157953334,0.00012317888146822645,0.00012317448687295857,2.3557598772155375e-07,2.2771706236711977,0.09416205616394867,0.08779783755106219
2014-06-18,1755,rolling,select,hybrid,5,20,log_euclidean,0.01,0.007276401358439376,4673.4732305921625,2218.5938020773447,2471.128231362756,1235.5641156813779,754.4070935837807,2.079126653157709e-05,2.0786871936309224e-05,1.7681469839446346e-06,3.0540244064904045,0.11705895962810448,0.14683830939533488
2014-06-18,1755,ewma,select,hybrid,5,20,log_euclidean,0.01,0.027750145962841245,4447.449313226594,2093.603628325289,1653.6529917498556,826.8264958749282,366.62464346057607,1.5459077106592137e-05,1.545468251132427e-05,2.1859821074234245e-06,2.362988360379557,0.09994650346982724,0.09446613714617184
2014-06-18,1755,ledoit_wolf,select,hybrid,5,20,log_euclidean,0.01,0.001575029121260227,10793.729959184457,1817.667050938547,386.07383821730053,193.03691910864984,-227.46951917275584,3.128247595911965e-05,3.127808136385178e-05,1.2891862204048697e-05,1.0,0.012723828954073285,0.010324355342052125
2014-06-18,1755,oas,select,hybrid,5,20,log_euclidean,0.01,0.0064217521773069705,7379.264705061712,1861.8632562344842,638.1046609677209,319.0523304838607,-112.9271169122347,1.4681216444423703e-05,1.4676821849155838e-05,7.183382774843751e-06,2.3072353619305375,0.08713560009248458,0.08245294045967805
2014-06-18,1755,shrink,select,hybrid,5,20,log_euclidean,0.01,0.007245469332502563,6991.940724329457,1871.2110319297212,849.5196470637454,424.7598235318724,-13.646360903710407,3.913582047942291e-05,3.9131425884155045e-05,5.029929613707581e-06,2.386956597116052,0.10044552588415877,0.09969586327029699
2014-06-18,1755,persistence,select,hybrid,5,20,log_euclidean,0.01,0.0366008744049608,3405.452614983212,2257.170093650779,2076.420647768241,1038.2103238841191,568.2903469100564,2.343555299863276e-05,2.3431158403364894e-05,9.073912057822412e-07,1.693924438421188,0.0633530095801168,0.043580985546463384
2014-06-25,1760,similarity,select,hybrid,5,20,log_euclidean,0.01,0.002054687570404138,2119.3739023958296,9005.407204681873,19886.658291028085,9943.329145513986,9045.041432955304,0.00014263299170466567,0.00014262880879381163,2.3557598772153543e-07,2.2771706236712195,0.09416205616395629,0.08779783755106259
2014-06-25,1760,rolling,select,hybrid,5,20,log_euclidean,0.01,0.007258411586810579,4600.234117800183,1974.7235090936506,2540.4411532776344,1270.2205766388188,788.6492186373595,2.5628334547138723e-05,2.562415163628469e-05,1.4602496800657933e-06,2.8994464618716793,0.08721158651915417,0.12596824163385006
2014-06-25,1760,ewma,select,hybrid,5,20,log_euclidean,0.01,0.015667807122120694,4405.9123517520775,2052.9222719660524,2168.9519787685676,1084.4759893842843,613.6876710408601,2.779260783246369e-05,2.7788424921609657e-05,1.5598000760655355e-06,2.4801678258069355,0.09899894059959843,0.09630389149842189
2014-06-25,1760,ledoit_wolf,select,hybrid,5,20,log_euclidean,0.01,0.0015854439590130016,10755.146530007423,1809.2586178527126,381.0690856263716,190.53454281318548,-226.28632887012918,3.3305500987848456e-05,3.330131807699442e-05,1.1546816338815625e-05,0.9999999999999998,0.011878961510712665,0.010186212488275764
2014-06-25,1760,oas,select,hybrid,5,20,log_euclidean,0.01,0.006424474141391946,7307.582531014229,1765.9188025195253,657.4874553651593,328.74372768257973,-100.51475939394669,2.0456553258322323e-05,2.045237034746829e-05,5.890435596122637e-06,2.1616761192573715,0.06969320429753843,0.07082175700290819
2014-06-25,1760,shrink,select,hybrid,5,20,log_euclidean,0.01,0.007238156026327587,6848.039687444067,1776.6283424936175,912.7267281964478,456.3633640982241,19.159998528400816,2.432898212730594e-05,2.4324799216451906e-05,4.022712921816159e-06,2.331995453320137,0.09756048283854413,0.08989600443988038
2014-06-25,1760,persistence,select,hybrid,5,20,log_euclidean,0.01,0.03639792408042698,3483.2701818656233,2251.603443977154,2330.827539277051,1165.4137696385264,693.0273474617732,7.246632240557884e-05,7.246213949472481e-05,9.407537897711603e-07,1.7046699189240178,0.06532577265110828,0.04500865966406289
2014-07-02,1765,similarity,select,hybrid,5,20,log_euclidean,0.01,0.0015854067365815025,2220.4779832733534,7286.1652328284135,98216.10686957472,49108.053434787354,46510.311729238136,8.250721974551747e-05,8.25024770824214e-05,5.44402816534718e-08,2.595405717285417,0.11566584881563109,0.11307551367181942
2014-07-02,1765,rolling,select,hybrid,5,20,log_euclidean,0.01,0.0071952402652497565,4604.968994704901,1886.8338003034905,3047.0328269479996,1523.516413474001,1041.5527281511527,5.318612700584967e-05,5.3181384342753605e-05,1.2752664983590345e-06,2.6894260934265226,0.11298305672131755,0.11904734245917845
2014-07-02,1765,ewma,select,hybrid,5,20,log_euclidean,0.01,0.009164684571828886,4430.341379212053,1956.6830069671287,3011.6061279739656,1505.8030639869853,1025.0293872901389,4.199366495987294e-05,4.198892229677687e-05,1.2416969962917893e-06,2.504012047941189,0.10281199992831169,0.10254340197883674
2014-07-02,1765,ledoit_wolf,select,hybrid,5,20,log_euclidean,0.01,0.0015994847623472782,10566.034270092576,1928.446314162669,373.15470741230774,186.57735370615384,-226.51688199171767,5.241469936591905e-05,5.240995670282298e-05,1.0565044955982863e-05,1.0000000000000002,0.012281133698188042,0.010213954653213326
2014-07-02,1765,oas,select,hybrid,5,20,log_euclidean,0.01,0.0064371066039750355,7073.229297804773,1761.9059610353197,801.0541954197467,400.5270977098732,-27.16715020947687,3.744938940879385e-05,3.7444646745697784e-05,4.6052905932204215e-06,2.0759038545997357,0.08355887532757404,0.0692420935549672
2014-07-02,1765,shrink,select,hybrid,5,20,log_euclidean,0.01,0.007182071190092208,6788.687639461688,1750.2665218015916,1010.5178628694564,505.2589314347281,71.93374534189675,4.3587558637170405e-05,4.358281597407434e-05,3.4681030664875502e-06,2.1760770414013457,0.10301299783878472,0.08600034058940671
2014-07-02,1765,persistence,select,hybrid,5,20,log_euclidean,0.01,0.03639878112833176,3550.3147437768553,2190.8341836357217,2412.779256526766,1206.3896282633843,739.1497950845849,5.004477358628659e-05,5.0040030923190524e-05,1.0471400355530316e-06,1.796637681853701,0.06422542017986074,0.04887120538656645
2014-07-10,1770,similarity,select,hybrid,5,20,log_euclidean,0.01,5.663074044038334e-05,2337.329447213334,3411.7137093789756,31371.129606851704,15685.564803425861,14856.750881830778,6.008090305285524e-05,6.007982948704172e-05,3.8749764472897016e-08,2.304311400376711,0.09146143159657444,0.08175560114606659
2014-07-10,1770,rolling,select,hybrid,5,20,log_euclidean,0.01,0.005863500528391582,4649.866372073557,1753.4380866120841,881.2007975876012,440.6003987938009,-15.455386693409602,3.741737659558296e-05,3.7416303029769445e-05,1.555560462077572e-06,2.8408864677673384,0.0989718855949571,0.12229192853271835
2014-07-10,1770,ewma,select,hybrid,5,20,log_euclidean,0.01,0.005717817001449061,4460.786231570864,2412.525763563761,875.1379366285178,437.5689683142525,-19.214745401563707,3.480813849094962e-05,3.48070649251361e-05,1.5636740645270407e-06,2.6266720585510397,0.09589208951194504,0.10672068043708757
2014-07-10,1770,ledoit_wolf,select,hybrid,5,20,log_euclidean,0.01,0.00015222834634759635,10766.981779776253,1396.180931507925,417.7716069765264,208.88580348826355,-241.7620470471158,4.850034707856328e-05,4.849927351274976e-05,1.1729362714272116e-05,0.9999999999999999,0.012457483233525978,0.010203549415994814
2014-07-10,1770,oas,select,hybrid,5,20,log_euclidean,0.01,0.0050083000414871464,7326.603678380629,1625.4725201541214,365.68740860817184,182.84370430408626,-268.8990255338095,3.41119642078597e-05,3.411089064204618e-05,5.79448336798436e-06,2.033323426914719,0.0746053024131956,0.06284451493955544
2014-07-10,1770,shrink,select,hybrid,5,20,log_euclidean,0.01,0.005738346057372067,7302.905166876865,1397.6035869777743,389.12228321412124,194.56114160706073,-256.1293507208983,5.2845878105260576e-05,5.284480453944706e-05,4.463617583282258e-06,1.9780855866109412,0.12019016840882035,0.0845036134937042
2014-07-10,1770,persistence,select,hybrid,5,20,log_euclidean,0.01,0.0015592561578756975,3333.0285672548725,2454.8474878607904,2538.651846778455,1269.3259233892022,797.714904830643,3.560596233342612e-05,3.56048887676126e-05,2.959540900558487e-07,1.9033270562088418,0.06155555919837368,0.05493444986827794
2014-07-17,1775,similarity,select,hybrid,5,20,log_euclidean,0.01,5.75329537093229e-05,2445.8573752919074,2843.5291489012757,30232.056414337014,15116.02820716849,14247.366248960494,7.642732704127796e-05,7.642585901542264e-05,4.053663263952154e-08,2.298011573088382,0.0930993313736713,0.08311334360428733
2014-07-17,1775,rolling,select,hybrid,5,20,log_euclidean,0.01,0.005862195751489433,4600.394920317238,1857.654476259051,878.2733658211077,439.1366829105566,-24.691994609201313,5.097314010926043e-05,5.097167208340511e-05,1.4987972295618115e-06,2.84049378068762,0.09212858323696402,0.1215514772854974
2014-07-17,1775,ewma,select,hybrid,5,20,log_euclidean,0.01,0.003101245821221793,4380.59273724005,2408.602691563442,1033.9692395576374,516.9846197788104,50.278423315449956,4.7106038514182e-05,4.710457048832668e-05,1.2087971011006906e-06,2.6669846543502707,0.09044638738498988,0.10936460054051651
2014-07-17,1775,ledoit_wolf,select,hybrid,5,20,log_euclidean,0.01,0.00015447162101275543,10757.099574998521,1600.3315684736444,419.7943580506185,209.89717902530975,-242.35204234105225,5.318242556245823e-05,5.318095753660291e-05,1.1729681392814091e-05,1.0000000000000002,0.012529832523121235,0.01019904561739284
2014-07-17,1775,oas,select,hybrid,5,20,log_euclidean,0.01,0.005011575604555034,7290.255594773975,1760.9713816195754,364.8720255195352,182.43601275976795,-271.9055895823448,4.296249997619287e-05,4.296103195033755e-05,5.761313140863216e-06,2.0553815353590967,0.06919813590039885,0.06395835073933712
2014-07-17,1775,shrink,select,hybrid,5,20,log_euclidean,0.01,0.005737949045982843,7272.767751329919,1526.0646483084943,375.23023634305076,187.61511817152547,-266.65393227843595,6.105060552260179e-05,6.104913749674647e-05,4.4178097548409935e-06,1.9520887799381756,0.11162095983004762,0.08711851037070908
2014-07-17,1775,persistence,select,hybrid,5,20,log_euclidean,0.01,0.0015614685235642053,3172.760522906486,2609.1192183284456,2332.985665399194,1166.492832699611,681.8204635390709,4.041756451995791e-05,4.0416096494102585e-05,2.854923437585824e-07,1.8764263675309456,0.0555466987462861,0.05243486534362019
2014-07-24,1780,similarity,select,hybrid,5,20,log_euclidean,0.01,3.6134953528046814e-05,2354.1962083761455,2606.0720298193537,23275.07404307348,11637.537021536742,10982.434884955914,7.581472617099666e-05,7.581241355324125e-05,4.0270317582585424e-08,2.2996978057412423,0.09387468940750755,0.08360963897777712
2014-07-24,1780,rolling,select,hybrid,5,20,log_euclidean,0.01,0.005864065581991978,4548.374637434234,1898.3943572669318,693.1524534820974,346.5762267410456,-123.43621018341632,4.467298719387525e-05,4.4670674576119855e-05,1.4329971900951098e-06,2.680327313249078,0.13271897627582857,0.11761816234242353
2014-07-24,1780,ewma,select,hybrid,5,20,log_euclidean,0.01,0.001695974475876004,4332.972175957589,2159.40029341652,920.4380010700536,460.2190005350186,-13.420501033447664,4.301618457003445e-05,4.301387195227905e-05,9.419911569098825e-07,2.5991021300899377,0.11755327677193604,0.10856118287774562
2014-07-24,1780,ledoit_wolf,select,hybrid,5,20,log_euclidean,0.01,0.00014493939855143173,10771.90620367007,1748.6973220351317,437.9631977694571,218.98159888472884,-244.42270721031213,5.425226144448549e-05,5.424994882673009e-05,1.1713073805414823e-05,0.9999999999999999,0.01304525605344078,0.010181977560009735
2014-07-24,1780,oas,select,hybrid,5,20,log_euclidean,0.01,0.005007264244048086,7319.459125807878,1839.9314929599013,345.3218477368788,172.66092386843974,-291.99630803659375,4.348605475796417e-05,4.3483742140208774e-05,5.655097578856835e-06,1.9297465805828553,0.09191258736307538,0.06404978848537632
2014-07-24,1780,shrink,select,hybrid,5,20,log_euclidean,0.01,0.005740410001929625,7300.100731846658,1606.468133104158,366.4002612414034,183.20013062070262,-281.9966838428958,5.9911596344312e-05,5.9909283726556604e-05,4.249953303168913e-06,1.900518478793375,0.11197164369218067,0.0875997752355986
2014-07-24,1780,persistence,select,hybrid,5,20,log_euclidean,0.01,0.0015731165460267267,3263.3151445970534,2607.542001241547,1768.8500963722886,884.4250481861427,397.3856903180026,4.266321592931747e-05,4.2660903311562074e-05,2.869400498783892e-07,1.826976682256861,0.04766424673519033,0.04953536510295596
2014-07-31,1785,similarity,select,hybrid,5,20,log_euclidean,0.01,1.7887179161881918e-05,2017.4041901045998,5170.997643615658,18778.063632440517,9389.03181622026,8815.966399587463,4.097283642340675e-05,4.097179880507524e-05,4.342908571315067e-08,2.395225983738133,0.10430991422889378,0.09747110545274286
2014-07-31,1785,rolling,select,hybrid,5,20,log_euclidean,0.01,0.005854044002040093,4467.121557963999,1638.0215080375533,588.0743118659796,294.0371559329946,-188.6330857173554,2.736436361555036e-05,2.736332599721885e-05,1.4877701997405784e-06,2.7511244559258254,0.12122595558286997,0.12035222013202691
2014-07-31,1785,ewma,select,hybrid,5,20,log_euclidean,0.01,0.0009230738827767859,4283.674976502023,1725.418510956904,889.5111686838467,444.75558434192635,-42.42262197135635,2.766050217911393e-05,2.7659464560782418e-05,8.071864849726316e-07,2.6908556069909464,0.1057521896250604,0.11650788786867622
2014-07-31,1785,ledoit_wolf,select,hybrid,5,20,log_euclidean,0.01,0.00012248402355829425,10771.545067442354,1213.8942801524086,463.7798333508541,231.88991667542712,-246.63259091273045,2.5854493732485702e-05,2.5853456114154192e-05,1.1455764999668706e-05,1.0,0.013020560472801482,0.010169390673077499
2014-07-31,1785,oas,select,hybrid,5,20,log_euclidean,0.01,0.0049990926373453355,7299.420644171994,1503.18835792173,347.1679115707359,173.58395578536826,-305.7349552495863,2.3346176859021077e-05,2.3345139240689566e-05,5.563128240190198e-06,1.9652419781015409,0.08082438893904945,0.060270904563100074
2014-07-31,1785,shrink,select,hybrid,5,20,log_euclidean,0.01,0.0057263266376008665,7257.012964615081,1269.5237166014426,358.0794127741254,179.03970638706252,-300.15861691993945,2.5354261733975003e-05,2.5353224115643493e-05,4.153109089485798e-06,1.903650957318685,0.15065354217950794,0.08919526479421666
2014-07-31,1785,persistence,select,hybrid,5,20,log_euclidean,0.01,0.0015770915513536965,3248.1355198011706,2111.6348958646013,1349.8863244604029,674.9431622302195,195.11694025827586,2.137173399115593e-05,2.137069637282442e-05,3.780042482141724e-07,1.9788439622515523,0.06327397368530159,0.06163968431652334
2014-08-07,1790,similarity,select,hybrid,5,20,log_euclidean,0.01,1.4551100999804711e-05,2173.1399352031967,4227.250912042311,15630.133863042169,7815.066931521083,7318.515138327622,2.5518921960975617e-05,2.5518097581380285e-05,4.022304635879319e-08,2.3124607582007237,0.094790882002942,0.08450493872254104
2014-08-07,1790,rolling,select,hybrid,5,20,log_euclidean,0.01,0.00583018022323357,4532.125797415378,1495.762495489908,555.7550482116237,277.87752410581606,-208.8373511989367,1.7376277914389328e-05,1.7375453534793995e-05,1.8349757748682583e-06,3.085535435219711,0.10450995123105795,0.14262464097079353
2014-08-07,1790,ewma,select,hybrid,5,20,log_euclidean,0.01,0.0005271708836662064,4340.739447434553,1377.097857752702,906.7971954837694,453.3985977418824,-34.37529049953942,1.8427414362923197e-05,1.8426589983327864e-05,8.767894744901228e-07,3.1340306866290937,0.09463039452194318,0.14671739349341942
2014-08-07,1790,ledoit_wolf,select,hybrid,5,20,log_euclidean,0.01,0.00012070036204751944,10792.96352969494,911.9965169136844,478.4537882079983,239.22689410399923,-246.94371570488215,1.5169501119867375e-05,1.516867674027204e-05,1.2026240271311724e-05,1.0,0.01248311932753236,0.01017808124510435
2014-08-07,1790,oas,select,hybrid,5,20,log_euclidean,0.01,0.004966857442531144,7350.5648651372685,1282.6647370696646,352.65710698232357,176.3285534911627,-310.0949030419227,1.600793928237646e-05,1.600711490278113e-05,6.702335230872114e-06,2.0844218563159704,0.07075177119329193,0.06881802360940177
2014-08-07,1790,shrink,select,hybrid,5,20,log_euclidean,0.01,0.005697499214948367,7347.577364897721,1064.3823438801721,362.91511428148954,181.4575571407458,-304.3734026205107,1.7182319136173552e-05,1.718149475657822e-05,5.7157065521629685e-06,2.076824199734113,0.15684891407107307,0.1052261207908893
2014-08-07,1790,persistence,select,hybrid,5,20,log_euclidean,0.01,6.223829040217786e-05,3278.7767367216275,1090.0337518587548,3074.021160334165,1537.010580167066,1070.1540880370892,1.988854035326756e-05,1.9887715973672227e-05,1.3940837174654903e-07,1.9275983845189457,0.06943338764261518,0.058148395512126166
2014-08-14,1795,similarity,select,hybrid,5,20,log_euclidean,0.01,1.2555073613239005e-05,2116.275895511376,4101.892973133436,13904.821673889412,6952.410836944709,6371.917354136591,1.8975394536171623e-05,1.8974221823325077e-05,4.045929165566575e-08,2.3117843324909013,0.09460800792865827,0.08427489237227863
2014-08-14,1795,rolling,select,hybrid,5,20,log_euclidean,0.01,0.005825593116151995,4484.956307340158,1453.1208438436588,526.6532995534599,263.32664977673164,-229.48119804410584,2.431843260842914e-05,2.4317259895582595e-05,1.8966359232934539e-06,3.12421720619081,0.08974279749590061,0.14528912199480978
2014-08-14,1795,ewma,select,hybrid,5,20,log_euclidean,0.01,0.00029222843186446146,4288.614123974627,1239.5166628704092,1000.3298467625123,500.1649233812549,1.399095408880696,2.4063022752092534e-05,2.4061850039245988e-05,8.903510246848384e-07,3.4652736460986713,0.09494023925362378,0.17690489187810435
2014-08-14,1795,ledoit_wolf,select,hybrid,5,20,log_euclidean,0.01,0.00012125998884181243,10798.132749623404,922.2310233166318,482.26456372566156,241.13228186283155,-247.3275713252734,1.6068152423167047e-05,1.60669797103205e-05,1.2335412024595479e-05,1.0,0.0126847992896499,0.010187107070326587
2014-08-14,1795,oas,select,hybrid,5,20,log_euclidean,0.01,0.004959386778281324,7331.618333278091,1243.0097038068784,349.0213611367724,174.51068056838665,-314.76089425093016,1.7923522997922874e-05,1.7922350285076328e-05,7.312857807322371e-06,2.2418328693121348,0.06336607515764045,0.07745849878915187
2014-08-14,1795,shrink,select,hybrid,5,20,log_euclidean,0.01,0.005691809040537364,7338.703118263651,1030.525487165056,356.7413963675814,178.37069818379146,-311.0501381299743,1.1623669996127706e-05,1.1622497283281158e-05,6.557264868769776e-06,2.1450027950252966,0.2203186902681793,0.1243114993025727
2014-08-14,1795,persistence,select,hybrid,5,20,log_euclidean,0.01,6.037656170097857e-05,3221.8732399206597,1181.8120455684107,2905.8464932281486,1452.9232466140788,933.6601214258268,1.9234748375152463e-05,1.9233575662305917e-05,1.7384392943137258e-07,2.1466718244851224,0.07064036011681783,0.07436725632585524
2014-08-21,1800,similarity,select,hybrid,5,20,log_euclidean,0.01,1.1151438944529825e-05,2125.5970914002187,4305.275028281899,15071.230263705695,7535.615131852847,6983.831566456543,2.1533433336571967e-05,2.1532707762600073e-05,3.783028865363431e-08,2.335645909589423,0.0966362748155332,0.08621110189180307
2014-08-21,1800,rolling,select,hybrid,5,20,log_euclidean,0.01,0.0002519794082396285,4287.567613639634,1448.7480391632284,1106.527410050235,553.2637050251174,55.47449595528733,2.231972574803931e-05,2.2319000174067416e-05,8.567915861484788e-07,4.007787069537833,0.11205677459415268,0.2343295733461419
2014-08-21,1800,ewma,select,hybrid,5,20,log_euclidean,0.01,6.488114218857515e-05,4093.622929262833,1161.8660294224815,1471.3367268849554,735.668363442479,233.01668472646625,2.6580869369254198e-05,2.6580143795282305e-05,6.621023790243903e-07,4.178827276409917,0.11861892150771298,0.24587142139280627
2014-08-21,1800,ledoit_wolf,select,hybrid,5,20,log_euclidean,0.01,7.341304242659095e-05,8005.5525920916225,972.5450513259501,355.80558875250676,177.90279437625324,-310.3861374709618,1.10928509011327e-05,1.1092125327160808e-05,1.0595270166579042e-05,1.5228939976141358,0.04857129057154328,0.0357038642332164
2014-08-21,1800,oas,select,hybrid,5,20,log_euclidean,0.01,0.00019535763836851116,6608.40405465197,1281.1195285512479,347.26268876391146,173.63134438195726,-315.4296592258155,1.5255477164747743e-05,1.525475159077585e-05,5.3331747390565835e-06,2.6339674390609153,0.07123252278103237,0.10538461686414609
2014-08-21,1800,shrink,select,hybrid,5,20,log_euclidean,0.01,0.00013071155050091004,7200.094272743567,1004.118274682316,339.5401833832017,169.77009169160033,-318.81947121785635,8.690412572080157e-06,8.689686998108266e-06,6.768077204567712e-06,2.220464333911328,0.22327494805416412,0.1374908105612819
2014-08-21,1800,persistence,select,hybrid,5,20,log_euclidean,0.01,3.968107468638712e-05,2995.242763170123,1282.78294433554,3363.291967853531,1681.6459839267663,1172.8523054864286,1.1812411949417161e-05,1.181168637544527e-05,1.9766617738084833e-07,2.5079343711379747,0.10135131531792547,0.10595399740736464
2014-08-28,1805,similarity,select,hybrid,5,20,log_euclidean,0.01,2.1699138926505106e-05,2182.3756984940155,2166.107709478541,19715.317422226653,9857.658711113327,9231.401676401176,4.57689098953518e-05,4.576645674201345e-05,3.5079424828804675e-08,2.3336183123509175,0.0992188574174782,0.08708887427119348
2014-08-28,1805,rolling,select,hybrid,5,20,log_euclidean,0.01,0.00024827848575162116,4286.919471918758,1765.5152386674542,1207.418277283827,603.70913864191,116.63400136469504,2.832369087774111e-05,2.832123772440276e-05,8.445586991309074e-07,3.8613829299750653,0.14364122772201207,0.23695753274272566
2014-08-28,1805,ewma,select,hybrid,5,20,log_euclidean,0.01,4.002333425953343e-05,4093.6800398365253,1185.4428260635193,1862.3740519493292,931.1870259746719,435.8542850322127,3.3116161396779784e-05,3.311370824344143e-05,6.104346514230161e-07,4.340366609828346,0.1377513087708734,0.28000188087204647
2014-08-28,1805,ledoit_wolf,select,hybrid,5,20,log_euclidean,0.01,8.28966582136164e-05,7996.623405041604,1728.9728181391333,333.88028177816085,166.9401408890798,-307.4453578551943,2.7590876186300223e-05,2.758842303296187e-05,1.0251892782846922e-05,1.4686785863639138,0.04993012416369956,0.03336965493963371
2014-08-28,1805,oas,select,hybrid,5,20,log_euclidean,0.01,0.00019555689776887803,6588.689585396567,1742.9898764359118,336.76584823934274,168.38292411967075,-306.99842650280135,2.2429851625637376e-05,2.2427398472299025e-05,5.376604947727551e-06,2.5621181036107745,0.10248678398532216,0.10684164713021764
2014-08-28,1805,shrink,select,hybrid,5,20,log_euclidean,0.01,0.00013547203724272847,7178.4227296884055,1533.5171832055157,325.5017765852142,162.75088829260653,-312.34152149966457,2.1505032992145547e-05,2.1502579838807196e-05,6.3970695613874525e-06,2.1193509265804322,0.19346972637137572,0.13537111449309527
2014-08-28,1805,persistence,select,hybrid,5,20,log_euclidean,0.01,2.7585135686461877e-05,3005.404274927847,1111.7900439589387,5492.645341319262,2746.3226706596297,2254.9764485517708,3.495295178491915e-05,3.49504986315808e-05,8.998753243384606e-08,1.9797545572988384,0.09489601692318592,0.06651761678075081
2014-09-05,1810,similarity,select,hybrid,5,20,log_euclidean,0.01,4.3217614103994236e-05,2067.211434528401,2042.8916240202711,28401.153551364183,14200.5767756821,13631.983379015062,5.126805297489132e-05,5.126468263262828e-05,4.0146620968217164e-08,3.103093561897875,0.11492135871338116,0.1489818016799756
2014-09-05,1810,rolling,select,hybrid,5,20,log_euclidean,0.01,0.000261313583870496,4344.043770171149,2102.9656931811605,1344.2820619801323,672.1410309900682,193.77296441130056,2.4644152894565247e-05,2.4640782552302216e-05,7.165527259545612e-07,3.573061428802831,0.15077792284043695,0.20691016336876863
2014-09-05,1810,ewma,select,hybrid,5,20,log_euclidean,0.01,5.150197647427879e-05,4152.602982402814,1481.0179377506893,2298.03958829684,1149.0197941484203,664.3545013618428,2.725868350212924e-05,2.725531315986621e-05,5.122224612301403e-07,4.129990426243843,0.14046365144393053,0.2673928434710634
2014-09-05,1810,ledoit_wolf,select,hybrid,5,20,log_euclidean,0.01,0.000103268023013327,7949.52028532294,2152.0698788426807,323.98836681272485,161.99418340636225,-306.7783899146302,4.026505190563712e-05,4.0261681563374084e-05,9.348365838444532e-06,1.4623172788960455,0.048055860615119066,0.03268270140921247
2014-09-05,1810,oas,select,hybrid,5,20,log_euclidean,0.01,0.00021224328107247642,6510.555146955231,2107.6869965063693,340.29925406101006,170.14962703050583,-299.53072605944436,2.7795860091685374e-05,2.7792489749422343e-05,4.525607717699529e-06,2.487920672155104,0.1012179543497075,0.10035470093293476
2014-09-05,1810,shrink,select,hybrid,5,20,log_euclidean,0.01,0.00015335023030529286,7145.300335986446,1907.7008636435362,327.7548184636131,163.87740923180652,-305.2031717952277,3.207896406733139e-05,3.207559372506836e-05,5.741913230101441e-06,2.093758590661951,0.1983957412083712,0.13086655019290236
2014-09-05,1810,persistence,select,hybrid,5,20,log_euclidean,0.01,5.352894023129175e-05,2970.903235184759,1542.3562271667358,6719.287293939256,3359.643646969626,2885.149267524662,5.141326910404831e-05,5.140989876178527e-05,6.33342095307969e-08,1.9065778016125075,0.05243412439838347,0.05518385318804851
2014-09-12,1815,similarity,select,hybrid,5,20,log_euclidean,0.01,0.00016130681780760208,2127.72359700608,1196.6390455329868,34085.1244932066,17042.562246603287,16499.737452134326,7.199907639581165e-05,7.198870156797577e-05,3.9788651089312435e-08,2.9804698972437853,0.10527649192663688,0.13680357352852532
2014-09-12,1815,rolling,select,hybrid,5,20,log_euclidean,0.01,0.00036137214466469916,4338.836619252837,2781.9578872616657,1754.7898437284834,877.3949218642465,413.332016739925,9.233287813316529e-05,9.232250330532941e-05,6.144297697887487e-07,3.292846488463339,0.13882603362004603,0.1841086389972497
2014-09-12,1815,ewma,select,hybrid,5,20,log_euclidean,0.01,0.00016205512326453923,4141.209638285516,2046.3835955810187,3399.173500851421,1699.5867504257121,1222.397047718977,9.580851156559399e-05,9.579813673775811e-05,4.0558235164743404e-07,3.9311486425563094,0.12554912206967783,0.24421977791826663
2014-09-12,1815,ledoit_wolf,select,hybrid,5,20,log_euclidean,0.01,0.0002233278314265154,7933.924865927785,3060.848852819694,305.813972580999,152.9069862904998,-296.2514560345288,0.0001030535855202728,0.00010304321069243692,9.180115033593808e-06,1.4959840781531446,0.05282103051324419,0.03336215289457189
2014-09-12,1815,oas,select,hybrid,5,20,log_euclidean,0.01,0.0003176918137363214,6483.100347159375,2858.615514633228,364.55037763326493,182.27518881663326,-267.96676501277517,9.472381173898612e-05,9.471343691115024e-05,4.176402642541132e-06,2.4578200308039806,0.10726688796319538,0.10036480026369485
2014-09-12,1815,shrink,select,hybrid,5,20,log_euclidean,0.01,0.00026496344858402545,7112.85625455791,2684.1058013803067,322.8403763847058,161.42018819235335,-288.52730825920634,7.818397724385463e-05,7.817360241601875e-05,5.306818640888339e-06,2.0308623884673334,0.18624534348726293,0.12258461019785744
2014-09-12,1815,persistence,select,hybrid,5,20,log_euclidean,0.01,0.00017415170395673884,3011.73878821593,2118.796092719854,9198.559347211258,4599.279673605631,4178.669055028369,0.00010346559793444649,0.00010345522310661061,8.256823117068581e-08,2.1030776124313033,0.08644928623198302,0.07490102027706996
2014-09-19,1820,similarity,select,hybrid,5,20,log_euclidean,0.01,0.00019088317048784962,1928.2489204049432,2672.3797833097738,30525.17966458815,15262.589832294074,14535.419905855528,9.618124184875666e-05,9.617306273793972e-05,5.72945498002342e-08,2.55713250504911,0.12577741987378155,0.11471598028672005
2014-09-19,1820,rolling,select,hybrid,5,20,log_euclidean,0.01,0.0002040619613605959,4338.659254471899,1135.87341010103,4801.169208668006,2400.584604334009,1937.4038786866872,0.0001473570322108645,0.00014734885310004755,3.222147510259325e-07,3.503362979815372,0.12453515073998107,0.18755562672789391
2014-09-19,1820,ewma,select,hybrid,5,20,log_euclidean,0.01,0.0002209667042358158,4136.777578258727,1331.6562284654055,5966.169545254842,2983.084772627427,2510.888883674829,0.0001613173791857488,0.00016130920007493185,3.342332360638874e-07,4.024267430267889,0.10747709738134123,0.23369105853222855
2014-09-19,1820,ledoit_wolf,select,hybrid,5,20,log_euclidean,0.01,0.00023197195427224876,6919.901177832327,1699.8426106927172,351.0577348970693,175.52886744853436,-259.41138859768705,0.0001284068012872314,0.00012839862217641447,6.0094712779085704e-06,2.0438050008745776,0.07851864398985106,0.06292408064809223
2014-09-19,1820,oas,select,hybrid,5,20,log_euclidean,0.01,0.00022403511117319154,6665.164283245282,1530.8509513580348,388.5813701318011,194.29068506590096,-240.95698247590067,0.00013057163830936848,0.00013056345919855154,5.105831364009271e-06,2.2764288373813066,0.08947886194447317,0.07998424725043136
2014-09-19,1820,shrink,select,hybrid,5,20,log_euclidean,0.01,0.00022518998758744763,6504.429796665278,1453.0583656857366,410.55524098904516,205.27762049452264,-231.83750293755105,0.00012959060705061633,0.0001295824279397994,4.54488977648031e-06,2.36561936199191,0.16782951226869425,0.11434100818307241
2014-09-19,1820,persistence,select,hybrid,5,20,log_euclidean,0.01,0.00024644503959943005,3199.3850538460297,1903.6406042676501,15355.862993824736,7677.931496912356,7232.976231919504,0.00012538645752699338,0.00012537827841617644,5.74778799474786e-08,1.8127265510090855,0.06302244113445644,0.052019306501311646
2014-09-26,1825,similarity,select,hybrid,5,20,log_euclidean,0.01,0.00031261094759637924,2233.5443139595245,2021.0232483124914,36407.47366177885,18203.736830889422,17447.675710842548,0.0001025530912038251,0.00010254363533093077,4.174027057818655e-08,2.310171773331182,0.090877866782775,0.08581727332803911
2014-09-26,1825,rolling,select,hybrid,5,20,log_euclidean,0.01,0.0002912481887112167,4303.088462556247,855.857078358059,4826.225139579266,2413.1125697896364,1920.0104295998512,0.0001562379198080296,0.00015622846393513527,5.148484749943735e-07,4.305700173008834,0.13033505502383735,0.28449457527070854
2014-09-26,1825,ewma,select,hybrid,5,20,log_euclidean,0.01,0.0002622380972355165,4103.196607773401,669.7760416510747,5378.594617888721,2689.2973089443653,2187.8733258039406,0.00015975960842378825,0.00015975015255089393,5.223258702472865e-07,4.611592605030432,0.12880488917057253,0.3079557173164237
2014-09-26,1825,ledoit_wolf,select,hybrid,5,20,log_euclidean,0.01,0.0003256310785387301,6738.951207743149,1277.2151126170606,385.3956195894191,192.69780979470966,-236.04462250076577,0.00012915526548365407,0.00012914580961075975,7.5006822573945805e-06,2.556661644420179,0.08815758790532592,0.09886455771311851
2014-09-26,1825,oas,select,hybrid,5,20,log_euclidean,0.01,0.0003179688534300758,6541.163192234303,1166.6599460393613,428.3561760496723,214.17808802483665,-215.33382520254023,0.00013122856412665248,0.00013121910825375816,6.539569861703309e-06,2.7926013844615056,0.09489268260213132,0.11870884307149795
2014-09-26,1825,shrink,select,hybrid,5,20,log_euclidean,0.01,0.00032579778988405824,6548.607427769715,1185.081806389004,395.90730120501735,197.9536506025086,-232.39287570373753,0.0001273803566819349,0.00012737090080904058,6.628305256930923e-06,2.700922157135242,0.13893225561540185,0.13571592101857638
2014-09-26,1825,persistence,select,hybrid,5,20,log_euclidean,0.01,0.0002799878849676304,3312.8394646147026,831.3811342714066,12019.086873152808,6009.54343657641,5467.198608185266,0.0001418515389767034,0.0001418420831038091,1.977970182469578e-07,2.8286519552481466,0.11151163667060632,0.130911501877748
2014-10-03,1830,similarity,select,hybrid,5,20,log_euclidean,0.01,0.0003124882739733909,2273.079525568928,2037.8821035725296,31747.46593704083,15873.73296852041,15239.890359658359,9.481663256785774e-05,9.480656485567486e-05,4.528170062301116e-08,2.086546276085539,0.07324863746290829,0.06950087787005492
2014-10-03,1830,rolling,select,hybrid,5,20,log_euclidean,0.01,0.0003146820597288333,4418.983750936535,617.2956314634407,6941.140571268022,3470.5702856340104,2921.9194033037943,0.00016796423275708075,0.00016795416504489789,5.301624388448128e-07,4.321201376256518,0.16833225669923293,0.30941412849550165
2014-10-03,1830,ewma,select,hybrid,5,20,log_euclidean,0.01,0.000273306592439718,4220.871090058976,547.6304548036576,6695.1725222095265,3347.5862611047623,2809.8531927902827,0.0001645151510680731,0.00016450508335589024,5.517366492371874e-07,4.296170930529282,0.1684654819426902,0.2984813303143656
2014-10-03,1830,ledoit_wolf,select,hybrid,5,20,log_euclidean,0.01,0.0003465728947580269,6569.031337345892,866.6237136377861,512.4087667455465,256.20438337277346,-167.18333199003922,0.00012960683495459482,0.00012959676724241196,7.049086538972345e-06,2.7603060780090303,0.10041261420511381,0.122601599688657
2014-10-03,1830,oas,select,hybrid,5,20,log_euclidean,0.01,0.00034140007668670533,6433.864525933746,812.8917530215126,568.8224202494588,284.4112101247294,-140.1532885653349,0.00013183900163729284,0.00013182893392510998,6.328796343454881e-06,2.9306939098040856,0.1088900362787379,0.13808287424680557
2014-10-03,1830,shrink,select,hybrid,5,20,log_euclidean,0.01,0.00035303351120739195,6541.227693552665,868.5336565642814,475.89310492027266,237.9465524601359,-185.93142291667158,0.00011685762663374673,0.00011684755892156386,6.569608372460869e-06,2.7216001287449383,0.16582555676719354,0.150939593759783
2014-10-03,1830,persistence,select,hybrid,5,20,log_euclidean,0.01,0.00026225716603471083,3436.2317499541377,629.0299464957768,13140.16836180282,6570.084180901404,6053.195577252844,0.00013087921961066278,0.00013086915189847992,2.6552450516407636e-07,3.17695687011103,0.13612156416558677,0.154782688264641
2014-10-10,1835,similarity,select,hybrid,5,20,log_euclidean,0.01,0.00011925643935320118,2197.1706518302626,4998.320200044821,26646.945588045717,13323.47279402286,12761.137616142361,7.38390052810564e-05,7.383569740056313e-05,9.516587239479036e-08,2.4201917739628156,0.11594901998457158,0.10552003006809617
2014-10-10,1835,rolling,select,hybrid,5,20,log_euclidean,0.01,0.00010648389591017012,4418.1020168505165,755.5590991306598,6033.584866374254,3016.7924331871263,2509.930657588415,0.00020344704262162007,0.00020344373474112678,1.1882713928348686e-06,6.174460865058378,0.19478983334722821,0.6008051477242838
2014-10-10,1835,ewma,select,hybrid,5,20,log_euclidean,0.01,0.00012953165821481748,4250.100281932342,1275.5589584553009,4748.943128263616,2374.4715641318016,1892.5463012345074,0.00014821754775313565,0.00014821423987264237,1.476246668089749e-06,5.847989637105759,0.18620391520951668,0.5250065525675504
2014-10-10,1835,ledoit_wolf,select,hybrid,5,20,log_euclidean,0.01,0.00011217598940316561,6386.48776337408,529.137406615586,581.3773343912708,290.6886671956352,-140.22490848396365,9.967754440863154e-05,9.967423652813827e-05,1.031583418609133e-05,3.7617534626592524,0.11655095155119578,0.212773528829063
2014-10-10,1835,oas,select,hybrid,5,20,log_euclidean,0.01,0.00011083544715208407,6219.35288340704,558.9381725522488,673.3481391647962,336.67406958239815,-95.53084191544801,0.00010827258866130226,0.00010826928078080899,9.026496546865731e-06,4.069330397603649,0.12820628976002565,0.24833617519426435
2014-10-10,1835,shrink,select,hybrid,5,20,log_euclidean,0.01,0.000117552673728453,6671.123473088216,485.4132585791957,444.8992239061963,222.4496119530981,-207.0694662868038,7.49864192311676e-05,7.498311135067434e-05,1.1387435472568568e-05,3.123893584140667,0.17361498348636153,0.1980325095825564
2014-10-10,1835,persistence,select,hybrid,5,20,log_euclidean,0.01,0.00013937352132780453,3476.5606140758878,1349.7098553690244,8217.665354201761,4108.832677100872,3641.745123874898,6.977844965910712e-05,6.977514177861385e-05,6.623005560705654e-07,4.069363242841566,0.13420190025707357,0.25225582528782065
2014-10-17,1840,similarity,select,hybrid,5,20,log_euclidean,0.01,0.00016649806313518274,2203.932385774291,5910.380699866072,11414.058624222129,5707.029312111064,5196.640603799452,4.723912514459109e-05,4.7237645465352474e-05,1.9734111008198341e-07,2.6069313763310524,0.1171862961288309,0.11488604489871085
2014-10-17,1840,rolling,select,hybrid,5,20,log_euclidean,0.01,7.553484351840909e-05,4450.562124331198,888.8791603853922,4342.330480090184,2171.1652400450853,1708.1711668122048,0.00011952499949579777,0.00011952351981655916,1.5757107766923022e-06,6.84067107290171,0.23734150508232318,0.6933958271407635
2014-10-17,1840,ewma,select,hybrid,5,20,log_euclidean,0.01,0.0001554203010702735,4276.924851890378,1227.9166091997627,3001.771327073419,1500.8856635367188,1052.8287180723132,6.897130917392965e-05,6.896982949469103e-05,2.0395427001818982e-06,6.008151432658811,0.17007290567954872,0.5079205961099567
2014-10-17,1840,ledoit_wolf,select,hybrid,5,20,log_euclidean,0.01,7.096473857242152e-05,6652.747437999846,589.6933285711716,444.30505215643757,222.152526078219,-218.61993671182796,3.077435359704123e-05,3.0772873917802615e-05,1.357401483670865e-05,3.5816098535224294,0.09309762036341075,0.18583043442729708
2014-10-17,1840,oas,select,hybrid,5,20,log_euclidean,0.01,7.152924335526256e-05,6410.142167923901,639.8765342920083,518.8803128582988,259.4401564291496,-181.76093178263443,3.829297786163867e-05,3.829149818240006e-05,1.1607935897208675e-05,4.083435943158903,0.1118365653812818,0.23716248693814282
2014-10-17,1840,shrink,select,hybrid,5,20,log_euclidean,0.01,7.130668395762876e-05,6764.334309281108,571.4112807178535,403.6581658352562,201.82908291762794,-239.020934767092,2.985599488583108e-05,2.9854515206592462e-05,1.3697336390603659e-05,3.2905964905419296,0.1108821582746678,0.17768581022483243
2014-10-17,1840,persistence,select,hybrid,5,20,log_euclidean,0.01,0.00019655516584133516,3543.3231468508448,1442.5087921361105,4970.6197148395295,2485.3098574197684,2020.1660435723975,4.457549956208042e-05,4.457401988284181e-05,7.476028276686859e-07,3.479216902620031,0.13412197371214066,0.210967426073387
2014-10-24,1845,similarity,select,hybrid,5,20,log_euclidean,0.01,7.341891710238735e-05,2073.457226848414,7621.137374459474,22064.923944856037,11032.46197242803,10463.19920012484,2.6686255376892357e-05,2.668584645177312e-05,8.641503665004643e-08,2.5827102061188083,0.12766800458562516,0.11867568500033705
2014-10-24,1845,rolling,select,hybrid,5,20,log_euclidean,0.01,0.00011102779254484115,4522.901731207676,1564.7352888042105,3281.6522204620683,1640.8261102310398,1170.2282446533775,6.506471908953255e-05,6.50643101644133e-05,1.6803333914250015e-06,6.402616882590346,0.19976879558079802,0.6465710597286378
2014-10-24,1845,ewma,select,hybrid,5,20,log_euclidean,0.01,0.00027776330201571007,4371.866689750114,1985.1389419395919,2396.180975746354,1198.0904878731885,739.8712210748853,5.302376699214545e-05,5.3023358067026215e-05,2.195617676344588e-06,5.9922503879833995,0.1971292400867182,0.5238691483828459
2014-10-24,1845,ledoit_wolf,select,hybrid,5,20,log_euclidean,0.01,8.580477688145646e-05,6736.5408597753485,1054.7889139598296,418.15581724526135,209.07790862263155,-242.67371435449576,2.5373833915841948e-05,2.537342499072271e-05,1.4275579822342035e-05,3.5796703238965035,0.1281722860989,0.2028165565311737
2014-10-24,1845,oas,select,hybrid,5,20,log_euclidean,0.01,9.078710336118967e-05,6519.022230179947,1153.9503712875535,470.2487301104536,235.1243650552264,-216.90756206929396,2.9128188209860582e-05,2.9127779284741345e-05,1.2265638072754408e-05,3.977403306149535,0.14023503208934462,0.25052840121410824
2014-10-24,1845,shrink,select,hybrid,5,20,log_euclidean,0.01,7.504054107426632e-05,6963.086440711762,917.9219175238135,372.70114956354575,186.35057478177308,-265.7161140489912,1.8164660477141868e-05,1.816425155202263e-05,1.5466721356227637e-05,3.095455591197835,0.13992369668874444,0.1743206097455542
2014-10-24,1845,persistence,select,hybrid,5,20,log_euclidean,0.01,0.0003848395544771815,3550.9584936871156,2228.298015064005,3623.905737936341,1811.9528689681656,1354.8099801080978,9.138372280123167e-05,9.138331387611243e-05,8.382819815876043e-07,3.2978531160293314,0.1231168307065109,0.20096842667907017
2014-10-31,1850,similarity,select,hybrid,5,20,log_euclidean,0.01,0.0009590975885362476,2019.922713292348,9034.408291644293,67110.05413234458,33555.02706617229,31801.52956689546,4.213143182407187e-05,4.213040633025028e-05,5.108637085612237e-08,2.4949028211004114,0.11797642105062632,0.10718444133698438
2014-10-31,1850,rolling,select,hybrid,5,20,log_euclidean,0.01,0.0010018431028259206,4476.917332035737,2283.610414040233,6035.731699177249,3017.865849588625,2452.8298064910405,9.301273140208435e-05,9.301170590826276e-05,1.6874069928152416e-06,6.16111892935158,0.2300497246726525,0.5802320779857831
2014-10-31,1850,ewma,select,hybrid,5,20,log_euclidean,0.01,0.0010936963390190749,4324.967544221504,2370.9377854180775,4749.73109041245,2374.8655452061803,1840.7873170284117,9.850738098116945e-05,9.850635548734786e-05,2.2101509475246332e-06,5.666471744229533,0.2067042935460239,0.4832700745885219
2014-10-31,1850,ledoit_wolf,select,hybrid,5,20,log_euclidean,0.01,0.000969228077020872,6995.917037739938,1601.1468831101608,582.7885043032888,291.3942521516443,-141.8340667336754,4.573123617415274e-05,4.573021068033115e-05,1.5436385907168525e-05,3.2258182819893495,0.12766107358927622,0.16634000871700766
2014-10-31,1850,oas,select,hybrid,5,20,log_euclidean,0.01,0.0009764396286607435,6737.622708045274,1746.686929799896,699.5908887499243,349.79544437496224,-86.61224381395905,5.290100450660562e-05,5.289997901278403e-05,1.3131814698009538e-05,3.6891620458299523,0.14477252757775144,0.21310628735420772
2014-10-31,1850,shrink,select,hybrid,5,20,log_euclidean,0.01,0.000956233091304205,7093.90761713776,1527.8317215048396,567.1704324845895,283.5852162422956,-149.38985018204835,1.612039520941974e-05,1.6119369715598156e-05,1.541770250192789e-05,2.95835638748342,0.15652530410205137,0.1638480060937868
2014-10-31,1850,persistence,select,hybrid,5,20,log_euclidean,0.01,0.0012725219867457495,3484.048793191354,2760.5212466281337,6151.378226722867,3075.689113361371,2519.524487671021,6.652569493616463e-05,6.652466944234305e-05,9.203748867766796e-07,3.383483783717955,0.13454984925340893,0.19240809038007578
2014-11-07,1855,similarity,select,hybrid,5,20,log_euclidean,0.01,0.0009757594109150679,2136.0159784482103,8797.634562917221,47902.74463503504,23951.3723175175,22705.12347672032,2.6041670721109278e-05,2.6041057192858844e-05,8.041281908893671e-08,2.550261738595402,0.12225033204896664,0.11097022929753286
2014-11-07,1855,rolling,select,hybrid,5,20,log_euclidean,0.01,0.000999636425255951,4543.447507365162,2055.7363249641394,6069.464026896916,3034.7320134484485,2478.9511263364598,0.00011990390548810045,0.00011990329195985002,1.8778718405279454e-06,6.0302780097039035,0.2306991712853966,0.5991611863213784
2014-11-07,1855,ewma,select,hybrid,5,20,log_euclidean,0.01,0.0010210310667032514,4381.028284302156,1917.1525241402658,5173.844201387945,2586.922100693967,2043.1834621252378,6.989835561939434e-05,6.98977420911439e-05,2.137889852862844e-06,5.512500521177429,0.20030590187085318,0.48523732198618713
2014-11-07,1855,ledoit_wolf,select,hybrid,5,20,log_euclidean,0.01,0.0009690734791587287,7053.749342326808,1465.271897630048,575.0978444030069,287.5489222015033,-145.37371495936958,5.894349763616263e-05,5.89428841079122e-05,1.5734916260042338e-05,3.1412871035769916,0.12204505658320457,0.16426745115888733
2014-11-07,1855,oas,select,hybrid,5,20,log_euclidean,0.01,0.0009744564227951369,6849.020597822622,1564.453994921182,665.4591201580149,332.72956007900797,-102.4921638080306,6.545288723563358e-05,6.545227370738314e-05,1.390323602180555e-05,3.47323717130454,0.13393807511565498,0.19920744874623625
2014-11-07,1855,shrink,select,hybrid,5,20,log_euclidean,0.01,0.0009559904766772126,7182.248035368144,1403.9753003795454,635.4519448903116,317.7259724451567,-117.40123770584653,1.9723956637161808e-05,1.9723343108911373e-05,1.5719823429264376e-05,2.8348539017199403,0.14724508017141297,0.15860603799287326
2014-11-07,1855,persistence,select,hybrid,5,20,log_euclidean,0.01,0.0010136843482851444,3447.9494857863606,1715.6022728229855,7181.802966838035,3590.901483418941,3013.2539503856033,2.4970535667045822e-05,2.4969922138795388e-05,3.749916659810238e-07,2.3997560597632526,0.07987258014263598,0.09673142501361785
2014-11-14,1860,similarity,select,hybrid,5,20,log_euclidean,0.01,0.0009696737737701368,2026.174861454595,6171.904289245087,74544.60021338135,37272.30010669067,35512.33943928346,8.054209264221947e-05,8.053922693108354e-05,4.189881743565146e-08,2.313655972593203,0.10498549448222172,0.0924730308612022
2014-11-14,1860,rolling,select,hybrid,5,20,log_euclidean,0.01,0.000957547626367274,4547.388046178271,1229.2973905221202,6567.644146504611,3283.8220732523096,2718.8006241852813,6.865484861702997e-05,6.865198290589404e-05,1.7499035852556694e-06,5.636832447007282,0.21931182402728996,0.5537252392159432
2014-11-14,1860,ewma,select,hybrid,5,20,log_euclidean,0.01,0.0009377449440670265,4379.958832909341,1079.2362341997652,6408.373111203456,3204.1865556017324,2641.4850135024035,7.102013328733587e-05,7.101726757619994e-05,1.6392074629464863e-06,4.98202761453768,0.18727277872859605,0.4376987250004136
2014-11-14,1860,ledoit_wolf,select,hybrid,5,20,log_euclidean,0.01,0.0009408363243726306,7063.253463922699,950.2975784043758,578.4034376303905,289.2017188151965,-140.55925874869723,6.765390194052517e-05,6.765103622938923e-05,1.5177213820771878e-05,3.0111111847720693,0.12044041329892109,0.16063618986232284
2014-11-14,1860,oas,select,hybrid,5,20,log_euclidean,0.01,0.0009431974290233556,6875.250106204117,985.5707461590125,665.301332077143,332.6506660385733,-99.32314372296015,6.80553847119721e-05,6.805251900083617e-05,1.3506549562859263e-05,3.2823962414693266,0.13124080234694432,0.19081824139286427
2014-11-14,1860,shrink,select,hybrid,5,20,log_euclidean,0.01,0.0009342129309130053,7209.23630275102,922.9348921344938,624.0916524075809,312.0458262037903,-119.24282939763766,3.574359523545328e-05,3.5740729524317346e-05,1.564895700223657e-05,2.7431942501406237,0.14503090680882708,0.15203975817398874
2014-11-14,1860,persistence,select,hybrid,5,20,log_euclidean,0.01,0.0009451506679365264,3408.365306105914,1131.7974045463166,9680.81921606525,4840.4096080325935,4220.158648547099,3.776781751019072e-05,3.7764951799054786e-05,1.870584511713665e-07,1.9875015663882198,0.06168630353674382,0.062448677628031156
2014-11-21,1865,similarity,select,hybrid,5,20,log_euclidean,0.01,0.0010667375010053458,2083.249060650981,4582.362974193289,67507.66062297371,33753.83031148686,31882.258786240076,7.595731252680061e-05,7.593977549402942e-05,6.237731080879807e-08,2.6329742802974194,0.12882573395994165,0.11722265315201914
2014-11-21,1865,rolling,select,hybrid,5,20,log_euclidean,0.01,0.0009761829709959219,4562.4272409064215,823.1228287730163,6079.050033360792,3039.525016680396,2470.078267396776,5.5127617112392385e-05,5.511008007962118e-05,1.5983779376062674e-06,5.490751242933989,0.18148615515281746,0.5020767527358244
2014-11-21,1865,ewma,select,hybrid,5,20,log_euclidean,0.01,0.0009956738519104706,4370.887547285944,902.8644129353181,6967.631046894739,3483.8155234473534,2892.770197100775,7.857496985926862e-05,7.855743282649742e-05,1.4036163865854204e-06,5.238973141885415,0.17744799125797492,0.44639341812012373
2014-11-21,1865,ledoit_wolf,select,hybrid,5,20,log_euclidean,0.01,0.0009865506365919429,7104.491897260768,804.8257920910803,553.9927354991802,276.99636774959015,-145.00827826979167,6.43472442380542e-05,6.432970720528301e-05,1.4748332626364728e-05,3.010128501934881,0.11572274225487715,0.15526492175185047
2014-11-21,1865,oas,select,hybrid,5,20,log_euclidean,0.01,0.0009839336726773216,6925.706057782732,791.5579581727653,628.5420707028718,314.2710353514359,-109.98864802871398,6.0882995492526104e-05,6.08654584597549e-05,1.3157170952576866e-05,3.262639342192598,0.12505816322910737,0.18238179601528073
2014-11-21,1865,shrink,select,hybrid,5,20,log_euclidean,0.01,0.0009916699892241147,7216.062633348947,818.0483904484686,574.0824555214247,287.0412277607125,-135.74646297863111,3.844242666997271e-05,3.842488963720151e-05,1.4789821826991622e-05,2.8379821540128827,0.13338602781560008,0.15731569109590116
2014-11-21,1865,persistence,select,hybrid,5,20,log_euclidean,0.01,0.001054376077114569,3338.9801800698715,1646.7043601765047,14925.574403401182,7462.787201700572,6700.430669226899,9.426027380182981e-05,9.424273676905861e-05,6.50118883629588e-08,1.3422248456641968,0.052220384720562577,0.027685128447817453
2014-12-01,1870,similarity,select,hybrid,5,20,log_euclidean,0.01,0.00022146515539300598,2140.344810893059,3304.069026661012,46293.86024784695,23146.930123923474,21673.96339277362,7.66681958081727e-05,7.665977161114027e-05,6.03150060679702e-08,2.8305459057322158,0.15000665772761562,0.13914538224034745
2014-12-01,1870,rolling,select,hybrid,5,20,log_euclidean,0.01,0.00019127865546863872,4579.653701828975,685.9155608475104,2701.92159958298,1350.9607997915,850.9707498930954,7.190968693302372e-05,7.190126273599129e-05,1.5150594132619834e-06,4.901535847600676,0.19187949743329002,0.40226629353122667
2014-12-01,1870,ewma,select,hybrid,5,20,log_euclidean,0.01,0.0006294694581074517,4381.380477860592,1330.053389484448,2335.545436235454,1167.772718117725,678.2298071889074,4.714985422325919e-05,4.714143002622676e-05,1.801276863656582e-06,4.543283304756048,0.17985515175957534,0.3590629800889575
2014-12-01,1870,ledoit_wolf,select,hybrid,5,20,log_euclidean,0.01,0.00018264238158169862,7956.4436948453795,1049.098794391583,326.21294620956274,163.10647310478157,-271.14355311159903,5.92309729730385e-05,5.922254877600607e-05,2.0349199652693274e-05,2.112834966421215,0.0765037059603339,0.07640680213583978
2014-12-01,1870,oas,select,hybrid,5,20,log_euclidean,0.01,0.00018068582411868875,7218.320118921782,795.4984461873712,383.4566195128863,191.72830975644263,-245.1734665711237,4.405853890366091e-05,4.405011470662848e-05,1.4691136594381932e-05,3.031676301291839,0.1157899881939879,0.15791029465520212
2014-12-01,1870,shrink,select,hybrid,5,20,log_euclidean,0.01,0.0001840777658114806,7385.141637187599,808.6505225140246,342.74656502591597,171.37328251295827,-264.4349232846135,4.808132197266141e-05,4.807289777562898e-05,1.3861921373247134e-05,2.7612129759938435,0.1700189777249075,0.17202007208856732
2014-12-01,1870,persistence,select,hybrid,5,20,log_euclidean,0.01,0.0011212610426432224,3340.0412228671726,2535.550576884919,4385.203018482172,2192.601509241098,1665.0187203270875,9.091560684441495e-05,9.090718264738252e-05,1.2037209076204115e-07,1.3433753757692588,0.03430471361049006,0.025406365799802728
2014-12-08,1875,similarity,select,hybrid,5,20,log_euclidean,0.01,0.00022001986535401388,2296.1298028527094,2590.0040778861403,20927.068706959915,10463.53435347993,9560.255664825829,0.00013538806500807256,0.00013537856256312812,8.760297029863662e-08,2.2705763458934753,0.09009970520373296,0.08756939236221312
2014-12-08,1875,rolling,select,hybrid,5,20,log_euclidean,0.01,0.00032148456303743994,4509.669763733155,955.9278487917077,2256.144719200746,1128.072359600376,645.8982748586483,0.00010611784561352716,0.00010610834316858271,1.583516203546525e-06,4.651252813993674,0.15730754950783168,0.365874463360545
2014-12-08,1875,ewma,select,hybrid,5,20,log_euclidean,0.01,0.0009720558654536333,4308.957869647869,1846.3052652480133,1983.2777341700275,991.638867085023,517.1362729385235,0.000104053179170659,0.00010404367672571455,1.7764692884944235e-06,4.3275917731162785,0.14677701474157423,0.3031057965704868
2014-12-08,1875,ledoit_wolf,select,hybrid,5,20,log_euclidean,0.01,0.00027308310807747603,8172.371135190119,1570.7760635823588,317.8469770925758,158.92348854628796,-272.35564290362856,0.000109605043118222,0.00010959554067327755,1.961553415532864e-05,1.9047815521608717,0.06755279241436016,0.058187981465161936
2014-12-08,1875,oas,select,hybrid,5,20,log_euclidean,0.01,0.00029139857522973657,7261.079543141341,1174.6586536620946,370.60661737158927,185.30330868579466,-248.5025237583405,9.927522451864346e-05,9.926572207369902e-05,1.36620814367077e-05,2.9549322445868706,0.097284086939957,0.1411417473109415
2014-12-08,1875,shrink,select,hybrid,5,20,log_euclidean,0.01,0.0002937290722260551,7428.384495413571,1187.918162112967,329.39748062945796,164.69874031472847,-268.2264099265675,9.860496933127201e-05,9.859546688632756e-05,1.3389864282922962e-05,2.6208304394534587,0.14983742759513446,0.14509672861637948
2014-12-08,1875,persistence,select,hybrid,5,20,log_euclidean,0.01,0.001179305906020698,3203.25256782003,2794.1668094198094,4491.351736590137,2245.6758682950967,1719.0573228997193,0.0001248889320741747,0.00012487942962923027,1.0849674701165878e-07,1.3042895631469213,0.03306616481887007,0.023005930881121184
2014-12-15,1880,similarity,select,hybrid,5,20,log_euclidean,0.01,0.0002109307451049019,2260.8837259144925,2897.324538367241,11957.710748249248,5978.855374124643,5309.855518173534,0.00011109369566091065,0.0001110832349166658,1.341694490496841e-07,2.0963896341274455,0.07785442541403315,0.07556621568165808
2014-12-15,1880,rolling,select,hybrid,5,20,log_euclidean,0.01,0.00029559852137518716,4556.4036785420285,921.240127930209,2176.165635035331,1088.082817517662,616.1647036265616,0.00010939265841845676,0.00010938219767421191,1.6459870690783082e-06,4.967876017919588,0.17512336332555953,0.3678421249963006
2014-12-15,1880,ewma,select,hybrid,5,20,log_euclidean,0.01,0.0005675611310776033,4339.952529084882,1272.7200670338493,2071.1901324439095,1035.5950662219484,565.8108450081111,9.304207336462191e-05,9.303161262037706e-05,1.6356678001612693e-06,4.49651730582729,0.1736199714356727,0.30641772696197267
2014-12-15,1880,ledoit_wolf,select,hybrid,5,20,log_euclidean,0.01,0.00024066326027207184,8145.2271003896885,1488.8290172886395,317.81266097750705,158.90633048875367,-273.2494544892637,9.49320924005763e-05,9.492163165633146e-05,2.0583649877893466e-05,2.051706171709377,0.07457068765415287,0.06592082122581955
2014-12-15,1880,oas,select,hybrid,5,20,log_euclidean,0.01,0.00026188850817183886,7287.570957158995,1130.794727457161,365.2960746160936,182.64803730804766,-251.51127805470105,9.156539409715513e-05,9.155493335291028e-05,1.4213413900104736e-05,3.099808196530838,0.10945576495840392,0.14622950978126203
2014-12-15,1880,shrink,select,hybrid,5,20,log_euclidean,0.01,0.0002619401497378353,7474.408890839966,1148.5872503650785,322.8131318620826,161.40656593104143,-271.8632132567636,9.111960203738717e-05,9.110914129314232e-05,1.370432355528344e-05,2.6240992630378104,0.15892071339071145,0.15364500704713982
2014-12-15,1880,persistence,select,hybrid,5,20,log_euclidean,0.01,0.0010800564662027832,3202.6508902884925,1775.1151007674914,3597.0293733607796,1798.5146866803575,1292.3060496192563,0.00010791077893887362,0.00010790031819462877,3.12580177331801e-07,2.056219447377838,0.05325252833153732,0.06164439961540357
2014-12-22,1885,similarity,select,hybrid,5,20,log_euclidean,0.01,0.0001779568211708718,2250.752756191246,3392.290964974716,23204.989427622535,11602.494713811282,10841.636559076558,8.619264895902416e-05,8.618558017780481e-05,8.148762191500273e-08,2.340479377320342,0.09273524459036472,0.09065507564097218
2014-12-22,1885,rolling,select,hybrid,5,20,log_euclidean,0.01,0.00029979684084255564,4688.882030585522,960.4979688957999,2303.5903263446194,1151.7951631723145,678.5524403629007,8.947599385985042e-05,8.946892507863107e-05,1.1838860659968821e-06,4.104791595555627,0.1459055253546433,0.263325680153999
2014-12-22,1885,ewma,select,hybrid,5,20,log_euclidean,0.01,0.0003894333620108276,4479.181865184095,1010.2924516694713,2151.9161499936918,1075.9580749968618,605.8493507217057,9.817600454333837e-05,9.816893576211901e-05,1.3086471584056757e-06,4.071040073785208,0.12935985010551204,0.2558816120656821
2014-12-22,1885,ledoit_wolf,select,hybrid,5,20,log_euclidean,0.01,0.00021997535831359746,8225.960352197542,1342.201884906563,324.9031778514626,162.45158892573107,-270.3103177547007,7.517363621228685e-05,7.51665674310675e-05,1.8572437559548535e-05,2.0224511508577065,0.06674469379829054,0.06380313540898513
2014-12-22,1885,oas,select,hybrid,5,20,log_euclidean,0.01,0.0002544379029531961,7383.982689352576,1084.871199461131,372.4328295016071,186.21641475080298,-248.4079837718557,7.670841694964405e-05,7.67013481684247e-05,1.191553519827981e-05,2.837350232007143,0.09786520985784423,0.12835290283356157
2014-12-22,1885,shrink,select,hybrid,5,20,log_euclidean,0.01,0.00024691653683441,7521.180230500719,1077.810546935164,330.8400964107956,165.42004820539793,-268.57089443265556,7.631399425337325e-05,7.630692547215389e-05,1.233179405308329e-05,2.623202062356109,0.12101302733649968,0.13598040809758896
2014-12-22,1885,persistence,select,hybrid,5,20,log_euclidean,0.01,0.0010745465731651143,3322.194088269557,1247.7358674778625,2994.435708547031,1497.217854273508,1022.4673699920262,6.216934312661753e-05,6.216227434539817e-05,9.767389090768537e-07,3.213553033029159,0.11141079714945797,0.15987872804074305
2014-12-30,1890,similarity,select,hybrid,5,20,log_euclidean,0.01,0.00020081451785372784,2159.7135336683305,3348.51478039818,47753.61764798628,23876.808823993142,23291.10189048689,0.0001268432594161271,0.00012683723252553036,5.375601143962964e-08,2.801828599687337,0.10384058486713903,0.12619096152790504
2014-12-30,1890,rolling,select,hybrid,5,20,log_euclidean,0.01,0.0002518078201041579,4739.926058108329,1027.9685016143262,2388.766502759213,1194.383251379608,755.4681377567991,0.00012429907175544493,0.00012429304486484818,9.610064549725733e-07,3.784956544716669,0.12217863391910251,0.2186580894561406
2014-12-30,1890,ewma,select,hybrid,5,20,log_euclidean,0.01,0.00031225328253238016,4513.44005433803,992.6617434770596,2154.98917616694,1077.4945880834698,641.7497377339871,0.00017326713625873694,0.0001732611093681402,1.2598518077106437e-06,3.9611232063956083,0.1555093521590289,0.24773486510079953
2014-12-30,1890,ledoit_wolf,select,hybrid,5,20,log_euclidean,0.01,0.00019512414932561087,8275.857555618082,1548.1444701635232,310.29015312868745,155.14507656434358,-272.51249916915066,9.769268253808571e-05,9.768665564748896e-05,1.5964067891651507e-05,1.8112735171840744,0.06114796784679914,0.05122012784800337
2014-12-30,1890,oas,select,hybrid,5,20,log_euclidean,0.01,0.000217222923657437,7367.682970312225,1211.045258415461,354.58497623812775,177.29248811906382,-250.81414610731093,0.00010186603199138945,0.0001018600051007927,1.0054044279290194e-05,2.670778691522893,0.09065198400183484,0.10774532880211936
2014-12-30,1890,shrink,select,hybrid,5,20,log_euclidean,0.01,0.00021472217569185463,7425.262215811809,1190.1504893667761,323.86310517647064,161.93155258823526,-266.4606585546714,7.836761698377496e-05,7.836159009317821e-05,1.0551548442304603e-05,2.5069104331126897,0.12026086173847203,0.12412853060028052
2014-12-30,1890,persistence,select,hybrid,5,20,log_euclidean,0.01,0.0002208576098788052,3333.363842720523,972.7207580645108,4561.1357160722055,2280.567858036103,1849.0194770220187,0.00011425511560908926,0.00011424908871849251,6.430162051445948e-07,3.366037800908089,0.11018191423896329,0.16916618176554343
2015-01-07,1895,similarity,select,hybrid,5,20,log_euclidean,0.01,0.00021844804456611842,2251.7038973486274,4014.238259097803,56530.58378325694,28265.291891628465,27582.85794604844,8.838615308216385e-05,8.838364993613071e-05,4.341072314641002e-08,2.4969689956734067,0.07951024826640556,0.10178342945895023
2015-01-07,1895,rolling,select,hybrid,5,20,log_euclidean,0.01,0.0002726321500287614,4707.082214745693,900.6185109751744,2951.9674802747195,1475.9837401373425,1022.4729402138464,0.00020278233171573361,0.00020277982856970047,1.2058741444266126e-06,4.099342398520247,0.12066393007258076,0.278711500269159
2015-01-07,1895,ewma,select,hybrid,5,20,log_euclidean,0.01,0.00023709898573603865,4475.968493254036,897.6251361802701,2950.0428454325224,1475.0214227162642,1022.5090804075451,0.0002219816848232462,0.00022197918167721307,1.2437721722902527e-06,4.156660467206272,0.13688395338570675,0.2844972374552276
2015-01-07,1895,ledoit_wolf,select,hybrid,5,20,log_euclidean,0.01,0.00021209374904058778,8203.40523245488,1223.4050157520023,318.60857370957973,159.30428685479,-262.16012096986833,9.264742615318659e-05,9.264492300715344e-05,1.602598877397792e-05,1.7958806845624398,0.05878045372299046,0.05068393616383674
2015-01-07,1895,oas,select,hybrid,5,20,log_euclidean,0.01,0.0002378896315577467,7259.0916013519745,976.7943885066669,397.935396750568,198.96769837528373,-224.14285522181603,0.00011569611056233957,0.00011569360741630643,1.0535325191928888e-05,2.684235822714934,0.08468042286196986,0.11291628261680793
2015-01-07,1895,shrink,select,hybrid,5,20,log_euclidean,0.01,0.00023325782407812275,7366.065176512086,952.7825812740925,352.47794750760534,176.23897375380298,-246.7752104807609,9.287853514545086e-05,9.287603199941772e-05,1.1115624256465298e-05,2.4910730207478733,0.1394864369793404,0.12405093580388321
2015-01-07,1895,persistence,select,hybrid,5,20,log_euclidean,0.01,0.000266452819187527,3398.691610396607,1091.107858744423,5167.428208430756,2583.7141042153808,2129.9387265863006,0.00022094754220574394,0.0002209450390597108,8.515135797495765e-07,3.6493231044363448,0.1428408827214904,0.21103287689624936
2015-01-14,1900,similarity,select,hybrid,5,20,log_euclidean,0.01,0.00016713296795866674,2244.807356372319,4929.0670211037395,32484.933338905696,16242.466669452848,15486.372662959333,0.00012549786030124633,0.00012549381434147022,9.110801578496947e-08,2.3467713818207185,0.11407172848885029,0.107439909324896
2015-01-14,1900,rolling,select,hybrid,5,20,log_euclidean,0.01,0.0002586911223048675,4674.007092002519,808.127612198632,3409.3415863119667,1704.670793155975,1244.7758375310161,0.00028507964860862095,0.0002850756026488448,1.269780209121496e-06,4.387070355154335,0.1385789453965424,0.3080104781622882
2015-01-14,1900,ewma,select,hybrid,5,20,log_euclidean,0.01,0.00019675483989483054,4462.969257075407,898.6401469609289,3632.9601072946925,1816.480053647353,1352.2069627114342,0.0003049824825381899,0.00030497843657841374,1.2020240352031906e-06,4.3647829148318715,0.14499528664976155,0.30377861946289386
2015-01-14,1900,ledoit_wolf,select,hybrid,5,20,log_euclidean,0.01,0.00018895178912202635,8110.563733481683,902.722043703754,332.8224233448749,166.41121167243733,-254.17227084100608,9.459995777200642e-05,9.459591181223029e-05,1.8553913384740533e-05,2.023466484967525,0.07121591224574121,0.06268024419709357
2015-01-14,1900,oas,select,hybrid,5,20,log_euclidean,0.01,0.00022141086458127415,7158.174457971334,761.198269000849,444.0011958015107,222.00059790075827,-200.7528868392663,0.00015908042878416586,0.00015907638282438975,1.1652455714953627e-05,3.0511835860443437,0.10076238455161957,0.1445989030207467
2015-01-14,1900,shrink,select,hybrid,5,20,log_euclidean,0.01,0.0002106687613137351,7356.772186090593,739.8867417792692,377.8080759640203,188.90403798201007,-233.19023754253575,0.00010340153120006566,0.00010339748524028953,1.3141545352729885e-05,2.725404518931752,0.14100315666261914,0.15171947937025482
2015-01-14,1900,persistence,select,hybrid,5,20,log_euclidean,0.01,0.00026319786276055533,3478.2249465931354,1205.8094558225228,5974.179564271545,2987.0897821357667,2538.3023187697904,0.0002259191027522809,0.0002259150567925048,8.648707954426101e-07,3.674632107432995,0.1401242225335071,0.2196924796219422
2015-01-22,1905,similarity,select,hybrid,5,20,log_euclidean,0.01,0.0001381585754274432,2196.4086890253648,5625.989541231338,46016.471212738485,23008.23560636925,22084.96720067308,9.199332457841166e-05,9.1991251505803e-05,5.9182644544856154e-08,2.4342770395801163,0.11258017020130508,0.11740639709827251
2015-01-22,1905,rolling,select,hybrid,5,20,log_euclidean,0.01,0.0002454130657527304,4662.863000507914,838.2868792267296,2891.537107065577,1445.7685535327978,982.0838663320001,0.0002821349281233944,0.00028213285505078575,1.4866198924067285e-06,4.604626140956715,0.14297813882607296,0.343172951855881
2015-01-22,1905,ewma,select,hybrid,5,20,log_euclidean,0.01,0.00017994868648214875,4461.818697527995,916.614962827003,3159.243186676785,1579.6215933383862,1113.2305213406476,0.0002893092340768135,0.00028930716100420485,1.3270479854057572e-06,4.437892818374055,0.1497794212478986,0.3224476268219332
2015-01-22,1905,ledoit_wolf,select,hybrid,5,20,log_euclidean,0.01,0.00015319530263924256,8141.463983119144,826.6401277161835,331.31984588679825,165.65992294339958,-263.73139376134816,0.00010250201197988002,0.00010249993890727136,1.975378288267876e-05,2.039904774474815,0.07007398569389785,0.06540179049643545
2015-01-22,1905,oas,select,hybrid,5,20,log_euclidean,0.01,0.000197572504051796,7225.703267852894,742.2544555546881,412.48929498779637,206.2446474939003,-225.00619952624066,0.00016834736609728482,0.00016834529302467617,1.2903698588207998e-05,3.0000422372943527,0.09609370479750927,0.14497628653251635
2015-01-22,1905,shrink,select,hybrid,5,20,log_euclidean,0.01,0.000180199760138317,7395.110852036878,710.4034605548432,361.5251842796682,180.7625921398345,-250.19141990184116,9.784499020904347e-05,9.78429171364348e-05,1.3534962305003917e-05,2.7250328452367234,0.17563433017507935,0.1668364021733612
2015-01-22,1905,persistence,select,hybrid,5,20,log_euclidean,0.01,0.00025853050397354983,3499.0126470626265,1234.9907920728847,5574.469188978382,2787.234594489195,2318.943587737933,0.0001725970286759657,0.00017259495560335706,5.466665912127014e-07,2.8909520751037414,0.13564079372770343,0.14293045077398153
2015-01-29,1910,similarity,select,hybrid,5,20,log_euclidean,0.01,7.881326733565113e-05,2250.3852292367774,6454.118875386586,26212.15867732107,13106.07933866053,12464.131040577147,6.93173509063004e-05,6.931606787671072e-05,8.146912719845927e-08,2.572090566680688,0.11491634028823507,0.11451354619951609
2015-01-29,1910,rolling,select,hybrid,5,20,log_euclidean,0.01,0.0002708632844692624,4736.222569266977,1066.7913972480223,2156.6080258875127,1078.3040129437404,607.1152564795638,0.0001755543586951604,0.0001755530756655707,2.1932785315796166e-06,5.457534913969026,0.1694943992555851,0.4468254398529914
2015-01-29,1910,ewma,select,hybrid,5,20,log_euclidean,0.01,0.0002159319763245743,4545.503161072012,1228.9287932414493,2323.713843612488,1161.8569218062376,687.2514252358737,0.00018548899215134113,0.00018548770912175144,2.0135340348557217e-06,5.21579336098611,0.16361782741523112,0.4018179002705303
2015-01-29,1910,ledoit_wolf,select,hybrid,5,20,log_euclidean,0.01,0.00013556859270002163,8213.930768265152,757.7194214188758,333.90469465668406,166.95234732834194,-274.79333161281573,7.796451109049671e-05,7.796322806090703e-05,2.285476312920154e-05,2.214380427748041,0.06782389676914541,0.07288799577634843
2015-01-29,1910,oas,select,hybrid,5,20,log_euclidean,0.01,0.000198843361387605,7400.629604829024,822.1102736669447,374.69783844080155,187.34891922040077,-255.70998649028928,0.00011488919967522066,0.00011488791664563098,1.633373910249084e-05,3.126896299231851,0.08893555597098797,0.14522326655409798
2015-01-29,1910,shrink,select,hybrid,5,20,log_euclidean,0.01,0.00017862778059899505,7575.615953818343,783.8653236411753,359.45628489373723,179.72814244686856,-262.90049893595864,8.711489140207758e-05,8.71136083724879e-05,1.675036315010305e-05,2.805719539441664,0.13830439889399485,0.13790798335449198
2015-01-29,1910,persistence,select,hybrid,5,20,log_euclidean,0.01,0.00021397977118318458,3525.673895157379,1521.6452800515126,4289.35599840559,2144.6779992027914,1676.351679141672,0.00013074897922146845,0.00013074769619187876,5.553348986586102e-07,3.00447839411623,0.13252166828237047,0.1404191107608785
2015-02-05,1915,similarity,select,hybrid,5,20,log_euclidean,0.01,3.719426078436374e-05,2066.1169564856837,5491.831669279283,42136.06981412315,21068.034907061578,20291.636327031036,6.321604893617713e-05,6.321432355515692e-05,3.458931278949995e-08,2.5082940714610675,0.10493975433814297,0.11184656978084967
2015-02-05,1915,rolling,select,hybrid,5,20,log_euclidean,0.01,0.00029711679125846375,4708.646914806592,999.1938921222352,1482.5704600092872,741.2852300046495,275.2108473837578,0.00014765110091288102,0.0001476493755318608,2.2838186848566252e-06,5.356414079575563,0.19613010903151898,0.4271389271563213
2015-02-05,1915,ewma,select,hybrid,5,20,log_euclidean,0.01,0.00021858942196189955,4518.641138310924,1149.0293695533378,1589.8612947418007,794.9306473709012,328.47460714677356,0.0001250708033032802,0.00012506907792225999,2.120183949956366e-06,5.133709712264682,0.19290512222416453,0.39279025145804286
2015-02-05,1915,ledoit_wolf,select,hybrid,5,20,log_euclidean,0.01,0.00013624768237575658,8279.509786771807,676.0698086594782,338.2697300403935,169.13486502019686,-286.3201647922949,7.203625906387055e-05,7.203453368285034e-05,2.4050953701687205e-05,2.274022827930161,0.06674571615821176,0.07840032765008817
2015-02-05,1915,oas,select,hybrid,5,20,log_euclidean,0.01,0.0002051460093792356,7566.6682605399155,745.2328021421229,346.4996513845005,173.24982569225014,-282.5674454247644,9.323605092741678e-05,9.323432554639657e-05,1.7692966003448083e-05,2.9901463030770854,0.09250631874987342,0.13914003732690575
2015-02-05,1915,shrink,select,hybrid,5,20,log_euclidean,0.01,0.00017783221595516898,7728.434273170393,703.9433876757873,344.63394952792817,172.31697476396448,-283.69715125433174,7.40170021734298e-05,7.401527679240959e-05,1.8358869636568506e-05,2.7203201002946997,0.14518504907133942,0.1336802169475566
2015-02-05,1915,persistence,select,hybrid,5,20,log_euclidean,0.01,0.00022932313885711073,3514.5233821199386,1286.662976187894,2874.0821464053074,1437.0410732026717,968.7580901847093,7.242363570702815e-05,7.242191032600794e-05,3.7266410736936415e-07,2.3673067312215825,0.07863229769541208,0.08397519687979942
2015-02-12,1920,similarity,select,hybrid,5,20,log_euclidean,0.01,2.6100221451814535e-05,1942.861594167595,5216.404481488283,29697.88339224944,14848.941696124719,14111.802124204274,5.864669812503565e-05,5.8644414456868e-05,4.6541123409762494e-08,2.5661342566310252,0.12712738603591994,0.12717752004716099
2015-02-12,1920,rolling,select,hybrid,5,20,log_euclidean,0.01,0.00015757359880972565,4668.045040720847,801.2594419327297,1302.6932076085945,651.3466038042965,177.0939622474641,7.608137947297624e-05,7.607909580480859e-05,2.909449571897678e-06,5.9670988139626955,0.2601377614622162,0.5974484288816593
2015-02-12,1920,ewma,select,hybrid,5,20,log_euclidean,0.01,0.00012436405569668535,4463.08964786664,881.134340077479,1402.4804257822975,701.24021289115,226.5828378073712,6.910493156593479e-05,6.910264789776714e-05,2.4480009015036787e-06,5.530258303551874,0.22735968522286287,0.49876039934606503
2015-02-12,1920,ledoit_wolf,select,hybrid,5,20,log_euclidean,0.01,7.369708818375775e-05,8054.290388191823,719.9025087014281,329.0080290085121,164.5040145042559,-296.8314744042856,4.798079051447646e-05,4.7978506846308806e-05,2.589799542149914e-05,2.4053147690842125,0.07770819216570073,0.09101717346597432
2015-02-12,1920,oas,select,hybrid,5,20,log_euclidean,0.01,9.878688770042856e-05,7590.420596390236,691.8683464731016,327.4692529400741,163.7346264700369,-297.91565274569115,4.672419233782825e-05,4.6721908669660595e-05,2.209223855776086e-05,2.98970536806073,0.10282248113961455,0.1424492744283653
2015-02-12,1920,shrink,select,hybrid,5,20,log_euclidean,0.01,8.888083284842362e-05,7664.088192936712,670.5336620418828,328.1623521417342,164.08117607086712,-297.7108542580735,4.320135593622798e-05,4.319907226806033e-05,2.153610516381447e-05,2.8287657641977444,0.13965686838047406,0.14670050261133732
2015-02-12,1920,persistence,select,hybrid,5,20,log_euclidean,0.01,0.00018913321105074602,3557.461247456437,1080.224932521043,2428.6788324056383,1214.3394162028221,738.6430668332513,8.987600385604415e-05,8.98737201878765e-05,4.171880871771697e-07,2.375602416365391,0.10657411111958204,0.09215704146902139
2015-02-20,1925,similarity,select,hybrid,5,20,log_euclidean,0.01,0.009539120080542224,2168.9231812632793,4616.179501236969,145985.428760809,72992.7143804045,71970.85192795619,0.0001559123870294609,0.00015587800665183642,9.264796765586741e-08,2.704098115567593,0.13077965815043263,0.12046009198769173
2015-02-20,1925,rolling,select,hybrid,5,20,log_euclidean,0.01,0.00957738082158717,4804.70140155868,771.9349011890597,18827.560385855682,9413.780192927847,9018.156291206253,0.0002707070088975143,0.00027067262851988985,2.4808770889471354e-06,6.204066829276167,0.26425356953919565,0.5860580481391079
2015-02-20,1925,ewma,select,hybrid,5,20,log_euclidean,0.01,0.00955439485579325,4622.19116927737,883.1281168323056,20798.797821149103,10399.398910574557,10005.571979589915,0.00018794960559967387,0.00018791522522204938,1.9926598296310966e-06,5.687622863013326,0.22859284136975722,0.4749568749995876
2015-02-20,1925,ledoit_wolf,select,hybrid,5,20,log_euclidean,0.01,0.009529707812516513,7601.847789139051,761.0370872812058,1145.5372708749403,572.76863543747,186.4782121804459,6.016732361130023e-05,6.0132943233675735e-05,2.2065430915380892e-05,3.09358431150537,0.10370033389589352,0.14309328178530753
2015-02-20,1925,oas,select,hybrid,5,20,log_euclidean,0.01,0.009534433577583303,7483.511638462813,750.4262791687271,1276.568703524088,638.284351762044,251.85539271985758,6.0622194219582227e-05,6.0587813841957734e-05,2.08440646857875e-05,3.2901612569198613,0.11264343563295998,0.16114241287814243
2015-02-20,1925,shrink,select,hybrid,5,20,log_euclidean,0.01,0.00953348797482482,7649.435693369802,738.9132365946232,1592.896993382482,796.4484966912407,410.6807232412678,5.197342793440365e-05,5.193904755677916e-05,2.1475942899596733e-05,2.9370268359533687,0.13770946585896898,0.1513907264326238
2015-02-20,1925,persistence,select,hybrid,5,20,log_euclidean,0.01,0.009601444855448402,3677.9478805268727,1147.0093009432994,24797.49073423947,12398.745367119735,11960.69978425944,9.849725845329569e-05,9.84628780756712e-05,2.4879901624302443e-07,2.093075064695628,0.0659936454382094,0.06545274938235439
2015-02-27,1930,similarity,select,hybrid,5,20,log_euclidean,0.01,0.009530757320786114,2114.2522235692363,3860.261605504579,246711.1332371471,123355.56661857355,121940.16138252166,0.0001477871882927566,0.0001477443205310723,6.693547081054844e-08,2.87412404781849,0.15936456726219003,0.1518185332662042
2015-02-27,1930,rolling,select,hybrid,5,20,log_euclidean,0.01,0.009532376644497092,4739.304179637915,740.8652541108939,19815.347132432697,9907.673566216346,9481.153309344225,0.0001380351421225327,0.00013799227436084841,1.8392256021193268e-06,5.383445533062218,0.20155145121995735,0.46813065456616554
2015-02-27,1930,ewma,select,hybrid,5,20,log_euclidean,0.01,0.009520540889359788,4551.733034617461,928.1559195914631,24218.80098958546,12109.400494792733,11673.900989377005,0.00012110436464655897,0.00012106149688487466,1.375005611940934e-06,5.024065979221805,0.18167095082476487,0.3925756351253651
2015-02-27,1930,ledoit_wolf,select,hybrid,5,20,log_euclidean,0.01,0.009498162164975142,7701.130847878395,924.5370235853488,1041.5187061126705,520.7593530563357,133.4651154688634,9.397959257962936e-05,9.393672481794505e-05,1.9986408331610157e-05,2.8136033628491575,0.08108837451295055,0.1159753482590377
2015-02-27,1930,oas,select,hybrid,5,20,log_euclidean,0.01,0.009502558634230539,7529.483984585729,877.2320436176709,1211.7068911308202,605.8534455654105,218.0649360772373,9.207924579772962e-05,9.203637803604531e-05,1.844162799342436e-05,3.056505611273174,0.09129057546923745,0.13782230811693025
2015-02-27,1930,shrink,select,hybrid,5,20,log_euclidean,0.01,0.009508580891525394,7577.220090501711,860.1770983819313,1682.511230380474,841.2556151902372,454.34492005856345,8.014966950746799e-05,8.010680174578368e-05,1.8665169534807625e-05,2.8313984665742864,0.14108016481332258,0.13926449888153897
2015-02-27,1930,persistence,select,hybrid,5,20,log_euclidean,0.01,0.009556277846863161,3640.7211037820352,1425.987462448308,33510.34839775251,16755.174198876262,16256.771605769474,0.00014326436407285586,0.00014322149631117157,1.5035798510106196e-07,1.865780358179785,0.06236227414704196,0.05203252284900251
2015-03-06,1935,similarity,select,hybrid,5,20,log_euclidean,0.01,0.009547978936355917,2022.2005610708784,3933.710293780973,289255.4038875732,144627.7019437866,143142.2202070273,0.00023869241379063813,0.00023856093081877267,8.385469935119696e-08,3.382646858005119,0.19479031891099152,0.21338509691042448
2015-03-06,1935,rolling,select,hybrid,5,20,log_euclidean,0.01,0.009537569582006303,4717.918363273744,783.5489835293288,21688.674277428865,10844.337138714436,10398.017180954339,0.00015743499795388565,0.00015730351498202018,1.592637335086582e-06,5.267871298505802,0.16602245126838683,0.42750521175194284
2015-03-06,1935,ewma,select,hybrid,5,20,log_euclidean,0.01,0.009527818917694214,4517.550072456672,930.412931657459,28409.345688901867,14204.672844450939,13735.653746303262,0.00015008888935762112,0.00014995740638575565,1.0654227937581487e-06,4.798612935483741,0.1438368366087847,0.33430202141100235
2015-03-06,1935,ledoit_wolf,select,hybrid,5,20,log_euclidean,0.01,0.009511903328318744,7746.780551251904,1038.5965344627718,965.0752188971192,482.53760944855964,95.37393259276377,9.588754826824763e-05,9.575606529638216e-05,1.5131221727964553e-05,2.231739246900262,0.0705355826138428,0.07471461135864266
2015-03-06,1935,oas,select,hybrid,5,20,log_euclidean,0.01,0.009515945534305674,7511.285118942622,959.2291339468713,1182.3339631405852,591.1669815702924,203.22126942344366,9.711500098808047e-05,9.698351801621501e-05,1.385006831232487e-05,2.5234188408001637,0.07418707796324724,0.09384122646972122
2015-03-06,1935,shrink,select,hybrid,5,20,log_euclidean,0.01,0.009524612236983131,7445.498782684315,915.2680500797773,1763.6281090339342,881.814054516967,494.15939294361544,8.68801103418142e-05,8.674862736994873e-05,1.3518524815025712e-05,2.596524260865302,0.09172745562005137,0.10937065699268708
2015-03-06,1935,persistence,select,hybrid,5,20,log_euclidean,0.01,0.009552216284136626,3439.592605319701,1190.533134380221,46781.61193207053,23390.805966035266,22811.534491616134,0.00010348628185835303,0.00010335479888648756,1.6730051970025286e-07,2.1449106017780326,0.08796796169148323,0.07818978586106605
2015-03-13,1940,similarity,select,hybrid,5,20,log_euclidean,0.01,0.009563460908850198,2111.0585957312824,3955.947439452873,546624.5225897786,273312.2612948893,271163.59688436246,8.396891301767212e-05,8.391248251641804e-05,2.6719551723447978e-08,2.7179220084862483,0.12171657298491309,0.12663974242620196
2015-03-13,1940,rolling,select,hybrid,5,20,log_euclidean,0.01,0.009544903539323012,4664.2084308504345,648.1306234353549,24341.529939614702,12170.764969807353,11683.070829760241,0.00015339646876448543,0.00015334003826323136,1.978032864433382e-06,6.157849149704459,0.21919670209260825,0.5686319861637097
2015-03-13,1940,ewma,select,hybrid,5,20,log_euclidean,0.01,0.009531137705277963,4483.383227583305,678.4150047785558,29126.133286464647,14563.066643232325,14053.592139252776,0.00017465990010788343,0.00017460346960662936,1.4525204290950155e-06,5.599338526117087,0.18045764277029516,0.474464186695477
2015-03-13,1940,ledoit_wolf,select,hybrid,5,20,log_euclidean,0.01,0.009518304885546574,7452.649244565837,642.559859500083,1218.1027031485107,609.0513515742552,219.43607366389833,4.166483719057679e-05,4.1608406689322706e-05,1.8316117785697637e-05,3.019614148174612,0.07715093631355333,0.12620604457128143
2015-03-13,1940,oas,select,hybrid,5,20,log_euclidean,0.01,0.00952168549062234,7294.9724737400165,624.943328142817,1419.5773807634553,709.7886903817277,319.26496760164423,4.124686678173046e-05,4.1190436280476376e-05,1.6989419456821632e-05,3.2742408886357404,0.08516606018804036,0.14786045649176954
2015-03-13,1940,shrink,select,hybrid,5,20,log_euclidean,0.01,0.009524331129621318,7385.955748231095,626.7445822405305,1673.0705959035986,836.5352979517992,446.69649224716676,3.8629959589430295e-05,3.857352908817621e-05,1.784133888480387e-05,3.083362048034981,0.11754279760029485,0.1389526828546156
2015-03-13,1940,persistence,select,hybrid,5,20,log_euclidean,0.01,0.009538603043374736,3404.092769360337,915.7254851441292,52267.50136172025,26133.75068086013,25542.05445004801,0.00011131685207544403,0.00011126042157418995,2.0659769615950596e-07,2.59356887181915,0.08058905873364215,0.10787397022281357
2015-03-20,1945,similarity,select,hybrid,5,20,log_euclidean,0.01,4.7540143691021296e-05,1797.3914955909477,4325.781918042207,53262.04305343656,26631.02152671828,25624.55380917019,4.986514374550146e-05,4.9862368485103986e-05,3.422039574102504e-08,3.3762568100656485,0.16420788066665562,0.1902624909930563
2015-03-20,1945,rolling,select,hybrid,5,20,log_euclidean,0.01,0.0015865574182628277,4588.769689441056,649.876953904774,793.1466140404524,396.5733070202237,-71.29653699454396,8.08773855816497e-05,8.087461032125223e-05,2.8991060532220282e-06,4.9538178454939334,0.16543418087838146,0.37712093738360963
2015-03-20,1945,ewma,select,hybrid,5,20,log_euclidean,0.01,0.015065695578211316,4433.359062999229,722.3738794921553,516.6812651879454,258.3406325939733,-203.54548527795004,5.347497602764522e-05,5.347220076724774e-05,4.571390668328605e-06,4.201221584433314,0.11199073177421236,0.2510625958063425
2015-03-20,1945,ledoit_wolf,select,hybrid,5,20,log_euclidean,0.01,8.253959428896972e-05,9975.195023917022,1503.9768059636403,392.91188999078474,196.4559449953923,-260.4978386001523,4.943756426631387e-05,4.9434789005916396e-05,1.2041467197407584e-05,1.0000000000000002,0.015401219892873174,0.010674390943987876
2015-03-20,1945,oas,select,hybrid,5,20,log_euclidean,0.01,0.0012959475141554905,7299.201843202418,643.8915098004289,324.51924047586414,162.25962023793195,-295.85500985533474,5.883580129509336e-05,5.883302603469589e-05,1.4959787078076871e-05,3.5602903831169885,0.10116669582505422,0.1825008989927764
2015-03-20,1945,shrink,select,hybrid,5,20,log_euclidean,0.01,0.0015476752391373869,7430.6697218175395,666.4762365114464,307.7192834039502,153.859641701975,-304.05602836051224,4.5228231025392374e-05,4.52254557649949e-05,1.6267016408573663e-05,3.0960231896454213,0.12801738204418636,0.14912866864125107
2015-03-20,1945,persistence,select,hybrid,5,20,log_euclidean,0.01,0.009556137219436135,3399.8055466147066,968.6798421509507,999.7913337042648,499.8956668521339,33.55031808982962,7.088753849371178e-05,7.088476323331431e-05,1.3599799242966175e-06,2.6890150593078226,0.09024461940686924,0.11301317549817637
2015-03-27,1950,similarity,select,hybrid,5,20,log_euclidean,0.01,3.8428854825915245e-05,1942.196027273609,5422.498626091517,52349.71535428589,26174.85767714294,25408.014721328196,2.7913945154118485e-05,2.7912358531016338e-05,2.5060301294576887e-08,2.493716869463721,0.11315683134012783,0.114667949052346
2015-03-27,1950,rolling,select,hybrid,5,20,log_euclidean,0.01,0.0015928827584788825,4772.486230168761,720.0472316798439,1046.602602059174,523.3013010295836,57.598064927378026,6.71213253536743e-05,6.711973873057215e-05,2.5549528348829597e-06,4.839863471254509,0.1494879125604672,0.3404235100977678
2015-03-27,1950,ewma,select,hybrid,5,20,log_euclidean,0.01,0.008138814373279171,4571.257174615943,833.7754436976325,734.9328337759641,367.46641688797655,-93.54653359842729,5.5126580347583684e-05,5.5124993724481536e-05,3.5473194364083682e-06,4.345573010368989,0.11012849941142117,0.2585459638450736
2015-03-27,1950,ledoit_wolf,select,hybrid,5,20,log_euclidean,0.01,7.098154348487332e-05,9975.251300924323,1031.2798680371554,391.97633347606006,195.98816673803026,-259.3956264444487,3.596434396156406e-05,3.5962757338461914e-05,1.1488449645520596e-05,1.0,0.0167344380939199,0.010615535496293618
2015-03-27,1950,oas,select,hybrid,5,20,log_euclidean,0.01,0.0013012039492345795,7343.305508958605,608.979711218325,356.64999495413997,178.32499747706976,-278.3046813818546,4.687238401792761e-05,4.6870797394825466e-05,1.3550581179061037e-05,3.4104969809958443,0.10317492727217224,0.1671949515508305
2015-03-27,1950,shrink,select,hybrid,5,20,log_euclidean,0.01,0.0015483168256807027,7439.420649447353,584.2310265186934,327.3042372578242,163.6521186289122,-292.9145698616526,3.94616802286192e-05,3.946009360551705e-05,1.3850740938029042e-05,3.020463799712467,0.1160351645399324,0.14614783906835263
2015-03-27,1950,persistence,select,hybrid,5,20,log_euclidean,0.01,0.009532859895285453,3431.6082834448725,1178.9000679820792,1123.7945803909245,561.8972901954631,100.2944414762053,6.971766026355621e-05,6.971607364045407e-05,1.548661847783187e-06,2.78284467502533,0.09226460221480462,0.12618755926748243
2015-04-06,1955,similarity,select,hybrid,5,20,log_euclidean,0.01,5.036254074376554e-05,2033.9151790686656,5590.2215136872055,46016.1922020425,23008.09610102124,22300.441014661825,3.411734408316365e-05,3.411614869870616e-05,3.271596100059405e-08,2.4204952092068703,0.10909826748401708,0.10741131006437854
2015-04-06,1955,rolling,select,hybrid,5,20,log_euclidean,0.01,0.0015923522844322091,4856.50152700252,752.6655631011754,1288.1414826502673,644.0707413251346,183.7967647826783,5.4418731991393314e-05,5.4417536606935824e-05,3.025033357658936e-06,5.171226031337565,0.14319063013318997,0.3997682568845459
2015-04-06,1955,ewma,select,hybrid,5,20,log_euclidean,0.01,0.004398721317726495,4625.834771682843,784.132897914554,1040.8531006797925,520.4265503398941,62.20079222927119,6.183801216805258e-05,6.183681678359509e-05,3.6423937186015166e-06,4.754557660440177,0.14149885585441174,0.3483044736988021
2015-04-06,1955,ledoit_wolf,select,hybrid,5,20,log_euclidean,0.01,8.07998838405405e-05,9920.950444310482,1004.6825778797839,381.9493875957917,190.97469379789632,-258.32930102312906,3.8661349472763656e-05,3.866015408830617e-05,1.088274790532968e-05,1.0,0.015914500457880978,0.010537831949633493
2015-04-06,1955,oas,select,hybrid,5,20,log_euclidean,0.01,0.001312007381221195,7267.824959469027,620.0487141109079,383.72937415654906,191.864687078275,-258.7504504631541,3.732768263650524e-05,3.732648725204775e-05,1.411993535622271e-05,3.539508886945456,0.09239894018633142,0.1748974660671242
2015-04-06,1955,shrink,select,hybrid,5,20,log_euclidean,0.01,0.0015532718427180396,7380.968570255347,591.9933434134892,337.16900841494044,168.5845042074704,-281.5431803024916,2.8667614932537e-05,2.866641954807951e-05,1.4629870613947454e-05,3.013156359984028,0.09563344806375106,0.13927829994429292
2015-04-06,1955,persistence,select,hybrid,5,20,log_euclidean,0.01,0.009548198667816915,3483.717555958342,1123.3509543118957,1260.216248438646,630.1081242193219,173.2832229462919,7.067265511388917e-05,7.067145972943168e-05,2.536953544473331e-06,3.6379214796968946,0.11659840201340904,0.20249011374215545
2015-04-13,1960,similarity,select,hybrid,5,20,log_euclidean,0.01,6.560382435274839e-05,2070.0912730056025,4656.020882404284,48380.111912776745,24190.055956388365,23437.169189653512,4.85109018612406e-05,4.850927728927257e-05,3.474084682572755e-08,2.5174602269513833,0.09324095074588848,0.11248939888691861
2015-04-13,1960,rolling,select,hybrid,5,20,log_euclidean,0.01,0.0015796712985136942,4662.506695349525,702.01010426404,1391.3699460919242,695.6849730459631,239.122721851713,0.00011075975298543192,0.00011075812841346389,2.3126032030142267e-06,4.497808192792236,0.15111419217531155,0.3313501586634038
2015-04-13,1960,ewma,select,hybrid,5,20,log_euclidean,0.01,0.0023805356181707017,4413.2539970565285,677.2733614192762,1322.43502390721,661.2175119536004,205.98693270734992,0.00010705854815757944,0.00010705692358561142,2.4514210410649906e-06,4.4914763552809935,0.1440918660947363,0.320279354782462
2015-04-13,1960,ledoit_wolf,select,hybrid,5,20,log_euclidean,0.01,9.329655186234129e-05,9816.46346864025,1309.195067566442,369.83581220048933,184.91790610024455,-257.85801411918527,5.145958842044462e-05,5.145796384847659e-05,9.426501358289044e-06,1.0,0.014386121669421248,0.01039973289914836
2015-04-13,1960,oas,select,hybrid,5,20,log_euclidean,0.01,0.0013199066851591055,7047.910919647704,664.933698460926,398.8749832923668,199.43749164618265,-245.27605778155166,7.951798750177415e-05,7.951636292980612e-05,1.086048787721017e-05,3.294432627462183,0.10552573923505428,0.16803825411807394
2015-04-13,1960,shrink,select,hybrid,5,20,log_euclidean,0.01,0.0015522217702687961,7150.646290015188,666.9945471389351,342.74018079786117,171.37009039893098,-273.0323466915494,5.868835986232977e-05,5.868673529036174e-05,1.1466897919295861e-05,2.838726783054921,0.10509687574064036,0.13722410132265858
2015-04-13,1960,persistence,select,hybrid,5,20,log_euclidean,0.01,0.009534142621784113,3179.0693964307325,832.3609706906389,1238.2324083520443,619.1162041760269,167.37457186063494,5.85042416395067e-05,5.8502617067538664e-05,1.4213490683562313e-06,2.7797942495562036,0.07843658394953147,0.11679352546236853
2015-04-20,1965,similarity,select,hybrid,5,20,log_euclidean,0.01,5.6112428966743075e-05,2219.092378946405,5167.633991483313,44324.122038123714,22162.06101906186,21280.910025739642,7.017310257981569e-05,7.0172168095512e-05,3.319322394147786e-08,2.3753522640595857,0.09376180622394945,0.08934281460245122
2015-04-20,1965,rolling,select,hybrid,5,20,log_euclidean,0.01,0.0015583129807299951,4585.887874503194,683.7315393215267,1419.096504644767,709.548252322378,245.45345529927778,5.185340938057184e-05,5.185247489626816e-05,2.5518822333916463e-06,4.7961704307839215,0.16445660452739344,0.374895979511984
2015-04-20,1965,ewma,select,hybrid,5,20,log_euclidean,0.01,0.0013106432036847308,4374.698993868465,765.3700727662933,1530.4774343302383,765.2387171651123,299.93410593311665,4.7858890814092564e-05,4.7857956329788884e-05,2.31453395463861e-06,4.687439301502158,0.16266905117808497,0.35731510325897947
2015-04-20,1965,ledoit_wolf,select,hybrid,5,20,log_euclidean,0.01,7.781444048954588e-05,9748.070700989214,1140.0357866169443,373.2616642174365,186.63083210871818,-260.5835980574758,3.9517020668606584e-05,3.9516086184302905e-05,8.55033839288667e-06,1.0,0.01392297481798104,0.010305065895574093
2015-04-20,1965,oas,select,hybrid,5,20,log_euclidean,0.01,0.001310096855838762,6923.693761783552,612.1102655005797,410.7120992663532,205.3560496331769,-244.37461921823564,3.8496384968223605e-05,3.8495450483919925e-05,1.0968045571173961e-05,3.2910373859076065,0.10258464595223753,0.1762266047007703
2015-04-20,1965,shrink,select,hybrid,5,20,log_euclidean,0.01,0.001533496371484217,6974.151759543243,610.2426255795339,380.8335187486573,190.41675937432888,-259.21414853487744,3.42522667982565e-05,3.425133231395282e-05,1.0434433668362636e-05,2.8623998905989603,0.1196191858816457,0.16023141695972806
2015-04-20,1965,persistence,select,hybrid,5,20,log_euclidean,0.01,6.200685487691725e-05,3128.583554604779,936.196253404795,6191.899449543191,3095.9497247715963,2593.0863156709424,3.674992818274713e-05,3.674899369844345e-05,2.4127100262644553e-07,2.853555655042413,0.08217161675830358,0.11336122926551591
2015-04-27,1970,similarity,select,hybrid,5,20,log_euclidean,0.01,5.2206108888626205e-05,2046.0478515689238,4915.559657292622,49193.186640801505,24596.59332040077,23487.70234550282,5.235134547530734e-05,5.2349764195451e-05,3.963347260589065e-08,2.891800390778743,0.12548137139543478,0.13842445967967992
2015-04-27,1970,rolling,select,hybrid,5,20,log_euclidean,0.01,0.0015608838987398522,4574.9960645538795,637.8566489665297,1270.4136882012929,635.2068441006493,170.00101789245235,4.993455222889366e-05,4.9932970949037326e-05,2.55827073512487e-06,5.055876619639479,0.13928620231983238,0.3759288193182635
2015-04-27,1970,ewma,select,hybrid,5,20,log_euclidean,0.01,0.0007412647523414859,4402.688065672357,815.3621783444503,1578.7651891146052,789.3825945572978,317.495281423135,4.79388970441531e-05,4.793731576429676e-05,1.9872282603700736e-06,4.847953711354184,0.13486054018994062,0.3502839222795968
2015-04-27,1970,ledoit_wolf,select,hybrid,5,20,log_euclidean,0.01,7.760302685314542e-05,9746.49107965491,1430.361750204901,375.97732497648724,187.98866248824353,-261.56305968547224,4.4490303005027627e-05,4.448872172517129e-05,8.368929919338285e-06,1.0,0.013329450359211247,0.010255725111688808
2015-04-27,1970,oas,select,hybrid,5,20,log_euclidean,0.01,0.0013133236923476821,6934.631531335585,658.594333902822,393.34187972451116,196.6709398622566,-255.3618760797655,3.849926226531349e-05,3.849768098545715e-05,1.0756269531782764e-05,3.3295056440859305,0.09802002703533606,0.17148800665995503
2015-04-27,1970,shrink,select,hybrid,5,20,log_euclidean,0.01,0.0015386819227357715,7002.104826230867,686.0224576455773,358.4896534684327,179.2448267342163,-272.6386669867654,3.447939018166578e-05,3.447780890180944e-05,1.0797739985228358e-05,2.84326384610344,0.12189183619024549,0.14756251437514498
2015-04-27,1970,persistence,select,hybrid,5,20,log_euclidean,0.01,6.947631186059278e-05,3493.640823157569,1072.0980612208832,6898.834513004333,3449.417256502172,2913.7103829679995,7.707633364078331e-05,7.707475236092698e-05,1.669194410258865e-07,2.2538423740060245,0.09711633880689159,0.07740136744335117
2015-05-04,1975,similarity,select,hybrid,5,20,log_euclidean,0.01,3.522277786467947e-05,2016.7689776800048,4468.361700448146,39883.838741074724,19941.91937053739,18942.348757753425,6.087464160267647e-05,6.087298463861826e-05,2.8994801320837487e-08,2.4582284808967705,0.09352151464608699,0.09929127981714417
2015-05-04,1975,rolling,select,hybrid,5,20,log_euclidean,0.01,0.0015552070323728586,4554.80915449706,651.7007519783618,1085.3256440370167,542.6628220185097,66.69121129977516,5.295516337932003e-05,5.295350641526182e-05,2.4974831680993237e-06,4.9331831948138944,0.15781422745111717,0.36130582336139866
2015-05-04,1975,ewma,select,hybrid,5,20,log_euclidean,0.01,0.00042824125229444266,4396.503601554212,837.6452988394497,1467.9655891032226,733.9827945516142,249.96303960637982,4.961438206710474e-05,4.9612725103046534e-05,1.7516655595977888e-06,4.726398808559815,0.16291832889506344,0.3400981914561016
2015-05-04,1975,ledoit_wolf,select,hybrid,5,20,log_euclidean,0.01,6.158658040473072e-05,9767.261061446578,1439.613467553607,388.37798849921717,194.1889942496087,-264.53438636543194,3.4911444188888814e-05,3.4909787224830605e-05,8.826424360607203e-06,1.0,0.013486057632924873,0.010287563130092795
2015-05-04,1975,oas,select,hybrid,5,20,log_euclidean,0.01,0.0013029518868648143,6963.799723622764,648.7579535579175,373.317430886344,186.65871544317173,-274.90446691393043,3.8504569106359195e-05,3.8502912142300986e-05,1.0851692028427628e-05,3.373621893261086,0.10546051704073682,0.17341713627592895
2015-05-04,1975,shrink,select,hybrid,5,20,log_euclidean,0.01,0.0015269467391312145,7020.545104616441,676.2416984182927,357.13168964553734,178.5658448227689,-282.9562350548596,3.304733625863048e-05,3.304567929457227e-05,1.0618738384664058e-05,2.908963448344868,0.16534728302078044,0.15873984285851522
2015-05-04,1975,persistence,select,hybrid,5,20,log_euclidean,0.01,7.069484195513877e-05,3499.691626867663,1091.3112136360662,5418.463512159954,2709.23175608,2155.2318257317775,3.784020876675284e-05,3.783855180269463e-05,1.4593946318588022e-07,2.0357352106730877,0.05663407551136254,0.05971018975482854
2015-05-11,1980,similarity,select,hybrid,5,20,log_euclidean,0.01,2.4336868298238593e-05,1939.6989814470405,5690.043665002166,31236.505791309894,15618.25289565494,14688.282349063797,5.516513002004373e-05,5.516369076410012e-05,4.5156794146289173e-08,2.646439712683375,0.120271788815733,0.125482436487717
2015-05-11,1980,rolling,select,hybrid,5,20,log_euclidean,0.01,0.0015687987195154274,4548.615976777515,719.6044050341454,1042.2083627035595,521.1041813517818,45.651265854842485,6.42358190163214e-05,6.423437976037779e-05,2.4582960590618173e-06,4.788399251300661,0.16058666882945866,0.35173855248402514
2015-05-11,1980,ewma,select,hybrid,5,20,log_euclidean,0.01,0.00025967366333625597,4364.430423747644,854.2432016458347,1563.7166202667515,781.8583101333716,300.2835928360952,6.757462759567653e-05,6.757318833973293e-05,1.4980006775273887e-06,4.551816644468268,0.16660352277746063,0.3230219007361515
2015-05-11,1980,ledoit_wolf,select,hybrid,5,20,log_euclidean,0.01,5.207778587913985e-05,9786.737107066554,1157.880461622222,397.9831487525123,198.99157437625624,-266.01653594660036,2.5972769706743046e-05,2.597133045079944e-05,9.401246711255014e-06,0.9999999999999999,0.01353967284320732,0.010384688537473022
2015-05-11,1980,oas,select,hybrid,5,20,log_euclidean,0.01,0.0013106072805988995,6973.656555544503,601.8564100538406,371.63970289205923,185.81985144602842,-280.8810176574876,4.2616998026953994e-05,4.261555877101039e-05,1.0905673827642002e-05,3.287923466496155,0.11160712262039438,0.1712459303912348
2015-05-11,1980,shrink,select,hybrid,5,20,log_euclidean,0.01,0.0015355578124662305,7015.837873025559,603.8975548318348,359.7231825064832,179.86159125324127,-287.1729241584804,3.1945495016648894e-05,3.194405576070529e-05,1.051588551850416e-05,2.851897823658254,0.19996124291044653,0.17449883594392068
2015-05-11,1980,persistence,select,hybrid,5,20,log_euclidean,0.01,7.483618257195236e-05,3339.42425619593,1010.9148016005546,3881.065113899513,1940.5325569497563,1430.1270801447286,2.374059761328996e-05,2.3739158357346354e-05,1.984266177739706e-07,2.124681107417306,0.07837826330562532,0.07102090241599819
2015-05-18,1985,similarity,select,hybrid,5,20,log_euclidean,0.01,0.0006482343977091621,2019.9794737584707,4513.269436127183,125806.30202398049,62903.15101199024,62020.280104673,5.667018541521573e-05,5.6660583086688196e-05,3.2571060342923956e-08,2.6423172835331754,0.1103070958103953,0.12513013322054597
2015-05-18,1985,rolling,select,hybrid,5,20,log_euclidean,0.01,0.002180860448311797,4756.594302925464,675.4225708594133,3837.1438124438237,1918.5719062219107,1471.957314016871,0.0001470917935063929,0.00014708219117786538,2.4229074776818116e-06,4.628179741608794,0.17144003969665392,0.35006707992549785
2015-05-18,1985,ewma,select,hybrid,5,20,log_euclidean,0.01,0.0007697566164345939,4554.050143084671,794.760585890448,6908.230522474929,3454.115261237463,2994.135011565224,0.00013576572695739398,0.00013575612462886645,1.2476305835741854e-06,4.35203404659708,0.1675763071380295,0.31315986519378
2015-05-18,1985,ledoit_wolf,select,hybrid,5,20,log_euclidean,0.01,0.0006546979128591884,9806.596841792049,1466.0955715110085,368.00332751094095,184.0016637554706,-245.82049616705822,4.130543726636607e-05,4.1295834937838537e-05,9.338935231903105e-06,0.9999999999999999,0.014397071475133002,0.01037091712997676
2015-05-18,1985,oas,select,hybrid,5,20,log_euclidean,0.01,0.001921404936307341,7036.574259442999,647.7189306719392,753.2989861216671,376.6494930608336,-55.249053059648716,7.36126898767816e-05,7.360308754825407e-05,1.0997803823407616e-05,3.296425782960711,0.11903194944422897,0.1722452098030538
2015-05-18,1985,shrink,select,hybrid,5,20,log_euclidean,0.01,0.0021510535130885556,7076.870005614792,665.0080188469854,758.7472604849878,379.37363024249373,-52.574918120108656,6.983660900625825e-05,6.982700667773072e-05,1.0623084911478683e-05,2.8706353983573885,0.19799556577955543,0.17442884413834875
2015-05-18,1985,persistence,select,hybrid,5,20,log_euclidean,0.01,0.0006780794364233351,3536.6094915329577,1009.6175093576819,12365.882330908495,6182.941165454253,5703.653812848659,2.983232588305003e-05,2.9822723554522494e-05,1.2951305044314408e-07,1.848030857510078,0.050964585281672754,0.05069024229782639
2015-05-26,1990,similarity,select,hybrid,5,20,log_euclidean,0.01,0.017043250233771654,2122.4049138861697,4254.100423114247,480564.2148224852,240282.1074112426,238123.772825648,0.00031093241413911605,0.00031080154500669817,3.537940863121889e-08,2.7742876107803007,0.09895220878220673,0.1356886764329669
2015-05-26,1990,rolling,select,hybrid,5,20,log_euclidean,0.01,0.018538589632736198,4811.0240870007165,750.7355643732482,13210.906341666101,6605.4531708330505,6183.980016762535,0.0006385328619535268,0.0006384019928211089,1.572617040657935e-06,3.881549798509404,0.1101220079663816,0.22621313529141904
2015-05-26,1990,ewma,select,hybrid,5,20,log_euclidean,0.01,0.017069618044581,4616.574967131273,930.1005950987092,26374.046674106787,13187.023337053392,12721.922305766337,0.0006456046324988909,0.0006454737633664729,8.241079568402061e-07,3.9640809464122904,0.09999856687231028,0.22846059992973436
2015-05-26,1990,ledoit_wolf,select,hybrid,5,20,log_euclidean,0.01,0.016903026111991643,9825.752742679037,1633.4343736674728,469.69843512641773,234.84921756320887,-137.4498089066235,3.914993811482424e-05,3.9019068982406356e-05,8.135629428526516e-06,0.9999999999999999,0.01344643175460615,0.010286383533875551
2015-05-26,1990,oas,select,hybrid,5,20,log_euclidean,0.01,0.01827452455175669,7080.213850409351,831.5249747568903,2398.4728301305827,1199.236415065291,818.7359058254021,0.00029463191769961937,0.0002945010485672015,7.17357178176705e-06,2.8018525624069923,0.07924422657245123,0.1190692982048695
2015-05-26,1990,shrink,select,hybrid,5,20,log_euclidean,0.01,0.018508973259414918,7049.469805606355,835.9074977794327,2043.1869536332165,1021.5934768166082,640.1818550432245,0.00024719021617714427,0.0002470593470447264,7.020141597526731e-06,2.6006642482128504,0.1059421832654181,0.12438509955991299
2015-05-26,1990,persistence,select,hybrid,5,20,log_euclidean,0.01,0.017034172162009455,3488.033082118717,944.310802095141,54541.28041032366,27270.640205161824,26692.044125705383,2.4777020908476593e-05,2.464615177605871e-05,1.7691768109066776e-07,2.1631675053616313,0.09428359518195506,0.07202790711724043
2015-06-02,1995,similarity,select,hybrid,5,20,log_euclidean,0.01,0.017119013304509514,2084.8234924289955,3582.9939851936783,341707.90052476805,170853.95026238402,168863.8090360213,7.809319227323645e-05,7.791336343206686e-05,5.331125189292465e-08,2.697301464762993,0.13974224348193576,0.13464229029567087
2015-06-02,1995,rolling,select,hybrid,5,20,log_euclidean,0.01,0.017087563081986563,4638.326707563499,913.5254636949933,34554.25267912583,17277.126339562914,16776.801003170465,0.00019988239916852123,0.00019970257032735162,7.981110058065714e-07,4.465947057967482,0.1542973223373134,0.32660807646025775
2015-06-02,1995,ewma,select,hybrid,5,20,log_euclidean,0.01,0.01709164543095782,4450.646358278244,975.3387552636746,38835.84306914309,19417.92153457155,18911.421004394786,0.00020953047873043418,0.00020935064988926458,6.947233560645252e-07,4.17682163727384,0.14889436147700283,0.283673475346526
2015-06-02,1995,ledoit_wolf,select,hybrid,5,20,log_euclidean,0.01,0.017078250750654743,7360.386208831172,1378.036858059582,1505.5685857232686,752.7842928616344,376.8069824738049,8.115495539132947e-05,8.097512655015988e-05,9.30985609506281e-06,2.0639109959347532,0.0736197394414318,0.06562246114589465
2015-06-02,1995,oas,select,hybrid,5,20,log_euclidean,0.01,0.017079253694689295,7215.673526749623,1295.9777180473498,1710.8380421843697,855.4190210921852,478.65531090429647,8.978571847275856e-05,8.960588963158897e-05,8.754118190027963e-06,2.2246173701212038,0.07959687034560262,0.07605267689291885
2015-06-02,1995,shrink,select,hybrid,5,20,log_euclidean,0.01,0.01708521533190231,6861.458926800284,1141.2099608283754,2098.5556267056436,1049.277813352822,668.3805096460882,0.00012970227800300783,0.00012952244916183823,7.197656599274595e-06,2.5834825605872433,0.12267946243219673,0.11964218021367802
2015-06-02,1995,persistence,select,hybrid,5,20,log_euclidean,0.01,0.01710712954536783,3426.21475045613,1058.5169301760807,65893.48232484514,32946.74116242257,32254.837396658968,5.9261863500909394e-05,5.9082034659739794e-05,1.6753491145875095e-07,2.2924027510722254,0.10511668590979008,0.08229963857426864
2015-06-09,2000,similarity,select,hybrid,5,20,log_euclidean,0.01,0.017050079493309885,2119.057152771288,2825.153024869711,271730.5087260903,135865.25436304515,133712.35088431876,7.633870705625714e-05,7.617091966132746e-05,5.58510537662746e-08,2.99840880442736,0.16196390652576484,0.15722814368388868
2015-06-09,2000,rolling,select,hybrid,5,20,log_euclidean,0.01,0.01700733531761036,4603.373375968987,1114.9024240642789,37631.871270434975,18815.935635217487,18347.078660475127,0.00021417782416531249,0.0002140100367703828,7.595859177764939e-07,4.59337564862713,0.1575456593823576,0.33707981879887294
2015-06-09,2000,ewma,select,hybrid,5,20,log_euclidean,0.01,0.01701950699217368,4423.944509146408,1125.8434543573935,42427.60563969847,21213.80281984924,20741.461678467385,0.00025746955352900705,0.0002573017661340774,6.151125623870905e-07,4.097839791905823,0.14991207605667192,0.27414468262757574
2015-06-09,2000,ledoit_wolf,select,hybrid,5,20,log_euclidean,0.01,0.017006569783174868,7355.987832036837,1739.3746494116535,1526.7952735913555,763.3976367956775,389.1479017088265,4.109418284315058e-05,4.0926395448220896e-05,9.614097803940255e-06,1.9838533052595189,0.06191477833060553,0.059700190860365765
2015-06-09,2000,oas,select,hybrid,5,20,log_euclidean,0.01,0.017006302353144327,7224.947298762621,1646.516127138636,1714.855999431663,857.4279997158312,482.5092079705705,4.171759179036986e-05,4.1549804395440175e-05,9.252226535933677e-06,2.1365874508061595,0.0690456976478043,0.07051637814768558
2015-06-09,2000,shrink,select,hybrid,5,20,log_euclidean,0.01,0.017010074207660052,6811.33991662195,1418.3281671306995,2188.4457745027016,1094.2228872513506,714.6330012176579,7.097347551536585e-05,7.080568812043617e-05,6.704813764794629e-06,2.629424137998504,0.13761899665316493,0.1331431974630924
2015-06-09,2000,persistence,select,hybrid,5,20,log_euclidean,0.01,0.01704104066925902,3389.0078488361196,1332.8533281324208,83386.70885795848,41693.35442897924,41054.752442113044,6.772213777831995e-05,6.755435038339027e-05,1.3732353192548896e-07,2.3356809000238337,0.07891204893723532,0.07740878776998501
2015-06-16,2005,similarity,select,hybrid,5,20,log_euclidean,0.01,0.05490396657541018,2142.2579701637787,2659.1883586477684,872604.4555680156,436302.2277840078,426910.7493669962,0.0005328559886865626,0.0005324962049202865,3.070808530042583e-08,2.8287487998202954,0.14360153644832124,0.13402038946048395
2015-06-16,2005,rolling,select,hybrid,5,20,log_euclidean,0.01,0.054670622346195415,4556.524019118257,1054.5215966317928,31533.28724562879,15766.643622814398,15085.346545209317,9.248530905637655e-05,9.212552529010044e-05,6.475965880972255e-07,3.491845547549596,0.11645975928296631,0.20384550096937393
2015-06-16,2005,ewma,select,hybrid,5,20,log_euclidean,0.01,0.055583554487328074,4398.436477666327,954.507418556614,23037.015930057045,11518.507965028522,10920.438477548094,7.025393670912858e-05,6.989415294285247e-05,9.052574740927811e-07,3.2239956367513427,0.10624130504196824,0.17608557789327522
2015-06-16,2005,ledoit_wolf,select,hybrid,5,20,log_euclidean,0.01,0.05471331885845851,8550.228236029528,2406.5555087980965,1147.3542470714483,573.6771235357237,228.0547371323891,0.00011302196016096716,0.00011266217639469105,7.5461619279156175e-06,1.0433147534018985,0.02576244437496048,0.014153989059354858
2015-06-16,2005,oas,select,hybrid,5,20,log_euclidean,0.01,0.054668031043341836,7064.355739118672,1390.4065343890043,2772.1766963429304,1386.088348171465,1018.7934775975589,7.237175716356389e-05,7.201197339728778e-05,6.758899811186133e-06,2.4132392748860725,0.07971779966965223,0.09493475941953425
2015-06-16,2005,shrink,select,hybrid,5,20,log_euclidean,0.01,0.05467281554634795,6828.173255345546,1336.3026245910892,2691.5831883573574,1345.7915941786785,974.3810999482815,7.138349655891556e-05,7.102371279263945e-05,5.338937307234102e-06,2.448799374138489,0.14106813907099475,0.1309322160459579
2015-06-16,2005,persistence,select,hybrid,5,20,log_euclidean,0.01,0.05541900372022556,3551.243306297454,1059.4849165108349,66908.2474215981,33454.12371079905,32823.46626286019,8.702139961660202e-05,8.666161585032591e-05,4.732765781599707e-07,2.6800387861500354,0.08931656939837089,0.11374269233182317
2015-06-23,2010,similarity,select,hybrid,5,20,log_euclidean,0.01,0.0394549492445717,2091.5060539858323,2940.1923895141317,792699.9389874943,396349.96949374716,388238.45403197175,0.0011482686038490522,0.001148074238339271,2.4281894957151318e-08,3.0218704660069147,0.13988216264488573,0.15238574362426438
2015-06-23,2010,rolling,select,hybrid,5,20,log_euclidean,0.01,0.041799582231776364,4475.305342413445,856.3282152912182,3530.537828236744,1765.2689141183719,1334.0415923870316,0.00010561232697551035,0.00010541796146572917,1.8995187679255044e-06,3.4752216663382165,0.142107715140977,0.19669829087538712
2015-06-23,2010,ewma,select,hybrid,5,20,log_euclidean,0.01,0.05977473845435897,4329.2610602394825,858.7230261464719,2815.651974059368,1407.8259870296838,1010.3909818451672,0.00011770930990107376,0.00011751494439129258,3.2489104960075813e-06,3.0255202178134777,0.13417650853995367,0.14320069069424513
2015-06-23,2010,ledoit_wolf,select,hybrid,5,20,log_euclidean,0.01,0.039185283696845305,10327.586289097297,2126.6495138074188,465.0498632071849,232.5249316035923,-127.17587573434739,0.00010396117877873142,0.00010376681326895024,9.416299428690863e-06,0.9999999999999999,0.01235888434750421,0.010121393488801223
2015-06-23,2010,oas,select,hybrid,5,20,log_euclidean,0.01,0.04136135960619743,7249.043067838931,1095.1771865779408,876.0926363327256,438.0463181663626,66.65525277572301,9.656799495931487e-05,9.63736294495337e-05,7.786961766260819e-06,2.4116539262945755,0.09209323738015832,0.09074457555353213
2015-06-23,2010,shrink,select,hybrid,5,20,log_euclidean,0.01,0.04178778343520212,6875.537030241036,1049.8988423878934,654.9931352524969,327.4965676262484,-48.02964555484516,5.174576193640663e-05,5.155139642662545e-05,6.219471202059706e-06,2.455941682534113,0.14662200397920144,0.12526692544472307
2015-06-23,2010,persistence,select,hybrid,5,20,log_euclidean,0.01,0.056155847269400275,3399.8365243303706,976.0213466726974,9534.63139915301,4767.315699576507,4335.245164936374,7.823651634793541e-05,7.804215083815423e-05,1.6667834308877597e-06,2.413928116523107,0.08747632501870682,0.09298235514943198
2015-06-30,2015,similarity,select,hybrid,5,20,log_euclidean,0.01,0.0395193411926319,2174.467859984641,3645.8853052481745,709404.4649956598,354702.2324978299,350190.9568034991,0.0007812831518561567,0.0007811712953295304,2.1209872231545656e-08,2.674877582944574,0.08887146476827591,0.11914632317662248
2015-06-30,2015,rolling,select,hybrid,5,20,log_euclidean,0.01,0.042078955787779614,4697.816979781017,782.2071325913229,9217.599421898763,4608.799710949381,4150.375442856685,0.0008548857749101404,0.0008547739183835141,2.5973512539328416e-06,3.9773739538865907,0.13802241832432638,0.2622647639088748
2015-06-30,2015,ewma,select,hybrid,5,20,log_euclidean,0.01,0.05039409917086985,4478.912190053601,954.7717462097762,6568.749499389746,3284.3747496948736,2856.413353531322,0.0006425171251660004,0.0006424052686393741,3.728502034846485e-06,3.597432318177457,0.12364906252664773,0.2145076821672115
2015-06-30,2015,ledoit_wolf,select,hybrid,5,20,log_euclidean,0.01,0.03926059695779073,10321.684632988145,1562.738846462937,476.6512020442781,238.3256010221392,-118.26984397787257,9.982560007795624e-05,9.97137435513299e-05,9.822614264262334e-06,1.0,0.012750514602065032,0.010150172471799383
2015-06-30,2015,oas,select,hybrid,5,20,log_euclidean,0.01,0.04162437668882986,7291.32214286102,802.1358236777191,1964.4335063688436,982.2167531844218,607.9270667213732,0.0003339949175360683,0.00033388306100944195,9.770090985692623e-06,2.587309216085821,0.09014086130503586,0.10572147713554611
2015-06-30,2015,shrink,select,hybrid,5,20,log_euclidean,0.01,0.042066006418922955,6974.619351384183,783.2931665904238,2017.003680203833,1008.5018401019165,629.1916994736065,7.072748903261227e-05,7.061563250598593e-05,7.996779879925044e-06,2.5531919492387756,0.16386966914150372,0.13252056388739386
2015-06-30,2015,persistence,select,hybrid,5,20,log_euclidean,0.01,0.056271424590991256,3544.9435030987697,1171.006126531635,9015.063597043452,4507.531798521725,4082.502428188207,0.0001927811773827444,0.00019266932085611806,2.5597015938621482e-06,2.943591571654495,0.10759561447875189,0.14157069631141114
2015-07-08,2020,similarity,select,hybrid,5,20,log_euclidean,0.01,0.04031080553253443,2052.5531900954884,5878.9657773290055,633479.9674384819,316739.98371924093,308680.3314897844,0.00015825704638705362,0.0001581673580146275,2.6495621177750753e-08,3.175168660873404,0.14958696975402225,0.17617456660713895
2015-07-08,2020,rolling,select,hybrid,5,20,log_euclidean,0.01,0.042883254634577,4633.27163040899,1036.8047707885084,9267.238322342671,4633.619161171337,4175.920967789085,0.0012285539681693557,0.0012284642797969296,2.4315604264748212e-06,3.859168977346073,0.14294159551608507,0.24897273333994463
2015-07-08,2020,ewma,select,hybrid,5,20,log_euclidean,0.01,0.04613263138596728,4430.333362898444,1237.1471938179616,7943.8270877664845,3971.9135438832423,3528.2771176101915,0.0006486183921354977,0.0006485287037630716,2.9271616790886455e-06,3.62304200965094,0.13949022328739688,0.21709994821692596
2015-07-08,2020,ledoit_wolf,select,hybrid,5,20,log_euclidean,0.01,0.040041997237273634,10307.361691303586,1037.7073869015658,477.5420931315939,238.771046565797,-116.5168402473121,8.064620469598546e-05,8.055651632355934e-05,9.775412782954696e-06,0.9999999999999999,0.01353945452269352,0.010150833026307161
2015-07-08,2020,oas,select,hybrid,5,20,log_euclidean,0.01,0.042429458895306936,7241.247902368206,766.7596061530209,1992.9105890449455,996.455294522473,623.0126240764882,0.00044428766765384516,0.00044419797928141905,9.401558311265745e-06,2.543975536714763,0.08819238226588239,0.1067548518364253
2015-07-08,2020,shrink,select,hybrid,5,20,log_euclidean,0.01,0.04286433575185245,6886.008750301006,771.0149333311383,2058.5291603866863,1029.2645801933431,648.3300252633737,0.00016657166474695262,0.0001664819763745265,8.166679777002737e-06,2.5251687475368203,0.1635433789555031,0.128700193995955
2015-07-08,2020,persistence,select,hybrid,5,20,log_euclidean,0.01,0.057014855116992086,3476.023465737192,1797.6255935634222,9138.56977520462,4569.284887602313,4139.271371502958,0.0001221858785029891,0.000122096190130563,2.441284449946737e-06,2.7880981818636177,0.13304299150700036,0.13294293748939162
2015-07-15,2025,similarity,select,hybrid,5,20,log_euclidean,0.01,0.00014472474229606396,2256.9366044641297,5998.226092974444,45608.0637180239,22804.031859011946,22169.436812605218,6.432547899204303e-05,6.432354715809829e-05,6.384999007214648e-08,2.585316391451606,0.1147688253574611,0.10963257109737327
2015-07-15,2025,rolling,select,hybrid,5,20,log_euclidean,0.01,0.0027171201658347088,4445.383935024194,1125.320913811473,1631.5929916656555,815.7964958328268,373.9307091090862,5.784655673475844e-05,5.78446249008137e-05,2.5275311340067864e-06,4.155246153632573,0.14141090086901875,0.2627469512827331
2015-07-15,2025,ewma,select,hybrid,5,20,log_euclidean,0.01,0.003217295183848286,4219.9130912401415,1388.1809994136174,1640.7071633711794,820.3535816855895,379.2054131067275,7.951527690265253e-05,7.951334506870779e-05,2.4917680628200757e-06,3.9232175451619633,0.1283677800866992,0.2335844651740232
2015-07-15,2025,ledoit_wolf,select,hybrid,5,20,log_euclidean,0.01,0.00016579212233046566,10250.662245148313,1002.7548906073202,364.92531439626106,182.46265719813013,-242.2082074042799,4.7268936251178766e-05,4.726700441723403e-05,1.0157050940486856e-05,1.0,0.014321826688113439,0.010201528713867914
2015-07-15,2025,oas,select,hybrid,5,20,log_euclidean,0.01,0.002287346281561438,7105.240918004935,749.0432266763324,451.741186067733,225.87059303386602,-201.11914489065094,4.692744481845744e-05,4.69255129845127e-05,9.897882372277292e-06,2.75350035904969,0.09305497625862753,0.11692556636505938
2015-07-15,2025,shrink,select,hybrid,5,20,log_euclidean,0.01,0.002696882908799498,6759.16843845316,756.031907554227,480.7600424730874,240.3800212365427,-188.17067151666487,3.960980694513098e-05,3.960787511118624e-05,8.54180698737148e-06,2.8222945844701393,0.1568581250937381,0.14286871401510834
2015-07-15,2025,persistence,select,hybrid,5,20,log_euclidean,0.01,0.053813103903137184,3174.399919223132,1695.278882385228,703.2182451854226,351.60912259271015,-74.6077659399817,9.507022523408257e-05,9.506829340013784e-05,3.909461344752027e-06,2.5360633412397533,0.1038940461776211,0.10416422715638671
2015-07-22,2030,similarity,select,hybrid,5,20,log_euclidean,0.01,0.00012631786385888149,2257.508499072069,4954.274428757975,57535.45039910783,28767.725199553915,28083.38208533391,6.397158742298887e-05,6.397022603218823e-05,3.271344426003599e-08,2.338315925192542,0.0973103738235853,0.09088330749704886
2015-07-22,2030,rolling,select,hybrid,5,20,log_euclidean,0.01,0.008974577458831127,4475.124254742299,885.8512012864128,797.3781840705262,398.68909203526454,-32.61959831428074,5.30901654449009e-05,5.308880405410025e-05,4.480517961240862e-06,3.6438651352252847,0.1317099473887673,0.21823560375445325
2015-07-22,2030,ewma,select,hybrid,5,20,log_euclidean,0.01,0.03895692066522022,4266.886864204228,930.2328399647148,622.2507538353651,311.1253769176792,-120.46002539800993,5.38317026718945e-05,5.383034128109385e-05,5.377718546207575e-06,3.097996485549008,0.11402869922937846,0.15644653993781493
2015-07-22,2030,ledoit_wolf,select,hybrid,5,20,log_euclidean,0.01,0.0002984766084269583,11545.586571942029,1086.7650104008335,418.8042064353958,209.40210321769771,-221.16508227320446,5.354917473822787e-05,5.3547813347427224e-05,1.739598335839561e-05,1.0,0.012067615593839454,0.010132337231667631
2015-07-22,2030,oas,select,hybrid,5,20,log_euclidean,0.01,0.007382906904348667,8052.33082940577,670.3519334417549,337.7504776276451,168.87523881382262,-261.8820777133907,3.966593379774405e-05,3.96645724069434e-05,1.621455694346284e-05,2.0637282091680302,0.06591471653789407,0.06825360708576414
2015-07-22,2030,shrink,select,hybrid,5,20,log_euclidean,0.01,0.008924951528324466,6853.396732814751,667.6087116529764,436.55566148161483,218.27783074080716,-214.53192704188842,4.465723349202337e-05,4.465587210122272e-05,8.180984571677167e-06,2.8414904622745087,0.1817043910222486,0.16052509418199734
2015-07-22,2030,persistence,select,hybrid,5,20,log_euclidean,0.01,0.039242470009391336,3219.931098004119,1264.3360812610072,883.3840057010412,441.6920028505224,8.788319711918922,7.66329294858676e-05,7.663156809506695e-05,2.9624504797618346e-06,2.7867343448398167,0.08833704560557601,0.12452023891867725
2015-07-29,2035,similarity,select,hybrid,5,20,log_euclidean,0.01,0.0008232114251633155,2038.9033946644035,1209.9003071909601,104326.22429862546,52163.11214931273,50786.65500076591,0.0002554122841707166,0.00025539788859231007,3.0731442423633914e-08,3.217702235085527,0.12077298134514126,0.1737393466848639
2015-07-29,2035,rolling,select,hybrid,5,20,log_euclidean,0.01,0.00917893114110991,4482.023461834218,1342.3285140775226,648.713825007364,324.35691250368217,-88.85853461086072,0.0002083551510345234,0.00020834075545611685,4.588886437220246e-06,3.690090406432579,0.13342582117912463,0.2204815125798292
2015-07-29,2035,ewma,select,hybrid,5,20,log_euclidean,0.01,0.021054877334943056,4297.550714382095,1626.4579541162702,606.6484835487488,303.324241774375,-111.31811569236186,0.00019067487123342297,0.00019066047565501643,4.209085400566034e-06,3.0336543655867487,0.1159521410296606,0.1572806549732818
2015-07-29,2035,ledoit_wolf,select,hybrid,5,20,log_euclidean,0.01,0.000963296200710496,11577.790418531999,3752.9909396724506,394.88956933099035,197.44478466549498,-215.86761083587385,0.0002595844913213765,0.00025957009574296996,1.793880221477771e-05,0.9999999999999999,0.01197411764127232,0.010139927248901802
2015-07-29,2035,oas,select,hybrid,5,20,log_euclidean,0.01,0.0076039615294533815,8112.80632897919,2268.4151813720105,290.6703072901756,145.33515364508878,-268.10566160542464,0.0002031213330465278,0.00020310693746812127,1.7085091787532066e-05,2.067768055785805,0.07535968174650658,0.06965672185942484
2015-07-29,2035,shrink,select,hybrid,5,20,log_euclidean,0.01,0.009199262774719455,6979.831997075166,1811.9316519822853,337.80070354276575,168.90035177138267,-246.3693649319448,0.00020140178295200174,0.0002013873873735952,8.950350314243585e-06,2.7649738010641296,0.14680703529611147,0.148405072916609
2015-07-29,2035,persistence,select,hybrid,5,20,log_euclidean,0.01,0.03911204448382527,3338.7679795863314,1622.9626622083729,829.0215716205214,414.51078581025894,-2.0471594561187003,0.00023371204718945925,0.0002336976516110527,2.07376085639131e-06,2.211655210356032,0.10296863879275193,0.0855179296294491
2015-08-05,2040,similarity,select,hybrid,5,20,log_euclidean,0.01,0.0014895884941989498,1919.430506033239,885.2126484342878,97044.06774019479,48522.033870097395,46616.43919029106,0.00026287208224808404,0.00026285529456767753,3.355260484826811e-08,3.5916678786455773,0.14065099574528175,0.20951804755429326
2015-08-05,2040,rolling,select,hybrid,5,20,log_euclidean,0.01,0.009741665098462072,4515.567022037094,1805.1450242504693,568.197703597104,284.0988517985517,-133.82131989123607,0.00023602636841399532,0.00023600958073358882,4.74330808938186e-06,3.9564082644006393,0.12193088514189626,0.23394007223224447
2015-08-05,2040,ewma,select,hybrid,5,20,log_euclidean,0.01,0.012139027472244806,4330.619921134292,2468.690673845176,629.9907165297413,314.99535826487073,-101.10540788836597,0.0002225950764445187,0.0002225782887641122,3.583635797389654e-06,3.3364186993913587,0.1182997432595665,0.16943188165792258
2015-08-05,2040,ledoit_wolf,select,hybrid,5,20,log_euclidean,0.01,0.001622792575841205,11601.73173965011,4736.473038486458,392.91038280387795,196.45519140193858,-214.17391802061766,0.0003544455018533449,0.0003544287141729384,1.8346801790666663e-05,1.0,0.012125183720833748,0.010154671055015036
2015-08-05,2040,oas,select,hybrid,5,20,log_euclidean,0.01,0.00815770110645462,8142.309070863337,2969.3642980726977,272.30633856173216,136.15316928086597,-275.3564194538902,0.0002470341015742353,0.00024701731389382877,1.8290211452538773e-05,2.1621971448863135,0.07276851677455236,0.07147073034028553
2015-08-05,2040,shrink,select,hybrid,5,20,log_euclidean,0.01,0.009801657690929718,7026.394029934403,2435.0622841305326,319.33321360274795,159.66660680137403,-253.7904087339795,0.00024058557309238244,0.00024056878541197594,9.482203311793496e-06,2.859010864483244,0.12971334214220595,0.15469748726755328
2015-08-05,2040,persistence,select,hybrid,5,20,log_euclidean,0.01,0.04045530922949757,3407.90456241607,3007.3329038714737,815.101871409054,407.5509357045228,-10.411509246844824,0.00028020686232763326,0.00028019007464722675,1.5898732001606851e-06,2.0298551556342814,0.07095235527232656,0.06482791518038092
2015-08-12,2045,similarity,select,hybrid,5,20,log_euclidean,0.01,0.0017535115780179487,1973.8612039036648,502.5355795284713,82253.45628794146,41126.72814397073,39706.605277423114,0.00032373132839752235,0.0003236964952799292,2.8396937095215353e-08,3.090977002602892,0.09853784351038695,0.15895283420309736
2015-08-12,2045,rolling,select,hybrid,5,20,log_euclidean,0.01,0.010036041715177923,4645.969363625516,2320.219038241872,529.1265516695078,264.5632758347534,-154.02345246962264,0.0003108362147085873,0.0003108013815909942,4.540546815842745e-06,3.5754247126682643,0.12401904216579698,0.21674991679992248
2015-08-12,2045,ewma,select,hybrid,5,20,log_euclidean,0.01,0.007225921706572345,4442.465074529686,2839.565795086464,694.7805056830086,347.390252841505,-72.70718492619855,0.0002924866991735076,0.0002924518660559145,2.955572453707195e-06,3.315251391587085,0.103653924009095,0.17814583481730684
2015-08-12,2045,ledoit_wolf,select,hybrid,5,20,log_euclidean,0.01,0.0019072412432326468,11630.12450280219,5355.513965617148,396.9279259966712,198.46396299833526,-214.15290881475966,0.0003951230166742173,0.00039508818355662415,1.867293895069494e-05,1.0,0.01196419745153349,0.01016874440180833
2015-08-12,2045,oas,select,hybrid,5,20,log_euclidean,0.01,0.008429823811847065,8228.023772587976,3527.7830602726713,267.82285767110255,133.91142883555077,-279.40195608987744,0.00029486006781698334,0.0002948252346993902,1.7552067369270174e-05,2.1208295430901876,0.07449914379849222,0.0686942649845371
2015-08-12,2045,shrink,select,hybrid,5,20,log_euclidean,0.01,0.010108689695114925,7152.244135917966,2992.5419697554744,304.49898506134093,152.24949253067018,-263.4115664713242,0.0003065972422877397,0.0003065624091701466,9.631456562177106e-06,2.6676347416803683,0.1277715416991402,0.13684908268525436
2015-08-12,2045,persistence,select,hybrid,5,20,log_euclidean,0.01,0.0015404631443712699,3467.664366307678,3576.7288862240257,4392.562289703883,2196.2811448519537,1726.7564604752508,0.0003283339749844588,0.0003282991418668657,2.2544839261949553e-07,1.887267208861827,0.07401155797642937,0.056366404956000336
2015-08-19,2050,similarity,select,hybrid,5,20,log_euclidean,0.01,0.0018802392860050353,1965.8488941120336,444.4820393834948,59980.10909101695,29990.054545508483,28322.94993845604,0.00032096668229997325,0.0003209341619595731,3.854339262540476e-08,3.0516316194953466,0.09475377662260946,0.15627968554248012
2015-08-19,2050,rolling,select,hybrid,5,20,log_euclidean,0.01,0.010189680929866997,4534.124213535608,2423.866389755697,518.1190617617519,259.05953088087665,-163.2232731143295,0.00030865972383114495,0.00030862720349074483,4.53733151439982e-06,3.6422797842922443,0.12092573519783885,0.21212043859631413
2015-08-19,2050,ewma,select,hybrid,5,20,log_euclidean,0.01,0.004679482952387433,4346.709923116921,3091.580539452165,843.8387025430279,421.9193512715112,-8.079226260152067,0.00031145532828139976,0.00031142280794099964,2.300300669860985e-06,3.411571488920769,0.10381134442829354,0.18222093847699597
2015-08-19,2050,ledoit_wolf,select,hybrid,5,20,log_euclidean,0.01,0.002075698916640148,11632.443187613027,5442.003571367942,394.2184238597772,197.1092119298883,-213.5476220945528,0.00041370107917430084,0.0004136685588339007,1.8701841195015943e-05,1.0,0.011822068410029894,0.010172253819480049
2015-08-19,2050,oas,select,hybrid,5,20,log_euclidean,0.01,0.008580039148051687,8211.07605538359,3650.665094922429,264.390458654756,132.19522932737783,-279.8124521874928,0.0003110432452282627,0.0003110107248878626,1.7390046684134715e-05,2.0996339159525137,0.07396516201197087,0.06748838444942272
2015-08-19,2050,shrink,select,hybrid,5,20,log_euclidean,0.01,0.01027000639220389,7114.102125444721,3101.1185369341365,296.5328982924043,148.266449146202,-267.18748849629657,0.00030929147875079986,0.00030925895841039973,9.451917625333913e-06,2.5833014778209074,0.1522888166534283,0.13759990401516664
2015-08-19,2050,persistence,select,hybrid,5,20,log_euclidean,0.01,0.0016421241495343903,3325.6710549343643,3391.70020571027,5428.169933565215,2714.0849667826074,2187.5580271699937,0.0003897944092511558,0.0003897618889107557,1.9379268640508625e-07,1.880074555044513,0.06676716398999388,0.054421927192719766
2015-08-26,2055,similarity,select,hybrid,5,20,log_euclidean,0.01,0.00040629167986771625,2012.1966327747086,1444.321356763703,27219.728130995023,13609.864065497506,12725.4709786357,0.00015656088955081802,0.00015654705881172482,6.005995681290927e-08,2.634835442775391,0.1047155373146671,0.11628018895984177
2015-08-26,2055,rolling,select,hybrid,5,20,log_euclidean,0.01,0.008932168395156096,4441.550558233494,727.1567703935107,435.74916977344776,217.8745848867249,-218.08500033335173,0.00012068719793971047,0.00012067336720061727,9.192611372279509e-06,5.247472454946775,0.16788261358908527,0.432585981422446
2015-08-26,2055,ewma,select,hybrid,5,20,log_euclidean,0.01,0.001915776830810074,4244.560273873644,411.27156102120324,663.0961585429658,331.54807927147965,-110.44975967818577,0.00015164194934762638,0.00015162811860853318,4.9391445858128655e-06,5.01798939780378,0.17018450878311353,0.4054334145110875
2015-08-26,2055,ledoit_wolf,select,hybrid,5,20,log_euclidean,0.01,0.0007027615588399795,11568.294715026663,4003.3975351456606,414.85583318980514,207.42791659490263,-221.63662211073787,0.00020919397006629524,0.00020918013932720204,2.3603545739115944e-05,1.0,0.012920427568559665,0.010305454789978257
2015-08-26,2055,oas,select,hybrid,5,20,log_euclidean,0.01,0.007332640055508589,8118.347582034021,1518.8855651743625,275.67174535795243,137.8358726789763,-292.08978622869876,0.00012213336345218945,0.00012211953271309625,3.438497058266323e-05,2.9397957633411873,0.09624063822970592,0.1376954960079494
2015-08-26,2055,shrink,select,hybrid,5,20,log_euclidean,0.01,0.008956531341212782,7433.457472300926,1289.9711940280436,268.0222647209231,134.01113236046172,-296.96655667755664,0.00011928139331754121,0.00011926756257844801,2.2509023717487888e-05,3.121009119636081,0.249767665709396,0.2181384072120296
2015-08-26,2055,persistence,select,hybrid,5,20,log_euclidean,0.01,0.00021957413030606747,3203.502552942167,402.39104660546656,2048.2817958329583,1024.1408979164858,558.268211051551,0.0001649692630031145,0.0001649554322640213,1.446802181594496e-06,4.114339783990779,0.11521650677362417,0.2670494820460414
2015-09-02,2060,similarity,select,hybrid,5,20,log_euclidean,0.01,0.0001560050726814621,2279.087666790604,2339.0320604760386,10721.062031148469,5360.531015574226,4839.082070865303,0.00012602182158131815,0.00012601003765059208,1.7388649132352612e-07,2.4066591625009153,0.10694078620697826,0.09915008576586737
2015-09-02,2060,rolling,select,hybrid,5,20,log_euclidean,0.01,0.006351365556075604,4474.96927569594,375.25563611554117,683.6269182597987,341.8134591299006,-92.47789274998088,0.00017420482757138627,0.0001741930436406602,7.30873442098996e-06,5.39817297688731,0.21478278898148326,0.4956267014826479
2015-09-02,2060,ewma,select,hybrid,5,20,log_euclidean,0.01,0.001408136188986739,4277.558399934354,394.95716084651474,953.7881189915338,476.8940594957673,39.67270187036654,0.00016797106980558064,0.00016795928587485457,4.577453632973177e-06,5.029789447111451,0.18786728911900905,0.4171949607170485
2015-09-02,2060,ledoit_wolf,select,hybrid,5,20,log_euclidean,0.01,0.000517189255007889,10877.76347611777,3087.10775524307,379.37684479324594,189.68842239662288,-236.3811579550088,0.0001667170764759912,0.00016670529254526515,3.021157495473596e-05,1.003830139386195,0.019090386150663934,0.011913291194254405
2015-09-02,2060,oas,select,hybrid,5,20,log_euclidean,0.01,0.005372427346958725,7515.272006115739,537.3667910196477,296.7266799284648,148.36333996423247,-279.0257337319215,0.00012982645298656223,0.00012981466905583617,2.7736592078868467e-05,3.933178903592432,0.13847464824265024,0.23904194951731156
2015-09-02,2060,shrink,select,hybrid,5,20,log_euclidean,0.01,0.006338034022516872,7641.2527984809485,668.7952481565576,283.57338933731864,141.78669466865904,-285.5947571130606,0.00011616473049956559,0.00011615294656883951,2.8141988512007317e-05,3.3825431703715787,0.275833838233522,0.24226139118329132
2015-09-02,2060,persistence,select,hybrid,5,20,log_euclidean,0.01,0.0005471931979802785,3244.4556388202495,590.3597311429826,2284.6588321906956,1142.3294160953494,693.1904445763004,0.00016325983696181308,0.00016324805303108702,1.6984505148285483e-06,4.232185724529271,0.16276175964041728,0.2783177938584846
2015-09-10,2065,similarity,select,hybrid,5,20,log_euclidean,0.01,0.000263059323450649,2354.0283443441867,2701.825208444311,15347.284988557172,7673.642494278582,7114.209309720221,0.00012948566030121576,0.00012947346768617786,1.8341908234169573e-07,2.3975940092066774,0.10812303959319716,0.10093527869068568
2015-09-10,2065,rolling,select,hybrid,5,20,log_euclidean,0.01,0.006438524487118231,4521.3056522904935,509.0872991154822,918.7579039253956,459.3789519626999,31.37517851647824,0.00021615379436833802,0.00021614160175330012,9.580914908926492e-06,6.222710381381342,0.23086515257538345,0.5951985642795743
2015-09-10,2065,ewma,select,hybrid,5,20,log_euclidean,0.01,0.0009160334472091052,4320.005833172332,697.7452068607936,1475.593842527462,737.7969212637313,301.890585838221,0.000229285257242827,0.0002292730646277891,5.266036327321007e-06,6.1063989973151305,0.20036861672231276,0.5800073552753551
2015-09-10,2065,ledoit_wolf,select,hybrid,5,20,log_euclidean,0.01,0.0006294171447453526,10890.511755930067,2597.766682067539,364.9588356704679,182.47941783523407,-232.07990120822737,0.00016792122664209227,0.00016790903402705436,3.368207669003217e-05,1.0040448419448527,0.020327414082149633,0.012299556740278971
2015-09-10,2065,oas,select,hybrid,5,20,log_euclidean,0.01,0.005447180015932871,7566.906006711442,495.7808823350474,326.7406940744253,163.3703470372131,-253.29750223565094,0.00017185612152406118,0.00017184392890902327,3.312019152005034e-05,4.109816572662257,0.13341754140956835,0.25410786326379287
2015-09-10,2065,shrink,select,hybrid,5,20,log_euclidean,0.01,0.006426072652283422,7717.699635945062,574.17910135689,299.4356091891433,149.71780459457193,-266.4373592390264,0.0001436726115471896,0.00014366041893215168,3.3985216473464765e-05,3.532428300085914,0.23859496038446554,0.23089685346474406
2015-09-10,2065,persistence,select,hybrid,5,20,log_euclidean,0.01,0.0007602234693847743,3269.414926942704,984.1745278279568,3225.229094809064,1612.6145474045288,1174.7786236328013,0.00023566525578728813,0.00023565306317225023,2.385382136927729e-06,5.012050086890921,0.15843414877110273,0.3906185978862842
2015-09-17,2070,similarity,select,hybrid,5,20,log_euclidean,0.01,0.00025949339431922047,2331.6402468362985,3052.0148290743996,16256.516403869682,8128.258201934852,7509.88926119686,0.0001303258009467361,0.00013031666603306564,1.795332583110556e-07,2.4129442721455767,0.10444287492103307,0.09751951237888228
2015-09-17,2070,rolling,select,hybrid,5,20,log_euclidean,0.01,0.006429705588108922,4633.258566584242,546.3505979148142,999.2514829289387,499.62574146446826,75.61440207757066,0.0002202686958001324,0.00022025956088646194,8.846609631380059e-06,6.167723907914933,0.18068392572427966,0.5628137541712441
2015-09-17,2070,ewma,select,hybrid,5,20,log_euclidean,0.01,0.0005342279334374695,4400.622609664684,686.4339339272174,1853.7412835684004,926.8706417841985,496.6094586555317,0.00025222181806711,0.0002522126831534395,4.2368560361834904e-06,6.2414991589085975,0.1807282954468141,0.5808337587177075
2015-09-17,2070,ledoit_wolf,select,hybrid,5,20,log_euclidean,0.01,0.0005989110930696375,10889.714654156303,2415.3624933771107,361.86396048716347,180.9319802435811,-231.1569603207197,0.00015930570281629054,0.00015929656790262007,3.516212807387407e-05,1.0072006184495426,0.021452312805372617,0.012612188630006247
2015-09-17,2070,oas,select,hybrid,5,20,log_euclidean,0.01,0.005432513498199658,7593.327167700138,476.53970563778785,341.39743761951036,170.69871880975506,-243.2437467908187,0.00017423461173560336,0.0001742254768219329,3.193581891486121e-05,4.133110124412102,0.12087940715980591,0.25507527312865097
2015-09-17,2070,shrink,select,hybrid,5,20,log_euclidean,0.01,0.00639662997458661,7755.043826685098,532.4699400062648,312.97208704925663,156.48604352462746,-256.95138100782464,0.00013690104563486864,0.00013689191072119818,3.302988806135893e-05,3.4698888078464907,0.2204999538956127,0.22590231923437168
2015-09-17,2070,persistence,select,hybrid,5,20,log_euclidean,0.01,0.0008793209239872091,3245.8076488570428,1135.3982899440025,3167.2301860215885,1583.6150930107913,1154.7356095981725,0.00021311249882040388,0.0002131033639067334,2.36279422303655e-06,4.906596488848777,0.15386351766801026,0.36881362454470223
2015-09-24,2075,similarity,select,hybrid,5,20,log_euclidean,0.01,0.0002381222492711993,2315.589206292355,3625.875486006388,17197.60307246736,8598.801536233674,7951.64956459436,0.00011879081307122433,0.00011878484823815832,1.7759418866567005e-07,2.396231074182475,0.10523850175617773,0.0973356985487912
2015-09-24,2075,rolling,select,hybrid,5,20,log_euclidean,0.01,0.006415654850803777,4695.115502201125,613.7964534832684,1047.9158430655648,523.9579215327824,102.61559450039076,0.00023695795892895736,0.00023695199409589135,8.553220915546016e-06,6.341697488926206,0.20253273275002925,0.5919204273630272
2015-09-24,2075,ewma,select,hybrid,5,20,log_euclidean,0.01,0.000372040920711108,4439.742697555466,747.4668881449275,2090.5060901098504,1045.2530450549236,615.6375242045282,0.00024806458788711067,0.00024805862305404467,4.2171227939377364e-06,6.713446409101704,0.21769438583691422,0.6787187706321688
2015-09-24,2075,ledoit_wolf,select,hybrid,5,20,log_euclidean,0.01,0.0004953383629162017,10905.982932195482,1970.081866672006,364.5192737643095,182.25963688215512,-230.61817681255584,0.00013373938465838312,0.00013373341982531712,3.52375356690249e-05,1.0041545860740027,0.02047749440321987,0.012284741137367978
2015-09-24,2075,oas,select,hybrid,5,20,log_euclidean,0.01,0.00540438469822488,7648.546957396238,448.7041887367769,350.72966221185334,175.36483110592673,-239.15723878725962,0.00017302479235796917,0.00017301882752490316,3.3974112239358036e-05,4.395088182767927,0.13252744355620727,0.2780288033520111
2015-09-24,2075,shrink,select,hybrid,5,20,log_euclidean,0.01,0.006348360091732997,7814.451450905866,461.7697071385984,319.4367859330283,159.71839296651416,-254.26034601671762,0.0001550737811216161,0.0001550678162885501,3.5669337918099725e-05,3.6103685301171766,0.16248796755784747,0.22838953362665793
2015-09-24,2075,persistence,select,hybrid,5,20,log_euclidean,0.01,0.00022567639901043706,3183.236420254714,926.365720347251,5099.446790774094,2549.723395387055,2090.5752523831547,0.00021303942469963903,0.00021303345986657302,1.2365435995869051e-06,4.458677912924945,0.13424597157088702,0.30093465250803325
2015-10-01,2080,similarity,select,hybrid,5,20,log_euclidean,0.01,0.00032098319969526244,2447.582355535521,5617.896233145069,23516.441142252483,11758.220571126247,11138.20037276801,9.07106561799724e-05,9.070649205323158e-05,1.7617527373156106e-07,2.440970137935458,0.11327892543866523,0.10563605645196324
2015-10-01,2080,rolling,select,hybrid,5,20,log_euclidean,0.01,0.00046716812515605654,4698.824043320121,1489.4689683704623,3092.571128561505,1546.2855642807554,1091.694000740407,0.0004128316812674115,0.0004128275171406707,3.4384502403977905e-06,6.710848793980014,0.21530620451520022,0.6646194087528341
2015-10-01,2080,ewma,select,hybrid,5,20,log_euclidean,0.01,0.0005841044825019365,4466.667735551002,1739.6963118424057,2997.9628943266293,1498.9814471633213,1046.446165850084,0.0003938366020454643,0.0003938324379187235,3.5119596585503817e-06,6.606820903687043,0.21393519491024346,0.6429935495088416
2015-10-01,2080,ledoit_wolf,select,hybrid,5,20,log_euclidean,0.01,0.0003776609523455102,7243.628344403425,1045.922596465477,468.70662215367247,234.35331107683652,-179.95044409654776,0.00025552377868967075,0.00025551961456292996,2.584252954623286e-05,4.937383490658149,0.15351603998044788,0.33839601075376174
2015-10-01,2080,oas,select,hybrid,5,20,log_euclidean,0.01,0.00038786701993933086,7109.8756119733225,1098.93646143051,509.87689310743417,254.9384465537176,-160.05156414105517,0.00027085270401908655,0.00027084853989234575,2.3108679251149186e-05,5.1255916258079735,0.1610868501356038,0.3662562000985841
2015-10-01,2080,shrink,select,hybrid,5,20,log_euclidean,0.01,0.0002930913025396085,7857.6051853214685,744.1489204101692,343.22152878766076,171.6107643938305,-240.6465529464145,0.00016599416674977323,0.00016599000262303244,3.793536793242486e-05,3.776059987381432,0.13275160829637198,0.22534564423601086
2015-10-01,2080,persistence,select,hybrid,5,20,log_euclidean,0.01,0.0003980631674875685,3369.0869038599126,1610.0265661616634,6663.241224727129,3331.6206123635575,2826.945604984039,0.00018696311121478207,0.00018695894708804127,1.0218328789678594e-06,3.7844024969344403,0.15676862993215337,0.2432946061218086
2015-10-08,2085,similarity,select,hybrid,5,20,log_euclidean,0.01,0.0008208262647560115,2527.799885867881,6691.658976976113,36060.52914753857,18030.26457376928,17498.154584310123,6.0929177408107694e-05,6.092591834998782e-05,1.539811934188947e-07,2.460107305739484,0.11000814211926993,0.10212365697627103
2015-10-08,2085,rolling,select,hybrid,5,20,log_euclidean,0.01,0.0011486200943068756,4733.8150317229865,2215.517658850844,4615.568101382263,2307.784050691133,1849.7266854552024,0.00047493742543589515,0.00047493416637777526,4.721532518440912e-06,7.400746973026142,0.2629087596621031,0.8536149871683538
2015-10-08,2085,ewma,select,hybrid,5,20,log_euclidean,0.01,0.001199948219511807,4532.058021178342,2128.018400869761,4306.842209151078,2153.4211045755455,1701.813154004641,0.00041459854603304345,0.00041459528697492356,4.881825866140181e-06,6.978628427306968,0.26069442507886587,0.7736101266283752
2015-10-08,2085,ledoit_wolf,select,hybrid,5,20,log_euclidean,0.01,0.0010200722353580515,7288.727448528789,1609.109972699213,657.2441520110709,328.62207600553563,-77.96260663283562,0.0002062344183717371,0.00020623115931361723,3.272716677020793e-05,5.132217897262234,0.18520912200002015,0.40671024325963046
2015-10-08,2085,oas,select,hybrid,5,20,log_euclidean,0.01,0.0010306499587998312,7195.8745175533695,1662.4114600007629,704.638957083302,352.31947854165077,-54.8837167671321,0.00021934843578380787,0.000219345176725688,3.0420529240222634e-05,5.289054268100192,0.19221292387598704,0.4332617301355913
2015-10-08,2085,shrink,select,hybrid,5,20,log_euclidean,0.01,0.000879223245901662,7929.716943599995,1138.1550235586406,417.3927092775451,208.69635463877222,-195.36451971899842,0.00013907984056764052,0.00013907658150952065,4.5066927035642185e-05,3.824416033749299,0.16372770092287564,0.2572747215418606
2015-10-08,2085,persistence,select,hybrid,5,20,log_euclidean,0.01,0.0010900613397761515,3463.2227972319843,1948.7189301694614,7852.793879596408,3926.396939798187,3493.4380088998755,0.00010912247349882515,0.00010911921444070529,1.0294857855291377e-06,3.477105358488655,0.12700379070905624,0.19628999871705838
2015-10-15,2090,similarity,select,hybrid,5,20,log_euclidean,0.01,0.0008393068674986923,2525.4955602759355,6402.9973691951855,35052.65772207676,17526.328861038397,16953.247408060513,7.476933458858113e-05,7.476588685649247e-05,1.6809260762546408e-07,2.42589175002806,0.11103281290453325,0.10464207022347996
2015-10-15,2090,rolling,select,hybrid,5,20,log_euclidean,0.01,0.0011328457261601062,4694.724564529379,2118.076952945545,4705.745835567221,2352.872917783608,1904.9211354383092,0.00044160648227900296,0.0004416030345469143,5.449511407414165e-06,7.743903003519133,0.2813266623730226,0.9793104561468479
2015-10-15,2090,ewma,select,hybrid,5,20,log_euclidean,0.01,0.000972447620216441,4518.6370053207975,1666.8146346454755,4901.937009148816,2450.968504574411,2003.5217769314088,0.0004236288487140945,0.00042362540098200586,4.875433874357252e-06,7.131885138608916,0.2782046907018931,0.8551713615243177
2015-10-15,2090,ledoit_wolf,select,hybrid,5,20,log_euclidean,0.01,0.001012596210702606,7236.81178894816,1544.652485238346,683.9155483975574,341.9577741987782,-62.08787717478666,0.00022125549736895896,0.0002212520496368703,3.47278078398989e-05,5.149678133756461,0.1806285737658321,0.43312284117992833
2015-10-15,2090,oas,select,hybrid,5,20,log_euclidean,0.01,0.0010229370821201859,7139.4820178207065,1597.806009711159,736.6371183409517,368.3185591704752,-36.325829357464656,0.00023394300460364198,0.00023393955687155333,3.2257314996637606e-05,5.329839631702251,0.18804719254142288,0.4642646062822105
2015-10-15,2090,shrink,select,hybrid,5,20,log_euclidean,0.01,0.0008769393693258908,7921.419212285199,1076.0023763158115,418.9145507595763,209.45727537978792,-192.24130948140464,0.0001733172386619852,0.00017331379092989655,4.772543561250578e-05,3.7779836943815024,0.16944422031980053,0.2726682352044632
2015-10-15,2090,persistence,select,hybrid,5,20,log_euclidean,0.01,0.0010590241055194551,3747.4537369704185,1731.9555451234364,8681.835877632404,4340.91793881621,3879.6242007645487,0.00012158867601368069,0.00012158522828159203,9.74749508304608e-07,3.3573477982369577,0.11077012428194619,0.17809986845471634
2015-10-22,2095,similarity,select,hybrid,5,20,log_euclidean,0.01,0.0008145112394203847,2323.8558686321376,6280.800806301228,39571.4823917607,19785.741195880368,19212.10186532352,7.438653923259665e-05,7.438257233715497e-05,2.0191122208925313e-07,2.811623860450901,0.12863444945834554,0.13503516524778442
2015-10-22,2095,rolling,select,hybrid,5,20,log_euclidean,0.01,0.001064436411800851,4767.934124000743,1795.2950576780554,5033.957764815952,2516.978882407976,2067.6626285496695,0.0003284364455213273,0.0003284324786258856,5.3219935242876285e-06,7.510165288582637,0.27688812652964645,0.9612587647037218
2015-10-22,2095,ewma,select,hybrid,5,20,log_euclidean,0.01,0.0008484285508444516,4580.992061089305,1210.7772876986803,5807.718626085939,2903.859313042971,2450.3522914839896,0.0003349113051166086,0.0003349073382211669,4.235686808197088e-06,6.926075543941087,0.25969968187763975,0.8196115327547634
2015-10-22,2095,ledoit_wolf,select,hybrid,5,20,log_euclidean,0.01,0.0009570633378601386,7277.004097858232,1269.8408968846393,699.5043378003118,349.75216890015577,-51.5175553935925,0.0001717863117739719,0.00017178234487853024,3.484218755587591e-05,4.945753620258398,0.1880926755030954,0.4166438961967641
2015-10-22,2095,oas,select,hybrid,5,20,log_euclidean,0.01,0.0009681401150273751,7158.311249350437,1327.4265009598785,767.7094632610836,383.85473163054235,-18.223304426003928,0.00018320953400358648,0.00018320556710814482,3.1859400962963205e-05,5.157608683810757,0.19744610208010774,0.454071849540704
2015-10-22,2095,shrink,select,hybrid,5,20,log_euclidean,0.01,0.000846704878942584,7929.0367607871585,893.9248035072898,430.03564828137803,215.01782414068927,-183.28263234453544,0.00015010566357301667,0.000150101696677575,4.7580961301374455e-05,3.7392625295304245,0.16560561716829517,0.26395566308972024
2015-10-22,2095,persistence,select,hybrid,5,20,log_euclidean,0.01,0.0009523784456835548,3708.5420460230243,1257.5460547397356,9246.027239208139,4623.013619604057,4205.0093943392485,0.00012650001837850758,0.00012649605148306591,7.186628491638727e-07,2.9464424098528585,0.08955302638805958,0.13650058290868478
2015-10-29,2100,similarity,select,hybrid,5,20,log_euclidean,0.01,1990.8481436928234,2829.5101315343327,6784.304463551425,35165985.62998689,17582992.814993445,17404388.751960233,0.02572038323917334,0.025672888898816533,1.2470645979401282e-07,2.6609566919114394,0.11448839843225297,0.11550401251061967
2015-10-29,2100,rolling,select,hybrid,5,20,log_euclidean,0.01,1990.6653377222551,5019.744384706168,2247.8023662116734,2732883.121817453,1366441.5609087264,1345762.3123182321,0.3638191696238956,0.3637716752835388,5.113172885314536e-06,7.429908428295932,0.22678339338546774,0.8668310610936084
2015-10-29,2100,ewma,select,hybrid,5,20,log_euclidean,0.01,1990.7560633072426,4848.856730909175,1525.3375777930955,3426448.817409122,1713224.408704561,1689491.0988091037,0.21169668140414497,0.21164918706378816,4.223171384067765e-06,6.879884305111018,0.21815856056433003,0.7540329579826114
2015-10-29,2100,ledoit_wolf,select,hybrid,5,20,log_euclidean,0.01,1990.6975885685301,7559.526323005515,1709.7852954681725,358350.09991162515,179175.0499558126,176790.83071277424,0.15472049854234743,0.15467300420199062,3.5773497023261745e-05,5.008646821194288,0.15597906439544185,0.3996213508299735
2015-10-29,2100,oas,select,hybrid,5,20,log_euclidean,0.01,1990.695166578204,7479.186099801618,1750.1798187937216,386276.1590104642,193138.0795052321,190556.49227003026,0.16582736479982996,0.16577987045947315,3.364004222171152e-05,5.150538023453101,0.15836569492492378,0.42292043760560716
2015-10-29,2100,shrink,select,hybrid,5,20,log_euclidean,0.01,1990.737795865479,8218.677821960913,1319.3555360672615,215137.40083023586,107568.70041511793,106128.27769828257,0.16341841552607406,0.16337092118571725,4.734383577988147e-05,3.569980719078361,0.2747227149002855,0.2831052887421767
2015-10-29,2100,persistence,select,hybrid,5,20,log_euclidean,0.01,1990.7940309393339,4049.783393168466,1433.0617166784236,6114671.496199384,3057335.748099692,3025066.027180808,0.027136367102233282,0.027088872761876475,4.819664609770441e-07,2.36490816488867,0.08792080291321107,0.08865491999868598
2015-11-05,2105,similarity,select,hybrid,5,20,log_euclidean,0.01,8824.585179139844,2615.7624691087244,5927.746463178896,144550260.90840834,72275130.45420417,67984610.85970925,0.004648435828379396,0.004543878441251574,5.262858095316139e-08,2.4856074007221953,0.09863094875434375,0.09652228543319796
2015-11-05,2105,rolling,select,hybrid,5,20,log_euclidean,0.01,8824.218149220138,4939.2148875690455,1616.7231659039721,5856187.112861988,2928093.556430994,2742091.4230430243,0.006625497147184746,0.006520939760056924,4.528846066438156e-06,6.589909447557633,0.28101068347689856,0.7203210849333556
2015-11-05,2105,ewma,select,hybrid,5,20,log_euclidean,0.01,8824.371995116937,4783.830804825277,1415.822202283519,5653820.172056437,2826910.0860282183,2650795.3684238214,0.011179182993054832,0.011074625605927011,4.88849343513779e-06,5.8042508847804655,0.24342264257570878,0.5679645715579404
2015-11-05,2105,ledoit_wolf,select,hybrid,5,20,log_euclidean,0.01,8824.340472707896,8618.571973465168,1143.8321257019302,328142.26729426184,164071.13364713092,153977.9307873859,0.0017832722436950232,0.0016787148565672015,4.934469558948199e-05,2.7954803222203397,0.09664773705473283,0.12565669395413046
2015-11-05,2105,oas,select,hybrid,5,20,log_euclidean,0.01,8824.285354056236,7951.9244651946765,1230.0340254710084,548126.8692076819,274063.4346038409,257087.25653433116,0.0023126251626621828,0.0022080677755343613,3.829609546452834e-05,3.8736354572281635,0.14553531426348448,0.24511080811485428
2015-11-05,2105,shrink,select,hybrid,5,20,log_euclidean,0.01,8824.334406355534,8017.456509847021,1187.4150281610098,533402.969417671,266701.4847088355,250064.86924103665,0.19906284506151378,0.19895828767438595,3.576287621371037e-05,3.4300016725553024,0.198117443031624,0.24913575697949134
2015-11-05,2105,persistence,select,hybrid,5,20,log_euclidean,0.01,8824.445269515996,3835.483570798353,1671.4595355060258,9452843.067135256,4726421.533567628,4437554.591155946,0.0312463749671232,0.03114181757999538,3.276427600661039e-07,1.7011123855103614,0.06591628910435472,0.04893091182558474
2015-11-12,2110,similarity,select,hybrid,5,20,log_euclidean,0.01,8824.723305365213,2443.224362850073,5588.083678373166,272828034.26251817,136414017.13125908,128356231.19433849,0.019922242061150147,0.01980569103783211,1.402261738183043e-07,5.444154643138541,0.2229856232809323,0.45630813613560595
2015-11-12,2110,rolling,select,hybrid,5,20,log_euclidean,0.01,8824.370508222015,4962.918503959843,1348.6630107097822,6215440.2447682535,3107720.1223841268,2910665.0708164508,0.0016417714031105486,0.0015252203797925122,4.040031950162756e-06,6.370328408524427,0.22295555948034232,0.6638265100957302
2015-11-12,2110,ewma,select,hybrid,5,20,log_euclidean,0.01,8824.482926871777,4810.480606204437,1424.8395578618536,5875511.208647135,2937755.6043235674,2753541.498766017,0.0030348951689137763,0.00291834414559574,3.926841847632374e-06,5.23036866496242,0.2132373272661238,0.45164548147822764
2015-11-12,2110,ledoit_wolf,select,hybrid,5,20,log_euclidean,0.01,8824.510485679235,8948.836060303309,1353.9547273276498,251762.0262437147,125881.01312185734,118102.22465784196,0.0023588732325651486,0.0022423222092471124,3.663660501545441e-05,1.8440214539155366,0.06385491956864991,0.0557302168940578
2015-11-12,2110,oas,select,hybrid,5,20,log_euclidean,0.01,8824.441111689932,8192.09299714314,1217.9131255760958,439902.2857440822,219951.1428720411,206265.44146270974,0.007516006323017839,0.007399455299699802,3.294963885457498e-05,2.884251089054925,0.10599304784175696,0.13638471600298893
2015-11-12,2110,shrink,select,hybrid,5,20,log_euclidean,0.01,8824.465328754519,7897.237423177169,1198.352034394809,550398.3001946086,275199.1500973043,257632.22078492417,0.028162196423086795,0.028045645399768757,2.6953610069202422e-05,2.9632212473524673,0.2057855195562293,0.20751911970311895
2015-11-12,2110,persistence,select,hybrid,5,20,log_euclidean,0.01,8824.527454110023,3767.881632423173,1712.2202614258124,9376464.52259715,4688232.261298575,4403682.211813669,0.1041216119502999,0.10400506092698186,3.828407017458309e-07,1.8678648897140058,0.06106730179775177,0.05436680302098049
2015-11-19,2115,similarity,select,hybrid,5,20,log_euclidean,0.01,8824.786894294366,2401.2082369662867,5541.742550338167,275570643.28340644,137785321.64170322,129562666.35012567,0.18463393874690467,0.18451194096445986,9.452011293272176e-08,4.2974509451807155,0.20237077679873686,0.3177957010755701
2015-11-19,2115,rolling,select,hybrid,5,20,log_euclidean,0.01,8824.471613228969,5037.551375313927,1326.1750987024357,6713921.816102534,3356960.908051267,3148530.9550827597,0.3110894485446905,0.3109674507622457,2.8805957858098205e-06,5.431448818191222,0.22989191309738125,0.47796425190627756
2015-11-19,2115,ewma,select,hybrid,5,20,log_euclidean,0.01,8824.55774015914,4860.995990520719,1377.978521649167,6395578.488045299,3197789.2440226497,2999392.9391613486,0.24725167487894767,0.24712967709650285,3.203610523343422e-06,4.987232516608002,0.20072835962430774,0.43139830625131254
2015-11-19,2115,ledoit_wolf,select,hybrid,5,20,log_euclidean,0.01,8824.596251610737,9058.845899028149,1456.8794110220194,235661.96212388415,117830.98106194208,110553.15127082584,0.04214404434400286,0.042022046561558044,3.3001411444474267e-05,1.712115117272821,0.06928833194234035,0.049926583586756355
2015-11-19,2115,oas,select,hybrid,5,20,log_euclidean,0.01,8824.535543065405,8323.375821106132,1282.3188439546298,407879.98871947255,203939.99435973627,191290.1947383864,0.07656000139001345,0.07643800360756864,2.9163787237055856e-05,2.5951490390892338,0.11312920639155223,0.11997701737104761
2015-11-19,2115,shrink,select,hybrid,5,20,log_euclidean,0.01,8824.551472811687,7939.5826811643965,1239.8980625146066,574518.7711568399,287259.38557841995,269070.13473493734,0.26516181044351905,0.26503981266107424,2.0711168149956604e-05,2.8490503734717043,0.19330886824345173,0.20415439620892498
2015-11-19,2115,persistence,select,hybrid,5,20,log_euclidean,0.01,8824.656289037437,3841.1916092012643,1587.0630108872338,9894590.260723723,4947295.130361862,4652459.158834086,0.4655398736690798,0.46541787588663497,4.749660842901857e-07,1.8671087720650354,0.08164945453562798,0.06385288424517448
2015-11-27,2120,similarity,select,hybrid,5,20,log_euclidean,0.01,5187.337027138174,2756.5674251173077,5757.02235609539,175998656.26891935,87999328.13445967,84864554.55789426,0.7172200960648835,0.7170863385030681,1.5932744221504806e-07,4.34295528949823,0.1958578672032092,0.32501724970477325
2015-11-27,2120,rolling,select,hybrid,5,20,log_euclidean,0.01,5187.126144468831,5530.650695272727,1266.689782254249,7277330.9072562875,3638665.4536281438,3505264.953584154,0.1431846372478093,0.14305087968599395,2.8577642488273656e-06,5.398851050463604,0.18694697138189997,0.461363953230507
2015-11-27,2120,ewma,select,hybrid,5,20,log_euclidean,0.01,5187.227895642213,5352.493210579469,1290.380608129624,7818712.32313402,3909356.16156701,3765109.2229102915,0.16186825042916728,0.16173449286735192,2.6100409403692584e-06,5.175045706484649,0.1741226686742371,0.41270064846703575
2015-11-27,2120,ledoit_wolf,select,hybrid,5,20,log_euclidean,0.01,5187.20753924973,9287.101344350935,1422.7032874208621,234796.6290840398,117398.3145420199,112969.21090165278,0.059930322812923056,0.059796565251107714,3.111095427826743e-05,1.6820680915449395,0.0635470478733971,0.04592824243917526
2015-11-27,2120,oas,select,hybrid,5,20,log_euclidean,0.01,5187.168572529087,8591.19550888902,1248.3731656152786,404546.7974274699,202273.39871373493,194675.10738356196,0.07373865012645038,0.07360489256463504,2.780949910283156e-05,2.544715243246083,0.10031432258757018,0.1086637192232957
2015-11-27,2120,shrink,select,hybrid,5,20,log_euclidean,0.01,5187.178510575548,8190.851381878928,1196.7083431736016,610372.6070992096,305186.3035496048,293061.7074301586,0.06866290364638017,0.06852914608456483,2.034806198967718e-05,2.8023235262380592,0.17737021937092018,0.18363739658413347
2015-11-27,2120,persistence,select,hybrid,5,20,log_euclidean,0.01,2518.0119045573165,3868.332721328033,1076.0099548310072,9519.09156123258,4759.545780616291,4339.988603735837,0.022296983173176715,0.02216322561136137,7.363526879005397e-05,1.0432065996346196,0.018743871870414673,0.012734523709853195
2015-12-04,2125,similarity,select,hybrid,5,20,log_euclidean,0.01,2518.854756158356,2865.4015548671487,4278.102401543902,51267627.16644913,25633813.583224565,24127721.168026336,0.06326140092198168,0.06317515888220984,7.596749452986705e-08,2.4474656309275398,0.09271694918312404,0.0912261942002808
2015-12-04,2125,rolling,select,hybrid,5,20,log_euclidean,0.01,3289.0464009256584,5452.245925435467,1608.2679661312384,11613.64475706928,5806.822378534624,5336.472642574784,0.016772011190469022,0.016685769150697187,9.297456873025124e-05,1.0807396265130653,0.01952993023368055,0.01431703154965749
2015-12-04,2125,ewma,select,hybrid,5,20,log_euclidean,0.01,9305.933811693922,5271.71624727351,1949.0035390753476,4718.400431367122,2359.2002156831586,2098.769312052567,0.008463071054767922,0.008376829014996087,0.00010797635145288421,1.004478787333869,0.013689687124279155,0.011249501918941843
2015-12-04,2125,ledoit_wolf,select,hybrid,5,20,log_euclidean,0.01,2567.991755714707,23151.257943503184,2184.274797269176,496.20396122969703,248.10198061484778,123.46829505680105,0.007887801196621209,0.007801559156849373,0.001996738647290047,1.0033995032563088,0.012138100594314371,0.011207073992276762
2015-12-04,2125,oas,select,hybrid,5,20,log_euclidean,0.01,3169.7405205921464,16705.73313992677,2181.571615936271,2966.3399592837623,1483.1699796419402,1276.8448938697743,0.010729281388666103,0.010643039348894268,0.0002501212495722909,1.0189370767321881,0.01460203546459371,0.011642312900312065
2015-12-04,2125,shrink,select,hybrid,5,20,log_euclidean,0.01,2784.9112438859606,10356.67957252781,1520.3866525989051,6391.3768707380705,3195.6884353690343,2863.3623608478347,0.012686752551005771,0.012600510511233936,7.38545789112592e-05,1.0171138807134235,0.016723584561394403,0.012583623428115328
2015-12-04,2125,persistence,select,hybrid,5,20,log_euclidean,0.01,9907.901478093552,3945.5949130054328,1903.9978293851098,4542.001789602404,2271.000894800995,2016.001590809376,0.011885901477744702,0.011799659437972867,0.00012913611075675866,1.0143640109063616,0.01322396414013352,0.011371298907800297
2015-12-11,2130,similarity,select,hybrid,5,20,log_euclidean,0.01,2518.897171775929,2524.3481637832656,4918.681844493808,77014916.8561967,38507458.42809835,36250554.60571837,0.009599022035949277,0.009511555593708256,6.865258419769942e-08,2.4984125984339607,0.12007393908158187,0.10819254882788738
2015-12-11,2130,rolling,select,hybrid,5,20,log_euclidean,0.01,3289.0635741902765,5523.308485107166,1730.4710518176923,11644.890804251692,5822.445402125992,5351.980064732121,0.021173579347095843,0.02108611290485482,8.013669659262716e-05,1.052184061054203,0.017869490528141116,0.012975215856138301
2015-12-11,2130,ewma,select,hybrid,5,20,log_euclidean,0.01,5904.798366046294,5299.056049345511,1861.1817653150165,6411.476356644792,3205.738178322389,2893.86885223427,0.013288106975720207,0.013200640533479186,9.579665083459733e-05,1.0160266986887942,0.013470584245602175,0.011382217908969542
2015-12-11,2130,ledoit_wolf,select,hybrid,5,20,log_euclidean,0.01,2568.017288109546,23126.766914389515,2306.1690847567234,496.01035659599984,248.0051782980021,123.50657008372043,0.007992523973752982,0.007905057531511961,0.00198729326382341,1.0030336896944174,0.01211728149034324,0.011206554904954823
2015-12-11,2130,oas,select,hybrid,5,20,log_euclidean,0.01,3169.764308665536,16700.36819748256,2309.3764997165663,2971.540100985119,1485.7700504925922,1279.5624318914345,0.012484688896452848,0.012397222454211827,0.00023541324409523027,1.0167573146045403,0.013529307808575437,0.011465007082334387
2015-12-11,2130,shrink,select,hybrid,5,20,log_euclidean,0.01,2784.943271349152,10325.74531503271,1659.132347663155,6416.029454170128,3208.0147270850634,2875.7351431206594,0.012902112227778026,0.012814645785537005,6.276437509703423e-05,1.0068237845013115,0.015404636966406248,0.012001585622596896
2015-12-11,2130,persistence,select,hybrid,5,20,log_euclidean,0.01,9907.960292746022,3978.7873189729644,1938.6843458651015,4542.163651695018,2271.0818258480035,2016.4087515532847,0.013855060858043928,0.013767594415802907,0.00013892425525910946,1.018397005324776,0.013522368935957334,0.011404156857576123
2015-12-18,2135,similarity,select,hybrid,5,20,log_euclidean,0.01,2518.894911393315,2575.7386785491753,5032.591603981354,60488668.129973695,30244334.064986847,28468715.328484707,0.013583629937097774,0.013498889164013097,7.840302778846497e-08,2.4232918331013247,0.10934406138390625,0.09939910176416422
2015-12-18,2135,rolling,select,hybrid,5,20,log_euclidean,0.01,3289.0264554735204,5428.386579807857,1687.0068513149386,11651.727967932613,5825.863983966264,5355.710572065697,0.02488748072602925,0.02480273995294457,8.764631926450438e-05,1.0512909382883924,0.01904334947984244,0.013227675534676244
2015-12-18,2135,ewma,select,hybrid,5,20,log_euclidean,0.01,4144.633577152145,5192.321436529703,1646.715792021437,8715.01148858348,4357.505744291591,3975.89157475361,0.025581348884828964,0.025496608111744284,0.00012176919591357703,1.0601042398595264,0.019964490406489666,0.013825272337331265
2015-12-18,2135,ledoit_wolf,select,hybrid,5,20,log_euclidean,0.01,2567.998549061902,23109.697098843462,2339.746437764985,495.7886998509848,247.89434992549005,123.52617388589105,0.008029827228319967,0.00794508645523529,0.0019913984270340116,1.002899472103019,0.012119389444522321,0.011206593299755208
2015-12-18,2135,oas,select,hybrid,5,20,log_euclidean,0.01,3169.734447340981,16689.740887077543,2336.88802652011,2971.833169928039,1485.9165849640267,1279.9083238794833,0.013325216038651801,0.013240475265567124,0.0002427366952656761,1.0199183102613836,0.014359476531622761,0.01150501324904547
2015-12-18,2135,shrink,select,hybrid,5,20,log_euclidean,0.01,2784.9168378524173,10306.703950510288,1622.5264510394672,6404.963224829908,3202.481612414954,2870.9522950691153,0.012641825082230475,0.012557084309145797,6.81868872066496e-05,1.001721903725819,0.01606935758715,0.01197536993556189
2015-12-18,2135,persistence,select,hybrid,5,20,log_euclidean,0.01,9907.914372983443,3929.9759641395626,1915.5140884632503,4537.141131402355,2268.5705657010917,2014.3264286127796,0.010390540210974578,0.0103057994378899,0.00014371504934265392,1.0158198991909382,0.014529672544445956,0.011429303127472507
2015-12-28,2140,similarity,select,hybrid,5,20,log_euclidean,0.01,0.0006330432751613858,2316.698157774812,2797.3752665929637,48745.65287574117,24372.826437870575,23281.282607905214,0.0001577353068532649,0.00015771840245168485,5.96697111615928e-08,2.48314959223709,0.1002212308063438,0.09586126850297495
2015-12-28,2140,rolling,select,hybrid,5,20,log_euclidean,0.01,1523.1923016469718,5416.735608635786,1810.7005006008287,486.15317342900323,243.0765867145601,-163.0289112736578,0.00018138734080222078,0.00018137043640064073,9.968659586013747e-05,1.0584814176370072,0.01767261158182258,0.012819961929367081
2015-12-28,2140,ewma,select,hybrid,5,20,log_euclidean,0.01,2499.7171349191335,5165.773489699546,1729.1341013188262,518.4629552870359,259.231477643535,-146.8848777452537,0.00018209208178756968,0.00018207517738598963,0.0001296742038521846,1.0632440505335068,0.01685587421704129,0.012706421162800357
2015-12-28,2140,ledoit_wolf,select,hybrid,5,20,log_euclidean,0.01,410.7805320606011,23848.930025893424,2791.7985761001064,850.8429660382747,425.42148301913636,19.269789235399553,0.00021612112208290016,0.0002161042176813201,0.0025143423270852843,1.0255705975413922,0.012442971107425219,0.01136153723157732
2015-12-28,2140,oas,select,hybrid,5,20,log_euclidean,0.01,1329.0514441770483,17809.67483813461,2793.9542544777883,629.3798705061877,314.6899352530971,-91.44544063881389,0.00020457416664694262,0.00020455726224536256,0.0003368511887160065,1.0320886546614234,0.013855063273418495,0.01155807433607766
2015-12-28,2140,shrink,select,hybrid,5,20,log_euclidean,0.01,834.2775592961352,11114.478542563153,1871.8209653645993,548.9945434591469,274.49727172957296,-131.59341217704738,0.00020171261494938145,0.0002016957105478014,7.919810659432032e-05,1.0006603907324085,0.015165768064812485,0.01203805322390227
2015-12-28,2140,persistence,select,hybrid,5,20,log_euclidean,0.01,5186.929013598689,3976.589562032143,1782.2035401156193,554.1593349503278,277.0796674751577,-129.04092214076258,0.00019400597754588346,0.0001939890731443034,0.00016356246448235814,1.0494262590416024,0.01543102906358856,0.012000479483207468
2016-01-05,2145,similarity,select,hybrid,5,20,log_euclidean,0.01,0.0010591437665412478,2275.8386988036755,3304.893253853976,43573.39898149575,21786.69949074788,20867.315057641426,0.00019144393316070975,0.00019143259326206402,1.1212958503566267e-07,2.441444306997011,0.11393170266549499,0.10407932905338638
2016-01-05,2145,rolling,select,hybrid,5,20,log_euclidean,0.01,1921.0219072321074,5564.29609069077,1703.4724254043904,474.5016102483072,237.2508051241638,-152.5942201209374,0.00024901830299553057,0.00024900696309688487,0.00011063308704737385,1.0429292475679108,0.016836729849135045,0.012199035609703538
2016-01-05,2145,ewma,select,hybrid,5,20,log_euclidean,0.01,3109.4420627148484,5343.327854306904,1665.9398525607312,496.77126465391416,248.38563232693093,-141.44561505113506,0.00025819391598471395,0.00025818257608606826,0.00012925779021005364,1.0422266680479588,0.015734938110997722,0.011995998451269398
2016-01-05,2145,ledoit_wolf,select,hybrid,5,20,log_euclidean,0.01,617.7499381398455,24054.248491127248,2502.1630661176464,827.6106164836145,413.80530824180727,24.050691767607486,0.0002862055092214155,0.0002861941693227698,0.00275277258266903,1.0268983282818875,0.012496945013181038,0.011377742042366053
2016-01-05,2145,oas,select,hybrid,5,20,log_euclidean,0.01,1659.7071957188796,18502.734402309965,2509.7080287759186,625.7421537466522,312.87107687332843,-76.89983858535106,0.00027405448210661405,0.00027404314220796835,0.00042725418605195413,1.03007378735483,0.013786235259509515,0.011502013646573963
2016-01-05,2145,shrink,select,hybrid,5,20,log_euclidean,0.01,1073.1213511736275,11351.33394201295,1696.4299744310565,537.7383858242185,268.8691929121088,-120.97769117184396,0.00027348351131997387,0.00027347217142132817,8.567454900944196e-05,1.000785757659245,0.014085023206168923,0.01190253052625949
2016-01-05,2145,persistence,select,hybrid,5,20,log_euclidean,0.01,2518.7032887997143,3821.8332269436783,1417.0589965974737,457.45477551829435,228.72738775917006,-161.13272589191337,0.00021703100826120508,0.00021701966836255935,0.00011683178521657311,1.085205626702103,0.02024288220429684,0.014003309429129052
2016-01-12,2150,similarity,select,hybrid,5,20,log_euclidean,0.01,0.0017956591352770556,2450.634014772398,3961.564442833901,71423.97381784595,35711.98690892299,34533.333243452515,0.00028229742361008693,0.000282289378486098,1.220175511776856e-07,2.402412750673068,0.11943053751271954,0.10520077837626007
2016-01-12,2150,rolling,select,hybrid,5,20,log_euclidean,0.01,1921.0141676003627,5648.328195852791,1410.6187159802453,451.3314407524846,225.66572037619784,-150.19119829425688,0.00021077474894591098,0.00021076670382192206,0.00012167941064910685,1.057448158223165,0.018396144594132316,0.012796999452605854
2016-01-12,2150,ewma,select,hybrid,5,20,log_euclidean,0.01,1674.7735643308388,5424.749926277485,1348.4951485665138,445.899908831737,222.9499544158292,-152.91318492595207,0.0001794347701459871,0.00017942672502199817,0.0001386944224541823,1.1610489725488078,0.02604458904731824,0.016356218511361702
2016-01-12,2150,ledoit_wolf,select,hybrid,5,20,log_euclidean,0.01,617.7327125271172,24016.46159330394,2021.9147200133593,799.6290791568482,399.81453957842353,24.11010015640776,0.00026291688878573373,0.0002629088436617448,0.0027608642389215336,1.026912586900509,0.012377280869975249,0.01137800557970308
2016-01-12,2150,oas,select,hybrid,5,20,log_euclidean,0.01,1659.6952394400878,18485.990389845978,2026.7738568892123,598.6114858093383,299.30574290466694,-76.42643140396463,0.0002470102317893045,0.00024700218666531555,0.0004393412708416135,1.0315880802904875,0.013902435157070762,0.01154766898225074
2016-01-12,2150,shrink,select,hybrid,5,20,log_euclidean,0.01,1073.1117886600766,11348.426604511977,1318.5808022802516,513.9017121005644,256.95085605028237,-118.88823947009728,0.0002347859660883108,0.00023477792096432187,9.542962797839923e-05,1.0011144570262387,0.015417124105330186,0.012154969218166028
2016-01-12,2150,persistence,select,hybrid,5,20,log_euclidean,0.01,2518.7274978112137,4045.5833775878136,1307.537569532652,435.16688228284545,217.58344114140112,-158.29287427718924,0.00019299142790758515,0.00019298338278359622,0.00013305545909629752,1.1551207337213503,0.02380715544282845,0.01615789936226809
2016-01-20,2155,similarity,select,hybrid,5,20,log_euclidean,0.01,0.0021540235961611752,2528.9143311639054,3856.095254455825,178215.40010629373,89107.70005314687,86183.33487403384,0.00018790671038030525,0.00018790272653440923,4.521164937123734e-08,2.6442507990308917,0.11309137709884384,0.10977001190628842
2016-01-20,2155,rolling,select,hybrid,5,20,log_euclidean,0.01,1921.0932614524263,5726.345457040403,1373.6211464650205,448.73826293458944,224.36913146729026,-150.39914336955493,0.00021877322718097131,0.0002187692433350753,0.00014123259035003218,1.0720138678579845,0.019614933570672136,0.013425765989900338
2016-01-20,2155,ewma,select,hybrid,5,20,log_euclidean,0.01,902.0782238726755,5487.793993011361,1367.7480300085658,419.22880105476395,209.6144005273764,-165.21815879849015,0.00018230759262514572,0.0001823036087792497,0.00013579796678922238,1.2388803142865799,0.03812894743756512,0.021917170402927743
2016-01-20,2155,ledoit_wolf,select,hybrid,5,20,log_euclidean,0.01,617.7815954158867,24015.708743363368,1965.1690408572558,797.3107737780765,398.6553868890379,24.098143681872614,0.0002841395390138713,0.00028413555516797526,0.0027738503473014216,1.026907910217514,0.01234641379733798,0.011378254620117191
2016-01-20,2155,oas,select,hybrid,5,20,log_euclidean,0.01,1659.797471147661,18481.141536565916,1966.5077568105717,596.1345651462597,298.0672825731218,-76.53186344909483,0.0002649451404170121,0.0002649411565711161,0.0004604534065628929,1.0326613389376413,0.014153269081949159,0.0115869160208795
2016-01-20,2155,shrink,select,hybrid,5,20,log_euclidean,0.01,1073.1625482847357,11347.571127597785,1231.8549297038405,511.2584604164274,255.62923020821344,-119.11541555972312,0.0002496815773949789,0.0002496775935490829,0.00010946207937502258,1.0012235656690434,0.01661658580854634,0.012406729304844426
2016-01-20,2155,persistence,select,hybrid,5,20,log_euclidean,0.01,2518.73131789129,4117.4290828310895,1396.2623529834432,433.3174099543768,216.65870497719848,-158.12225382092197,0.0002005133637364801,0.00020050937989058408,0.00013730655234735385,1.1438381065495826,0.034949570691968156,0.016936650789126654
2016-01-27,2160,similarity,select,hybrid,5,20,log_euclidean,0.01,0.0014699720580041932,2469.0661685314917,4245.224686645637,44811.37050173584,22405.685250867926,21344.705632060704,0.0002017447647645008,0.0002017382372329412,1.6619740807422617e-07,2.3323089256386798,0.10874509664450206,0.09767146159973798
2016-01-27,2160,rolling,select,hybrid,5,20,log_euclidean,0.01,1921.2061132397596,5687.633075549668,1315.064436531622,457.4337784799519,228.7168892399473,-151.1097327466428,0.00017956902284693862,0.00017956249531537902,0.00015261269234732178,1.1262297716511072,0.021880217065464416,0.014875161537825763
2016-01-27,2160,ewma,select,hybrid,5,20,log_euclidean,0.01,485.8987445801064,5464.885497621874,1272.2554688535852,404.45833204747447,202.22916602373377,-177.75088881627107,0.00012391416393510045,0.00012390763640354085,0.00012690452272833209,1.3032279280373322,0.05255309998862762,0.025629888865007215
2016-01-27,2160,ledoit_wolf,select,hybrid,5,20,log_euclidean,0.01,617.8599312638054,24043.081408872444,1899.8752175861825,807.3924747599833,403.6962373799912,24.08379480766463,0.0002560121661175083,0.00025600563858594873,0.0027870298816134796,1.0268989960120123,0.012350674747882628,0.011378848779317418
2016-01-27,2160,oas,select,hybrid,5,20,log_euclidean,0.01,1659.8899888602996,18492.742593539864,1897.6681863547149,606.0007283710589,303.0003641855325,-76.65380814745261,0.00023279868025089895,0.00023279215271933935,0.0004801204929912145,1.0360003860234381,0.014256923215953399,0.011653322694617925
2016-01-27,2160,shrink,select,hybrid,5,20,log_euclidean,0.01,1073.239495261369,11405.420547792599,1146.251712625905,520.0473779223391,260.02368896116883,-119.78821445100418,0.00020921966665830743,0.00020921313912674783,0.00012195027621776665,1.018501560990198,0.01769270795078105,0.013029008823352676
2016-01-27,2160,persistence,select,hybrid,5,20,log_euclidean,0.01,0.0013128330785937127,3772.1174158787016,1011.3832819706397,9222.786428965434,4611.393214482701,4084.922894903719,0.0001371603138543784,0.0001371537863228188,1.0700554704863352e-06,3.293599569107054,0.12109578450997126,0.170924409861367
2016-02-03,2165,similarity,select,hybrid,5,20,log_euclidean,0.01,0.0013208774414383542,2303.199072232006,4376.347880278181,51891.036598777275,25945.51829938864,24783.77193928921,0.00013018338195605925,0.0001301753763461944,1.337637680586941e-07,2.38023033150237,0.1124625440108794,0.10335713661576613
2016-02-03,2165,rolling,select,hybrid,5,20,log_euclidean,0.01,1921.3069414244994,5688.997991207187,1348.7833837852218,472.14037104650015,236.07018552323723,-152.12326014854426,0.0001574898591143323,0.00015748185350446744,0.0001556237202420254,1.1387430901891111,0.021627104009881024,0.015574006812409107
2016-02-03,2165,ewma,select,hybrid,5,20,log_euclidean,0.01,261.73952874545967,5455.3692199488105,1252.9762835504798,396.28278052639945,198.1413902631873,-190.28876092309332,0.00010212302167868692,0.00010211501606882206,0.00011117350348162084,1.5230461997269156,0.048355118843054705,0.03396879199035014
2016-02-03,2165,ledoit_wolf,select,hybrid,5,20,log_euclidean,0.01,617.929736017877,24088.747375227715,2143.604101966753,824.19227781536,412.09613890767986,24.06443524464284,0.00022451995328001087,0.00022451194767014602,0.0027920949016938296,1.0270247008400935,0.012286299839307568,0.011379437621799993
2016-02-03,2165,oas,select,hybrid,5,20,log_euclidean,0.01,1659.9662941516779,18522.668176790485,2138.568729850332,622.5131242503976,311.25656212519857,-76.80508620325715,0.0002013929138450361,0.00020138490823517124,0.0004861796425748302,1.036410366769235,0.014744382627145582,0.011720832803011283
2016-02-03,2165,shrink,select,hybrid,5,20,log_euclidean,0.01,1073.3056676122128,11456.717232828114,1263.7340299682598,534.6655341701404,267.33276708506975,-120.83676611147162,0.00018428735262954863,0.00018427934701968377,0.00012559972191518822,1.026609427252667,0.018317106116010787,0.013525980417746013
2016-02-03,2165,persistence,select,hybrid,5,20,log_euclidean,0.01,0.0014313527366284077,3816.7539253835057,978.2989093681274,5972.606185732398,2986.303092866202,2496.670150475059,7.4124324580163e-05,7.411631897029814e-05,1.1248901371510346e-06,2.869537536849626,0.11746106687183534,0.13268883300283849
2016-02-10,2170,similarity,select,hybrid,5,20,log_euclidean,0.01,0.0003314828496330403,2305.4426941841693,3623.696091970861,18982.7757600632,9491.38788003162,8810.095381855248,6.164447793356316e-05,6.1640906140888e-05,1.6709522421680326e-07,3.085667676903976,0.08417365995662325,0.1450816643410101
2016-02-10,2170,rolling,select,hybrid,5,20,log_euclidean,0.01,1921.4328414291504,5622.087801377304,1273.2818371120607,519.3463013660161,259.67315068305777,-155.16021891344786,0.00011000477520391278,0.00011000120341123762,0.00016124903616506874,1.1453722997646836,0.022726996219450558,0.016532883876006273
2016-02-10,2170,ewma,select,hybrid,5,20,log_euclidean,0.01,141.013631175348,5372.911096302059,1115.9622003482496,410.05675744274873,205.02837872142146,-209.94483096707486,6.931582667438935e-05,6.93122548817142e-05,8.455381402780788e-05,1.5081277326084237,0.06228500895342361,0.03672067435821168
2016-02-10,2170,ledoit_wolf,select,hybrid,5,20,log_euclidean,0.01,618.030424215314,24137.256478669915,2115.3940343203553,877.6068476810002,438.8034238404996,23.999220377447408,0.00016906867510085242,0.00016906510330817726,0.0028007547474336167,1.026991974049662,0.012223900294235968,0.011380222761809005
2016-02-10,2170,oas,select,hybrid,5,20,log_euclidean,0.01,1660.059841703673,18545.84789698304,2110.60251874492,674.9355530524668,337.4677765262437,-77.33392603191307,0.00014866080706282039,0.00014865723527014523,0.0004971761660752231,1.0370064600084807,0.01513040249292025,0.01181456939380704
2016-02-10,2170,shrink,select,hybrid,5,20,log_euclidean,0.01,1073.3971791183508,11489.66605298328,1209.2179243596365,582.0998686258445,291.0499343129218,-123.74922756313806,0.0001318612786713233,0.00013185770687864815,0.00013186227298350904,1.038648377235239,0.01919094152093156,0.014143823311986367
2016-02-10,2170,persistence,select,hybrid,5,20,log_euclidean,0.01,0.001436188081967199,3635.182585664338,800.6066343573026,1733.8780624327742,866.9390312163868,433.51681600328965,7.183228890600651e-05,7.182871711333135e-05,1.0974627418616903e-06,2.3474726811484246,0.10422491858390906,0.0972903293046641
2016-02-18,2175,similarity,select,hybrid,5,20,log_euclidean,0.01,0.0002052540561257053,2115.786158969272,4704.782128441895,22015.164198597,11007.582099298497,10397.504681000904,6.443461180668683e-05,6.443226827214218e-05,1.0964141647785009e-07,2.4441972224627038,0.11502219177569417,0.10289466321821614
2016-02-18,2175,rolling,select,hybrid,5,20,log_euclidean,0.01,378.73692282225045,5430.175098878051,878.8443223831309,440.645348771591,220.32267438579703,-205.7368732338827,4.41672939581892e-05,4.416495042364455e-05,0.00011587213887002146,1.5203607267336947,0.053659107829798706,0.03457324793198797
2016-02-18,2175,ewma,select,hybrid,5,20,log_euclidean,0.01,50.312081758359874,5231.0929535314335,827.2945295838163,370.69928491998326,185.3496424599733,-240.93003255666855,4.0074493505817344e-05,4.00721499712727e-05,5.50539691335688e-05,1.8679196046215907,0.09096423197851583,0.05762545154043713
2016-02-18,2175,ledoit_wolf,select,hybrid,5,20,log_euclidean,0.01,99.12945901861116,21404.543119020156,1810.5998851076397,803.530079116309,401.76503955815474,-24.175176902850847,0.00011500293447445487,0.00011500059093991022,0.0011007959952643307,1.0014275640410635,0.01146616288962594,0.010607996383638236
2016-02-18,2175,oas,select,hybrid,5,20,log_euclidean,0.01,335.6623123599087,15291.117006514694,1680.0064330988246,565.8429936725585,282.9214968362767,-143.03947637911486,6.535291856266618e-05,6.535057502812153e-05,0.00024916585395530716,1.0754404268375992,0.026205154364320526,0.015082530146378016
2016-02-18,2175,shrink,select,hybrid,5,20,log_euclidean,0.01,218.419682221412,9752.279853937835,781.5014389922997,470.7372309206538,235.3686154603276,-190.66853211095014,4.768119651344963e-05,4.767885297890498e-05,9.690781375968919e-05,1.336434301378985,0.044148353744759165,0.02767643791509804
2016-02-18,2175,persistence,select,hybrid,5,20,log_euclidean,0.01,0.0015906046482449079,3775.2919503585204,756.669294521519,1452.5247268043993,726.2623634021987,279.21274736657847,4.225494382604188e-05,4.225260029149723e-05,8.235628559436284e-07,2.0830283097165005,0.09558402606584024,0.07133262144964271
2016-02-25,2180,similarity,select,hybrid,5,20,log_euclidean,0.01,0.00016933777182376406,2040.4202685061641,5221.289257691138,15599.668266171584,7799.8341330857975,7225.374538143931,4.803416062500346e-05,4.80306229944097e-05,1.5631497660711806e-07,2.42276564188375,0.10929873532644169,0.10428505983153066
2016-02-25,2180,rolling,select,hybrid,5,20,log_euclidean,0.01,378.74500627394906,5279.160433822329,923.6962803582113,445.2234046766173,222.61170233829247,-206.04714071989466,3.6330712823051134e-05,3.6327175192457376e-05,0.00010606765403685015,1.5206809269086181,0.05914251977351475,0.03449027592105685
2016-02-25,2180,ewma,select,hybrid,5,20,log_euclidean,0.01,27.099772445496676,5068.590773466894,814.5473110929317,354.6452861083411,177.3226430541892,-251.65065385051543,2.9886461576312536e-05,2.9882923945718775e-05,4.0437986803782655e-05,1.9007249823002583,0.08828993643895736,0.05817835158224731
2016-02-25,2180,ledoit_wolf,select,hybrid,5,20,log_euclidean,0.01,99.13359742148974,21405.04852849918,1640.234619958443,808.6368894458682,404.31844472293443,-24.18879226551503,9.70306084483217e-05,9.702707081772793e-05,0.0011017068879399098,1.0016770583690053,0.011689116525854961,0.010612248091161049
2016-02-25,2180,oas,select,hybrid,5,20,log_euclidean,0.01,335.66948616433854,15284.24586218949,1520.1941770190174,570.8159907826205,285.4079953913081,-143.1327051429093,4.979272481454545e-05,4.978918718395169e-05,0.00024189263648560457,1.11046215199643,0.030715111347545208,0.015754585349005857
2016-02-25,2180,shrink,select,hybrid,5,20,log_euclidean,0.01,218.42591039574927,9749.818565150323,771.4395343932415,475.339591605779,237.66979580288967,-190.97994256152066,3.7558244706606475e-05,3.755470707601272e-05,9.085185070114481e-05,1.3547849894344626,0.04864209304578131,0.028153055331741957
2016-02-25,2180,persistence,select,hybrid,5,20,log_euclidean,0.01,0.0014591025731930396,3729.925610911257,765.4606508324405,1553.331372759666,776.665686379836,328.3993674783437,2.2791230764728248e-05,2.2787693134134487e-05,7.964418874758966e-07,2.220927781684399,0.08351359981312455,0.07499092246543931
2016-03-03,2185,similarity,select,hybrid,5,20,log_euclidean,0.01,0.00017437080824856104,2232.239214035576,4642.605055926396,68055.75686809412,34027.87843404706,32708.468053893383,3.0135048068295467e-05,3.0133372955753382e-05,2.729211343586659e-08,2.5805386330448767,0.1113430237621181,0.10298639192436208
2016-03-03,2185,rolling,select,hybrid,5,20,log_euclidean,0.01,378.7483796297552,5263.364640843955,1154.5446843844616,459.6830340718599,229.84151703594063,-206.4418073477089,2.2025149248489608e-05,2.2023474135947523e-05,0.0001054226581880986,1.4769732289689967,0.06909879301362024,0.03412736298207676
2016-03-03,2185,ewma,select,hybrid,5,20,log_euclidean,0.01,14.59864840744064,5039.600326336486,1102.894538339619,351.06014379766265,175.53007189883004,-261.1933953419314,2.7104822894877e-05,2.7103147782334914e-05,4.10050167076051e-05,2.1069038537038156,0.09563899632157107,0.07329067530488366
2016-03-03,2185,ledoit_wolf,select,hybrid,5,20,log_euclidean,0.01,99.13578985162229,21423.714192554173,1269.0918393178222,823.8271069834457,411.91355349172306,-24.220810017587553,6.369795707083554e-05,6.369628195829346e-05,0.0010998013437939769,1.0015960623249949,0.011991946811747919,0.010611501820756533
2016-03-03,2185,oas,select,hybrid,5,20,log_euclidean,0.01,335.6731512735878,15295.248123593761,1185.3827328302164,585.755345191854,292.877672595919,-143.29467071325,3.070700458307204e-05,3.070532947052996e-05,0.00024012300478508722,1.0814395757908635,0.03552297843328323,0.015604604826289685
2016-03-03,2185,shrink,select,hybrid,5,20,log_euclidean,0.01,218.4299180751586,9799.326601966819,825.5578607961999,489.92669363542984,244.96334681771572,-191.32523911548483,2.1250594828426096e-05,2.124891971588401e-05,9.017285153632407e-05,1.3158471762059987,0.05722313721434917,0.027853915909953588
2016-03-03,2185,persistence,select,hybrid,5,20,log_euclidean,0.01,0.0013918548508355917,3652.259233737697,1185.9646510772168,1759.5007948549423,879.750397427459,418.1117755545024,4.7330098662600865e-05,4.732842355005878e-05,7.808331442774672e-07,2.4184808771611737,0.09171906744635797,0.08542044916377409
2016-03-10,2190,similarity,select,hybrid,5,20,log_euclidean,0.01,0.000738273871530326,1973.9599057856028,5084.743933592412,27619.2785536041,13809.639276802032,13232.308051770768,6.012078056689163e-05,6.011243545423497e-05,1.4219832540878427e-07,2.4636114358362495,0.1118519228450623,0.1064876709732579
2016-03-10,2190,rolling,select,hybrid,5,20,log_euclidean,0.01,90.9621537659547,5253.8908647817225,917.884755134638,376.8930623726718,188.44653118635642,-225.29154889346282,3.51740627849186e-05,3.516571767226194e-05,6.808844538171399e-05,1.7183200511158379,0.09068698313682765,0.048710270121161844
2016-03-10,2190,ewma,select,hybrid,5,20,log_euclidean,0.01,2.0924414547939163,4996.935268538365,841.3507494453063,354.90149674873805,177.4507483743725,-237.2212998732179,4.543415864172306e-05,4.5425813529066405e-05,2.1193280754580254e-05,2.4595179864759387,0.11468651342237236,0.09770687515716711
2016-03-10,2190,ledoit_wolf,select,hybrid,5,20,log_euclidean,0.01,1.096170818622867,21200.572983939142,1509.5194514886787,771.8503019668312,385.92515098341534,-27.56501199221491,7.940559790039689e-05,7.939725278774024e-05,0.0009512459436580426,0.9999999999999999,0.010891822185318962,0.010422549132415367
2016-03-10,2190,oas,select,hybrid,5,20,log_euclidean,0.01,80.59167282566975,13782.041013653115,1301.6726866227236,481.27759316808476,240.6387965840517,-172.9142643180201,4.2169080647071095e-05,4.216073553441444e-05,0.00016423582761751723,1.2200733560078618,0.049743337104832974,0.021661648362821542
2016-03-10,2190,shrink,select,hybrid,5,20,log_euclidean,0.01,52.4658506833098,9590.326590672645,743.407902444527,406.5870056173927,203.29350280869636,-210.45876385851747,3.4692129769376843e-05,3.4683784656720186e-05,6.071585090052875e-05,1.5244243994221287,0.08207583356377211,0.0410789706922951
2016-03-10,2190,persistence,select,hybrid,5,20,log_euclidean,0.01,0.000929139986322018,3430.913510593192,973.526770537246,6312.234568901287,3156.117284450649,2707.134642866395,5.482262167072185e-05,5.481427655806519e-05,4.444425690658095e-07,2.4198466696448326,0.09012713748591082,0.08755021831083612
2016-03-17,2195,similarity,select,hybrid,5,20,log_euclidean,0.01,0.0007495938245996231,2029.7960465044125,5689.846430908208,26873.810463442154,13436.905231721094,12945.062192954178,0.00010658418416865836,0.0001065773498213422,1.281678852323473e-07,2.615231753429176,0.10960308804704944,0.11348805210067128
2016-03-17,2195,rolling,select,hybrid,5,20,log_euclidean,0.01,0.0012862805503681932,4992.952151291807,834.4159464210242,1741.9655866588312,870.9827933294168,442.8861108779115,6.945095065072742e-05,6.944411630341126e-05,2.9318235079570188e-06,4.791943658497677,0.14071318432419488,0.34639406795341926
2016-03-17,2195,ewma,select,hybrid,5,20,log_euclidean,0.01,0.0010151594035703482,4776.65305800112,793.4115155769862,2256.135894564036,1128.0679472820202,696.924825944496,9.231750034588739e-05,9.231066599857124e-05,2.309251239805591e-06,4.769986515839564,0.1380387059882421,0.34675875514474114
2016-03-17,2195,ledoit_wolf,select,hybrid,5,20,log_euclidean,0.01,0.000986993991068146,8600.151761328689,581.5893226265009,332.57628867492775,166.28814433746342,-248.84134908152365,4.1954643807948845e-05,4.1947809460632695e-05,2.6158008337105494e-05,2.338411781480924,0.11058711268314114,0.08848249664933658
2016-03-17,2195,oas,select,hybrid,5,20,log_euclidean,0.01,0.0010712202945413975,8175.843320159166,610.8903763711519,352.07520166951514,176.03760083475737,-239.45240474098676,4.4667258074525086e-05,4.4660423727208935e-05,2.115250011216132e-05,2.708445088803795,0.1163995297899983,0.11511700355557783
2016-03-17,2195,shrink,select,hybrid,5,20,log_euclidean,0.01,0.0009723850130514455,8317.703948434722,569.8881100838153,298.329451387747,149.16472569387344,-266.62981376201134,3.651781408428915e-05,3.6510979736973e-05,2.1500409235050213e-05,2.4894665629892505,0.13666620278410624,0.12846120569804936
2016-03-17,2195,persistence,select,hybrid,5,20,log_euclidean,0.01,0.0008763065635591553,3465.870999932695,924.3145467507293,8362.025799082354,4181.012899541166,3758.3072673898787,4.7418462810909495e-05,4.7411628463593345e-05,3.1393522692186117e-07,2.189703697294588,0.08639595487793271,0.0768323436044426
2016-03-24,2200,similarity,select,hybrid,5,20,log_euclidean,0.01,0.0009123729235636873,1985.6133030157735,6331.879180682483,72343.61038787416,36171.80519393708,34880.26668981118,0.00020402448512982834,0.000204014771411233,1.0159672379217733e-07,3.048786484705313,0.1397735167821792,0.16238324513336694
2016-03-24,2200,rolling,select,hybrid,5,20,log_euclidean,0.01,0.0013295422286491703,4963.368546830867,954.485367024239,2462.508325783101,1231.254162891549,791.0573495063288,0.00010763894949579376,0.00010762923577719839,2.56082861717312e-06,4.686280013678422,0.1503040040040494,0.3204839267341989
2016-03-24,2200,ewma,select,hybrid,5,20,log_euclidean,0.01,0.0010557927354672523,4727.622693769343,900.318944518668,3446.9918856330287,1723.4959428165116,1269.3221844458142,0.00012959662894685065,0.0001295869152282553,1.8846209841379944e-06,4.611664993931035,0.13038804525607872,0.3199844473407239
2016-03-24,2200,ledoit_wolf,select,hybrid,5,20,log_euclidean,0.01,0.0010571263956942831,8650.342955319311,653.5202538770159,345.9355337486385,172.96776687431932,-231.80380171959033,5.254979479756792e-05,5.254008107897255e-05,2.5327189780915548e-05,2.206913654083566,0.09263095615332013,0.08004463811439183
2016-03-24,2200,oas,select,hybrid,5,20,log_euclidean,0.01,0.001145768320050614,8135.814090093854,704.3807304043348,386.9390721637167,193.46953608185825,-212.46997029145,5.905408736022414e-05,5.904437364162877e-05,1.961687760464296e-05,2.6575923394497596,0.09609365926441897,0.11114413511697509
2016-03-24,2200,shrink,select,hybrid,5,20,log_euclidean,0.01,0.0010689737522454,8216.151381707403,647.4651282665279,310.49999363716756,155.24999681858367,-250.31368144156477,4.516064749825543e-05,4.515093377966007e-05,1.9313885047157323e-05,2.4978984850560058,0.12284881193316954,0.12263484163482768
2016-03-24,2200,persistence,select,hybrid,5,20,log_euclidean,0.01,0.0009839898374659156,3333.8432140989644,1033.2740335155008,10632.73068910379,5316.365344551913,4808.237615291179,9.622709075799976e-05,9.62173770394044e-05,3.37973140459239e-07,2.372845337600786,0.08775219809412327,0.08752190859245146
2016-04-01,2205,similarity,select,hybrid,5,20,log_euclidean,0.01,0.0009911194733076992,2075.998059384663,6141.440588234089,105726.29102395114,52863.14551197557,51410.151246662615,0.0002885458453870407,0.00028854115492468545,1.1199422080662118e-07,3.820662661600133,0.15971142264169721,0.24591714440033302
2016-04-01,2205,rolling,select,hybrid,5,20,log_euclidean,0.01,0.0012000516873616207,4865.484385833959,855.5201655761252,2791.5136433894572,1395.7568216947323,976.8079562931622,0.00010483915810827082,0.00010483446764591557,1.717431521549404e-06,3.969429195924537,0.10404331641452798,0.2432692828250627
2016-04-01,2205,ewma,select,hybrid,5,20,log_euclidean,0.01,0.0009600655559690015,4656.7846909467935,811.0669063496348,4426.483569585828,2213.2417847929196,1782.1569396548136,0.00012795010863063725,0.000127945418168282,1.2431800215067784e-06,4.195433965030025,0.12215649910459331,0.27697278582981455
2016-04-01,2205,ledoit_wolf,select,hybrid,5,20,log_euclidean,0.01,0.000992461976594857,8713.494598741168,663.0234947826178,342.4165851580286,171.20829257901448,-228.4936456546997,5.1808227731773776e-05,5.180353726941852e-05,2.2448389062562128e-05,2.0278322330278136,0.07646271583132765,0.06589896045208547
2016-04-01,2205,oas,select,hybrid,5,20,log_euclidean,0.01,0.0010694663282219345,8060.450842260023,670.0247196822244,396.01283930161236,198.00641965080615,-202.31972323331144,6.46871825444046e-05,6.468249208204934e-05,1.6102714114999636e-05,2.493366454808717,0.08338654492935735,0.10044515418200818
2016-04-01,2205,shrink,select,hybrid,5,20,log_euclidean,0.01,0.0010330245072390845,8064.981776663627,649.4900927544124,311.99166585076944,155.9958329253851,-244.7993247061911,4.258314838179477e-05,4.2578457919439514e-05,1.4980444528791836e-05,2.3589266089478835,0.12169332906174535,0.11776214451726251
2016-04-01,2205,persistence,select,hybrid,5,20,log_euclidean,0.01,0.0009608859977566959,3400.9377528380637,1102.0559576180012,13230.129146586094,6615.064573293044,6145.656887890806,7.247671300427312e-05,7.247202254191787e-05,1.9232988136410367e-07,1.9876671409765057,0.07140599934258864,0.058657795089244444
2016-04-08,2210,similarity,select,hybrid,5,20,log_euclidean,0.01,0.00031402776850247784,1949.1895326883216,6735.300246740495,52259.1036991355,26129.551849567746,25513.931470850646,0.0002100591586116399,0.0002100565898138382,1.5393297767363157e-07,4.302972908958252,0.15784189741501478,0.3053545891835669
2016-04-08,2210,rolling,select,hybrid,5,20,log_euclidean,0.01,0.0005527718439659643,4829.565342578458,922.9251279249481,1883.2573273020562,941.6286636510233,518.3883182321131,8.118302964301895e-05,8.118046084521726e-05,1.4574950661006043e-06,3.858934483242125,0.1120390895045178,0.21905275746641223
2016-04-08,2210,ewma,select,hybrid,5,20,log_euclidean,0.01,0.0003069421928723412,4595.512007880976,917.6896854646827,2866.8408149056577,1433.4204074528352,1003.1330451162839,0.00011125309553687347,0.00011125052673907177,1.1794920079352781e-06,4.178063797674166,0.1397766986649721,0.26741724223606195
2016-04-08,2210,ledoit_wolf,select,hybrid,5,20,log_euclidean,0.01,0.00034824611114020254,8732.766526381247,664.657547587423,321.6522516810721,160.8261258405358,-256.82066837686835,5.125432896557495e-05,5.125176016777325e-05,2.148885716350772e-05,2.0337077666604833,0.05912296525409036,0.06268011691077748
2016-04-08,2210,oas,select,hybrid,5,20,log_euclidean,0.01,0.0004305075645160637,8004.4664266384625,696.9920617419593,343.435135764783,171.7175678823915,-246.08496003681938,6.413370511920802e-05,6.413113632140632e-05,1.4554718910037793e-05,2.585362729999716,0.07850992341160073,0.09819839286838873
2016-04-08,2210,shrink,select,hybrid,5,20,log_euclidean,0.01,0.00041107459737173464,7979.327178543962,675.6898254195644,302.3973341438008,151.1986670719004,-267.06141733504694,2.831937392578434e-05,2.8316805127982646e-05,1.2304152225111544e-05,2.314510037802011,0.2099025597887051,0.13761556239106915
2016-04-08,2210,persistence,select,hybrid,5,20,log_euclidean,0.01,0.0008753546066215846,3296.3351132385255,1133.4255902730856,4210.431073915912,2105.2155369579586,1669.8772546399366,6.190084414813253e-05,6.189827535033083e-05,5.513037176968984e-07,2.5057138029284265,0.09500071420940108,0.09915754538897237
2016-04-15,2215,similarity,select,hybrid,5,20,log_euclidean,0.01,0.000332327711303461,2027.4373754389621,5461.9915829292095,129050.8807215329,64525.44036076644,64377.04654030958,0.00010326509557708372,0.00010326286778296258,6.680820769911893e-08,4.30421357364444,0.19462857598653405,0.3176870738865165
2016-04-15,2215,rolling,select,hybrid,5,20,log_euclidean,0.01,0.0005704734302356504,4727.8422554215995,832.6806068538594,1871.9093821610384,935.9546910805219,511.31153705749284,9.09438226123204e-05,9.094159481819926e-05,1.5838336325443788e-06,3.678656765146703,0.11815902633290391,0.22232795502413072
2016-04-15,2215,ewma,select,hybrid,5,20,log_euclidean,0.01,0.0008794721622371759,4479.286624414481,802.6173239820919,1965.8474324168033,982.9237162083986,557.4683374814792,0.0001363032543898419,0.00013630102659572076,1.6207724380939275e-06,3.800496713514942,0.12832744231296578,0.2294025006231379
2016-04-15,2215,ledoit_wolf,select,hybrid,5,20,log_euclidean,0.01,0.00031424650820238275,9217.91589782407,737.3229761398075,324.4621953782188,162.23109768910942,-251.6533649408322,4.467992099824582e-05,4.467769320412469e-05,2.2290934427799323e-05,1.5189441215686237,0.05009296766993883,0.038110969726008165
2016-04-15,2215,oas,select,hybrid,5,20,log_euclidean,0.01,0.0004356242477845456,8156.740191229325,648.1855266267202,336.8638219304085,168.43191096520397,-246.01114232603936,6.013523215452266e-05,6.0133004360401534e-05,1.53408822125525e-05,2.292206399034319,0.0731814399321493,0.07969931897352427
2016-04-15,2215,shrink,select,hybrid,5,20,log_euclidean,0.01,0.00046775984256275214,7813.451955006534,633.8521688575906,322.24996565133165,161.12498282566608,-253.40579868431738,4.8770799694690644e-05,4.8768571900569516e-05,1.0377050777435439e-05,2.1926479597370694,0.20505390859369438,0.13449075361429366
2016-04-15,2215,persistence,select,hybrid,5,20,log_euclidean,0.01,0.0009118779063335121,3246.0133064019565,947.0132615985266,5022.162120429859,2511.081060214895,2082.5618438173437,5.390712956007181e-05,5.390490176595068e-05,4.650635992357393e-07,2.29844946882824,0.07273064704615807,0.08547426216018279
2016-04-22,2220,similarity,select,hybrid,5,20,log_euclidean,0.01,0.0001434077085901932,1991.6403888640757,5822.13294362911,65032.203645836315,32516.101822918172,31992.93012312085,0.00017825900680239193,0.0001782564116265134,1.1085590009244219e-07,4.078601593094376,0.18809425137620311,0.2958530494440949
2016-04-22,2220,rolling,select,hybrid,5,20,log_euclidean,0.01,0.00035190416244147585,4691.256747986954,627.1561747522298,1766.268393371196,883.1341966856015,444.5226118407819,0.00010403638523505922,0.00010403379005918067,1.6177357004361346e-06,3.93321330428098,0.13655043734562217,0.24795460057469748
2016-04-22,2220,ewma,select,hybrid,5,20,log_euclidean,0.01,0.00048431596477237215,4457.6541528520975,697.3626307972345,1844.9826694004153,922.4913347002146,479.7694026159526,0.00010818884977000024,0.0001081862545941217,1.5829168909081068e-06,3.8622176766705385,0.14120976350078698,0.2441222318186637
2016-04-22,2220,ledoit_wolf,select,hybrid,5,20,log_euclidean,0.01,0.00013935473390736588,9246.86969656131,853.8304402502823,327.4782568156948,163.73912840784718,-261.22842284299384,5.5605049919932995e-05,5.560245474405445e-05,2.0283529223336895e-05,1.3350539355400592,0.04550018399541924,0.028668305130779684
2016-04-22,2220,oas,select,hybrid,5,20,log_euclidean,0.01,0.00024358848523017298,8030.4779288128375,581.3693246696057,327.02375727835295,163.51187863917664,-262.16238661497465,6.85480650279601e-05,6.854546985208156e-05,1.5219426597917774e-05,2.217037061893345,0.07573421166173658,0.0807550741716143
2016-04-22,2220,shrink,select,hybrid,5,20,log_euclidean,0.01,0.0002961713203087364,7594.287051978152,546.8206514794243,339.0113285355669,169.50566426778374,-257.2956106399245,5.4348254493729695e-05,5.434565931785115e-05,9.812527746930443e-06,2.341388391829808,0.28205585218130863,0.16929037977950828
2016-04-22,2220,persistence,select,hybrid,5,20,log_euclidean,0.01,0.0009020289375671277,3185.6578084774446,922.1452294035505,2808.6653997942626,1404.3326998971224,960.071609132199,5.132108065147486e-05,5.1318485475596314e-05,5.703078080591297e-07,2.2376167084887335,0.07475367294381835,0.08272172729191242
2016-04-29,2225,similarity,select,hybrid,5,20,log_euclidean,0.01,0.00011181574159902419,1966.609767794806,5079.602737665725,65188.88517666988,32594.44258833493,31788.855246213898,8.923075016866575e-05,8.92283138293946e-05,8.96566750420157e-08,4.22947317282565,0.1889469398074439,0.2877341428894456
2016-04-29,2225,rolling,select,hybrid,5,20,log_euclidean,0.01,0.0002462167360439832,4672.530817041874,635.2013722053247,1886.6752128447306,943.3376064223603,487.63248596702044,7.755498930916275e-05,7.755255296989159e-05,1.1733312612648827e-06,3.6023647751932497,0.15143586791156505,0.22130093252086855
2016-04-29,2225,ewma,select,hybrid,5,20,log_euclidean,0.01,0.0004530331200979532,4476.371886402967,902.6940660640767,1697.9101752884062,848.9550876442069,389.1017439129529,8.188739204999528e-05,8.188495571072412e-05,1.358254740231856e-06,3.523384919364472,0.1412760891131932,0.20431105300688088
2016-04-29,2225,ledoit_wolf,select,hybrid,5,20,log_euclidean,0.01,0.00011608564983041722,8776.394735354605,1013.5985652003992,324.9466876960638,162.47334384803221,-270.6806501405687,5.9761716804757964e-05,5.97592804654868e-05,1.6260205055728457e-05,1.3932262830141564,0.04584838760109165,0.03247059325115826
2016-04-29,2225,oas,select,hybrid,5,20,log_euclidean,0.01,0.00017548470397104699,7775.874765313316,727.0102179059875,333.9214792987515,166.96073964937568,-267.15329565717445,6.706558854503906e-05,6.70631522057679e-05,1.1828908182603446e-05,2.174703430725652,0.07077805896703056,0.0782267813962617
2016-04-29,2225,shrink,select,hybrid,5,20,log_euclidean,0.01,0.00021205238870270426,7383.022849831488,669.2617444211544,342.42328981881053,171.21164490940572,-264.1201505689049,5.529901613481446e-05,5.5296579795543296e-05,7.842359467313074e-06,2.3482055039967276,0.19151625796485222,0.14267215840241643
2016-04-29,2225,persistence,select,hybrid,5,20,log_euclidean,0.01,0.0009760857619438456,3384.637369761147,1094.8626349377073,2411.123130720383,1205.5615653601212,758.6039015957112,4.7939595037734624e-05,4.793715869846346e-05,4.038732702126347e-07,1.8847759729811109,0.05698442028931541,0.054537472758766366
2016-05-06,2230,similarity,select,hybrid,5,20,log_euclidean,0.01,9.6776036890894e-05,2073.276491155031,4883.471279013546,52847.73542260357,26423.86771130177,25392.11432582369,0.00013034144021458635,0.0001303389791793508,6.631151366759922e-08,3.4960303494602027,0.13543237731875682,0.19895303147092472
2016-05-06,2230,rolling,select,hybrid,5,20,log_euclidean,0.01,0.0002587155510062215,4601.235410071504,729.777479691765,1750.8685275053988,875.4342637526993,411.8008516333831,7.440824784933143e-05,7.44057868140959e-05,1.1107574458477882e-06,3.4492546949401324,0.13171716214188978,0.20972027461782491
2016-05-06,2230,ewma,select,hybrid,5,20,log_euclidean,0.01,0.00032802891986178886,4406.344869817072,958.0519837164782,1683.096215826674,841.5481079133415,374.2874822341388,7.831657616548651e-05,7.831411513025098e-05,1.1510193293840695e-06,3.2553200398513247,0.1156461308452777,0.18197731786230226
2016-05-06,2230,ledoit_wolf,select,hybrid,5,20,log_euclidean,0.01,0.00011240780528634802,8801.34334544781,1030.65715997321,331.0001859562514,165.5000929781254,-272.1854085898725,4.8998551958121374e-05,4.899609092288584e-05,1.6464796713088914e-05,1.442913094887537,0.040235866361844244,0.03212010591514912
2016-05-06,2230,oas,select,hybrid,5,20,log_euclidean,0.01,0.00018084909805198793,7798.4268135514285,774.7718955275913,335.2855492571855,167.64277462859275,-270.97917833631686,5.597175507960214e-05,5.5969294044366606e-05,1.1974883748258436e-05,2.193406303392489,0.06629341063065766,0.07904633190656676
2016-05-06,2230,shrink,select,hybrid,5,20,log_euclidean,0.01,0.00021962246411676,7342.728126211379,720.5260835929291,351.73188619320325,175.865943096602,-263.51277530977273,4.798919884369229e-05,4.7986737808456757e-05,7.845223530908446e-06,2.3946712848933602,0.23870246274897078,0.154484876642502
2016-05-06,2230,persistence,select,hybrid,5,20,log_euclidean,0.01,0.00032786391937603175,3237.6886639181143,1169.4868246566691,3265.728387953939,1632.864193976971,1175.4835182582099,4.23327595130578e-05,4.233029847782227e-05,2.633684362367896e-07,1.6949226559857042,0.06213168563956618,0.05391569675537157
2016-05-13,2235,similarity,select,hybrid,5,20,log_euclidean,0.01,6.906258866939697e-05,1919.7944244634791,4971.95881001076,53262.40854097417,26631.204270487076,25640.676707489118,9.781636025165812e-05,9.781213872248243e-05,6.29713716457367e-08,3.9464116203163275,0.11651968316888127,0.22831409034447678
2016-05-13,2235,rolling,select,hybrid,5,20,log_euclidean,0.01,0.0002132640399352115,4617.946968811117,728.9687705907172,1402.6641980859479,701.332099042977,239.71420898996024,5.371491825208951e-05,5.371069672291381e-05,1.0193189711562647e-06,3.432416311210043,0.12123477227932816,0.1897249438763908
2016-05-13,2235,ewma,select,hybrid,5,20,log_euclidean,0.01,0.0002122969568706495,4400.574547397704,853.6322341846762,1397.6605025402314,698.830251270122,235.3809529757416,4.518958078684866e-05,4.5185359257672956e-05,1.076313265733981e-06,3.461938486304878,0.12309489740373017,0.1806047530325793
2016-05-13,2235,ledoit_wolf,select,hybrid,5,20,log_euclidean,0.01,7.87042541767161e-05,8841.961056051605,1055.3701637364159,333.8878199543591,166.94390997717971,-278.78530122776823,3.811329929168983e-05,3.810907776251413e-05,1.3973880422610865e-05,1.3559598584366856,0.040201627777715125,0.027105913534304086
2016-05-13,2235,oas,select,hybrid,5,20,log_euclidean,0.01,0.000140184405389731,7821.092391422451,797.9302064599437,320.65987508297405,160.32993754148706,-285.96267305588054,4.256495478963528e-05,4.256073326045958e-05,1.0276761044521344e-05,2.0243762661916653,0.07260277142107549,0.06364813427211186
2016-05-13,2235,shrink,select,hybrid,5,20,log_euclidean,0.01,0.00018220985222025315,7292.195234244672,741.0356648977231,325.9280902607993,162.96404513040005,-283.82775554945584,3.101282134341538e-05,3.100859981423968e-05,5.801085214851395e-06,2.067404214692264,0.3552774374526133,0.18509244502158634
2016-05-13,2235,persistence,select,hybrid,5,20,log_euclidean,0.01,0.00028958225165306956,3239.250133500443,1083.6239605358971,2584.9428833223983,1292.4714416611996,819.1055580201495,2.6505703838542778e-05,2.650148230936708e-05,2.8082986590007653e-07,1.7480004168089682,0.07204777511730821,0.05393542624869976
2016-05-20,2240,similarity,select,hybrid,5,20,log_euclidean,0.01,4.5447610634064e-05,1882.5985055654587,5508.4677927214025,23164.877374018368,11582.438687009182,10828.664217931593,8.800384363948812e-05,8.80011391990254e-05,1.5785361595192777e-07,4.2784496767258435,0.14741180602138515,0.2900524911083416
2016-05-20,2240,rolling,select,hybrid,5,20,log_euclidean,0.01,0.00018630975457041283,4559.91331312682,646.7971948642023,1168.5655839289616,584.2827919644844,115.2241566801094,6.32850803821236e-05,6.328237594166087e-05,1.3524496141589452e-06,4.111063314703685,0.16613287438528176,0.25707544210822586
2016-05-20,2240,ewma,select,hybrid,5,20,log_euclidean,0.01,0.00013649526910098356,4340.612657851813,758.7596312231,1198.665016975178,599.3325084875853,129.33334965420678,3.932271844527337e-05,3.932001400481064e-05,1.2716754143561418e-06,3.913082089989616,0.16034017595441538,0.2298570201002314
2016-05-20,2240,ledoit_wolf,select,hybrid,5,20,log_euclidean,0.01,5.8471655080384e-05,8912.942893465242,1014.4117333192593,343.8160229239994,171.9080114619988,-281.8898445952777,2.0830307548349294e-05,2.082760310788657e-05,1.5482220524929106e-05,1.30928144498519,0.03876153730897653,0.02397985370368096
2016-05-20,2240,oas,select,hybrid,5,20,log_euclidean,0.01,0.00011588881919240975,7855.23404935357,720.7489048183609,319.1389024370266,159.5694512185128,-294.7251662501334,2.5839717333462522e-05,2.58370128929998e-05,1.3263099316784531e-05,2.1624943143652655,0.08204002425010408,0.0707612562377315
2016-05-20,2240,shrink,select,hybrid,5,20,log_euclidean,0.01,0.00015859257074884512,7296.608640446759,661.201615105882,310.10324404449386,155.0516220222461,-299.56258170136823,2.1464339851577507e-05,2.1461635411114783e-05,7.672175126515847e-06,2.3134865575590666,0.38954626364794687,0.2192836071153422
2016-05-20,2240,persistence,select,hybrid,5,20,log_euclidean,0.01,0.0001260669370411547,3115.764523236868,862.9705852884026,2600.5930553114877,1300.296527655757,821.2386312556486,2.9941705886282762e-05,2.993900144582004e-05,3.116680182731131e-07,2.279609204247446,0.08323810285009964,0.07720092618365115
2016-05-27,2245,similarity,select,hybrid,5,20,log_euclidean,0.01,0.0005014046364115876,1841.0879264028702,3679.1970795167344,35985.92163023945,17992.960815119728,17239.337305167875,9.7350270964028e-05,9.73447032700816e-05,1.389000011151818e-07,4.337621998943507,0.20630377477432796,0.3101837134973749
2016-05-27,2245,rolling,select,hybrid,5,20,log_euclidean,0.01,0.0005120024049820029,4540.770631738532,1574.523129633746,1378.4892731929228,689.2446365964552,237.01973235301665,9.697608019545287e-05,9.697051250150647e-05,1.4314238703209716e-06,4.2706222587363545,0.1698177578845829,0.26692812444749103
2016-05-27,2245,ewma,select,hybrid,5,20,log_euclidean,0.01,0.0004240407819767849,4323.747412738801,1517.8492565660995,1560.904585968584,780.4522929842886,324.99892375903164,7.678126805572388e-05,7.677570036177748e-05,1.1920512223452384e-06,3.9448854290625923,0.15816269335355765,0.24090411144122445
2016-05-27,2245,ledoit_wolf,select,hybrid,5,20,log_euclidean,0.01,0.0005289418458079393,8980.65648457332,2572.497937999343,309.9409973351748,154.97049866758775,-273.98380993568946,8.334774094913488e-05,8.334217325518848e-05,1.4332445086650205e-05,1.2125134765420047,0.03385852058120807,0.020967159214956434
2016-05-27,2245,oas,select,hybrid,5,20,log_euclidean,0.01,0.0004961350064406947,7901.92131794896,1972.9729097186478,288.84412093087866,144.42206046543978,-285.2655035732088,6.168448612942765e-05,6.167891843548125e-05,1.2976957114051672e-05,2.0638983081158098,0.07536824161153098,0.06484603175878949
2016-05-27,2245,shrink,select,hybrid,5,20,log_euclidean,0.01,0.0005479076771156858,7324.646587594098,1830.5590540609933,291.0391956158537,145.51959780792697,-285.03620313834693,5.3511100703964193e-05,5.35055330100178e-05,7.59264783365171e-06,2.29839422849709,0.34857701735483904,0.1891851246140938
2016-05-27,2245,persistence,select,hybrid,5,20,log_euclidean,0.01,0.00042056631594133834,3187.9936922947527,1445.3846465278853,3898.1687159807575,1949.0843579903603,1484.6491570976918,7.299798712818626e-05,7.299241943423986e-05,2.8983276349921804e-07,2.3525385669255074,0.0777671649222844,0.08393127668069401
2016-06-06,2250,similarity,select,hybrid,5,20,log_euclidean,0.01,0.0008555020917264747,1888.9594202246556,2698.0295956749455,34175.16041383682,17087.580206918396,16077.580504803616,8.697296527982964e-05,8.69680338722135e-05,1.6131779837058371e-07,4.475416064763076,0.19552859923698548,0.332070336274124
2016-06-06,2250,rolling,select,hybrid,5,20,log_euclidean,0.01,0.0008538795573852481,4652.37923048128,1883.7133178292959,1575.1518125352065,787.5759062676121,329.7074669114947,0.00018485214531799155,0.00018484721391037542,1.4048723261014975e-06,3.9904945410716968,0.15938954967413355,0.265498780991783
2016-06-06,2250,ewma,select,hybrid,5,20,log_euclidean,0.01,0.0007756288403706173,4440.83752018553,1871.3876126174046,2062.3263655396154,1031.1631827698159,562.303579781114,0.0001732373973383595,0.00017323246593074337,1.0116262292848148e-06,3.7911685707927982,0.16820025456064086,0.24835323957268546
2016-06-06,2250,ledoit_wolf,select,hybrid,5,20,log_euclidean,0.01,0.000926429687220563,8979.011734714888,3114.835779098166,302.06042708335116,151.0302135416755,-271.3149624222211,0.0001364981884110787,0.00013649325700346257,1.3322025573636259e-05,1.185904334520634,0.03197738277238155,0.019415602109569618
2016-06-06,2250,oas,select,hybrid,5,20,log_euclidean,0.01,0.0008577886604717321,7861.6197994078975,2381.510212469033,284.25738055531997,142.12869027766004,-281.3327828252476,0.0001128254458956914,0.00011282051448807526,1.2254425570013296e-05,2.0329577559206755,0.07021823471364551,0.06433700777759219
2016-06-06,2250,shrink,select,hybrid,5,20,log_euclidean,0.01,0.0009124439368946051,7298.311175617744,2205.9154859989735,304.091318571045,152.04565928552202,-272.80665339538444,9.564201450289514e-05,9.563708309527901e-05,7.422185254521139e-06,2.308811044091806,0.2979448863235109,0.16486827115940297
2016-06-06,2250,persistence,select,hybrid,5,20,log_euclidean,0.01,0.000804051910348269,3281.2089927453785,1842.2496680403099,5031.8013651788215,2515.900682589418,2013.2726110992303,0.00022655407360832073,0.0002265491422007046,2.494328717589349e-07,2.2072294445130884,0.08845180061361346,0.07829509030835131
2016-06-13,2255,similarity,select,hybrid,5,20,log_euclidean,0.01,0.0010446602313398223,1910.6922441185848,2652.2245118391766,37139.889944630595,18569.9449723153,17251.11347590744,0.00013890618341407814,0.00013889529541741006,1.2927602476601163e-07,4.299465712453122,0.1496930548458572,0.2931107026993799
2016-06-13,2255,rolling,select,hybrid,5,20,log_euclidean,0.01,0.0009644700444674656,4507.903403098891,1854.3355903320505,1367.6558727973159,683.8279363986542,220.02653651182845,0.00016952230069418672,0.00016951141269751864,1.211873546320154e-06,3.838246468092089,0.16078596422603886,0.22704733705547167
2016-06-13,2255,ewma,select,hybrid,5,20,log_euclidean,0.01,0.000860033778037102,4305.868145583496,1744.1519314670106,1911.9361588758202,955.9680794379022,473.98731129177384,0.00018233189192742784,0.00018232100393075976,8.354276246139578e-07,3.7332811336307334,0.15025757472997933,0.21590403060402874
2016-06-13,2255,ledoit_wolf,select,hybrid,5,20,log_euclidean,0.01,0.0010693231187903585,8962.971204300851,3148.2874202897547,295.33211844563886,147.66605922281948,-273.7507570060325,0.00012921146777746927,0.0001292005797808012,1.3493473121799904e-05,1.241301045056962,0.03645238187255714,0.02153041821192027
2016-06-13,2255,oas,select,hybrid,5,20,log_euclidean,0.01,0.0009822038282624715,7874.480419513484,2406.4625073075827,272.7341312573529,136.36706562867641,-286.3866276026716,0.00011442449605807358,0.0001144136080614055,1.1404454044595429e-05,2.000727540585086,0.07302653083395741,0.060255118834963775
2016-06-13,2255,shrink,select,hybrid,5,20,log_euclidean,0.01,0.001038856311236185,7279.758160246009,2214.7122259958355,288.17769733688874,144.08884866844437,-280.465866489185,9.479417739688328e-05,9.47832894002152e-05,6.9424376926169455e-06,2.267805571386971,0.2902481083302608,0.15688122908738247
2016-06-13,2255,persistence,select,hybrid,5,20,log_euclidean,0.01,0.0008967667088816355,3131.3467664921286,1694.0935580895089,5077.579641902193,2538.7898209510995,2010.673303145973,0.00018020573107690427,0.0001801948430802362,3.2058096686019344e-07,2.895216012635194,0.09894102602368357,0.11860805479074396
2016-06-20,2260,similarity,select,hybrid,5,20,log_euclidean,0.01,0.001067713306889759,1920.728780736879,2330.9101769880644,40152.39291619072,20076.19645809536,18813.765669812296,9.102321958146576e-05,9.101355800919396e-05,8.100963147166733e-08,3.7081601183432595,0.12869306985622075,0.215631204638494
2016-06-20,2260,rolling,select,hybrid,5,20,log_euclidean,0.01,0.0010054011436244844,4544.2024375548835,2102.9275903318066,1470.709375068751,735.3546875343777,275.1184363883487,0.000129218217183982,0.0001292085556117102,1.1697444238002228e-06,3.688619689173788,0.16038536325883068,0.22725781824749547
2016-06-20,2260,ewma,select,hybrid,5,20,log_euclidean,0.01,0.000913797948162693,4317.806604951622,2020.0721144905015,2210.3238348960317,1105.161917448021,621.7066764044861,0.0001375455351471852,0.0001375358735749134,7.461331320507646e-07,3.67830591187926,0.1607818879533491,0.22271509829533287
2016-06-20,2260,ledoit_wolf,select,hybrid,5,20,log_euclidean,0.01,0.00108898835730237,8932.32370123145,3374.2745317311483,297.2843945008073,148.64219725040385,-273.1351178339609,0.00013221802370610804,0.00013220836213383624,1.1621940150771686e-05,1.1527755936886965,0.03531289868759272,0.01917852577579253
2016-06-20,2260,oas,select,hybrid,5,20,log_euclidean,0.01,0.0010139132405978454,7792.999977091654,2633.513236900465,276.5193550359737,138.25967751798683,-284.77968883555263,0.00011397035321700624,0.00011396069164473445,1.00288040697333e-05,1.9018059690003213,0.05990558462713208,0.05397871208380267
2016-06-20,2260,shrink,select,hybrid,5,20,log_euclidean,0.01,0.001071210870573869,7196.984671628981,2451.256592984652,291.09199376850563,145.54599688425296,-279.3283378196222,0.00011335249774251658,0.00011334283617024478,6.57336660153209e-06,2.1230457310253437,0.23679805510533045,0.13111673721166647
2016-06-20,2260,persistence,select,hybrid,5,20,log_euclidean,0.01,0.0009127692134149509,3113.996081623379,1750.2502627930774,5660.641582189725,2830.3207910948668,2283.189407678227,9.606205235705496e-05,9.605239078478316e-05,2.0436536207159547e-07,2.492962520866363,0.06745650608775314,0.08935935030580912
2016-06-27,2265,similarity,select,hybrid,5,20,log_euclidean,0.01,0.00011316577087108718,1813.8446386536543,3682.582302154066,39769.562421536575,19884.78121076829,19295.669937019375,8.25270834053975e-05,8.252209825858972e-05,4.7833420025995346e-08,3.2435467666336937,0.11117325030290325,0.17351628493169396
2016-06-27,2265,rolling,select,hybrid,5,20,log_euclidean,0.01,8.084237017617438e-05,4357.331469061241,590.0014824859836,1338.3204318422738,669.160215921139,223.6240551352987,3.9276124969757776e-05,3.927113982294999e-05,1.1423187872362575e-06,3.9658501499323866,0.15182564811479649,0.25933312921588286
2016-06-27,2265,ewma,select,hybrid,5,20,log_euclidean,0.01,0.00022355222755943504,4127.577163683561,669.252152946818,1280.1018702704516,640.0509351352229,194.5170572901938,4.038161073580284e-05,4.037662558899505e-05,1.1424967462917778e-06,3.8423359750969657,0.1433959085392324,0.24353000370097588
2016-06-27,2265,ledoit_wolf,select,hybrid,5,20,log_euclidean,0.01,5.9467343478233965e-05,8051.535998772435,895.2916271318261,301.4718276303032,150.7359138151516,-293.8534901904808,3.601150343260768e-05,3.600651828579989e-05,1.3623585997430218e-05,1.826741872390109,0.06852959697021051,0.05217481992803776
2016-06-27,2265,oas,select,hybrid,5,20,log_euclidean,0.01,6.228740243555758e-05,7406.32743787642,686.959847776947,298.8065658313074,149.4032829156539,-295.2712151251188,3.551664914724875e-05,3.551166400044096e-05,1.0295775563197925e-05,2.2889086973902075,0.08945839653659733,0.0821825576075465
2016-06-27,2265,shrink,select,hybrid,5,20,log_euclidean,0.01,6.738634880504868e-05,7286.305358034802,701.3068356149095,292.06776080374414,146.03388040187227,-299.4206220573866,3.7046032549862535e-05,3.704104740305475e-05,8.781341452038132e-06,2.2242939421875785,0.25495228673614295,0.14066628048086768
2016-06-27,2265,persistence,select,hybrid,5,20,log_euclidean,0.01,0.0002766389276266765,2978.847408651093,829.5566995083507,2535.079671688277,1267.5398358441344,817.3731728762139,3.255523696622628e-05,3.255025181941849e-05,4.059764889085173e-07,2.387495101304762,0.09920641402171858,0.09817463506018367
2016-07-05,2270,similarity,select,hybrid,5,20,log_euclidean,0.01,9.490959926561697e-05,1817.0306739355392,5950.401604909699,44371.506212292144,22185.75310614607,21420.352076602885,8.423937137758514e-05,8.423718379023355e-05,6.022458197976543e-08,3.3604660373382846,0.12133628948810261,0.1952962564181721
2016-07-05,2270,rolling,select,hybrid,5,20,log_euclidean,0.01,0.00017113391915744215,4296.3723986567675,893.9380836126488,1479.2582829930109,739.629141496507,312.62116125807466,5.341932569011455e-05,5.341713810276295e-05,1.311126735531277e-06,4.192474993266073,0.14978808040828706,0.28449464001539365
2016-07-05,2270,ewma,select,hybrid,5,20,log_euclidean,0.01,0.0005742282806607184,4107.125735422104,1546.141188762078,1381.1365533385588,690.5682766692795,259.9847982101413,5.542716794949909e-05,5.542498036214749e-05,1.4603709035078852e-06,4.128855578649623,0.14567246554805324,0.27311516444634537
2016-07-05,2270,ledoit_wolf,select,hybrid,5,20,log_euclidean,0.01,9.769631337701777e-05,7684.29178480355,592.4949658393901,306.75546947426733,153.37773473713364,-287.49181031525376,2.9926999691891725e-05,2.9924812104540123e-05,1.4355088827576475e-05,2.3318934838679937,0.08247086759751752,0.08428494551846061
2016-07-05,2270,oas,select,hybrid,5,20,log_euclidean,0.01,0.00012160486264600127,7164.831478093387,655.2397757966339,323.3170546217258,161.65852731086267,-278.8656513270853,3.6668663238804394e-05,3.666647565145279e-05,1.0627224789662174e-05,2.761108861504105,0.10158660789459553,0.12030450712734807
2016-07-05,2270,shrink,select,hybrid,5,20,log_euclidean,0.01,9.578993010088557e-05,7408.045622528413,609.712485448674,295.11318231017077,147.55659115508487,-294.22871285931046,2.3512881627730382e-05,2.351069404037878e-05,1.099330052703289e-05,2.3892274956736665,0.235972405871427,0.14395534332287085
2016-07-05,2270,persistence,select,hybrid,5,20,log_euclidean,0.01,0.0007175688198371361,3126.383335036493,1854.1537852647743,2828.5841763329404,1414.2920881664775,972.6434393266569,4.2560368087458163e-05,4.255818050010656e-05,4.665843941189487e-07,2.407189979685115,0.07624088853649531,0.0953101237679251
2016-07-12,2275,similarity,select,hybrid,5,20,log_euclidean,0.01,7.147628833399044e-05,1971.827966376512,6858.6532632043745,39245.46100668614,19622.730503343057,18965.874910263294,3.4664718435861914e-05,3.4664098738722384e-05,4.688576701187109e-08,2.8990984452627555,0.11683587439442651,0.13216178063032682
2016-07-12,2275,rolling,select,hybrid,5,20,log_euclidean,0.01,0.00023192802690678358,4435.937967982776,1435.0405721536363,1805.9741576464864,902.9870788232406,468.4798750515709,6.42745104002133e-05,6.427389070307377e-05,1.5204090289728724e-06,4.561644784136238,0.18919299733079528,0.36397047250177256
2016-07-12,2275,ewma,select,hybrid,5,20,log_euclidean,0.01,0.0005089079608421156,4231.722796526947,2145.840953523574,1721.3610097511018,860.6805048755447,426.1857219872868,6.864340450213062e-05,6.864278480499108e-05,1.6509394391200578e-06,4.675115425124822,0.19165046776418843,0.3602148606116025
2016-07-12,2275,ledoit_wolf,select,hybrid,5,20,log_euclidean,0.01,0.0001488260307129644,7381.417585622194,898.2057574402354,328.6531448096891,164.32657240484446,-279.9506118334546,2.642234843967874e-05,2.642172874253921e-05,1.403420284462834e-05,2.5376778444665504,0.10139807906643974,0.10820467583267551
2016-07-12,2275,oas,select,hybrid,5,20,log_euclidean,0.01,0.00017525076956683393,6944.332844492801,1053.3532342850424,363.5450089183229,181.7725044591619,-262.17249623844987,3.4900288784754256e-05,3.4899669087614726e-05,1.0734005247890331e-05,3.021686578768578,0.1251872840299117,0.15280528552392236
2016-07-12,2275,shrink,select,hybrid,5,20,log_euclidean,0.01,0.00012289794214220313,7398.8392068596495,855.192563891102,310.8983197233968,155.44915986169846,-289.8625220277437,1.988799424658646e-05,1.988737454944693e-05,1.1990554705100357e-05,2.436257375989899,0.2672682579513905,0.16832788788898276
2016-07-12,2275,persistence,select,hybrid,5,20,log_euclidean,0.01,0.0010116123659326408,3132.5502111612186,2693.0896494060053,2806.640959079164,1403.3204795396032,957.629457541632,3.6404859919911224e-05,3.6404240222771694e-05,6.137168395455203e-07,2.763262203065466,0.09049974845825078,0.11976263244298671
2016-07-19,2280,similarity,select,hybrid,5,20,log_euclidean,0.01,9.773457063998327e-05,2022.4630222586668,6901.672100567377,39789.99881705753,19894.99940852876,19391.775317592615,3.671985418095368e-05,3.671844594248611e-05,5.906098836787784e-08,2.903228808070412,0.11387005562548617,0.1378256611824776
2016-07-19,2280,rolling,select,hybrid,5,20,log_euclidean,0.01,0.00021218796081814428,4308.379787176974,1342.4747082286653,1880.3318712251867,940.165935612586,516.9421583022199,8.816852612652952e-05,8.816711788806195e-05,1.5604872648016073e-06,4.829827677480225,0.20190933312347453,0.3935907805783771
2016-07-19,2280,ewma,select,hybrid,5,20,log_euclidean,0.01,0.00033590387282582146,4105.402572045707,1696.11525648405,1882.8004061037516,941.4002030518731,518.3418976654682,9.507538821782908e-05,9.507397997936151e-05,1.5576552455228846e-06,4.778678854903383,0.21732909458329003,0.37336745143823147
2016-07-19,2280,ledoit_wolf,select,hybrid,5,20,log_euclidean,0.01,0.00013966468008252302,7299.890610824804,810.9112315415948,320.46849129425357,160.2342456471267,-278.9270148646682,3.104883375438079e-05,3.104742551591321e-05,1.4148052033587013e-05,2.4931485585176696,0.1121840559886652,0.10643388412144036
2016-07-19,2280,oas,select,hybrid,5,20,log_euclidean,0.01,0.00016617861901003405,6770.755322337691,990.2298547257445,367.61972135365005,183.8098606768248,-254.52356664339118,4.688240622435991e-05,4.6880997985892336e-05,1.0326716200868796e-05,3.0909308702799985,0.14355165154112876,0.16422604815900235
2016-07-19,2280,shrink,select,hybrid,5,20,log_euclidean,0.01,0.00011979397658814923,7271.468057957072,780.7068388893972,302.28689736756814,151.1434486837847,-289.1821792889609,1.8068158312919063e-05,1.806675007445149e-05,1.1421514955494522e-05,2.4787015099044853,0.27701520070406327,0.1907690733876146
2016-07-19,2280,persistence,select,hybrid,5,20,log_euclidean,0.01,0.000977353356069456,3141.706431674651,2608.2455586374344,3073.0707614282983,1536.535380714151,1091.2640922953028,3.758249410440497e-05,3.758108586593739e-05,5.881459971917934e-07,2.8284193435047476,0.09285887217739408,0.11597607873172112
2016-07-26,2285,similarity,select,hybrid,5,20,log_euclidean,0.01,9.713743350931418e-05,2206.2018459167202,6629.101118481793,49132.10427381558,24566.052136907787,23839.428065064385,3.923671892809748e-05,3.9235321978395944e-05,4.37972963398451e-08,2.7805450604886355,0.11765569132592904,0.11852233262032645
2016-07-26,2285,rolling,select,hybrid,5,20,log_euclidean,0.01,0.00022109796529242706,4460.345636041822,1531.6915200797146,2215.6760247881593,1107.8380123940833,674.7188052397804,0.00011279937074976212,0.00011279797380006058,1.3815072308499228e-06,4.589683300167887,0.22582774052013693,0.369261061913258
2016-07-26,2285,ewma,select,hybrid,5,20,log_euclidean,0.01,0.00022172105843633186,4261.055078716792,1610.2988178946712,2326.7924106213895,1163.3962053106898,728.2722326154183,0.00010818542483051431,0.00010818402788081276,1.3568149918156738e-06,4.569560122346104,0.2202462088289909,0.3554651947444133
2016-07-26,2285,ledoit_wolf,select,hybrid,5,20,log_euclidean,0.01,0.00014789702328416038,7313.099599913809,930.7054214298098,342.95851297300953,171.47925648650505,-268.946200264345,3.653360915908689e-05,3.6532212209385354e-05,1.3592766487708244e-05,2.491596094637266,0.11272388354650137,0.10670569322546933
2016-07-26,2285,oas,select,hybrid,5,20,log_euclidean,0.01,0.00017590692176365987,6772.385802708106,1147.2614802010212,409.7116084445106,204.85580422225556,-235.29887905601313,5.669616108956079e-05,5.6694764139859254e-05,9.639174470596669e-06,3.092328147885321,0.1509940661798785,0.16891613780664205
2016-07-26,2285,shrink,select,hybrid,5,20,log_euclidean,0.01,0.00013038934999018482,7262.041501699374,897.9896550921679,323.1073338469721,161.5536669234861,-279.81408813734504,2.4686679523595366e-05,2.4685282573893827e-05,1.13772281795176e-05,2.48015173105388,0.2363176298397586,0.17623614454988465
2016-07-26,2285,persistence,select,hybrid,5,20,log_euclidean,0.01,0.00013401749158266097,3265.7959261286405,1423.7947102857206,5813.9581629335435,2906.9790814667685,2438.022802651852,3.788614433445088e-05,3.788474738474934e-05,3.4840643671822324e-07,2.84556161442672,0.10520253439439589,0.12498021235875015
2016-08-02,2290,similarity,select,hybrid,5,20,log_euclidean,0.01,4.835803721807869e-05,1939.7854266989827,6425.367516596201,40795.33740714109,20397.668703570547,20060.992300190534,6.031332970508962e-05,6.0312181297756844e-05,5.421318435204064e-08,3.1339305705879474,0.1262099950051847,0.170429318200589
2016-08-02,2290,rolling,select,hybrid,5,20,log_euclidean,0.01,0.00021038495720433433,4385.006434747107,1270.580345195588,1758.0528863762959,879.0264431881362,418.0945972652473,5.388630021288075e-05,5.3885151805547973e-05,1.27992829034993e-06,4.549102998982436,0.16932001664073681,0.33534375294450364
2016-08-02,2290,ewma,select,hybrid,5,20,log_euclidean,0.01,0.00014419370679391835,4192.114683218555,1050.3937015571469,1848.1511120080818,924.075556004035,460.4930427053432,5.2107970177118405e-05,5.210682176978563e-05,1.2378117340492224e-06,4.281199617395139,0.16055856465889992,0.31287621498127505
2016-08-02,2290,ledoit_wolf,select,hybrid,5,20,log_euclidean,0.01,0.00012931150020202467,7282.142382182113,787.5340565061189,332.67066057729204,166.33533028864636,-288.68746194295767,3.307752396353483e-05,3.307637555620205e-05,1.0500966021622217e-05,2.1181860769796175,0.08283905577153858,0.07720411654320536
2016-08-02,2290,oas,select,hybrid,5,20,log_euclidean,0.01,0.00016105151947132674,6732.439603312794,958.979714149572,377.0391508882192,188.5195754441096,-266.84742463778167,3.6519530028311064e-05,3.6518381620978286e-05,7.729213312878136e-06,2.7443451126874923,0.1075612983399235,0.1244538168138483
2016-08-02,2290,shrink,select,hybrid,5,20,log_euclidean,0.01,0.00011069591652783896,7188.842717708545,746.4421484886557,322.65419937606924,161.32709968803465,-294.4425291881418,2.3740792076221564e-05,2.3739643668888786e-05,7.043387709282566e-06,2.179384421408233,0.3112093738887497,0.19311462899344753
2016-08-02,2290,persistence,select,hybrid,5,20,log_euclidean,0.01,9.575951091578389e-05,3199.13697645929,1024.501822601339,3989.473776972782,1994.736888486389,1526.0801184252741,2.2063436733104188e-05,2.206228832577141e-05,1.8500867144903616e-07,2.0119009774373513,0.06967851012859669,0.06284384034826196
2016-08-09,2295,similarity,select,hybrid,5,20,log_euclidean,0.01,5.185834215316984e-05,1968.3656138240908,6612.472932884499,48612.052763029904,24306.026381514952,23390.7433988035,6.76147546488238e-05,6.761394460373284e-05,4.9342361104670606e-08,3.2135482495689667,0.15691341891736899,0.1860242062739621
2016-08-09,2295,rolling,select,hybrid,5,20,log_euclidean,0.01,0.00024057801642394917,4430.559065555952,1513.2576672979794,1821.4358045263873,910.7179022631931,433.37145167958715,3.0774641611155915e-05,3.077383156606496e-05,1.056354504759464e-06,3.987211921635763,0.16911785993145734,0.276567184432334
2016-08-09,2295,ewma,select,hybrid,5,20,log_euclidean,0.01,0.0001468885554199094,4245.713308575086,1218.0229868538775,1990.7404476020356,995.3702238010193,511.6232596572155,3.333077739873747e-05,3.332996735364652e-05,9.516310585815264e-07,3.7076705683349713,0.15206628472259823,0.24918537832162987
2016-08-09,2295,ledoit_wolf,select,hybrid,5,20,log_euclidean,0.01,0.00015393491068832384,7269.8157445007255,993.1510232839137,337.4571008519535,168.728550425977,-287.2159343925355,3.257491465592918e-05,3.2574104610838225e-05,9.613315584846984e-06,2.157054825574479,0.08115504165668451,0.07995286900857931
2016-08-09,2295,oas,select,hybrid,5,20,log_euclidean,0.01,0.00018632233587134587,6758.483062817949,1176.1594567769155,383.16099562700487,191.58049781350263,-265.4615774519659,3.2323799661432403e-05,3.232298961634145e-05,6.94551770665057e-06,2.628469288870555,0.10209596758908888,0.11973939662071797
2016-08-09,2295,shrink,select,hybrid,5,20,log_euclidean,0.01,0.0001294599624025088,7207.515681579447,900.2997414740144,332.2693105692726,166.13465528463598,-290.3023954655146,2.59782249182005e-05,2.5977414873109546e-05,6.505806943674018e-06,2.155903717564099,0.3031084713920266,0.18527369614334402
2016-08-09,2295,persistence,select,hybrid,5,20,log_euclidean,0.01,8.836345459287375e-05,3346.662230120146,1158.5694740196839,4794.609179591589,2397.304589795786,1877.9221125163754,2.5750796660667294e-05,2.574998661557634e-05,7.836634980545621e-08,1.4438462287598712,0.042728197623844395,0.028943981533867433
2016-08-16,2300,similarity,select,hybrid,5,20,log_euclidean,0.01,9.649099499609976e-05,1863.0399195484326,3709.195702826083,51609.12749721754,25804.563748608773,24617.6234838918,0.00011333967394992093,0.0001133364961167767,4.692651391364743e-08,3.029481506155712,0.12467897674032109,0.16874048731057056
2016-08-16,2300,rolling,select,hybrid,5,20,log_euclidean,0.01,0.0002046574235381948,4409.494837082513,1021.2386399252712,1885.1657569454014,942.5828784727044,464.96623275766825,4.751483113982894e-05,4.751165330668471e-05,1.0602601390283267e-06,3.972408448956024,0.17565911456686856,0.2675699960364462
2016-08-16,2300,ewma,select,hybrid,5,20,log_euclidean,0.01,0.0001427514930898587,4209.017258303447,1190.0051515933935,2125.165196001677,1062.5825980008453,580.7445057589499,4.5749765436997455e-05,4.574658760385323e-05,9.277941378650931e-07,3.70203746941111,0.15726955467190754,0.24857715284929094
2016-08-16,2300,ledoit_wolf,select,hybrid,5,20,log_euclidean,0.01,0.0001375026008346263,7289.517413968269,1033.1359512098104,330.15483935350574,165.077419676753,-281.14541166210626,7.220726352143064e-05,7.220408568828641e-05,9.45326936860431e-06,2.0927758275122765,0.08189821713386986,0.0774586387765879
2016-08-16,2300,oas,select,hybrid,5,20,log_euclidean,0.01,0.00016088156578630114,6797.131084427374,1006.68174231789,377.0097677829938,188.50488389149626,-259.17346250342433,6.491002492270954e-05,6.490684708956531e-05,6.940701561178464e-06,2.550085299171094,0.10506256569913636,0.1129529027656366
2016-08-16,2300,shrink,select,hybrid,5,20,log_euclidean,0.01,0.00012030149449734905,7219.9730121506345,939.105447989393,332.7345421615088,166.36727108075473,-280.6437731684748,6.172551691195364e-05,6.172233907880941e-05,6.262160120998948e-06,2.1567059084492977,0.2931271022464728,0.18199397037298642
2016-08-16,2300,persistence,select,hybrid,5,20,log_euclidean,0.01,0.00015185995928407563,3238.1119589357177,1696.352616656085,4661.981529318309,2330.9907646591632,1819.3318228400062,7.311647946681575e-05,7.311330163367152e-05,1.3295500556895196e-07,1.7008276738071169,0.053482507258640115,0.044422459425588
2016-08-23,2305,similarity,select,hybrid,5,20,log_euclidean,0.01,0.00010822625821794082,1844.18121136893,2861.0882049887077,37184.344786026166,18592.172393013087,17953.24651835784,9.564101336548204e-05,9.563684511264361e-05,4.55913715229101e-08,2.7267343268456736,0.11305449571024706,0.13360164677282585
2016-08-23,2305,rolling,select,hybrid,5,20,log_euclidean,0.01,0.00018490665549943374,4345.96919891758,1118.0262783133699,1594.6086943946982,797.3043471973546,323.60903604973294,4.909622306557546e-05,4.909205481273702e-05,1.0042574662780089e-06,4.071349627823919,0.1622413572701904,0.2637910341535935
2016-08-23,2305,ewma,select,hybrid,5,20,log_euclidean,0.01,0.0001279272702347068,4168.44129362751,1407.9721160963634,1910.226456218494,955.1132281092491,478.47589901039845,4.926898037297079e-05,4.9264812120132354e-05,8.011849621796247e-07,3.8233054072328976,0.15661468801498774,0.2378480686868999
2016-08-23,2305,ledoit_wolf,select,hybrid,5,20,log_euclidean,0.01,0.00012791398677571372,7331.3063423068315,1262.5044376021006,311.0589644847892,155.52948224239435,-293.1643264683172,7.369873854026802e-05,7.369457028742959e-05,9.930123742216098e-06,2.1090870536560176,0.07489227632822198,0.07573676851465813
2016-08-23,2305,oas,select,hybrid,5,20,log_euclidean,0.01,0.00014878930652658008,6782.173010556118,1177.2988565523337,343.5909892912996,171.79549464564974,-278.0014486805719,6.335674988051059e-05,6.335258162767216e-05,7.0692216567012355e-06,2.651440434926421,0.09854576516998982,0.11656935900634895
2016-08-23,2305,shrink,select,hybrid,5,20,log_euclidean,0.01,0.00011942591355665882,7188.33777479803,1164.4786219208834,312.5266864027083,156.26334320135413,-293.0344335177009,6.702548901362174e-05,6.702132076078331e-05,7.197087198009659e-06,2.2101722309431113,0.18270662719867894,0.13568648856351742
2016-08-23,2305,persistence,select,hybrid,5,20,log_euclidean,0.01,0.00017515039122641658,3288.990870874653,2227.7176932721973,4488.084103913524,2244.042051956779,1767.8453769927582,9.312931962747258e-05,9.312515137463415e-05,1.2116025125304767e-07,1.6682655781809594,0.0518823702061534,0.04082205395659639
2016-08-30,2310,similarity,select,hybrid,5,20,log_euclidean,0.01,0.0001323859105323411,1863.258306619341,2694.709393506205,49755.66795475094,24877.833977375463,24236.635805095324,9.903658929112614e-05,9.903015997747455e-05,4.47160802165024e-08,3.186200307443564,0.15399725079770332,0.18754508819707158
2016-08-30,2310,rolling,select,hybrid,5,20,log_euclidean,0.01,0.00017003527923834146,4471.651268731586,1008.5810465721922,1752.8663049483425,876.4331524741801,410.06687144512927,5.572120351898941e-05,5.571477420533783e-05,1.2218829966827012e-06,4.455965987778627,0.1600731219843368,0.3186406597653358
2016-08-30,2310,ewma,select,hybrid,5,20,log_euclidean,0.01,0.00011294459416304785,4268.884767587318,1240.3349714659137,2334.1417310030342,1167.070865501512,695.5932950357076,6.194858029946816e-05,6.194215098581657e-05,8.597656121791535e-07,4.223544037295712,0.15490996725711342,0.29224594857761804
2016-08-30,2310,ledoit_wolf,select,hybrid,5,20,log_euclidean,0.01,0.0001198435002968636,7363.959543793371,1161.757172550744,309.94554272767994,154.97277136383968,-290.47825688260036,6.113838082451218e-05,6.113195151086059e-05,1.0969231788759218e-05,2.159275721842209,0.07847856219762761,0.07756859771923527
2016-08-30,2310,oas,select,hybrid,5,20,log_euclidean,0.01,0.00013848146861844538,6796.182150291248,1068.069560856407,350.3366561924594,175.1683280962289,-271.09357696938577,5.449107562094157e-05,5.448464630728998e-05,7.904885715336395e-06,2.7597091602738284,0.10138718988304932,0.12475692163486528
2016-08-30,2310,shrink,select,hybrid,5,20,log_euclidean,0.01,0.00011404553717342423,7204.631970499509,1059.45933438058,312.0373782513823,156.01868912569074,-289.7689783582656,6.684166698083942e-05,6.683523766718783e-05,8.055538543875295e-06,2.1953468684165895,0.19854604966389597,0.14677886529317088
2016-08-30,2310,persistence,select,hybrid,5,20,log_euclidean,0.01,0.00014093162430710168,3212.3964014897388,1799.9794865957906,5956.756197064766,2978.378098532455,2517.355597207998,8.149128531659706e-05,8.148485600294547e-05,1.0795410856419877e-07,1.7798660113720424,0.05719724124031561,0.048676373032904646
2016-09-07,2315,similarity,select,hybrid,5,20,log_euclidean,0.01,0.00014608141084372362,1924.4160064802074,2584.8174628646843,52389.88998398208,26194.94499199104,25595.814714705684,9.617934264453442e-05,9.617245566679448e-05,5.3878740981063244e-08,3.665612296780391,0.13571197036402588,0.21607766908766862
2016-09-07,2315,rolling,select,hybrid,5,20,log_euclidean,0.01,0.00012052357385663654,4514.725060739815,1251.3564759242986,2134.0028186638538,1067.001409331934,600.0362579063301,5.321852362011053e-05,5.32116366423706e-05,8.399261823769908e-07,3.779806683581496,0.1778452934954966,0.2658945368395289
2016-09-07,2315,ewma,select,hybrid,5,20,log_euclidean,0.01,0.00012519551783689786,4328.414793564975,1585.5299242411443,2741.669053296607,1370.8345266483043,900.0052698671549,5.979678281577493e-05,5.9789895838035e-05,6.295126205853499e-07,3.7140762620879104,0.17665244375652658,0.24523635253995266
2016-09-07,2315,ledoit_wolf,select,hybrid,5,20,log_euclidean,0.01,0.00011177367458573904,7282.204962639669,1542.5925635261674,314.5650787014135,157.2825393507066,-286.35588675629117,5.212677532008256e-05,5.2119888342342626e-05,8.941722642251629e-06,1.9978401392041283,0.08761928069150486,0.07047458912368473
2016-09-07,2315,oas,select,hybrid,5,20,log_euclidean,0.01,0.00011271921035565449,6948.584051003792,1439.249424611979,337.89458846433695,168.9472942321682,-275.11562873108795,4.862265381353281e-05,4.861576683579288e-05,7.3982624403303734e-06,2.2868564427461626,0.10761928075545533,0.09520779657944196
2016-09-07,2315,shrink,select,hybrid,5,20,log_euclidean,0.01,0.0001143536484199527,7009.503586362689,1441.7102356440123,333.833508578061,166.9167542890304,-276.9969275726579,5.435845913856373e-05,5.4351572160823794e-05,6.9540217685360025e-06,2.081667067440698,0.1554470870973488,0.11701880363465825
2016-09-07,2315,persistence,select,hybrid,5,20,log_euclidean,0.01,0.00015998986959671636,3297.9138313789845,2081.474871051558,6299.600901086528,3149.8004505432477,2663.98744880117,7.757276025932e-05,7.756587328158006e-05,8.508524491028416e-08,1.6392033491054403,0.055545449613239206,0.03802411040334349
2016-09-14,2320,similarity,select,hybrid,5,20,log_euclidean,0.01,8.807609949301955e-05,1980.6342125282986,4281.472251593865,55929.02795025878,27964.513975129375,27072.492390092455,9.068583540875524e-05,9.068340152542907e-05,5.6900615830137784e-08,3.7460336739698072,0.17885213210500028,0.23241937003018304
2016-09-14,2320,rolling,select,hybrid,5,20,log_euclidean,0.01,8.864433352219078e-05,4459.32185931715,719.4978829838687,2392.1851998012467,1196.0925999006145,723.8586824798372,5.6260554952120675e-05,5.6258121068794505e-05,6.26004559517195e-07,3.4257549077922307,0.12661372370979207,0.21082690417250352
2016-09-14,2320,ewma,select,hybrid,5,20,log_euclidean,0.01,0.00011616083068197736,4270.80046987086,804.8810387638135,2261.099344741931,1130.5496723709698,661.0906726657224,5.024075658867015e-05,5.023832270534398e-05,6.785545692866343e-07,3.3500119805782274,0.12394099459792676,0.20395826323506475
2016-09-14,2320,ledoit_wolf,select,hybrid,5,20,log_euclidean,0.01,7.482132074003401e-05,7360.693752088073,825.3595567344337,328.40660223996133,164.20330111998044,-284.44548855908073,3.81038762752414e-05,3.810144239191523e-05,9.123697966321135e-06,2.176543790838861,0.07560391524564658,0.0756443021904851
2016-09-14,2320,oas,select,hybrid,5,20,log_euclidean,0.01,7.650379979021119e-05,7146.772635957913,783.2533237206895,340.8986360326317,170.44931801631608,-278.46346658901894,3.9732085701900646e-05,3.9729651818574476e-05,7.96754927456307e-06,2.334361501331671,0.08493813617014162,0.08933140074490174
2016-09-14,2320,shrink,select,hybrid,5,20,log_euclidean,0.01,7.692771995045473e-05,6937.073893833391,734.1507847930259,339.275864113445,169.63793205672243,-279.9519932603569,4.529086994760826e-05,4.528843606428209e-05,6.62638672986883e-06,2.386121650857659,0.20583142095635626,0.1407286238042295
2016-09-14,2320,persistence,select,hybrid,5,20,log_euclidean,0.01,0.00010903662382897221,3230.9766998238097,925.1993432148106,4928.052990419095,2464.0264952095545,1970.186803115011,7.673452922883482e-05,7.673209534550865e-05,2.9654580445612504e-07,2.5372290780771034,0.08178464045012648,0.1054653613035742
2016-09-21,2325,similarity,select,hybrid,5,20,log_euclidean,0.01,7.76269905899022e-05,1929.7925343579432,5345.822647627953,35691.16211659813,17845.58105829906,16944.53361467753,7.535602517582258e-05,7.53542184818395e-05,9.305554941526766e-08,3.5344077857682756,0.15485901901307467,0.21776061457634832
2016-09-21,2325,rolling,select,hybrid,5,20,log_euclidean,0.01,8.233427209661194e-05,4405.5322958334855,668.676422200264,2597.365830873761,1298.6829154368747,830.9621874872207,3.826292573032851e-05,3.826111903634543e-05,6.124416116430857e-07,3.416811577546378,0.1258528250903285,0.2171873901718936
2016-09-21,2325,ewma,select,hybrid,5,20,log_euclidean,0.01,9.25604540882177e-05,4240.615176881018,822.6265855628681,2783.758033092707,1391.8790165463583,920.3503765630203,3.9904740244085365e-05,3.9902933550102286e-05,5.9981184850325e-07,3.403057743234248,0.13055189461195757,0.22216401991757903
2016-09-21,2325,ledoit_wolf,select,hybrid,5,20,log_euclidean,0.01,7.13489888430725e-05,7460.344617882819,737.5231236343778,326.3355651646207,163.16778258231022,-284.4260412052315,2.507519961873976e-05,2.507339292475668e-05,9.624734567189298e-06,2.007233983494617,0.06595135702239344,0.06352016113043701
2016-09-21,2325,oas,select,hybrid,5,20,log_euclidean,0.01,7.259817314428504e-05,7195.727904215836,689.9623354542584,339.35721318433593,169.6786065921678,-278.16837139162305,2.683970830399558e-05,2.68379016100125e-05,8.399757051827159e-06,2.229550983907401,0.07836478854988285,0.08126250562341285
2016-09-21,2325,shrink,select,hybrid,5,20,log_euclidean,0.01,7.364812547805896e-05,6851.64125486031,646.4275803038188,352.3542150953389,176.17710754766938,-272.5631829935781,3.5336996124263657e-05,3.533518943028058e-05,6.305938587974679e-06,2.3864062721267323,0.1465842988357757,0.13643110614832893
2016-09-21,2325,persistence,select,hybrid,5,20,log_euclidean,0.01,0.0001299623355217911,3225.5719522753893,1241.1199781167625,5524.272321088045,2762.1361605440225,2265.3520214614923,6.348349552268597e-05,6.348168882870288e-05,3.6617490375633795e-07,3.064646456725004,0.0945941543955378,0.13655673800053889
2016-09-28,2330,similarity,select,hybrid,5,20,log_euclidean,0.01,8.334251007448776e-05,1978.2491930006468,5905.037584516333,52802.60976798886,26401.304883994424,25950.333533961402,5.5669140583190175e-05,5.566838875042623e-05,1.0730159303393116e-07,4.42867525899028,0.17684408803474533,0.31358808861544757
2016-09-28,2330,rolling,select,hybrid,5,20,log_euclidean,0.01,9.165538813525023e-05,4540.9833943861595,745.8668766926144,3297.9235605811773,1648.9617802905868,1168.8084927683474,6.0493311707866575e-05,6.049255987510263e-05,8.487655417233665e-07,4.220422434959264,0.1682933026683029,0.3003784578472779
2016-09-28,2330,ewma,select,hybrid,5,20,log_euclidean,0.01,0.00010318766528739316,4377.408929080211,1029.652803801006,3612.7080874652343,1806.3540437326126,1323.7208083278351,6.519118385761418e-05,6.519043202485024e-05,8.068109922560991e-07,4.230926073513332,0.16092113946251224,0.3095919727367612
2016-09-28,2330,ledoit_wolf,select,hybrid,5,20,log_euclidean,0.01,7.748771813558949e-05,7419.46097717585,638.6757124149112,346.40449938570106,173.20224969285047,-270.21997013489573,2.220342057605148e-05,2.2202668743287534e-05,1.1065411130704728e-05,2.1632105308888976,0.07936390201685191,0.07235178307677971
2016-09-28,2330,oas,select,hybrid,5,20,log_euclidean,0.01,7.934037080413146e-05,7199.165924954405,625.0042929396022,364.9506061693268,182.4753030846636,-261.29695499910565,2.4347322619186943e-05,2.4346570786422996e-05,1.0002662315648431e-05,2.384412472255731,0.09287979007967806,0.09042628593061881
2016-09-28,2330,shrink,select,hybrid,5,20,log_euclidean,0.01,7.92005009595897e-05,6900.834081275138,620.0524461324774,380.7531758155435,190.37658790777175,-254.0703892143165,3.8824084389444495e-05,3.882333255668055e-05,7.777366255174803e-06,2.608064901209787,0.1800860250444219,0.15335161886776275
2016-09-28,2330,persistence,select,hybrid,5,20,log_euclidean,0.01,0.0001593280042726966,3394.898991064336,1465.3240583146157,6245.023915736079,3122.511957868019,2657.0365897706247,4.571734588011464e-05,4.571659404735069e-05,4.816652663240341e-07,3.204655008290559,0.1406953868085825,0.16982912952125326
2016-10-05,2335,similarity,select,hybrid,5,20,log_euclidean,0.01,0.0001403153718670644,2118.283714560229,6044.111421256604,85263.59694264893,42631.798471324466,41642.630470344935,3.772092197484152e-05,3.772000975835911e-05,4.48259258355777e-08,3.632946762974323,0.10422420861942831,0.18978683394761622
2016-10-05,2335,rolling,select,hybrid,5,20,log_euclidean,0.01,0.00015580008523712372,4747.60156080408,845.6984277787391,5254.1762602161,2627.0881301080485,2160.3238849940444,7.254845981881098e-05,7.254754760232856e-05,1.0861913144418775e-06,4.683697724154607,0.18478990888377395,0.373703777880471
2016-10-05,2335,ewma,select,hybrid,5,20,log_euclidean,0.01,0.00016810138821092094,4572.7571033223085,1110.5276169518575,5537.714188942837,2768.8570944714133,2296.992958675337,6.760760548686708e-05,6.760669327038467e-05,1.0608722447204695e-06,4.790392240748007,0.17776005818744142,0.3760762075869208
2016-10-05,2335,ledoit_wolf,select,hybrid,5,20,log_euclidean,0.01,0.00013638749029950515,7463.0162324286575,575.7679306623177,412.8791401833704,206.43957009168543,-227.58777441476613,2.1942117322337806e-05,2.194120510585539e-05,1.1591174017035002e-05,2.244572496770237,0.06644289518685208,0.07365877737209967
2016-10-05,2335,oas,select,hybrid,5,20,log_euclidean,0.01,0.0001393111907531323,7255.965050486691,589.5000724525102,453.0219243392338,226.510962169617,-207.91937395567038,2.3286714421878725e-05,2.328580220539631e-05,1.0616567481934607e-05,2.4467332519544347,0.07701387100915864,0.09097754823323051
2016-10-05,2335,shrink,select,hybrid,5,20,log_euclidean,0.01,0.00013890413349557936,7016.503772478394,608.2082886678546,561.2064375927666,280.6032187963833,-154.80658768566917,2.025411773062874e-05,2.0253205514146324e-05,9.445196695043522e-06,2.59197485935774,0.15299455677213325,0.13911856043143409
2016-10-05,2335,persistence,select,hybrid,5,20,log_euclidean,0.01,0.00023386304205015782,3591.393563299309,1859.930336490731,8025.830932603926,4012.91546630198,3528.0010955096063,4.5099593665340096e-05,4.5098681448857684e-05,5.360078146532005e-07,3.419709361671894,0.1083070261464216,0.18169282303748557
2016-10-12,2340,similarity,select,hybrid,5,20,log_euclidean,0.01,0.0001914052110760026,2241.3045768668662,5372.025530621166,106283.53912459065,53141.769562295325,51826.78629164624,6.712984802778389e-05,6.712724223576539e-05,5.43504242090522e-08,3.821074784319042,0.11552384027609099,0.22516322467383543
2016-10-12,2340,rolling,select,hybrid,5,20,log_euclidean,0.01,0.00018004739841877678,4814.612670413158,891.1833300880323,5548.228753175124,2774.1143765875563,2331.380042410762,9.778178749250007e-05,9.777918170048158e-05,1.0259964844355492e-06,4.517286034117218,0.16733342255152106,0.34700331004102813
2016-10-12,2340,ewma,select,hybrid,5,20,log_euclidean,0.01,0.0002286136557407152,4624.590019282846,1022.7518803219999,5166.190662528173,2583.095331264077,2144.041333139101,8.775244059709364e-05,8.774983480507514e-05,1.1118570511046059e-06,4.544994593594216,0.16303951024636007,0.3363411861550944
2016-10-12,2340,ledoit_wolf,select,hybrid,5,20,log_euclidean,0.01,0.00016977373610427857,7502.676221587427,688.4806010042482,414.59543659835265,207.29771829917618,-217.69031584279702,6.021813305483489e-05,6.0215527262816394e-05,1.1623954053251732e-05,2.2231632504425747,0.06755333397147406,0.07372002068531457
2016-10-12,2340,oas,select,hybrid,5,20,log_euclidean,0.01,0.000171069483648738,7212.082151380434,683.5614289142484,478.33385446799525,239.1669272339976,-186.21596959598784,6.321275028599551e-05,6.321014449397702e-05,1.0135597954314586e-05,2.4934366493430113,0.08539702236275838,0.09788213049459027
2016-10-12,2340,shrink,select,hybrid,5,20,log_euclidean,0.01,0.00017270881253445035,6997.990647883107,692.2232501596586,588.1803569837273,294.0901784918642,-132.24827037280835,6.599565616888977e-05,6.599305037687127e-05,9.402546955917124e-06,2.6937309773600795,0.15399881570187376,0.14591897623311648
2016-10-12,2340,persistence,select,hybrid,5,20,log_euclidean,0.01,0.00022406072531566318,3583.210069456065,1134.149287777664,9963.354591860092,4981.677295930051,4480.831740900621,9.326520939985453e-05,9.326260360783604e-05,2.1587709248312598e-07,2.365329507738273,0.06711781315302155,0.08300123887111983
2016-10-19,2345,similarity,select,hybrid,5,20,log_euclidean,0.01,0.00038551118569234643,2321.19723335616,6713.71063796343,145918.0985998337,72959.04929991686,71483.9065552301,0.00012724297530301908,0.00012724047835552973,5.596416837161448e-08,3.7201581096401046,0.11945413058864665,0.21672147890217
2016-10-19,2345,rolling,select,hybrid,5,20,log_euclidean,0.01,0.0003570016193406356,4765.957943246421,1156.2990318616548,7090.504875110342,3545.252437555162,3130.8714329994796,0.00010002895349184013,0.00010002645654435078,9.083094370466517e-07,4.583847790974424,0.13410453514329138,0.325939236087762
2016-10-19,2345,ewma,select,hybrid,5,20,log_euclidean,0.01,0.00038802599143085534,4596.321217135495,1186.8621286097,6941.419517256535,3470.709758628273,3053.3122023911355,9.212469186282524e-05,9.212219491533589e-05,9.185845952117829e-07,4.428976197138162,0.13558158180572166,0.30440877391844107
2016-10-19,2345,ledoit_wolf,select,hybrid,5,20,log_euclidean,0.01,0.00035167996280364197,7497.436653400694,787.6724045630426,470.6113382011365,235.3056691005683,-172.8051018429872,5.560868628843287e-05,5.560618934094353e-05,1.1006618312061236e-05,2.166910049272763,0.060988381068415434,0.06834368568730081
2016-10-19,2345,oas,select,hybrid,5,20,log_euclidean,0.01,0.0003517352096412921,7176.575605354567,822.195268006208,564.7751185346813,282.3875592673405,-125.9247151226288,5.914528203733754e-05,5.91427850898482e-05,9.508778692807054e-06,2.520782305134169,0.07451142916148189,0.09474814666695526
2016-10-19,2345,shrink,select,hybrid,5,20,log_euclidean,0.01,0.0003533379217583292,6952.523811500063,852.8595063342049,671.2491235549651,335.6245617774823,-75.22151780036927,6.96452341302041e-05,6.964273718271476e-05,8.807821253047442e-06,2.673395244259355,0.158323139202101,0.13569582928419746
2016-10-19,2345,persistence,select,hybrid,5,20,log_euclidean,0.01,0.00040191091205471003,3666.9748139506655,1280.4323507430854,13179.598901112122,6589.799450556065,6126.1482364711965,9.427341771218127e-05,9.427092076469193e-05,1.7044773202641395e-07,2.0825129610583857,0.06912934590354404,0.06464767004872606
2016-10-26,2350,similarity,select,hybrid,5,20,log_euclidean,0.01,0.0003756261496194353,2343.9471972467845,7322.42119451007,85628.92701205122,42814.46350602562,41611.31653603782,0.0003266681963569399,0.0003266660860514278,1.369862655580162e-07,4.047140113392658,0.13982577593571838,0.2675644218215008
2016-10-26,2350,rolling,select,hybrid,5,20,log_euclidean,0.01,0.0003581059976190233,4639.097227018609,1099.3258240448945,7094.948262308427,3547.474131154201,3082.758352890604,0.00018078003440382312,0.00018077792409831102,9.870882786303065e-07,4.954875852050964,0.188956338332322,0.3580285776846182
2016-10-26,2350,ewma,select,hybrid,5,20,log_euclidean,0.01,0.00037229524158894484,4468.884903775937,1037.9768595524454,7094.164371090844,3547.0821855454124,3082.9139449692966,0.00014543022825887038,0.00014542811795335828,9.272341656395155e-07,4.634748028100064,0.17026985056968935,0.30966163110740696
2016-10-26,2350,ledoit_wolf,select,hybrid,5,20,log_euclidean,0.01,0.00035525202260713537,7460.852696353524,766.757214129844,468.5135530977718,234.25677654888625,-173.64970092931333,6.0017862830233813e-05,6.001575252472171e-05,1.093959447857928e-05,2.1652546987711374,0.06260743991666928,0.06785340095508018
2016-10-26,2350,oas,select,hybrid,5,20,log_euclidean,0.01,0.0003546661386952673,7151.614671347478,798.3601183529854,556.4893880181789,278.24469400908947,-130.53440892676971,6.646950053411612e-05,6.646739022860403e-05,9.589344329798096e-06,2.5382596453424893,0.07723234342955934,0.09248253891144237
2016-10-26,2350,shrink,select,hybrid,5,20,log_euclidean,0.01,0.00035566008204666725,6915.930777535937,815.7132568714921,631.7803818966438,315.890190948322,-94.27492753320652,6.445817233527559e-05,6.44560620297635e-05,9.066887155860707e-06,2.6629766575835343,0.15155679580438988,0.13414623859510785
2016-10-26,2350,persistence,select,hybrid,5,20,log_euclidean,0.01,0.0004027432384249037,3612.5809444241368,1162.1573680584315,12173.824644073062,6086.912322036545,5577.751103590089,8.965108715665272e-05,8.964897685114062e-05,1.0777669805592594e-07,1.45579512853057,0.06458163193498206,0.03821149090859595
2016-11-02,2355,similarity,select,hybrid,5,20,log_euclidean,0.01,845.7629048986726,2409.670614946591,8329.924153733093,59859826.97041007,29929913.485205036,28148038.239099465,0.3513028827210163,0.35127704377050756,1.1815476751960697e-07,4.007750737702319,0.15199545400893613,0.27888143554187
2016-11-02,2355,rolling,select,hybrid,5,20,log_euclidean,0.01,845.7403564427582,5009.468657367464,1362.1209381956478,5961132.469193861,2980566.2345969304,2808604.6155940657,0.17785722341775378,0.17783138446724506,1.20712950782661e-06,4.956250722110543,0.20726918491543975,0.37949062422033847
2016-11-02,2355,ewma,select,hybrid,5,20,log_euclidean,0.01,845.75326683408,4842.904508606244,1258.0971680368325,4795610.800635521,2397805.4003177607,2258523.1705039684,0.059763701601084074,0.05973786265057536,1.280206701353775e-06,4.260006183273712,0.165586852888721,0.2812684974815054
2016-11-02,2355,ledoit_wolf,select,hybrid,5,20,log_euclidean,0.01,845.7473511424589,8010.927475146251,925.9793041532639,189183.7525093563,94591.87625467815,88938.48608850784,0.00039849759793201016,0.0003726586474232933,1.2483229490135878e-05,1.8799651643918758,0.04861374528987816,0.0494256375021771
2016-11-02,2355,oas,select,hybrid,5,20,log_euclidean,0.01,845.7448389316557,7577.716859580693,985.8863226978843,290850.15207378654,145425.07603689327,136833.9840930593,0.00015332885235209607,0.00012748990184337922,1.1070977954563295e-05,2.342427978850699,0.06748638475757557,0.07743585313279422
2016-11-02,2355,shrink,select,hybrid,5,20,log_euclidean,0.01,845.7456924799934,7221.317206745378,1033.661036785419,441686.30458083027,220843.15229041514,207704.72428448935,0.003933221352418536,0.003907382401909819,9.646764501253724e-06,2.538580793016506,0.11431051552604277,0.1244958857432993
2016-11-02,2355,persistence,select,hybrid,5,20,log_euclidean,0.01,845.7598668368339,4046.542242769338,1384.5643359415403,7582260.412244652,3791130.206122326,3572438.3711234666,0.005558723886093161,0.005532884935584444,1.1972047471029257e-07,1.5235253893645289,0.048719767737362134,0.03445089401016888
2016-11-09,2360,similarity,select,hybrid,5,20,log_euclidean,0.01,845.7563003330919,2551.2275158802404,8691.306255431035,92682475.49015734,46341237.74507867,43638663.37768265,0.006008505415377829,0.005991997663019385,4.5518506017629026e-08,2.9602108566208822,0.11792710268419974,0.1524530457970623
2016-11-09,2360,rolling,select,hybrid,5,20,log_euclidean,0.01,845.7247689813663,5055.772348040407,1764.6438421359053,4912051.356428062,2456025.678214031,2312159.683155665,0.03174517784204301,0.031728670089684566,1.1156644771915874e-06,4.703739445095604,0.14754866642068623,0.32651913580136144
2016-11-09,2360,ewma,select,hybrid,5,20,log_euclidean,0.01,845.7290927614447,4921.683078039663,1838.6316826161833,4245599.338662732,2122799.669331366,1998192.536761431,0.006391997906735261,0.006375490154376816,1.1025980333287125e-06,3.964262207718603,0.1235843476034908,0.23865383060745607
2016-11-09,2360,ledoit_wolf,select,hybrid,5,20,log_euclidean,0.01,845.7327469123356,8039.016195866065,1086.8401049497447,185709.00476254252,92854.50238127126,87280.99228994819,0.002992052083936071,0.0029755443315776266,1.4209439549249207e-05,2.077182300418691,0.05847993730653577,0.06601709125684507
2016-11-09,2360,oas,select,hybrid,5,20,log_euclidean,0.01,845.730105570259,7646.625762025995,1215.3116072473408,270917.0377748726,135458.5188874363,127397.49063469532,0.0016169518268412952,0.0016004440744828508,1.1926413638882084e-05,2.456942193940205,0.07429803781890942,0.09473805927413939
2016-11-09,2360,shrink,select,hybrid,5,20,log_euclidean,0.01,845.7309053278232,7376.03159897999,1282.9385729251592,386989.08263227175,193494.54131613587,181978.34989487944,0.0002544310959554241,0.0002379233435969796,1.0115936286480169e-05,2.5514280121299184,0.14141879943175795,0.13358805674788343
2016-11-09,2360,persistence,select,hybrid,5,20,log_euclidean,0.01,845.7367021785406,4150.508798036048,1584.510682226707,6093003.930415371,3046501.9652076857,2869717.9061734797,0.0007553747130062626,0.0007388669606478182,2.831516230300094e-07,2.0761785070769094,0.07477368494127301,0.0681918619233014
2016-11-16,2365,similarity,select,hybrid,5,20,log_euclidean,0.01,845.753352412826,2293.029297683396,7476.382403754808,82650094.75804321,41325047.37902161,38865027.41123245,0.03683742810172867,0.03681644460140309,5.6503337156514495e-08,3.5013136836655727,0.11403953057787865,0.19757103164355722
2016-11-16,2365,rolling,select,hybrid,5,20,log_euclidean,0.01,845.721663251313,5012.112746170417,1270.9924354240857,3900101.2703178455,1950050.6351589228,1835801.3800321347,0.021902156504853002,0.02188117300452742,1.2857087929485915e-06,4.3581182896230235,0.13347344478409126,0.29194184896148545
2016-11-16,2365,ewma,select,hybrid,5,20,log_euclidean,0.01,845.7270813024179,4847.872594930513,1378.4424374789944,2996133.8883784004,1498066.9441892002,1410310.555677662,0.010765734176144957,0.010744750675819374,1.3563968626681992e-06,3.5299098416701375,0.11764564546838832,0.1959550806782435
2016-11-16,2365,ledoit_wolf,select,hybrid,5,20,log_euclidean,0.01,845.7294675698787,8600.643927992318,886.2277084206075,119942.20352713378,59971.10176356689,56305.95204250431,0.0011104074768029124,0.0010894239764773293,1.7183188753052862e-05,1.828250680121738,0.04763790812447163,0.0456111624710594
2016-11-16,2365,oas,select,hybrid,5,20,log_euclidean,0.01,845.7263907091622,8059.087725544065,942.4405745834445,193619.82412093523,96809.91206046761,90991.88608055629,0.0010377856081846579,0.0010168021078590748,1.4642265643031175e-05,2.3032907669377765,0.059909490869432536,0.07851449191669624
2016-11-16,2365,shrink,select,hybrid,5,20,log_euclidean,0.01,845.726898147313,7687.6667701734,979.2550043159134,361829.2764397681,180914.63821988404,170400.26964579456,0.004230858639086121,0.004209875138760539,1.1982781452689065e-05,2.4155047779894803,0.12797002878316685,0.11308395972908279
2016-11-16,2365,persistence,select,hybrid,5,20,log_euclidean,0.01,845.7301884233145,4046.488949850027,1442.3381198855027,4241141.890619661,2120570.9453098304,1996688.7556653402,0.0003449713583800569,0.0003239878580544738,3.2832327800741074e-07,1.9001188568058474,0.07075384287488977,0.056387386885560255
2016-11-23,2370,similarity,select,hybrid,5,20,log_euclidean,0.01,845.7460588936824,2236.347306442917,8156.878445704344,63714355.19605671,31857177.598028354,29953743.153879143,0.00010921569645652328,9.090779554864358e-05,8.571275482787379e-08,3.739223319439842,0.14219329690143628,0.23058027018786698
2016-11-23,2370,rolling,select,hybrid,5,20,log_euclidean,0.01,845.7236975490232,4880.450677674717,1156.004826768591,3611641.0930173243,1805820.5465086622,1697579.8106988692,0.005685707174002956,0.005667399273095076,7.951555873255421e-07,3.5855422127469865,0.14659140955098557,0.19439109383482076
2016-11-23,2370,ewma,select,hybrid,5,20,log_euclidean,0.01,845.7164945897567,4687.365758678032,1273.8228272632982,2815589.2579395445,1407794.6289697725,1322797.9964932655,0.0024728337909680305,0.002454525890060151,8.478444113570733e-07,3.0779211965585644,0.13548651970345746,0.14597523435986082
2016-11-23,2370,ledoit_wolf,select,hybrid,5,20,log_euclidean,0.01,845.729079812764,8712.332800694474,969.8185836852949,104195.87004921855,52097.93502460927,48877.15464334524,0.00023824024248639297,0.00021993234157851327,1.1924744058056487e-05,1.3879375296051846,0.03491552348695283,0.026867496767182305
2016-11-23,2370,oas,select,hybrid,5,20,log_euclidean,0.01,845.7268118400461,8101.402569392114,963.9918726565323,171893.88714134318,85946.9435706716,80719.24753399086,8.691636513604643e-05,6.860846422816674e-05,1.0715740425340745e-05,1.8421229552264249,0.055678512111313125,0.05306985504278491
2016-11-23,2370,shrink,select,hybrid,5,20,log_euclidean,0.01,845.7269793604557,7553.370455585808,980.7521736056295,303422.5436972141,151711.27184860705,142513.52219969887,0.0018079632924157428,0.001789655391507863,7.197643150757349e-06,2.0759879755503743,0.2034852825324656,0.11013972352009836
2016-11-23,2370,persistence,select,hybrid,5,20,log_euclidean,0.01,845.718321132902,3839.615213675687,1417.5360809998203,3944786.1381061506,1972393.0690530753,1856044.6882264141,0.0008364394454249808,0.000818131544517101,3.003836529981085e-07,1.8100871230502251,0.0616543397058811,0.05040744999920796
2016-12-01,2375,similarity,select,hybrid,5,20,log_euclidean,0.01,8.137699563145067e-05,2030.0253188214506,6287.059213149345,14936.639974905911,7468.319987452954,6884.916135863781,0.00010793806109370149,0.00010793687676168461,1.719330250647933e-07,3.227215705456781,0.16067908978679435,0.16995946009963717
2016-12-01,2375,rolling,select,hybrid,5,20,log_euclidean,0.01,127.16417934039404,4921.7658403683145,1098.179706424503,443.4253739549828,221.7126869774727,-230.94518208698977,4.1776373315300244e-05,4.177518898328336e-05,3.28704085778914e-05,1.1933516889111715,0.03114693540101979,0.01834190155079267
2016-12-01,2375,ewma,select,hybrid,5,20,log_euclidean,0.01,886.0073469830156,4747.551278941202,1439.3743396690193,525.9963660231006,262.99818301150947,-189.5851244873299,3.631392697062959e-05,3.631274263861271e-05,4.2811123381324926e-05,1.0120324601704365,0.018024676753902485,0.01112949349485116
2016-12-01,2375,ledoit_wolf,select,hybrid,5,20,log_euclidean,0.01,33.30561631633471,19977.52227040931,1196.1225671497716,802.0402586163935,401.02012930819717,-51.52401937466699,3.873251137891602e-05,3.873132704689914e-05,0.0005836851401762896,1.002718110961203,0.010903384296305692,0.010405899660167696
2016-12-01,2375,oas,select,hybrid,5,20,log_euclidean,0.01,112.70647220120838,14095.098072279536,1164.7432607251376,565.3101992682282,282.6550996341148,-169.91382373704204,3.8080067189892255e-05,3.807888285787537e-05,8.391333471967995e-05,1.0248476159710551,0.017955753707328742,0.01168102138962692
2016-12-01,2375,shrink,select,hybrid,5,20,log_euclidean,0.01,79.63604196311397,8488.075455665261,985.5677635614999,461.36358225962783,230.68179112981417,-221.95718136143077,3.8389248779813374e-05,3.838806444779649e-05,2.7290678538197856e-05,1.0900974254867788,0.026712961745658098,0.015162566984874296
2016-12-01,2375,persistence,select,hybrid,5,20,log_euclidean,0.01,845.7527550006207,3590.4337238573316,1582.727960787528,525.3247603622951,262.66238018113097,-189.92627323877636,3.936575150122361e-05,3.9364567169206726e-05,4.762643491381893e-05,1.041112365102006,0.018456846215385004,0.012535415437268651
2016-12-08,2380,similarity,select,hybrid,5,20,log_euclidean,0.01,0.00015708716936191163,2145.4879281660405,5952.4913276373845,9766.419913637204,4883.209956818627,4445.682121525297,8.33599489408392e-05,8.335844487423334e-05,2.8085143960115994e-07,3.458040709855984,0.11666547705132531,0.1825344279298093
2016-12-08,2380,rolling,select,hybrid,5,20,log_euclidean,0.01,127.16304601693426,5003.724982014257,982.5033038331985,445.97296609357113,222.9864830467863,-231.35787688486394,3.11713636641376e-05,3.1169859597531745e-05,3.192880628394566e-05,1.1925550427814506,0.026346654616483355,0.01805441968340475
2016-12-08,2380,ewma,select,hybrid,5,20,log_euclidean,0.01,477.21718278817303,4824.910867174252,1190.1516787010967,501.599904390951,250.7999521954783,-203.5841269705399,3.140133428679342e-05,3.139983022018757e-05,4.013154782086872e-05,1.045258509313413,0.033672267822199786,0.013516133470663813
2016-12-08,2380,ledoit_wolf,select,hybrid,5,20,log_euclidean,0.01,33.30481335432788,19990.48973879526,1108.8515461405295,805.7995341229887,402.89976706149525,-51.511811525626854,3.639279802862852e-05,3.639129396202266e-05,0.0005833388724326464,1.002842450339463,0.01080456828732994,0.010406085316862806
2016-12-08,2380,oas,select,hybrid,5,20,log_euclidean,0.01,112.70402859787468,14105.297020299242,1073.3681094453887,569.072361178138,284.5361805890643,-169.86005249753345,3.3000913507099584e-05,3.299940944049373e-05,8.288911731098371e-05,1.0186504253990811,0.016541525220545604,0.011701900554121625
2016-12-08,2380,shrink,select,hybrid,5,20,log_euclidean,0.01,79.63534121714537,8519.52703365673,882.1425404720374,463.8271659197892,231.91358295989468,-222.42688309495435,3.032687628947417e-05,3.0325372222868313e-05,2.6602395480379585e-05,1.0995349317286343,0.022897454826752015,0.015106893569391872
2016-12-08,2380,persistence,select,hybrid,5,20,log_euclidean,0.01,845.7418710481179,3654.7703767902563,1638.1811823505254,527.960813303351,263.9804066516776,-190.41750308850067,3.590643427609423e-05,3.5904930209488376e-05,3.469530529788442e-05,1.0077629264778742,0.01711663977917329,0.010827051890732733
2016-12-15,2385,similarity,select,hybrid,5,20,log_euclidean,0.01,0.00011134592307011469,1997.7376385940934,6739.5016713196455,12678.013792926402,6339.006896463201,5829.176995037351,7.717956644775172e-05,7.717858238745586e-05,2.016125547319798e-07,3.3867387814848127,0.13656679043304704,0.17534845854670983
2016-12-15,2385,rolling,select,hybrid,5,20,log_euclidean,0.01,127.16236795501106,4904.5687517196475,932.1338179780378,445.95898244725515,222.979491223702,-231.51356184234731,2.0717600005100656e-05,2.0716615944804804e-05,3.239031218060059e-05,1.186397685018176,0.02571311248973886,0.01767639162288261
2016-12-15,2385,ewma,select,hybrid,5,20,log_euclidean,0.01,257.0369743040437,4725.112410621085,1025.9873690673667,474.37856969146253,237.1892848458255,-217.29386364649685,2.2197215469071155e-05,2.2196231408775303e-05,3.546967408649287e-05,1.0729361628333605,0.028620509030087442,0.014303239238217845
2016-12-15,2385,ledoit_wolf,select,hybrid,5,20,log_euclidean,0.01,33.304572064242436,19992.313404985125,1004.1040341737867,805.8307516561607,402.915375828081,-51.51534508392516,2.965616497316623e-05,2.9655180912870378e-05,0.0005829539319116958,1.0029112551148651,0.010748255786295012,0.01040561739234946
2016-12-15,2385,oas,select,hybrid,5,20,log_euclidean,0.01,112.70353675322642,14101.180199023489,973.9515652863237,569.1090187366943,284.55450936833023,-169.8943295424617,2.4581596785435086e-05,2.4580612725139234e-05,8.284725478591585e-05,1.0145763094454066,0.017234998982801945,0.011590975093335685
2016-12-15,2385,shrink,select,hybrid,5,20,log_euclidean,0.01,79.63455311213076,8488.71998535904,817.1614615647486,463.62757982680057,231.81378991340026,-222.67544436104473,2.045248594145585e-05,2.0451501881159998e-05,2.6701301518208873e-05,1.0949923647950113,0.021531612217414488,0.01485352658460752
2016-12-15,2385,persistence,select,hybrid,5,20,log_euclidean,0.01,845.7419926794801,3497.3070700356784,1428.9076447420996,526.7021788807837,263.3510894403629,-191.11733772205045,2.639943619009844e-05,2.639845212980259e-05,3.849454805368437e-05,1.0071605963084673,0.02098163970504193,0.01121110125560459
2016-12-22,2390,similarity,select,hybrid,5,20,log_euclidean,0.01,8.82204286671086e-05,1969.9897211169828,6328.32443241865,11601.428638461522,5800.714319230764,5307.915365960485,6.206239453321152e-05,6.206129176040522e-05,1.869626709137556e-07,3.179416893038435,0.12773820739581104,0.16253203631502383
2016-12-22,2390,rolling,select,hybrid,5,20,log_euclidean,0.01,127.16255176827141,4972.928108911557,1000.7348261010901,450.5672614903966,225.2836307451704,-231.94196875908887,2.2961165187012126e-05,2.296006241420583e-05,2.9724129136670075e-05,1.1367066059904054,0.02605617892810078,0.016412359917425068
2016-12-22,2390,ewma,select,hybrid,5,20,log_euclidean,0.01,138.4438299258606,4752.316580477051,1006.4783481510442,452.4506557259956,226.22532786297057,-230.99239608625012,2.1950643406045183e-05,2.1949540633238887e-05,2.6307866548923313e-05,1.092358391498535,0.029822276603088126,0.015172600023326382
2016-12-22,2390,ledoit_wolf,select,hybrid,5,20,log_euclidean,0.01,33.30481236663634,20001.234839589306,1050.3011769325317,811.3027474186667,405.65137370933337,-51.54291292503592,3.277018611411601e-05,3.276908334130971e-05,0.0005800918734613233,1.002905657160523,0.010759826724092026,0.010405142083669263
2016-12-22,2390,oas,select,hybrid,5,20,log_euclidean,0.01,112.70524440064418,14109.098359814709,1022.6702132821654,574.1943114943565,287.0971557471902,-170.1091914173678,2.804038027386384e-05,2.8039277501057544e-05,7.85255410652378e-05,1.0140685095144473,0.01736645850672221,0.011426237489632177
2016-12-22,2390,shrink,select,hybrid,5,20,log_euclidean,0.01,79.63480274994502,8501.998319476777,883.6108136920122,468.129741383651,234.06487069182535,-223.17513590419725,2.2859844408872624e-05,2.2858741636066328e-05,2.4593644682295103e-05,1.0595105197969137,0.021836889468855262,0.013901277136186966
2016-12-22,2390,persistence,select,hybrid,5,20,log_euclidean,0.01,845.7372633925559,3436.3255853420796,1497.2367994538668,531.5610443059372,265.78052215303484,-191.43994588657011,2.6545897180362552e-05,2.6544794407556256e-05,3.9627461530720975e-05,1.0131642934384093,0.02107604149962604,0.01165166578172973
2016-12-30,2395,similarity,select,hybrid,5,20,log_euclidean,0.01,0.00010248482569899102,2144.7066041301596,7446.859787995396,21854.756950868177,10927.37847543408,10345.666938621782,9.5568196760062e-05,9.556754118503174e-05,1.4415881948959454e-07,3.1866521222180997,0.10031922905926355,0.15265735236905537
2016-12-30,2395,rolling,select,hybrid,5,20,log_euclidean,0.01,127.16478665948199,4988.28131900193,943.4193322169076,423.97228723465,211.9861436173464,-228.75574558323288,2.4301151296468677e-05,2.4300495721438414e-05,3.0030568030624116e-05,1.144831191284409,0.02441734555403148,0.016421993987195113
2016-12-30,2395,ewma,select,hybrid,5,20,log_euclidean,0.01,74.56959596651134,4739.690041620612,885.7387513425772,401.8412312743418,200.92061563715973,-239.8770138667716,2.6152812743811402e-05,2.615215716878114e-05,2.2365410433501384e-05,1.1429172702206492,0.032241070423951995,0.016811834076654
2016-12-30,2395,ledoit_wolf,select,hybrid,5,20,log_euclidean,0.01,33.305324015376215,19937.914569247914,834.7391143580046,778.3717943256365,389.18589716281843,-51.475601950854205,3.2515741589652645e-05,3.251508601462238e-05,0.0005805113041253702,1.0030151054600491,0.01073940678628088,0.010405347647596184
2016-12-30,2395,oas,select,hybrid,5,20,log_euclidean,0.01,112.70769532016536,14085.654649483233,814.9076693777579,542.5947888691314,271.2973944345672,-169.3876251908438,2.85446329863558e-05,2.854397741132554e-05,7.921709937143653e-05,1.0110037804312288,0.016320549610797125,0.011428046531690154
2016-12-30,2395,shrink,select,hybrid,5,20,log_euclidean,0.01,79.6361727309301,8492.700125061168,772.7516890856209,441.8000586276355,220.9000293138174,-219.8635790124296,2.4738881024063978e-05,2.4738225449033715e-05,2.466186325858592e-05,1.0670426290969408,0.020059517300278745,0.01399128708418199
2016-12-30,2395,persistence,select,hybrid,5,20,log_euclidean,0.01,8.564188208326428e-05,3054.30155551205,1014.6796636556472,6151.031510949791,3075.5157554748907,2599.3802093588856,3.768177959462271e-05,3.768112401959245e-05,1.3578963214318689e-07,1.8891896493293392,0.06705909930912365,0.058263677225831194
